CLVD          ISO       DC         Mo         Mw          a1           a2           a3          a4           a5           a6            Mxx          Myy         Mzz           Mxx/Myy   Mxx/Mzz 
-47.876812 -30.677724 21.445464 8.179753e+16 5.241860 -1.475839e+16 8.327961e+15 -3.676233e+16 -4.393546e+16 -2.002707e+16 -3.503232e+16  8.903142e+15 -1.500525e+16 -9.899486e+16  -5.933352e-01 -8.993540e-02     260     43    -58
-50.919262 -28.297407 20.783331 8.565474e+16 5.255201 -1.754669e+16 1.288993e+16 -4.030435e+16 -4.416017e+16 -2.341203e+16 -3.372569e+16  1.043448e+16 -1.031366e+16 -1.012979e+17  -1.011715e+00 -1.030079e-01     257     43    -56
-55.525723 -27.714952 16.759325 8.089796e+16 5.238658 -1.418877e+16 8.589105e+15 -4.551519e+16 -4.165622e+16 -1.698290e+16 -3.126926e+16  1.038696e+16 -1.428636e+16 -8.990838e+16  -7.270539e-01 -1.155282e-01     260     40    -51
-46.702728 -32.306817 20.990455 9.780264e+16 5.293600 -1.681203e+16 5.825999e+15 -4.146549e+16 -4.881042e+16 -2.863593e+16 -4.419032e+16  4.620096e+15 -1.555440e+16 -1.216367e+17  -2.970283e-01 -3.798276e-02     252     39    -61
-51.592081 -26.714496 21.693423 8.993898e+16 5.269332 -1.810105e+16 7.706328e+15 -4.966144e+16 -4.657107e+16 -2.086209e+16 -3.326725e+16  1.330382e+16 -1.240516e+16 -1.007004e+17  -1.072442e+00 -1.321128e-01     257     39    -52
-53.913058 -21.041314 25.045628 8.193687e+16 5.242353 -1.710427e+16 4.216806e+15 -5.762631e+16 -3.717543e+16 -1.655326e+16 -2.325402e+16  1.392141e+16 -6.700755e+15 -7.698271e+16  -2.077588e+00 -1.808382e-01     248     29    -45
-51.978440 -29.733267 18.288293 8.536790e+16 5.254230 -1.524584e+16 1.292392e+16 -3.850368e+16 -4.452394e+16 -2.277901e+16 -3.549840e+16  9.025540e+15 -1.271939e+16 -1.028014e+17  -7.095890e-01 -8.779592e-02     259     44    -58
-46.228928 -31.216260 22.554812 8.925745e+16 5.267130 -1.510055e+16 7.558175e+15 -3.480484e+16 -4.902149e+16 -2.449180e+16 -3.887401e+16  1.014748e+16 -1.438221e+16 -1.123873e+17  -7.055574e-01 -9.029023e-02     259     43    -62
-57.639518 -21.026883 21.333599 7.727680e+16 5.225399 -1.617228e+16 5.318340e+15 -5.454474e+16 -3.867841e+16 -9.963680e+15 -2.200113e+16  1.667728e+16 -1.203745e+16 -7.064322e+16  -1.385450e+00 -2.360776e-01     258     33    -41
-60.642250 -23.602427 15.755324 8.047106e+16 5.237126 -1.602012e+16 1.200256e+16 -5.215020e+16 -3.755623e+16 -1.688157e+16 -2.615053e+16  1.140570e+16 -9.268960e+15 -8.058834e+16  -1.230526e+00 -1.415304e-01     250     34    -45
-52.190674 -23.111782 24.697544 7.149504e+16 5.202884 -1.560671e+16 5.545299e+15 -4.275510e+16 -3.987917e+16 -1.256089e+16 -2.251193e+16  1.736723e+16 -9.951040e+15 -7.495199e+16  -1.745268e+00 -2.317114e-01     263     40    -49
-56.279195 -24.843980 18.876825 8.251143e+16 5.244376 -1.810979e+16 1.274029e+16 -4.856362e+16 -4.156040e+16 -1.747752e+16 -2.828814e+16  1.327226e+16 -1.081062e+16 -8.732605e+16  -1.227705e+00 -1.519851e-01     258     40    -48
-64.188123 -23.233611 12.578267 8.377277e+16 5.248769 -1.706003e+16 1.724835e+16 -5.267929e+16 -3.908691e+16 -1.827106e+16 -2.681346e+16  1.227345e+16 -8.542408e+15 -8.417143e+16  -1.436767e+00 -1.458149e-01     252     37    -46
-50.541842 -27.869620 21.588538 7.976727e+16 5.234583 -1.855383e+16 1.566303e+16 -4.028222e+16 -4.154646e+16 -1.698800e+16 -3.087710e+16  1.066936e+16 -1.388910e+16 -8.941157e+16  -7.681821e-01 -1.193286e-01     262     46    -53
-52.143178 -29.437682 18.419141 9.306535e+16 5.279225 -1.690137e+16 8.529322e+15 -5.012835e+16 -4.585071e+16 -2.195054e+16 -3.829135e+16  7.559362e+15 -1.634080e+16 -1.060926e+17  -4.626065e-01 -7.125249e-02     255     38    -52
-54.151665 -29.401328 16.447007 9.287569e+16 5.278635 -1.522816e+16 7.226767e+15 -5.256056e+16 -4.416288e+16 -2.178565e+16 -3.822797e+16  5.934916e+15 -1.644232e+16 -1.041765e+17  -3.609538e-01 -5.696982e-02     252     35    -51
-57.277502 -30.601860 12.120639 9.183529e+16 5.275373 -1.550556e+16 1.796805e+16 -4.598745e+16 -4.429798e+16 -2.189159e+16 -3.953308e+16  4.764896e+15 -1.764150e+16 -1.057226e+17  -2.700959e-01 -4.506978e-02     261     45    -53
-57.735501 -22.663549 19.600951 7.550008e+16 5.218665 -1.362654e+16 5.461997e+15 -4.991523e+16 -3.544297e+16 -1.735707e+16 -2.338887e+16  1.205410e+16 -6.031795e+15 -7.618891e+16  -1.998426e+00 -1.582133e-01     247     30    -48
-55.942521 -23.037866 21.019613 7.000388e+16 5.196781 -1.616450e+16 1.021006e+16 -4.210012e+16 -3.636496e+16 -1.408830e+16 -2.205110e+16  1.431386e+16 -7.962792e+15 -7.250435e+16  -1.797593e+00 -1.974207e-01     259     41    -48
-58.192501 -24.150218 17.657281 8.615458e+16 5.256886 -1.894431e+16 1.289447e+16 -5.596946e+16 -4.025830e+16 -1.615575e+16 -2.866748e+16  1.159082e+16 -1.251173e+16 -8.508152e+16  -9.263959e-01 -1.362319e-01     254     36    -44
-53.244210 -30.319280 16.436510 8.759465e+16 5.261685 -1.434258e+16 1.172249e+16 -4.187884e+16 -4.553339e+16 -2.129563e+16 -3.723263e+16  8.300755e+15 -1.593701e+16 -1.040616e+17  -5.208478e-01 -7.976767e-02     261     44    -56
-48.407563 -34.210916 17.381521 1.001947e+17 5.300597 -1.482971e+16 8.542935e+15 -4.104115e+16 -5.004501e+16 -2.705546e+16 -4.810549e+16  1.939519e+15 -2.105003e+16 -1.252060e+17  -9.213856e-02 -1.549063e-02     257     42    -60
-54.396411 -29.656590 15.946999 9.636819e+16 5.289322 -1.706114e+16 1.136773e+16 -5.288061e+16 -4.717981e+16 -2.108175e+16 -4.004292e+16  7.136891e+15 -1.896117e+16 -1.083045e+17  -3.763951e-01 -6.589655e-02     257     39    -51
-53.334225 -28.650790 18.014985 8.817256e+16 5.263589 -1.609763e+16 1.025581e+16 -4.547034e+16 -4.460423e+16 -2.224606e+16 -3.526887e+16  9.335365e+15 -1.302280e+16 -1.021192e+17  -7.168477e-01 -9.141639e-02     256     40    -54
-62.424676 -29.159719 8.415605 9.157714e+16 5.274558 -1.543136e+16 2.174395e+16 -5.008113e+16 -4.358551e+16 -1.854795e+16 -3.755159e+16  6.033921e+15 -1.900364e+16 -9.968504e+16  -3.175139e-01 -6.052985e-02     266     48    -51
-51.595170 -31.789534 16.615297 1.011411e+17 5.303318 -1.590369e+16 1.290942e+16 -4.175790e+16 -5.088604e+16 -2.994945e+16 -4.513571e+16  5.750332e+15 -1.518626e+16 -1.259712e+17  -3.786535e-01 -4.564798e-02     256     43    -61
-51.367054 -31.531851 17.101095 1.059609e+17 5.316797 -1.553077e+16 3.605930e+15 -5.670524e+16 -4.968725e+16 -2.624881e+16 -4.687546e+16  2.811799e+15 -2.062664e+16 -1.228115e+17  -1.363188e-01 -2.289524e-02     250     34    -54
-48.354134 -28.821330 22.824536 8.958868e+16 5.268202 -1.649887e+16 2.753378e+15 -4.717688e+16 -4.588992e+16 -2.187886e+16 -3.588956e+16  1.000036e+16 -1.401069e+16 -1.036583e+17  -7.137664e-01 -9.647426e-02     255     37    -55
-46.698744 -33.586422 19.714834 1.127028e+17 5.334656 -1.641045e+16 6.402638e+14 -5.033511e+16 -5.578738e+16 -2.996788e+16 -5.301855e+16  2.768839e+15 -2.305066e+16 -1.387738e+17  -1.201197e-01 -1.995217e-02     253     37    -60
-61.520210 -25.472376 13.007414 8.031315e+16 5.236558 -1.625860e+16 1.816470e+16 -4.577987e+16 -3.994145e+16 -1.679897e+16 -2.842073e+16  1.152072e+16 -1.162176e+16 -8.516116e+16  -9.913063e-01 -1.352814e-01     262     45    -50
-54.806911 -24.239988 20.953101 9.049892e+16 5.271129 -1.730885e+16 5.536127e+15 -5.981469e+16 -4.243194e+16 -1.838975e+16 -3.014461e+16  1.228733e+16 -1.175486e+16 -9.096630e+16  -1.045298e+00 -1.350757e-01     250     31    -46
-49.130308 -30.618352 20.251341 8.866077e+16 5.265188 -1.466138e+16 1.235988e+16 -3.694824e+16 -4.891981e+16 -2.216226e+16 -3.794162e+16  1.097819e+16 -1.577936e+16 -1.090237e+17  -6.957307e-01 -1.006954e-01     264     46    -60
-53.153495 -28.753041 18.093464 9.172534e+16 5.275026 -1.635642e+16 1.157611e+16 -4.612103e+16 -4.829158e+16 -2.169698e+16 -3.682602e+16  1.146556e+16 -1.512905e+16 -1.068146e+17  -7.578506e-01 -1.073407e-01     261     43    -55
-45.553126 -33.054090 21.392784 1.011843e+17 5.303442 -1.554260e+16 2.923118e+14 -4.234809e+16 -5.116473e+16 -2.881660e+16 -4.676632e+16  4.398414e+15 -1.794972e+16 -1.267476e+17  -2.450408e-01 -3.470213e-02     253     37    -62
-55.086019 -29.294847 15.619133 9.092212e+16 5.272480 -1.738696e+16 2.013733e+16 -4.363385e+16 -4.571080e+16 -2.187075e+16 -3.730562e+16  8.405182e+15 -1.543487e+16 -1.048872e+17  -5.445580e-01 -8.013546e-02     263     48    -55
-63.791208 -20.393906 15.814886 8.213987e+16 5.243069 -1.765055e+16 1.286122e+16 -5.806716e+16 -3.882040e+16 -1.211890e+16 -2.271356e+16  1.610684e+16 -1.059466e+16 -7.365286e+16  -1.520279e+00 -2.186859e-01     254     33    -40
-49.552777 -28.849097 21.598125 8.439608e+16 5.250915 -1.647285e+16 1.825988e+16 -3.387925e+16 -4.601258e+16 -2.237666e+16 -3.388841e+16  1.212416e+16 -1.151175e+16 -1.022777e+17  -1.053199e+00 -1.185417e-01     263     49    -61
-54.071305 -29.013529 16.915166 9.523134e+16 5.285887 -1.666645e+16 1.088392e+16 -4.940371e+16 -4.764284e+16 -2.403532e+16 -3.863853e+16  9.004308e+15 -1.460321e+16 -1.103167e+17  -6.165978e-01 -8.162236e-02     256     40    -54
-50.540500 -29.348032 20.111468 8.061992e+16 5.237662 -1.493435e+16 8.456534e+15 -4.166913e+16 -4.312589e+16 -1.637292e+16 -3.301207e+16  1.011382e+16 -1.663915e+16 -9.251088e+16  -6.078329e-01 -1.093258e-01     263     42    -53
-53.784574 -24.518349 21.697077 8.322175e+16 5.246858 -1.563883e+16 2.975095e+15 -5.486077e+16 -4.050573e+16 -1.513342e+16 -2.804766e+16  1.245807e+16 -1.291424e+16 -8.368681e+16  -9.646771e-01 -1.488654e-01     254     32    -46
-48.976020 -34.143958 16.880022 1.070159e+17 5.319666 -1.571726e+16 8.451013e+15 -4.438239e+16 -5.234396e+16 -3.005306e+16 -5.130293e+16  1.041036e+15 -2.124986e+16 -1.336999e+17  -4.899025e-02 -7.786361e-03     254     40    -60
-51.122387 -27.692462 21.185151 8.345432e+16 5.247666 -1.809292e+16 1.114554e+16 -4.443966e+16 -4.231947e+16 -1.945402e+16 -3.209862e+16  1.022085e+16 -1.264460e+16 -9.387212e+16  -8.083172e-01 -1.088805e-01     257     41    -52
-46.683460 -32.275349 21.041191 1.084482e+17 5.323515 -1.752188e+16 2.142320e+15 -4.749893e+16 -5.325213e+16 -3.230064e+16 -4.894933e+16  4.302795e+15 -1.664869e+16 -1.345021e+17  -2.584464e-01 -3.199054e-02     250     37    -61
-49.137938 -33.641260 17.220802 1.079839e+17 5.322273 -1.612224e+16 8.534647e+15 -4.545875e+16 -5.338999e+16 -3.007127e+16 -5.099655e+16  2.393441e+15 -2.092528e+16 -1.344578e+17  -1.143804e-01 -1.780069e-02     255     41    -60
-55.412771 -25.630046 18.957183 8.559163e+16 5.254988 -1.678025e+16 1.007140e+16 -4.852191e+16 -4.458634e+16 -1.912667e+16 -3.035329e+16  1.423305e+16 -1.122662e+16 -9.406629e+16  -1.267795e+00 -1.513087e-01     258     40    -51
-53.213512 -25.945690 20.840799 8.215787e+16 5.243133 -1.482037e+16 3.746545e+15 -4.851150e+16 -4.036374e+16 -2.029119e+16 -2.947176e+16  1.089198e+16 -9.180570e+15 -9.012669e+16  -1.186417e+00 -1.208519e-01     251     34    -52
-58.326062 -23.352091 18.321847 7.283668e+16 5.208267 -1.475927e+16 9.476707e+15 -4.450897e+16 -3.883329e+16 -1.326267e+16 -2.334572e+16  1.548757e+16 -1.008304e+16 -7.544167e+16  -1.536001e+00 -2.052920e-01     262     41    -48
-52.231054 -26.739686 21.029260 9.710841e+16 5.291538 -1.705894e+16 3.293288e+15 -5.643823e+16 -4.721698e+16 -2.465108e+16 -3.598006e+16  1.123692e+16 -1.132898e+16 -1.078481e+17  -9.918744e-01 -1.041921e-01     250     33    -53
-51.205983 -28.572116 20.221901 8.573451e+16 5.255470 -1.531687e+16 4.956995e+15 -4.611325e+16 -4.294709e+16 -2.136104e+16 -3.412385e+16  8.823240e+15 -1.276281e+16 -9.843197e+16  -6.913241e-01 -8.963795e-02     254     37    -54
-57.200972 -26.864680 15.934349 8.868597e+16 5.265270 -1.469430e+16 7.856466e+15 -5.315777e+16 -4.244035e+16 -2.073267e+16 -3.317506e+16  9.265289e+15 -1.244240e+16 -9.634808e+16  -7.446547e-01 -9.616475e-02     250     34    -50
-53.922288 -26.770497 19.307214 9.739992e+16 5.292406 -1.597993e+16 5.406738e+15 -6.078708e+16 -4.309765e+16 -2.480962e+16 -3.619321e+16  6.904440e+15 -1.138359e+16 -1.041005e+17  -6.065256e-01 -6.632477e-02     242     29    -51
-57.288872 -25.734162 16.976966 7.601988e+16 5.220651 -1.442157e+16 9.223235e+15 -4.503163e+16 -3.867535e+16 -1.577253e+16 -2.712393e+16  1.155142e+16 -1.135140e+16 -8.157181e+16  -1.017620e+00 -1.416104e-01     258     39    -49
-52.609664 -28.766844 18.623492 8.884173e+16 5.265778 -1.509276e+16 5.829271e+15 -4.742315e+16 -4.380693e+16 -2.320052e+16 -3.566950e+16  8.137431e+15 -1.246898e+16 -1.026770e+17  -6.526140e-01 -7.925276e-02     252     36    -54
-49.879088 -29.234781 20.886130 8.943807e+16 5.267715 -1.610782e+16 4.148969e+15 -4.935774e+16 -4.221516e+16 -2.313308e+16 -3.644613e+16  5.769037e+15 -1.331304e+16 -1.017944e+17  -4.333372e-01 -5.667343e-02     249     34    -53
-49.922250 -28.538791 21.538959 7.994637e+16 5.235232 -1.531488e+16 1.265158e+16 -3.501390e+16 -4.387879e+16 -2.067324e+16 -3.173843e+16  1.214036e+16 -1.106519e+16 -9.629047e+16  -1.097166e+00 -1.260806e-01     261     46    -59
-50.614358 -30.091340 19.294302 9.267019e+16 5.277993 -1.613139e+16 1.170765e+16 -3.957051e+16 -4.855678e+16 -2.648286e+16 -3.898396e+16  9.572824e+15 -1.250110e+16 -1.140236e+17  -7.657584e-01 -8.395476e-02     257     43    -60
-48.100341 -29.835049 22.064609 8.532974e+16 5.254100 -1.686043e+16 1.223176e+16 -3.650950e+16 -4.524456e+16 -2.310548e+16 -3.547769e+16  9.766875e+15 -1.237221e+16 -1.038277e+17  -7.894206e-01 -9.406808e-02     258     44    -59
-52.344916 -31.120729 16.534355 9.022837e+16 5.270262 -1.593509e+16 1.196199e+16 -4.503789e+16 -4.473282e+16 -2.106753e+16 -3.939928e+16  5.333539e+15 -1.833176e+16 -1.051996e+17  -2.909453e-01 -5.069922e-02     259     42    -54
-51.035736 -30.353210 18.611055 9.496932e+16 5.285089 -1.632066e+16 1.397484e+16 -4.046172e+16 -5.002246e+16 -2.600687e+16 -4.033881e+16  9.683652e+15 -1.433194e+16 -1.163681e+17  -6.756693e-01 -8.321566e-02     260     45    -60
-57.140694 -28.122470 14.736836 8.802669e+16 5.263110 -1.680029e+16 1.432128e+16 -4.947234e+16 -4.220496e+16 -1.989620e+16 -3.461215e+16  7.592811e+15 -1.471595e+16 -9.671330e+16  -5.159580e-01 -7.850845e-02     256     40    -50
-54.213714 -29.454529 16.331757 8.763052e+16 5.261804 -1.424492e+16 7.076429e+15 -4.824748e+16 -4.307683e+16 -2.026269e+16 -3.614096e+16  6.935868e+15 -1.587827e+16 -9.948047e+16  -4.368150e-01 -6.972090e-02     255     37    -52
-54.372378 -28.082593 17.545029 9.736677e+16 5.292307 -1.609924e+16 6.308093e+15 -5.954296e+16 -4.458456e+16 -2.201160e+16 -3.814249e+16  6.442072e+15 -1.613090e+16 -1.047387e+17  -3.993623e-01 -6.150616e-02     248     32    -49
-54.656462 -28.497035 16.846503 8.367682e+16 5.248437 -1.309701e+16 5.282312e+15 -4.612658e+16 -4.245176e+16 -1.949798e+16 -3.331334e+16  9.138418e+15 -1.381536e+16 -9.526308e+16  -6.614681e-01 -9.592823e-02     256     37    -53
-49.660363 -33.177344 17.162293 9.852106e+16 5.295719 -1.671837e+16 1.550870e+16 -4.000965e+16 -4.851516e+16 -2.733322e+16 -4.588901e+16  2.626153e+15 -1.855579e+16 -1.217374e+17  -1.415274e-01 -2.157228e-02     258     45    -59
-55.776395 -17.653882 26.569723 7.916978e+16 5.232406 -1.568880e+16 2.108235e+15 -5.731037e+16 -3.649076e+16 -1.672186e+16 -1.846443e+16  1.802632e+16 -1.742578e+15 -7.167705e+16  -1.034463e+01 -2.514937e-01     247     28    -46
-50.865443 -33.013166 16.121391 1.057787e+17 5.316299 -1.447034e+16 4.225969e+15 -4.996432e+16 -5.038382e+16 -2.912419e+16 -4.906669e+16  1.317125e+15 -1.994250e+16 -1.285747e+17  -6.604615e-02 -1.024405e-02     251     36    -58
-57.911502 -29.296980 12.791518 9.089394e+16 5.272390 -1.309839e+16 1.118351e+16 -4.758657e+16 -4.650978e+16 -2.128021e+16 -3.737061e+16  9.139173e+15 -1.609040e+16 -1.051606e+17  -5.679893e-01 -8.690682e-02     261     42    -54
-62.793267 -22.174104 15.032629 7.789549e+16 5.227708 -1.600078e+16 1.284502e+16 -5.057181e+16 -3.807520e+16 -1.506994e+16 -2.364409e+16  1.443111e+16 -8.574155e+15 -7.678924e+16  -1.683094e+00 -1.879314e-01     255     37    -45
-47.296688 -31.960751 20.742561 9.885420e+16 5.296697 -1.730957e+16 7.190200e+15 -4.522669e+16 -5.063739e+16 -2.491199e+16 -4.419011e+16  6.447283e+15 -1.927812e+16 -1.197395e+17  -3.344352e-01 -5.384424e-02     257     40    -57
-51.504679 -30.264195 18.231126 9.220899e+16 5.276549 -1.540273e+16 6.911993e+15 -4.796378e+16 -4.717110e+16 -2.068145e+16 -3.906023e+16  8.110870e+15 -1.837879e+16 -1.069128e+17  -4.413169e-01 -7.586436e-02     259     39    -53
-50.036445 -29.954561 20.008994 9.880461e+16 5.296551 -1.794331e+16 9.510265e+15 -4.567745e+16 -4.987042e+16 -2.830806e+16 -4.133904e+16  8.531387e+15 -1.303097e+16 -1.195175e+17  -6.547006e-01 -7.138189e-02     253     40    -58
-52.771690 -26.759097 20.469213 8.526165e+16 5.253869 -1.669167e+16 7.747220e+15 -4.712532e+16 -4.242458e+16 -2.190696e+16 -3.163299e+16  1.079158e+16 -9.726035e+15 -9.596453e+16  -1.109556e+00 -1.124539e-01     253     37    -53
-45.105253 -32.066785 22.827962 1.027816e+17 5.307977 -1.603870e+16 -3.937211e+15 -4.942551e+16 -4.860405e+16 -2.957576e+16 -4.599890e+16  2.605148e+15 -1.642314e+16 -1.241787e+17  -1.586266e-01 -2.097902e-02     247     33    -61
-57.239719 -23.109107 19.651175 8.646276e+16 5.257919 -1.458170e+16 5.029233e+15 -6.138547e+16 -3.860313e+16 -1.575396e+16 -2.736387e+16  1.123926e+16 -1.160991e+16 -8.172097e+16  -9.680745e-01 -1.375322e-01     245     27    -45
-55.039374 -30.652055 14.308571 9.969775e+16 5.299157 -1.464441e+16 8.851875e+15 -5.233085e+16 -4.924930e+16 -2.359150e+16 -4.292933e+16  6.319979e+15 -1.933783e+16 -1.157701e+17  -3.268195e-01 -5.459075e-02     256     39    -53
-54.071136 -29.904093 16.024771 9.375261e+16 5.281356 -1.639698e+16 2.141844e+16 -4.284552e+16 -4.887305e+16 -2.159320e+16 -3.929407e+16  9.578979e+15 -1.770088e+16 -1.097603e+17  -5.411585e-01 -8.727178e-02     268     50    -57
-50.131576 -27.630091 22.238333 8.952332e+16 5.267991 -1.525849e+16 3.586379e+14 -4.963684e+16 -4.556259e+16 -2.188074e+16 -3.431228e+16  1.125031e+16 -1.243154e+16 -1.017556e+17  -9.049812e-01 -1.105620e-01     253     34    -54
-47.569270 -33.221201 19.209528 1.099203e+17 5.327419 -1.674842e+16 5.958114e+15 -4.380722e+16 -5.532221e+16 -3.253884e+16 -5.117255e+16  4.149660e+15 -1.863371e+16 -1.390336e+17  -2.226963e-01 -2.984645e-02     253     40    -62
-59.389516 -19.065919 21.544564 7.424298e+16 5.213804 -1.557294e+16 6.155175e+15 -5.263105e+16 -3.610720e+16 -1.268069e+16 -1.895954e+16  1.714766e+16 -6.278844e+15 -6.774743e+16  -2.731022e+00 -2.531116e-01     253     32    -43
-53.536819 -26.831498 19.631682 8.767066e+16 5.261936 -1.407229e+16 1.927722e+15 -5.291567e+16 -4.221897e+16 -2.070774e+16 -3.264782e+16  9.571152e+15 -1.194008e+16 -9.557453e+16  -8.015986e-01 -1.001433e-01     249     32    -52
-55.989066 -21.896792 22.114143 7.956165e+16 5.233836 -1.617643e+16 5.236397e+15 -5.177674e+16 -3.982236e+16 -1.656160e+16 -2.367135e+16  1.615101e+16 -7.109751e+15 -8.005531e+16  -2.271670e+00 -2.017482e-01     253     34    -47
-45.870558 -33.884464 20.244977 1.143676e+17 5.338902 -1.672360e+16 -6.535373e+14 -4.987528e+16 -5.570249e+16 -3.190607e+16 -5.424810e+16  1.454394e+15 -2.234203e+16 -1.418567e+17  -6.509678e-02 -1.025256e-02     251     36    -61
-54.365453 -25.870921 19.763626 8.733095e+16 5.260812 -1.696231e+16 8.829499e+15 -4.854096e+16 -4.342463e+16 -2.328224e+16 -3.126240e+16  1.216224e+16 -7.980155e+15 -9.796927e+16  -1.524060e+00 -1.241434e-01     252     37    -53
-50.040220 -28.640383 21.319397 8.565289e+16 5.255195 -1.550672e+16 5.414064e+15 -4.278070e+16 -4.472669e+16 -2.222143e+16 -3.413989e+16  1.058681e+16 -1.191846e+16 -1.010880e+17  -8.882698e-01 -1.047286e-01     256     39    -56
-63.960361 -20.148906 15.890733 7.432433e+16 5.214121 -1.476389e+16 1.011688e+16 -5.036204e+16 -3.730060e+16 -1.308576e+16 -2.027754e+16  1.702307e+16 -7.191771e+15 -7.066390e+16  -2.367020e+00 -2.409019e-01     256     35    -44
-52.606122 -29.081527 18.312350 8.449235e+16 5.251245 -1.382055e+16 6.807263e+15 -4.419873e+16 -4.516044e+16 -1.805465e+16 -3.432483e+16  1.083561e+16 -1.627018e+16 -9.753993e+16  -6.659800e-01 -1.110890e-01     262     41    -54
-50.890402 -32.204756 16.904842 9.793163e+16 5.293982 -1.629933e+16 1.424356e+16 -4.329751e+16 -4.969134e+16 -2.470331e+16 -4.427459e+16  5.416751e+15 -1.957127e+16 -1.186692e+17  -2.767705e-01 -4.564579e-02     261     44    -58
-64.404961 -24.601530 10.993509 8.613975e+16 5.256836 -1.616892e+16 1.696075e+16 -5.340760e+16 -4.308312e+16 -1.494763e+16 -2.938261e+16  1.370051e+16 -1.443499e+16 -8.741336e+16  -9.491182e-01 -1.567324e-01     262     43    -46
-51.585465 -30.098544 18.315991 9.636051e+16 5.289299 -1.712105e+16 1.017332e+16 -4.692309e+16 -4.783022e+16 -2.609167e+16 -4.058300e+16  7.247224e+15 -1.449133e+16 -1.145049e+17  -5.001076e-01 -6.329183e-02     254     40    -56
-46.584511 -31.422817 21.992672 9.270857e+16 5.278113 -1.443520e+16 7.494468e+14 -4.045957e+16 -4.914271e+16 -2.498518e+16 -4.067645e+16  8.466260e+15 -1.569127e+16 -1.148043e+17  -5.395523e-01 -7.374512e-02     256     38    -61
-57.092869 -26.744517 16.162614 9.126315e+16 5.273564 -1.645428e+16 1.018501e+16 -5.474433e+16 -4.359986e+16 -2.063846e+16 -3.396876e+16  9.631093e+15 -1.333030e+16 -9.820708e+16  -7.224963e-01 -9.806923e-02     252     35    -49
-60.836153 -25.045385 14.118462 8.367179e+16 5.248419 -1.693024e+16 1.652371e+16 -4.872612e+16 -4.152746e+16 -1.806869e+16 -2.904839e+16  1.247907e+16 -1.097970e+16 -8.864454e+16  -1.136559e+00 -1.407765e-01     259     42    -49
-60.569868 -18.760242 20.669890 7.200878e+16 5.204957 -1.375048e+16 5.961152e+15 -5.278490e+16 -3.312160e+16 -1.278987e+16 -1.807697e+16  1.504463e+16 -5.287105e+15 -6.398844e+16  -2.845532e+00 -2.351147e-01     247     28    -43
-48.824188 -32.714203 18.461609 9.558153e+16 5.286949 -1.539495e+16 9.944063e+15 -4.024186e+16 -4.893015e+16 -2.554843e+16 -4.384491e+16  5.085237e+15 -1.829648e+16 -1.183235e+17  -2.779352e-01 -4.297741e-02     258     43    -60
-50.708932 -30.805065 18.486002 9.932807e+16 5.298081 -1.550687e+16 3.124689e+15 -5.367417e+16 -4.728041e+16 -2.436594e+16 -4.284665e+16  4.433758e+15 -1.848071e+16 -1.144930e+17  -2.399128e-01 -3.872514e-02     251     34    -54
-58.394388 -23.301735 18.303876 7.381008e+16 5.212110 -1.756720e+16 1.767688e+16 -4.086455e+16 -3.795830e+16 -1.624485e+16 -2.360202e+16  1.435627e+16 -7.357169e+15 -7.780517e+16  -1.951331e+00 -1.845157e-01     262     46    -51
-64.387425 -15.224279 20.388295 7.245998e+16 5.206765 -1.584472e+16 1.044073e+16 -5.647395e+16 -3.145115e+16 -9.705143e+15 -1.443319e+16  1.701796e+16 -4.728047e+15 -5.558948e+16  -3.599363e+00 -3.061363e-01     247     26    -37
-55.651872 -27.000184 17.347944 9.656416e+16 5.289911 -1.574163e+16 6.122897e+15 -5.965525e+16 -4.503662e+16 -2.203933e+16 -3.627666e+16  8.759960e+15 -1.423732e+16 -1.033526e+17  -6.152814e-01 -8.475800e-02     248     32    -50
-44.873997 -34.848559 20.277444 1.174554e+17 5.346615 -1.767091e+16 1.497324e+15 -4.810307e+16 -5.708729e+16 -3.312655e+16 -5.727093e+16  -1.836396e+14 -2.414438e+16 -1.474848e+17  7.605896e-03 1.245143e-03     252     37    -62
-49.927217 -28.116064 21.956719 8.594967e+16 5.256196 -1.663417e+16 5.586683e+15 -4.706650e+16 -4.481775e+16 -1.842283e+16 -3.357065e+16  1.124711e+16 -1.514782e+16 -9.681123e+16  -7.424903e-01 -1.161756e-01     258     38    -52
-49.128415 -30.754134 20.117451 1.008001e+17 5.302341 -1.684850e+16 4.047813e+15 -4.993102e+16 -4.972675e+16 -2.705149e+16 -4.334042e+16  6.386320e+15 -1.628894e+16 -1.201187e+17  -3.920649e-01 -5.316676e-02     252     37    -57
-50.264130 -28.881856 20.854014 8.934317e+16 5.267408 -1.573240e+16 5.754383e+15 -4.377708e+16 -4.688988e+16 -2.343836e+16 -3.594541e+16  1.094447e+16 -1.250705e+16 -1.062736e+17  -8.750644e-01 -1.029839e-01     256     39    -57
-51.679000 -30.936191 17.384809 9.702142e+16 5.291278 -1.756886e+16 1.173546e+16 -4.793735e+16 -4.577139e+16 -2.652950e+16 -4.207655e+16  3.694834e+15 -1.554705e+16 -1.143774e+17  -2.376550e-01 -3.230387e-02     252     39    -55
-56.662533 -27.035330 16.302138 8.126996e+16 5.239987 -1.506094e+16 1.189522e+16 -4.451946e+16 -4.191837e+16 -1.818302e+16 -3.059980e+16  1.131858e+16 -1.241677e+16 -9.070119e+16  -9.115555e-01 -1.247897e-01     260     42    -52
-55.494039 -29.739135 14.766827 9.572579e+16 5.287386 -1.422834e+16 7.684636e+15 -5.161484e+16 -4.715852e+16 -2.309601e+16 -3.992753e+16  7.230993e+15 -1.683152e+16 -1.101821e+17  -4.296102e-01 -6.562768e-02     255     37    -53
-53.666845 -27.964160 18.368995 8.922397e+16 5.267021 -1.672745e+16 9.616196e+15 -4.841090e+16 -4.407036e+16 -2.240443e+16 -3.477064e+16  9.299720e+15 -1.236621e+16 -1.012454e+17  -7.520267e-01 -9.185324e-02     254     38    -53
-56.489255 -28.080406 15.430339 9.219112e+16 5.276493 -1.637441e+16 1.077870e+16 -5.377708e+16 -4.436984e+16 -2.004829e+16 -3.617340e+16  8.196438e+15 -1.612510e+16 -1.005915e+17  -5.083030e-01 -8.148239e-02     254     37    -49
-58.240889 -30.570553 11.188557 9.509350e+16 5.285467 -1.575779e+16 2.186124e+16 -4.600717e+16 -4.588032e+16 -2.299653e+16 -4.091422e+16  4.966108e+15 -1.791769e+16 -1.097911e+17  -2.771623e-01 -4.523234e-02     264     48    -55
-55.783398 -28.543963 15.672640 8.825625e+16 5.263864 -1.492427e+16 9.230287e+15 -4.931946e+16 -4.332428e+16 -2.051935e+16 -3.523068e+16  8.093600e+15 -1.471133e+16 -9.907431e+16  -5.501609e-01 -8.169221e-02     255     38    -51
-51.845496 -31.543390 16.611114 9.975823e+16 5.299332 -1.573939e+16 8.998864e+15 -4.684313e+16 -4.873457e+16 -2.780042e+16 -4.416600e+16  4.568568e+15 -1.636558e+16 -1.207010e+17  -2.791571e-01 -3.785029e-02     253     39    -57
-59.524064 -17.752858 22.723077 5.944680e+16 5.149452 -1.588892e+16 1.648379e+16 -3.463911e+16 -3.361232e+16 -9.042768e+15 -1.400888e+16  1.960344e+16 -4.966109e+15 -5.666396e+16  -3.947444e+00 -3.459596e-01     270     51    -50
-53.389225 -27.365742 19.245033 8.992613e+16 5.269291 -1.694170e+16 9.843137e+15 -4.642143e+16 -4.554659e+16 -2.451142e+16 -3.421635e+16  1.133025e+16 -9.704926e+15 -1.042744e+17  -1.167474e+00 -1.086580e-01     254     39    -55
-48.996681 -31.033175 19.970144 9.485326e+16 5.284735 -1.664099e+16 5.667844e+15 -4.810925e+16 -4.691157e+16 -2.323895e+16 -4.117180e+16  5.739775e+15 -1.793285e+16 -1.113223e+17  -3.200705e-01 -5.155997e-02     255     38    -55
-53.985672 -28.389229 17.625100 8.597466e+16 5.256280 -1.563006e+16 1.294310e+16 -4.230624e+16 -4.505018e+16 -2.137104e+16 -3.406848e+16  1.098170e+16 -1.269744e+16 -1.004897e+17  -8.648750e-01 -1.092818e-01     260     44    -55
-49.958950 -29.082337 20.958713 8.532117e+16 5.254071 -1.435041e+16 5.171433e+15 -4.111475e+16 -4.634175e+16 -2.101945e+16 -3.457502e+16  1.176673e+16 -1.355556e+16 -1.019362e+17  -8.680374e-01 -1.154323e-01     259     40    -57
-54.957380 -25.156783 19.885838 7.608155e+16 5.220886 -1.568390e+16 9.261381e+15 -4.409703e+16 -4.017200e+16 -1.533948e+16 -2.641705e+16  1.375495e+16 -1.107757e+16 -8.192852e+16  -1.241694e+00 -1.678896e-01     260     41    -50
-51.137958 -32.861960 16.000082 1.064166e+17 5.318040 -1.780705e+16 1.466151e+16 -4.669357e+16 -5.049019e+16 -3.023567e+16 -4.913995e+16  1.350239e+15 -1.890428e+16 -1.298658e+17  -7.142504e-02 -1.039719e-02     254     42    -58
-55.584237 -28.810120 15.605643 8.998967e+16 5.269495 -1.584583e+16 1.250791e+16 -4.840815e+16 -4.596959e+16 -1.930085e+16 -3.627925e+16  9.690342e+15 -1.697840e+16 -1.015497e+17  -5.707453e-01 -9.542463e-02     261     42    -52
-48.297797 -27.120983 24.581221 8.593249e+16 5.256138 -1.647423e+16 7.577620e+14 -4.940504e+16 -4.372894e+16 -1.914688e+16 -3.220212e+16  1.152682e+16 -1.305524e+16 -9.507794e+16  -8.829267e-01 -1.212355e-01     255     35    -52
-48.942007 -25.064173 25.993820 9.743636e+16 5.292514 -1.665602e+16 -2.954118e+15 -6.470624e+16 -4.334238e+16 -2.227344e+16 -3.347384e+16  9.868542e+15 -1.120040e+16 -9.908965e+16  -8.810882e-01 -9.959205e-02     245     27    -51
-50.859956 -29.558156 19.581888 9.614558e+16 5.288653 -1.662627e+16 5.507475e+15 -5.027488e+16 -4.674027e+16 -2.570841e+16 -3.968584e+16  7.054426e+15 -1.397743e+16 -1.121345e+17  -5.047012e-01 -6.291038e-02     251     36    -55
-56.304459 -24.749683 18.945859 7.607161e+16 5.220848 -1.741667e+16 1.826806e+16 -3.927279e+16 -3.960818e+16 -1.786750e+16 -2.597076e+16  1.363742e+16 -8.103259e+15 -8.344643e+16  -1.682955e+00 -1.634273e-01     262     48    -53
-53.960465 -28.692250 17.347286 9.177201e+16 5.275173 -1.674785e+16 1.040883e+16 -4.938375e+16 -4.488789e+16 -2.287163e+16 -3.678605e+16  8.101836e+15 -1.391442e+16 -1.045456e+17  -5.822618e-01 -7.749574e-02     254     38    -53
-52.892604 -25.402970 21.704426 8.124510e+16 5.239898 -1.730258e+16 8.941447e+15 -4.616938e+16 -4.275975e+16 -1.739719e+16 -2.845894e+16  1.430081e+16 -1.106175e+16 -8.861589e+16  -1.292817e+00 -1.613798e-01     259     40    -50
-52.217655 -28.172235 19.610110 8.873422e+16 5.265427 -1.680069e+16 8.458548e+15 -4.816865e+16 -4.563844e+16 -1.983719e+16 -3.481392e+16  1.082452e+16 -1.497673e+16 -1.002896e+17  -7.227558e-01 -1.079327e-01     258     39    -52
-61.226169 -20.201038 18.572793 6.988566e+16 5.196292 -1.622368e+16 1.403258e+16 -4.218169e+16 -3.721565e+16 -1.394543e+16 -1.908090e+16  1.813475e+16 -5.135467e+15 -7.024198e+16  -3.531276e+00 -2.581754e-01     262     44    -48
-58.200277 -24.780029 17.019693 8.027331e+16 5.236414 -1.615540e+16 1.035156e+16 -5.025356e+16 -4.019898e+16 -1.461281e+16 -2.748721e+16  1.271177e+16 -1.287440e+16 -8.229899e+16  -9.873677e-01 -1.544584e-01     258     38    -46
-49.211887 -28.464261 22.323852 8.239605e+16 5.243971 -1.662204e+16 1.152389e+16 -3.771412e+16 -4.448737e+16 -2.111337e+16 -3.259329e+16  1.189408e+16 -1.147992e+16 -9.819403e+16  -1.036077e+00 -1.211284e-01     260     44    -57
-48.130822 -28.457005 23.412173 9.903294e+16 5.297220 -1.654660e+16 -1.666416e+15 -5.192297e+16 -5.160440e+16 -2.462120e+16 -3.911676e+16  1.248764e+16 -1.449555e+16 -1.153424e+17  -8.614812e-01 -1.082659e-01     255     35    -56
-51.425549 -29.574296 19.000155 9.166006e+16 5.274820 -1.632369e+16 7.926918e+15 -4.807512e+16 -4.705949e+16 -2.060787e+16 -3.787676e+16  9.182727e+15 -1.726889e+16 -1.055441e+17  -5.317497e-01 -8.700368e-02     259     40    -53
-56.525764 -26.081781 17.392455 8.860015e+16 5.264990 -1.581565e+16 8.447405e+15 -5.487663e+16 -4.103683e+16 -2.085602e+16 -3.206441e+16  8.972418e+15 -1.120839e+16 -9.395725e+16  -8.005093e-01 -9.549468e-02     248     33    -49
-53.686320 -25.858567 20.455113 8.468742e+16 5.251913 -1.483049e+16 3.045813e+15 -5.083684e+16 -4.340678e+16 -1.791861e+16 -3.028025e+16  1.312653e+16 -1.236164e+16 -9.160564e+16  -1.061877e+00 -1.432939e-01     256     35    -50
-55.480240 -29.166617 15.353143 9.949511e+16 5.298568 -1.562204e+16 8.053841e+15 -5.632727e+16 -4.787889e+16 -2.318278e+16 -4.064323e+16  7.235664e+15 -1.746045e+16 -1.117049e+17  -4.144031e-01 -6.477482e-02     252     35    -51
-53.290269 -26.534194 20.175537 8.951906e+16 5.267977 -1.670701e+16 6.089885e+15 -5.196349e+16 -4.425021e+16 -2.149778e+16 -3.292143e+16  1.132878e+16 -1.142365e+16 -9.866941e+16  -9.916954e-01 -1.148155e-01     253     35    -51
-62.810269 -23.460171 13.729560 8.136259e+16 5.240317 -1.564845e+16 1.264307e+16 -5.269096e+16 -3.996439e+16 -1.470523e+16 -2.630249e+16  1.366190e+16 -1.159726e+16 -8.097210e+16  -1.178028e+00 -1.687236e-01     256     37    -45
-50.752571 -31.266873 17.980556 1.069639e+17 5.319525 -1.665779e+16 6.205671e+15 -5.055185e+16 -5.279877e+16 -3.001932e+16 -4.687534e+16  5.923435e+15 -1.685601e+16 -1.296934e+17  -3.514137e-01 -4.567259e-02     252     38    -58
-51.937461 -31.406031 16.656509 1.015799e+17 5.304572 -1.849471e+16 1.748462e+16 -4.549459e+16 -4.962263e+16 -2.760652e+16 -4.476996e+16  4.852677e+15 -1.716344e+16 -1.219991e+17  -2.827334e-01 -3.977634e-02     257     44    -57
-55.090174 -25.003604 19.906223 8.431551e+16 5.250638 -1.917255e+16 1.121972e+16 -5.325386e+16 -4.012428e+16 -1.604322e+16 -2.908147e+16  1.104281e+16 -1.303825e+16 -8.524896e+16  -8.469549e-01 -1.295360e-01     255     37    -45
-47.511470 -31.152587 21.335943 9.591750e+16 5.287965 -1.841437e+16 1.531883e+16 -3.801815e+16 -4.995623e+16 -2.694306e+16 -4.174130e+16  8.214931e+15 -1.479824e+16 -1.186406e+17  -5.551289e-01 -6.924216e-02     258     45    -61
-48.145860 -32.491299 19.362841 9.485113e+16 5.284728 -1.664773e+16 2.079674e+16 -3.459376e+16 -4.905566e+16 -2.536711e+16 -4.317413e+16  5.881524e+15 -1.780702e+16 -1.175969e+17  -3.302924e-01 -5.001427e-02     263     50    -62
-47.239755 -30.753115 22.007130 9.163688e+16 5.274747 -1.710540e+16 9.877585e+15 -4.062657e+16 -4.898812e+16 -2.280645e+16 -3.932280e+16  9.665316e+15 -1.651636e+16 -1.111174e+17  -5.851966e-01 -8.698295e-02     260     43    -58
-57.727646 -24.703410 17.568944 7.720872e+16 5.225144 -1.722570e+16 1.728805e+16 -4.159726e+16 -3.953587e+16 -1.794820e+16 -2.633670e+16  1.319916e+16 -8.388502e+15 -8.382077e+16  -1.573483e+00 -1.574689e-01     261     46    -52
-47.492465 -30.770867 21.736668 9.119036e+16 5.273333 -1.631535e+16 3.325799e+15 -4.681326e+16 -4.563544e+16 -2.172506e+16 -3.916585e+16  6.469596e+15 -1.744079e+16 -1.065263e+17  -3.709463e-01 -6.073236e-02     255     37    -55
-54.056768 -31.743483 14.199749 1.037017e+17 5.310557 -1.715249e+16 1.890155e+16 -4.784649e+16 -5.126019e+16 -2.563155e+16 -4.629488e+16  4.965313e+15 -2.066333e+16 -1.231866e+17  -2.402959e-01 -4.030724e-02     262     46    -56
-49.195761 -30.346233 20.458007 1.020198e+17 5.305823 -1.711843e+16 3.369502e+15 -5.145644e+16 -4.927172e+16 -2.855876e+16 -4.324687e+16  6.024853e+15 -1.468812e+16 -1.210774e+17  -4.101855e-01 -4.976036e-02     249     35    -57
-52.631886 -32.278864 15.089249 1.045404e+17 5.312889 -1.563456e+16 7.848365e+15 -5.458940e+16 -4.911690e+16 -2.501334e+16 -4.744079e+16  1.676111e+15 -2.242746e+16 -1.215710e+17  -7.473480e-02 -1.378710e-02     253     36    -53
-50.556709 -31.484408 17.958883 9.593883e+16 5.288030 -1.542791e+16 6.321535e+15 -4.731086e+16 -4.749164e+16 -2.428243e+16 -4.234505e+16  5.146587e+15 -1.806262e+16 -1.141191e+17  -2.849302e-01 -4.509837e-02     255     38    -56
-47.040679 -34.447166 18.512155 1.057093e+17 5.316109 -1.344855e+16 2.961691e+14 -4.299141e+16 -5.380210e+16 -2.846590e+16 -5.104737e+16  2.754735e+15 -2.258147e+16 -1.333154e+17  -1.219909e-01 -2.066329e-02     256     38    -62
-52.469745 -25.244452 22.285804 8.867393e+16 5.265231 -1.600216e+16 1.833202e+15 -5.806574e+16 -4.175537e+16 -1.783236e+16 -3.083186e+16  1.092351e+16 -1.299949e+16 -9.041959e+16  -8.403031e-01 -1.208092e-01     251     30    -47
-59.335681 -23.726091 16.938228 7.860864e+16 5.230347 -1.629422e+16 1.209439e+16 -4.785719e+16 -3.955699e+16 -1.648913e+16 -2.566872e+16  1.388827e+16 -9.179590e+15 -8.171484e+16  -1.512951e+00 -1.699601e-01     257     39    -48
-50.728507 -26.063946 23.207547 9.296040e+16 5.278899 -1.705097e+16 2.383181e+15 -6.109844e+16 -4.126149e+16 -2.010206e+16 -3.342811e+16  7.833372e+15 -1.332605e+16 -9.479166e+16  -5.878239e-01 -8.263778e-02     247     29    -48
-49.185382 -26.586774 24.227843 8.431709e+16 5.250644 -1.659758e+16 2.214121e+15 -4.872816e+16 -4.356309e+16 -1.815863e+16 -3.094115e+16  1.262194e+16 -1.278252e+16 -9.266286e+16  -9.874373e-01 -1.362136e-01     256     36    -51
-53.769314 -24.189004 22.041683 7.221890e+16 5.205801 -1.642446e+16 1.468107e+16 -3.835485e+16 -4.047203e+16 -1.394835e+16 -2.397386e+16  1.649818e+16 -1.002551e+16 -7.839423e+16  -1.645619e+00 -2.104514e-01     266     48    -53
-47.593108 -31.282460 21.124431 9.950567e+16 5.298599 -1.846484e+16 1.079531e+16 -4.328098e+16 -5.138469e+16 -2.676934e+16 -4.349810e+16  7.886587e+15 -1.672876e+16 -1.216521e+17  -4.714388e-01 -6.482901e-02     257     42    -59
-56.932928 -27.208749 15.858323 9.146627e+16 5.274207 -1.667194e+16 1.107834e+16 -5.353529e+16 -4.505164e+16 -1.957204e+16 -3.468814e+16  1.036349e+16 -1.511611e+16 -9.931182e+16  -6.855928e-01 -1.043531e-01     256     38    -49
-51.967435 -30.103963 17.928602 1.020743e+17 5.305978 -1.546715e+16 3.420383e+15 -5.435016e+16 -4.983850e+16 -2.583799e+16 -4.301225e+16  6.826254e+15 -1.717426e+16 -1.186887e+17  -3.974701e-01 -5.751391e-02     252     35    -55
-51.226276 -31.324205 17.449519 1.078395e+17 5.321885 -1.704694e+16 8.475964e+15 -5.002690e+16 -5.335555e+16 -3.044701e+16 -4.737006e+16  5.985495e+15 -1.692305e+16 -1.311726e+17  -3.536890e-01 -4.563068e-02     253     39    -58
-54.135698 -29.689876 16.174425 9.486312e+16 5.284765 -1.577263e+16 9.879040e+15 -4.949133e+16 -4.726221e+16 -2.319517e+16 -3.945683e+16  7.805381e+15 -1.626166e+16 -1.099142e+17  -4.799868e-01 -7.101340e-02     256     39    -54
-54.575900 -29.937293 15.486808 9.986977e+16 5.299656 -1.517771e+16 8.618540e+15 -5.022668e+16 -4.834965e+16 -2.833152e+16 -4.192396e+16  6.425694e+15 -1.359244e+16 -1.186051e+17  -4.727403e-01 -5.417720e-02     250     37    -56
-73.540414 -18.090765 8.368821 7.910909e+16 5.232184 -1.507517e+16 1.681004e+16 -5.728464e+16 -3.763291e+16 -1.034123e+16 -1.922729e+16  1.840562e+16 -8.886059e+15 -6.720143e+16  -2.071291e+00 -2.738873e-01     250     31    -39
-49.434844 -30.368323 20.196833 9.157987e+16 5.274567 -1.543448e+16 4.807837e+15 -4.583211e+16 -4.752848e+16 -2.168349e+16 -3.886076e+16  8.667724e+15 -1.717727e+16 -1.080727e+17  -5.046043e-01 -8.020268e-02     258     39    -55
-51.546187 -28.794885 19.658928 9.635017e+16 5.289268 -1.906797e+16 1.057483e+16 -5.203224e+16 -4.472668e+16 -2.616751e+16 -3.868665e+16  6.040030e+15 -1.251914e+16 -1.095808e+17  -4.824635e-01 -5.511940e-02     249     37    -53
-51.139496 -31.506909 17.353595 9.933405e+16 5.298099 -1.703930e+16 1.373000e+16 -4.266628e+16 -4.919701e+16 -2.889984e+16 -4.389881e+16  5.298202e+15 -1.499897e+16 -1.219957e+17  -3.532378e-01 -4.342943e-02     255     43    -59
-55.533375 -27.910255 16.556370 8.127332e+16 5.239999 -1.528534e+16 1.270875e+16 -4.363382e+16 -4.205288e+16 -1.740290e+16 -3.165587e+16  1.039701e+16 -1.425297e+16 -9.111165e+16  -7.294626e-01 -1.141128e-01     262     43    -52
-49.694419 -25.015766 25.289816 9.887950e+16 5.296771 -1.589176e+16 -1.671909e+15 -7.059729e+16 -4.141923e+16 -1.833658e+16 -3.392703e+16  7.492205e+15 -1.559045e+16 -9.368285e+16  -4.805638e-01 -7.997414e-02     244     24    -47
-51.218893 -31.425676 17.355431 1.048308e+17 5.313693 -1.635819e+16 6.844878e+15 -5.123277e+16 -5.149401e+16 -2.772381e+16 -4.620538e+16  5.288631e+15 -1.848157e+16 -1.254232e+17  -2.861571e-01 -4.216630e-02     253     38    -56
-48.666315 -33.845086 17.488600 1.124402e+17 5.333981 -1.584121e+16 4.912962e+15 -4.538952e+16 -5.450729e+16 -3.439461e+16 -5.340865e+16  1.098649e+15 -1.901403e+16 -1.423106e+17  -5.778095e-02 -7.720080e-03     250     38    -63
-48.168670 -34.208405 17.622925 1.082648e+17 5.323025 -1.501183e+16 7.527851e+15 -4.155378e+16 -5.508234e+16 -3.065115e+16 -5.196551e+16  3.116830e+15 -2.131436e+16 -1.376990e+17  -1.462315e-01 -2.263510e-02     257     42    -63
-53.814202 -30.192812 15.992986 9.385818e+16 5.281681 -1.618001e+16 1.131848e+16 -4.875738e+16 -4.627368e+16 -2.233663e+16 -3.973578e+16  6.537903e+15 -1.739915e+16 -1.083461e+17  -3.757599e-01 -6.034277e-02     257     40    -53
-51.824748 -28.944491 19.230761 8.826741e+16 5.263900 -1.727172e+16 1.196324e+16 -4.486376e+16 -4.543053e+16 -2.067353e+16 -3.565024e+16  9.780296e+15 -1.497671e+16 -1.017543e+17  -6.530336e-01 -9.611678e-02     259     42    -54
-56.699478 -26.918444 16.382078 8.460919e+16 5.251645 -1.657957e+16 1.488526e+16 -4.414410e+16 -4.195046e+16 -2.244910e+16 -3.170706e+16  1.024340e+16 -9.257961e+15 -9.610662e+16  -1.106442e+00 -1.065837e-01     256     42    -53
-49.094680 -31.225271 19.680049 9.503015e+16 5.285274 -1.661263e+16 1.137143e+16 -4.209834e+16 -4.998398e+16 -2.392725e+16 -4.152333e+16  8.460648e+15 -1.759608e+16 -1.154346e+17  -4.808258e-01 -7.329390e-02     260     43    -58
-47.307249 -32.982085 19.710666 9.440756e+16 5.283371 -1.529102e+16 9.479388e+15 -3.556105e+16 -4.860713e+16 -2.765285e+16 -4.361243e+16  4.994697e+15 -1.595958e+16 -1.198724e+17  -3.129592e-01 -4.166677e-02     256     43    -63
-54.203936 -32.222702 13.573361 1.057872e+17 5.316322 -1.587066e+16 1.323449e+16 -5.080822e+16 -5.113984e+16 -2.704954e+16 -4.797329e+16  3.166552e+15 -2.092374e+16 -1.261627e+17  -1.513377e-01 -2.509896e-02     257     41    -55
-48.048193 -25.824555 26.127253 6.924581e+16 5.193629 -1.570887e+16 1.044271e+16 -3.475402e+16 -4.004035e+16 -1.349750e+16 -2.456915e+16  1.547119e+16 -1.107165e+16 -7.810700e+16  -1.397371e+00 -1.980769e-01     265     46    -54
-48.845045 -30.033213 21.121742 9.741930e+16 5.292463 -1.618711e+16 1.918669e+15 -5.066251e+16 -4.987405e+16 -2.294266e+16 -4.082562e+16  9.048429e+15 -1.788296e+16 -1.136423e+17  -5.059806e-01 -7.962200e-02     256     37    -55
-57.128049 -25.257224 17.614727 8.620539e+16 5.257056 -1.679746e+16 9.814091e+15 -5.304329e+16 -4.224578e+16 -1.811538e+16 -3.012347e+16  1.212231e+16 -1.200809e+16 -9.048463e+16  -1.009512e+00 -1.339709e-01     254     36    -48
-49.318739 -31.054216 19.627045 1.073172e+17 5.320480 -1.629084e+16 3.263100e+14 -5.752362e+16 -5.201522e+16 -2.548808e+16 -4.662994e+16  5.385283e+15 -2.114186e+16 -1.241332e+17  -2.547214e-01 -4.338308e-02     253     34    -54
-53.601904 -31.157112 15.240983 9.389274e+16 5.281788 -1.610470e+16 1.429383e+16 -4.459584e+16 -4.553855e+16 -2.493229e+16 -4.109034e+16  4.448212e+15 -1.615806e+16 -1.115612e+17  -2.752938e-01 -3.987240e-02     256     42    -56
-47.523298 -26.166180 26.310523 9.037522e+16 5.270733 -1.803690e+16 -3.840548e+14 -5.446897e+16 -4.487007e+16 -1.974620e+16 -3.251754e+16  1.235252e+16 -1.277134e+16 -9.713381e+16  -9.672064e-01 -1.271702e-01     253     33    -51
-49.444356 -31.210035 19.345609 9.927322e+16 5.297921 -1.614998e+16 5.845711e+15 -4.741682e+16 -5.094437e+16 -2.496559e+16 -4.336941e+16  7.574958e+15 -1.840382e+16 -1.192794e+17  -4.115970e-01 -6.350603e-02     257     39    -57
-52.025686 -29.114854 18.859460 8.537663e+16 5.254259 -1.525412e+16 8.314603e+15 -4.267671e+16 -4.331069e+16 -2.252767e+16 -3.470875e+16  8.601937e+15 -1.218108e+16 -1.005471e+17  -7.061718e-01 -8.555131e-02     255     40    -55
-49.870151 -32.106955 18.022895 1.008156e+17 5.302385 -1.649583e+16 8.779681e+15 -4.655550e+16 -5.035678e+16 -2.634246e+16 -4.539406e+16  4.962721e+15 -1.905160e+16 -1.220933e+17  -2.604884e-01 -4.064695e-02     256     40    -57
-68.495465 -22.190033 9.314503 7.214099e+16 5.205488 -1.448257e+16 1.674977e+16 -4.799041e+16 -3.710042e+16 -7.013390e+15 -2.198659e+16  1.511382e+16 -1.497320e+16 -6.610040e+16  -1.009392e+00 -2.286495e-01     272     48    -44
-57.625488 -24.993391 17.381121 8.258943e+16 5.244650 -1.569335e+16 8.520342e+15 -5.181452e+16 -4.126524e+16 -1.568130e+16 -2.853743e+16  1.272781e+16 -1.285613e+16 -8.548396e+16  -9.900189e-01 -1.488912e-01     256     36    -47
-54.488603 -25.805241 19.706156 9.019970e+16 5.270170 -1.686696e+16 6.177867e+15 -5.481099e+16 -4.524421e+16 -1.883054e+16 -3.220228e+16  1.304192e+16 -1.337174e+16 -9.627704e+16  -9.753348e-01 -1.354625e-01     255     35    -49
-65.303098 -17.359441 17.337461 7.244829e+16 5.206719 -1.654820e+16 1.202454e+16 -5.038644e+16 -3.609533e+16 -1.185879e+16 -1.673277e+16  1.936256e+16 -4.873978e+15 -6.468688e+16  -3.972641e+00 -2.993275e-01     256     36    -42
-48.447954 -32.595037 18.957009 1.109240e+17 5.330050 -1.669328e+16 2.987148e+15 -4.987766e+16 -5.360852e+16 -3.254056e+16 -5.067254e+16  2.935983e+15 -1.813198e+16 -1.368216e+17  -1.619229e-01 -2.145847e-02     249     36    -60
-54.342291 -28.362991 17.294717 8.688245e+16 5.259321 -1.607549e+16 1.137650e+16 -4.481700e+16 -4.239427e+16 -2.384431e+16 -3.440409e+16  7.990177e+15 -1.055978e+16 -1.006427e+17  -7.566613e-01 -7.939154e-02     253     39    -54
-60.438852 -21.173953 18.387195 7.315442e+16 5.209527 -1.546099e+16 9.305950e+15 -4.846621e+16 -3.640275e+16 -1.371608e+16 -2.104533e+16  1.535743e+16 -7.329246e+15 -7.116416e+16  -2.095363e+00 -2.158028e-01     255     36    -45
-54.343644 -26.656212 19.000144 9.152571e+16 5.274395 -1.671328e+16 7.167128e+15 -5.549197e+16 -4.273763e+16 -2.195431e+16 -3.386368e+16  8.873946e+15 -1.190937e+16 -9.855562e+16  -7.451228e-01 -9.003997e-02     249     33    -50
-52.247419 -28.048494 19.704087 8.903236e+16 5.266399 -1.581546e+16 5.168775e+15 -5.162682e+16 -4.187421e+16 -2.215164e+16 -3.476455e+16  7.109657e+15 -1.261291e+16 -9.879039e+16  -5.636809e-01 -7.196709e-02     249     33    -52
-49.190592 -30.690432 20.118976 9.247975e+16 5.277398 -1.426374e+16 8.348823e+14 -4.679408e+16 -4.659982e+16 -2.326765e+16 -3.967764e+16  6.922182e+15 -1.640998e+16 -1.095451e+17  -4.218275e-01 -6.319024e-02     254     36    -56
-48.974473 -27.091697 23.933830 8.734668e+16 5.260864 -1.524944e+16 -1.775764e+15 -5.350157e+16 -4.261940e+16 -1.822822e+16 -3.271869e+16  9.900703e+15 -1.449047e+16 -9.356631e+16  -6.832561e-01 -1.058148e-01     253     31    -50
-45.389681 -33.282366 21.327953 1.005708e+17 5.301681 -1.537654e+16 5.777460e+15 -4.062601e+16 -5.427252e+16 -2.481205e+16 -4.680771e+16  7.464805e+15 -2.199567e+16 -1.258923e+17  -3.393762e-01 -5.929517e-02     261     42    -61
-55.150894 -29.730892 15.118213 9.952298e+16 5.298649 -1.733894e+16 1.372462e+16 -5.172191e+16 -4.786591e+16 -2.546694e+16 -4.148859e+16  6.377324e+15 -1.602165e+16 -1.148214e+17  -3.980442e-01 -5.554123e-02     254     40    -53
-49.717536 -30.668778 19.613687 1.015169e+17 5.304392 -1.700319e+16 5.791751e+15 -4.910987e+16 -5.103547e+16 -2.714723e+16 -4.354447e+16  7.491005e+15 -1.639723e+16 -1.217272e+17  -4.568457e-01 -6.153930e-02     254     38    -57
-47.231043 -31.218216 21.550740 8.913283e+16 5.266725 -1.607378e+16 1.668866e+16 -3.734547e+16 -4.922616e+16 -1.931932e+16 -3.886414e+16  1.036202e+16 -1.954482e+16 -1.074096e+17  -5.301669e-01 -9.647197e-02      45     49   -120
-53.749041 -21.381982 24.868977 7.836828e+16 5.229460 -1.648443e+16 4.422882e+15 -5.587543e+16 -3.497920e+16 -1.478158e+16 -2.264419e+16  1.233501e+16 -7.862612e+15 -7.240497e+16  -1.568818e+00 -1.703614e-01     249     29    -43
-65.110386 -20.670466 14.219149 7.352029e+16 5.210971 -1.830842e+16 2.158826e+16 -4.431268e+16 -3.650544e+16 -1.338115e+16 -2.065882e+16  1.584662e+16 -7.277663e+15 -7.054541e+16  -2.177433e+00 -2.246301e-01     265     49    -47
-51.419838 -29.792302 18.787860 1.029869e+17 5.308555 -1.817606e+16 6.982014e+15 -5.853429e+16 -4.749768e+16 -2.471755e+16 -4.289446e+16  4.603218e+15 -1.817691e+16 -1.151097e+17  -2.532454e-01 -3.998984e-02     250     34    -51
-58.284143 -25.298269 16.417587 8.214605e+16 5.243091 -1.513613e+16 8.231805e+15 -5.270583e+16 -4.066674e+16 -1.416452e+16 -2.878381e+16  1.188293e+16 -1.461928e+16 -8.361507e+16  -8.128260e-01 -1.421147e-01     257     36    -45
-56.605322 -31.010822 12.383857 1.026460e+17 5.307595 -1.727112e+16 1.702507e+16 -5.352311e+16 -4.814117e+16 -2.425973e+16 -4.479081e+16  3.350360e+15 -2.053108e+16 -1.171917e+17  -1.631848e-01 -2.858871e-02     256     41    -52
-60.695213 -26.992758 12.312028 8.414794e+16 5.250062 -1.387719e+16 1.287193e+16 -4.881486e+16 -4.309320e+16 -1.637351e+16 -3.171771e+16  1.137549e+16 -1.534420e+16 -9.118441e+16  -7.413545e-01 -1.247526e-01     263     42    -49
-48.913650 -29.461494 21.624856 9.836884e+16 5.295272 -1.902268e+16 7.426220e+15 -5.017392e+16 -4.932980e+16 -2.504358e+16 -4.038144e+16  8.948366e+15 -1.533786e+16 -1.147548e+17  -5.834168e-01 -7.797813e-02     254     38    -55
-56.755394 -27.343244 15.901362 8.320511e+16 5.246800 -1.582704e+16 1.213595e+16 -4.747188e+16 -4.200621e+16 -1.693073e+16 -3.172136e+16  1.028485e+16 -1.479063e+16 -9.065831e+16  -6.953625e-01 -1.134463e-01     260     41    -49
-49.372127 -28.026102 22.601771 8.736116e+16 5.260912 -1.636325e+16 3.155658e+15 -4.809277e+16 -4.227093e+16 -2.323830e+16 -3.398224e+16  8.288687e+15 -1.074394e+16 -9.949146e+16  -7.714754e-01 -8.331053e-02     250     34    -54
-46.902412 -28.872553 24.225035 9.301272e+16 5.279062 -1.726886e+16 9.646185e+14 -4.774146e+16 -4.666821e+16 -2.520185e+16 -3.727192e+16  9.396298e+15 -1.207006e+16 -1.091420e+17  -7.784796e-01 -8.609243e-02     251     35    -57
-53.743339 -29.472180 16.784480 8.968181e+16 5.268503 -1.588021e+16 1.178906e+16 -4.424648e+16 -4.440658e+16 -2.429215e+16 -3.699665e+16  7.409931e+15 -1.270450e+16 -1.056954e+17  -5.832524e-01 -7.010648e-02     255     41    -55
-46.869165 -28.417446 24.713389 9.070006e+16 5.271772 -1.731387e+16 8.844802e+14 -4.928851e+16 -4.379804e+16 -2.440590e+16 -3.571875e+16  8.079285e+15 -1.131285e+16 -1.039227e+17  -7.141690e-01 -7.774322e-02     249     34    -55
-46.720375 -29.773838 23.505787 9.474047e+16 5.284390 -1.533524e+16 -3.024130e+15 -4.916665e+16 -4.870279e+16 -2.281902e+16 -3.924338e+16  9.459413e+15 -1.642436e+16 -1.107652e+17  -5.759380e-01 -8.540060e-02     255     35    -56
-44.575172 -30.171674 25.253154 8.253475e+16 5.244458 -1.628399e+16 8.473178e+15 -3.497995e+16 -4.598210e+16 -2.025967e+16 -3.459321e+16  1.138889e+16 -1.433353e+16 -1.008350e+17  -7.945628e-01 -1.129458e-01     261     44    -59
-56.910357 -24.616218 18.473424 7.460057e+16 5.215195 -1.832558e+16 1.774321e+16 -4.167806e+16 -3.748898e+16 -1.533051e+16 -2.532934e+16  1.215964e+16 -9.998830e+15 -7.814882e+16  -1.216106e+00 -1.555960e-01     262     46    -49
-56.993928 -28.747097 14.258976 1.032113e+17 5.309185 -1.926529e+16 1.774947e+16 -5.571810e+16 -4.771027e+16 -2.678620e+16 -4.155418e+16  6.156085e+15 -1.476798e+16 -1.160507e+17  -4.168535e-01 -5.304654e-02     252     39    -51
-48.969622 -28.498367 22.532011 9.448297e+16 5.283602 -1.670361e+16 1.522429e+15 -5.100419e+16 -4.850563e+16 -2.243787e+16 -3.741353e+16  1.109210e+16 -1.497566e+16 -1.083570e+17  -7.406749e-01 -1.023662e-01     255     36    -54
-50.075861 -30.352963 19.571175 9.085498e+16 5.272266 -1.499301e+16 7.783061e+15 -4.357227e+16 -4.892967e+16 -2.075961e+16 -3.855631e+16  1.037336e+16 -1.779670e+16 -1.082456e+17  -5.828812e-01 -9.583174e-02     262     42    -56
-49.075185 -32.295868 18.628947 9.890690e+16 5.296851 -1.614723e+16 1.275924e+16 -4.070529e+16 -5.159862e+16 -2.614215e+16 -4.477645e+16  6.822176e+15 -1.863429e+16 -1.225172e+17  -3.661086e-01 -5.568341e-02     260     44    -60
-54.824125 -26.819573 18.356302 7.974345e+16 5.234497 -1.629909e+16 1.377315e+16 -4.106983e+16 -4.094696e+16 -1.995981e+16 -2.971628e+16  1.123068e+16 -9.756466e+15 -9.062305e+16  -1.151102e+00 -1.239275e-01     259     43    -54
-58.672734 -28.094090 13.233176 8.787504e+16 5.262610 -1.554108e+16 1.607633e+16 -4.651033e+16 -4.352600e+16 -2.121729e+16 -3.455092e+16  8.975077e+15 -1.333363e+16 -9.929421e+16  -6.731157e-01 -9.038872e-02     259     43    -52
-51.671228 -31.787153 16.541619 1.018891e+17 5.305452 -1.803126e+16 1.849783e+16 -4.513798e+16 -5.100162e+16 -2.573069e+16 -4.546878e+16  5.532839e+15 -1.973809e+16 -1.222011e+17  -2.803127e-01 -4.527651e-02     261     46    -57
-53.159705 -30.654632 16.185663 9.198478e+16 5.275844 -1.465850e+16 1.166273e+16 -4.299197e+16 -4.738775e+16 -2.353756e+16 -3.955580e+16  7.831946e+15 -1.601824e+16 -1.104811e+17  -4.889391e-01 -7.088947e-02     260     43    -57
-50.152484 -25.226879 24.620637 8.563122e+16 5.255121 -1.743352e+16 2.554765e+15 -5.176950e+16 -4.366143e+16 -1.806381e+16 -2.967442e+16  1.398701e+16 -1.161061e+16 -9.139966e+16  -1.204674e+00 -1.530313e-01     255     35    -50
-48.243783 -29.235030 22.521187 8.532399e+16 5.254081 -1.631881e+16 9.015215e+15 -3.662494e+16 -4.539726e+16 -2.461249e+16 -3.471016e+16  1.068710e+16 -1.009767e+16 -1.047199e+17  -1.058372e+00 -1.020541e-01     256     42    -60
-52.101116 -26.356855 21.542029 9.367844e+16 5.281126 -1.679902e+16 2.198888e+15 -6.169965e+16 -4.382515e+16 -1.670503e+16 -3.415610e+16  9.669047e+15 -1.745107e+16 -9.468627e+16  -5.540661e-01 -1.021167e-01     252     30    -46
-48.924810 -34.205246 16.869944 1.028056e+17 5.308044 -1.618505e+16 1.499355e+16 -4.007155e+16 -5.103420e+16 -2.802446e+16 -4.937226e+16  1.661942e+15 -2.134780e+16 -1.284309e+17  -7.785075e-02 -1.294036e-02     259     45    -61
-49.948643 -30.626145 19.425212 9.530692e+16 5.286116 -1.869068e+16 1.990122e+16 -3.849314e+16 -4.831619e+16 -2.688019e+16 -4.082924e+16  7.486947e+15 -1.394904e+16 -1.160256e+17  -5.367355e-01 -6.452840e-02     259     47    -59
-50.039517 -29.620264 20.340220 1.031397e+17 5.308984 -1.454061e+16 -3.056924e+15 -5.600708e+16 -4.901896e+16 -2.794489e+16 -4.263517e+16  6.383792e+15 -1.469028e+16 -1.195990e+17  -4.345590e-01 -5.337662e-02     247     31    -57
-58.281096 -23.420768 18.298136 7.276474e+16 5.207981 -1.571092e+16 1.252464e+16 -4.289522e+16 -3.880026e+16 -1.377634e+16 -2.339850e+16  1.540176e+16 -9.622168e+15 -7.597510e+16  -1.600653e+00 -2.027211e-01     263     43    -49
-52.077938 -31.242949 16.679113 9.408601e+16 5.282383 -1.395906e+16 4.888431e+15 -4.825160e+16 -4.621359e+16 -2.327969e+16 -4.124504e+16  4.968553e+15 -1.796535e+16 -1.107383e+17  -2.765631e-01 -4.486751e-02     254     37    -55
-56.033755 -24.823765 19.142480 8.302802e+16 5.246183 -1.466891e+16 4.850560e+15 -5.453501e+16 -3.923190e+16 -1.663121e+16 -2.843316e+16  1.079874e+16 -1.180195e+16 -8.429627e+16  -9.149965e-01 -1.281046e-01     250     31    -47
-53.677891 -22.781381 23.540728 7.887734e+16 5.231335 -1.635026e+16 4.295406e+15 -5.025381e+16 -3.923756e+16 -1.721817e+16 -2.447798e+16  1.475958e+16 -7.259813e+15 -8.093370e+16  -2.033052e+00 -1.823663e-01     253     34    -48
-51.938020 -26.375141 21.686840 7.831724e+16 5.229272 -1.748760e+16 1.634715e+16 -3.619483e+16 -4.133959e+16 -2.109369e+16 -2.857235e+16  1.276723e+16 -7.478658e+15 -9.100563e+16  -1.707156e+00 -1.402906e-01     259     46    -57
-55.902321 -25.779960 18.317719 8.830755e+16 5.264032 -1.844466e+16 1.272729e+16 -5.112027e+16 -4.265460e+16 -2.141241e+16 -3.153314e+16  1.112146e+16 -1.012074e+16 -9.560015e+16  -1.098878e+00 -1.163331e-01     253     38    -50
-48.453439 -33.527407 18.019153 1.037258e+17 5.310625 -1.634369e+16 8.227378e+15 -4.513872e+16 -5.121259e+16 -2.777425e+16 -4.878669e+16  2.425893e+15 -2.101244e+16 -1.277735e+17  -1.154503e-01 -1.898588e-02     255     40    -59
-69.653930 -12.948063 17.398007 6.876890e+16 5.191628 -1.610177e+16 1.074582e+16 -5.359832e+16 -3.301563e+16 -5.085149e+15 -1.148511e+16  2.153053e+16 -6.399957e+15 -4.958589e+16  -3.364167e+00 -4.342067e-01     257     31    -34
-55.399003 -31.821392 12.779605 9.847204e+16 5.295575 -1.511264e+16 1.288286e+16 -5.017082e+16 -4.669579e+16 -2.388616e+16 -4.411229e+16  2.583499e+15 -2.022613e+16 -1.146942e+17  -1.277308e-01 -2.252509e-02     256     40    -53
-52.918343 -27.656666 19.424991 9.863452e+16 5.296053 -1.750188e+16 5.455060e+15 -5.869541e+16 -4.749094e+16 -2.203283e+16 -3.795040e+16  9.540545e+15 -1.591757e+16 -1.074742e+17  -5.993719e-01 -8.877059e-02     252     34    -50
-53.750271 -26.963023 19.286706 9.347611e+16 5.280500 -1.541300e+16 3.915845e+15 -5.820391e+16 -4.298335e+16 -2.179277e+16 -3.500452e+16  7.978831e+15 -1.321175e+16 -9.978063e+16  -6.039194e-01 -7.996372e-02     247     30    -50
-62.386930 -22.206247 15.406823 7.947411e+16 5.233517 -1.627853e+16 1.229531e+16 -5.195706e+16 -3.946991e+16 -1.427681e+16 -2.415543e+16  1.531448e+16 -9.878628e+15 -7.790215e+16  -1.550264e+00 -1.965861e-01     257     37    -45
-62.291402 -24.692468 13.016130 8.313575e+16 5.246559 -1.728974e+16 1.781266e+16 -4.997616e+16 -4.104711e+16 -1.582023e+16 -2.843930e+16  1.260781e+16 -1.261907e+16 -8.530663e+16  -9.991078e-01 -1.477940e-01     261     43    -47
-56.020620 -29.820014 14.159367 9.030048e+16 5.270493 -1.543769e+16 1.439342e+16 -4.699077e+16 -4.529162e+16 -2.001720e+16 -3.778819e+16  7.503435e+15 -1.777099e+16 -1.030970e+17  -4.222295e-01 -7.278034e-02     262     44    -53
-55.745417 -28.247795 16.006788 9.754234e+16 5.292829 -1.604614e+16 7.970303e+15 -5.800429e+16 -4.621366e+16 -2.165911e+16 -3.849883e+16  7.714835e+15 -1.683972e+16 -1.063716e+17  -4.581331e-01 -7.252721e-02     251     34    -50
-49.224981 -32.185847 18.589172 1.123340e+17 5.333707 -1.664531e+16 2.303607e+15 -5.514559e+16 -5.193480e+16 -3.251128e+16 -5.068096e+16  1.253843e+15 -1.816968e+16 -1.351270e+17  -6.900744e-02 -9.278994e-03     246     34    -59
-48.310219 -29.884277 21.805504 9.947535e+16 5.298510 -1.411776e+16 -5.190997e+15 -5.770214e+16 -4.650498e+16 -2.302257e+16 -4.144181e+16  5.063170e+15 -1.841924e+16 -1.109694e+17  -2.748848e-01 -4.562674e-02     249     30    -54
-53.207401 -27.261443 19.531157 9.230827e+16 5.276860 -1.563503e+16 3.445832e+15 -5.501968e+16 -4.540616e+16 -2.038622e+16 -3.496995e+16  1.043621e+16 -1.458373e+16 -1.007623e+17  -7.156064e-01 -1.035725e-01     253     34    -51
-55.479332 -29.979355 14.541313 9.284547e+16 5.278540 -1.649595e+16 1.475039e+16 -4.731244e+16 -4.366404e+16 -2.479113e+16 -3.905973e+16  4.604308e+15 -1.426860e+16 -1.075149e+17  -3.226882e-01 -4.282484e-02     253     40    -53
-48.967671 -30.405289 20.627040 9.418077e+16 5.282675 -1.603201e+16 5.740809e+15 -4.295415e+16 -4.871210e+16 -2.619672e+16 -3.999784e+16  8.714268e+15 -1.380112e+16 -1.149067e+17  -6.314176e-01 -7.583780e-02     255     39    -59
-56.213665 -25.272590 18.513745 8.127355e+16 5.239999 -1.625985e+16 1.020863e+16 -4.763684e+16 -4.241700e+16 -1.632217e+16 -2.839683e+16  1.402017e+16 -1.207466e+16 -8.713600e+16  -1.161123e+00 -1.608998e-01     260     40    -49
-51.813945 -29.887448 18.298608 9.025545e+16 5.270349 -1.615629e+16 9.750588e+15 -4.530620e+16 -4.571272e+16 -2.224646e+16 -3.773407e+16  7.978646e+15 -1.548761e+16 -1.056933e+17  -5.151631e-01 -7.548870e-02     257     41    -55
-43.519578 -32.680515 23.799907 1.001775e+17 5.300547 -1.582126e+16 -2.907717e+15 -4.488873e+16 -5.205180e+16 -2.499794e+16 -4.565297e+16  6.398828e+15 -2.065503e+16 -1.227027e+17  -3.097951e-01 -5.214903e-02     256     37    -60
-50.941602 -31.686679 17.371719 9.267686e+16 5.278014 -1.708613e+16 1.591461e+16 -4.161887e+16 -4.605326e+16 -2.361428e+16 -4.119553e+16  4.857722e+15 -1.758125e+16 -1.108631e+17  -2.763012e-01 -4.381732e-02     259     45    -57
-65.269311 -19.237732 15.492957 7.002963e+16 5.196888 -1.731767e+16 2.008302e+16 -4.288624e+16 -3.664419e+16 -1.100763e+16 -1.815416e+16  1.849003e+16 -7.146530e+15 -6.580598e+16  -2.587274e+00 -2.809780e-01     269     51    -48
-50.717212 -28.509665 20.773123 8.668342e+16 5.258657 -1.593247e+16 8.257911e+15 -4.200439e+16 -4.609005e+16 -2.233189e+16 -3.440278e+16  1.168727e+16 -1.207089e+16 -1.028247e+17  -9.682197e-01 -1.136621e-01     258     41    -57
-47.961808 -27.988702 24.049490 7.189686e+16 5.204507 -1.410843e+16 1.188411e+16 -3.138392e+16 -4.140460e+16 -1.660828e+16 -2.788182e+16  1.352278e+16 -1.127354e+16 -8.589469e+16  -1.199515e+00 -1.574344e-01     265     47    -59
-50.896806 -30.202658 18.900537 1.001613e+17 5.300500 -1.673112e+16 5.319505e+15 -5.371282e+16 -4.674795e+16 -2.676927e+16 -4.231331e+16  4.434638e+15 -1.554404e+16 -1.158305e+17  -2.852951e-01 -3.828557e-02     248     34    -55
-50.255335 -31.524016 18.220650 9.967957e+16 5.299104 -1.757576e+16 1.301660e+16 -4.277409e+16 -4.914662e+16 -2.934220e+16 -4.404264e+16  5.103986e+15 -1.470044e+16 -1.225315e+17  -3.471996e-01 -4.165450e-02     254     42    -59
-69.918215 -20.129180 9.952605 7.320909e+16 5.209743 -1.664943e+16 1.997188e+16 -4.759927e+16 -3.557800e+16 -1.165805e+16 -2.002210e+16  1.555590e+16 -8.364049e+15 -6.725816e+16  -1.859853e+00 -2.312864e-01     263     45    -44
-63.235288 -23.666504 13.098207 8.310825e+16 5.246463 -1.694314e+16 1.609315e+16 -5.248840e+16 -3.922297e+16 -1.709546e+16 -2.713741e+16  1.208556e+16 -1.004195e+16 -8.345584e+16  -1.203506e+00 -1.448138e-01     253     38    -45
-52.536538 -28.505605 18.957858 1.001886e+17 5.300579 -1.675568e+16 5.635529e+15 -5.449848e+16 -4.734311e+16 -2.824112e+16 -3.982632e+16  7.516786e+15 -1.158521e+16 -1.154105e+17  -6.488263e-01 -6.513084e-02     247     34    -55
-52.290166 -25.138976 22.570858 8.214807e+16 5.243098 -1.579503e+16 3.117297e+15 -5.123354e+16 -4.003915e+16 -1.805871e+16 -2.842445e+16  1.161470e+16 -1.036574e+16 -8.652231e+16  -1.120490e+00 -1.342394e-01     252     33    -49
-57.445287 -25.786580 16.768133 9.324421e+16 5.279781 -1.651956e+16 9.268478e+15 -5.970229e+16 -4.275563e+16 -2.024047e+16 -3.334872e+16  9.406907e+15 -1.310826e+16 -9.634482e+16  -7.176321e-01 -9.763791e-02     248     32    -47
-54.329854 -27.824795 17.845351 9.604970e+16 5.288364 -1.707516e+16 8.296272e+15 -5.877056e+16 -4.336576e+16 -2.212938e+16 -3.724890e+16  6.116865e+15 -1.511952e+16 -1.027440e+17  -4.045675e-01 -5.953498e-02     247     32    -49
-51.926849 -30.045258 18.027893 9.501005e+16 5.285213 -1.689498e+16 9.021566e+15 -4.930272e+16 -4.541627e+16 -2.512774e+16 -3.995058e+16  5.465688e+15 -1.482283e+16 -1.104946e+17  -3.687343e-01 -4.946566e-02     251     37    -54
-53.131671 -28.135158 18.733171 8.872974e+16 5.265413 -1.794645e+16 1.680857e+16 -4.263194e+16 -4.597909e+16 -2.228318e+16 -3.479180e+16  1.118729e+16 -1.250862e+16 -1.030541e+17  -8.943659e-01 -1.085574e-01     260     46    -55
-50.490997 -29.339438 20.169565 8.840191e+16 5.264341 -1.739245e+16 1.093063e+16 -4.402343e+16 -4.539317e+16 -2.140985e+16 -3.618542e+16  9.207753e+15 -1.477556e+16 -1.029884e+17  -6.231744e-01 -8.940570e-02     258     42    -54
-50.099282 -33.697071 16.203647 1.051917e+17 5.314688 -1.805470e+16 1.891704e+16 -4.258549e+16 -5.047794e+16 -2.895168e+16 -4.980167e+16  6.762681e+14 -2.084999e+16 -1.292313e+17  -3.243493e-02 -5.233006e-03     258     46    -59
-55.676611 -24.842149 19.481241 8.307258e+16 5.246338 -1.698139e+16 9.202179e+15 -5.001467e+16 -4.283105e+16 -1.647235e+16 -2.846253e+16  1.436852e+16 -1.199018e+16 -8.776594e+16  -1.198358e+00 -1.637141e-01     259     39    -48
-48.558946 -33.669868 17.771185 1.153957e+17 5.341493 -1.766236e+16 9.367128e+15 -4.663283e+16 -5.667830e+16 -3.390513e+16 -5.451715e+16  2.161152e+15 -2.061202e+16 -1.451006e+17  -1.048491e-01 -1.489417e-02     253     41    -61
-46.350570 -32.457094 21.192336 9.517721e+16 5.285722 -1.721014e+16 1.368771e+16 -3.252639e+16 -4.850624e+16 -3.009275e+16 -4.319784e+16  5.308402e+15 -1.310509e+16 -1.217968e+17  -4.050641e-01 -4.358408e-02     254     45    -64
-46.252498 -32.736182 21.011321 9.933548e+16 5.298103 -1.672494e+16 1.136530e+16 -3.615818e+16 -5.228102e+16 -2.861227e+16 -4.548542e+16  6.795595e+15 -1.687315e+16 -1.263787e+17  -4.027461e-01 -5.377168e-02     257     44    -63
-52.711576 -27.379110 19.909314 8.816049e+16 5.263549 -1.780037e+16 9.102126e+15 -5.032672e+16 -4.414319e+16 -1.904807e+16 -3.354100e+16  1.060219e+16 -1.449294e+16 -9.673226e+16  -7.315417e-01 -1.096034e-01     257     38    -50
-46.404179 -33.323245 20.272576 1.092503e+17 5.325648 -1.638717e+16 7.552512e+14 -4.459983e+16 -5.313040e+16 -3.396717e+16 -5.096452e+16  2.165875e+15 -1.699735e+16 -1.380621e+17  -1.274243e-01 -1.568769e-02     248     37    -64
-53.996391 -23.664703 22.338906 8.247739e+16 5.244257 -1.595674e+16 2.771326e+15 -5.475274e+16 -4.145013e+16 -1.366528e+16 -2.672176e+16  1.472837e+16 -1.305648e+16 -8.183717e+16  -1.128051e+00 -1.799717e-01     257     33    -45
-51.849431 -30.229072 17.921498 9.625930e+16 5.288995 -1.751654e+16 1.306800e+16 -4.554296e+16 -4.829784e+16 -2.560265e+16 -4.073786e+16  7.559971e+15 -1.513521e+16 -1.146384e+17  -4.994955e-01 -6.594627e-02     256     42    -56
-52.437465 -31.984698 15.577837 9.658524e+16 5.289974 -1.503116e+16 1.040614e+16 -4.524425e+16 -4.736668e+16 -2.569591e+16 -4.340838e+16  3.958296e+15 -1.771248e+16 -1.164710e+17  -2.234750e-01 -3.398526e-02     256     41    -57
-47.148337 -29.031671 23.819991 9.494298e+16 5.285009 -1.826183e+16 3.094872e+15 -4.929542e+16 -4.802083e+16 -2.408316e+16 -3.828459e+16  9.736237e+15 -1.420143e+16 -1.103886e+17  -6.855813e-01 -8.819967e-02     254     37    -55
-55.593743 -27.901998 16.504259 9.486446e+16 5.284769 -1.683280e+16 9.898168e+15 -5.543469e+16 -4.458700e+16 -2.250777e+16 -3.693950e+16  7.647502e+15 -1.443173e+16 -1.040343e+17  -5.299091e-01 -7.350945e-02     250     35    -50
-51.680672 -27.992257 20.327071 9.164920e+16 5.274786 -1.814048e+16 1.319468e+16 -4.462744e+16 -4.854204e+16 -2.292062e+16 -3.568840e+16  1.285365e+16 -1.276778e+16 -1.071511e+17  -1.006725e+00 -1.199582e-01     260     43    -56
-49.126057 -29.594215 21.279728 9.614075e+16 5.288638 -1.677636e+16 3.224449e+15 -5.092309e+16 -4.907594e+16 -2.227470e+16 -3.966759e+16  9.408354e+15 -1.739289e+16 -1.110182e+17  -5.409311e-01 -8.474603e-02     256     37    -54
-50.408647 -26.352195 23.239157 8.746534e+16 5.261257 -1.794811e+16 5.207603e+15 -5.031804e+16 -4.423057e+16 -2.010257e+16 -3.182685e+16  1.240372e+16 -1.172428e+16 -9.615999e+16  -1.057952e+00 -1.289904e-01     255     36    -51
-59.056125 -27.069094 13.874781 9.109107e+16 5.273017 -1.705181e+16 1.559145e+16 -5.161359e+16 -4.425356e+16 -2.094806e+16 -3.440482e+16  9.848742e+15 -1.345676e+16 -9.960644e+16  -7.318807e-01 -9.887656e-02     256     40    -50
-48.086936 -30.058099 21.854965 1.029653e+17 5.308494 -1.725028e+16 7.029848e+14 -5.604137e+16 -4.741196e+16 -2.809966e+16 -4.315399e+16  4.257971e+15 -1.505433e+16 -1.186656e+17  -2.828403e-01 -3.588210e-02     246     32    -56
-57.366617 -26.672922 15.960461 9.668448e+16 5.290271 -1.778189e+16 1.244130e+16 -5.709272e+16 -4.524288e+16 -2.374841e+16 -3.588851e+16  9.354369e+15 -1.214010e+16 -1.048798e+17  -7.705346e-01 -8.919134e-02     249     35    -50
-56.998770 -26.977700 16.023529 9.255561e+16 5.277635 -1.883467e+16 1.612747e+16 -5.170763e+16 -4.489626e+16 -2.173470e+16 -3.477685e+16  1.011942e+16 -1.304214e+16 -1.014078e+17  -7.759014e-01 -9.978931e-02     256     41    -50
-50.051315 -29.341693 20.606992 1.050056e+17 5.314175 -1.568789e+16 -9.264993e+14 -5.840178e+16 -4.822758e+16 -2.931678e+16 -4.296662e+16  5.260961e+15 -1.364984e+16 -1.205110e+17  -3.854228e-01 -4.365544e-02     244     31    -57
-55.153800 -27.772113 17.074087 8.444080e+16 5.251068 -1.397076e+16 5.986324e+15 -4.918671e+16 -4.078664e+16 -1.995633e+16 -3.270209e+16  8.084555e+15 -1.274575e+16 -9.344506e+16  -6.342940e-01 -8.651667e-02     251     34    -51
-50.873010 -28.868127 20.258863 8.705050e+16 5.259881 -1.370372e+16 3.975577e+14 -4.883651e+16 -4.370655e+16 -1.976266e+16 -3.502621e+16  8.680340e+15 -1.526355e+16 -9.849542e+16  -5.686972e-01 -8.812938e-02     254     34    -53
-51.854452 -27.909903 20.235646 8.561605e+16 5.255070 -1.695291e+16 9.855566e+15 -4.371932e+16 -4.307642e+16 -2.301972e+16 -3.323756e+16  9.838859e+15 -1.021783e+16 -9.933370e+16  -9.629104e-01 -9.904855e-02     254     40    -55
-55.110155 -25.851809 19.038036 9.045877e+16 5.271000 -1.641904e+16 6.746013e+15 -5.577618e+16 -4.269688e+16 -2.127719e+16 -3.237799e+16  1.031889e+16 -1.110080e+16 -9.635206e+16  -9.295629e-01 -1.070957e-01     249     33    -50
-48.783677 -27.695856 23.520467 9.224726e+16 5.276669 -1.692128e+16 9.257023e+14 -5.158450e+16 -4.637845e+16 -2.229534e+16 -3.539625e+16  1.098220e+16 -1.310091e+16 -1.040700e+17  -8.382776e-01 -1.055270e-01     253     34    -54
-51.565157 -28.304449 20.130394 8.455779e+16 5.251469 -1.627313e+16 1.192971e+16 -4.046117e+16 -4.501892e+16 -2.130842e+16 -3.332413e+16  1.169479e+16 -1.201571e+16 -9.965147e+16  -9.732919e-01 -1.173569e-01     260     44    -56
-53.918855 -25.181352 20.899793 7.679888e+16 5.223603 -1.746334e+16 1.291325e+16 -4.204755e+16 -4.015640e+16 -1.709920e+16 -2.666820e+16  1.348820e+16 -9.569000e+15 -8.392381e+16  -1.409572e+00 -1.607196e-01     260     43    -51
-55.714826 -24.621144 19.664031 9.279626e+16 5.278387 -1.866070e+16 7.804923e+15 -6.085017e+16 -4.513814e+16 -1.596226e+16 -3.148028e+16  1.365786e+16 -1.551802e+16 -9.258067e+16  -8.801292e-01 -1.475239e-01     255     34    -44
-50.213730 -30.964014 18.822257 9.093568e+16 5.272523 -1.640761e+16 1.159281e+16 -4.283622e+16 -4.688091e+16 -2.184825e+16 -3.942352e+16  7.457394e+15 -1.757527e+16 -1.081527e+17  -4.243118e-01 -6.895247e-02     260     43    -56
-49.441136 -28.285912 22.272952 9.610747e+16 5.288538 -1.782990e+16 3.329311e+15 -5.403589e+16 -4.607332e+16 -2.446342e+16 -3.776645e+16  8.306876e+15 -1.330303e+16 -1.083032e+17  -6.244348e-01 -7.670020e-02     250     34    -53
-45.658490 -31.177471 23.164039 1.012794e+17 5.303714 -1.864032e+16 4.635041e+15 -4.536440e+16 -5.169503e+16 -2.818250e+16 -4.402368e+16  7.671354e+15 -1.584118e+16 -1.239012e+17  -4.842665e-01 -6.191508e-02     253     39    -59
-48.819851 -31.012068 20.168081 9.588361e+16 5.287863 -1.352313e+16 3.428617e+14 -4.427910e+16 -5.119046e+16 -2.431594e+16 -4.158175e+16  9.608714e+15 -1.726581e+16 -1.170882e+17  -5.565169e-01 -8.206393e-02     258     38    -59
-52.864103 -28.887724 18.248173 9.219841e+16 5.276516 -1.664321e+16 8.551711e+15 -5.093767e+16 -4.704467e+16 -1.914807e+16 -3.719416e+16  9.850511e+15 -1.804609e+16 -1.033869e+17  -5.458528e-01 -9.527814e-02     259     39    -51
-51.061708 -29.391644 19.546649 9.304844e+16 5.279173 -1.588074e+16 5.729111e+15 -4.797980e+16 -4.786249e+16 -2.260974e+16 -3.818160e+16  9.680893e+15 -1.557185e+16 -1.086538e+17  -6.216917e-01 -8.909849e-02     257     38    -55
-57.943998 -26.741811 15.314191 7.839646e+16 5.229564 -1.493717e+16 1.731307e+16 -3.938192e+16 -4.052566e+16 -1.925810e+16 -2.919540e+16  1.133026e+16 -9.937298e+15 -8.897916e+16  -1.140175e+00 -1.273361e-01     263     47    -55
-59.872375 -20.674414 19.453210 8.939147e+16 5.267564 -1.837987e+16 1.034492e+16 -6.417411e+16 -4.024917e+16 -1.556182e+16 -2.502219e+16  1.522698e+16 -9.460374e+15 -8.083318e+16  -1.609554e+00 -1.883754e-01     248     29    -42
-56.988132 -27.384700 15.627168 8.758940e+16 5.261668 -1.586965e+16 1.127151e+16 -5.012986e+16 -4.373200e+16 -1.896136e+16 -3.345412e+16  1.027788e+16 -1.449276e+16 -9.614749e+16  -7.091738e-01 -1.068971e-01     257     39    -50
-56.551283 -27.602872 15.845845 8.480577e+16 5.252317 -1.576365e+16 1.123654e+16 -4.876669e+16 -4.220887e+16 -1.766025e+16 -3.266174e+16  9.547129e+15 -1.500149e+16 -9.253086e+16  -6.364120e-01 -1.031778e-01     258     40    -49
-55.795365 -29.081955 15.122680 9.642224e+16 5.289485 -1.626461e+16 1.066294e+16 -5.396627e+16 -4.614442e+16 -2.270962e+16 -3.927423e+16  6.870193e+15 -1.656462e+16 -1.081283e+17  -4.147511e-01 -6.353744e-02     253     37    -51
-58.074128 -25.655698 16.270173 9.199910e+16 5.275889 -1.617519e+16 9.660172e+15 -6.065336e+16 -4.136974e+16 -1.854603e+16 -3.273524e+16  8.634504e+15 -1.418921e+16 -9.265100e+16  -6.085260e-01 -9.319385e-02     247     30    -46
-51.394871 -30.061933 18.543196 8.979626e+16 5.268872 -1.699570e+16 1.579568e+16 -4.068146e+16 -4.636344e+16 -2.284894e+16 -3.776269e+16  8.600755e+15 -1.491375e+16 -1.069751e+17  -5.766998e-01 -8.039962e-02     261     46    -57
-51.002781 -27.945649 21.051570 8.966225e+16 5.268440 -1.549883e+16 2.105760e+15 -5.453203e+16 -4.192190e+16 -2.006845e+16 -3.482750e+16  7.094391e+15 -1.475905e+16 -9.681785e+16  -4.806806e-01 -7.327565e-02     250     32    -50
-51.970634 -27.674770 20.354595 7.922020e+16 5.232591 -1.738098e+16 1.815018e+16 -3.797543e+16 -4.194733e+16 -1.761958e+16 -3.047465e+16  1.147268e+16 -1.285507e+16 -9.004157e+16  -8.924636e-01 -1.274154e-01     264     49    -55
-56.109418 -28.672623 15.217958 9.477730e+16 5.284503 -1.731690e+16 1.323953e+16 -5.275734e+16 -4.538214e+16 -2.214687e+16 -3.802757e+16  7.354571e+15 -1.588069e+16 -1.055566e+17  -4.631140e-01 -6.967421e-02     254     39    -50
-47.143570 -32.561466 20.294964 1.052484e+17 5.314844 -1.549611e+16 2.178274e+15 -4.546880e+16 -5.499462e+16 -2.768648e+16 -4.796791e+16  7.026707e+15 -2.028143e+16 -1.306490e+17  -3.464602e-01 -5.378308e-02     257     39    -60
-54.857013 -27.203055 17.939932 7.907898e+16 5.232074 -1.434599e+16 1.267313e+16 -4.003279e+16 -4.305385e+16 -1.784677e+16 -2.993249e+16  1.312136e+16 -1.208572e+16 -9.083311e+16  -1.085691e+00 -1.444557e-01     264     45    -55
-57.311767 -24.524177 18.164056 7.639664e+16 5.222083 -1.682633e+16 1.532532e+16 -4.234553e+16 -3.991707e+16 -1.649290e+16 -2.584022e+16  1.407685e+16 -9.347321e+15 -8.225018e+16  -1.505977e+00 -1.711468e-01     262     45    -51
-67.686955 -21.301889 11.011156 7.600396e+16 5.220591 -1.696834e+16 1.813896e+16 -5.022680e+16 -3.706466e+16 -1.100540e+16 -2.212247e+16  1.494219e+16 -1.111707e+16 -7.019253e+16  -1.344076e+00 -2.128744e-01     262     43    -43
-53.968280 -26.384662 19.647059 8.370075e+16 5.248520 -1.587573e+16 6.255604e+15 -5.027420e+16 -4.223251e+16 -1.688367e+16 -3.061009e+16  1.162242e+16 -1.372642e+16 -8.972627e+16  -8.467185e-01 -1.295319e-01     257     36    -49
-62.992682 -25.269045 11.738273 7.560581e+16 5.219070 -1.508089e+16 1.605503e+16 -4.585978e+16 -3.727872e+16 -1.343656e+16 -2.654281e+16  1.073591e+16 -1.310625e+16 -7.725808e+16  -8.191443e-01 -1.389616e-01     262     44    -47
-56.443659 -28.291070 15.265271 9.509378e+16 5.285468 -1.520578e+16 9.135247e+15 -5.247603e+16 -4.602246e+16 -2.456568e+16 -3.761482e+16  8.407638e+15 -1.304915e+16 -1.082030e+17  -6.443056e-01 -7.770247e-02     251     36    -53
-48.643898 -31.732981 19.623121 1.039098e+17 5.311138 -1.604076e+16 1.073985e+15 -5.473497e+16 -5.079658e+16 -2.370449e+16 -4.616318e+16  4.633399e+15 -2.245869e+16 -1.206643e+17  -2.063076e-01 -3.839910e-02     254     35    -54
-55.186530 -23.754620 21.058850 9.046502e+16 5.271020 -1.712309e+16 5.583815e+15 -6.038705e+16 -4.188639e+16 -1.898618e+16 -2.947018e+16  1.241621e+16 -1.048400e+16 -9.034274e+16  -1.184301e+00 -1.374345e-01     248     30    -47
-55.303996 -29.643051 15.052953 8.867973e+16 5.265250 -1.561047e+16 1.291277e+16 -4.633371e+16 -4.362098e+16 -2.111100e+16 -3.685565e+16  6.765329e+15 -1.574465e+16 -1.015876e+17  -4.296908e-01 -6.659599e-02     258     41    -53
-55.117667 -30.251331 14.631002 9.452682e+16 5.283737 -1.645881e+16 1.810797e+16 -4.481086e+16 -4.725666e+16 -2.366535e+16 -4.014082e+16  7.115841e+15 -1.647547e+16 -1.110628e+17  -4.319051e-01 -6.407040e-02     261     46    -56
-54.020573 -24.336528 21.642899 8.350503e+16 5.247842 -1.471644e+16 1.288827e+15 -5.530561e+16 -4.102193e+16 -1.505626e+16 -2.791677e+16  1.310516e+16 -1.286051e+16 -8.399495e+16  -1.019024e+00 -1.560232e-01     254     31    -46
-53.151891 -24.697634 22.150474 8.075019e+16 5.238129 -1.804897e+16 9.835613e+15 -4.621753e+16 -4.156282e+16 -1.844512e+16 -2.741905e+16  1.414378e+16 -8.973928e+15 -8.742699e+16  -1.576096e+00 -1.617781e-01     257     40    -50
-54.641661 -25.436315 19.922023 9.086013e+16 5.272282 -1.619501e+16 5.340445e+15 -5.613915e+16 -4.283228e+16 -2.226503e+16 -3.192869e+16  1.090360e+16 -9.663652e+15 -9.702600e+16  -1.128310e+00 -1.123781e-01     248     32    -51
-60.728438 -26.704511 12.567051 7.975400e+16 5.234535 -1.482081e+16 1.704463e+16 -4.375846e+16 -4.004696e+16 -1.750969e+16 -2.971155e+16  1.033541e+16 -1.220185e+16 -8.726820e+16  -8.470364e-01 -1.184327e-01     263     46    -51
-50.186368 -28.423801 21.389831 9.311624e+16 5.279384 -1.695621e+16 4.817210e+15 -4.824076e+16 -4.667907e+16 -2.529755e+16 -3.681464e+16  9.864437e+15 -1.151709e+16 -1.087913e+17  -8.565047e-01 -9.067306e-02     252     37    -56
-52.349132 -31.585376 16.065491 9.559064e+16 5.286977 -1.711162e+16 1.634930e+16 -4.413330e+16 -4.696699e+16 -2.425541e+16 -4.239723e+16  4.569762e+15 -1.814182e+16 -1.136196e+17  -2.518910e-01 -4.021983e-02     259     44    -56
-53.059416 -26.866182 20.074403 9.913816e+16 5.297527 -1.748112e+16 6.688302e+15 -6.469009e+16 -4.248618e+16 -2.224313e+16 -3.695390e+16  5.532272e+15 -1.471078e+16 -1.016832e+17  -3.760693e-01 -5.440694e-02     243     28    -48
-61.503805 -22.869415 15.626780 8.013760e+16 5.235924 -1.669750e+16 1.313160e+16 -5.102387e+16 -3.947433e+16 -1.560987e+16 -2.515649e+16  1.431784e+16 -9.546619e+15 -8.024070e+16  -1.499781e+00 -1.784361e-01     256     38    -46
-49.966260 -30.371155 19.662586 1.045924e+17 5.313033 -1.660393e+16 2.303967e+15 -5.451718e+16 -5.060592e+16 -2.768173e+16 -4.440985e+16  6.196070e+15 -1.672813e+16 -1.226975e+17  -3.703983e-01 -5.049874e-02     250     35    -56
-62.543049 -24.281832 13.175119 7.922121e+16 5.232594 -1.620038e+16 1.637381e+16 -4.747393e+16 -3.821941e+16 -1.741942e+16 -2.660517e+16  1.161424e+16 -9.185752e+15 -8.224400e+16  -1.264376e+00 -1.412169e-01     256     41    -48
-47.719180 -25.516835 26.763985 9.332636e+16 5.280036 -1.742096e+16 -1.436664e+15 -6.289239e+16 -4.100798e+16 -1.934006e+16 -3.266001e+16  8.347976e+15 -1.331995e+16 -9.300805e+16  -6.267271e-01 -8.975541e-02     247     27    -48
-55.178144 -26.628122 18.193735 8.543255e+16 5.254449 -1.626524e+16 1.041188e+16 -4.775653e+16 -4.469777e+16 -1.826109e+16 -3.159622e+16  1.310155e+16 -1.333512e+16 -9.455508e+16  -9.824847e-01 -1.385600e-01     260     41    -51
-54.779380 -27.887818 17.332801 9.208287e+16 5.276153 -1.708656e+16 1.167107e+16 -4.876463e+16 -4.504681e+16 -2.467180e+16 -3.581250e+16  9.234311e+15 -1.114070e+16 -1.055311e+17  -8.288808e-01 -8.750321e-02     253     39    -53
-48.859010 -26.600954 24.540036 8.037590e+16 5.236784 -1.680520e+16 5.063672e+15 -4.358987e+16 -4.264250e+16 -1.846431e+16 -2.950113e+16  1.314138e+16 -1.103682e+16 -9.060794e+16  -1.190685e+00 -1.450356e-01     257     39    -53
-50.381965 -27.797623 21.820413 9.058604e+16 5.271408 -1.736690e+16 4.835234e+15 -5.108515e+16 -4.496973e+16 -2.134612e+16 -3.495986e+16  1.000986e+16 -1.361374e+16 -1.012757e+17  -7.352764e-01 -9.883775e-02     254     36    -52
-51.765477 -30.187928 18.046595 8.868512e+16 5.265267 -1.670199e+16 1.228021e+16 -4.296886e+16 -4.368523e+16 -2.344643e+16 -3.747506e+16  6.210174e+15 -1.402863e+16 -1.046067e+17  -4.426785e-01 -5.936688e-02     255     41    -55
-52.914044 -28.681513 18.404444 8.674155e+16 5.258851 -1.209254e+16 -3.739727e+14 -4.909455e+16 -4.366124e+16 -1.975189e+16 -3.472386e+16  8.937381e+15 -1.497197e+16 -9.813698e+16  -5.969409e-01 -9.107047e-02     254     34    -53
-58.722720 -26.649301 14.627979 9.041590e+16 5.270863 -1.228678e+16 4.958255e+15 -5.626759e+16 -4.258204e+16 -2.094442e+16 -3.356277e+16  9.019273e+15 -1.261834e+16 -9.708923e+16  -7.147749e-01 -9.289675e-02     246     30    -51
-48.718267 -26.886964 24.394769 1.000195e+17 5.300090 -1.499168e+16 -6.825551e+15 -6.360183e+16 -4.684019e+16 -2.099341e+16 -3.714209e+16  9.698099e+15 -1.614869e+16 -1.049757e+17  -6.005503e-01 -9.238423e-02     249     28    -51
-49.929962 -26.010467 24.059571 9.112199e+16 5.273115 -1.542202e+16 -2.652741e+15 -5.774503e+16 -4.386890e+16 -1.905553e+16 -3.266306e+16  1.120584e+16 -1.360752e+16 -9.558750e+16  -8.235035e-01 -1.172313e-01     251     30    -50
-52.547780 -29.521925 17.930295 1.001111e+17 5.300355 -1.789333e+16 1.003202e+16 -5.209975e+16 -4.897231e+16 -2.577140e+16 -4.133202e+16  7.640291e+15 -1.556062e+16 -1.160757e+17  -4.910018e-01 -6.582160e-02     253     38    -54
-52.383618 -30.501974 17.114408 9.123698e+16 5.273481 -1.706348e+16 1.521317e+16 -4.258579e+16 -4.503136e+16 -2.423302e+16 -3.900193e+16  6.029426e+15 -1.476891e+16 -1.082663e+17  -4.082513e-01 -5.569069e-02     257     44    -56
-49.264355 -29.917596 20.818049 1.047172e+17 5.313379 -1.710514e+16 1.102168e+15 -5.820043e+16 -4.900893e+16 -2.664128e+16 -4.372113e+16  5.287797e+15 -1.707986e+16 -1.193713e+17  -3.095925e-01 -4.429704e-02     248     32    -54
-53.862679 -31.789294 14.348026 1.003697e+17 5.301102 -1.572349e+16 1.173437e+16 -4.980095e+16 -4.805077e+16 -2.554826e+16 -4.486878e+16  3.181994e+15 -1.932052e+16 -1.184678e+17  -1.646951e-01 -2.685956e-02     255     40    -55
-57.045840 -25.190856 17.763304 7.465318e+16 5.215399 -1.578609e+16 1.084946e+16 -4.524699e+16 -3.770337e+16 -1.398196e+16 -2.600884e+16  1.169452e+16 -1.202688e+16 -7.769417e+16  -9.723655e-01 -1.505200e-01     259     40    -47
-55.254512 -24.334849 20.410640 8.238661e+16 5.243938 -1.623421e+16 5.725691e+15 -5.318013e+16 -4.108621e+16 -1.490412e+16 -2.757451e+16  1.351170e+16 -1.267039e+16 -8.356484e+16  -1.066399e+00 -1.616912e-01     256     35    -46
-57.351252 -25.341602 17.307146 9.004449e+16 5.269671 -1.677116e+16 9.106081e+15 -5.585843e+16 -4.405848e+16 -1.885035e+16 -3.158746e+16  1.247101e+16 -1.273712e+16 -9.449629e+16  -9.791078e-01 -1.319736e-01     254     35    -48
-64.683396 -23.557209 11.759395 7.826302e+16 5.229071 -1.747181e+16 2.107666e+16 -4.647640e+16 -3.745349e+16 -1.580215e+16 -2.544585e+16  1.200765e+16 -9.643702e+15 -7.870149e+16  -1.245128e+00 -1.525720e-01     261     46    -47
-50.681767 -27.851508 21.466725 9.726431e+16 5.292002 -1.635763e+16 1.687118e+15 -5.613465e+16 -4.514063e+16 -2.628346e+16 -3.762870e+16  7.511936e+15 -1.134524e+16 -1.090528e+17  -6.621222e-01 -6.888348e-02     246     31    -54
-52.815992 -29.577637 17.606371 8.416645e+16 5.250126 -1.500097e+16 1.005440e+16 -4.224669e+16 -4.256811e+16 -2.107870e+16 -3.482769e+16  7.740423e+15 -1.374898e+16 -9.847450e+16  -5.629815e-01 -7.860333e-02     257     41    -55
-54.238561 -27.362323 18.399116 8.368153e+16 5.248453 -1.585265e+16 9.444496e+15 -4.626076e+16 -4.289550e+16 -1.879369e+16 -3.186058e+16  1.103492e+16 -1.306689e+16 -9.354976e+16  -8.444945e-01 -1.179577e-01     258     40    -51
-52.036555 -29.956196 18.007250 8.898821e+16 5.266255 -1.614739e+16 1.030125e+16 -4.428623e+16 -4.398313e+16 -2.331385e+16 -3.730335e+16  6.679779e+15 -1.398950e+16 -1.046003e+17  -4.774853e-01 -6.386001e-02     255     40    -55
-55.567979 -27.027287 17.404733 8.763853e+16 5.261830 -1.557730e+16 8.099950e+15 -5.057463e+16 -4.357007e+16 -2.018403e+16 -3.295746e+16  1.061261e+16 -1.277343e+16 -9.671156e+16  -8.308348e-01 -1.097347e-01     254     37    -51
-45.637438 -30.192405 24.170157 8.417859e+16 5.250168 -1.566493e+16 9.649307e+15 -3.502481e+16 -4.746765e+16 -2.049456e+16 -3.535312e+16  1.211453e+16 -1.485856e+16 -1.033153e+17  -8.153233e-01 -1.172578e-01     262     45    -60
-50.029451 -29.975009 19.995540 9.712411e+16 5.291585 -1.829814e+16 9.348231e+15 -4.980585e+16 -4.956766e+16 -2.219520e+16 -4.066543e+16  8.902223e+15 -1.847023e+16 -1.124283e+17  -4.819769e-01 -7.918135e-02     258     40    -53
-50.656007 -24.679261 24.664732 8.726237e+16 5.260585 -1.634154e+16 1.748938e+14 -5.829284e+16 -4.067320e+16 -1.709781e+16 -2.952426e+16  1.114894e+16 -1.242645e+16 -8.729527e+16  -8.971942e-01 -1.277153e-01     251     29    -47
-53.123246 -28.813148 18.063606 9.471121e+16 5.284301 -1.687368e+16 6.336788e+15 -5.798645e+16 -4.502246e+16 -1.728953e+16 -3.810986e+16  6.912600e+15 -2.082033e+16 -1.004218e+17  -3.320121e-01 -6.883562e-02     255     34    -47
-51.160992 -29.839524 18.999484 9.429253e+16 5.283018 -1.879778e+16 1.229160e+16 -4.889467e+16 -4.654360e+16 -2.201474e+16 -3.933067e+16  7.212931e+15 -1.731593e+16 -1.078890e+17  -4.165488e-01 -6.685510e-02     257     41    -52
-53.288926 -29.038547 17.672527 9.831167e+16 5.295103 -1.795366e+16 1.163944e+16 -5.116608e+16 -4.931966e+16 -2.409652e+16 -3.989907e+16  9.420594e+15 -1.580255e+16 -1.133152e+17  -5.961440e-01 -8.313616e-02     257     40    -53
-61.606078 -22.872890 15.521032 8.572632e+16 5.255443 -1.674675e+16 1.229229e+16 -5.486031e+16 -4.212908e+16 -1.753370e+16 -2.691747e+16  1.521160e+16 -9.383777e+15 -8.658024e+16  -1.621053e+00 -1.756937e-01     254     36    -46
-69.330168 -20.703073 9.966759 7.086309e+16 5.200313 -1.537635e+16 1.930037e+16 -4.449092e+16 -3.472155e+16 -1.312423e+16 -1.999457e+16  1.472699e+16 -6.870337e+15 -6.784035e+16  -2.143561e+00 -2.170830e-01     263     46    -46
-50.890098 -28.710536 20.399367 1.051190e+17 5.314487 -1.663836e+16 6.490565e+14 -6.246552e+16 -4.896571e+16 -2.471787e+16 -4.204647e+16  6.919238e+15 -1.732860e+16 -1.157301e+17  -3.992958e-01 -5.978774e-02     248     31    -52
-54.605259 -26.221903 19.172839 7.914744e+16 5.232325 -1.605021e+16 1.204387e+16 -4.246816e+16 -4.200803e+16 -1.764154e+16 -2.876484e+16  1.324318e+16 -1.112331e+16 -8.841441e+16  -1.190580e+00 -1.497853e-01     261     43    -52
-43.539013 -34.924053 21.536934 1.050045e+17 5.314172 -1.743846e+16 1.053680e+16 -3.761579e+16 -5.443460e+16 -2.787255e+16 -5.124217e+16  3.192429e+15 -2.336962e+16 -1.335493e+17  -1.366059e-01 -2.390449e-02     258     44    -63
-50.325990 -29.033914 20.640095 9.521810e+16 5.285846 -1.894528e+16 1.103444e+16 -4.603529e+16 -4.565173e+16 -2.891026e+16 -3.853025e+16  7.121472e+15 -9.619994e+15 -1.130922e+17  -7.402783e-01 -6.297048e-02     249     39    -57
-54.098583 -23.915629 21.985788 8.129630e+16 5.240081 -1.625163e+16 5.206573e+15 -5.209886e+16 -3.889940e+16 -1.800640e+16 -2.665510e+16  1.224430e+16 -8.648695e+15 -8.356091e+16  -1.415740e+00 -1.465315e-01     251     33    -48
-46.924371 -30.393237 22.682392 8.913465e+16 5.266731 -1.750212e+16 9.248902e+15 -4.173203e+16 -4.744269e+16 -2.083230e+16 -3.775733e+16  9.685367e+15 -1.692503e+16 -1.060323e+17  -5.722512e-01 -9.134354e-02     260     42    -56
-52.314883 -30.956313 16.728803 9.328005e+16 5.279893 -1.496096e+16 1.104148e+16 -4.398335e+16 -4.824618e+16 -2.293354e+16 -4.050343e+16  7.742752e+15 -1.756989e+16 -1.116831e+17  -4.406830e-01 -6.932785e-02     261     43    -56
-64.404221 -16.337949 19.257830 7.446669e+16 5.214675 -1.428790e+16 9.122853e+15 -5.866445e+16 -3.249701e+16 -9.004682e+15 -1.605480e+16  1.644221e+16 -7.050115e+15 -5.755649e+16  -2.332190e+00 -2.856709e-01     245     24    -38
-48.663519 -30.513898 20.822583 1.036701e+17 5.310469 -1.680875e+16 1.053591e+15 -5.390946e+16 -5.112202e+16 -2.610502e+16 -4.418246e+16  6.939561e+15 -1.807743e+16 -1.214095e+17  -3.838798e-01 -5.715830e-02     252     35    -56
-55.309347 -28.022021 16.668631 8.594866e+16 5.256193 -1.493670e+16 1.217387e+16 -4.458036e+16 -4.567103e+16 -1.922329e+16 -3.361675e+16  1.205428e+16 -1.439346e+16 -9.851108e+16  -8.374835e-01 -1.223647e-01     263     44    -54
-53.325977 -28.608707 18.065316 8.498740e+16 5.252936 -1.522293e+16 9.079683e+15 -4.376145e+16 -4.292784e+16 -2.193637e+16 -3.394043e+16  8.987415e+15 -1.200406e+16 -9.880464e+16  -7.486982e-01 -9.096146e-02     255     40    -54
-58.901030 -25.804080 15.294890 8.352469e+16 5.247910 -1.805715e+16 2.009627e+16 -4.543025e+16 -4.194448e+16 -1.800807e+16 -2.992854e+16  1.201594e+16 -1.192047e+16 -8.988110e+16  -1.008009e+00 -1.336871e-01     263     47    -51
-48.433702 -30.373160 21.193138 9.735904e+16 5.292284 -1.640391e+16 3.203204e+15 -4.471412e+16 -4.841197e+16 -2.951956e+16 -4.127840e+16  7.133569e+15 -1.175884e+16 -1.192099e+17  -6.066558e-01 -5.984040e-02     249     37    -60
-53.030022 -27.900783 19.069195 9.214815e+16 5.276358 -1.605156e+16 4.874728e+15 -5.782893e+16 -4.240212e+16 -1.873255e+16 -3.580068e+16  6.601433e+15 -1.706813e+16 -9.693535e+16  -3.867695e-01 -6.810140e-02     250     31    -48
-43.631914 -31.094898 25.273188 9.096456e+16 5.272615 -1.573822e+16 -6.804341e+14 -3.858670e+16 -4.869781e+16 -2.502747e+16 -3.933470e+16  9.363112e+15 -1.430723e+16 -1.130600e+17  -6.544321e-01 -8.281544e-02     255     38    -62
-47.188353 -31.690259 21.121389 8.858621e+16 5.264944 -1.555420e+16 8.127230e+15 -4.010068e+16 -4.715401e+16 -2.062548e+16 -3.924268e+16  7.911336e+15 -1.861720e+16 -1.070222e+17  -4.249477e-01 -7.392241e-02     261     43    -57
-57.954329 -27.096290 14.949381 8.424633e+16 5.250401 -1.555706e+16 1.319932e+16 -4.663506e+16 -4.166650e+16 -2.021040e+16 -3.182994e+16  9.836560e+15 -1.161954e+16 -9.370684e+16  -8.465535e-01 -1.049716e-01     256     40    -51
-52.353524 -27.892964 19.753512 8.980085e+16 5.268887 -1.555227e+16 5.658135e+15 -4.752810e+16 -4.686141e+16 -2.197847e+16 -3.485587e+16  1.200554e+16 -1.287739e+16 -1.036958e+17  -9.322960e-01 -1.157766e-01     257     38    -54
-52.413859 -29.482874 18.103267 9.627282e+16 5.289036 -1.673801e+16 6.543866e+15 -5.512309e+16 -4.646709e+16 -2.064180e+16 -3.968609e+16  6.780997e+15 -1.904429e+16 -1.067950e+17  -3.560646e-01 -6.349546e-02     254     36    -50
-54.125777 -28.586918 17.287305 9.563991e+16 5.287126 -1.591022e+16 6.929788e+15 -5.429104e+16 -4.551318e+16 -2.368787e+16 -3.818937e+16  7.323810e+15 -1.450150e+16 -1.073904e+17  -5.050381e-01 -6.819798e-02     250     35    -52
-50.816508 -29.123137 20.060355 9.479342e+16 5.284552 -1.905967e+16 1.051305e+16 -5.026696e+16 -4.667100e+16 -2.279119e+16 -3.850474e+16  8.166262e+15 -1.571355e+16 -1.079669e+17  -5.196954e-01 -7.563669e-02     255     39    -52
-49.706718 -31.071067 19.222216 9.744705e+16 5.292546 -1.776197e+16 1.537296e+16 -4.095729e+16 -5.022225e+16 -2.666382e+16 -4.238130e+16  7.840951e+15 -1.571748e+16 -1.192674e+17  -4.988681e-01 -6.574263e-02     259     45    -59
-50.204918 -31.234205 18.560877 9.325172e+16 5.279805 -1.492581e+16 7.611885e+15 -4.209642e+16 -4.818425e+16 -2.494541e+16 -4.080101e+16  7.383244e+15 -1.585560e+16 -1.139307e+17  -4.656553e-01 -6.480471e-02     257     41    -58
-44.468193 -33.406902 22.124904 9.767209e+16 5.293214 -1.715460e+16 7.113467e+15 -3.801006e+16 -4.985188e+16 -2.769155e+16 -4.559008e+16  4.261796e+15 -1.789853e+16 -1.231335e+17  -2.381087e-01 -3.461117e-02     255     41    -62
-57.454665 -26.381978 16.163357 8.483302e+16 5.252410 -1.597206e+16 1.173814e+16 -4.834373e+16 -4.188149e+16 -2.027766e+16 -3.111412e+16  1.076737e+16 -1.083646e+16 -9.327326e+16  -9.936237e-01 -1.154389e-01     255     39    -51
-51.161207 -28.719636 20.119157 9.458921e+16 5.283928 -1.455948e+16 2.175483e+14 -5.218538e+16 -4.578241e+16 -2.496210e+16 -3.785780e+16  7.924609e+15 -1.289570e+16 -1.086023e+17  -6.145156e-01 -7.296908e-02     249     33    -56
-59.306634 -24.814197 15.879169 9.357731e+16 5.280814 -1.742761e+16 1.289297e+16 -6.329496e+16 -4.053407e+16 -1.847228e+16 -3.211976e+16  8.414309e+15 -1.364748e+16 -9.112611e+16  -6.165468e-01 -9.233698e-02     244     29    -44
-51.380231 -30.652016 17.967754 1.007313e+17 5.302143 -1.751182e+16 8.854053e+15 -5.155656e+16 -4.794649e+16 -2.675996e+16 -4.324849e+16  4.698003e+15 -1.648853e+16 -1.179549e+17  -2.849256e-01 -3.982879e-02     251     37    -55
-53.975240 -30.089376 15.935384 9.637133e+16 5.289332 -1.695355e+16 2.033426e+16 -4.223390e+16 -4.907251e+16 -2.563737e+16 -4.065587e+16  8.416635e+15 -1.501850e+16 -1.153658e+17  -5.604179e-01 -7.295610e-02     262     48    -58
-50.916889 -29.422007 19.661104 9.266133e+16 5.277966 -1.583626e+16 5.051040e+15 -4.961972e+16 -4.780240e+16 -2.038280e+16 -3.805986e+16  9.742540e+15 -1.767706e+16 -1.062451e+17  -5.511402e-01 -9.169875e-02     258     38    -53
-55.789996 -28.008529 16.201475 9.344812e+16 5.280414 -1.660901e+16 1.124494e+16 -5.119770e+16 -4.589376e+16 -2.316241e+16 -3.654491e+16  9.348853e+15 -1.338250e+16 -1.056011e+17  -6.985881e-01 -8.852990e-02     254     38    -52
-62.658711 -18.246250 19.095039 7.868388e+16 5.230624 -1.753398e+16 1.053283e+16 -5.633281e+16 -3.768590e+16 -1.250090e+16 -1.917951e+16  1.850639e+16 -6.678608e+15 -6.936631e+16  -2.770995e+00 -2.667922e-01     253     33    -41
-52.657040 -23.860581 23.482379 8.680390e+16 5.259060 -1.824608e+16 5.059622e+15 -5.500210e+16 -4.263959e+16 -1.846087e+16 -2.834390e+16  1.429569e+16 -9.883033e+15 -8.944436e+16  -1.446488e+00 -1.598278e-01     253     34    -48
-46.490876 -27.861198 25.647926 7.956344e+16 5.233842 -1.680703e+16 1.373775e+16 -3.371409e+16 -4.554322e+16 -1.915704e+16 -3.064690e+16  1.489632e+16 -1.148987e+16 -9.534716e+16  -1.296474e+00 -1.562324e-01     263     47    -59
-48.808972 -24.451191 26.739837 8.948377e+16 5.267863 -1.662861e+16 -2.285179e+15 -5.997749e+16 -4.131339e+16 -1.817059e+16 -2.989602e+16  1.141737e+16 -1.172543e+16 -8.938000e+16  -9.737276e-01 -1.277397e-01     250     28    -48
-48.550521 -27.906486 23.542993 9.621735e+16 5.288869 -1.700440e+16 -5.069969e+14 -5.411215e+16 -4.731876e+16 -2.412303e+16 -3.721819e+16  1.010057e+16 -1.309515e+16 -1.086600e+17  -7.713216e-01 -9.295578e-02     251     33    -54
-52.391246 -26.910929 20.697825 9.844459e+16 5.295495 -1.667746e+16 2.446559e+15 -5.885451e+16 -4.712437e+16 -2.390615e+16 -3.673862e+16  1.038575e+16 -1.283247e+16 -1.077691e+17  -8.093340e-01 -9.637038e-02     249     32    -52
-53.217855 -27.162401 19.619744 8.291759e+16 5.245798 -1.767470e+16 1.673501e+16 -3.910747e+16 -4.255182e+16 -2.262318e+16 -3.128742e+16  1.126441e+16 -8.664238e+15 -9.646242e+16  -1.300103e+00 -1.167751e-01     258     45    -56
-51.975576 -27.675663 20.348761 8.454254e+16 5.251417 -1.570682e+16 1.327997e+16 -4.081781e+16 -4.723732e+16 -1.878545e+16 -3.252337e+16  1.471395e+16 -1.373792e+16 -9.854613e+16  -1.071046e+00 -1.493102e-01     265     46    -56
-46.706554 -32.902876 20.390570 1.111990e+17 5.330767 -1.896600e+16 4.849698e+15 -5.266055e+16 -5.153319e+16 -3.153301e+16 -5.121111e+16  3.220786e+14 -1.967811e+16 -1.342773e+17  -1.636736e-02 -2.398608e-03     248     36    -58
-54.639609 -26.056835 19.303556 8.484660e+16 5.252456 -1.619096e+16 7.775565e+15 -4.908617e+16 -4.270393e+16 -1.978868e+16 -3.062259e+16  1.208134e+16 -1.083391e+16 -9.311519e+16  -1.115142e+00 -1.297462e-01     255     37    -51
-47.293950 -32.110003 20.596047 9.701218e+16 5.291251 -1.556348e+16 4.316443e+15 -4.139223e+16 -4.993108e+16 -2.717481e+16 -4.357937e+16  6.351709e+15 -1.640456e+16 -1.206853e+17  -3.871916e-01 -5.263036e-02     255     39    -61
-49.919991 -31.337532 18.742477 9.965128e+16 5.299022 -1.737965e+16 1.098074e+16 -4.517789e+16 -5.040171e+16 -2.667787e+16 -4.374210e+16  6.659606e+15 -1.706423e+16 -1.208217e+17  -3.902669e-01 -5.511929e-02     256     42    -58
-56.570896 -29.284887 14.144218 9.252410e+16 5.277537 -1.643231e+16 1.966030e+16 -4.284466e+16 -4.556203e+16 -2.566157e+16 -3.799025e+16  7.571774e+15 -1.232868e+16 -1.092139e+17  -6.141594e-01 -6.932979e-02     259     46    -57
-50.203709 -29.853362 19.942930 9.551226e+16 5.286739 -1.601487e+16 4.050410e+15 -4.978566e+16 -4.848931e+16 -2.296632e+16 -3.982303e+16  8.666277e+15 -1.685671e+16 -1.112787e+17  -5.141144e-01 -7.787905e-02     256     37    -55
-47.814628 -32.408727 19.776645 9.813176e+16 5.294573 -1.709941e+16 1.949407e+16 -3.482697e+16 -5.100279e+16 -2.758848e+16 -4.453476e+16  6.468026e+15 -1.694628e+16 -1.231260e+17  -3.816782e-01 -5.253175e-02     261     48    -63
-49.138652 -31.950409 18.910939 9.936489e+16 5.298189 -1.638032e+16 6.489998e+15 -4.686170e+16 -4.923045e+16 -2.618947e+16 -4.448282e+16  4.747635e+15 -1.829335e+16 -1.199027e+17  -2.595279e-01 -3.959572e-02     254     39    -57
-52.368229 -26.270759 21.361011 8.309010e+16 5.246400 -1.587089e+16 5.067035e+15 -4.832081e+16 -4.362307e+16 -1.687611e+16 -3.019428e+16  1.342879e+16 -1.331817e+16 -9.069345e+16  -1.008306e+00 -1.480679e-01     259     38    -50
-59.259525 -20.500373 20.240101 7.088580e+16 5.200406 -1.748533e+16 1.300235e+16 -4.428743e+16 -3.703419e+16 -1.280698e+16 -1.964310e+16  1.739109e+16 -6.836122e+15 -6.948427e+16  -2.543999e+00 -2.502881e-01     261     42    -46
-54.991754 -28.194124 16.814122 8.643028e+16 5.257811 -1.536471e+16 1.155999e+16 -4.642282e+16 -4.556716e+16 -1.785968e+16 -3.402212e+16  1.154504e+16 -1.616244e+16 -9.744897e+16  -7.143129e-01 -1.184727e-01     263     43    -52
-60.322276 -23.784726 15.892998 7.976506e+16 5.234575 -1.505435e+16 9.079408e+15 -5.248673e+16 -3.967117e+16 -1.323069e+16 -2.613822e+16  1.353295e+16 -1.290752e+16 -7.904008e+16  -1.048455e+00 -1.712164e-01     257     36    -44
-50.981336 -23.435933 25.582731 7.975954e+16 5.234555 -1.597970e+16 9.974899e+14 -5.002538e+16 -3.976794e+16 -1.810461e+16 -2.547483e+16  1.429311e+16 -7.370224e+15 -8.334738e+16  -1.939305e+00 -1.714884e-01     252     33    -50
-55.829501 -24.335939 19.834560 9.183324e+16 5.275367 -1.634592e+16 5.302629e+15 -5.963784e+16 -4.318335e+16 -2.040824e+16 -3.075464e+16  1.242871e+16 -1.034640e+16 -9.434622e+16  -1.201259e+00 -1.317351e-01     248     31    -48
-52.349643 -27.237743 20.412614 9.513196e+16 5.285584 -1.775735e+16 5.697919e+15 -5.572711e+16 -4.728403e+16 -2.083940e+16 -3.597553e+16  1.130850e+16 -1.513613e+16 -1.040990e+17  -7.471198e-01 -1.086322e-01     255     36    -50
-48.439070 -31.230611 20.330319 9.094537e+16 5.272554 -1.577191e+16 5.688731e+15 -4.333443e+16 -4.592292e+16 -2.355570e+16 -3.972019e+16  6.202731e+15 -1.616450e+16 -1.091988e+17  -3.837256e-01 -5.680218e-02     255     39    -57
-52.345250 -27.084658 20.570092 9.359634e+16 5.280873 -1.781880e+16 6.193650e+15 -5.553959e+16 -4.484559e+16 -2.179695e+16 -3.517600e+16  9.669591e+15 -1.337905e+16 -1.018185e+17  -7.227410e-01 -9.496887e-02     251     34    -50
-52.877214 -31.002604 16.120182 9.296232e+16 5.278905 -1.446057e+16 9.279539e+15 -4.445110e+16 -4.684029e+16 -2.423847e+16 -4.044767e+16  6.392624e+15 -1.620920e+16 -1.115264e+17  -3.943823e-01 -5.731936e-02     257     41    -56
-55.426847 -29.776880 14.796273 8.625013e+16 5.257207 -1.573406e+16 1.344599e+16 -4.652944e+16 -4.242987e+16 -1.814389e+16 -3.602224e+16  6.407631e+15 -1.787835e+16 -9.659601e+16  -3.584018e-01 -6.633433e-02     260     42    -51
-50.901318 -29.956490 19.142192 9.271239e+16 5.278125 -1.604714e+16 7.280675e+15 -4.730868e+16 -4.779923e+16 -2.162323e+16 -3.882486e+16  8.974370e+15 -1.720163e+16 -1.082473e+17  -5.217163e-01 -8.290618e-02     258     40    -54
-51.436583 -31.156769 17.406648 9.923002e+16 5.297795 -1.683495e+16 1.212076e+16 -4.483062e+16 -4.962847e+16 -2.753460e+16 -4.335008e+16  6.278384e+15 -1.581548e+16 -1.205132e+17  -3.969771e-01 -5.209708e-02     256     42    -58
-56.092027 -26.753502 17.154470 9.184521e+16 5.275404 -1.896803e+16 1.512956e+16 -5.104793e+16 -4.442592e+16 -2.261211e+16 -3.417045e+16  1.025547e+16 -1.155834e+16 -1.012085e+17  -8.872784e-01 -1.013301e-01     254     40    -51
-59.011647 -23.262929 17.725424 8.680537e+16 5.259064 -1.779464e+16 1.085434e+16 -6.128655e+16 -3.866130e+16 -1.339582e+16 -2.772028e+16  1.094102e+16 -1.432446e+16 -7.977740e+16  -7.637999e-01 -1.371443e-01     250     30    -40
-49.975556 -27.651618 22.372827 8.101566e+16 5.239079 -1.592687e+16 7.058090e+15 -4.300422e+16 -4.411068e+16 -1.671444e+16 -3.107284e+16  1.303784e+16 -1.435840e+16 -9.189796e+16  -9.080285e-01 -1.418730e-01     262     41    -53
-56.223432 -25.575750 18.200818 8.328480e+16 5.247077 -1.347743e+16 3.423747e+15 -5.116384e+16 -4.270212e+16 -1.677262e+16 -2.948715e+16  1.321496e+16 -1.271453e+16 -8.896189e+16  -1.039359e+00 -1.485463e-01     256     35    -49
-49.769757 -28.973726 21.256517 8.988128e+16 5.269146 -1.547827e+16 2.092235e+15 -4.934143e+16 -4.329101e+16 -2.331482e+16 -3.626843e+16  7.022579e+15 -1.295361e+16 -1.028743e+17  -5.421329e-01 -6.826371e-02     250     34    -54
-51.839737 -26.415483 21.744780 8.015275e+16 5.235979 -1.599338e+16 7.114390e+15 -4.334891e+16 -4.212762e+16 -1.919978e+16 -2.928849e+16  1.283913e+16 -1.008871e+16 -9.061590e+16  -1.272624e+00 -1.416874e-01     257     39    -53
-55.684783 -27.776873 16.538344 9.221819e+16 5.276578 -1.701251e+16 1.026595e+16 -5.468663e+16 -4.396585e+16 -1.989047e+16 -3.573628e+16  8.229571e+15 -1.584582e+16 -9.959260e+16  -5.193529e-01 -8.263235e-02     253     36    -48
-48.962796 -30.217820 20.819384 9.189571e+16 5.275563 -1.621768e+16 7.764592e+15 -4.161668e+16 -4.831778e+16 -2.466726e+16 -3.876958e+16  9.548196e+15 -1.410232e+16 -1.117546e+17  -6.770655e-01 -8.543893e-02     257     41    -58
-54.335339 -26.322216 19.342445 8.044196e+16 5.237022 -1.521260e+16 8.908567e+15 -4.280937e+16 -4.213669e+16 -2.020617e+16 -2.935154e+16  1.278515e+16 -9.145366e+15 -9.169440e+16  -1.397992e+00 -1.394322e-01     257     40    -54
-52.866964 -28.980134 18.152902 9.334662e+16 5.280099 -1.666789e+16 9.369793e+15 -4.782169e+16 -4.524765e+16 -2.619912e+16 -3.778776e+16  7.459891e+15 -1.158864e+16 -1.092345e+17  -6.437245e-01 -6.829242e-02     251     38    -55
-65.918616 -18.936184 15.145200 6.723726e+16 5.185107 -1.410045e+16 1.019847e+16 -4.716853e+16 -3.442291e+16 -8.561184e+15 -1.713115e+16  1.729176e+16 -8.569970e+15 -6.011525e+16  -2.017715e+00 -2.876434e-01     260     37    -41
-46.071174 -32.550505 21.378320 1.039376e+17 5.311215 -1.782407e+16 6.973519e+15 -4.419602e+16 -5.376219e+16 -2.751918e+16 -4.730210e+16  6.460088e+15 -1.978292e+16 -1.285835e+17  -3.265487e-01 -5.024042e-02     257     41    -60
-48.911905 -32.535459 18.552635 1.031465e+17 5.309003 -1.681418e+16 8.662578e+15 -4.650283e+16 -5.206298e+16 -2.655612e+16 -4.705004e+16  5.012939e+15 -2.049392e+16 -1.256691e+17  -2.446061e-01 -3.988997e-02     257     41    -58
-50.192579 -32.167534 17.639887 9.966040e+16 5.299048 -1.630127e+16 1.003370e+16 -4.468463e+16 -4.968089e+16 -2.696486e+16 -4.497511e+16  4.705774e+15 -1.801025e+16 -1.216209e+17  -2.612831e-01 -3.869217e-02     256     41    -58
-43.968901 -32.274941 23.756158 9.841686e+16 5.295413 -1.870195e+16 9.081956e+15 -3.553935e+16 -5.060097e+16 -3.062716e+16 -4.428952e+16  6.311451e+15 -1.366236e+16 -1.255176e+17  -4.619592e-01 -5.028338e-02     252     42    -64
-52.313345 -28.874811 18.811845 8.649190e+16 5.258017 -1.568746e+16 9.665201e+15 -4.403660e+16 -4.519613e+16 -2.038440e+16 -3.485785e+16  1.033828e+16 -1.447345e+16 -1.004384e+17  -7.142928e-01 -1.029316e-01     259     41    -54
-46.375493 -31.433042 22.191465 9.994411e+16 5.299871 -1.627092e+16 -3.041738e+14 -4.639326e+16 -4.977793e+16 -2.829191e+16 -4.385635e+16  5.921583e+15 -1.556444e+16 -1.219262e+17  -3.804560e-01 -4.856695e-02     251     36    -60
-57.713028 -24.489889 17.797083 8.007942e+16 5.235714 -1.626744e+16 1.110955e+16 -4.743465e+16 -4.038873e+16 -1.792888e+16 -2.705299e+16  1.333575e+16 -9.124108e+15 -8.537060e+16  -1.461594e+00 -1.562101e-01     256     39    -49
-47.241579 -30.102034 22.656387 8.468823e+16 5.251915 -1.541311e+16 1.034013e+16 -3.617799e+16 -4.715503e+16 -2.068155e+16 -3.551718e+16  1.163784e+16 -1.483564e+16 -1.033538e+17  -7.844518e-01 -1.126020e-01     262     45    -59
-56.100130 -25.556826 18.343044 8.070186e+16 5.237956 -1.511519e+16 7.698786e+15 -4.814915e+16 -4.179939e+16 -1.616773e+16 -2.854615e+16  1.325324e+16 -1.237843e+16 -8.651327e+16  -1.070672e+00 -1.531931e-01     259     38    -49
-58.925695 -20.054967 21.019338 7.716592e+16 5.224984 -1.540416e+16 6.166229e+15 -5.447500e+16 -3.649479e+16 -1.431829e+16 -2.085372e+16  1.564106e+16 -6.535427e+15 -7.166680e+16  -2.393274e+00 -2.182470e-01     250     30    -44
-54.120204 -24.812105 21.067691 8.188909e+16 5.242184 -1.692496e+16 7.156127e+15 -5.008882e+16 -4.105916e+16 -1.716372e+16 -2.797730e+16  1.308186e+16 -1.081358e+16 -8.620017e+16  -1.209762e+00 -1.517614e-01     255     36    -48
-49.853555 -28.905849 21.240596 1.032816e+17 5.309382 -1.641975e+16 1.890037e+14 -6.296079e+16 -4.621378e+16 -2.421210e+16 -4.157329e+16  4.640487e+15 -1.736118e+16 -1.119992e+17  -2.672909e-01 -4.143323e-02     246     29    -52
-56.511605 -23.835651 19.652744 6.916952e+16 5.193310 -1.594108e+16 1.406683e+16 -3.796246e+16 -3.628619e+16 -1.553760e+16 -2.264767e+16  1.363853e+16 -7.110062e+15 -7.447147e+16  -1.918201e+00 -1.831376e-01     261     45    -51
-62.188923 -20.920647 16.890430 8.244429e+16 5.244140 -1.786780e+16 1.348789e+16 -5.456791e+16 -3.930246e+16 -1.690139e+16 -2.343239e+16  1.587007e+16 -6.531002e+15 -7.963624e+16  -2.429960e+00 -1.992820e-01     252     35    -44
-48.855844 -29.734462 21.409695 9.695513e+16 5.291081 -1.760365e+16 4.435809e+15 -5.059572e+16 -4.652208e+16 -2.637667e+16 -4.019681e+16  6.325272e+15 -1.382013e+16 -1.130956e+17  -4.576853e-01 -5.592856e-02     250     35    -55
-45.357808 -32.436210 22.205982 1.020838e+17 5.306005 -1.687487e+16 1.770929e+15 -4.751072e+16 -5.275126e+16 -2.441765e+16 -4.625261e+16  6.498644e+15 -2.183496e+16 -1.234215e+17  -2.976256e-01 -5.265406e-02     257     38    -57
-54.406547 -23.441826 22.151628 7.559998e+16 5.219048 -1.627107e+16 6.798614e+15 -4.664143e+16 -3.915329e+16 -1.502792e+16 -2.424532e+16  1.490797e+16 -9.217401e+15 -7.842653e+16  -1.617373e+00 -1.900884e-01     258     37    -48
-54.131105 -30.009335 15.859560 8.663140e+16 5.258484 -1.422109e+16 1.036321e+16 -4.300537e+16 -4.366131e+16 -2.202737e+16 -3.644762e+16  7.213685e+15 -1.442025e+16 -1.021363e+17  -5.002469e-01 -7.062802e-02     257     41    -55
-59.835278 -25.844899 14.319823 8.548443e+16 5.254625 -1.541005e+16 1.223326e+16 -5.053017e+16 -4.231892e+16 -1.896327e+16 -3.070467e+16  1.161425e+16 -1.174140e+16 -9.198687e+16  -9.891707e-01 -1.262599e-01     256     38    -49
-55.967255 -25.989224 18.043521 8.531260e+16 5.254042 -1.689347e+16 1.207419e+16 -4.767918e+16 -4.437580e+16 -1.879404e+16 -3.073902e+16  1.363678e+16 -1.194499e+16 -9.390886e+16  -1.141632e+00 -1.452129e-01     260     41    -51
-51.294152 -29.358364 19.347484 8.748146e+16 5.261311 -1.711673e+16 1.347305e+16 -4.152708e+16 -4.501204e+16 -2.227558e+16 -3.586129e+16  9.150748e+15 -1.358572e+16 -1.031489e+17  -6.735565e-01 -8.871395e-02     259     44    -56
-75.276223 -15.100836 9.622941 6.542292e+16 5.177187 -1.452876e+16 1.613763e+16 -4.686467e+16 -3.136828e+16 -9.229542e+15 -1.300473e+16  1.836354e+16 -3.775192e+15 -5.360255e+16  -4.864267e+00 -3.425871e-01     255     36    -39
-53.413514 -21.333197 25.253289 7.943156e+16 5.233362 -1.309323e+16 -2.869139e+15 -5.793870e+16 -3.730707e+16 -1.206243e+16 -2.288350e+16  1.442356e+16 -1.082108e+16 -7.225300e+16  -1.332914e+00 -1.996258e-01     252     26    -44
-57.359715 -26.608293 16.031992 8.588091e+16 5.255964 -1.616365e+16 1.106995e+16 -5.106571e+16 -4.338847e+16 -1.646169e+16 -3.179331e+16  1.159515e+16 -1.533163e+16 -9.164347e+16  -7.562897e-01 -1.265246e-01     259     39    -48
-51.882854 -26.379726 21.737419 7.728052e+16 5.225413 -1.693698e+16 9.103316e+15 -4.406026e+16 -4.024851e+16 -1.528194e+16 -2.819793e+16  1.205057e+16 -1.291600e+16 -8.372838e+16  -9.329959e-01 -1.439246e-01     260     41    -49
-50.445522 -29.489538 20.064940 9.849202e+16 5.295634 -1.805429e+16 6.580105e+15 -5.319135e+16 -4.789251e+16 -2.418929e+16 -4.053644e+16  7.356069e+15 -1.634715e+16 -1.126182e+17  -4.499908e-01 -6.531863e-02     253     36    -53
-53.772397 -29.307242 16.920362 9.145333e+16 5.274166 -1.519740e+16 1.144512e+16 -4.443791e+16 -4.789505e+16 -2.292519e+16 -3.750136e+16  1.039369e+16 -1.457617e+16 -1.083216e+17  -7.130601e-01 -9.595211e-02     260     43    -56
-57.338894 -26.282635 16.378471 9.304424e+16 5.279160 -1.601734e+16 8.506677e+15 -5.827110e+16 -4.372107e+16 -2.017584e+16 -3.398122e+16  9.739851e+15 -1.380538e+16 -9.787813e+16  -7.055113e-01 -9.950998e-02     250     33    -48
-58.016927 -29.175188 12.807886 9.012381e+16 5.269926 -1.496955e+16 1.370675e+16 -4.871174e+16 -4.372154e+16 -2.129434e+16 -3.689139e+16  6.830149e+15 -1.559706e+16 -1.019073e+17  -4.379127e-01 -6.702318e-02     257     40    -52
-50.674134 -28.980005 20.345861 9.851312e+16 5.295696 -1.745130e+16 4.567473e+15 -5.599809e+16 -4.624043e+16 -2.446430e+16 -3.979717e+16  6.443255e+15 -1.533288e+16 -1.105019e+17  -4.202248e-01 -5.830900e-02     249     34    -52
-52.850891 -27.724019 19.425089 9.521974e+16 5.285851 -1.607614e+16 4.255560e+15 -5.782446e+16 -4.397028e+16 -2.242991e+16 -3.673183e+16  7.238447e+15 -1.430192e+16 -1.031320e+17  -5.061171e-01 -7.018622e-02     248     31    -51
-51.566415 -27.733568 20.700018 8.395750e+16 5.249406 -1.714659e+16 1.178978e+16 -4.104730e+16 -4.339459e+16 -2.243864e+16 -3.235920e+16  1.103539e+16 -9.920553e+15 -9.819243e+16  -1.112377e+00 -1.123854e-01     257     42    -56
-48.306515 -31.730090 19.963395 9.619517e+16 5.288802 -1.483848e+16 2.912579e+15 -4.381691e+16 -4.942181e+16 -2.564605e+16 -4.271780e+16  6.704005e+15 -1.707176e+16 -1.177857e+17  -3.926956e-01 -5.691699e-02     255     38    -59
-57.472411 -23.708095 18.819494 8.680263e+16 5.259055 -1.702352e+16 1.008041e+16 -5.758873e+16 -3.863571e+16 -1.951513e+16 -2.827579e+16  1.035992e+16 -8.760663e+15 -8.642663e+16  -1.182550e+00 -1.198696e-01     245     31    -46
-51.104085 -29.606958 19.288957 9.386885e+16 5.281714 -1.646859e+16 6.895184e+15 -4.816110e+16 -4.706187e+16 -2.391428e+16 -3.882395e+16  8.237913e+15 -1.490967e+16 -1.098001e+17  -5.525215e-01 -7.502646e-02     254     38    -55
-59.552215 -26.133591 14.314194 8.670730e+16 5.258737 -1.678018e+16 1.484374e+16 -5.132894e+16 -4.022689e+16 -2.084476e+16 -3.152097e+16  8.705922e+15 -1.067620e+16 -9.259262e+16  -8.154510e-01 -9.402392e-02     251     37    -48
-59.006709 -24.102665 16.890626 7.374701e+16 5.211863 -1.517469e+16 9.992208e+15 -4.741541e+16 -3.585089e+16 -1.363148e+16 -2.450142e+16  1.134947e+16 -1.086994e+16 -7.398380e+16  -1.044115e+00 -1.534048e-01     255     36    -45
-53.306078 -27.424104 19.269817 8.947372e+16 5.267830 -1.585136e+16 6.301243e+15 -4.893209e+16 -4.454219e+16 -2.339990e+16 -3.412117e+16  1.042102e+16 -1.072127e+16 -1.020633e+17  -9.719948e-01 -1.021035e-01     252     36    -54
-45.172745 -31.709096 23.118159 9.166299e+16 5.274829 -1.756554e+16 6.693791e+15 -4.113888e+16 -4.712987e+16 -2.360312e+16 -4.054296e+16  6.586914e+15 -1.693984e+16 -1.112759e+17  -3.888417e-01 -5.919442e-02     256     40    -58
-48.089019 -32.630992 19.279988 9.930527e+16 5.298015 -1.712103e+16 7.480236e+15 -4.791725e+16 -4.926055e+16 -2.337471e+16 -4.540163e+16  3.858917e+15 -2.202692e+16 -1.180369e+17  -1.751909e-01 -3.269247e-02     257     40    -55
-60.852666 -27.350857 11.796477 8.785954e+16 5.262559 -1.761523e+16 2.224419e+16 -4.661704e+16 -4.084421e+16 -2.196357e+16 -3.359879e+16  7.245422e+15 -1.163522e+16 -9.640657e+16  -6.227146e-01 -7.515485e-02     258     45    -51
-50.278939 -31.222312 18.498749 9.676246e+16 5.290505 -1.575891e+16 8.043383e+15 -4.338176e+16 -4.903541e+16 -2.722941e+16 -4.232288e+16  6.712533e+15 -1.509347e+16 -1.185877e+17  -4.447308e-01 -5.660396e-02     255     40    -59
-49.912439 -30.768153 19.319407 9.303592e+16 5.279134 -1.596681e+16 7.452649e+15 -4.367829e+16 -4.693433e+16 -2.530852e+16 -4.005177e+16  6.882558e+15 -1.474325e+16 -1.122946e+17  -4.668278e-01 -6.129019e-02     254     39    -57
-50.085687 -30.904915 19.009398 1.015502e+17 5.304487 -1.832082e+16 9.644197e+15 -4.950796e+16 -4.950081e+16 -2.721218e+16 -4.393085e+16  5.569962e+15 -1.671867e+16 -1.206438e+17  -3.331583e-01 -4.616864e-02     253     39    -56
-45.416218 -31.384967 23.198815 9.104057e+16 5.272857 -1.864560e+16 1.870549e+16 -3.299238e+16 -4.776299e+16 -2.521270e+16 -3.984232e+16  7.920668e+15 -1.462963e+16 -1.128180e+17  -5.414129e-01 -7.020748e-02      41     48   -117
-48.724223 -30.666621 20.609156 1.051080e+17 5.314457 -1.641234e+16 4.192213e+13 -5.410945e+16 -5.029025e+16 -2.880952e+16 -4.503749e+16  5.252755e+15 -1.622797e+16 -1.241373e+17  -3.236853e-01 -4.231408e-02     249     34    -57
-61.696062 -24.032858 14.271080 7.810985e+16 5.228504 -1.552979e+16 1.377409e+16 -4.752236e+16 -3.877825e+16 -1.633730e+16 -2.591888e+16  1.285937e+16 -9.581574e+15 -8.103443e+16  -1.342094e+00 -1.586902e-01     257     40    -47
-50.986558 -27.273191 21.740252 8.625350e+16 5.257218 -1.616202e+16 4.990468e+15 -4.710304e+16 -4.540350e+16 -1.963846e+16 -3.261955e+16  1.278396e+16 -1.298109e+16 -9.766151e+16  -9.848136e-01 -1.309007e-01     258     38    -53
-52.653870 -30.134604 17.211526 1.054944e+17 5.315520 -1.821120e+16 9.155634e+15 -5.793276e+16 -4.955920e+16 -2.563050e+16 -4.452810e+16  5.031097e+15 -1.889760e+16 -1.197178e+17  -2.662294e-01 -4.202463e-02     251     36    -52
-51.305300 -32.878263 15.816437 1.105275e+17 5.329013 -1.822078e+16 1.402550e+16 -5.024634e+16 -5.256949e+16 -3.008788e+16 -5.107106e+16  1.498423e+15 -2.098318e+16 -1.337284e+17  -7.141067e-02 -1.120497e-02     254     41    -57
-51.724606 -30.204057 18.071337 1.020580e+17 5.305931 -1.532651e+16 3.111438e+15 -5.337673e+16 -5.053539e+16 -2.586011e+16 -4.314900e+16  7.386387e+15 -1.728889e+16 -1.195445e+17  -4.272331e-01 -6.178777e-02     253     36    -55
-47.442865 -32.434803 20.122333 9.658231e+16 5.289965 -1.653794e+16 1.119042e+16 -3.954710e+16 -5.041949e+16 -2.552768e+16 -4.385249e+16  6.567005e+15 -1.832481e+16 -1.197997e+17  -3.583670e-01 -5.481656e-02     259     44    -60
-49.858759 -31.384971 18.756270 9.612084e+16 5.288578 -1.682615e+16 8.897873e+15 -4.488950e+16 -4.643754e+16 -2.743674e+16 -4.225749e+16  4.180048e+15 -1.482075e+16 -1.161318e+17  -2.820403e-01 -3.599401e-02     251     39    -57
-48.455438 -30.022771 21.521791 8.997946e+16 5.269462 -1.478912e+16 2.531048e+14 -4.765149e+16 -4.491779e+16 -2.185983e+16 -3.767847e+16  7.239315e+15 -1.581865e+16 -1.044561e+17  -4.576444e-01 -6.930486e-02     253     35    -55
-47.094647 -32.330373 20.574980 9.824065e+16 5.294894 -1.731700e+16 1.071380e+16 -4.327641e+16 -5.163060e+16 -2.319568e+16 -4.443983e+16  7.190767e+15 -2.124415e+16 -1.192661e+17  -3.384822e-01 -6.029179e-02     261     43    -58
-48.642336 -33.595788 17.761876 1.043273e+17 5.312299 -1.620194e+16 1.167209e+16 -4.159148e+16 -5.274131e+16 -2.877716e+16 -4.918045e+16  3.560859e+15 -2.040330e+16 -1.306989e+17  -1.745237e-01 -2.724475e-02     258     43    -61
-54.493765 -28.777836 16.728399 8.982562e+16 5.268967 -1.586408e+16 1.165508e+16 -4.619751e+16 -4.583574e+16 -2.194071e+16 -3.613811e+16  9.697634e+15 -1.419740e+16 -1.039146e+17  -6.830572e-01 -9.332315e-02     258     41    -54
-53.341062 -30.289281 16.369657 1.018950e+17 5.305469 -1.538299e+16 5.057514e+15 -5.745840e+16 -4.956361e+16 -2.178219e+16 -4.326882e+16  6.294795e+15 -2.148662e+16 -1.146146e+17  -2.929634e-01 -5.492139e-02     255     35    -51
-56.626213 -25.601658 17.772129 9.529505e+16 5.286080 -1.738626e+16 9.711805e+15 -5.885944e+16 -4.387806e+16 -2.348789e+16 -3.378899e+16  1.008907e+16 -1.030110e+16 -1.011549e+17  -9.794163e-01 -9.973875e-02     247     33    -49
-53.802641 -29.009877 17.187482 9.303818e+16 5.279141 -1.593646e+16 1.164223e+16 -4.625932e+16 -4.857257e+16 -2.284424e+16 -3.773511e+16  1.083746e+16 -1.489087e+16 -1.091519e+17  -7.277923e-01 -9.928787e-02     260     42    -55
-51.486391 -28.485060 20.028549 7.754357e+16 5.226397 -1.307537e+16 8.555485e+15 -3.519924e+16 -4.286900e+16 -2.017520e+16 -3.076986e+16  1.209914e+16 -1.059466e+16 -9.381407e+16  -1.142004e+00 -1.289694e-01     261     43    -59
-48.146163 -31.059451 20.794386 9.942367e+16 5.298360 -1.817433e+16 8.528754e+15 -4.593760e+16 -5.045559e+16 -2.643004e+16 -4.315785e+16  7.297739e+15 -1.672781e+16 -1.200435e+17  -4.362639e-01 -6.079246e-02     255     40    -57
-47.269880 -30.279989 22.450131 9.160856e+16 5.274657 -1.584473e+16 1.874333e+15 -4.549037e+16 -4.745087e+16 -2.250278e+16 -3.866478e+16  8.786090e+15 -1.616200e+16 -1.086184e+17  -5.436265e-01 -8.088949e-02     256     37    -56
-47.140703 -32.171172 20.688125 9.821876e+16 5.294830 -1.663892e+16 1.050048e+16 -3.756794e+16 -5.147580e+16 -2.839451e+16 -4.420275e+16  7.273057e+15 -1.580824e+16 -1.240731e+17  -4.600802e-01 -5.861915e-02     257     43    -62
-58.854892 -22.459534 18.685575 7.856011e+16 5.230168 -1.735364e+16 1.138743e+16 -5.105293e+16 -3.736547e+16 -1.617437e+16 -2.411520e+16  1.325027e+16 -7.940830e+15 -7.765505e+16  -1.668625e+00 -1.706299e-01     253     35    -45
-60.142145 -25.618108 14.239747 8.490402e+16 5.252652 -1.735949e+16 1.743047e+16 -4.872727e+16 -4.237954e+16 -1.771270e+16 -3.020763e+16  1.217190e+16 -1.249493e+16 -9.029987e+16  -9.741473e-01 -1.347943e-01     261     44    -49
-47.593113 -30.104818 22.302069 9.557349e+16 5.286925 -1.576825e+16 3.614902e+14 -4.588705e+16 -4.921420e+16 -2.590187e+16 -4.010169e+16  9.112509e+15 -1.419983e+16 -1.152178e+17  -6.417337e-01 -7.908945e-02     253     36    -59
-52.706882 -31.941138 15.351980 9.880894e+16 5.296564 -1.359328e+16 4.493243e+15 -5.165052e+16 -4.767202e+16 -2.344095e+16 -4.435377e+16  3.318249e+15 -2.091282e+16 -1.154667e+17  -1.586706e-01 -2.873771e-02     254     36    -54
-46.186201 -29.360449 24.453350 8.536139e+16 5.254208 -1.731384e+16 1.194778e+16 -3.525080e+16 -4.709903e+16 -2.249983e+16 -3.480563e+16  1.229340e+16 -1.230581e+16 -1.044045e+17  -9.989913e-01 -1.177478e-01     260     45    -60
-48.437670 -32.212405 19.349924 9.705508e+16 5.291379 -1.571672e+16 7.739454e+15 -4.315195e+16 -5.040033e+16 -2.448634e+16 -4.379336e+16  6.606971e+15 -1.930702e+16 -1.186800e+17  -3.422056e-01 -5.567045e-02     259     41    -58
-55.731535 -31.312519 12.955947 9.752455e+16 5.292776 -1.703294e+16 1.984183e+16 -4.708586e+16 -4.658859e+16 -2.374825e+16 -4.296717e+16  3.621427e+15 -1.921891e+16 -1.133040e+17  -1.884304e-01 -3.196204e-02     260     46    -54
-53.173648 -30.381278 16.445073 9.501287e+16 5.285222 -1.399897e+16 4.800439e+15 -4.998252e+16 -4.599994e+16 -2.460549e+16 -4.047141e+16  5.528531e+15 -1.586592e+16 -1.110768e+17  -3.484533e-01 -4.977213e-02     251     35    -55
-45.941223 -31.650073 22.408704 1.028157e+17 5.308073 -1.571230e+16 -3.831183e+15 -5.137310e+16 -5.080329e+16 -2.597395e+16 -4.542497e+16  5.378321e+15 -1.945102e+16 -1.222022e+17  -2.765058e-01 -4.401165e-02     252     34    -58
-50.010901 -30.903644 19.085455 9.113241e+16 5.273149 -1.652901e+16 1.273720e+16 -4.248389e+16 -4.774974e+16 -2.111293e+16 -3.941963e+16  8.330118e+15 -1.830669e+16 -1.082823e+17  -4.550313e-01 -7.692963e-02     262     44    -56
-47.613252 -27.823246 24.563502 8.148280e+16 5.240744 -1.562230e+16 1.018565e+15 -4.498777e+16 -4.119991e+16 -1.965152e+16 -3.138150e+16  9.818410e+15 -1.172998e+16 -9.223293e+16  -8.370354e-01 -1.064523e-01     254     35    -54
-57.496551 -25.373454 17.129995 7.863968e+16 5.230461 -1.637068e+16 1.558264e+16 -4.294605e+16 -4.120979e+16 -1.694959e+16 -2.762841e+16  1.358138e+16 -1.067882e+16 -8.578779e+16  -1.271805e+00 -1.583136e-01     263     45    -52
-63.322804 -20.884365 15.792831 7.421472e+16 5.213693 -1.503920e+16 9.699601e+15 -5.230035e+16 -3.640392e+16 -9.947094e+15 -2.107029e+16  1.533363e+16 -1.112320e+16 -6.742130e+16  -1.378527e+00 -2.274300e-01     256     34    -41
-48.909256 -34.279885 16.810859 1.161144e+17 5.343291 -1.658606e+16 7.298470e+15 -4.898740e+16 -5.641768e+16 -3.247264e+16 -5.588652e+16  5.311618e+14 -2.341389e+16 -1.447768e+17  -2.268576e-02 -3.668832e-03     254     39    -60
-53.096137 -26.579856 20.324007 9.743726e+16 5.292517 -1.770581e+16 5.077485e+15 -6.084274e+16 -4.563265e+16 -2.143869e+16 -3.589470e+16  9.737950e+15 -1.445601e+16 -1.029660e+17  -6.736265e-01 -9.457439e-02     250     32    -49
-53.080694 -30.563526 16.355780 8.691559e+16 5.259432 -1.606912e+16 1.807864e+16 -3.991844e+16 -4.395614e+16 -2.097190e+16 -3.725568e+16  6.700468e+15 -1.628377e+16 -1.021837e+17  -4.114813e-01 -6.557275e-02     263     48    -56
-53.183820 -29.651271 17.164909 8.909918e+16 5.266616 -1.449617e+16 8.717929e+15 -4.305021e+16 -4.546223e+16 -2.415093e+16 -3.697897e+16  8.483264e+15 -1.282804e+16 -1.065921e+17  -6.613064e-01 -7.958622e-02     256     40    -57
-50.743981 -27.949639 21.306381 8.503137e+16 5.253086 -1.779580e+16 7.670437e+15 -4.989014e+16 -3.998537e+16 -1.913108e+16 -3.302515e+16  6.960217e+15 -1.389407e+16 -9.214160e+16  -5.009488e-01 -7.553827e-02     252     36    -49
-51.920293 -29.558085 18.521622 1.002560e+17 5.300774 -1.665397e+16 5.567819e+15 -5.584561e+16 -4.652732e+16 -2.599854e+16 -4.142321e+16  5.104104e+15 -1.542468e+16 -1.139491e+17  -3.309051e-01 -4.479286e-02     248     34    -53
-48.002300 -32.830239 19.167462 9.678644e+16 5.290576 -1.516169e+16 6.825335e+15 -4.078604e+16 -4.958163e+16 -2.629611e+16 -4.452732e+16  5.054311e+15 -1.823120e+16 -1.204051e+17  -2.772341e-01 -4.197756e-02     257     41    -60
-51.402039 -26.676420 21.921541 8.307015e+16 5.246330 -1.866149e+16 1.739063e+16 -4.092638e+16 -4.517669e+16 -1.782363e+16 -3.067211e+16  1.450458e+16 -1.284848e+16 -9.367243e+16  -1.128894e+00 -1.548437e-01     265     48    -54
-58.237260 -29.050887 12.711853 9.200557e+16 5.275909 -1.561563e+16 1.793444e+16 -4.688339e+16 -4.597401e+16 -2.181798e+16 -3.749477e+16  8.479241e+15 -1.567678e+16 -1.052868e+17  -5.408789e-01 -8.053474e-02     262     46    -54
-64.240826 -16.993019 18.766155 7.374714e+16 5.211863 -1.546306e+16 8.163936e+15 -5.544342e+16 -3.553847e+16 -8.642464e+15 -1.661518e+16  1.892329e+16 -7.972721e+15 -6.079612e+16  -2.373504e+00 -3.112581e-01     254     30    -38
-52.085179 -28.488673 19.426148 8.194138e+16 5.242369 -1.610856e+16 1.080259e+16 -4.133783e+16 -4.169542e+16 -2.083468e+16 -3.253809e+16  9.157332e+15 -1.170341e+16 -9.506818e+16  -7.824499e-01 -9.632384e-02     257     41    -54
-58.938853 -19.542889 21.518257 7.131742e+16 5.202164 -1.728561e+16 1.135499e+16 -4.469409e+16 -3.663875e+16 -1.527340e+16 -1.871916e+16  1.791960e+16 -3.445754e+15 -7.063131e+16  -5.200486e+00 -2.537062e-01     257     39    -47
-49.444568 -26.637584 23.917848 8.748561e+16 5.261324 -1.637254e+16 4.308893e+14 -5.269094e+16 -4.468069e+16 -1.713643e+16 -3.218138e+16  1.249931e+16 -1.504495e+16 -9.399850e+16  -8.307977e-01 -1.329735e-01     257     34    -50
-52.809616 -29.200321 17.990063 9.039760e+16 5.270805 -1.625250e+16 9.468729e+15 -4.652071e+16 -4.420604e+16 -2.422776e+16 -3.689244e+16  7.313600e+15 -1.266468e+16 -1.053262e+17  -5.774800e-01 -6.943759e-02     253     38    -54
-51.334045 -28.095644 20.570311 8.244784e+16 5.244153 -1.524494e+16 5.277862e+15 -4.501545e+16 -4.082039e+16 -2.086567e+16 -3.222387e+16  8.596526e+15 -1.135819e+16 -9.390993e+16  -7.568568e-01 -9.154012e-02     253     36    -53
-56.175217 -24.184450 19.640333 8.299159e+16 5.246056 -1.557008e+16 5.936270e+15 -5.154302e+16 -4.362521e+16 -1.536891e+16 -2.760943e+16  1.601578e+16 -1.224053e+16 -8.660355e+16  -1.308422e+00 -1.849321e-01     259     37    -48
-46.348840 -31.377962 22.273198 9.032848e+16 5.270583 -1.678306e+16 8.467970e+15 -4.018900e+16 -4.787834e+16 -2.214453e+16 -3.956212e+16  8.316214e+15 -1.741760e+16 -1.095850e+17  -4.774604e-01 -7.588826e-02     259     42    -58
-45.604480 -32.379608 22.015912 1.061856e+17 5.317411 -1.442576e+16 -7.709434e+15 -5.293115e+16 -5.142677e+16 -2.683603e+16 -4.803588e+16  3.390889e+15 -2.119986e+16 -1.262987e+17  -1.599487e-01 -2.684817e-02     251     32    -59
-52.030334 -29.506884 18.462782 9.900015e+16 5.297124 -1.642482e+16 5.154228e+15 -5.488037e+16 -4.771297e+16 -2.394040e+16 -4.083214e+16  6.880828e+15 -1.689174e+16 -1.124855e+17  -4.073486e-01 -6.117079e-02     252     35    -53
-58.864035 -24.182845 16.953121 8.507535e+16 5.253236 -1.733642e+16 1.361480e+16 -4.990599e+16 -4.397819e+16 -1.805753e+16 -2.836665e+16  1.561154e+16 -1.030912e+16 -9.040237e+16  -1.514343e+00 -1.726895e-01     260     41    -49
-48.370675 -29.065355 22.563969 8.362880e+16 5.248271 -1.688858e+16 9.954017e+15 -3.981219e+16 -4.478756e+16 -2.009424e+16 -3.381108e+16  1.097649e+16 -1.371683e+16 -9.869288e+16  -8.002201e-01 -1.112186e-01     260     43    -56
-55.752160 -24.549600 19.698240 8.113424e+16 5.239503 -1.533665e+16 5.270903e+15 -5.288153e+16 -3.981844e+16 -1.480524e+16 -2.743586e+16  1.238258e+16 -1.263062e+16 -8.205953e+16  -9.803625e-01 -1.508976e-01     255     33    -46
-55.074789 -27.355178 17.570033 9.275398e+16 5.278255 -1.613042e+16 6.896172e+15 -5.531186e+16 -4.609278e+16 -1.902956e+16 -3.533042e+16  1.076236e+16 -1.630086e+16 -1.004528e+17  -6.602327e-01 -1.071385e-01     256     36    -49
-47.364818 -30.534902 22.100280 9.229981e+16 5.276834 -1.530045e+16 2.353566e+15 -4.398798e+16 -4.920534e+16 -2.241459e+16 -3.931220e+16  9.893139e+15 -1.689762e+16 -1.109321e+17  -5.854754e-01 -8.918191e-02     258     39    -57
-49.473988 -31.229411 19.296601 9.927051e+16 5.297914 -1.628117e+16 5.212021e+15 -4.843141e+16 -4.973915e+16 -2.549144e+16 -4.339795e+16  6.341203e+15 -1.790650e+16 -1.186285e+17  -3.541285e-01 -5.345428e-02     255     38    -56
-47.202656 -34.266278 18.531066 1.018114e+17 5.305231 -1.338844e+16 3.135471e+15 -3.531277e+16 -5.212863e+16 -3.140876e+16 -4.891003e+16  3.218598e+15 -1.750127e+16 -1.324474e+17  -1.839065e-01 -2.430095e-02     254     40    -66
-52.442771 -28.016713 19.540515 9.027331e+16 5.270406 -1.835700e+16 9.735806e+15 -5.184058e+16 -4.482250e+16 -1.837398e+16 -3.521206e+16  9.610439e+15 -1.683808e+16 -9.840853e+16  -5.707563e-01 -9.765860e-02     258     39    -49
-50.448372 -31.986294 17.565335 9.564041e+16 5.287128 -1.686167e+16 1.231777e+16 -4.352302e+16 -4.671566e+16 -2.580847e+16 -4.291622e+16  3.799441e+15 -1.710775e+16 -1.154403e+17  -2.220888e-01 -3.291259e-02     255     42    -57
-51.132498 -30.489104 18.378398 8.847958e+16 5.264595 -1.646478e+16 8.838939e+15 -4.868159e+16 -3.953114e+16 -2.263952e+16 -3.776505e+16  1.766082e+15 -1.512554e+16 -9.993571e+16  -1.167616e-01 -1.767218e-02     248     35    -52
-51.117094 -29.860015 19.022891 9.241549e+16 5.277197 -1.625721e+16 8.347747e+15 -4.609891e+16 -4.732627e+16 -2.291694e+16 -3.857457e+16  8.751696e+15 -1.565763e+16 -1.088178e+17  -5.589411e-01 -8.042524e-02     257     40    -55
-57.491989 -20.766433 21.741577 8.224058e+16 5.243424 -1.462167e+16 2.979024e+15 -5.867034e+16 -3.865629e+16 -1.500233e+16 -2.308421e+16  1.557208e+16 -8.081882e+15 -7.674284e+16  -1.926789e+00 -2.029125e-01     249     28    -45
-53.821634 -29.884741 16.293625 9.164772e+16 5.274781 -1.610142e+16 1.361566e+16 -4.419039e+16 -4.598208e+16 -2.398594e+16 -3.837769e+16  7.604397e+15 -1.439175e+16 -1.083457e+17  -5.283860e-01 -7.018641e-02     258     43    -56
-51.931012 -28.206757 19.862231 8.486409e+16 5.252516 -1.650145e+16 1.018420e+16 -4.350938e+16 -4.406446e+16 -2.051368e+16 -3.333086e+16  1.073360e+16 -1.281717e+16 -9.790901e+16  -8.374392e-01 -1.096284e-01     258     41    -54
-60.193706 -21.709645 18.096648 7.433444e+16 5.214160 -1.628191e+16 1.167234e+16 -4.689582e+16 -3.914956e+16 -1.283241e+16 -2.198948e+16  1.716008e+16 -9.157066e+15 -7.397144e+16  -1.873971e+00 -2.319825e-01     262     41    -46
-55.102364 -28.267034 16.630602 8.836285e+16 5.264213 -1.546481e+16 9.147695e+15 -4.931502e+16 -4.418604e+16 -1.990183e+16 -3.488371e+16  9.302327e+15 -1.498189e+16 -9.897158e+16  -6.209048e-01 -9.398988e-02     257     38    -51
-54.642155 -28.491550 16.866295 8.823976e+16 5.263810 -1.718892e+16 1.374238e+16 -4.667682e+16 -4.361110e+16 -2.116442e+16 -3.512219e+16  8.488915e+15 -1.395776e+16 -9.989771e+16  -6.081859e-01 -8.497607e-02     257     42    -52
-58.890999 -30.414703 10.694298 1.057212e+17 5.316141 -1.582459e+16 1.609070e+16 -5.602961e+16 -5.002229e+16 -2.577481e+16 -4.525812e+16  4.764177e+15 -1.948330e+16 -1.210552e+17  -2.445262e-01 -3.935540e-02     255     40    -52
-47.730880 -31.687792 20.581328 1.025280e+17 5.307262 -1.823660e+16 8.369819e+15 -4.372822e+16 -5.052221e+16 -3.118033e+16 -4.544014e+16  5.082073e+15 -1.425981e+16 -1.271427e+17  -3.563915e-01 -3.997141e-02     251     40    -60
-54.200060 -28.193195 17.606745 8.873854e+16 5.265442 -1.645828e+16 1.171452e+16 -4.507576e+16 -4.401549e+16 -2.440240e+16 -3.490632e+16  9.109166e+15 -1.050392e+16 -1.033242e+17  -8.672156e-01 -8.816101e-02     254     40    -55
-51.419855 -30.692685 17.887460 9.269177e+16 5.278061 -1.749088e+16 1.336366e+16 -4.420683e+16 -4.523470e+16 -2.466713e+16 -3.985428e+16  5.380419e+15 -1.518715e+16 -1.097561e+17  -3.542743e-01 -4.902159e-02     255     42    -55
-53.027797 -26.048345 20.923858 8.018587e+16 5.236099 -1.714517e+16 9.527678e+15 -4.522864e+16 -3.972179e+16 -1.969310e+16 -2.888513e+16  1.083665e+16 -9.192033e+15 -8.830002e+16  -1.178918e+00 -1.227254e-01     254     38    -51
-55.393556 -27.467657 17.138788 7.782592e+16 5.227450 -1.602594e+16 1.831806e+16 -4.140825e+16 -4.141896e+16 -1.294207e+16 -2.978561e+16  1.163335e+16 -1.684354e+16 -8.414664e+16  -6.906712e-01 -1.382509e-01     270     51    -52
-45.945612 -30.797311 23.257077 9.467473e+16 5.284189 -1.771019e+16 5.088920e+15 -4.383030e+16 -4.920936e+16 -2.448899e+16 -4.063088e+16  8.578481e+15 -1.614188e+16 -1.143292e+17  -5.314424e-01 -7.503314e-02     256     39    -58
-55.108395 -25.265616 19.625990 8.850929e+16 5.264693 -1.754734e+16 7.457052e+15 -5.700071e+16 -4.236315e+16 -1.682564e+16 -3.088442e+16  1.147873e+16 -1.405878e+16 -9.007321e+16  -8.164812e-01 -1.274378e-01     254     34    -46
-51.058205 -30.995257 17.946539 1.042400e+17 5.312056 -1.817777e+16 1.092080e+16 -4.989455e+16 -5.110116e+16 -2.824246e+16 -4.527416e+16  5.826993e+15 -1.703170e+16 -1.246178e+17  -3.421263e-01 -4.675892e-02     254     40    -56
-48.140260 -31.163579 20.696160 1.004488e+17 5.301330 -1.903049e+16 1.144101e+16 -4.393998e+16 -5.023689e+16 -2.874488e+16 -4.375783e+16  6.479054e+15 -1.501296e+16 -1.227396e+17  -4.315642e-01 -5.278699e-02     254     41    -59
-54.697414 -25.331196 19.971390 8.384449e+16 5.249016 -1.654530e+16 7.881564e+15 -4.925249e+16 -4.323051e+16 -1.808638e+16 -2.932969e+16  1.390082e+16 -1.124332e+16 -9.064658e+16  -1.236363e+00 -1.533518e-01     257     38    -50
-51.533526 -28.417128 20.049347 8.814399e+16 5.263495 -1.497274e+16 5.121180e+15 -4.509374e+16 -4.648120e+16 -2.191995e+16 -3.488702e+16  1.159419e+16 -1.296706e+16 -1.032882e+17  -8.941258e-01 -1.122509e-01     257     39    -55
-56.633760 -30.020244 13.345996 1.070848e+17 5.319852 -1.658169e+16 1.326999e+16 -5.569553e+16 -5.113467e+16 -2.823863e+16 -4.515141e+16  5.983257e+15 -1.691278e+16 -1.245247e+17  -3.537714e-01 -4.804875e-02     252     38    -54
-50.846135 -30.521156 18.632709 9.069897e+16 5.271768 -1.664393e+16 8.802520e+15 -4.678969e+16 -4.276118e+16 -2.399889e+16 -3.874565e+16  4.015524e+15 -1.474677e+16 -1.055057e+17  -2.722986e-01 -3.805978e-02     251     37    -54
-45.883560 -31.993027 22.123414 1.020014e+17 5.305771 -1.761645e+16 5.881311e+15 -4.523180e+16 -5.393554e+16 -2.514393e+16 -4.557798e+16  8.357561e+15 -2.043404e+16 -1.246574e+17  -4.090018e-01 -6.704421e-02     259     41    -58
-64.796562 -26.901673 8.301765 8.891135e+16 5.266005 -1.446951e+16 1.586812e+16 -5.543938e+16 -4.309225e+16 -1.448961e+16 -3.345901e+16  9.633233e+15 -1.896941e+16 -9.104086e+16  -5.078300e-01 -1.058122e-01     261     40    -45
-57.555280 -26.470327 15.974393 8.556535e+16 5.254899 -1.666243e+16 1.379201e+16 -4.754414e+16 -4.187707e+16 -2.136289e+16 -3.150080e+16  1.037628e+16 -1.013791e+16 -9.474075e+16  -1.023512e+00 -1.095228e-01     255     40    -51
-63.361711 -25.698386 10.939903 8.251733e+16 5.244397 -1.481566e+16 1.504136e+16 -5.059557e+16 -4.103575e+16 -1.460433e+16 -2.951758e+16  1.151817e+16 -1.491325e+16 -8.515767e+16  -7.723449e-01 -1.352570e-01     261     42    -47
-54.419605 -29.464759 16.115637 9.694159e+16 5.291040 -1.593088e+16 8.318559e+15 -5.415508e+16 -4.613188e+16 -2.325350e+16 -4.000253e+16  6.129352e+15 -1.674903e+16 -1.093879e+17  -3.659526e-01 -5.603317e-02     252     36    -52
-50.869164 -32.983746 16.147091 1.011868e+17 5.303449 -1.667875e+16 1.893852e+16 -4.007834e+16 -5.010229e+16 -2.800016e+16 -4.689371e+16  3.208585e+15 -1.889355e+16 -1.249962e+17  -1.698243e-01 -2.566947e-02     260     47    -60
-50.192789 -32.750766 17.056445 9.390728e+16 5.281833 -1.506918e+16 1.236460e+16 -3.880963e+16 -4.714345e+16 -2.611710e+16 -4.317846e+16  3.964989e+15 -1.706137e+16 -1.164390e+17  -2.323958e-01 -3.405207e-02     258     44    -60
-48.417552 -33.246842 18.335606 1.146554e+17 5.339630 -1.518849e+16 -1.472071e+15 -5.373026e+16 -5.477803e+16 -3.167387e+16 -5.346127e+16  1.316755e+15 -2.178740e+16 -1.399132e+17  -6.043654e-02 -9.411230e-03     250     34    -60
-52.225934 -25.643595 22.130470 8.999122e+16 5.269500 -1.649735e+16 2.507277e+15 -5.493725e+16 -4.422794e+16 -2.048664e+16 -3.183264e+16  1.239530e+16 -1.134600e+16 -9.654721e+16  -1.092482e+00 -1.283859e-01     252     33    -50
-49.479425 -31.286135 19.234440 8.898765e+16 5.266253 -1.481335e+16 1.041111e+16 -3.544302e+16 -4.629482e+16 -2.633474e+16 -3.897757e+16  7.317243e+15 -1.264283e+16 -1.116071e+17  -5.787662e-01 -6.556250e-02     256     43    -62
-52.552768 -31.073958 16.373274 9.683113e+16 5.290710 -1.423262e+16 6.298825e+15 -4.780931e+16 -4.872948e+16 -2.455630e+16 -4.222246e+16  6.507019e+15 -1.766616e+16 -1.155082e+17  -3.683324e-01 -5.633380e-02     256     39    -56
-50.928565 -30.758338 18.313097 9.597361e+16 5.288135 -1.644251e+16 8.190755e+15 -4.669462e+16 -4.650003e+16 -2.682771e+16 -4.134113e+16  5.158897e+15 -1.451342e+16 -1.146689e+17  -3.554570e-01 -4.498952e-02     251     38    -57
-64.851419 -20.780737 14.367845 6.856539e+16 5.190770 -1.666993e+16 1.463030e+16 -4.775717e+16 -3.135139e+16 -9.385358e+15 -1.937860e+16  1.197278e+16 -9.993244e+15 -6.011534e+16  -1.198088e+00 -1.991635e-01     255     36    -38
-55.029127 -29.348548 15.622325 8.481205e+16 5.252338 -1.587984e+16 1.711123e+16 -4.060519e+16 -4.239842e+16 -2.155238e+16 -3.486566e+16  7.532758e+15 -1.331328e+16 -9.881646e+16  -5.658077e-01 -7.622979e-02     260     46    -55
-61.077841 -23.169284 15.752875 8.217120e+16 5.243180 -1.594311e+16 1.046686e+16 -5.414145e+16 -4.056833e+16 -1.429645e+16 -2.616499e+16  1.440334e+16 -1.186854e+16 -8.102976e+16  -1.213573e+00 -1.777537e-01     256     36    -44
-57.791492 -23.283626 18.924882 7.564044e+16 5.219203 -1.539779e+16 8.615868e+15 -4.732243e+16 -3.759424e+16 -1.635477e+16 -2.415351e+16  1.344073e+16 -7.798747e+15 -7.810252e+16  -1.723447e+00 -1.720908e-01     254     36    -48
-64.833934 -24.326327 10.839739 8.129881e+16 5.240089 -1.666982e+16 2.064362e+16 -4.768158e+16 -3.939665e+16 -1.693727e+16 -2.739443e+16  1.200222e+16 -1.045716e+16 -8.372836e+16  -1.147751e+00 -1.433471e-01     262     46    -48
-53.685829 -28.843119 17.471052 8.815739e+16 5.263539 -1.550834e+16 8.011976e+15 -4.899703e+16 -4.396899e+16 -1.952204e+16 -3.552998e+16  8.439003e+15 -1.600794e+16 -9.902101e+16  -5.271761e-01 -8.522437e-02     257     38    -51
-50.691379 -29.678840 19.629781 8.875085e+16 5.265482 -1.510932e+16 5.395908e+15 -4.483946e+16 -4.537616e+16 -2.241596e+16 -3.678866e+16  8.587499e+15 -1.437270e+16 -1.045808e+17  -5.974867e-01 -8.211355e-02     256     38    -56
-45.820467 -31.981104 22.198429 9.142502e+16 5.274077 -1.615156e+16 5.616005e+15 -3.862447e+16 -4.726475e+16 -2.533469e+16 -4.083324e+16  6.431511e+15 -1.549855e+16 -1.134327e+17  -4.149751e-01 -5.669892e-02     255     40    -60
-53.678545 -24.833039 21.488415 8.593254e+16 5.256138 -1.618057e+16 4.923746e+15 -5.290735e+16 -4.058805e+16 -2.177060e+16 -2.937327e+16  1.121478e+16 -7.602677e+15 -9.173192e+16  -1.475109e+00 -1.222560e-01     248     32    -51
-52.320617 -27.379463 20.299921 8.913124e+16 5.266720 -1.786484e+16 1.065231e+16 -4.617181e+16 -4.540731e+16 -2.323045e+16 -3.389795e+16  1.150936e+16 -1.066750e+16 -1.025357e+17  -1.078919e+00 -1.122474e-01     255     40    -54
-54.614579 -22.470946 22.914475 8.289334e+16 5.245713 -1.776729e+16 5.743527e+15 -5.434951e+16 -4.138304e+16 -1.564015e+16 -2.535566e+16  1.602738e+16 -9.715509e+15 -8.237884e+16  -1.649670e+00 -1.945570e-01     255     34    -46
-47.411996 -29.238461 23.349543 9.945157e+16 5.298441 -1.811266e+16 9.610327e+14 -5.412729e+16 -4.886659e+16 -2.445036e+16 -4.042516e+16  8.441430e+15 -1.597480e+16 -1.137421e+17  -5.284215e-01 -7.421552e-02     252     34    -54
-43.241358 -31.164519 25.594124 9.293748e+16 5.278827 -1.785283e+16 3.654263e+15 -3.689813e+16 -4.848622e+16 -2.818572e+16 -4.026461e+16  8.221615e+15 -1.207889e+16 -1.169365e+17  -6.806597e-01 -7.030834e-02     252     39    -63
-52.013343 -30.142779 17.843878 9.181543e+16 5.275310 -1.654958e+16 1.125473e+16 -4.635040e+16 -4.686038e+16 -2.109575e+16 -3.874425e+16  8.116133e+15 -1.764850e+16 -1.067004e+17  -4.598766e-01 -7.606470e-02     260     42    -54
-61.108203 -22.863673 16.028124 8.253754e+16 5.244468 -1.829630e+16 1.621103e+16 -5.024897e+16 -4.045290e+16 -1.794138e+16 -2.589496e+16  1.455794e+16 -7.953583e+15 -8.428924e+16  -1.830362e+00 -1.727141e-01     256     40    -47
-50.896333 -31.095886 18.007781 8.874916e+16 5.265476 -1.367651e+16 1.252983e+16 -3.760935e+16 -4.796645e+16 -2.237312e+16 -3.867308e+16  9.293372e+15 -1.629996e+16 -1.090126e+17  -5.701469e-01 -8.525040e-02     264     46    -60
-51.707452 -30.430168 17.862380 8.571917e+16 5.255419 -1.547943e+16 1.986506e+16 -3.628311e+16 -4.479722e+16 -2.107908e+16 -3.653014e+16  8.267083e+15 -1.545106e+16 -1.024064e+17  -5.350496e-01 -8.072816e-02     266     50    -59
-50.646358 -28.581925 20.771717 1.071546e+17 5.320041 -1.883800e+16 5.587845e+15 -6.180689e+16 -4.746673e+16 -2.973294e+16 -4.264163e+16  4.825093e+15 -1.290870e+16 -1.198413e+17  -3.737862e-01 -4.026235e-02     243     32    -54
-63.819538 -21.745591 14.434871 7.704591e+16 5.224533 -1.774546e+16 1.710131e+16 -4.938702e+16 -3.584183e+16 -1.583960e+16 -2.289671e+16  1.294512e+16 -7.057106e+15 -7.457814e+16  -1.834338e+00 -1.735780e-01     254     39    -44
-53.913049 -28.487067 17.599884 9.378800e+16 5.281465 -1.649226e+16 9.389413e+15 -5.089121e+16 -4.824430e+16 -2.074876e+16 -3.730133e+16  1.094297e+16 -1.655257e+16 -1.062944e+17  -6.611041e-01 -1.029496e-01     259     40    -52
-49.730269 -31.678157 18.591574 1.070474e+17 5.319751 -1.841352e+16 8.347764e+15 -5.255649e+16 -5.142084e+16 -2.830859e+16 -4.751898e+16  3.901860e+15 -1.921040e+16 -1.272484e+17  -2.031119e-01 -3.066333e-02     252     38    -56
-51.904822 -28.248709 19.846469 9.095135e+16 5.272573 -1.691428e+16 7.180100e+15 -4.936389e+16 -4.484258e+16 -2.306930e+16 -3.577868e+16  9.063905e+15 -1.270938e+16 -1.036906e+17  -7.131665e-01 -8.741302e-02     253     37    -53
-55.261665 -30.604523 14.133812 9.472701e+16 5.284349 -1.505858e+16 1.220121e+16 -4.838725e+16 -4.692143e+16 -2.254835e+16 -4.072837e+16  6.193061e+15 -1.818002e+16 -1.101982e+17  -3.406520e-01 -5.619932e-02     258     41    -54
-50.205351 -32.255143 17.539506 9.747125e+16 5.292618 -1.656009e+16 1.235622e+16 -4.433003e+16 -4.915440e+16 -2.418307e+16 -4.411274e+16  5.041664e+15 -1.992967e+16 -1.174502e+17  -2.529728e-01 -4.292597e-02     259     43    -57
-47.273604 -29.642706 23.083691 9.457622e+16 5.283888 -1.644446e+16 -3.067220e+14 -5.066004e+16 -4.595438e+16 -2.435990e+16 -3.901329e+16  6.941095e+15 -1.465339e+16 -1.093276e+17  -4.736852e-01 -6.348897e-02     250     34    -56
-59.104738 -26.077138 14.818124 8.663988e+16 5.258512 -1.756244e+16 1.519542e+16 -5.134528e+16 -4.195804e+16 -1.814120e+16 -3.141169e+16  1.054635e+16 -1.327050e+16 -9.151093e+16  -7.947214e-01 -1.152469e-01     257     40    -48
-57.021853 -24.943952 18.034195 7.944304e+16 5.233404 -1.702887e+16 1.368471e+16 -4.450578e+16 -3.949466e+16 -1.973867e+16 -2.737596e+16  1.211870e+16 -7.637291e+15 -8.660928e+16  -1.586780e+00 -1.399238e-01     255     41    -51
-53.919679 -27.311375 18.768946 9.342078e+16 5.280329 -1.798118e+16 9.133349e+15 -5.663800e+16 -4.292001e+16 -2.146282e+16 -3.548591e+16  7.434094e+15 -1.402309e+16 -9.986874e+16  -5.301324e-01 -7.443865e-02     250     34    -49
-50.699326 -25.847182 23.453492 8.084994e+16 5.238486 -1.592821e+16 3.435890e+15 -4.604641e+16 -4.126672e+16 -1.973031e+16 -2.880388e+16  1.246284e+16 -9.073570e+15 -8.980091e+16  -1.373533e+00 -1.387830e-01     254     36    -53
-51.944060 -27.004273 21.051667 8.727484e+16 5.260626 -1.690508e+16 5.416898e+15 -5.211853e+16 -4.258876e+16 -1.899347e+16 -3.267995e+16  9.908806e+15 -1.368648e+16 -9.426217e+16  -7.239850e-01 -1.051196e-01     254     35    -49
-52.158066 -21.770971 26.070963 7.378839e+16 5.212025 -1.542668e+16 1.671444e+15 -4.699749e+16 -4.029086e+16 -1.256674e+16 -2.171918e+16  1.857168e+16 -9.152439e+15 -7.457679e+16  -2.029151e+00 -2.490276e-01     260     36    -47
-57.690371 -25.530413 16.779216 8.496455e+16 5.252859 -1.488361e+16 7.235056e+15 -5.329692e+16 -4.184353e+16 -1.697278e+16 -3.005980e+16  1.178374e+16 -1.308701e+16 -8.887611e+16  -9.004143e-01 -1.325861e-01     254     35    -47
-48.807845 -34.232222 16.959933 1.101435e+17 5.328006 -1.507510e+16 5.680826e+15 -4.411764e+16 -5.414951e+16 -3.228553e+16 -5.293349e+16  1.216021e+15 -2.064795e+16 -1.393685e+17  -5.889305e-02 -8.725219e-03     253     39    -62
-50.968805 -31.698543 17.332652 1.017147e+17 5.304956 -1.640569e+16 7.297257e+15 -5.090519e+16 -4.745462e+16 -2.798651e+16 -4.523173e+16  2.222884e+15 -1.724523e+16 -1.206729e+17  -1.288985e-01 -1.842074e-02     249     36    -56
-52.199778 -30.525919 17.274304 9.536568e+16 5.286295 -1.696704e+16 1.054040e+16 -4.867508e+16 -4.591153e+16 -2.446966e+16 -4.079457e+16  5.116962e+15 -1.632491e+16 -1.111758e+17  -3.134450e-01 -4.602588e-02     253     39    -54
-53.297517 -26.763745 19.938737 8.877599e+16 5.265564 -1.782858e+16 8.681109e+15 -5.180422e+16 -4.501010e+16 -1.818040e+16 -3.295999e+16  1.205012e+16 -1.477959e+16 -9.615049e+16  -8.153213e-01 -1.253256e-01     258     38    -49
-48.063126 -29.354896 22.581978 9.666347e+16 5.290208 -1.622220e+16 4.600359e+13 -4.906112e+16 -4.977854e+16 -2.487063e+16 -3.949005e+16  1.028849e+16 -1.461942e+16 -1.141392e+17  -7.037550e-01 -9.013982e-02     254     36    -57
-47.625234 -30.781555 21.593211 8.792125e+16 5.262763 -1.521596e+16 4.736514e+15 -3.890180e+16 -4.553906e+16 -2.483686e+16 -3.778107e+16  7.757997e+15 -1.294421e+16 -1.081570e+17  -5.993412e-01 -7.172904e-02     254     39    -60
-48.451533 -29.639021 21.909446 8.811760e+16 5.263408 -1.677193e+16 6.553370e+15 -4.497346e+16 -4.620806e+16 -1.967470e+16 -3.639090e+16  9.817163e+15 -1.671620e+16 -1.022737e+17  -5.872843e-01 -9.598916e-02     259     40    -54
-50.269745 -22.827779 26.902476 8.152441e+16 5.240892 -1.657138e+16 2.719895e+14 -5.304334e+16 -3.925396e+16 -1.839175e+16 -2.525696e+16  1.399700e+16 -6.865201e+15 -8.290267e+16  -2.038834e+00 -1.688366e-01     250     31    -49
-55.815244 -30.109741 14.075015 9.645715e+16 5.289590 -1.562658e+16 1.270360e+16 -4.986088e+16 -4.728954e+16 -2.369400e+16 -4.077679e+16  6.512752e+15 -1.708278e+16 -1.117603e+17  -3.812465e-01 -5.827427e-02     257     41    -53
-48.530942 -28.507490 22.961567 9.607989e+16 5.288455 -1.533029e+16 -3.174764e+15 -5.310340e+16 -4.689493e+16 -2.499081e+16 -3.804085e+16  8.854076e+15 -1.305005e+16 -1.099266e+17  -6.784709e-01 -8.054535e-02     249     32    -56
-55.434075 -28.218356 16.347569 9.537858e+16 5.286334 -1.805938e+16 1.257184e+16 -5.419994e+16 -4.538486e+16 -2.214683e+16 -3.759299e+16  7.791867e+15 -1.544617e+16 -1.051247e+17  -5.044531e-01 -7.412024e-02     253     38    -50
-54.894743 -24.936331 20.168925 8.122873e+16 5.239840 -1.612475e+16 7.126398e+15 -4.958084e+16 -3.980535e+16 -1.844795e+16 -2.792770e+16  1.187765e+16 -9.479754e+15 -8.618100e+16  -1.252949e+00 -1.378221e-01     253     35    -49
-49.106997 -30.710750 20.182253 8.923172e+16 5.267046 -1.612969e+16 6.775898e+15 -4.384430e+16 -4.447297e+16 -2.303233e+16 -3.830796e+16  6.165010e+15 -1.527563e+16 -1.058132e+17  -4.035846e-01 -5.826312e-02     254     39    -56
-56.038019 -27.261152 16.700829 8.387475e+16 5.249121 -1.654483e+16 1.233148e+16 -4.732476e+16 -4.081063e+16 -1.957512e+16 -3.185359e+16  8.957041e+15 -1.227847e+16 -9.223935e+16  -7.294916e-01 -9.710650e-02     255     39    -50
-48.884422 -28.553270 22.562308 8.415668e+16 5.250092 -1.529575e+16 6.319096e+15 -4.167173e+16 -4.686618e+16 -1.842514e+16 -3.339144e+16  1.347474e+16 -1.496630e+16 -9.868276e+16  -9.003387e-01 -1.365461e-01     262     42    -55
-54.301868 -26.081243 19.616889 8.781798e+16 5.262422 -1.679977e+16 8.094952e+15 -5.222047e+16 -4.095478e+16 -2.276908e+16 -3.171785e+16  9.236929e+15 -8.948774e+15 -9.544171e+16  -1.032201e+00 -9.678084e-02     248     34    -51
-52.904188 -22.639395 24.456417 7.866632e+16 5.230559 -1.735256e+16 5.307131e+15 -4.894642e+16 -4.111241e+16 -1.571698e+16 -2.422043e+16  1.689198e+16 -8.503455e+15 -8.104982e+16  -1.986484e+00 -2.084148e-01     257     37    -48
-53.641367 -30.024376 16.334258 9.209707e+16 5.276197 -1.603374e+16 1.430568e+16 -4.328482e+16 -4.661775e+16 -2.427234e+16 -3.875287e+16  7.864886e+15 -1.448052e+16 -1.096430e+17  -5.431355e-01 -7.173179e-02     259     44    -56
-59.580617 -27.415713 13.003670 9.179551e+16 5.275248 -1.581384e+16 1.341753e+16 -5.345940e+16 -4.473698e+16 -1.984796e+16 -3.516745e+16  9.569531e+15 -1.531949e+16 -9.975238e+16  -6.246638e-01 -9.593286e-02     256     39    -49
-58.319992 -25.371429 16.308579 8.452315e+16 5.251350 -1.662425e+16 1.260283e+16 -4.977506e+16 -4.310611e+16 -1.735148e+16 -2.971243e+16  1.339368e+16 -1.236096e+16 -9.017003e+16  -1.083547e+00 -1.485381e-01     259     41    -49
-51.079168 -31.437857 17.482974 9.522210e+16 5.285859 -1.541141e+16 1.069356e+16 -4.058049e+16 -4.797281e+16 -2.796347e+16 -4.198234e+16  5.990467e+15 -1.401887e+16 -1.179186e+17  -4.273146e-01 -5.080170e-02     255     42    -60
-63.716008 -19.932526 16.351466 7.983443e+16 5.234827 -1.818036e+16 1.423900e+16 -5.426833e+16 -3.842881e+16 -1.385135e+16 -2.151410e+16  1.691471e+16 -7.662747e+15 -7.379426e+16  -2.207396e+00 -2.292145e-01     255     36    -42
-55.437041 -27.209122 17.353837 9.114074e+16 5.273175 -1.765017e+16 1.358667e+16 -4.832700e+16 -4.576314e+16 -2.312381e+16 -3.452358e+16  1.123956e+16 -1.139977e+16 -1.034105e+17  -9.859461e-01 -1.086887e-01     256     41    -53
-53.380763 -29.441821 17.177417 1.064056e+17 5.318010 -2.003995e+16 1.425073e+16 -5.548363e+16 -4.977438e+16 -2.895324e+16 -4.383393e+16  5.940451e+15 -1.488069e+16 -1.225615e+17  -3.992055e-01 -4.846913e-02     251     38    -53
-58.829842 -26.335396 14.834762 8.631830e+16 5.257435 -1.574012e+16 1.150915e+16 -5.195835e+16 -4.181080e+16 -1.858099e+16 -3.162999e+16  1.018081e+16 -1.304900e+16 -9.202178e+16  -7.801986e-01 -1.106348e-01     254     37    -48
-51.106968 -30.368009 18.525023 1.026845e+17 5.307703 -1.754979e+16 6.319296e+15 -5.646667e+16 -4.823601e+16 -2.493093e+16 -4.364140e+16  4.594610e+15 -1.871047e+16 -1.168083e+17  -2.455636e-01 -3.933461e-02     251     35    -52
-48.160678 -33.160340 18.678982 1.035043e+17 5.310006 -1.666687e+16 9.282495e+15 -4.383179e+16 -5.226409e+16 -2.777421e+16 -4.812095e+16  4.143145e+15 -2.034674e+16 -1.281592e+17  -2.036270e-01 -3.232810e-02     257     42    -59
-55.842740 -27.638676 16.518585 8.223973e+16 5.243421 -1.515638e+16 1.055669e+16 -4.610425e+16 -4.180599e+16 -1.754715e+16 -3.170060e+16  1.010539e+16 -1.415344e+16 -9.105374e+16  -7.139885e-01 -1.109827e-01     259     40    -50
-49.379919 -31.212896 19.407185 9.825158e+16 5.294926 -1.630296e+16 5.088431e+15 -4.820598e+16 -4.858124e+16 -2.574927e+16 -4.292463e+16  5.656610e+15 -1.717536e+16 -1.172551e+17  -3.293444e-01 -4.824189e-02     253     37    -56
-57.242435 -24.080512 18.677054 8.467391e+16 5.251866 -1.689099e+16 9.342557e+15 -5.199685e+16 -4.281356e+16 -1.780444e+16 -2.806111e+16  1.475244e+16 -1.025667e+16 -8.867911e+16  -1.438327e+00 -1.663576e-01     256     37    -48
-54.223254 -25.759369 20.017377 8.300997e+16 5.246120 -1.737922e+16 8.829137e+15 -5.035656e+16 -4.084600e+16 -1.715411e+16 -2.956964e+16  1.127636e+16 -1.241553e+16 -8.756975e+16  -9.082469e-01 -1.287701e-01     255     37    -48
-52.361709 -27.810814 19.827478 8.332263e+16 5.247209 -1.665161e+16 1.546551e+16 -4.047301e+16 -4.508132e+16 -1.875109e+16 -3.223751e+16  1.284381e+16 -1.348642e+16 -9.606992e+16  -9.523512e-01 -1.336923e-01     264     47    -55
-57.481323 -28.168093 14.350584 9.076751e+16 5.271987 -1.564258e+16 1.060578e+16 -5.409461e+16 -4.434537e+16 -1.735139e+16 -3.576128e+16  8.584090e+15 -1.840989e+16 -9.745805e+16  -4.662759e-01 -8.807985e-02     257     38    -48
-58.263643 -26.556076 15.180282 8.874773e+16 5.265471 -1.817825e+16 1.611873e+16 -5.109060e+16 -4.222333e+16 -2.041145e+16 -3.280621e+16  9.417116e+15 -1.239476e+16 -9.544099e+16  -7.597658e-01 -9.866951e-02     255     40    -49
-52.380951 -27.842939 19.776110 8.120768e+16 5.239765 -1.644578e+16 1.211260e+16 -4.094502e+16 -4.222769e+16 -1.986274e+16 -3.145950e+16  1.076819e+16 -1.159676e+16 -9.354993e+16  -9.285512e-01 -1.151063e-01     259     43    -54
-48.223585 -29.676082 22.100332 7.975620e+16 5.234543 -1.542784e+16 1.315247e+16 -3.533260e+16 -4.402469e+16 -1.820051e+16 -3.297423e+16  1.105046e+16 -1.477372e+16 -9.519943e+16  -7.479813e-01 -1.160770e-01     264     47    -58
-56.678913 -24.474858 18.846228 8.840869e+16 5.264363 -1.806394e+16 9.934662e+15 -5.482226e+16 -4.491801e+16 -1.676577e+16 -2.981956e+16  1.509845e+16 -1.305378e+16 -9.150334e+16  -1.156634e+00 -1.650044e-01     258     38    -47
-52.160034 -28.697463 19.142504 8.567571e+16 5.255272 -1.556308e+16 8.705679e+15 -4.506224e+16 -4.517784e+16 -1.860335e+16 -3.429424e+16  1.088360e+16 -1.569089e+16 -9.807543e+16  -6.936256e-01 -1.109717e-01     261     41    -53
-54.566858 -27.775827 17.657315 9.753743e+16 5.292814 -1.554649e+16 4.890050e+15 -5.676398e+16 -4.720724e+16 -2.346622e+16 -3.776093e+16  9.446307e+15 -1.429472e+16 -1.084344e+17  -6.608250e-01 -8.711542e-02     251     34    -52
-50.493513 -30.279832 19.226655 9.196757e+16 5.275790 -1.741950e+16 1.180646e+16 -4.432848e+16 -4.669556e+16 -2.291184e+16 -3.894337e+16  7.752196e+15 -1.603153e+16 -1.085508e+17  -4.835593e-01 -7.141539e-02     258     42    -55
-54.987940 -27.372005 17.640056 8.329022e+16 5.247096 -1.816419e+16 2.622803e+16 -4.060807e+16 -4.274742e+16 -1.588630e+16 -3.174464e+16  1.100278e+16 -1.585834e+16 -9.037837e+16  -6.938170e-01 -1.217414e-01     271     55    -56
-57.497675 -24.971429 17.530896 8.574225e+16 5.255497 -1.584573e+16 8.875914e+15 -5.366759e+16 -4.036144e+16 -1.989539e+16 -2.959477e+16  1.076667e+16 -9.699374e+15 -8.985160e+16  -1.110038e+00 -1.198273e-01     249     33    -48
-55.073553 -24.951333 19.975114 7.998192e+16 5.235361 -1.539690e+16 7.730919e+15 -4.498186e+16 -4.192368e+16 -1.931855e+16 -2.752214e+16  1.440154e+16 -8.203592e+15 -8.876437e+16  -1.755516e+00 -1.622446e-01     256     39    -52
-52.035566 -28.695902 19.268532 8.451504e+16 5.251323 -1.567128e+16 1.260453e+16 -3.838019e+16 -4.451211e+16 -2.316673e+16 -3.382372e+16  1.068839e+16 -1.065699e+16 -1.015026e+17  -1.002946e+00 -1.053017e-01     258     44    -58
-50.316193 -28.425119 21.258689 9.580204e+16 5.287616 -1.545123e+16 1.962422e+13 -5.295048e+16 -4.917066e+16 -2.199238e+16 -3.788349e+16  1.128717e+16 -1.589111e+16 -1.090465e+17  -7.102824e-01 -1.035079e-01     255     35    -54
-55.517493 -30.084286 14.398220 1.028761e+17 5.308243 -1.777845e+16 1.592349e+16 -5.153530e+16 -4.863518e+16 -2.815251e+16 -4.344217e+16  5.193004e+15 -1.528966e+16 -1.202299e+17  -3.396415e-01 -4.319230e-02     253     40    -54
-54.889085 -24.984287 20.126629 9.034005e+16 5.270620 -1.566541e+16 3.877649e+15 -5.669409e+16 -4.328489e+16 -2.111472e+16 -3.112666e+16  1.215823e+16 -1.001194e+16 -9.552626e+16  -1.214374e+00 -1.272763e-01     249     32    -50
-59.197099 -25.136726 15.666175 8.978233e+16 5.268827 -1.705800e+16 1.239383e+16 -5.453541e+16 -4.354764e+16 -2.010917e+16 -3.125904e+16  1.228860e+16 -1.114987e+16 -9.491584e+16  -1.102130e+00 -1.294684e-01     253     37    -48
-52.254607 -28.746930 18.998463 8.835015e+16 5.264172 -1.703569e+16 1.088595e+16 -4.586023e+16 -4.501014e+16 -2.098151e+16 -3.543400e+16  9.576147e+15 -1.445249e+16 -1.014256e+17  -6.625950e-01 -9.441544e-02     258     41    -53
-48.632462 -33.585937 17.781601 1.154496e+17 5.341628 -1.822568e+16 1.022392e+16 -4.793371e+16 -5.626278e+16 -3.335029e+16 -5.440672e+16  1.856054e+15 -2.105643e+16 -1.440198e+17  -8.814662e-02 -1.288749e-02     253     41    -60
-53.282099 -27.167675 19.550226 8.800606e+16 5.263042 -1.504756e+16 3.975372e+15 -5.399855e+16 -4.110447e+16 -2.024971e+16 -3.321656e+16  7.887917e+15 -1.296685e+16 -9.457074e+16  -6.083141e-01 -8.340758e-02     249     32    -50
-52.029929 -29.129667 18.840404 8.627218e+16 5.257281 -1.615454e+16 1.079470e+16 -4.283610e+16 -4.416893e+16 -2.173441e+16 -3.509224e+16  9.076685e+15 -1.335784e+16 -1.009956e+17  -6.795027e-01 -8.987211e-02     258     42    -55
-61.515074 -25.552839 12.932087 8.481175e+16 5.252337 -1.516315e+16 1.349857e+16 -5.073347e+16 -4.138947e+16 -1.882282e+16 -3.011712e+16  1.127234e+16 -1.129430e+16 -9.032941e+16  -9.980557e-01 -1.247915e-01     255     38    -48
-50.086165 -31.713418 18.200417 9.062615e+16 5.271536 -1.455603e+16 1.068060e+16 -3.681455e+16 -4.680428e+16 -2.613555e+16 -4.028955e+16  6.514736e+15 -1.415400e+16 -1.132294e+17  -4.602753e-01 -5.753574e-02     257     43    -61
-62.178773 -24.528294 13.292933 8.857559e+16 5.264909 -1.772474e+16 1.724360e+16 -5.785331e+16 -3.831917e+16 -1.864393e+16 -3.007487e+16  8.244297e+15 -1.143094e+16 -8.703797e+16  -7.212267e-01 -9.472069e-02     245     32    -44
-51.814361 -26.168629 22.017010 8.948041e+16 5.267852 -1.559461e+16 1.046423e+15 -5.324452e+16 -4.470597e+16 -2.075105e+16 -3.235792e+16  1.234804e+16 -1.160688e+16 -9.781494e+16  -1.063856e+00 -1.262388e-01     252     33    -52
-50.330353 -29.863677 19.805970 9.313348e+16 5.279437 -1.637927e+16 8.966331e+15 -4.406607e+16 -4.895182e+16 -2.371237e+16 -3.885041e+16  1.010141e+16 -1.513804e+16 -1.115146e+17  -6.672866e-01 -9.058375e-02     258     41    -57
-51.279282 -27.032854 21.687864 8.966932e+16 5.268463 -1.527006e+16 9.433167e+14 -5.127440e+16 -4.573953e+16 -2.089858e+16 -3.359277e+16  1.214676e+16 -1.269419e+16 -1.002309e+17  -9.568751e-01 -1.211878e-01     254     34    -53
-52.800160 -30.365954 16.833885 9.456073e+16 5.283841 -1.503861e+16 8.220500e+15 -4.695480e+16 -4.778691e+16 -2.407604e+16 -4.024490e+16  7.542016e+15 -1.616886e+16 -1.121078e+17  -4.664531e-01 -6.727465e-02     256     40    -56
-55.996269 -28.727364 15.276367 9.295595e+16 5.278885 -1.538228e+16 1.071981e+16 -4.924668e+16 -4.590314e+16 -2.383394e+16 -3.737054e+16  8.532605e+15 -1.353660e+16 -1.071076e+17  -6.303359e-01 -7.966385e-02     254     39    -54
-46.844625 -28.635061 24.520315 8.464922e+16 5.251782 -1.734230e+16 5.828981e+15 -3.986311e+16 -4.338738e+16 -2.451226e+16 -3.361401e+16  9.773366e+15 -9.101749e+15 -1.015137e+17  -1.073790e+00 -9.627637e-02     252     39    -58
-54.354685 -31.549160 14.096155 1.039308e+17 5.311196 -1.651534e+16 1.555181e+16 -4.773850e+16 -5.025262e+16 -2.895578e+16 -4.610971e+16  4.142901e+15 -1.715393e+16 -1.253181e+17  -2.415132e-01 -3.305908e-02     255     42    -57
-48.941436 -32.562917 18.495647 1.032339e+17 5.309248 -1.604794e+16 6.135196e+15 -4.549248e+16 -5.127799e+16 -2.902551e+16 -4.713254e+16  4.145446e+15 -1.810704e+16 -1.274360e+17  -2.289412e-01 -3.252962e-02     253     39    -60
-60.040016 -21.121610 18.838374 6.001573e+16 5.152210 -1.258472e+16 8.564190e+15 -3.722758e+16 -3.279551e+16 -1.068093e+16 -1.721163e+16  1.558388e+16 -6.530700e+15 -6.068808e+16  -2.386249e+00 -2.567865e-01     263     42    -48
-53.334278 -28.861287 17.804435 8.821404e+16 5.263725 -1.489631e+16 5.725791e+15 -5.034393e+16 -4.338597e+16 -1.933534e+16 -3.556627e+16  7.819700e+15 -1.623093e+16 -9.828759e+16  -4.817777e-01 -7.955939e-02     255     36    -51
-48.679538 -29.865677 21.454785 8.338174e+16 5.247414 -1.358728e+16 2.422011e+15 -4.026680e+16 -4.462375e+16 -2.056209e+16 -3.472735e+16  9.896393e+15 -1.416526e+16 -9.991319e+16  -6.986380e-01 -9.904991e-02     258     39    -57
-52.126470 -25.512378 22.361152 7.883511e+16 5.231180 -1.586804e+16 4.628558e+15 -4.754088e+16 -4.064281e+16 -1.559157e+16 -2.772485e+16  1.291796e+16 -1.213327e+16 -8.395923e+16  -1.064673e+00 -1.538600e-01     258     36    -49
-50.587614 -31.130913 18.281474 1.109020e+17 5.329993 -1.611054e+16 1.201820e+15 -6.075271e+16 -5.194119e+16 -2.708004e+16 -4.837063e+16  3.570559e+15 -2.129059e+16 -1.273919e+17  -1.677060e-01 -2.802816e-02     249     33    -54
-64.825158 -22.484733 12.690109 7.354513e+16 5.211069 -1.563033e+16 1.595403e+16 -4.655987e+16 -3.468023e+16 -1.532489e+16 -2.270368e+16  1.197655e+16 -7.378784e+15 -7.270880e+16  -1.623106e+00 -1.647194e-01     254     39    -45
-47.801254 -24.900891 27.297855 8.900141e+16 5.266298 -1.699550e+16 -3.077315e+15 -5.630902e+16 -4.372614e+16 -1.863635e+16 -3.030999e+16  1.341614e+16 -1.167364e+16 -9.267249e+16  -1.149268e+00 -1.447695e-01     253     31    -50
-47.757381 -33.564836 18.677782 1.051295e+17 5.314516 -1.487838e+16 8.912986e+14 -4.724393e+16 -5.067823e+16 -2.943824e+16 -4.947252e+16  1.205706e+15 -2.003428e+16 -1.295890e+17  -6.018218e-02 -9.304081e-03     251     36    -60
-46.730239 -30.656139 22.613622 1.003504e+17 5.301046 -1.655261e+16 -1.119307e+15 -4.982138e+16 -4.962112e+16 -2.721230e+16 -4.289310e+16  6.728021e+15 -1.568080e+16 -1.197265e+17  -4.290610e-01 -5.619491e-02     251     35    -58
-47.339263 -29.737215 22.923522 9.572167e+16 5.287374 -1.800756e+16 3.499772e+15 -4.916743e+16 -4.692972e+16 -2.554235e+16 -3.962470e+16  7.305022e+15 -1.408234e+16 -1.120968e+17  -5.187362e-01 -6.516710e-02     251     36    -56
-47.436369 -29.764991 22.798640 1.062366e+17 5.317549 -1.532201e+16 -6.378839e+15 -6.359914e+16 -4.874542e+16 -2.333805e+16 -4.402649e+16  4.718925e+15 -2.068844e+16 -1.161100e+17  -2.280948e-01 -4.064187e-02     249     29    -53
-54.023676 -30.847834 15.128491 1.038478e+17 5.310965 -1.824080e+16 1.365935e+16 -5.687816e+16 -4.556981e+16 -2.658084e+16 -4.498527e+16  5.845400e+14 -1.840442e+16 -1.171359e+17  -3.176084e-02 -4.990271e-03     247     35    -51
-47.455048 -30.509322 22.035629 9.636587e+16 5.289316 -1.857071e+16 1.109082e+16 -4.208485e+16 -5.053473e+16 -2.581271e+16 -4.101119e+16  9.523546e+15 -1.519847e+16 -1.173586e+17  -6.266120e-01 -8.114909e-02     257     43    -59
-48.226207 -31.185873 20.587920 9.625358e+16 5.288978 -1.601891e+16 3.265478e+15 -4.625011e+16 -4.779057e+16 -2.614240e+16 -4.196576e+16  5.824815e+15 -1.582335e+16 -1.158987e+17  -3.681151e-01 -5.025780e-02     252     37    -58
-48.298812 -30.741239 20.959949 1.032821e+17 5.309383 -1.750180e+16 3.249043e+15 -5.035162e+16 -5.048766e+16 -2.909569e+16 -4.435081e+16  6.136851e+15 -1.525511e+16 -1.239342e+17  -4.022817e-01 -4.951703e-02     250     36    -58
-46.166848 -30.392929 23.440223 9.429960e+16 5.283040 -1.745372e+16 3.117877e+15 -4.383562e+16 -4.721775e+16 -2.733266e+16 -3.991091e+16  7.306843e+15 -1.257825e+16 -1.144613e+17  -5.809111e-01 -6.383679e-02     251     37    -59
-46.462042 -32.192462 21.345496 9.368328e+16 5.281141 -1.655778e+16 7.608408e+15 -3.869313e+16 -4.788704e+16 -2.666373e+16 -4.216145e+16  5.725587e+15 -1.549772e+16 -1.167122e+17  -3.694470e-01 -4.905731e-02     255     41    -61
-49.373451 -23.900209 26.726339 8.929269e+16 5.267244 -1.694899e+16 -9.464539e+14 -5.874149e+16 -4.088953e+16 -2.091199e+16 -2.909882e+16  1.179071e+16 -8.186834e+15 -9.090034e+16  -1.440204e+00 -1.297103e-01     247     29    -50
-53.086272 -29.955269 16.958459 9.665222e+16 5.290175 -1.663057e+16 1.117856e+16 -4.728756e+16 -4.767927e+16 -2.648354e+16 -4.055117e+16  7.128105e+15 -1.406762e+16 -1.147140e+17  -5.067028e-01 -6.213807e-02     254     40    -56
-54.212149 -25.212208 20.575642 7.861976e+16 5.230388 -1.603846e+16 8.095038e+15 -4.598460e+16 -4.153353e+16 -1.567868e+16 -2.734563e+16  1.418790e+16 -1.166695e+16 -8.455785e+16  -1.216077e+00 -1.677893e-01     260     40    -49
-52.769375 -26.493129 20.737496 8.839154e+16 5.264307 -1.776219e+16 8.390272e+15 -4.962286e+16 -4.423154e+16 -2.169533e+16 -3.243464e+16  1.179691e+16 -1.073930e+16 -9.836151e+16  -1.098479e+00 -1.199342e-01     254     38    -52
-54.599223 -27.272952 18.127825 8.721579e+16 5.260430 -1.782884e+16 1.353616e+16 -4.651141e+16 -4.278713e+16 -2.249180e+16 -3.309793e+16  9.689202e+15 -1.060613e+16 -9.837686e+16  -9.135473e-01 -9.849066e-02     255     41    -52
-52.675547 -27.420459 19.903994 9.077006e+16 5.271995 -1.887609e+16 1.293271e+16 -4.809771e+16 -4.681317e+16 -2.091002e+16 -3.458984e+16  1.222333e+16 -1.367983e+16 -1.023130e+17  -8.935295e-01 -1.194699e-01     259     42    -52
-47.680400 -31.290792 21.028808 9.260756e+16 5.277798 -1.683094e+16 7.521105e+15 -4.343495e+16 -4.765823e+16 -2.292705e+16 -4.049772e+16  7.160514e+15 -1.757067e+16 -1.110830e+17  -4.075266e-01 -6.446093e-02     257     41    -57
-58.672000 -25.857428 15.470572 9.827677e+16 5.295001 -1.556917e+16 8.279928e+15 -6.364948e+16 -4.534143e+16 -2.076055e+16 -3.528884e+16  1.005259e+16 -1.452828e+16 -1.013908e+17  -6.919326e-01 -9.914697e-02     246     30    -48
-52.825312 -27.658582 19.516106 8.520672e+16 5.253683 -1.720428e+16 8.945111e+15 -4.940819e+16 -4.084077e+16 -1.932751e+16 -3.278356e+16  8.057204e+15 -1.345605e+16 -9.295184e+16  -5.987791e-01 -8.668149e-02     253     37    -49
-52.199391 -28.688058 19.112551 9.129860e+16 5.273676 -1.576415e+16 5.101141e+15 -5.116858e+16 -4.559678e+16 -2.057622e+16 -3.653331e+16  9.063472e+15 -1.595709e+16 -1.027063e+17  -5.679901e-01 -8.824649e-02     255     36    -52
-59.855557 -25.752891 14.391553 8.276217e+16 5.245255 -1.571750e+16 1.394151e+16 -4.770801e+16 -4.075595e+16 -1.925970e+16 -2.961066e+16  1.114529e+16 -1.035096e+16 -8.962630e+16  -1.076740e+00 -1.243529e-01     256     40    -50
-57.876201 -27.135845 14.987954 7.986576e+16 5.234940 -1.517853e+16 1.390951e+16 -4.357013e+16 -3.984642e+16 -1.874881e+16 -3.022132e+16  9.625095e+15 -1.147251e+16 -8.881655e+16  -8.389704e-01 -1.083705e-01     258     42    -51
-52.216792 -29.776835 18.006372 9.034983e+16 5.270652 -1.518018e+16 8.134716e+15 -4.437142e+16 -4.585369e+16 -2.393371e+16 -3.763708e+16  8.216605e+15 -1.370337e+16 -1.074245e+17  -5.996046e-01 -7.648727e-02     255     40    -56
-51.186386 -27.644357 21.169258 9.383392e+16 5.281607 -1.718822e+16 4.362603e+15 -5.341333e+16 -4.554024e+16 -2.343887e+16 -3.602451e+16  9.515728e+15 -1.258564e+16 -1.050036e+17  -7.560782e-01 -9.062286e-02     251     34    -53
-48.924175 -30.133585 20.942240 9.882774e+16 5.296619 -1.738923e+16 3.799940e+15 -5.219894e+16 -4.876108e+16 -2.409943e+16 -4.156785e+16  7.193232e+15 -1.746842e+16 -1.144284e+17  -4.117850e-01 -6.286232e-02     254     36    -54
-63.138415 -19.231159 17.630426 7.905068e+16 5.231970 -1.630610e+16 1.008385e+16 -5.722857e+16 -3.717807e+16 -1.210684e+16 -2.045212e+16  1.672595e+16 -8.345278e+15 -6.973703e+16  -2.004241e+00 -2.398432e-01     251     31    -41
-52.788215 -29.928972 17.282813 1.042587e+17 5.312108 -1.715952e+16 8.232755e+15 -5.611371e+16 -4.763232e+16 -2.904196e+16 -4.369050e+16  3.941818e+15 -1.464854e+16 -1.203648e+17  -2.690929e-01 -3.274893e-02     246     34    -54
-54.482423 -24.217388 21.300189 7.998355e+16 5.235367 -1.462575e+16 3.096910e+15 -5.160905e+16 -3.883337e+16 -1.688150e+16 -2.660564e+16  1.222774e+16 -9.724138e+15 -8.232050e+16  -1.257462e+00 -1.485382e-01     251     32    -48
-57.286216 -24.913652 17.800132 7.998025e+16 5.235355 -1.471297e+16 8.009769e+15 -4.795070e+16 -3.912621e+16 -1.957687e+16 -2.753009e+16  1.159612e+16 -7.953229e+15 -8.623318e+16  -1.458039e+00 -1.344740e-01     251     35    -50
-54.841165 -21.195618 23.963218 8.090671e+16 5.238690 -1.625017e+16 2.692239e+15 -5.770598e+16 -3.856485e+16 -1.270943e+16 -2.317592e+16  1.538893e+16 -1.046650e+16 -7.445020e+16  -1.470304e+00 -2.067010e-01     253     30    -43
-58.799780 -25.187456 16.012764 8.550564e+16 5.254697 -1.687507e+16 1.106449e+16 -5.467121e+16 -4.177114e+16 -1.477857e+16 -2.982761e+16  1.194353e+16 -1.504904e+16 -8.637732e+16  -7.936407e-01 -1.382716e-01     257     37    -45
-49.421139 -25.678311 24.900549 8.290253e+16 5.245745 -1.575280e+16 1.514994e+14 -4.879528e+16 -4.150585e+16 -2.006201e+16 -2.927760e+16  1.222825e+16 -9.215591e+15 -9.084545e+16  -1.326909e+00 -1.346050e-01     252     33    -53
-47.000531 -28.092969 24.906500 9.763007e+16 5.293089 -1.714925e+16 -2.969226e+15 -5.481844e+16 -4.881164e+16 -2.327844e+16 -3.797311e+16  1.083853e+16 -1.469467e+16 -1.100632e+17  -7.375823e-01 -9.847551e-02     253     33    -54
-47.199793 -31.521414 21.278793 9.207735e+16 5.276135 -1.651359e+16 7.927355e+15 -4.117987e+16 -4.804835e+16 -2.338629e+16 -4.056008e+16  7.488274e+15 -1.717379e+16 -1.119947e+17  -4.360293e-01 -6.686274e-02     258     41    -58
-49.575442 -28.912578 21.511981 9.532322e+16 5.286166 -1.699872e+16 4.417399e+15 -4.838119e+16 -4.906424e+16 -2.469814e+16 -3.836850e+16  1.069574e+16 -1.367036e+16 -1.121309e+17  -7.824038e-01 -9.538622e-02     255     38    -56
-63.941169 -24.644406 11.414425 8.106060e+16 5.239240 -1.623766e+16 1.656580e+16 -5.094156e+16 -3.925367e+16 -1.400961e+16 -2.769648e+16  1.155719e+16 -1.368687e+16 -8.095976e+16  -8.443998e-01 -1.427523e-01     259     41    -45
-64.532201 -25.218399 10.249400 8.671727e+16 5.258770 -1.501389e+16 1.462978e+16 -5.660175e+16 -4.047176e+16 -1.528665e+16 -3.040128e+16  1.007048e+16 -1.511463e+16 -8.615968e+16  -6.662736e-01 -1.168816e-01     251     34    -44
-52.138915 -28.201057 19.660028 8.938549e+16 5.267545 -1.547560e+16 4.906838e+15 -4.869183e+16 -4.547299e+16 -2.148813e+16 -3.510592e+16  1.036706e+16 -1.361779e+16 -1.020670e+17  -7.612882e-01 -1.015711e-01     255     37    -53
-49.960796 -31.425933 18.613271 9.683778e+16 5.290730 -1.499564e+16 2.652180e+15 -5.143230e+16 -4.578496e+16 -2.402787e+16 -4.263531e+16  3.149646e+15 -1.860745e+16 -1.124481e+17  -1.692680e-01 -2.800977e-02     251     34    -54
-49.100364 -30.342331 20.557304 9.231946e+16 5.276895 -1.745849e+16 8.754385e+15 -4.657757e+16 -4.760729e+16 -2.064747e+16 -3.912571e+16  8.481583e+15 -1.847824e+16 -1.073805e+17  -4.590038e-01 -7.898627e-02     259     41    -54
-47.975873 -34.615397 17.408730 1.131190e+17 5.335724 -1.614886e+16 7.039814e+15 -4.388919e+16 -5.516138e+16 -3.365214e+16 -5.494091e+16  2.204702e+14 -2.128877e+16 -1.437544e+17  -1.035618e-02 -1.533659e-03     252     40    -63
-57.132410 -27.017151 15.850438 8.875708e+16 5.265502 -1.754061e+16 1.701910e+16 -4.665927e+16 -4.462457e+16 -2.168665e+16 -3.340647e+16  1.121810e+16 -1.171982e+16 -9.971769e+16  -9.571906e-01 -1.124986e-01     259     44    -53
-51.065944 -31.333713 17.600343 1.041345e+17 5.311763 -1.590354e+16 6.649415e+15 -4.821547e+16 -5.212796e+16 -2.911229e+16 -4.575090e+16  6.377053e+15 -1.663861e+16 -1.269911e+17  -3.832683e-01 -5.021651e-02     254     39    -58
-60.719364 -25.711376 13.569261 8.158749e+16 5.241116 -1.597429e+16 1.465874e+16 -4.908310e+16 -4.071043e+16 -1.513057e+16 -2.915550e+16  1.155493e+16 -1.402494e+16 -8.499650e+16  -8.238844e-01 -1.359459e-01     261     42    -47
-52.128977 -27.718965 20.152058 7.482073e+16 5.216048 -1.481292e+16 1.375248e+16 -3.714015e+16 -4.125650e+16 -1.523621e+16 -2.883705e+16  1.241946e+16 -1.360084e+16 -8.532976e+16  -9.131388e-01 -1.455466e-01     267     47    -55
-56.275260 -27.824315 15.900424 8.250097e+16 5.244339 -1.504874e+16 2.052644e+16 -4.045932e+16 -4.385748e+16 -1.729767e+16 -3.204511e+16  1.181238e+16 -1.474744e+16 -9.320025e+16  -8.009782e-01 -1.267419e-01     270     52    -56
-57.383458 -22.959499 19.657043 8.026656e+16 5.236390 -1.558240e+16 6.194666e+15 -5.200494e+16 -4.116397e+16 -1.451718e+16 -2.522190e+16  1.594207e+16 -1.070472e+16 -8.090305e+16  -1.489256e+00 -1.970515e-01     257     35    -46
-54.714831 -24.948330 20.336838 8.950177e+16 5.267921 -1.696834e+16 6.979879e+15 -5.277030e+16 -4.339303e+16 -2.364209e+16 -3.078326e+16  1.260977e+16 -7.141172e+15 -9.781837e+16  -1.765785e+00 -1.289101e-01     249     34    -52
-47.812356 -30.072458 22.115186 8.544606e+16 5.254495 -1.693354e+16 1.794537e+16 -3.384287e+16 -4.606801e+16 -2.202897e+16 -3.581936e+16  1.024865e+16 -1.379039e+16 -1.039163e+17  -7.431735e-01 -9.862406e-02      42     48   -119
-51.792840 -23.703707 24.503454 8.158388e+16 5.241103 -1.881876e+16 7.337159e+15 -4.917573e+16 -4.110935e+16 -1.837347e+16 -2.641734e+16  1.469202e+16 -8.043870e+15 -8.590016e+16  -1.826486e+00 -1.710360e-01     255     37    -49
-47.445833 -28.544276 24.009891 9.236516e+16 5.277039 -1.690041e+16 6.509832e+13 -5.128399e+16 -4.496547e+16 -2.326052e+16 -3.657667e+16  8.388800e+15 -1.331615e+16 -1.048027e+17  -6.299719e-01 -8.004376e-02     251     33    -54
-50.590473 -29.988549 19.420978 9.390911e+16 5.281838 -1.822006e+16 1.100485e+16 -4.752944e+16 -4.666997e+16 -2.302731e+16 -3.935962e+16  7.310351e+15 -1.633231e+16 -1.090569e+17  -4.476007e-01 -6.703246e-02     256     40    -54
-55.123938 -27.063327 17.812736 8.058918e+16 5.237551 -1.525143e+16 1.038790e+16 -4.372575e+16 -4.140927e+16 -1.898669e+16 -3.033933e+16  1.106994e+16 -1.135264e+16 -9.073529e+16  -9.750983e-01 -1.220026e-01     258     41    -52
-52.337132 -28.148261 19.514607 8.583844e+16 5.255821 -1.528480e+16 6.005070e+15 -4.597318e+16 -4.270849e+16 -2.244629e+16 -3.365036e+16  9.058128e+15 -1.120407e+16 -9.880514e+16  -8.084678e-01 -9.167668e-02     252     37    -54
-54.160254 -25.107677 20.732069 7.948130e+16 5.233543 -1.619853e+16 6.908565e+15 -4.924187e+16 -3.838239e+16 -1.743886e+16 -2.751638e+16  1.086601e+16 -1.007752e+16 -8.333763e+16  -1.078243e+00 -1.303854e-01     252     35    -48
-46.059021 -33.194117 20.746862 1.096536e+17 5.326715 -1.681678e+16 2.302149e+15 -4.257266e+16 -5.515385e+16 -3.366948e+16 -5.092996e+16  4.223893e+15 -1.726048e+16 -1.397533e+17  -2.447147e-01 -3.022393e-02     251     38    -64
-62.301346 -23.941645 13.757009 7.902624e+16 5.231881 -1.619282e+16 1.750458e+16 -4.506139e+16 -3.935271e+16 -1.854560e+16 -2.612285e+16  1.322985e+16 -7.577246e+15 -8.402116e+16  -1.745998e+00 -1.574586e-01     259     44    -50
-58.393446 -25.684266 15.922288 8.384413e+16 5.249015 -1.444352e+16 8.116463e+15 -5.145626e+16 -4.118183e+16 -1.809543e+16 -2.987763e+16  1.130421e+16 -1.178220e+16 -8.915488e+16  -9.594311e-01 -1.267929e-01     253     35    -49
-53.705750 -28.481424 17.812826 9.407166e+16 5.282339 -1.474974e+16 4.568442e+15 -5.120418e+16 -4.745349e+16 -2.320122e+16 -3.739942e+16  1.005407e+16 -1.419820e+16 -1.080541e+17  -7.081233e-01 -9.304664e-02     254     36    -54
-47.827113 -34.239040 17.933847 1.082346e+17 5.322944 -1.690058e+16 1.140183e+16 -4.091396e+16 -5.333056e+16 -3.197530e+16 -5.198280e+16  1.347763e+15 -2.000750e+16 -1.372887e+17  -6.736289e-02 -9.817000e-03     254     42    -62
-50.098594 -33.428196 16.473210 1.003847e+17 5.301145 -1.616249e+16 1.293446e+16 -4.155840e+16 -4.857439e+16 -2.880625e+16 -4.713765e+16  1.436739e+15 -1.833140e+16 -1.245183e+17  -7.837585e-02 -1.153838e-02     255     42    -60
-46.079478 -32.509733 21.410788 1.010259e+17 5.302989 -1.770471e+16 4.727615e+15 -4.543317e+16 -4.927944e+16 -2.848584e+16 -4.591720e+16  3.362246e+15 -1.743136e+16 -1.236825e+17  -1.928849e-01 -2.718450e-02     251     38    -59
-56.492517 -25.778323 17.729161 8.292442e+16 5.245822 -1.588451e+16 9.564371e+15 -4.874547e+16 -4.228779e+16 -1.757280e+16 -2.962395e+16  1.266384e+16 -1.205116e+16 -8.948454e+16  -1.050840e+00 -1.415198e-01     258     39    -49
-53.180533 -26.577475 20.241992 8.240163e+16 5.243991 -1.547969e+16 5.573968e+15 -4.827733e+16 -4.237590e+16 -1.701793e+16 -3.035525e+16  1.202065e+16 -1.333732e+16 -8.974908e+16  -9.012795e-01 -1.339362e-01     258     37    -50
-63.384318 -25.932067 10.683615 8.847813e+16 5.264591 -1.528707e+16 1.630269e+16 -5.370947e+16 -4.056659e+16 -2.067016e+16 -3.196643e+16  8.600157e+15 -1.129627e+16 -9.320318e+16  -7.613274e-01 -9.227322e-02     248     35    -48
-49.748053 -29.191726 21.060220 9.281179e+16 5.278435 -1.819615e+16 1.135199e+16 -4.381400e+16 -4.834185e+16 -2.423843e+16 -3.775560e+16  1.058626e+16 -1.351717e+16 -1.103359e+17  -7.831710e-01 -9.594572e-02     257     42    -56
-51.806332 -26.415346 21.778322 8.725705e+16 5.260567 -1.576020e+16 2.548052e+15 -5.168765e+16 -4.292251e+16 -2.073759e+16 -3.188317e+16  1.103934e+16 -1.114558e+16 -9.554327e+16  -9.904677e-01 -1.155428e-01     252     33    -52
-53.715218 -26.389590 19.895192 8.656052e+16 5.258247 -1.739806e+16 9.237329e+15 -4.912288e+16 -4.242506e+16 -2.166737e+16 -3.165486e+16  1.077020e+16 -9.987484e+15 -9.574729e+16  -1.078370e+00 -1.124857e-01     253     37    -51
-51.222414 -28.474707 20.302879 8.023084e+16 5.236261 -1.681456e+16 1.156422e+16 -4.170402e+16 -4.137837e+16 -1.776659e+16 -3.181538e+16  9.562986e+15 -1.404879e+16 -9.096035e+16  -6.806980e-01 -1.051336e-01     260     43    -52
-54.613946 -32.771196 12.614858 1.022238e+17 5.306401 -1.542112e+16 1.872608e+16 -4.371486e+16 -4.895163e+16 -2.856516e+16 -4.718540e+16  1.766230e+15 -1.862024e+16 -1.247022e+17  -9.485538e-02 -1.416359e-02     259     45    -58
-50.405076 -32.621414 16.973510 1.032806e+17 5.309379 -1.600719e+16 8.727820e+15 -4.561574e+16 -5.015220e+16 -2.979638e+16 -4.730227e+16  2.849932e+15 -1.750589e+16 -1.272508e+17  -1.627985e-01 -2.239617e-02     252     39    -59
-59.011255 -24.653730 16.335015 8.539365e+16 5.254317 -1.655992e+16 1.195636e+16 -5.116954e+16 -4.201812e+16 -1.976786e+16 -2.909374e+16  1.292438e+16 -9.325882e+15 -9.087972e+16  -1.385862e+00 -1.422142e-01     254     38    -49
-60.385086 -25.413339 14.201575 8.118419e+16 5.239681 -1.563802e+16 1.432490e+16 -4.777685e+16 -3.784370e+16 -2.050546e+16 -2.863416e+16  9.209539e+15 -8.128700e+15 -8.698332e+16  -1.132966e+00 -1.058771e-01     250     37    -49
-51.008723 -33.118183 15.873094 9.620400e+16 5.288829 -1.440827e+16 9.655691e+15 -4.262835e+16 -4.743191e+16 -2.570508e+16 -4.477666e+16  2.655251e+15 -1.907157e+16 -1.179136e+17  -1.392256e-01 -2.251860e-02     256     41    -58
-51.496484 -28.322068 20.181449 9.773452e+16 5.293399 -1.711003e+16 5.093296e+15 -5.251568e+16 -4.725665e+16 -2.709133e+16 -3.854060e+16  8.716050e+15 -1.144927e+16 -1.128886e+17  -7.612755e-01 -7.720931e-02     249     35    -55
-54.118095 -27.899664 17.982241 1.009144e+17 5.302669 -1.797944e+16 9.516571e+15 -5.898907e+16 -4.550693e+16 -2.651092e+16 -3.924311e+16  6.263821e+15 -1.273220e+16 -1.112610e+17  -4.919671e-01 -5.629847e-02     245     33    -51
-51.647521 -28.579474 19.773005 9.711026e+16 5.291543 -1.775466e+16 6.769954e+15 -5.425868e+16 -4.601437e+16 -2.488070e+16 -3.867899e+16  7.335376e+15 -1.379829e+16 -1.095741e+17  -5.316149e-01 -6.694445e-02     250     35    -53
-42.607746 -33.760161 23.632094 9.671389e+16 5.290359 -1.749386e+16 1.350675e+16 -3.055287e+16 -5.122347e+16 -2.779855e+16 -4.554184e+16  5.681634e+15 -1.774329e+16 -1.245639e+17  -3.202131e-01 -4.561221e-02     257     46    -65
-57.310188 -25.253741 17.436071 7.995500e+16 5.235264 -1.716713e+16 1.746796e+16 -4.199792e+16 -4.127127e+16 -1.912286e+16 -2.793934e+16  1.333193e+16 -8.816478e+15 -8.833347e+16  -1.512161e+00 -1.509273e-01     261     46    -53
-49.713056 -31.761338 18.525607 9.765741e+16 5.293170 -1.567398e+16 8.106780e+15 -4.679792e+16 -5.104723e+16 -2.187615e+16 -4.346975e+16  7.577487e+15 -2.159360e+16 -1.163931e+17  -3.509136e-01 -6.510253e-02     262     42    -56
-65.279531 -17.530888 17.189581 7.493230e+16 5.216479 -1.885969e+16 1.654265e+16 -4.964736e+16 -3.644756e+16 -1.441108e+16 -1.749837e+16  1.894918e+16 -3.087297e+15 -6.835701e+16  -6.137792e+00 -2.772091e-01     256     40    -43
-53.101126 -29.635569 17.263304 1.054940e+17 5.315518 -1.608166e+16 5.031690e+15 -6.060850e+16 -4.815131e+16 -2.653003e+16 -4.375538e+16  4.395929e+15 -1.722535e+16 -1.184367e+17  -2.552011e-01 -3.711626e-02     246     32    -53
-54.355321 -26.326047 19.318631 8.210284e+16 5.242939 -1.729541e+16 1.052519e+16 -4.786608e+16 -4.143878e+16 -1.676740e+16 -2.996293e+16  1.147584e+16 -1.319553e+16 -8.816910e+16  -8.696765e-01 -1.301572e-01     258     40    -49
-58.452017 -19.277300 22.270683 8.330110e+16 5.247134 -1.504834e+16 6.741102e+15 -6.575676e+16 -3.463852e+16 -1.004387e+16 -2.151922e+16  1.311930e+16 -1.147535e+16 -6.620161e+16  -1.143259e+00 -1.981720e-01     244     22    -38
-59.343701 -27.702616 12.953683 9.081405e+16 5.272135 -1.738771e+16 1.813076e+16 -5.005901e+16 -4.280073e+16 -2.195417e+16 -3.518226e+16  7.618463e+15 -1.322810e+16 -9.993716e+16  -5.759303e-01 -7.623253e-02     255     41    -50
-58.602542 -25.223544 16.173914 8.812885e+16 5.263445 -1.635496e+16 1.034844e+16 -5.602426e+16 -4.147533e+16 -1.852437e+16 -3.078680e+16  1.068852e+16 -1.226243e+16 -9.078650e+16  -8.716484e-01 -1.177325e-01     251     34    -47
-53.729871 -30.101727 16.168402 9.645334e+16 5.289578 -1.748585e+16 1.381107e+16 -4.836322e+16 -4.617423e+16 -2.573824e+16 -4.070041e+16  5.473824e+15 -1.496217e+16 -1.126129e+17  -3.658443e-01 -4.860745e-02     254     40    -54
-48.999905 -29.394623 21.605472 8.737923e+16 5.260972 -1.717951e+16 7.859691e+15 -4.373641e+16 -4.435731e+16 -2.219233e+16 -3.578532e+16  8.571999e+15 -1.359299e+16 -1.023350e+17  -6.306192e-01 -8.376413e-02     255     40    -55
-50.732893 -28.297987 20.969119 8.972420e+16 5.268640 -1.667527e+16 5.901743e+15 -4.739351e+16 -4.536621e+16 -2.288379e+16 -3.532214e+16  1.004407e+16 -1.243835e+16 -1.035721e+17  -8.075084e-01 -9.697655e-02     254     37    -54
-56.770226 -26.000408 17.229366 8.340511e+16 5.247495 -1.663776e+16 1.112369e+16 -5.012064e+16 -4.294153e+16 -1.462639e+16 -3.008650e+16  1.285503e+16 -1.546011e+16 -8.765442e+16  -8.314963e-01 -1.466558e-01     261     41    -47
-55.954670 -22.273491 21.771839 8.649964e+16 5.258043 -1.699196e+16 5.247065e+15 -6.044303e+16 -4.022116e+16 -1.548378e+16 -2.623362e+16  1.398754e+16 -1.074984e+16 -8.193856e+16  -1.301186e+00 -1.707077e-01     250     30    -44
-50.709469 -29.051396 20.239135 9.569172e+16 5.287283 -1.501393e+16 6.495068e+14 -5.427194e+16 -4.510733e+16 -2.441322e+16 -3.876192e+16  6.345409e+15 -1.434869e+16 -1.082825e+17  -4.422290e-01 -5.860052e-02     248     32    -54
-56.718630 -23.066413 20.214957 8.317117e+16 5.246682 -1.570574e+16 6.703529e+15 -5.563972e+16 -3.805564e+16 -1.852092e+16 -2.625484e+16  1.180080e+16 -7.733915e+15 -8.283140e+16  -1.525851e+00 -1.424677e-01     246     30    -47
-54.846499 -30.738875 14.414626 8.427359e+16 5.250494 -1.414426e+16 1.498775e+16 -4.015464e+16 -4.223476e+16 -2.060319e+16 -3.639151e+16  5.843241e+15 -1.578832e+16 -9.922946e+16  -3.700990e-01 -5.888615e-02     262     45    -55
-55.903626 -24.126392 19.969982 8.453079e+16 5.251377 -1.669580e+16 7.153223e+15 -5.309979e+16 -4.183283e+16 -1.786740e+16 -2.803896e+16  1.379387e+16 -1.017156e+16 -8.773920e+16  -1.356121e+00 -1.572145e-01     254     35    -48
-47.659863 -30.347552 21.992585 8.289815e+16 5.245730 -1.508774e+16 8.808643e+15 -3.882706e+16 -4.568930e+16 -1.773927e+16 -3.508695e+16  1.060235e+16 -1.734768e+16 -9.851553e+16  -6.111680e-01 -1.076211e-01     264     44    -56
-50.497087 -28.572959 20.929954 9.443812e+16 5.283465 -1.887581e+16 8.129189e+15 -5.242481e+16 -4.499946e+16 -2.346409e+16 -3.756268e+16  7.436782e+15 -1.409858e+16 -1.060262e+17  -5.274844e-01 -7.014097e-02     252     36    -52
-51.034487 -24.836043 24.129469 9.436078e+16 5.283228 -1.560003e+16 -2.332224e+15 -6.220182e+16 -4.368983e+16 -2.061019e+16 -3.216679e+16  1.152303e+16 -1.155660e+16 -9.646681e+16  -9.970950e-01 -1.194507e-01     247     28    -50
-55.066061 -26.177672 18.756267 8.567949e+16 5.255285 -1.591953e+16 8.447057e+15 -4.768631e+16 -4.231849e+16 -2.298625e+16 -3.109384e+16  1.122464e+16 -8.107592e+15 -9.639858e+16  -1.384461e+00 -1.164399e-01     251     37    -53
-51.540552 -29.658735 18.800713 8.701151e+16 5.259751 -1.681172e+16 1.792498e+16 -4.005060e+16 -4.596529e+16 -1.975876e+16 -3.607011e+16  9.895182e+15 -1.631134e+16 -1.017942e+17  -6.066441e-01 -9.720775e-02     265     48    -56
-57.271427 -22.944028 19.784545 7.854174e+16 5.230100 -1.553199e+16 6.393305e+15 -5.163051e+16 -3.908184e+16 -1.456710e+16 -2.465871e+16  1.442313e+16 -1.009161e+16 -7.830766e+16  -1.429220e+00 -1.841854e-01     255     34    -46
-48.085329 -31.070864 20.843807 9.387133e+16 5.281722 -1.531389e+16 2.007260e+15 -4.727810e+16 -4.790120e+16 -2.214681e+16 -4.076108e+16  7.140124e+15 -1.861427e+16 -1.108091e+17  -3.835834e-01 -6.443627e-02     256     37    -55
-49.759871 -29.433533 20.806596 8.766342e+16 5.261912 -1.512726e+16 2.650896e+15 -4.832465e+16 -4.428967e+16 -1.909337e+16 -3.598122e+16  8.308449e+15 -1.688785e+16 -9.936425e+16  -4.919779e-01 -8.361608e-02     256     36    -52
-52.133174 -31.485284 16.381542 1.013412e+17 5.303891 -1.586171e+16 1.025369e+16 -4.490879e+16 -4.930022e+16 -3.070645e+16 -4.479044e+16  4.509776e+15 -1.408399e+16 -1.247971e+17  -3.202058e-01 -3.613686e-02     251     40    -59
-57.822035 -21.344480 20.833486 7.608162e+16 5.220887 -1.564480e+16 6.043065e+15 -5.097118e+16 -3.879577e+16 -1.303679e+16 -2.203379e+16  1.676198e+16 -8.996999e+15 -7.386635e+16  -1.863064e+00 -2.269231e-01     257     35    -45
-58.176480 -25.428158 16.395363 8.156825e+16 5.241047 -1.717048e+16 1.462481e+16 -4.707401e+16 -4.060180e+16 -1.782024e+16 -2.874144e+16  1.186036e+16 -1.092120e+16 -8.716348e+16  -1.085994e+00 -1.360703e-01     258     42    -49
-51.228953 -29.981895 18.789152 9.760542e+16 5.293016 -1.767442e+16 8.649506e+15 -5.085013e+16 -4.708099e+16 -2.523779e+16 -4.092348e+16  6.157507e+15 -1.568569e+16 -1.132423e+17  -3.925556e-01 -5.437464e-02     252     37    -54
-46.913479 -31.917222 21.169299 1.078474e+17 5.321907 -1.668421e+16 -1.514361e+15 -5.502614e+16 -5.098069e+16 -2.835783e+16 -4.812230e+16  2.858395e+15 -1.976447e+16 -1.274608e+17  -1.446229e-01 -2.242567e-02     249     33    -57
-55.482442 -26.796471 17.721087 9.252220e+16 5.277531 -1.614079e+16 6.401529e+15 -5.786055e+16 -4.447032e+16 -1.833588e+16 -3.446537e+16  1.000496e+16 -1.612949e+16 -9.727157e+16  -6.202897e-01 -1.028559e-01     253     33    -47
-59.202387 -23.253417 17.544196 7.658237e+16 5.222786 -1.522616e+16 1.144685e+16 -4.585886e+16 -4.167857e+16 -1.379519e+16 -2.444837e+16  1.723020e+16 -1.065318e+16 -7.992214e+16  -1.617376e+00 -2.155873e-01     264     43    -49
-62.021641 -23.963129 14.015230 8.363837e+16 5.248304 -1.730988e+16 1.497216e+16 -5.317218e+16 -4.064392e+16 -1.513105e+16 -2.766991e+16  1.297402e+16 -1.253885e+16 -8.344488e+16  -1.034705e+00 -1.554801e-01     257     39    -45
-58.754135 -23.727431 17.518434 7.706393e+16 5.224601 -1.694968e+16 1.596219e+16 -4.464011e+16 -4.118785e+16 -1.379524e+16 -2.515397e+16  1.603388e+16 -1.135873e+16 -8.013706e+16  -1.411591e+00 -2.000807e-01     266     46    -49
-60.991998 -27.537247 11.470755 8.560179e+16 5.255022 -1.280495e+16 1.069579e+16 -5.004950e+16 -4.166363e+16 -1.930399e+16 -3.298051e+16  8.683114e+15 -1.367652e+16 -9.394813e+16  -6.348918e-01 -9.242456e-02     254     37    -50
-49.056612 -32.366688 18.576701 9.343462e+16 5.280372 -1.710894e+16 1.502716e+16 -3.820885e+16 -4.607043e+16 -2.660035e+16 -4.239518e+16  3.675255e+15 -1.579483e+16 -1.150660e+17  -2.326872e-01 -3.194042e-02     256     44    -59
-52.609641 -31.572756 15.817604 8.422239e+16 5.250318 -1.406630e+16 1.642356e+16 -3.705250e+16 -4.303190e+16 -2.057819e+16 -3.734707e+16  5.684835e+15 -1.676888e+16 -1.009572e+17  -3.390110e-01 -5.630938e-02     264     48    -58
-58.979476 -28.113791 12.906733 8.928517e+16 5.267220 -1.521395e+16 1.564089e+16 -4.663176e+16 -4.388827e+16 -2.304996e+16 -3.513891e+16  8.749356e+15 -1.208895e+16 -1.020771e+17  -7.237480e-01 -8.571318e-02     257     42    -53
-47.301675 -30.148351 22.549974 8.628683e+16 5.257330 -1.703143e+16 1.036560e+16 -3.653650e+16 -4.499863e+16 -2.465201e+16 -3.624988e+16  8.748751e+15 -1.159787e+16 -1.059005e+17  -7.543410e-01 -8.261292e-02     256     43    -60
-51.046919 -26.683994 22.269087 8.629309e+16 5.257351 -1.649150e+16 6.536829e+15 -4.325536e+16 -4.588229e+16 -2.352691e+16 -3.186015e+16  1.402215e+16 -8.333240e+15 -1.012693e+17  -1.682676e+00 -1.384639e-01     255     39    -57
-49.285607 -31.621998 19.092395 9.808442e+16 5.294433 -1.662145e+16 7.660375e+15 -4.446036e+16 -4.810901e+16 -2.831265e+16 -4.344116e+16  4.667851e+15 -1.512851e+16 -1.198628e+17  -3.085466e-01 -3.894328e-02     252     39    -59
-60.147927 -25.572636 14.279437 9.178299e+16 5.275208 -1.579745e+16 1.192493e+16 -5.810034e+16 -4.197053e+16 -2.075532e+16 -3.259124e+16  9.379288e+15 -1.183593e+16 -9.531709e+16  -7.924421e-01 -9.840091e-02     246     32    -48
-62.612808 -25.445583 11.941609 8.357809e+16 5.248095 -1.472997e+16 1.352754e+16 -5.136684e+16 -4.042786e+16 -1.733829e+16 -2.956126e+16  1.086660e+16 -1.222297e+16 -8.732741e+16  -8.890310e-01 -1.244351e-01     255     37    -47
-52.081478 -29.691625 18.226897 1.005502e+17 5.301622 -1.832369e+16 9.391063e+15 -5.448467e+16 -4.817920e+16 -2.451043e+16 -4.175258e+16  6.426618e+15 -1.724215e+16 -1.144422e+17  -3.727272e-01 -5.615601e-02     253     37    -52
-56.701549 -30.856440 12.442011 9.075400e+16 5.271944 -1.394254e+16 1.435989e+16 -4.461077e+16 -4.452381e+16 -2.280091e+16 -3.939655e+16  5.127254e+15 -1.659565e+16 -1.067213e+17  -3.089517e-01 -4.804341e-02     259     43    -55
-53.614789 -27.722693 18.662518 9.307694e+16 5.279261 -1.543335e+16 4.291097e+15 -5.732068e+16 -4.332619e+16 -2.048999e+16 -3.592866e+16  7.397532e+15 -1.543867e+16 -9.974485e+16  -4.791561e-01 -7.416456e-02     249     31    -49
-49.990391 -29.567773 20.441836 9.481291e+16 5.284612 -1.702078e+16 7.078935e+15 -4.637341e+16 -4.850627e+16 -2.513719e+16 -3.911631e+16  9.389957e+15 -1.397912e+16 -1.127598e+17  -6.717130e-01 -8.327400e-02     255     39    -56
-52.594156 -29.212894 18.192950 9.513446e+16 5.285592 -1.651478e+16 7.014135e+15 -5.260038e+16 -4.578909e+16 -2.322452e+16 -3.883626e+16  6.952832e+15 -1.561174e+16 -1.078499e+17  -4.453593e-01 -6.446770e-02     252     36    -52
-52.332050 -27.622769 20.045181 8.696897e+16 5.259610 -1.600554e+16 5.139619e+15 -5.093933e+16 -4.335851e+16 -1.835878e+16 -3.339840e+16  9.960110e+15 -1.503962e+16 -9.511568e+16  -6.622581e-01 -1.047158e-01     256     36    -50
-62.288608 -22.113755 15.597637 7.504250e+16 5.216905 -1.600962e+16 1.297535e+16 -4.901714e+16 -3.562185e+16 -1.504293e+16 -2.270046e+16  1.292140e+16 -7.657523e+15 -7.336524e+16  -1.687412e+00 -1.761242e-01     253     36    -44
-52.171030 -30.604403 17.224567 9.418581e+16 5.282690 -1.492722e+16 6.575397e+15 -4.848369e+16 -4.729502e+16 -2.248821e+16 -4.039903e+16  6.895991e+15 -1.791082e+16 -1.101823e+17  -3.850181e-01 -6.258713e-02     257     38    -54
-56.059499 -22.029066 21.911435 6.365691e+16 5.169264 -1.505957e+16 1.712014e+16 -3.466679e+16 -3.637645e+16 -9.965240e+15 -1.906960e+16  1.730685e+16 -9.104355e+15 -6.541128e+16  -1.900942e+00 -2.645851e-01     272     52    -53
-57.985053 -25.441344 16.573603 8.890699e+16 5.265991 -1.679320e+16 9.217344e+15 -5.929181e+16 -4.171830e+16 -1.440137e+16 -3.134056e+16  1.037774e+16 -1.693919e+16 -8.746024e+16  -6.126471e-01 -1.186567e-01     253     33    -43
-58.764654 -29.419483 11.815863 9.269105e+16 5.278059 -1.651946e+16 1.853866e+16 -4.905317e+16 -4.393677e+16 -2.185749e+16 -3.829974e+16  5.637030e+15 -1.644225e+16 -1.040940e+17  -3.428381e-01 -5.415326e-02     258     43    -51
-48.529430 -25.900105 25.570465 9.064162e+16 5.271585 -1.548606e+16 -4.377760e+15 -5.711444e+16 -4.383969e+16 -1.918978e+16 -3.228438e+16  1.155531e+16 -1.309460e+16 -9.531385e+16  -8.824481e-01 -1.212343e-01     251     30    -51
-52.196405 -29.720799 18.082796 8.806747e+16 5.263244 -1.622002e+16 1.057121e+16 -4.417760e+16 -4.363369e+16 -2.280203e+16 -3.661157e+16  7.022121e+15 -1.380954e+16 -1.030473e+17  -5.084978e-01 -6.814463e-02     255     40    -55
-56.739268 -28.228487 15.032245 9.046354e+16 5.271016 -1.500434e+16 9.052253e+15 -5.264937e+16 -4.418730e+16 -1.947472e+16 -3.570533e+16  8.481967e+15 -1.623060e+16 -9.936735e+16  -5.225910e-01 -8.535970e-02     255     37    -50
-61.128545 -25.548005 13.323450 8.655155e+16 5.258217 -1.718575e+16 1.950397e+16 -4.680473e+16 -4.174489e+16 -2.274047e+16 -3.072100e+16  1.102389e+16 -7.980526e+15 -9.520636e+16  -1.381349e+00 -1.157894e-01     256     43    -52
-50.954455 -32.175227 16.870317 1.034843e+17 5.309950 -1.579962e+16 9.672679e+15 -4.330611e+16 -5.109267e+16 -3.150827e+16 -4.674267e+16  4.349994e+15 -1.523440e+16 -1.293436e+17  -2.855376e-01 -3.363130e-02     252     40    -61
-56.142668 -32.306762 11.550570 1.080634e+17 5.322486 -1.601899e+16 1.763279e+16 -5.048309e+16 -5.090602e+16 -2.920513e+16 -4.919729e+16  1.708731e+15 -1.999216e+16 -1.293084e+17  -8.547006e-02 -1.321438e-02     256     43    -56
-53.199770 -31.152397 15.647833 8.437154e+16 5.250831 -1.469860e+16 1.699867e+16 -3.617976e+16 -4.190820e+16 -2.313938e+16 -3.690638e+16  5.001820e+15 -1.376700e+16 -1.019540e+17  -3.633195e-01 -4.905959e-02     260     47    -58
-48.163374 -32.084475 19.752151 1.041770e+17 5.311881 -1.797394e+16 7.163472e+15 -4.923914e+16 -5.162077e+16 -2.682256e+16 -4.679908e+16  4.821686e+15 -1.997653e+16 -1.252424e+17  -2.413676e-01 -3.849883e-02     255     39    -57
-51.058021 -25.511481 23.430498 8.583893e+16 5.255823 -1.636311e+16 2.765445e+15 -4.837401e+16 -4.464348e+16 -2.120301e+16 -3.015176e+16  1.449173e+16 -8.948745e+15 -9.599825e+16  -1.619415e+00 -1.509582e-01     254     36    -53
-57.593532 -25.572416 16.834051 7.992624e+16 5.235160 -1.629999e+16 1.318264e+16 -4.617292e+16 -4.133286e+16 -1.582876e+16 -2.832655e+16  1.300631e+16 -1.249779e+16 -8.548817e+16  -1.040688e+00 -1.521416e-01     262     43    -49
-53.786222 -23.754306 22.459472 8.920707e+16 5.266966 -1.916617e+16 7.264594e+15 -5.828582e+16 -4.202931e+16 -1.838836e+16 -2.901841e+16  1.301090e+16 -1.063005e+16 -8.943609e+16  -1.223974e+00 -1.454771e-01     252     33    -46
-59.502532 -22.591521 17.905947 8.214654e+16 5.243093 -1.487061e+16 6.676352e+15 -5.706602e+16 -3.891157e+16 -1.405185e+16 -2.539647e+16  1.351510e+16 -1.134462e+16 -7.835988e+16  -1.191323e+00 -1.724748e-01     251     30    -44
-55.098856 -25.769993 19.131151 7.989432e+16 5.235044 -1.300266e+16 2.840712e+15 -4.682366e+16 -4.043464e+16 -1.939635e+16 -2.849615e+16  1.193849e+16 -9.099805e+15 -8.832714e+16  -1.311950e+00 -1.351621e-01     252     34    -52
-49.799916 -30.472354 19.727730 9.116582e+16 5.273255 -1.664182e+16 9.624820e+15 -4.424150e+16 -4.719526e+16 -2.168908e+16 -3.884051e+16  8.354747e+15 -1.715143e+16 -1.077249e+17  -4.871166e-01 -7.755635e-02     259     42    -55
-57.744133 -23.022460 19.233407 6.983826e+16 5.196096 -1.602056e+16 1.158719e+16 -4.243396e+16 -3.601031e+16 -1.339482e+16 -2.201977e+16  1.399053e+16 -8.624951e+15 -7.142490e+16  -1.622100e+00 -1.958775e-01     260     41    -47
-53.987691 -29.706539 16.305770 8.976449e+16 5.268770 -1.691991e+16 1.300658e+16 -4.739660e+16 -4.316607e+16 -2.160595e+16 -3.735417e+16  5.811892e+15 -1.574822e+16 -1.021262e+17  -3.690507e-01 -5.690893e-02     256     40    -52
-46.667795 -31.008674 22.323531 8.434718e+16 5.250747 -1.590415e+16 9.124225e+15 -3.827797e+16 -4.539963e+16 -1.936674e+16 -3.649302e+16  8.906607e+15 -1.712628e+16 -1.012594e+17  -5.200551e-01 -8.795833e-02     262     43    -57
-52.389003 -24.280759 23.330238 8.106858e+16 5.239268 -1.681848e+16 4.430623e+15 -5.024142e+16 -4.127486e+16 -1.644812e+16 -2.698611e+16  1.428875e+16 -1.053799e+16 -8.470908e+16  -1.355928e+00 -1.686803e-01     256     35    -48
-50.762370 -30.586964 18.650666 1.021647e+17 5.306234 -1.648578e+16 4.635711e+15 -5.313186e+16 -4.955456e+16 -2.630846e+16 -4.374059e+16  5.813978e+15 -1.743213e+16 -1.196036e+17  -3.335209e-01 -4.861039e-02     252     36    -55
-66.591118 -13.832513 19.576368 6.191728e+16 5.161241 -1.442783e+16 8.566934e+15 -4.573829e+16 -3.113094e+16 -7.853980e+15 -1.110202e+16  2.002892e+16 -3.248035e+15 -5.008693e+16  -6.166472e+00 -3.998832e-01     257     34    -39
-47.480048 -31.237642 21.282310 1.111875e+17 5.330737 -1.737774e+16 -1.381319e+15 -5.856952e+16 -5.212403e+16 -2.924308e+16 -4.852518e+16  3.598853e+15 -1.928210e+16 -1.298923e+17  -1.866422e-01 -2.770644e-02     248     33    -57
-49.617455 -26.241499 24.141046 8.440314e+16 5.250939 -1.705306e+16 3.483115e+15 -4.812082e+16 -4.206862e+16 -2.114110e+16 -3.054228e+16  1.152633e+16 -9.401179e+15 -9.375200e+16  -1.226052e+00 -1.229449e-01     252     35    -53
-46.698836 -26.947137 26.354027 8.262458e+16 5.244773 -1.645483e+16 9.319810e+14 -4.376588e+16 -4.388895e+16 -2.027914e+16 -3.068360e+16  1.320535e+16 -1.040446e+16 -9.485170e+16  -1.269201e+00 -1.392210e-01     255     37    -55
-49.702098 -29.923426 20.374476 9.555643e+16 5.286873 -1.652251e+16 7.322921e+15 -4.344836e+16 -4.972353e+16 -2.682626e+16 -3.992225e+16  9.801278e+15 -1.309599e+16 -1.164720e+17  -7.484180e-01 -8.415134e-02     255     40    -59
-51.391832 -33.106361 15.501807 1.034149e+17 5.309755 -1.464182e+16 9.750156e+15 -4.453951e+16 -5.150167e+16 -2.844731e+16 -4.812946e+16  3.372208e+15 -1.968215e+16 -1.280784e+17  -1.713333e-01 -2.632924e-02     257     41    -59
-64.168489 -27.284711 8.546799 8.519171e+16 5.253632 -1.393353e+16 1.870807e+16 -4.825508e+16 -4.193205e+16 -1.746945e+16 -3.254670e+16  9.385350e+15 -1.507724e+16 -9.194820e+16  -6.224844e-01 -1.020721e-01     265     47    -51
-54.579046 -27.249565 18.171389 9.166423e+16 5.274833 -1.753445e+16 9.909551e+15 -5.291538e+16 -4.400292e+16 -2.196229e+16 -3.475278e+16  9.250148e+15 -1.279049e+16 -1.007180e+17  -7.232051e-01 -9.184207e-02     252     36    -50
-49.503482 -28.413665 22.082853 9.139790e+16 5.273991 -1.713101e+16 4.100900e+15 -4.952361e+16 -4.543201e+16 -2.298237e+16 -3.609531e+16  9.336699e+15 -1.311294e+16 -1.045097e+17  -7.120217e-01 -8.933811e-02     253     36    -54
-53.670933 -26.369860 19.959207 8.385022e+16 5.249036 -1.574123e+16 5.961953e+15 -4.968700e+16 -4.360323e+16 -1.620959e+16 -3.063709e+16  1.296614e+16 -1.442751e+16 -9.044991e+16  -8.987094e-01 -1.433516e-01     259     38    -49
-50.200141 -30.914641 18.885219 9.731637e+16 5.292157 -1.681952e+16 1.161566e+16 -3.955840e+16 -4.872179e+16 -3.083477e+16 -4.211783e+16  6.603955e+15 -1.128306e+16 -1.216744e+17  -5.852982e-01 -5.427564e-02     252     42    -61
-55.309279 -28.357429 16.333293 8.286029e+16 5.245598 -1.397949e+16 1.188442e+16 -4.026771e+16 -4.332895e+16 -2.172757e+16 -3.283042e+16  1.049854e+16 -1.110284e+16 -9.788694e+16  -9.455719e-01 -1.072517e-01     260     43    -56
-56.577486 -21.384827 22.037687 7.827638e+16 5.229120 -1.440663e+16 4.705821e+15 -5.661089e+16 -3.460207e+16 -1.467524e+16 -2.268985e+16  1.191222e+16 -8.014614e+15 -7.196716e+16  -1.486312e+00 -1.655230e-01     245     27    -44
-53.103969 -25.652239 21.243792 7.930667e+16 5.232906 -1.569512e+16 8.214836e+15 -4.435949e+16 -4.369714e+16 -1.546608e+16 -2.808914e+16  1.560799e+16 -1.262306e+16 -8.725236e+16  -1.236466e+00 -1.788833e-01     263     42    -51
-54.074709 -28.427732 17.497558 8.585988e+16 5.255894 -1.568959e+16 1.429634e+16 -4.094007e+16 -4.490507e+16 -2.217037e+16 -3.407569e+16  1.082937e+16 -1.190533e+16 -1.011511e+17  -9.096239e-01 -1.070613e-01     260     45    -56
-45.643178 -31.092766 23.264055 8.731821e+16 5.260770 -1.676890e+16 1.037025e+16 -3.803609e+16 -4.757482e+16 -2.029369e+16 -3.784461e+16  9.730213e+15 -1.755091e+16 -1.057131e+17  -5.543992e-01 -9.204357e-02     262     44    -58
-54.931309 -26.795993 18.272698 8.047880e+16 5.237154 -1.545027e+16 8.424166e+15 -4.711748e+16 -4.042870e+16 -1.685947e+16 -2.996415e+16  1.046455e+16 -1.310468e+16 -8.725231e+16  -7.985353e-01 -1.199344e-01     257     38    -49
-51.640883 -29.970337 18.388780 9.111070e+16 5.273080 -1.501498e+16 5.919991e+15 -4.690894e+16 -4.606968e+16 -2.234871e+16 -3.819894e+16  7.870745e+15 -1.585023e+16 -1.066173e+17  -4.965698e-01 -7.382238e-02     256     38    -55
-55.993576 -23.913309 20.093115 8.726917e+16 5.260607 -1.619461e+16 6.731443e+15 -5.843819e+16 -3.933887e+16 -1.906301e+16 -2.866410e+16  1.067477e+16 -9.601092e+15 -8.706599e+16  -1.111829e+00 -1.226055e-01     246     30    -47
-57.077368 -29.806718 13.115914 9.105323e+16 5.272897 -1.405692e+16 1.214053e+16 -4.667821e+16 -4.457034e+16 -2.352049e+16 -3.811212e+16  6.458215e+15 -1.459163e+16 -1.062029e+17  -4.425972e-01 -6.081013e-02     255     40    -54
-54.602518 -27.971461 17.426021 9.646856e+16 5.289624 -1.556156e+16 5.397287e+15 -5.793422e+16 -4.548135e+16 -2.200854e+16 -3.763517e+16  7.846179e+15 -1.562664e+16 -1.051251e+17  -5.021029e-01 -7.463662e-02     250     33    -50
-52.286900 -30.289704 17.423396 9.811784e+16 5.294532 -1.649575e+16 8.733333e+15 -4.951374e+16 -4.802052e+16 -2.597145e+16 -4.162909e+16  6.391426e+15 -1.565764e+16 -1.156211e+17  -4.081985e-01 -5.527908e-02     253     38    -55
-50.518909 -31.132327 18.348764 1.041168e+17 5.311714 -1.592013e+16 3.159765e+15 -5.542012e+16 -5.192970e+16 -2.292056e+16 -4.541063e+16  6.519072e+15 -2.249007e+16 -1.202609e+17  -2.898645e-01 -5.420775e-02     257     36    -53
-60.980828 -22.966920 16.052252 7.829705e+16 5.229197 -1.505189e+16 1.073342e+16 -5.334365e+16 -3.544334e+16 -1.524536e+16 -2.468630e+16  1.075704e+16 -9.440941e+15 -7.537499e+16  -1.139403e+00 -1.427136e-01     247     31    -44
-58.015378 -22.726862 19.257760 7.666064e+16 5.223082 -1.684042e+16 1.056609e+16 -4.812181e+16 -3.987146e+16 -1.355870e+16 -2.382891e+16  1.604255e+16 -1.027021e+16 -7.725907e+16  -1.562048e+00 -2.076462e-01     260     40    -46
-55.823483 -28.523746 15.652771 9.347274e+16 5.280490 -1.646626e+16 1.120539e+16 -5.216406e+16 -4.584429e+16 -2.132456e+16 -3.728558e+16  8.558705e+15 -1.596102e+16 -1.044544e+17  -5.362253e-01 -8.193722e-02     256     39    -51
-50.805644 -29.772890 19.421466 8.121866e+16 5.239804 -1.352428e+16 6.103505e+15 -3.929299e+16 -4.288311e+16 -2.028405e+16 -3.378487e+16  9.098245e+15 -1.350082e+16 -9.695203e+16  -6.739031e-01 -9.384275e-02     259     40    -57
-44.462440 -31.479981 24.057579 8.653276e+16 5.258154 -1.693106e+16 5.581350e+15 -3.800612e+16 -4.420118e+16 -2.372574e+16 -3.794979e+16  6.251390e+15 -1.422405e+16 -1.058767e+17  -4.394944e-01 -5.904405e-02     254     40    -59
-52.004801 -30.883166 17.112032 9.670167e+16 5.290323 -1.523167e+16 7.375829e+15 -4.702846e+16 -4.791778e+16 -2.605096e+16 -4.187330e+16  6.044482e+15 -1.582234e+16 -1.158420e+17  -3.820219e-01 -5.217866e-02     254     38    -57
-49.295495 -31.277059 19.427447 1.019593e+17 5.305651 -1.538504e+16 1.387798e+15 -4.961920e+16 -5.016880e+16 -2.800533e+16 -4.463780e+16  5.530996e+15 -1.663247e+16 -1.228119e+17  -3.325421e-01 -4.503631e-02     251     36    -58
-54.607108 -28.482621 16.910271 9.590430e+16 5.287925 -1.446274e+16 5.373429e+15 -5.934481e+16 -4.257656e+16 -2.223258e+16 -3.815884e+16  4.417714e+15 -1.592626e+16 -1.029680e+17  -2.773855e-01 -4.290376e-02     244     29    -50
-50.859861 -25.895706 23.244433 7.102688e+16 5.200982 -1.573461e+16 2.007083e+16 -3.317465e+16 -4.009735e+16 -1.346522e+16 -2.536159e+16  1.473575e+16 -1.189637e+16 -7.892416e+16  -1.238676e+00 -1.867078e-01     271     53    -57
-58.647468 -26.654645 14.697888 9.022102e+16 5.270238 -1.931369e+16 2.011773e+16 -4.952652e+16 -4.268299e+16 -2.178465e+16 -3.349600e+16  9.186991e+15 -1.171135e+16 -9.796363e+16  -7.844518e-01 -9.377961e-02     256     43    -50
-53.378235 -29.160222 17.461543 9.234992e+16 5.276991 -1.738408e+16 1.422902e+16 -4.454561e+16 -4.577614e+16 -2.550030e+16 -3.765192e+16  8.124217e+15 -1.215163e+16 -1.089284e+17  -6.685704e-01 -7.458312e-02     255     42    -56
-57.700937 -25.337913 16.961150 7.897677e+16 5.231700 -1.575169e+16 1.053017e+16 -4.800753e+16 -3.916046e+16 -1.608230e+16 -2.770841e+16  1.145205e+16 -1.162611e+16 -8.295117e+16  -9.850292e-01 -1.380578e-01     256     38    -47
-51.531230 -31.830664 16.638106 9.682249e+16 5.290684 -1.605556e+16 1.279600e+16 -4.402869e+16 -4.864894e+16 -2.498830e+16 -4.326477e+16  5.384172e+15 -1.827647e+16 -1.169020e+17  -2.945958e-01 -4.605713e-02     259     43    -57
-53.256695 -32.138221 14.605084 9.728819e+16 5.292073 -1.401587e+16 8.684865e+15 -4.630014e+16 -4.693485e+16 -2.650489e+16 -4.396987e+16  2.964983e+15 -1.746498e+16 -1.174096e+17  -1.697673e-01 -2.525332e-02     253     39    -57
-54.565893 -30.441800 14.992307 8.645108e+16 5.257880 -1.468130e+16 1.206947e+16 -4.403899e+16 -4.275404e+16 -2.051720e+16 -3.694218e+16  5.811856e+15 -1.642498e+16 -1.002134e+17  -3.538426e-01 -5.799479e-02     258     42    -53
-62.738468 -24.423020 12.838513 8.172618e+16 5.241607 -1.576952e+16 1.447163e+16 -5.091677e+16 -3.982493e+16 -1.606196e+16 -2.762688e+16  1.219805e+16 -1.156492e+16 -8.351377e+16  -1.054746e+00 -1.460604e-01     256     39    -46
-51.244312 -26.792059 21.963629 8.703241e+16 5.259821 -1.626489e+16 3.541178e+15 -5.036796e+16 -4.497816e+16 -1.849872e+16 -3.228360e+16  1.269456e+16 -1.378488e+16 -9.576048e+16  -9.209051e-01 -1.325658e-01     257     36    -51
-53.355425 -29.452459 17.192116 1.036190e+17 5.310326 -1.821680e+16 9.581957e+15 -5.878573e+16 -4.779879e+16 -2.517982e+16 -4.270165e+16  5.097141e+15 -1.752183e+16 -1.156803e+17  -2.909023e-01 -4.406232e-02     250     35    -51
-53.568067 -29.520558 16.911375 8.787101e+16 5.262597 -1.413467e+16 6.663930e+15 -4.763200e+16 -4.489515e+16 -1.901553e+16 -3.630831e+16  8.586847e+15 -1.729278e+16 -1.002190e+17  -4.965569e-01 -8.568083e-02     259     39    -52
-49.923872 -31.566845 18.509283 9.864696e+16 5.296089 -1.620363e+16 5.868072e+15 -4.878205e+16 -4.675245e+16 -2.721118e+16 -4.363572e+16  3.116726e+15 -1.642454e+16 -1.175993e+17  -1.897603e-01 -2.650292e-02     250     36    -56
-50.271499 -28.379698 21.348803 9.605665e+16 5.288385 -1.821384e+16 5.472699e+15 -5.398341e+16 -4.609977e+16 -2.386090e+16 -3.791626e+16  8.183514e+15 -1.405536e+16 -1.078769e+17  -5.822344e-01 -7.585972e-02     251     35    -52
-56.580837 -26.643325 16.775838 8.199448e+16 5.242556 -1.584556e+16 1.488086e+16 -4.278744e+16 -4.289297e+16 -1.924214e+16 -3.037969e+16  1.251328e+16 -1.113755e+16 -9.251480e+16  -1.123522e+00 -1.352571e-01     262     45    -53
-49.803061 -33.363295 16.833644 9.501818e+16 5.285238 -1.624081e+16 1.215483e+16 -4.146496e+16 -4.450010e+16 -2.714264e+16 -4.451798e+16  -1.788077e+13 -1.737535e+16 -1.161607e+17  1.029089e-03 1.539313e-04     252     41    -58
-51.512545 -29.928947 18.558508 1.026624e+17 5.307641 -1.704644e+16 4.825092e+15 -6.054163e+16 -4.691464e+16 -2.279852e+16 -4.297338e+16  3.941256e+15 -2.017486e+16 -1.126865e+17  -1.953548e-01 -3.497539e-02     249     32    -50
-54.354528 -23.810501 21.834971 8.887334e+16 5.265881 -1.577404e+16 2.928932e+15 -5.926349e+16 -4.116403e+16 -1.937091e+16 -2.900363e+16  1.216040e+16 -9.632722e+15 -8.953857e+16  -1.262406e+00 -1.358119e-01     247     29    -48
-56.836600 -25.875377 17.288023 8.484700e+16 5.252458 -1.721056e+16 1.181683e+16 -5.143531e+16 -3.969510e+16 -1.946386e+16 -3.044578e+16  9.249328e+15 -1.098192e+16 -8.960474e+16  -8.422326e-01 -1.032236e-01     251     36    -48
-49.264889 -29.177868 21.557243 9.399074e+16 5.282090 -1.797696e+16 6.815911e+15 -4.893065e+16 -4.826499e+16 -2.207181e+16 -3.819645e+16  1.006855e+16 -1.612464e+16 -1.085333e+17  -6.244200e-01 -9.276923e-02     257     39    -54
-48.811362 -28.875070 22.313568 9.856240e+16 5.295841 -1.846308e+16 4.658412e+15 -5.110918e+16 -4.966212e+16 -2.556431e+16 -3.958429e+16  1.007783e+16 -1.401998e+16 -1.148107e+17  -7.188194e-01 -8.777778e-02     253     37    -55
-55.073162 -25.409585 19.517253 8.731719e+16 5.260767 -1.679931e+16 7.989107e+15 -5.145341e+16 -4.285613e+16 -2.150475e+16 -3.066033e+16  1.219580e+16 -9.155578e+15 -9.502121e+16  -1.332062e+00 -1.283482e-01     252     36    -51
-48.436199 -31.534775 20.029026 1.020834e+17 5.306003 -1.711434e+16 5.225221e+15 -4.789171e+16 -5.065710e+16 -2.795506e+16 -4.504409e+16  5.613013e+15 -1.708903e+16 -1.236562e+17  -3.284570e-01 -4.539207e-02     253     38    -58
-50.686734 -27.043646 22.269621 7.438133e+16 5.214343 -1.583735e+16 1.271314e+16 -3.382773e+16 -3.976258e+16 -2.043906e+16 -2.786028e+16  1.190230e+16 -7.421224e+15 -8.806193e+16  -1.603819e+00 -1.351583e-01     258     45    -58
-59.761358 -28.308959 11.929683 9.543440e+16 5.286503 -1.816196e+16 2.230091e+16 -4.965628e+16 -4.476821e+16 -2.410997e+16 -3.785894e+16  6.909261e+15 -1.374898e+16 -1.067371e+17  -5.025290e-01 -6.473157e-02     258     45    -52
-51.224051 -25.880559 22.895390 9.270409e+16 5.278099 -1.661316e+16 3.864859e+14 -5.807261e+16 -4.565619e+16 -1.887715e+16 -3.309359e+16  1.256260e+16 -1.421644e+16 -9.762694e+16  -8.836677e-01 -1.286797e-01     253     32    -49
-59.967164 -26.065855 13.966981 9.358014e+16 5.280822 -1.816493e+16 1.479266e+16 -5.794387e+16 -4.533259e+16 -1.711558e+16 -3.393212e+16  1.140047e+16 -1.681654e+16 -9.638030e+16  -6.779322e-01 -1.182864e-01     257     38    -46
-53.073188 -30.618913 16.307899 8.790676e+16 5.262715 -1.419859e+16 9.021344e+15 -4.506849e+16 -4.494215e+16 -1.948946e+16 -3.775280e+16  7.189347e+15 -1.826334e+16 -1.021844e+17  -3.936490e-01 -7.035659e-02     261     41    -53
-49.082883 -30.160943 20.756174 9.529287e+16 5.286074 -1.650396e+16 4.674791e+15 -4.623593e+16 -4.787290e+16 -2.620997e+16 -4.012656e+16  7.746348e+15 -1.391658e+16 -1.142094e+17  -5.566272e-01 -6.782581e-02     253     38    -57
-62.724056 -22.623620 14.652324 7.462121e+16 5.215275 -1.489680e+16 1.242065e+16 -4.699591e+16 -3.800720e+16 -1.409148e+16 -2.316359e+16  1.484361e+16 -9.072106e+15 -7.526228e+16  -1.636182e+00 -1.972251e-01     259     40    -46
-47.771271 -31.911198 20.317532 9.720761e+16 5.291834 -1.577178e+16 3.766903e+15 -4.416314e+16 -4.893442e+16 -2.666223e+16 -4.340388e+16  5.530548e+15 -1.674165e+16 -1.190005e+17  -3.303467e-01 -4.647499e-02     254     38    -59
-48.750946 -29.481022 21.768032 9.686923e+16 5.290824 -1.527684e+16 -1.769901e+15 -5.411737e+16 -4.617582e+16 -2.429058e+16 -3.978750e+16  6.388317e+15 -1.549692e+16 -1.102539e+17  -4.122313e-01 -5.794187e-02     249     32    -55
-48.057172 -30.362482 21.580347 9.674369e+16 5.290448 -1.774506e+16 4.381192e+15 -5.100747e+16 -4.818771e+16 -2.240540e+16 -4.098598e+16  7.201733e+15 -1.858058e+16 -1.115791e+17  -3.875945e-01 -6.454375e-02     255     37    -53
-53.806210 -25.131004 21.062786 7.113085e+16 5.201405 -1.485929e+16 1.042543e+16 -4.002807e+16 -3.992367e+16 -1.200028e+16 -2.464226e+16  1.528141e+16 -1.264199e+16 -7.656621e+16  -1.208783e+00 -1.995843e-01     267     45    -50
-49.686464 -33.753294 16.560242 1.032539e+17 5.309304 -1.462600e+16 9.352598e+15 -4.277519e+16 -5.227816e+16 -2.758403e+16 -4.895119e+16  3.326971e+15 -2.136715e+16 -1.288134e+17  -1.557049e-01 -2.582784e-02     259     42    -60
-54.295011 -26.810664 18.894325 8.501009e+16 5.253014 -1.884897e+16 1.626638e+16 -4.560801e+16 -4.354325e+16 -1.825259e+16 -3.165226e+16  1.189099e+16 -1.339967e+16 -9.344810e+16  -8.874095e-01 -1.272470e-01     261     45    -51
-50.357365 -29.077422 20.565213 8.809112e+16 5.263321 -1.657517e+16 1.155729e+16 -3.905139e+16 -4.637033e+16 -2.479159e+16 -3.570530e+16  1.066503e+16 -1.091371e+16 -1.068672e+17  -9.772146e-01 -9.979705e-02     257     43    -59
-56.216751 -29.873900 13.909350 9.985687e+16 5.299619 -1.714424e+16 1.601552e+16 -5.083785e+16 -4.832085e+16 -2.538977e+16 -4.187350e+16  6.447357e+15 -1.648372e+16 -1.155841e+17  -3.911347e-01 -5.578064e-02     256     42    -53
-48.598057 -28.660476 22.741467 9.747569e+16 5.292631 -1.617670e+16 -1.568633e+15 -5.640056e+16 -4.630893e+16 -2.361304e+16 -3.882227e+16  7.486664e+15 -1.520923e+16 -1.087442e+17  -4.922446e-01 -6.884653e-02     249     31    -53
-51.329720 -28.015631 20.654649 8.977461e+16 5.268802 -1.738132e+16 8.232910e+15 -4.825043e+16 -4.668641e+16 -2.014888e+16 -3.497816e+16  1.170825e+16 -1.482928e+16 -1.018134e+17  -7.895363e-01 -1.149971e-01     258     40    -52
-53.491937 -27.980340 18.527722 9.115181e+16 5.273210 -1.603011e+16 6.689643e+15 -5.125390e+16 -4.462997e+16 -2.231229e+16 -3.553877e+16  9.091197e+15 -1.322648e+16 -1.024810e+17  -6.873482e-01 -8.871102e-02     252     36    -52
-57.579981 -24.119544 18.300474 8.250030e+16 5.244337 -1.564956e+16 7.900542e+15 -5.136329e+16 -4.107570e+16 -1.779453e+16 -2.739833e+16  1.367737e+16 -9.603807e+15 -8.626856e+16  -1.424161e+00 -1.585441e-01     254     35    -48
-53.526123 -27.767664 18.706213 8.342453e+16 5.247563 -1.607119e+16 1.404065e+16 -4.122073e+16 -4.447210e+16 -1.972777e+16 -3.225723e+16  1.221487e+16 -1.252946e+16 -9.645710e+16  -9.748922e-01 -1.266353e-01     262     45    -55
-54.192252 -25.031524 20.776225 8.666109e+16 5.258583 -1.650561e+16 5.525692e+15 -5.328802e+16 -4.218351e+16 -2.003989e+16 -2.990167e+16  1.228184e+16 -9.861782e+15 -9.212507e+16  -1.245398e+00 -1.333170e-01     251     34    -50
-55.039901 -24.599791 20.360308 7.967577e+16 5.234251 -1.790682e+16 1.156397e+16 -4.653544e+16 -3.927481e+16 -1.882120e+16 -2.698584e+16  1.228896e+16 -8.164640e+15 -8.508186e+16  -1.505145e+00 -1.444370e-01     255     39    -49
-49.231393 -26.524689 24.243918 9.070243e+16 5.271779 -1.629512e+16 -9.783366e+14 -5.460686e+16 -4.402532e+16 -2.124820e+16 -3.319999e+16  1.082533e+16 -1.195180e+16 -9.847351e+16  -9.057488e-01 -1.099314e-01     251     32    -52
-51.891970 -27.723714 20.384315 9.543531e+16 5.286506 -1.698731e+16 4.747275e+15 -5.384535e+16 -4.618981e+16 -2.452999e+16 -3.678059e+16  9.409220e+15 -1.225060e+16 -1.075004e+17  -7.680621e-01 -8.752732e-02     250     34    -53
-51.543940 -30.767471 17.688589 9.720747e+16 5.291833 -1.789440e+16 1.506854e+16 -4.431434e+16 -4.835077e+16 -2.632629e+16 -4.190860e+16  6.442166e+15 -1.558231e+16 -1.165857e+17  -4.134281e-01 -5.525694e-02     257     43    -57
-48.597318 -25.146987 26.255694 8.066869e+16 5.237837 -1.643128e+16 1.798367e+12 -5.151639e+16 -4.003169e+16 -1.494148e+16 -2.780402e+16  1.222768e+16 -1.286253e+16 -8.277719e+16  -9.506428e-01 -1.477179e-01     255     33    -47
-63.069442 -25.316725 11.613833 8.983247e+16 5.268989 -1.661489e+16 1.631838e+16 -5.616350e+16 -4.174704e+16 -1.872229e+16 -3.160432e+16  1.014272e+16 -1.288203e+16 -9.207365e+16  -7.873538e-01 -1.101588e-01     251     36    -46
-54.592856 -25.241193 20.165952 8.170515e+16 5.241533 -1.613414e+16 6.167231e+15 -5.154691e+16 -4.052141e+16 -1.542369e+16 -2.846564e+16  1.205577e+16 -1.304195e+16 -8.441074e+16  -9.243840e-01 -1.428227e-01     256     35    -47
-59.471768 -24.734744 15.793488 8.240749e+16 5.244011 -1.517664e+16 1.045974e+16 -5.242710e+16 -3.827086e+16 -1.844449e+16 -2.818881e+16  1.008206e+16 -9.744312e+15 -8.490416e+16  -1.034661e+00 -1.187463e-01     248     33    -47
-50.548120 -27.676096 21.775783 8.746084e+16 5.261242 -1.567451e+16 2.205425e+15 -5.050554e+16 -4.327216e+16 -2.020232e+16 -3.359785e+16  9.674303e+15 -1.339554e+16 -9.707233e+16  -7.222033e-01 -9.966077e-02     253     34    -52
-58.347545 -27.366725 14.285730 8.475001e+16 5.252127 -1.480159e+16 1.127548e+16 -4.948116e+16 -4.020155e+16 -1.994025e+16 -3.237848e+16  7.823071e+15 -1.243823e+16 -9.252028e+16  -6.289536e-01 -8.455520e-02     252     36    -50
-52.732263 -28.702866 18.564871 9.487773e+16 5.284810 -1.723664e+16 9.649443e+15 -4.912191e+16 -4.773496e+16 -2.433035e+16 -3.800532e+16  9.729635e+15 -1.367497e+16 -1.100706e+17  -7.114923e-01 -8.839447e-02     255     39    -54
-51.405505 -29.297803 19.296692 8.488617e+16 5.252591 -1.739849e+16 1.621727e+16 -3.854657e+16 -4.293024e+16 -2.284369e+16 -3.472359e+16  8.206651e+15 -1.187990e+16 -1.004975e+17  -6.908013e-01 -8.166024e-02     258     45    -57
-46.346131 -31.296337 22.357533 9.248153e+16 5.277403 -1.647758e+16 6.162925e+15 -4.019828e+16 -4.877177e+16 -2.456321e+16 -4.039316e+16  8.378607e+15 -1.582995e+16 -1.137281e+17  -5.292882e-01 -7.367224e-02     257     41    -59
-49.952400 -29.151348 20.896251 8.680926e+16 5.259077 -1.470894e+16 3.571404e+15 -4.470833e+16 -4.583799e+16 -2.028159e+16 -3.526824e+16  1.056975e+16 -1.498665e+16 -1.013878e+17  -7.052779e-01 -1.042507e-01     258     38    -55
-53.752148 -27.617663 18.630189 9.274960e+16 5.278241 -1.480410e+16 3.553007e+15 -5.862803e+16 -4.233505e+16 -1.984438e+16 -3.565845e+16  6.676596e+15 -1.581407e+16 -9.783788e+16  -4.221933e-01 -6.824142e-02     247     30    -49
-49.748848 -29.742851 20.508302 8.721788e+16 5.260437 -1.651454e+16 1.908849e+16 -3.477389e+16 -4.675094e+16 -2.305005e+16 -3.620376e+16  1.054718e+16 -1.315371e+16 -1.060047e+17  -8.018404e-01 -9.949720e-02     263     49    -61
-47.173473 -32.350998 20.475528 1.010920e+17 5.303178 -1.707818e+16 7.825134e+15 -4.362839e+16 -5.226981e+16 -2.652118e+16 -4.576380e+16  6.506005e+15 -1.924262e+16 -1.245548e+17  -3.381039e-01 -5.223408e-02     257     41    -59
-48.016799 -29.108608 22.874593 9.969298e+16 5.299143 -1.818350e+16 2.301316e+15 -5.255851e+16 -5.012366e+16 -2.507052e+16 -4.035524e+16  9.768415e+15 -1.528472e+16 -1.155494e+17  -6.390965e-01 -8.453884e-02     253     36    -55
-47.056481 -28.442065 24.501454 7.501731e+16 5.216808 -1.556012e+16 1.296399e+16 -3.134795e+16 -4.204127e+16 -1.894058e+16 -2.957724e+16  1.246403e+16 -1.063666e+16 -9.055909e+16  -1.171799e+00 -1.376342e-01     262     47    -60
-58.490254 -21.007020 20.502727 7.666016e+16 5.223080 -1.633667e+16 8.956228e+15 -5.101320e+16 -3.598680e+16 -1.724673e+16 -2.182013e+16  1.416667e+16 -4.573400e+15 -7.505367e+16  -3.097623e+00 -1.887539e-01     249     33    -46
-45.603301 -32.342424 22.054276 9.663122e+16 5.290112 -1.777326e+16 8.330879e+15 -4.003260e+16 -4.925145e+16 -2.705588e+16 -4.366100e+16  5.590457e+15 -1.660512e+16 -1.199683e+17  -3.366707e-01 -4.659944e-02     255     41    -60
-55.938695 -27.937563 16.123742 9.025010e+16 5.270332 -1.676433e+16 1.186448e+16 -5.369352e+16 -4.020094e+16 -2.196513e+16 -3.520111e+16  4.999830e+15 -1.323598e+16 -9.736718e+16  -3.777454e-01 -5.135026e-02     247     34    -49
-56.210709 -27.180518 16.608773 8.908732e+16 5.266577 -1.855300e+16 1.540521e+16 -4.982274e+16 -4.288476e+16 -2.083029e+16 -3.372838e+16  9.156385e+15 -1.289809e+16 -9.744344e+16  -7.099025e-01 -9.396615e-02     256     41    -50
-52.534942 -30.559549 16.905509 1.035863e+17 5.310235 -1.584950e+16 5.122711e+15 -5.656580e+16 -5.012546e+16 -2.407779e+16 -4.437552e+16  5.749937e+15 -2.029773e+16 -1.185788e+17  -2.832798e-01 -4.849045e-02     253     35    -53
-50.895416 -29.823887 19.280697 8.835717e+16 5.264195 -1.657219e+16 9.612332e+15 -4.504770e+16 -4.500922e+16 -2.059016e+16 -3.682507e+16  8.184148e+15 -1.623491e+16 -1.024244e+17  -5.041079e-01 -7.990425e-02     258     41    -54
-51.657745 -28.409819 19.932436 8.781791e+16 5.262422 -1.441217e+16 5.469749e+15 -4.586411e+16 -4.820534e+16 -1.851691e+16 -3.475241e+16  1.345293e+16 -1.623550e+16 -1.014747e+17  -8.286120e-01 -1.325743e-01     263     41    -54
-51.297029 -30.430092 18.272880 1.076143e+17 5.321280 -1.799060e+16 7.394641e+15 -5.485628e+16 -5.206087e+16 -2.881478e+16 -4.584419e+16  6.216680e+15 -1.702941e+16 -1.267198e+17  -3.650555e-01 -4.905846e-02     251     37    -55
-59.437210 -26.174500 14.388290 8.962382e+16 5.268316 -1.520276e+16 1.021666e+16 -5.447628e+16 -4.412521e+16 -1.882073e+16 -3.263472e+16  1.149050e+16 -1.381399e+16 -9.558066e+16  -8.318016e-01 -1.202178e-01     255     36    -48
-62.615117 -18.786787 18.598097 7.965001e+16 5.234157 -1.619213e+16 1.238385e+16 -6.191514e+16 -3.280813e+16 -9.749653e+15 -2.006321e+16  1.274492e+16 -1.031355e+16 -6.262099e+16  -1.235745e+00 -2.035247e-01     243     23    -36
-49.857724 -29.319215 20.823061 9.775189e+16 5.293450 -1.626516e+16 1.757694e+15 -5.756370e+16 -4.457545e+16 -2.341855e+16 -3.995760e+16  4.617851e+15 -1.653905e+16 -1.079516e+17  -2.792091e-01 -4.277705e-02     248     31    -52
-60.652688 -26.687091 12.660221 9.194105e+16 5.275706 -1.550649e+16 1.374067e+16 -5.312944e+16 -4.502913e+16 -2.134145e+16 -3.422567e+16  1.080345e+16 -1.288422e+16 -1.005963e+17  -8.385028e-01 -1.073942e-01     255     39    -50
-53.473366 -27.792358 18.734277 8.157561e+16 5.241074 -1.493596e+16 8.300937e+15 -4.326917e+16 -4.188949e+16 -2.003317e+16 -3.157145e+16  1.031803e+16 -1.153829e+16 -9.349411e+16  -8.942428e-01 -1.103602e-01     257     40    -53
-49.484843 -29.161276 21.353880 9.039487e+16 5.270796 -1.764556e+16 8.826084e+15 -4.374684e+16 -4.573501e+16 -2.484805e+16 -3.672091e+16  9.014099e+15 -1.187286e+16 -1.073040e+17  -7.592188e-01 -8.400526e-02     254     40    -56
-51.772060 -26.863915 21.364025 9.757952e+16 5.292939 -1.478589e+16 -7.196207e+14 -6.318690e+16 -4.380557e+16 -2.159214e+16 -3.632294e+16  7.482627e+15 -1.473080e+16 -1.017207e+17  -5.079578e-01 -7.356055e-02     245     27    -51
-55.106686 -25.980902 18.912412 9.195787e+16 5.275759 -1.781181e+16 8.870768e+15 -6.018111e+16 -4.111654e+16 -1.852561e+16 -3.309638e+16  8.020164e+15 -1.457077e+16 -9.273853e+16  -5.504284e-01 -8.648146e-02     248     31    -45
-54.388059 -26.545432 19.066509 8.895116e+16 5.266134 -1.764921e+16 9.680595e+15 -5.226151e+16 -4.620595e+16 -1.645195e+16 -3.276177e+16  1.344418e+16 -1.630982e+16 -9.541966e+16  -8.242998e-01 -1.408953e-01     261     40    -48
-48.323027 -32.997375 18.679598 1.042475e+17 5.312077 -1.716874e+16 1.012488e+16 -4.325613e+16 -5.194303e+16 -2.958740e+16 -4.822735e+16  3.715678e+15 -1.863995e+16 -1.297578e+17  -1.993395e-01 -2.863549e-02     255     41    -60
-49.620555 -30.913307 19.466137 9.963807e+16 5.298984 -1.548280e+16 5.811345e+15 -4.180924e+16 -5.188376e+16 -2.974694e+16 -4.309721e+16  8.786556e+15 -1.335027e+16 -1.247279e+17  -6.581558e-01 -7.044578e-02     254     40    -62
-47.894838 -32.306265 19.798897 9.436621e+16 5.283244 -1.764424e+16 1.476656e+16 -3.834883e+16 -4.749790e+16 -2.604649e+16 -4.268766e+16  4.810244e+15 -1.664116e+16 -1.162321e+17  -2.890570e-01 -4.138483e-02     257     45    -59
-56.142371 -29.959032 13.898596 9.269667e+16 5.278076 -1.596350e+16 1.650227e+16 -4.622707e+16 -4.596087e+16 -2.245396e+16 -3.898706e+16  6.973811e+15 -1.653310e+16 -1.074019e+17  -4.218090e-01 -6.493192e-02     260     44    -54
-57.679827 -28.368921 13.951251 8.778534e+16 5.262315 -1.587117e+16 1.475875e+16 -4.854338e+16 -4.411974e+16 -1.790935e+16 -3.485818e+16  9.261554e+15 -1.694883e+16 -9.688727e+16  -5.464422e-01 -9.559103e-02     262     43    -50
-56.325780 -25.278406 18.395814 9.047186e+16 5.271042 -1.617959e+16 7.505396e+15 -5.489380e+16 -4.317195e+16 -2.264002e+16 -3.162191e+16  1.155004e+16 -8.981892e+15 -9.743387e+16  -1.285925e+00 -1.185423e-01     248     33    -51
-52.898555 -29.702508 17.398937 9.117984e+16 5.273299 -1.570044e+16 9.959161e+15 -4.391799e+16 -4.431190e+16 -2.695220e+16 -3.790352e+16  6.408387e+15 -1.095132e+16 -1.091676e+17  -5.851705e-01 -5.870227e-02     251     39    -57
-47.974801 -33.783538 18.241661 1.071026e+17 5.319900 -1.776735e+16 1.222439e+16 -4.389602e+16 -5.286545e+16 -2.942350e+16 -5.074786e+16  2.117593e+15 -2.132435e+16 -1.330368e+17  -9.930398e-02 -1.591735e-02     256     42    -60
-57.200783 -23.514617 19.284601 8.559756e+16 5.255008 -1.515839e+16 4.565496e+15 -5.811471e+16 -4.112040e+16 -1.530577e+16 -2.762209e+16  1.349831e+16 -1.231632e+16 -8.404826e+16  -1.095969e+00 -1.606019e-01     252     31    -45
-51.693415 -31.210910 17.095675 9.743769e+16 5.292518 -1.622817e+16 8.670100e+15 -4.918898e+16 -4.494959e+16 -2.744079e+16 -4.265449e+16  2.295100e+15 -1.521370e+16 -1.150449e+17  -1.508575e-01 -1.994961e-02     248     36    -55
-54.826581 -25.425449 19.747970 8.362528e+16 5.248258 -1.549047e+16 5.035040e+15 -5.250230e+16 -4.154999e+16 -1.640065e+16 -2.937753e+16  1.217247e+16 -1.297687e+16 -8.732817e+16  -9.380124e-01 -1.393876e-01     255     34    -48
-55.358100 -22.261779 22.380121 7.891662e+16 5.231479 -1.754080e+16 1.028803e+16 -4.559031e+16 -4.307288e+16 -1.702778e+16 -2.390509e+16  1.916779e+16 -6.877314e+15 -8.400575e+16  -2.787104e+00 -2.281723e-01     260     41    -51
-49.290663 -32.123193 18.586144 9.620830e+16 5.288842 -1.630174e+16 1.702824e+16 -3.747461e+16 -5.002981e+16 -2.601284e+16 -4.331986e+16  6.709953e+15 -1.730701e+16 -1.193625e+17  -3.877014e-01 -5.621491e-02     261     47    -61
-49.473751 -31.241015 19.285235 8.895498e+16 5.266147 -1.531392e+16 6.931436e+15 -4.133109e+16 -4.373048e+16 -2.522687e+16 -3.890361e+16  4.826876e+15 -1.367674e+16 -1.078610e+17  -3.529260e-01 -4.475091e-02     252     39    -58
-51.021037 -28.689704 20.289260 8.811806e+16 5.263410 -1.515055e+16 4.001183e+15 -4.678629e+16 -4.507685e+16 -2.156768e+16 -3.522306e+16  9.853799e+15 -1.365537e+16 -1.018676e+17  -7.216061e-01 -9.673144e-02     255     37    -54
-63.321365 -22.983477 13.695157 7.525145e+16 5.217710 -1.646493e+16 1.598916e+16 -4.720955e+16 -3.735320e+16 -1.314028e+16 -2.378420e+16  1.356899e+16 -1.064393e+16 -7.427768e+16  -1.274811e+00 -1.826793e-01     261     43    -45
-56.110830 -27.355578 16.533592 8.906596e+16 5.266508 -1.858181e+16 1.535804e+16 -5.034419e+16 -4.378409e+16 -1.872605e+16 -3.395527e+16  9.828825e+15 -1.522921e+16 -9.646541e+16  -6.453928e-01 -1.018896e-01     259     42    -49
-52.780313 -28.985106 18.234581 9.964536e+16 5.299005 -1.767638e+16 7.374984e+15 -5.751310e+16 -4.750809e+16 -2.229618e+16 -4.034194e+16  7.166144e+15 -1.804576e+16 -1.101462e+17  -3.971096e-01 -6.506028e-02     253     35    -50
-46.623605 -33.760088 19.616307 1.086365e+17 5.324017 -1.610240e+16 4.845037e+15 -4.355125e+16 -5.570831e+16 -2.990408e+16 -5.137346e+16  4.334856e+15 -2.146938e+16 -1.369858e+17  -2.019088e-01 -3.164455e-02     256     40    -62
-59.472873 -27.329172 13.197956 8.868026e+16 5.265251 -1.541366e+16 1.519301e+16 -4.916827e+16 -4.523105e+16 -1.891338e+16 -3.385486e+16  1.137619e+16 -1.494148e+16 -9.799928e+16  -7.613833e-01 -1.160844e-01     262     44    -51
-55.546416 -29.024719 15.428865 1.017740e+17 5.305125 -1.580986e+16 8.504360e+15 -5.919695e+16 -4.625889e+16 -2.545740e+16 -4.135853e+16  4.900359e+15 -1.590113e+16 -1.130748e+17  -3.081768e-01 -4.333731e-02     246     32    -52
-55.916165 -27.133193 16.950642 8.852373e+16 5.264740 -1.709703e+16 1.047537e+16 -5.320403e+16 -4.320159e+16 -1.746705e+16 -3.344308e+16  9.758514e+15 -1.597602e+16 -9.411172e+16  -6.108224e-01 -1.036907e-01     256     37    -47
-48.985175 -34.733349 16.281476 1.019429e+17 5.305605 -1.367850e+16 8.168850e+15 -3.732772e+16 -5.040235e+16 -3.075485e+16 -4.972450e+16  6.778467e+14 -1.896966e+16 -1.308817e+17  -3.573321e-02 -5.179079e-03     254     42    -64
-50.662560 -30.369618 18.967821 1.015690e+17 5.304541 -1.627743e+16 5.557939e+15 -4.862705e+16 -5.163092e+16 -2.769483e+16 -4.315216e+16  8.478758e+15 -1.545733e+16 -1.224779e+17  -5.485269e-01 -6.922683e-02     254     38    -58
-58.296199 -27.332584 14.371217 8.314316e+16 5.246584 -1.532838e+16 1.346819e+16 -4.691808e+16 -4.171085e+16 -1.762863e+16 -3.172023e+16  9.990628e+15 -1.409160e+16 -9.105971e+16  -7.089777e-01 -1.097151e-01     260     42    -50
-65.542109 -19.972529 14.485363 6.788656e+16 5.187889 -1.686139e+16 2.134242e+16 -4.125988e+16 -3.498440e+16 -9.763578e+15 -1.835926e+16  1.662514e+16 -8.595678e+15 -6.310723e+16  -1.934128e+00 -2.634428e-01     271     53    -49
-46.395800 -30.758926 22.845274 1.094789e+17 5.326254 -1.769806e+16 -2.638453e+15 -5.382213e+16 -5.288861e+16 -3.156372e+16 -4.694536e+16  5.943250e+15 -1.538164e+16 -1.313977e+17  -3.863859e-01 -4.523101e-02     248     34    -60
-49.502212 -33.533883 16.963904 1.028929e+17 5.308290 -1.554407e+16 9.111590e+15 -4.483370e+16 -5.123538e+16 -2.694275e+16 -4.844826e+16  2.787122e+15 -2.150551e+16 -1.266264e+17  -1.296004e-01 -2.201059e-02     257     41    -59
-52.691491 -31.564932 15.743577 1.004266e+17 5.301266 -1.512239e+16 1.254488e+16 -4.609181e+16 -5.199883e+16 -2.473045e+16 -4.452381e+16  7.475021e+15 -1.979336e+16 -1.212531e+17  -3.776529e-01 -6.164808e-02     262     44    -57
-44.722368 -33.911153 21.366480 9.718299e+16 5.291760 -1.418366e+16 2.778909e+15 -3.596010e+16 -5.157829e+16 -2.676729e+16 -4.608026e+16  5.498032e+15 -1.931297e+16 -1.244258e+17  -2.846807e-01 -4.418721e-02     257     41    -64
-49.618928 -29.068550 21.312522 8.509781e+16 5.253312 -1.699695e+16 9.894936e+15 -4.253909e+16 -4.467784e+16 -1.970246e+16 -3.445477e+16  1.022307e+16 -1.475230e+16 -9.883507e+16  -6.929813e-01 -1.034357e-01     260     42    -54
-58.810018 -23.703013 17.486969 9.482675e+16 5.284654 -1.831192e+16 1.151814e+16 -6.356701e+16 -4.274020e+16 -1.961107e+16 -3.091769e+16  1.182251e+16 -1.130662e+16 -9.326895e+16  -1.045628e+00 -1.267572e-01     247     31    -45
-54.780466 -26.995860 18.223675 8.933114e+16 5.267369 -1.442885e+16 4.007021e+15 -5.422850e+16 -4.270256e+16 -2.061559e+16 -3.352836e+16  9.174197e+15 -1.291277e+16 -9.684651e+16  -7.104748e-01 -9.472925e-02     250     32    -51
-58.119020 -24.730228 17.150752 7.881293e+16 5.231098 -1.604795e+16 1.217553e+16 -4.651232e+16 -4.101502e+16 -1.545340e+16 -2.692509e+16  1.408993e+16 -1.147169e+16 -8.339350e+16  -1.228235e+00 -1.689572e-01     261     42    -49
-58.242329 -23.272106 18.485566 7.523131e+16 5.217632 -1.771267e+16 1.630584e+16 -4.322044e+16 -3.917748e+16 -1.498862e+16 -2.401909e+16  1.515839e+16 -9.030472e+15 -7.818518e+16  -1.678583e+00 -1.938781e-01     263     45    -49
-51.541110 -31.372190 17.086701 1.039899e+17 5.311361 -1.703307e+16 1.061067e+16 -4.993609e+16 -5.239461e+16 -2.592771e+16 -4.576505e+16  6.629562e+15 -1.983733e+16 -1.240874e+17  -3.341962e-01 -5.342657e-02     258     41    -56
-52.278824 -30.453462 17.267714 9.604243e+16 5.288342 -1.733181e+16 1.163421e+16 -4.836826e+16 -4.674393e+16 -2.448984e+16 -4.098305e+16  5.760879e+15 -1.649321e+16 -1.122168e+17  -3.492879e-01 -5.133703e-02     255     40    -54
-51.681526 -30.811327 17.507147 9.626559e+16 5.289014 -1.497482e+16 4.781586e+15 -5.084783e+16 -4.703983e+16 -2.320015e+16 -4.157025e+16  5.469582e+15 -1.837010e+16 -1.118102e+17  -2.977437e-01 -4.891844e-02     254     36    -54
-61.112662 -26.098330 12.789008 8.788497e+16 5.262643 -1.565553e+16 1.392054e+16 -5.252757e+16 -4.371072e+16 -1.768029e+16 -3.193439e+16  1.177633e+16 -1.425410e+16 -9.332540e+16  -8.261715e-01 -1.261857e-01     259     40    -48
-45.493182 -36.419146 18.087672 1.187861e+17 5.349877 -1.607354e+16 8.125041e+15 -3.622900e+16 -5.857392e+16 -3.703866e+16 -6.055826e+16  -1.984335e+15 -2.351960e+16 -1.561708e+17  8.436940e-02 1.270618e-02     253     42    -68
-54.128121 -29.061386 16.810493 9.556962e+16 5.286913 -1.607626e+16 1.084204e+16 -4.819077e+16 -4.911868e+16 -2.404244e+16 -3.884661e+16  1.027208e+16 -1.480417e+16 -1.120077e+17  -6.938641e-01 -9.170866e-02     258     41    -55
-46.159192 -28.689972 25.150836 7.788055e+16 5.227653 -1.734695e+16 1.576441e+16 -3.255853e+16 -4.294433e+16 -1.895583e+16 -3.096562e+16  1.197871e+16 -1.200980e+16 -9.286578e+16  -9.974115e-01 -1.289895e-01     262     48    -59
-58.647000 -22.685985 18.667015 7.992062e+16 5.235139 -1.517571e+16 6.240820e+15 -5.356666e+16 -4.024426e+16 -1.320896e+16 -2.480601e+16  1.543825e+16 -1.159705e+16 -7.825923e+16  -1.331222e+00 -1.972707e-01     257     34    -44
-56.478873 -23.916451 19.604675 8.262748e+16 5.244783 -1.594953e+16 7.479660e+15 -5.016850e+16 -4.405213e+16 -1.590133e+16 -2.715584e+16  1.689629e+16 -1.125451e+16 -8.710930e+16  -1.501291e+00 -1.939666e-01     260     39    -49
-59.970049 -22.617324 17.412627 8.258513e+16 5.244635 -1.667645e+16 9.604263e+15 -5.594853e+16 -4.001024e+16 -1.372932e+16 -2.557464e+16  1.443561e+16 -1.184532e+16 -7.931420e+16  -1.218676e+00 -1.820053e-01     255     34    -43
-52.780444 -30.623730 16.595826 1.047463e+17 5.313459 -1.658501e+16 7.915384e+15 -5.412339e+16 -4.948236e+16 -2.848785e+16 -4.498164e+16  4.500718e+15 -1.649379e+16 -1.229519e+17  -2.728735e-01 -3.660553e-02     249     36    -55
-47.560957 -31.575893 20.863150 9.997208e+16 5.299952 -1.648573e+16 2.478077e+15 -4.675595e+16 -4.854474e+16 -2.903000e+16 -4.413458e+16  4.410158e+15 -1.510458e+16 -1.217093e+17  -2.919749e-01 -3.623517e-02     249     36    -59
-51.582776 -29.681986 18.735237 9.508633e+16 5.285445 -1.742538e+16 1.229671e+16 -4.351209e+16 -4.770671e+16 -2.764024e+16 -3.945222e+16  8.254483e+15 -1.181199e+16 -1.147992e+17  -6.988224e-01 -7.190368e-02     254     41    -58
-52.903606 -24.091903 23.004491 8.576676e+16 5.255579 -1.547692e+16 6.674520e+14 -5.677192e+16 -4.159637e+16 -1.651677e+16 -2.831733e+16  1.327904e+16 -1.180056e+16 -8.643047e+16  -1.125289e+00 -1.536384e-01     252     31    -47
-56.644673 -22.948558 20.406769 7.557123e+16 5.218938 -1.469818e+16 5.764598e+15 -4.726757e+16 -3.837262e+16 -1.658247e+16 -2.371738e+16  1.465524e+16 -7.134904e+15 -7.867247e+16  -2.054021e+00 -1.862817e-01     254     35    -49
-50.864772 -30.856295 18.278933 9.954125e+16 5.298702 -1.340390e+16 -1.070343e+15 -5.277214e+16 -4.742433e+16 -2.608551e+16 -4.302048e+16  4.403847e+15 -1.693497e+16 -1.165303e+17  -2.600445e-01 -3.779142e-02     249     32    -57
-54.327155 -28.264382 17.408464 7.769668e+16 5.226968 -1.576104e+16 1.495304e+16 -3.976110e+16 -3.982329e+16 -1.730745e+16 -3.065011e+16  9.173182e+15 -1.334266e+16 -8.778084e+16  -6.875079e-01 -1.045010e-01     262     46    -53
-55.299426 -27.098085 17.602489 9.121215e+16 5.273402 -1.734812e+16 1.019581e+16 -5.331142e+16 -4.397905e+16 -2.099644e+16 -3.439210e+16  9.586949e+15 -1.339566e+16 -9.936760e+16  -7.156758e-01 -9.647963e-02     253     37    -50
-51.834796 -26.987010 21.178194 7.893018e+16 5.231529 -1.612352e+16 1.108132e+16 -3.803261e+16 -4.142898e+16 -2.177458e+16 -2.953122e+16  1.189775e+16 -7.756642e+15 -9.273478e+16  -1.533880e+00 -1.282987e-01     256     42    -56
-57.983955 -21.850900 20.165145 8.550922e+16 5.254709 -1.756897e+16 8.618591e+15 -5.889718e+16 -3.955046e+16 -1.651200e+16 -2.543040e+16  1.412005e+16 -8.918407e+15 -8.149286e+16  -1.583248e+00 -1.732674e-01     250     31    -44
-52.922803 -31.379306 15.697892 9.747418e+16 5.292626 -1.709768e+16 1.764193e+16 -4.298890e+16 -4.768368e+16 -2.691757e+16 -4.295567e+16  4.728012e+15 -1.603811e+16 -1.175569e+17  -2.947987e-01 -4.021892e-02     258     45    -57
-57.014409 -20.227864 22.757727 8.110024e+16 5.239381 -1.715247e+16 7.513759e+15 -5.878055e+16 -3.574129e+16 -1.501568e+16 -2.208834e+16  1.365295e+16 -7.072659e+15 -7.284530e+16  -1.930384e+00 -1.874239e-01     247     28    -42
-54.549865 -30.657299 14.792835 9.921081e+16 5.297739 -1.736099e+16 1.565943e+16 -5.019303e+16 -4.881994e+16 -2.305331e+16 -4.271239e+16  6.107552e+15 -1.965908e+16 -1.145856e+17  -3.106734e-01 -5.330120e-02     260     43    -53
-61.724718 -24.929079 13.346202 8.434467e+16 5.250738 -1.591150e+16 1.433313e+16 -5.122148e+16 -4.060381e+16 -1.869556e+16 -2.914863e+16  1.145518e+16 -1.045306e+16 -8.844800e+16  -1.095868e+00 -1.295132e-01     254     38    -48
-47.571706 -28.542803 23.885491 8.310343e+16 5.246446 -1.769854e+16 7.394385e+15 -4.184953e+16 -4.245844e+16 -2.131544e+16 -3.291194e+16  9.546500e+15 -1.159651e+16 -9.668582e+16  -8.232221e-01 -9.873733e-02     255     39    -55
-52.870175 -30.287483 16.842342 9.569284e+16 5.287286 -1.556562e+16 1.031447e+16 -4.768160e+16 -4.964865e+16 -2.220290e+16 -4.061696e+16  9.031697e+15 -1.841405e+16 -1.124685e+17  -4.904784e-01 -8.030422e-02     261     42    -55
-51.587143 -30.206862 18.205995 8.914110e+16 5.266752 -1.541236e+16 8.625535e+15 -4.558246e+16 -4.595110e+16 -1.994693e+16 -3.768702e+16  8.264084e+15 -1.774008e+16 -1.035850e+17  -4.658425e-01 -7.978066e-02     260     41    -54
-65.566277 -25.376804 9.056919 8.365273e+16 5.248353 -1.512261e+16 1.852510e+16 -5.020173e+16 -4.077012e+16 -1.635424e+16 -2.954393e+16  1.122619e+16 -1.318969e+16 -8.666829e+16  -8.511337e-01 -1.295305e-01     261     44    -48
-54.324196 -24.644408 21.031396 8.987177e+16 5.269116 -1.638845e+16 3.793094e+15 -5.667065e+16 -4.391673e+16 -1.978376e+16 -3.047939e+16  1.343734e+16 -1.069563e+16 -9.417988e+16  -1.256339e+00 -1.426774e-01     251     33    -49
-49.049794 -28.358003 22.592203 9.078845e+16 5.272054 -1.562340e+16 7.102267e+13 -5.021495e+16 -4.447897e+16 -2.331164e+16 -3.576046e+16  8.718506e+15 -1.244882e+16 -1.035511e+17  -7.003478e-01 -8.419523e-02     250     33    -55
-55.337272 -28.786057 15.876671 8.801252e+16 5.263063 -1.420658e+16 8.458204e+15 -4.673784e+16 -4.404108e+16 -2.213083e+16 -3.544342e+16  8.597661e+15 -1.331259e+16 -1.016153e+17  -6.458291e-01 -8.460987e-02     255     38    -54
-49.331321 -28.407792 22.260887 8.751854e+16 5.261433 -1.630059e+16 3.838095e+15 -4.721317e+16 -4.527279e+16 -2.005192e+16 -3.454909e+16  1.072370e+16 -1.449717e+16 -9.987380e+16  -7.397095e-01 -1.073725e-01     257     37    -53
-50.238806 -25.744889 24.016305 7.507291e+16 5.217022 -1.657685e+16 6.037456e+15 -4.351584e+16 -3.876412e+16 -1.585430e+16 -2.661424e+16  1.214988e+16 -1.075994e+16 -8.123266e+16  -1.129178e+00 -1.495690e-01     257     38    -50
-63.195846 -19.476504 17.327651 7.339950e+16 5.210495 -1.424317e+16 8.597103e+15 -5.140698e+16 -3.530804e+16 -1.359327e+16 -1.926385e+16  1.604419e+16 -5.670583e+15 -6.816515e+16  -2.829373e+00 -2.353723e-01     250     31    -44
-55.618436 -18.034662 26.346902 8.216738e+16 5.243166 -1.936587e+16 4.978987e+15 -5.956867e+16 -3.990694e+16 -1.215488e+16 -1.962747e+16  2.027947e+16 -7.472585e+15 -7.168929e+16  -2.713849e+00 -2.828800e-01     256     32    -41
-55.156876 -27.355275 17.487850 8.386393e+16 5.249083 -1.691032e+16 1.483578e+16 -4.329908e+16 -4.245684e+16 -2.083680e+16 -3.194651e+16  1.051033e+16 -1.110971e+16 -9.524015e+16  -9.460486e-01 -1.103561e-01     258     43    -53
-55.371196 -29.711641 14.917163 8.970902e+16 5.268591 -1.345597e+16 8.332872e+15 -4.603273e+16 -4.501653e+16 -2.290875e+16 -3.737758e+16  7.638948e+15 -1.446883e+16 -1.053029e+17  -5.279588e-01 -7.254265e-02     256     39    -55
-57.542807 -26.839914 15.617279 8.421958e+16 5.250309 -1.692811e+16 1.664522e+16 -4.491715e+16 -4.205485e+16 -2.018851e+16 -3.148069e+16  1.057416e+16 -1.129218e+16 -9.372405e+16  -9.364144e-01 -1.128223e-01     259     44    -52
-52.405414 -28.449164 19.145422 9.349911e+16 5.280572 -1.703445e+16 7.876220e+15 -5.483935e+16 -4.154524e+16 -2.423103e+16 -3.708269e+16  4.462555e+15 -1.285165e+16 -1.028590e+17  -3.472359e-01 -4.338518e-02     245     32    -51
-62.188523 -22.465629 15.345848 8.096163e+16 5.238886 -1.783151e+16 1.487204e+16 -5.243925e+16 -3.906754e+16 -1.494959e+16 -2.492607e+16  1.414148e+16 -9.976473e+15 -7.894320e+16  -1.417483e+00 -1.791349e-01     256     38    -44
-51.371089 -25.649271 22.979640 8.220408e+16 5.243296 -1.541521e+16 2.260171e+15 -4.824679e+16 -4.322959e+16 -1.735724e+16 -2.905860e+16  1.417099e+16 -1.170136e+16 -8.964544e+16  -1.211055e+00 -1.580782e-01     257     36    -51
-45.410059 -32.884732 21.705209 1.000495e+17 5.300177 -1.888861e+16 1.240785e+16 -4.052414e+16 -5.117790e+16 -2.656631e+16 -4.598852e+16  5.189382e+15 -1.942221e+16 -1.237327e+17  -2.671880e-01 -4.194025e-02     257     44    -60
-54.596081 -30.221264 15.182655 1.007149e+17 5.302096 -1.732050e+16 1.547759e+16 -4.805888e+16 -4.883103e+16 -2.821616e+16 -4.270703e+16  6.124000e+15 -1.449087e+16 -1.197542e+17  -4.226111e-01 -5.113808e-02     254     42    -56
-47.518431 -34.237540 18.244029 1.075156e+17 5.321014 -1.568560e+16 4.915508e+15 -4.335269e+16 -5.246145e+16 -3.163723e+16 -5.162098e+16  8.404676e+14 -1.998375e+16 -1.357197e+17  -4.205754e-02 -6.192673e-03     252     39    -62
-47.555860 -31.385448 21.058692 9.265730e+16 5.277953 -1.636573e+16 9.302095e+15 -4.032415e+16 -4.915631e+16 -2.353413e+16 -4.064417e+16  8.512142e+15 -1.711004e+16 -1.133346e+17  -4.974941e-01 -7.510628e-02     259     43    -59
-52.693929 -29.638743 17.667328 8.177269e+16 5.241772 -1.561745e+16 1.652466e+16 -3.735818e+16 -4.205363e+16 -2.048331e+16 -3.390868e+16  8.144947e+15 -1.342537e+16 -9.644562e+16  -6.066834e-01 -8.445118e-02     262     47    -57
-48.174802 -26.422953 25.402245 7.666548e+16 5.223100 -1.621271e+16 4.703621e+15 -4.172704e+16 -4.186335e+16 -1.606553e+16 -2.790788e+16  1.395547e+16 -1.184235e+16 -8.583676e+16  -1.178438e+00 -1.625815e-01     260     39    -52
-50.340570 -29.217091 20.442339 9.428937e+16 5.283008 -1.554932e+16 2.427124e+15 -4.882149e+16 -4.661701e+16 -2.584196e+16 -3.841568e+16  8.201330e+15 -1.257372e+16 -1.108747e+17  -6.522598e-01 -7.396938e-02     250     35    -57
-62.783077 -22.802273 14.414650 8.351879e+16 5.247889 -1.790443e+16 1.504437e+16 -5.626584e+16 -3.848215e+16 -1.431209e+16 -2.615555e+16  1.232661e+16 -1.184346e+16 -7.894980e+16  -1.040795e+00 -1.561322e-01     253     35    -42
-53.729833 -30.165865 16.104302 1.014050e+17 5.304073 -1.610305e+16 8.493637e+15 -5.307446e+16 -4.837322e+16 -2.700603e+16 -4.288709e+16  5.486135e+15 -1.588105e+16 -1.182663e+17  -3.454516e-01 -4.638796e-02     250     36    -55
-50.801788 -25.583457 23.614755 8.745920e+16 5.261237 -1.823845e+16 4.950854e+15 -5.357400e+16 -4.179430e+16 -2.018762e+16 -3.080860e+16  1.098570e+16 -1.062098e+16 -9.279053e+16  -1.034340e+00 -1.183925e-01     251     34    -49
-53.972623 -26.145026 19.882351 9.223024e+16 5.276616 -1.542678e+16 3.422207e+15 -5.857972e+16 -4.270719e+16 -2.089276e+16 -3.339117e+16  9.316021e+15 -1.249841e+16 -9.699111e+16  -7.453764e-01 -9.605025e-02     247     30    -50
-59.829340 -22.677980 17.492680 7.762538e+16 5.226703 -1.673561e+16 1.096608e+16 -5.078131e+16 -3.884487e+16 -1.287497e+16 -2.410820e+16  1.473666e+16 -1.123323e+16 -7.582804e+16  -1.311881e+00 -1.943432e-01     258     38    -44
-51.453073 -26.694046 21.852881 7.889949e+16 5.231416 -1.557988e+16 9.384418e+15 -3.991368e+16 -4.349799e+16 -1.834028e+16 -2.915499e+16  1.434300e+16 -1.081471e+16 -9.099327e+16  -1.326249e+00 -1.576270e-01     261     43    -55
-54.367793 -27.233410 18.398797 9.539370e+16 5.286380 -1.700710e+16 7.647937e+15 -5.432286e+16 -4.710001e+16 -2.312630e+16 -3.613647e+16  1.096353e+16 -1.301017e+16 -1.063628e+17  -8.426894e-01 -1.030768e-01     253     36    -52
-51.717280 -30.114283 18.168437 9.339657e+16 5.280254 -1.597077e+16 9.663140e+15 -4.639198e+16 -4.859243e+16 -2.182721e+16 -3.936134e+16  9.231085e+15 -1.753414e+16 -1.097810e+17  -5.264636e-01 -8.408638e-02     260     42    -55
-49.843447 -35.338060 14.818493 1.112083e+17 5.330792 -1.510277e+16 1.057923e+16 -4.444825e+16 -5.312789e+16 -3.140158e+16 -5.522501e+16  -2.097126e+15 -2.382343e+16 -1.397545e+17  8.802787e-02 1.500578e-02     255     41    -61
-45.433212 -32.452987 22.113801 1.027128e+17 5.307783 -1.873277e+16 7.295888e+15 -4.139776e+16 -5.073010e+16 -3.163642e+16 -4.656663e+16  4.163467e+15 -1.493021e+16 -1.289332e+17  -2.788619e-01 -3.229167e-02     250     40    -62
-52.914782 -26.914689 20.170529 9.372486e+16 5.281270 -1.859839e+16 9.274657e+15 -5.227201e+16 -4.695651e+16 -2.266082e+16 -3.500064e+16  1.195586e+16 -1.233983e+16 -1.046180e+17  -9.688840e-01 -1.142811e-01     255     38    -52
-48.200360 -30.429675 21.369966 9.939460e+16 5.298275 -1.855647e+16 7.160841e+15 -4.817251e+16 -4.983592e+16 -2.633807e+16 -4.221518e+16  7.620745e+15 -1.587711e+16 -1.183892e+17  -4.799831e-01 -6.437029e-02     254     39    -56
-65.623738 -22.641397 11.734865 7.752700e+16 5.226335 -1.534863e+16 1.477015e+16 -5.123294e+16 -3.692509e+16 -1.372266e+16 -2.413021e+16  1.279489e+16 -1.040754e+16 -7.477796e+16  -1.229386e+00 -1.711051e-01     254     36    -43
-51.293059 -28.032625 20.674317 9.568149e+16 5.287252 -1.587918e+16 1.870110e+15 -5.661508e+16 -4.474641e+16 -2.350804e+16 -3.730296e+16  7.443454e+15 -1.379491e+16 -1.055574e+17  -5.395796e-01 -7.051569e-02     248     31    -52
-54.448502 -29.277439 16.274059 8.258328e+16 5.244628 -1.720451e+16 1.787959e+16 -4.278166e+16 -4.122065e+16 -1.655692e+16 -3.384565e+16  7.374999e+15 -1.728873e+16 -9.162322e+16  -4.265783e-01 -8.049268e-02     264     47    -52
-52.288558 -27.110137 20.601306 8.082856e+16 5.238410 -1.457034e+16 4.290493e+15 -4.574654e+16 -4.211300e+16 -1.757997e+16 -3.040726e+16  1.170574e+16 -1.282729e+16 -9.010023e+16  -9.125652e-01 -1.299191e-01     258     37    -52
-54.131811 -28.331396 17.536793 9.065359e+16 5.271623 -1.619912e+16 8.691722e+15 -5.105731e+16 -4.291906e+16 -2.285931e+16 -3.584758e+16  7.071486e+15 -1.298827e+16 -1.016260e+17  -5.444518e-01 -6.958347e-02     250     36    -52
-51.400256 -31.042177 17.557567 9.871302e+16 5.296283 -1.826268e+16 1.549631e+16 -4.556800e+16 -4.900638e+16 -2.574835e+16 -4.295519e+16  6.051190e+15 -1.720684e+16 -1.177099e+17  -3.516736e-01 -5.140765e-02     258     44    -56
-59.469060 -24.315644 16.215296 8.288292e+16 5.245677 -1.758344e+16 1.374782e+16 -5.115540e+16 -4.141014e+16 -1.545661e+16 -2.781794e+16  1.359221e+16 -1.236133e+16 -8.468469e+16  -1.099575e+00 -1.605037e-01     259     40    -46
-48.324015 -31.811968 19.864017 9.958798e+16 5.298838 -1.802148e+16 8.633267e+15 -4.718297e+16 -4.902594e+16 -2.588345e+16 -4.434538e+16  4.680559e+15 -1.846193e+16 -1.192548e+17  -2.535249e-01 -3.924841e-02     255     40    -56
-54.664098 -30.730840 14.605063 9.407669e+16 5.282355 -1.522145e+16 1.234569e+16 -4.931800e+16 -4.778604e+16 -1.909395e+16 -4.060821e+16  7.177830e+15 -2.151426e+16 -1.074882e+17  -3.336312e-01 -6.677784e-02     263     43    -52
-50.683610 -25.889089 23.427302 8.612897e+16 5.256799 -1.708326e+16 3.483908e+15 -5.066722e+16 -4.323504e+16 -1.994860e+16 -3.073936e+16  1.249568e+16 -1.079076e+16 -9.392300e+16  -1.157998e+00 -1.330418e-01     254     35    -51
-62.415983 -21.167488 16.416529 7.048148e+16 5.198750 -1.776621e+16 1.720701e+16 -4.364089e+16 -3.481188e+16 -1.299565e+16 -2.030167e+16  1.451021e+16 -7.306014e+15 -6.810919e+16  -1.986064e+00 -2.130434e-01     261     44    -45
-48.472518 -33.080058 18.447423 9.924602e+16 5.297842 -1.705453e+16 1.542217e+16 -3.753349e+16 -4.943948e+16 -2.912959e+16 -4.603885e+16  3.400627e+15 -1.690926e+16 -1.246079e+17  -2.011104e-01 -2.729062e-02     256     45    -62
-56.553955 -25.746304 17.699741 9.093960e+16 5.272535 -1.736482e+16 9.869233e+15 -5.546146e+16 -4.369399e+16 -2.039363e+16 -3.244436e+16  1.124962e+16 -1.205073e+16 -9.653198e+16  -9.335221e-01 -1.165378e-01     252     35    -48
-57.382334 -24.578988 18.038677 7.541013e+16 5.218320 -1.534339e+16 9.979812e+15 -4.543311e+16 -3.905751e+16 -1.456712e+16 -2.557158e+16  1.348593e+16 -1.100446e+16 -7.919621e+16  -1.225497e+00 -1.702850e-01     260     40    -48
-58.685503 -28.543901 12.770596 9.839573e+16 5.295351 -1.579286e+16 1.333631e+16 -5.535638e+16 -4.919055e+16 -2.070154e+16 -3.935764e+16  9.832913e+15 -1.865610e+16 -1.092497e+17  -5.270617e-01 -9.000400e-02     260     41    -50
-50.223446 -32.855499 16.921055 1.087972e+17 5.324445 -1.600226e+16 6.845359e+15 -4.835335e+16 -5.300712e+16 -3.102663e+16 -5.019173e+16  2.815392e+15 -1.916510e+16 -1.342255e+17  -1.469021e-01 -2.097509e-02     252     39    -59
-51.200219 -30.561036 18.238744 9.010503e+16 5.269866 -1.586651e+16 1.118463e+16 -4.212103e+16 -4.612336e+16 -2.322341e+16 -3.855783e+16  7.565529e+15 -1.533442e+16 -1.079046e+17  -4.933690e-01 -7.011312e-02     258     42    -57
-61.792709 -22.797652 15.409639 7.981833e+16 5.234768 -1.631258e+16 1.231997e+16 -5.270140e+16 -3.807920e+16 -1.491042e+16 -2.497363e+16  1.310557e+16 -1.006321e+16 -7.796325e+16  -1.302325e+00 -1.680993e-01     253     35    -44
-64.646012 -15.520750 19.833238 6.670951e+16 5.182825 -1.749933e+16 1.180004e+16 -4.939274e+16 -3.115777e+16 -8.091375e+15 -1.358091e+16  1.757686e+16 -5.489531e+15 -5.283005e+16  -3.201888e+00 -3.327058e-01     256     34    -37
-51.262846 -18.442208 30.294946 6.641133e+16 5.181528 -1.571595e+16 9.947425e+14 -4.476260e+16 -3.510835e+16 -1.145528e+16 -1.618227e+16  1.892608e+16 -4.726992e+15 -6.274590e+16  -4.003832e+00 -3.016306e-01     258     34    -46
-48.082023 -26.365201 25.552776 7.966246e+16 5.234202 -1.734651e+16 8.041558e+15 -4.048275e+16 -4.444989e+16 -1.783548e+16 -2.892525e+16  1.552463e+16 -1.108978e+16 -9.121062e+16  -1.399905e+00 -1.702064e-01     261     42    -54
-48.588330 -26.121123 25.290547 9.135793e+16 5.273864 -1.764657e+16 -7.023623e+13 -5.463229e+16 -4.552293e+16 -2.056466e+16 -3.285088e+16  1.267205e+16 -1.228622e+16 -9.893848e+16  -1.031403e+00 -1.280801e-01     253     33    -51
-46.928311 -31.965989 21.105700 9.999263e+16 5.300012 -1.764919e+16 8.077969e+15 -4.179423e+16 -5.086534e+16 -2.877786e+16 -4.468988e+16  6.175463e+15 -1.591202e+16 -1.243331e+17  -3.881006e-01 -4.966871e-02     254     41    -61
-49.697684 -31.526385 18.775931 1.008450e+17 5.302470 -1.532355e+16 3.858208e+15 -5.078267e+16 -5.208457e+16 -2.223832e+16 -4.453855e+16  7.546018e+15 -2.230023e+16 -1.188615e+17  -3.383830e-01 -6.348584e-02     260     39    -55
-54.328507 -29.240360 16.431134 9.179284e+16 5.275239 -1.519014e+16 7.282781e+15 -5.294008e+16 -4.321076e+16 -2.108421e+16 -3.756519e+16  5.645566e+15 -1.648098e+16 -1.018602e+17  -3.425503e-01 -5.542467e-02     251     34    -51
-53.534225 -28.005718 18.460057 9.062654e+16 5.271537 -1.846849e+16 1.271959e+16 -4.945177e+16 -4.493973e+16 -2.081467e+16 -3.537026e+16  9.569467e+15 -1.455559e+16 -1.011247e+17  -6.574427e-01 -9.463040e-02     257     40    -51
-64.480503 -21.683356 13.836141 8.353997e+16 5.247963 -1.654120e+16 1.326049e+16 -5.636010e+16 -4.082974e+16 -1.398407e+16 -2.475784e+16  1.607190e+16 -1.077376e+16 -7.957165e+16  -1.491763e+00 -2.019803e-01     255     36    -43
-61.704913 -18.514915 19.780172 7.421965e+16 5.213713 -1.606254e+16 7.844475e+15 -5.338406e+16 -3.683044e+16 -1.013745e+16 -1.837645e+16  1.845399e+16 -8.239002e+15 -6.534434e+16  -2.239833e+00 -2.824114e-01     257     33    -40
-54.091407 -28.282277 17.626316 9.283363e+16 5.278504 -1.709435e+16 9.730984e+15 -5.240868e+16 -4.387633e+16 -2.308411e+16 -3.663922e+16  7.237111e+15 -1.355511e+16 -1.035997e+17  -5.339029e-01 -6.985651e-02     251     36    -51
-52.981927 -27.012615 20.005458 7.288466e+16 5.208457 -1.545346e+16 1.319674e+16 -3.715848e+16 -3.875043e+16 -1.628936e+16 -2.732885e+16  1.142158e+16 -1.103949e+16 -8.236865e+16  -1.034611e+00 -1.386642e-01     262     45    -53
-56.678873 -27.877223 15.443904 8.162731e+16 5.241257 -1.605957e+16 1.520348e+16 -4.346019e+16 -4.034406e+16 -1.919011e+16 -3.178117e+16  8.562886e+15 -1.259106e+16 -9.131534e+16  -6.800766e-01 -9.377270e-02     259     43    -52
-46.396292 -30.785364 22.818344 8.436156e+16 5.250796 -1.654687e+16 1.013454e+16 -3.621259e+16 -4.470899e+16 -2.195469e+16 -3.620809e+16  8.500901e+15 -1.425340e+16 -1.028718e+17  -5.964120e-01 -8.263589e-02     258     43    -59
-50.605162 -32.262688 17.132150 1.014659e+17 5.304247 -1.703096e+16 1.387082e+16 -4.401153e+16 -5.066903e+16 -2.742520e+16 -4.594747e+16  4.721566e+15 -1.852227e+16 -1.240417e+17  -2.549129e-01 -3.806435e-02     258     43    -58
-51.096879 -28.429947 20.473174 8.719156e+16 5.260350 -1.555393e+16 4.376704e+15 -4.782812e+16 -4.255914e+16 -2.240866e+16 -3.451219e+16  8.046943e+15 -1.210353e+16 -9.948000e+16  -6.648426e-01 -8.089007e-02     251     35    -54
-60.703144 -25.837469 13.459387 7.771398e+16 5.227033 -1.534779e+16 1.602574e+16 -4.476811e+16 -3.926894e+16 -1.525082e+16 -2.792106e+16  1.134788e+16 -1.267024e+16 -8.244083e+16  -8.956327e-01 -1.376488e-01     263     45    -49
-52.479367 -29.623017 17.897616 9.706336e+16 5.291404 -1.580246e+16 4.948572e+15 -5.498494e+16 -4.670732e+16 -2.204718e+16 -4.021882e+16  6.488502e+15 -1.817164e+16 -1.089733e+17  -3.570675e-01 -5.954212e-02     253     35    -51
-51.000990 -28.172749 20.826261 9.001257e+16 5.269569 -1.665091e+16 5.193550e+15 -4.973365e+16 -4.471023e+16 -2.190493e+16 -3.527412e+16  9.436103e+15 -1.336919e+16 -1.018893e+17  -7.058095e-01 -9.261133e-02     253     36    -53
-57.825431 -26.246036 15.928532 8.294332e+16 5.245888 -1.526201e+16 1.059123e+16 -4.841240e+16 -4.105353e+16 -1.888689e+16 -3.025724e+16  1.079629e+16 -1.137035e+16 -9.019765e+16  -9.495128e-01 -1.196959e-01     255     38    -50
-56.923715 -24.641886 18.434399 8.929797e+16 5.267261 -1.744911e+16 9.518109e+15 -5.832303e+16 -4.097614e+16 -1.870441e+16 -3.035514e+16  1.062100e+16 -1.165073e+16 -9.003570e+16  -9.116168e-01 -1.179643e-01     249     32    -46
-46.867640 -31.133000 21.999360 9.604721e+16 5.288357 -1.619117e+16 5.834571e+14 -4.964149e+16 -4.456257e+16 -2.666163e+16 -4.174142e+16  2.821148e+15 -1.507979e+16 -1.129656e+17  -1.870814e-01 -2.497351e-02     247     33    -57
-59.097406 -26.954094 13.948500 7.793614e+16 5.227859 -1.469315e+16 1.282539e+16 -4.535650e+16 -3.746240e+16 -1.727029e+16 -2.930040e+16  8.161999e+15 -1.203011e+16 -8.403308e+16  -6.784645e-01 -9.712840e-02     255     39    -49
-54.173658 -28.608864 17.217478 8.889358e+16 5.265947 -1.659098e+16 1.261704e+16 -4.521551e+16 -4.427549e+16 -2.324659e+16 -3.552650e+16  8.748996e+15 -1.227991e+16 -1.030486e+17  -7.124643e-01 -8.490166e-02     256     41    -54
-60.762172 -25.479128 13.758700 8.262037e+16 5.244758 -1.737368e+16 1.820663e+16 -4.768239e+16 -4.054070e+16 -1.721048e+16 -2.923144e+16  1.130926e+16 -1.202097e+16 -8.698262e+16  -9.407944e-01 -1.300174e-01     260     44    -49
-51.900306 -30.412782 17.686913 8.495093e+16 5.252812 -1.403861e+16 8.221816e+15 -4.212712e+16 -4.400452e+16 -1.995918e+16 -3.618679e+16  7.817734e+15 -1.622760e+16 -1.001505e+17  -4.817553e-01 -7.805987e-02     260     41    -55
-61.976882 -21.276299 16.746820 7.919628e+16 5.232503 -1.665945e+16 1.273003e+16 -5.019027e+16 -3.928293e+16 -1.733080e+16 -2.293594e+16  1.634699e+16 -5.605138e+15 -7.954967e+16  -2.916430e+00 -2.054941e-01     254     38    -47
-49.914448 -29.191039 20.894513 9.505905e+16 5.285362 -1.583559e+16 2.480564e+15 -4.914354e+16 -4.888602e+16 -2.380800e+16 -3.867535e+16  1.021068e+16 -1.486734e+16 -1.113694e+17  -6.867857e-01 -9.168300e-02     255     37    -56
-57.320054 -24.576157 18.103789 7.647574e+16 5.222382 -1.732555e+16 1.924544e+16 -4.023493e+16 -4.007569e+16 -1.665240e+16 -2.592821e+16  1.414747e+16 -9.275816e+15 -8.265629e+16  -1.525200e+00 -1.711603e-01     265     49    -53
-55.162608 -29.741908 15.095483 9.058558e+16 5.271406 -1.601987e+16 2.066187e+16 -4.253800e+16 -4.649964e+16 -2.091213e+16 -3.777810e+16  8.721533e+15 -1.686598e+16 -1.051899e+17  -5.171080e-01 -8.291229e-02      41     49   -123
-56.285038 -24.350769 19.364193 8.352419e+16 5.247908 -1.580520e+16 6.390090e+15 -5.439374e+16 -3.992081e+16 -1.685647e+16 -2.800283e+16  1.191798e+16 -1.114636e+16 -8.478011e+16  -1.069227e+00 -1.405753e-01     251     33    -46
-52.211289 -27.089512 20.699199 9.057598e+16 5.271375 -1.635854e+16 5.296534e+15 -4.894099e+16 -4.664445e+16 -2.296988e+16 -3.404305e+16  1.260140e+16 -1.107317e+16 -1.036574e+17  -1.138012e+00 -1.215678e-01     254     37    -54
-50.877668 -29.648906 19.473426 8.298148e+16 5.246021 -1.597382e+16 1.360814e+16 -3.928119e+16 -4.386660e+16 -1.914996e+16 -3.436594e+16  9.500660e+15 -1.521598e+16 -9.738250e+16  -6.243872e-01 -9.756024e-02     263     46    -56
-54.732668 -24.826381 20.440951 9.404712e+16 5.282264 -1.492267e+16 1.723333e+15 -6.307005e+16 -4.320537e+16 -1.949328e+16 -3.217106e+16  1.103430e+16 -1.267778e+16 -9.486971e+16  -8.703655e-01 -1.163101e-01     246     28    -48
-52.756067 -27.675890 19.568043 9.040070e+16 5.270815 -1.804407e+16 1.118488e+16 -4.851330e+16 -4.650493e+16 -2.066905e+16 -3.480350e+16  1.170142e+16 -1.413445e+16 -1.019775e+17  -8.278653e-01 -1.147451e-01     258     41    -52
-53.426562 -27.635568 18.937870 8.767855e+16 5.261962 -1.611804e+16 7.938212e+15 -4.782921e+16 -4.381394e+16 -2.204193e+16 -3.372276e+16  1.009119e+16 -1.168083e+16 -9.957863e+16  -8.639103e-01 -1.013389e-01     254     38    -53
-54.730968 -26.136560 19.132472 8.368173e+16 5.248454 -1.874653e+16 1.527216e+16 -4.581596e+16 -4.251483e+16 -1.856045e+16 -3.030690e+16  1.220793e+16 -1.174645e+16 -9.138219e+16  -1.039286e+00 -1.335920e-01     260     43    -51
-50.584087 -23.935587 25.480327 8.811528e+16 5.263401 -1.633001e+16 -1.243694e+15 -5.591192e+16 -4.304029e+16 -2.014498e+16 -2.880523e+16  1.423506e+16 -8.660251e+15 -9.199050e+16  -1.643724e+00 -1.547449e-01     250     31    -51
-55.615508 -26.145679 18.238813 7.970645e+16 5.234362 -1.405408e+16 7.359704e+15 -4.459900e+16 -4.229052e+16 -1.781723e+16 -2.890125e+16  1.338927e+16 -1.108402e+16 -8.900900e+16  -1.207980e+00 -1.504260e-01     259     40    -52
-57.214467 -25.897674 16.887859 8.019584e+16 5.236135 -1.523790e+16 9.156866e+15 -5.016552e+16 -3.785072e+16 -1.683703e+16 -2.881314e+16  9.037581e+15 -1.197611e+16 -8.350089e+16  -7.546344e-01 -1.082333e-01     252     34    -47
-48.741762 -27.429233 23.829005 9.051436e+16 5.271178 -1.637229e+16 -1.937486e+14 -5.175705e+16 -4.590445e+16 -2.057273e+16 -3.436211e+16  1.154235e+16 -1.378938e+16 -1.008393e+17  -8.370462e-01 -1.144628e-01     254     34    -53
-50.670502 -28.304116 21.025383 8.567339e+16 5.255264 -1.676872e+16 8.414042e+15 -4.253709e+16 -4.222158e+16 -2.509141e+16 -3.373327e+16  8.488315e+15 -8.641855e+15 -1.010463e+17  -9.822329e-01 -8.400424e-02     251     38    -56
-60.531883 -22.424875 17.043243 7.325230e+16 5.209914 -1.573191e+16 1.148908e+16 -4.684233e+16 -3.587271e+16 -1.476143e+16 -2.247844e+16  1.339426e+16 -7.717011e+15 -7.311258e+16  -1.735680e+00 -1.832005e-01     255     37    -46
-52.557086 -28.105713 19.337202 9.666145e+16 5.290202 -1.509939e+16 1.167616e+15 -5.724207e+16 -4.861906e+16 -1.947322e+16 -3.783858e+16  1.078048e+16 -1.836536e+16 -1.059309e+17  -5.870006e-01 -1.017690e-01     256     34    -50
-52.286660 -28.677999 19.035341 9.482114e+16 5.284637 -1.634636e+16 7.303543e+15 -4.983738e+16 -4.961959e+16 -2.190168e+16 -3.793150e+16  1.168810e+16 -1.602982e+16 -1.094528e+17  -7.291473e-01 -1.067867e-01     259     39    -54
-56.591500 -24.757488 18.651011 7.463758e+16 5.215338 -1.443189e+16 8.082635e+15 -4.410490e+16 -3.897833e+16 -1.568631e+16 -2.549667e+16  1.348166e+16 -9.810362e+15 -8.016131e+16  -1.374226e+00 -1.681816e-01     259     39    -50
-52.733052 -27.536118 19.730830 9.496654e+16 5.285080 -1.734020e+16 7.080089e+15 -5.207199e+16 -4.633933e+16 -2.544046e+16 -3.635837e+16  9.980959e+15 -1.091791e+16 -1.081382e+17  -9.141822e-01 -9.229820e-02     250     36    -54
-48.116535 -30.670099 21.213365 8.887900e+16 5.265899 -1.875438e+16 1.909631e+16 -3.625772e+16 -4.528139e+16 -2.380593e+16 -3.806456e+16  7.216830e+15 -1.425864e+16 -1.071519e+17  -5.061375e-01 -6.735140e-02     260     48    -59
-59.855092 -23.559280 16.585628 7.877897e+16 5.230974 -1.725924e+16 1.361138e+16 -4.951698e+16 -3.751467e+16 -1.642260e+16 -2.553304e+16  1.198163e+16 -9.110444e+15 -7.947030e+16  -1.315153e+00 -1.507686e-01     254     38    -46
-51.894289 -29.350064 18.755647 9.639879e+16 5.289414 -1.660247e+16 6.114155e+15 -5.261496e+16 -4.763754e+16 -2.271960e+16 -3.952676e+16  8.110777e+15 -1.680716e+16 -1.098839e+17  -4.825788e-01 -7.381225e-02     254     37    -53
-46.120229 -31.584269 22.295502 9.424968e+16 5.282887 -1.681002e+16 1.095966e+16 -3.846990e+16 -5.128983e+16 -2.372035e+16 -4.155690e+16  9.732931e+15 -1.783654e+16 -1.165671e+17  -5.456736e-01 -8.349640e-02     261     44    -60
-54.673533 -27.943973 17.382493 8.732599e+16 5.260796 -1.737791e+16 1.555799e+16 -4.436863e+16 -4.429795e+16 -2.148603e+16 -3.403397e+16  1.026398e+16 -1.254794e+16 -9.981794e+16  -8.179816e-01 -1.028270e-01     259     44    -54
-54.059190 -27.622941 18.317869 8.325584e+16 5.246976 -1.476395e+16 8.650788e+15 -4.360873e+16 -4.358937e+16 -2.032035e+16 -3.202398e+16  1.156539e+16 -1.170363e+16 -9.593370e+16  -9.881881e-01 -1.205561e-01     258     40    -54
-49.688301 -28.628697 21.683001 8.721969e+16 5.260443 -1.829798e+16 1.348052e+16 -4.057548e+16 -4.549631e+16 -2.288101e+16 -3.473623e+16  1.076008e+16 -1.185522e+16 -1.031135e+17  -9.076238e-01 -1.043517e-01     258     44    -56
-59.666407 -24.027980 16.305614 8.200774e+16 5.242603 -1.695248e+16 1.268344e+16 -5.088185e+16 -4.141012e+16 -1.528055e+16 -2.716600e+16  1.424411e+16 -1.188545e+16 -8.385667e+16  -1.198449e+00 -1.698626e-01     259     40    -46
-52.895284 -30.692169 16.412546 1.017089e+17 5.304939 -1.752380e+16 1.369992e+16 -4.830711e+16 -5.022724e+16 -2.731340e+16 -4.378496e+16  6.442276e+15 -1.647156e+16 -1.213256e+17  -3.911150e-01 -5.309906e-02     256     42    -56
-48.182707 -29.095760 22.721533 9.478195e+16 5.284517 -1.693129e+16 2.612855e+15 -4.739053e+16 -4.904805e+16 -2.480358e+16 -3.835591e+16  1.069214e+16 -1.355233e+16 -1.122076e+17  -7.889520e-01 -9.528894e-02     254     37    -57
-52.727280 -27.838915 19.433806 9.693708e+16 5.291027 -1.716109e+16 6.126867e+15 -5.539750e+16 -4.593046e+16 -2.496809e+16 -3.755941e+16  8.371041e+15 -1.259132e+16 -1.084580e+17  -6.648262e-01 -7.718235e-02     249     34    -52
-48.305805 -34.509418 17.184778 1.109394e+17 5.330091 -1.579161e+16 6.522954e+15 -4.763335e+16 -5.476831e+16 -2.888785e+16 -5.373069e+16  1.037616e+15 -2.484285e+16 -1.373869e+17  -4.176720e-02 -7.552515e-03     256     40    -59
-48.847450 -31.388753 19.763797 1.127682e+17 5.334824 -1.760966e+16 1.832589e+15 -6.029606e+16 -5.110359e+16 -3.037955e+16 -4.953515e+16  1.568433e+15 -1.915561e+16 -1.310183e+17  -8.187851e-02 -1.197110e-02     246     32    -56
-47.284100 -29.459381 23.256519 9.082292e+16 5.272164 -1.734595e+16 2.589731e+15 -4.995884e+16 -4.490495e+16 -2.062382e+16 -3.721487e+16  7.690084e+15 -1.659105e+16 -1.027436e+17  -4.635079e-01 -7.484730e-02     254     35    -52
-46.988387 -32.486962 20.524651 9.993687e+16 5.299851 -1.624300e+16 1.057102e+16 -3.452619e+16 -5.235799e+16 -3.098496e+16 -4.543129e+16  6.926708e+15 -1.444633e+16 -1.287742e+17  -4.794787e-01 -5.378955e-02     255     43    -65
-57.199255 -24.816771 17.983974 7.775633e+16 5.227190 -1.506698e+16 9.495516e+15 -4.753364e+16 -4.233189e+16 -1.139691e+16 -2.664695e+16  1.568494e+16 -1.525004e+16 -8.037574e+16  -1.028518e+00 -1.951452e-01     266     42    -47
-52.347137 -31.406643 16.246219 1.057502e+17 5.316221 -1.858300e+16 1.562260e+16 -4.977196e+16 -5.171809e+16 -2.752304e+16 -4.662439e+16  5.093705e+15 -1.910135e+16 -1.258655e+17  -2.666673e-01 -4.046942e-02     257     43    -56
-48.294180 -32.638412 19.067409 8.647376e+16 5.257956 -1.421054e+16 8.741757e+15 -3.643511e+16 -4.443386e+16 -2.299923e+16 -3.955215e+16  4.881708e+15 -1.655292e+16 -1.069852e+17  -2.949152e-01 -4.562973e-02     258     42    -60
-53.218442 -25.635181 21.146377 8.877785e+16 5.265570 -1.741500e+16 5.900389e+15 -5.662614e+16 -4.144631e+16 -1.886637e+16 -3.142410e+16  1.002221e+16 -1.255773e+16 -9.173678e+16  -7.980910e-01 -1.092496e-01     250     32    -47
-59.576512 -21.470760 18.952728 7.595279e+16 5.220396 -1.558897e+16 8.060354e+15 -5.013030e+16 -3.915710e+16 -1.297900e+16 -2.217870e+16  1.697839e+16 -9.199702e+15 -7.431480e+16  -1.845537e+00 -2.284658e-01     258     37    -45
-50.847167 -30.597146 18.555687 9.457514e+16 5.283885 -1.510816e+16 4.035042e+15 -4.971475e+16 -4.660352e+16 -2.293690e+16 -4.050871e+16  6.094813e+15 -1.757181e+16 -1.100491e+17  -3.468518e-01 -5.538265e-02     254     36    -54
-53.518855 -30.535735 15.945410 9.440392e+16 5.283360 -1.478088e+16 1.183084e+16 -4.153828e+16 -4.769446e+16 -2.781522e+16 -4.044049e+16  7.253969e+15 -1.262527e+16 -1.159502e+17  -5.745595e-01 -6.256109e-02     255     42    -59
-50.994329 -25.793828 23.211843 9.017521e+16 5.270091 -1.698304e+16 1.698218e+15 -5.920984e+16 -4.220798e+16 -1.705718e+16 -3.206291e+16  1.014507e+16 -1.500572e+16 -9.132807e+16  -6.760803e-01 -1.110838e-01     252     31    -46
-57.805984 -28.003679 14.190338 8.927954e+16 5.267201 -1.633491e+16 1.322117e+16 -5.167966e+16 -4.246239e+16 -1.966855e+16 -3.496036e+16  7.502028e+15 -1.529181e+16 -9.709130e+16  -4.905911e-01 -7.726776e-02     254     38    -49
-53.544573 -28.811768 17.643659 8.967856e+16 5.268492 -1.655828e+16 1.157919e+16 -4.548054e+16 -4.465213e+16 -2.367121e+16 -3.609619e+16  8.555934e+15 -1.242499e+16 -1.044195e+17  -6.886071e-01 -8.193806e-02     255     40    -54
-58.819524 -24.551771 16.628705 7.753577e+16 5.226368 -1.708869e+16 1.347318e+16 -4.794040e+16 -3.915512e+16 -1.287674e+16 -2.629117e+16  1.286395e+16 -1.341443e+16 -7.832304e+16  -9.589639e-01 -1.642423e-01     262     42    -45
-55.612317 -22.168446 22.219238 8.075684e+16 5.238153 -1.603889e+16 5.596357e+15 -5.943499e+16 -3.530704e+16 -1.194387e+16 -2.435348e+16  1.095355e+16 -1.240961e+16 -7.160439e+16  -8.826672e-01 -1.529732e-01     249     27    -40
-56.645511 -27.923040 15.431448 9.769977e+16 5.293296 -1.593487e+16 9.466873e+15 -5.754643e+16 -4.515183e+16 -2.414670e+16 -3.810594e+16  7.045886e+15 -1.395924e+16 -1.074045e+17  -5.047471e-01 -6.560142e-02     247     33    -51
-56.947754 -26.777044 16.275202 9.294533e+16 5.278852 -1.678556e+16 9.031847e+15 -5.881451e+16 -4.443441e+16 -1.697399e+16 -3.463712e+16  9.797291e+15 -1.766314e+16 -9.604552e+16  -5.546745e-01 -1.020067e-01     254     34    -46
-49.308308 -28.354760 22.336932 9.186993e+16 5.275482 -1.620563e+16 9.834939e+14 -5.229809e+16 -4.627520e+16 -2.011237e+16 -3.619207e+16  1.008313e+16 -1.607969e+16 -1.025796e+17  -6.270725e-01 -9.829566e-02     255     35    -52
-55.562914 -28.529772 15.907314 7.983117e+16 5.234815 -1.316497e+16 8.389174e+15 -4.235991e+16 -4.015131e+16 -1.998321e+16 -3.184494e+16  8.306370e+15 -1.186173e+16 -9.197946e+16  -7.002665e-01 -9.030679e-02     256     39    -54
-56.283337 -23.566164 20.150499 7.549471e+16 5.218644 -1.637305e+16 1.112501e+16 -4.341675e+16 -3.997487e+16 -1.649535e+16 -2.440094e+16  1.557392e+16 -7.905595e+15 -8.087115e+16  -1.969988e+00 -1.925770e-01     260     42    -50
-55.721901 -24.116900 20.161199 8.482341e+16 5.252377 -1.551410e+16 4.272553e+15 -5.598748e+16 -4.121815e+16 -1.601424e+16 -2.811881e+16  1.309934e+16 -1.210457e+16 -8.535120e+16  -1.082182e+00 -1.534758e-01     253     32    -46
-61.201817 -26.162734 12.635449 9.276646e+16 5.278294 -1.691744e+16 1.570295e+16 -5.705386e+16 -4.229057e+16 -2.083712e+16 -3.380138e+16  8.489194e+15 -1.296426e+16 -9.692907e+16  -6.548153e-01 -8.758151e-02     249     35    -47
-47.947501 -26.798246 25.254252 8.740709e+16 5.261064 -1.699562e+16 4.102789e+14 -5.022355e+16 -4.430807e+16 -2.015687e+16 -3.231056e+16  1.199750e+16 -1.215369e+16 -9.677551e+16  -9.871491e-01 -1.239725e-01     254     34    -52
-51.441456 -29.176727 19.381818 8.946722e+16 5.267809 -1.677775e+16 7.133148e+15 -5.031870e+16 -4.315894e+16 -2.027392e+16 -3.643543e+16  6.723512e+15 -1.616150e+16 -9.986829e+16  -4.160202e-01 -6.732379e-02     254     36    -51
-51.913052 -29.639841 18.447107 9.217611e+16 5.276446 -1.568849e+16 6.234090e+15 -4.914324e+16 -4.551813e+16 -2.256033e+16 -3.819784e+16  7.320290e+15 -1.563752e+16 -1.062763e+17  -4.681235e-01 -6.887979e-02     254     37    -53
-52.115973 -27.142938 20.741089 9.128508e+16 5.273633 -1.732307e+16 6.087117e+15 -5.335813e+16 -4.332860e+16 -2.269395e+16 -3.438074e+16  8.947858e+15 -1.168679e+16 -1.004033e+17  -7.656383e-01 -8.911916e-02     250     34    -51
-51.767938 -27.157866 21.074196 9.181551e+16 5.275311 -1.858111e+16 7.499027e+15 -5.353248e+16 -4.584587e+16 -1.940735e+16 -3.458933e+16  1.125654e+16 -1.518198e+16 -9.984255e+16  -7.414410e-01 -1.127429e-01     256     37    -49
-49.221547 -26.773658 24.004795 7.251192e+16 5.206973 -1.630033e+16 1.126492e+16 -3.614939e+16 -3.988979e+16 -1.592225e+16 -2.681731e+16  1.307248e+16 -1.089506e+16 -8.262935e+16  -1.199853e+00 -1.582062e-01     262     45    -54
-50.872315 -28.967596 20.160089 9.562282e+16 5.287074 -1.688618e+16 4.866727e+15 -5.204131e+16 -4.704494e+16 -2.369532e+16 -3.861916e+16  8.425782e+15 -1.492384e+16 -1.093594e+17  -5.645855e-01 -7.704670e-02     253     36    -53
-52.318796 -28.470404 19.210800 8.046683e+16 5.237111 -1.602896e+16 8.897723e+15 -4.509114e+16 -4.025125e+16 -1.675928e+16 -3.193728e+16  8.313966e+15 -1.517800e+16 -8.894780e+16  -5.477642e-01 -9.347016e-02     258     39    -50
-57.817545 -21.702945 20.479510 8.330976e+16 5.247164 -1.626277e+16 6.587118e+15 -6.202455e+16 -3.707406e+16 -1.058680e+16 -2.458374e+16  1.249032e+16 -1.399694e+16 -7.224461e+16  -8.923610e-01 -1.728893e-01     250     27    -39
-55.989336 -27.651950 16.358714 9.399864e+16 5.282114 -1.549159e+16 7.394866e+15 -5.676342e+16 -4.423896e+16 -2.123224e+16 -3.625649e+16  7.982474e+15 -1.502425e+16 -1.017277e+17  -5.313062e-01 -7.846904e-02     250     33    -50
-63.098745 -26.590828 10.310427 8.004084e+16 5.235574 -1.528622e+16 1.774183e+16 -4.700393e+16 -3.783019e+16 -1.644818e+16 -2.971891e+16  8.111284e+15 -1.327073e+16 -8.399729e+16  -6.112162e-01 -9.656602e-02     258     42    -47
-51.598738 -26.899034 21.502228 8.673546e+16 5.258831 -1.795017e+16 7.542742e+15 -5.013642e+16 -4.318601e+16 -1.919841e+16 -3.232713e+16  1.085888e+16 -1.312872e+16 -9.471155e+16  -8.271087e-01 -1.146521e-01     255     37    -50
-57.706857 -23.475309 18.817834 7.595504e+16 5.220404 -1.818821e+16 1.505958e+16 -4.521125e+16 -3.897774e+16 -1.411869e+16 -2.447574e+16  1.450200e+16 -1.035705e+16 -7.757217e+16  -1.400206e+00 -1.869485e-01     262     44    -47
-44.545656 -34.865900 20.588444 1.037358e+17 5.310652 -1.576282e+16 8.494311e+15 -3.348471e+16 -5.364958e+16 -3.080785e+16 -5.059012e+16  3.059459e+15 -1.978227e+16 -1.350475e+17  -1.546566e-01 -2.265468e-02     256     43    -66
-55.851037 -28.114294 16.034669 9.855040e+16 5.295806 -1.599739e+16 8.677457e+15 -5.822978e+16 -4.506102e+16 -2.459499e+16 -3.870034e+16  6.360683e+15 -1.410535e+16 -1.083563e+17  -4.509413e-01 -5.870153e-02     246     32    -51
-49.206387 -26.898354 23.895259 1.016492e+17 5.304769 -1.748774e+16 1.600983e+14 -6.428800e+16 -4.452484e+16 -2.533195e+16 -3.778621e+16  6.738628e+15 -1.245426e+16 -1.076430e+17  -5.410702e-01 -6.260164e-02     243     28    -52
-53.733618 -32.598379 13.668004 1.061875e+17 5.317415 -1.488341e+16 1.271057e+16 -4.630737e+16 -5.177409e+16 -3.048102e+16 -4.872064e+16  3.053449e+15 -1.823962e+16 -1.309758e+17  -1.674075e-01 -2.331308e-02     255     42    -59
-54.051615 -29.788366 16.160020 9.860485e+16 5.295966 -1.632450e+16 9.607500e+15 -5.300739e+16 -4.945336e+16 -2.195712e+16 -4.115610e+16  8.297266e+15 -1.919897e+16 -1.125666e+17  -4.321724e-01 -7.370985e-02     258     39    -52
-53.540691 -29.447057 17.012252 1.026046e+17 5.307478 -1.621615e+16 6.498753e+15 -5.549511e+16 -5.096157e+16 -2.465267e+16 -4.228187e+16  8.679694e+15 -1.762920e+16 -1.178961e+17  -4.923475e-01 -7.362155e-02     254     37    -53
-51.920679 -28.089247 19.990074 8.483418e+16 5.252414 -1.603622e+16 8.743591e+15 -4.263537e+16 -4.328928e+16 -2.296328e+16 -3.316739e+16  1.012189e+16 -1.020412e+16 -9.941996e+16  -9.919418e-01 -1.018094e-01     254     40    -56
-53.853451 -29.164279 16.982269 9.378222e+16 5.281447 -1.546162e+16 7.466250e+15 -5.058391e+16 -4.627142e+16 -2.312868e+16 -3.825692e+16  8.014498e+15 -1.512824e+16 -1.076570e+17  -5.297707e-01 -7.444473e-02     254     37    -53
-76.896310 -10.239075 12.864615 5.733869e+16 5.138999 -1.453989e+16 1.654224e+16 -3.957011e+16 -3.004569e+16 -6.817104e+15 -7.431346e+15  2.261434e+16 -6.142424e+14 -4.429414e+16  -3.681664e+01 -5.105493e-01     269     49    -44
-50.221897 -27.557891 22.220212 8.878794e+16 5.265603 -1.667746e+16 3.483165e+15 -5.047111e+16 -4.345672e+16 -2.188179e+16 -3.393607e+16  9.520646e+15 -1.205428e+16 -9.927458e+16  -7.898143e-01 -9.590216e-02     252     35    -53
-56.123480 -22.726165 21.150355 8.896893e+16 5.266192 -1.843482e+16 7.888039e+15 -6.057932e+16 -4.110021e+16 -1.731304e+16 -2.760452e+16  1.349569e+16 -1.029148e+16 -8.601777e+16  -1.311346e+00 -1.568942e-01     250     31    -44
-51.688665 -30.278340 18.032995 8.955108e+16 5.268081 -1.515136e+16 9.081792e+15 -4.250457e+16 -4.560545e+16 -2.388176e+16 -3.795946e+16  7.645988e+15 -1.407770e+16 -1.074467e+17  -5.431275e-01 -7.116077e-02     256     41    -57
-58.006338 -27.478744 14.514917 9.019258e+16 5.270147 -1.747407e+16 1.935498e+16 -4.567290e+16 -4.423798e+16 -2.376015e+16 -3.460332e+16  9.634661e+15 -1.084318e+16 -1.026015e+17  -8.885460e-01 -9.390375e-02     258     45    -54
-56.847088 -26.881545 16.271367 8.305844e+16 5.246289 -1.487590e+16 8.800394e+15 -5.055468e+16 -3.922034e+16 -1.835437e+16 -3.108276e+16  8.137578e+15 -1.272839e+16 -8.865747e+16  -6.393251e-01 -9.178672e-02     251     34    -48
-59.671330 -24.570046 15.758624 7.790149e+16 5.227731 -1.706934e+16 1.518370e+16 -4.680862e+16 -3.898972e+16 -1.464871e+16 -2.645445e+16  1.253528e+16 -1.180574e+16 -8.009288e+16  -1.061795e+00 -1.565092e-01     261     43    -47
-58.457969 -24.832786 16.709245 7.318014e+16 5.209629 -1.457939e+16 1.105986e+16 -4.294071e+16 -3.749308e+16 -1.553923e+16 -2.512285e+16  1.237023e+16 -9.583621e+15 -7.815516e+16  -1.290768e+00 -1.582778e-01     259     41    -49
-52.788024 -26.669703 20.542274 7.887702e+16 5.231334 -1.732838e+16 1.341685e+16 -4.079787e+16 -4.084210e+16 -1.895645e+16 -2.915690e+16  1.168520e+16 -1.020045e+16 -8.895546e+16  -1.145557e+00 -1.313601e-01     259     43    -53
-58.353194 -25.088075 16.558731 7.985127e+16 5.234888 -1.769526e+16 1.666147e+16 -4.528741e+16 -3.995434e+16 -1.723012e+16 -2.772369e+16  1.223065e+16 -1.049356e+16 -8.490815e+16  -1.165538e+00 -1.440457e-01     260     44    -49
-66.646606 -25.510117 7.843278 8.432988e+16 5.250688 -1.521899e+16 1.951484e+16 -5.141989e+16 -3.870804e+16 -1.785089e+16 -2.996817e+16  8.739871e+15 -1.211728e+16 -8.652711e+16  -7.212732e-01 -1.010073e-01     253     39    -46
-49.208836 -31.009848 19.781316 9.501088e+16 5.285216 -1.799494e+16 1.110888e+16 -4.434883e+16 -4.721491e+16 -2.531058e+16 -4.121580e+16  5.999116e+15 -1.590522e+16 -1.137413e+17  -3.771791e-01 -5.274352e-02     255     41    -56
-52.278702 -30.756080 16.965218 9.674458e+16 5.290451 -1.554966e+16 6.621779e+15 -5.182153e+16 -4.736502e+16 -2.209019e+16 -4.171872e+16  5.646291e+15 -1.962853e+16 -1.111739e+17  -2.876574e-01 -5.078791e-02     255     37    -53
-45.351079 -32.657018 21.991903 8.954750e+16 5.268069 -1.584013e+16 9.329003e+15 -3.696082e+16 -4.776696e+16 -2.193109e+16 -4.086135e+16  6.905609e+15 -1.893026e+16 -1.105594e+17  -3.647921e-01 -6.246062e-02     261     44    -60
-51.643764 -27.701504 20.654732 8.682613e+16 5.259134 -1.653542e+16 7.461423e+15 -4.586645e+16 -4.473241e+16 -2.155828e+16 -3.342504e+16  1.130737e+16 -1.186676e+16 -9.971574e+16  -9.528607e-01 -1.133960e-01     256     39    -54
-44.690936 -34.105590 21.203473 1.131931e+17 5.335913 -1.677265e+16 -2.587556e+15 -5.118897e+16 -5.459565e+16 -3.012346e+16 -5.398540e+16  6.102513e+14 -2.386194e+16 -1.387045e+17  -2.557425e-02 -4.399650e-03     251     35    -60
-54.732796 -28.969745 16.297459 9.024727e+16 5.270323 -1.390176e+16 5.995636e+15 -4.905202e+16 -4.447456e+16 -2.269631e+16 -3.657636e+16  7.898202e+15 -1.388004e+16 -1.037472e+17  -5.690330e-01 -7.612928e-02     253     36    -54
-55.064483 -28.289491 16.646025 9.447299e+16 5.283572 -1.681214e+16 1.012423e+16 -5.315136e+16 -4.528014e+16 -2.304655e+16 -3.732688e+16  7.953257e+15 -1.428033e+16 -1.056536e+17  -5.569377e-01 -7.527674e-02     252     37    -51
-54.393943 -26.858111 18.747946 9.108917e+16 5.273011 -1.659158e+16 7.190390e+15 -5.378968e+16 -4.392865e+16 -2.159231e+16 -3.398480e+16  9.943853e+15 -1.239249e+16 -9.950576e+16  -8.024095e-01 -9.993243e-02     251     35    -50
-54.476842 -27.944034 17.579123 9.552872e+16 5.286789 -1.748722e+16 8.778380e+15 -5.725686e+16 -4.515009e+16 -2.051913e+16 -3.722472e+16  7.925374e+15 -1.670558e+16 -1.028939e+17  -4.744147e-01 -7.702469e-02     252     35    -48
-58.351702 -27.372869 14.275429 9.087098e+16 5.272317 -1.733733e+16 1.606987e+16 -5.051341e+16 -4.403316e+16 -2.138985e+16 -3.472558e+16  9.307588e+15 -1.333573e+16 -1.001486e+17  -6.979436e-01 -9.293779e-02     256     41    -50
-47.126601 -32.360375 20.513024 1.000057e+17 5.300050 -1.706232e+16 9.918180e+15 -4.189067e+16 -5.240807e+16 -2.595874e+16 -4.528368e+16  7.124395e+15 -1.932494e+16 -1.236505e+17  -3.686633e-01 -5.761720e-02     259     43    -60
-54.575715 -29.960588 15.463697 9.717752e+16 5.291744 -1.431850e+16 6.819013e+15 -5.058353e+16 -4.727621e+16 -2.592630e+16 -4.082767e+16  6.448544e+15 -1.490137e+16 -1.140302e+17  -4.327483e-01 -5.655120e-02     251     36    -55
-49.676820 -31.740302 18.582878 1.039192e+17 5.311164 -1.683115e+16 5.902295e+15 -5.088823e+16 -5.112239e+16 -2.665417e+16 -4.622328e+16  4.899114e+15 -1.956911e+16 -1.239998e+17  -2.503493e-01 -3.950903e-02     254     38    -56
-48.379679 -28.836996 22.783325 9.021374e+16 5.270215 -1.718969e+16 6.764407e+15 -4.154058e+16 -4.731998e+16 -2.564212e+16 -3.616235e+16  1.115762e+16 -1.052024e+16 -1.091244e+17  -1.060587e+00 -1.022468e-01     254     40    -59
-55.935883 -25.178128 18.885989 8.644316e+16 5.257854 -1.690031e+16 8.831330e+15 -5.195212e+16 -4.281270e+16 -1.956626e+16 -3.007030e+16  1.274241e+16 -1.050404e+16 -9.244925e+16  -1.213096e+00 -1.378313e-01     254     36    -49
-51.983159 -31.912796 16.104045 1.033575e+17 5.309595 -1.550923e+16 8.721439e+15 -4.868040e+16 -5.140100e+16 -2.717318e+16 -4.632652e+16  5.074481e+15 -1.915333e+16 -1.249007e+17  -2.649398e-01 -4.062813e-02     256     40    -57
-49.559166 -32.811949 17.628885 1.070466e+17 5.319749 -1.793832e+16 1.228908e+16 -4.448373e+16 -5.109759e+16 -3.280458e+16 -4.928850e+16  1.809094e+15 -1.648392e+16 -1.331907e+17  -1.097490e-01 -1.358274e-02     251     41    -60
-54.752078 -30.193167 15.054755 8.805873e+16 5.263215 -1.561363e+16 1.652402e+16 -4.237817e+16 -4.420871e+16 -2.134673e+16 -3.730770e+16  6.901011e+15 -1.596097e+16 -1.028631e+17  -4.323679e-01 -6.708925e-02     262     46    -55
-55.257622 -27.081174 17.661203 8.519036e+16 5.253627 -1.795694e+16 1.725513e+16 -4.320293e+16 -4.284002e+16 -2.157766e+16 -3.209842e+16  1.074160e+16 -1.052076e+16 -9.651609e+16  -1.020991e+00 -1.112934e-01     259     45    -53
-52.366108 -25.422697 22.211195 8.755758e+16 5.261563 -1.652056e+16 2.876874e+15 -5.395826e+16 -4.497384e+16 -1.681670e+16 -3.067975e+16  1.429409e+16 -1.386305e+16 -9.247030e+16  -1.031092e+00 -1.545803e-01     257     35    -48
-61.351330 -22.738398 15.910272 7.915741e+16 5.232361 -1.854994e+16 1.984594e+16 -4.620817e+16 -4.045678e+16 -1.514133e+16 -2.468681e+16  1.576997e+16 -9.545478e+15 -8.028493e+16  -1.652088e+00 -1.964251e-01     264     47    -49
-46.081983 -33.704077 20.213940 1.052607e+17 5.314878 -1.572275e+16 3.225221e+15 -4.134110e+16 -5.367128e+16 -3.019600e+16 -4.966597e+16  4.005300e+15 -1.946997e+16 -1.335333e+17  -2.057168e-01 -2.999478e-02     254     39    -63
-47.679379 -31.396492 20.924129 8.858030e+16 5.264925 -1.553496e+16 2.123703e+16 -2.930968e+16 -4.707856e+16 -2.510073e+16 -3.887520e+16  8.203369e+15 -1.377446e+16 -1.110545e+17  -5.955492e-01 -7.386796e-02     263     51    -65
-50.909053 -32.006013 17.084934 1.035730e+17 5.310198 -1.718668e+16 1.062959e+16 -4.866310e+16 -5.059167e+16 -2.747289e+16 -4.652403e+16  4.067641e+15 -1.905114e+16 -1.245886e+17  -2.135117e-01 -3.264858e-02     255     40    -56
-53.399070 -28.420690 18.180239 9.098994e+16 5.272696 -1.598401e+16 6.261091e+15 -5.382740e+16 -4.355606e+16 -1.959233e+16 -3.608079e+16  7.475268e+15 -1.648847e+16 -9.922919e+16  -4.533634e-01 -7.533336e-02     253     35    -49
-47.428606 -30.847585 21.723809 1.021743e+17 5.306261 -1.616915e+16 -1.659888e+15 -5.428700e+16 -5.032865e+16 -2.407951e+16 -4.399712e+16  6.331524e+15 -1.991761e+16 -1.184053e+17  -3.178857e-01 -5.347333e-02     253     34    -55
-57.204374 -23.341239 19.454387 8.125250e+16 5.239924 -1.497708e+16 5.543013e+15 -5.190270e+16 -4.042472e+16 -1.737932e+16 -2.600369e+16  1.442103e+16 -8.624367e+15 -8.380772e+16  -1.672127e+00 -1.720728e-01     253     34    -48
-56.399900 -29.625656 13.974444 9.629154e+16 5.289092 -1.621038e+16 1.659706e+16 -4.831915e+16 -4.860262e+16 -2.286203e+16 -4.002533e+16  8.577291e+15 -1.716329e+16 -1.114900e+17  -4.997462e-01 -7.693330e-02     262     45    -54
-55.616642 -26.256993 18.126364 9.111149e+16 5.273082 -1.512025e+16 5.599684e+15 -6.008261e+16 -4.107834e+16 -1.836160e+16 -3.319199e+16  7.886345e+15 -1.483040e+16 -9.263193e+16  -5.317690e-01 -8.513635e-02     247     29    -47
-53.251749 -30.537401 16.210850 1.074188e+17 5.320754 -1.650372e+16 6.677413e+15 -5.868049e+16 -5.179432e+16 -2.500717e+16 -4.600872e+16  5.785602e+15 -2.100155e+16 -1.228102e+17  -2.754845e-01 -4.711011e-02     253     36    -52
-49.015706 -30.687063 20.297231 1.040726e+17 5.311591 -1.713971e+16 2.854382e+15 -5.268098e+16 -5.060386e+16 -2.803139e+16 -4.463851e+16  5.965352e+15 -1.660712e+16 -1.232738e+17  -3.592044e-01 -4.839109e-02     251     35    -57
-50.743140 -28.877565 20.379295 9.734698e+16 5.292248 -1.640945e+16 2.893644e+15 -5.536745e+16 -4.560891e+16 -2.484771e+16 -3.917804e+16  6.430877e+15 -1.433033e+16 -1.096347e+17  -4.487598e-01 -5.865734e-02     248     33    -53
-48.986737 -27.238039 23.775224 8.434731e+16 5.250748 -1.660250e+16 6.114547e+15 -4.255399e+16 -4.621680e+16 -2.017294e+16 -3.178394e+16  1.443286e+16 -1.161100e+16 -9.817367e+16  -1.243033e+00 -1.470135e-01     259     40    -55
-61.793317 -22.830094 15.376589 8.334741e+16 5.247295 -1.530905e+16 9.723961e+15 -5.741758e+16 -3.945186e+16 -1.389586e+16 -2.611933e+16  1.333253e+16 -1.222347e+16 -7.946704e+16  -1.090732e+00 -1.677743e-01     251     31    -43
-48.509277 -31.667758 19.822965 1.138264e+17 5.337529 -1.643118e+16 -1.628343e+15 -5.939931e+16 -5.303837e+16 -3.029207e+16 -5.045272e+16  2.585650e+15 -2.016065e+16 -1.337832e+17  -1.282523e-01 -1.932717e-02     247     32    -57
-52.818718 -28.862795 18.318487 8.753980e+16 5.261504 -1.737057e+16 1.319189e+16 -4.443289e+16 -4.362777e+16 -2.198766e+16 -3.528040e+16  8.347367e+15 -1.329274e+16 -1.008958e+17  -6.279642e-01 -8.273253e-02     257     42    -54
-51.734292 -26.601664 21.664045 8.223856e+16 5.243417 -1.654928e+16 6.564446e+15 -4.716770e+16 -4.308674e+16 -1.658283e+16 -3.028158e+16  1.280516e+16 -1.369875e+16 -8.995114e+16  -9.347688e-01 -1.423568e-01     259     39    -50
-55.890260 -29.676289 14.433450 9.194578e+16 5.275721 -1.494181e+16 1.165767e+16 -4.784633e+16 -4.548120e+16 -2.261040e+16 -3.827513e+16  7.206068e+15 -1.566473e+16 -1.063667e+17  -4.600186e-01 -6.774738e-02     257     40    -53
-56.274487 -25.795696 17.929818 8.470186e+16 5.251962 -1.686045e+16 9.288331e+15 -5.457074e+16 -3.950836e+16 -1.602668e+16 -3.027584e+16  9.232525e+15 -1.424916e+16 -8.581087e+16  -6.479347e-01 -1.075915e-01     252     34    -45
-57.401995 -24.261323 18.336682 9.513464e+16 5.285592 -1.715206e+16 7.315455e+15 -6.382605e+16 -4.444510e+16 -1.816401e+16 -3.179650e+16  1.264860e+16 -1.363249e+16 -9.440560e+16  -9.278273e-01 -1.339814e-01     250     31    -45
-55.098897 -29.667787 15.233316 9.304326e+16 5.279157 -1.518662e+16 1.034108e+16 -4.903062e+16 -4.615181e+16 -2.244010e+16 -3.869778e+16  7.454028e+15 -1.625769e+16 -1.072897e+17  -4.584925e-01 -6.947572e-02     256     39    -53
-54.404807 -27.414101 18.181092 8.667333e+16 5.258624 -1.624288e+16 1.132509e+16 -4.429709e+16 -4.417078e+16 -2.323484e+16 -3.307293e+16  1.109785e+16 -9.838092e+15 -1.004786e+17  -1.128049e+00 -1.104499e-01     255     41    -55
-61.736099 -24.065057 14.198844 7.895540e+16 5.231621 -1.679799e+16 1.960703e+16 -4.397428e+16 -3.987330e+16 -1.759275e+16 -2.623920e+16  1.363409e+16 -8.646459e+15 -8.370525e+16  -1.576841e+00 -1.628822e-01     263     47    -51
-52.304335 -25.552271 22.143395 9.155884e+16 5.274500 -1.724803e+16 3.014410e+15 -6.043686e+16 -4.298984e+16 -1.693049e+16 -3.226161e+16  1.072823e+16 -1.533112e+16 -9.218195e+16  -6.997680e-01 -1.163810e-01     252     31    -46
-48.478032 -29.408943 22.113025 9.392763e+16 5.281896 -1.813468e+16 6.893572e+15 -4.603569e+16 -4.721528e+16 -2.574113e+16 -3.846613e+16  8.749146e+15 -1.272500e+16 -1.114225e+17  -6.875555e-01 -7.852224e-02     253     38    -56
-48.131165 -28.802868 23.065967 8.697607e+16 5.259633 -1.618049e+16 2.429782e+15 -4.737680e+16 -4.500070e+16 -1.892618e+16 -3.481004e+16  1.019066e+16 -1.588386e+16 -9.873692e+16  -6.415735e-01 -1.032103e-01     257     37    -53
-50.886089 -30.173752 18.940159 9.641527e+16 5.289464 -1.674332e+16 6.287883e+15 -5.133575e+16 -4.676670e+16 -2.370137e+16 -4.068868e+16  6.078023e+15 -1.698730e+16 -1.111568e+17  -3.577980e-01 -5.467975e-02     253     36    -53
-52.214268 -27.958842 19.826890 8.743049e+16 5.261142 -1.598240e+16 5.918765e+15 -4.907596e+16 -4.258061e+16 -2.171453e+16 -3.401886e+16  8.561752e+15 -1.230433e+16 -9.831400e+16  -6.958323e-01 -8.708579e-02     252     36    -52
-50.393232 -29.340847 20.265922 9.285585e+16 5.278573 -1.810681e+16 8.200325e+15 -5.039290e+16 -4.417069e+16 -2.327537e+16 -3.800686e+16  6.163831e+15 -1.473149e+16 -1.054529e+17  -4.184119e-01 -5.845102e-02     252     37    -52
-49.672251 -32.708229 17.619520 1.010741e+17 5.303127 -1.478238e+16 5.001156e+15 -4.761034e+16 -5.097129e+16 -2.480374e+16 -4.639056e+16  4.580729e+15 -2.158683e+16 -1.221656e+17  -2.122002e-01 -3.749606e-02     257     39    -57
-49.344142 -30.748179 19.907679 9.440894e+16 5.283375 -1.578104e+16 5.707979e+15 -4.498219e+16 -4.866350e+16 -2.425100e+16 -4.059264e+16  8.070862e+15 -1.634164e+16 -1.135071e+17  -4.938833e-01 -7.110445e-02     256     39    -57
-53.471241 -26.606477 19.922282 8.717975e+16 5.260310 -1.823852e+16 9.366021e+15 -5.242992e+16 -4.202260e+16 -1.842124e+16 -3.216311e+16  9.859496e+15 -1.374187e+16 -9.260694e+16  -7.174784e-01 -1.064661e-01     254     36    -48
-47.989231 -33.866834 18.143935 9.556431e+16 5.286897 -1.509919e+16 9.879599e+15 -3.728373e+16 -4.749269e+16 -2.757689e+16 -4.539550e+16  2.097193e+15 -1.781860e+16 -1.204651e+17  -1.176968e-01 -1.740914e-02     255     42    -62
-60.536966 -25.256403 14.206631 8.882099e+16 5.265710 -1.706706e+16 1.519476e+16 -5.250921e+16 -4.467500e+16 -1.841140e+16 -3.111722e+16  1.355778e+16 -1.270582e+16 -9.420362e+16  -1.067053e+00 -1.439200e-01     259     41    -49
-53.792853 -27.625015 18.582131 9.147640e+16 5.274239 -1.600238e+16 6.655157e+15 -5.103779e+16 -4.559811e+16 -2.244271e+16 -3.518049e+16  1.041762e+16 -1.273778e+16 -1.032213e+17  -8.178520e-01 -1.009251e-01     253     36    -53
-67.721406 -20.844243 11.434350 7.522906e+16 5.217624 -1.610141e+16 1.795540e+16 -4.794990e+16 -3.746882e+16 -1.352275e+16 -2.137145e+16  1.609737e+16 -7.848699e+15 -7.236302e+16  -2.050961e+00 -2.224530e-01     261     44    -45
-55.315847 -28.766177 15.917976 9.585722e+16 5.287783 -1.741480e+16 1.428276e+16 -5.063683e+16 -4.854824e+16 -2.174458e+16 -3.857312e+16  9.975122e+15 -1.682854e+16 -1.088659e+17  -5.927502e-01 -9.162758e-02     260     42    -52
-61.001082 -23.981526 15.017392 8.996354e+16 5.269411 -1.978776e+16 1.823963e+16 -5.698816e+16 -3.991434e+16 -2.001259e+16 -2.976687e+16  1.014747e+16 -9.754273e+15 -8.969380e+16  -1.040310e+00 -1.131346e-01     249     36    -45
-49.625724 -26.689023 23.685253 8.255397e+16 5.244525 -1.572319e+16 3.252713e+15 -4.394205e+16 -4.423891e+16 -1.993879e+16 -3.043844e+16  1.380046e+16 -1.049966e+16 -9.461614e+16  -1.314373e+00 -1.458574e-01     257     38    -55
-49.229562 -26.947734 23.822703 9.378857e+16 5.281467 -1.677326e+16 -1.167382e+14 -5.321356e+16 -4.540832e+16 -2.531723e+16 -3.493581e+16  1.047251e+16 -9.618581e+15 -1.056614e+17  -1.088779e+00 -9.911389e-02     248     32    -55
-52.095335 -31.307318 16.597347 1.007888e+17 5.302308 -1.707936e+16 1.118354e+16 -4.877900e+16 -4.738849e+16 -2.862108e+16 -4.427999e+16  3.108504e+15 -1.565891e+16 -1.202896e+17  -1.985134e-01 -2.584184e-02     250     38    -56
-53.582660 -28.278480 18.138860 9.190102e+16 5.275580 -1.586276e+16 1.015311e+16 -4.662262e+16 -4.884023e+16 -2.202683e+16 -3.624980e+16  1.259043e+16 -1.422296e+16 -1.071169e+17  -8.852183e-01 -1.175392e-01     260     42    -55
-49.147789 -27.000890 23.851321 9.162878e+16 5.274721 -1.718923e+16 9.200145e+14 -5.768209e+16 -4.266388e+16 -1.931808e+16 -3.420248e+16  8.461397e+15 -1.488440e+16 -9.618444e+16  -5.684742e-01 -8.797053e-02     251     31    -49
-49.848563 -28.396259 21.755178 9.079926e+16 5.272088 -1.556090e+16 5.180170e+14 -5.403780e+16 -4.387969e+16 -1.941616e+16 -3.584803e+16  8.031663e+15 -1.643187e+16 -9.914388e+16  -4.887858e-01 -8.101018e-02     253     33    -51
-50.713922 -30.723194 18.562884 9.037888e+16 5.270745 -1.618345e+16 1.048769e+16 -4.220633e+16 -4.525650e+16 -2.440262e+16 -3.887635e+16  6.380152e+15 -1.447373e+16 -1.085355e+17  -4.408092e-01 -5.878402e-02     255     41    -57
-55.581307 -27.780174 16.638520 8.706394e+16 5.259926 -1.755015e+16 1.524421e+16 -4.683726e+16 -4.357927e+16 -1.961103e+16 -3.374047e+16  9.838798e+15 -1.412944e+16 -9.693077e+16  -6.963334e-01 -1.015034e-01     259     43    -51
-56.264358 -27.570203 16.165439 8.146836e+16 5.240693 -1.536271e+16 1.486724e+16 -4.116604e+16 -4.172838e+16 -2.045424e+16 -3.132887e+16  1.039951e+16 -1.087463e+16 -9.351149e+16  -9.563085e-01 -1.112110e-01     260     44    -54
-50.378627 -27.666438 21.954935 8.662582e+16 5.258465 -1.579623e+16 3.636587e+15 -4.676310e+16 -4.515922e+16 -2.061531e+16 -3.325841e+16  1.190081e+16 -1.264310e+16 -9.903293e+16  -9.412886e-01 -1.201702e-01     256     37    -54
-53.429862 -28.050371 18.519767 7.753646e+16 5.226371 -1.486574e+16 1.056664e+16 -3.987888e+16 -3.993059e+16 -1.895700e+16 -3.031115e+16  9.619436e+15 -1.135415e+16 -8.919874e+16  -8.472179e-01 -1.078427e-01     258     42    -54
-59.089698 -23.879319 17.030983 8.291796e+16 5.245799 -1.743205e+16 1.297692e+16 -5.059276e+16 -4.131762e+16 -1.739377e+16 -2.726568e+16  1.405194e+16 -9.871907e+15 -8.597707e+16  -1.423427e+00 -1.634382e-01     257     39    -47
-57.395434 -23.877383 18.727183 8.488092e+16 5.252573 -1.743522e+16 9.675368e+15 -5.354870e+16 -4.409139e+16 -1.424036e+16 -2.786864e+16  1.622275e+16 -1.362827e+16 -8.620038e+16  -1.190374e+00 -1.881981e-01     261     39    -46
-49.950875 -27.672341 22.376784 8.400094e+16 5.249556 -1.598910e+16 3.130922e+15 -4.884283e+16 -4.253120e+16 -1.732123e+16 -3.224347e+16  1.028773e+16 -1.492224e+16 -9.209590e+16  -6.894227e-01 -1.117068e-01     256     36    -50
-54.811441 -20.325267 24.863292 7.872571e+16 5.230778 -1.556587e+16 2.472581e+15 -5.631106e+16 -3.650291e+16 -1.469102e+16 -2.150718e+16  1.499572e+16 -6.816166e+15 -7.270110e+16  -2.200023e+00 -2.062654e-01     249     28    -44
-52.149150 -28.383762 19.467088 8.284058e+16 5.245529 -1.537313e+16 1.172826e+16 -3.900748e+16 -4.416162e+16 -2.143990e+16 -3.276538e+16  1.139623e+16 -1.132549e+16 -9.836690e+16  -1.006247e+00 -1.158544e-01     260     44    -57
-49.408111 -26.576107 24.015782 9.249110e+16 5.277433 -1.635621e+16 2.466420e+14 -5.915595e+16 -4.119317e+16 -2.168376e+16 -3.393430e+16  7.258873e+15 -1.225054e+16 -9.681123e+16  -5.925350e-01 -7.497966e-02     246     29    -50
-47.446864 -32.902589 19.650547 1.016662e+17 5.304818 -1.664625e+16 7.605576e+15 -4.314653e+16 -5.156082e+16 -2.762887e+16 -4.685452e+16  4.706300e+15 -1.922565e+16 -1.260442e+17  -2.447928e-01 -3.733848e-02     256     41    -60
-50.357714 -25.804473 23.837813 7.464968e+16 5.215385 -1.558288e+16 8.853358e+15 -3.817200e+16 -4.211307e+16 -1.646545e+16 -2.653592e+16  1.557715e+16 -1.007047e+16 -8.511444e+16  -1.546814e+00 -1.830141e-01     262     43    -54
-64.304568 -23.478956 12.216476 8.212982e+16 5.243034 -1.401337e+16 1.227923e+16 -5.132268e+16 -4.223266e+16 -1.583234e+16 -2.659868e+16  1.563398e+16 -1.076633e+16 -8.466368e+16  -1.452117e+00 -1.846598e-01     259     39    -47
-48.685751 -31.821989 19.492260 9.408217e+16 5.282372 -1.530557e+16 6.043761e+15 -4.188977e+16 -4.783473e+16 -2.581780e+16 -4.192221e+16  5.912516e+15 -1.610441e+16 -1.155747e+17  -3.671363e-01 -5.115751e-02     255     40    -59
-48.858117 -27.967930 23.173954 8.793781e+16 5.262817 -1.626285e+16 1.641298e+15 -4.914357e+16 -4.453937e+16 -2.036591e+16 -3.410946e+16  1.042992e+16 -1.374355e+16 -9.901474e+16  -7.588956e-01 -1.053370e-01     254     35    -53
-53.050477 -28.795459 18.154065 9.198710e+16 5.275851 -1.705142e+16 1.126570e+16 -4.730649e+16 -4.674269e+16 -2.262177e+16 -3.698675e+16  9.755936e+15 -1.436499e+16 -1.063512e+17  -6.791469e-01 -9.173318e-02     257     41    -54
-49.992601 -32.884728 17.122671 1.102086e+17 5.328177 -1.576603e+16 4.624204e+15 -5.135056e+16 -5.377638e+16 -2.956579e+16 -5.087978e+16  2.896596e+15 -2.131399e+16 -1.342220e+17  -1.359012e-01 -2.158064e-02     253     37    -58
-52.712920 -33.023404 14.263676 1.056672e+17 5.315994 -1.694325e+16 1.847454e+16 -4.511333e+16 -5.085106e+16 -2.885681e+16 -4.909871e+16  1.752351e+15 -2.024191e+16 -1.288066e+17  -8.657044e-02 -1.360451e-02     258     45    -58
-47.179324 -34.114516 18.706159 1.081397e+17 5.322690 -1.607869e+16 4.153735e+15 -4.550869e+16 -5.272985e+16 -3.064752e+16 -5.171473e+16  1.015126e+15 -2.106721e+16 -1.350921e+17  -4.818510e-02 -7.514323e-03     252     38    -61
-56.094288 -27.422302 16.483410 8.480444e+16 5.252312 -1.543280e+16 8.871373e+15 -5.107606e+16 -4.080773e+16 -1.755623e+16 -3.241640e+16  8.391331e+15 -1.486017e+16 -9.078036e+16  -5.646861e-01 -9.243554e-02     254     36    -48
-61.827585 -25.973537 12.198878 8.467043e+16 5.251855 -1.525808e+16 1.827868e+16 -4.569823e+16 -4.271707e+16 -2.034374e+16 -3.061800e+16  1.209908e+16 -1.027426e+16 -9.367881e+16  -1.177610e+00 -1.291549e-01     262     46    -52
-43.712923 -33.107531 23.179545 9.138280e+16 5.273943 -1.566027e+16 1.359575e+16 -2.733204e+16 -4.937710e+16 -2.699311e+16 -4.222258e+16  7.154511e+15 -1.522948e+16 -1.185928e+17  -4.697804e-01 -6.032838e-02      46     47   -112
-47.376738 -32.536547 20.086716 9.522533e+16 5.285868 -1.471526e+16 7.250419e+15 -3.820953e+16 -5.066336e+16 -2.557608e+16 -4.337516e+16  7.288206e+15 -1.779908e+16 -1.196146e+17  -4.094709e-01 -6.093074e-02     259     42    -61
-56.891895 -22.573017 20.535088 6.661408e+16 5.182411 -1.414897e+16 9.265760e+15 -3.939105e+16 -3.694123e+16 -1.225697e+16 -2.052735e+16  1.641388e+16 -8.270374e+15 -6.972555e+16  -1.984660e+00 -2.354069e-01     264     43    -49
-50.532729 -30.431647 19.035624 9.108587e+16 5.273001 -1.863462e+16 2.322748e+16 -3.798856e+16 -4.599326e+16 -2.309676e+16 -3.877804e+16  7.215219e+15 -1.568128e+16 -1.078681e+17  -4.601168e-01 -6.688930e-02     263     50    -58
-53.953070 -29.176983 16.869947 9.518544e+16 5.285747 -1.849225e+16 1.797301e+16 -4.625658e+16 -4.782967e+16 -2.379022e+16 -3.885077e+16  8.978892e+15 -1.506055e+16 -1.104707e+17  -5.961862e-01 -8.127852e-02     260     45    -55
-54.343675 -22.833843 22.822482 9.163030e+16 5.274726 -1.746797e+16 3.077707e+15 -6.279171e+16 -4.340675e+16 -1.708689e+16 -2.852971e+16  1.487703e+16 -1.144282e+16 -8.902335e+16  -1.300119e+00 -1.671138e-01     251     30    -45
-49.682878 -33.166814 17.150308 1.107928e+17 5.329708 -1.875458e+16 1.199761e+16 -5.066738e+16 -5.230265e+16 -3.013697e+16 -5.158905e+16  7.136033e+14 -2.145208e+16 -1.340287e+17  -3.326499e-02 -5.324259e-03     253     40    -57
-51.440529 -29.954024 18.605448 9.063984e+16 5.271579 -1.679128e+16 1.469125e+16 -4.147879e+16 -4.719437e+16 -2.292127e+16 -3.797247e+16  9.221893e+15 -1.505120e+16 -1.080881e+17  -6.127014e-01 -8.531830e-02     261     45    -57
-47.753340 -29.171103 23.075557 9.347353e+16 5.280492 -1.676651e+16 1.376821e+15 -4.899049e+16 -4.765650e+16 -2.301803e+16 -3.791474e+16  9.741764e+15 -1.489671e+16 -1.085893e+17  -6.539542e-01 -8.971203e-02     254     36    -55
-52.313383 -24.581127 23.105490 7.104442e+16 5.201053 -1.606436e+16 1.005402e+16 -3.822550e+16 -3.841791e+16 -1.625698e+16 -2.397483e+16  1.444308e+16 -7.717852e+15 -7.864973e+16  -1.871386e+00 -1.836380e-01     260     43    -52
-49.496365 -29.862171 20.641464 8.741560e+16 5.261093 -1.602160e+16 8.190275e+15 -4.135985e+16 -4.545593e+16 -2.272885e+16 -3.643327e+16  9.022665e+15 -1.370442e+16 -1.046181e+17  -6.583763e-01 -8.624386e-02     257     41    -57
-52.807972 -27.893249 19.298780 8.726373e+16 5.260589 -1.718502e+16 1.108355e+16 -4.561089e+16 -4.452630e+16 -2.140717e+16 -3.388603e+16  1.064027e+16 -1.247886e+16 -9.981950e+16  -8.526633e-01 -1.065951e-01     257     41    -53
-51.596273 -27.451151 20.952576 9.081734e+16 5.272146 -1.733716e+16 5.632981e+15 -5.445257e+16 -4.246955e+16 -2.119760e+16 -3.461354e+16  7.856017e+15 -1.341593e+16 -9.828069e+16  -5.855736e-01 -7.993449e-02     250     33    -50
-51.314679 -23.403361 25.281959 8.263962e+16 5.244826 -1.541467e+16 -1.360537e+15 -5.435604e+16 -4.178591e+16 -1.492797e+16 -2.636384e+16  1.542207e+16 -1.143587e+16 -8.307772e+16  -1.348571e+00 -1.856343e-01     256     32    -47
-48.635330 -30.536668 20.828001 9.856209e+16 5.295840 -1.682101e+16 3.791181e+15 -4.870701e+16 -4.944595e+16 -2.587691e+16 -4.203782e+16  7.408139e+15 -1.616090e+16 -1.173607e+17  -4.583988e-01 -6.312284e-02     253     37    -57
-59.420981 -26.832607 13.746411 8.671967e+16 5.258778 -1.800469e+16 1.994915e+16 -4.721291e+16 -4.151943e+16 -2.043258e+16 -3.244896e+16  9.070476e+15 -1.201638e+16 -9.440096e+16  -7.548426e-01 -9.608456e-02     258     44    -50
-52.128060 -31.255762 16.616178 1.048283e+17 5.313686 -1.635167e+16 8.179153e+15 -5.134729e+16 -5.116848e+16 -2.811685e+16 -4.597595e+16  5.192529e+15 -1.785911e+16 -1.252613e+17  -2.907496e-01 -4.145358e-02     253     38    -56
-46.466698 -29.474198 24.059103 8.563592e+16 5.255137 -1.611975e+16 3.764141e+15 -4.247169e+16 -4.624353e+16 -1.937923e+16 -3.507582e+16  1.116771e+16 -1.569659e+16 -1.006986e+17  -7.114741e-01 -1.109024e-01     259     39    -55
-53.852370 -31.822450 14.325180 1.008757e+17 5.302558 -1.685581e+16 1.681108e+16 -4.559010e+16 -4.779845e+16 -2.863895e+16 -4.514376e+16  2.654686e+15 -1.650481e+16 -1.215812e+17  -1.608431e-01 -2.183468e-02     254     43    -57
-62.320297 -24.603223 13.076480 8.570701e+16 5.255378 -1.557003e+16 1.282186e+16 -5.453270e+16 -4.137958e+16 -1.674963e+16 -2.920204e+16  1.217754e+16 -1.245241e+16 -8.733125e+16  -9.779262e-01 -1.394408e-01     254     36    -46
-55.528922 -23.887819 20.583259 9.073880e+16 5.271895 -1.609384e+16 4.195017e+15 -6.321335e+16 -4.141846e+16 -1.598329e+16 -2.975493e+16  1.166353e+16 -1.377165e+16 -8.715668e+16  -8.469232e-01 -1.338225e-01     249     28    -44
-51.637260 -31.559609 16.803131 9.424325e+16 5.282867 -1.661867e+16 1.458407e+16 -4.430693e+16 -4.755545e+16 -2.226964e+16 -4.173975e+16  5.815701e+15 -1.947011e+16 -1.115648e+17  -2.986989e-01 -5.212843e-02     261     44    -55
-59.248260 -26.255966 14.495774 8.091536e+16 5.238721 -1.641669e+16 1.457946e+16 -4.824445e+16 -3.764590e+16 -1.810998e+16 -2.956065e+16  8.085247e+15 -1.145067e+16 -8.531654e+16  -7.060936e-01 -9.476764e-02     253     38    -47
-51.828361 -28.792543 19.379097 9.235243e+16 5.276999 -1.581577e+16 4.393372e+15 -5.244827e+16 -4.689205e+16 -1.893637e+16 -3.708813e+16  9.803912e+15 -1.815176e+16 -1.029166e+17  -5.401080e-01 -9.526079e-02     258     37    -51
-54.953095 -27.904966 17.141939 9.292758e+16 5.278796 -1.689217e+16 1.210003e+16 -4.815097e+16 -4.690883e+16 -2.421609e+16 -3.617051e+16  1.073832e+16 -1.195442e+16 -1.072954e+17  -8.982721e-01 -1.000818e-01     256     40    -54
-54.643872 -23.944654 21.411474 8.474959e+16 5.252125 -1.762628e+16 8.119633e+15 -5.008618e+16 -4.347999e+16 -1.969336e+16 -2.784060e+16  1.563939e+16 -8.147238e+15 -9.101394e+16  -1.919594e+00 -1.718351e-01     255     37    -50
-64.297802 -22.189933 13.512266 7.801087e+16 5.228137 -1.655016e+16 1.542011e+16 -5.106570e+16 -3.653943e+16 -1.520955e+16 -2.372191e+16  1.281752e+16 -8.512360e+15 -7.547090e+16  -1.505754e+00 -1.698340e-01     253     36    -44
-49.132583 -29.860239 21.007178 9.403459e+16 5.282225 -1.620947e+16 2.258998e+15 -5.188977e+16 -4.553194e+16 -2.223673e+16 -3.917477e+16  6.357176e+15 -1.693803e+16 -1.069434e+17  -3.753196e-01 -5.944428e-02     252     34    -53
-54.499948 -28.421954 17.078098 1.023279e+17 5.306696 -1.575445e+16 6.204264e+15 -6.177551e+16 -4.572999e+16 -2.535383e+16 -4.061706e+16  5.112925e+15 -1.526323e+16 -1.117009e+17  -3.349833e-01 -4.577337e-02     244     30    -52
-62.234145 -22.441058 15.324798 7.964195e+16 5.234128 -1.640004e+16 1.308346e+16 -5.163287e+16 -3.821178e+16 -1.613559e+16 -2.449055e+16  1.372122e+16 -8.354966e+15 -7.883792e+16  -1.642284e+00 -1.740435e-01     253     36    -45
-54.366515 -27.647513 17.985972 9.633559e+16 5.289225 -1.691125e+16 8.950653e+15 -5.129997e+16 -4.775905e+16 -2.619362e+16 -3.710111e+16  1.065794e+16 -1.090749e+16 -1.110538e+17  -9.771212e-01 -9.597099e-02     252     37    -54
-52.023228 -31.581472 16.395301 1.030021e+17 5.308597 -1.565047e+16 1.114428e+16 -4.480972e+16 -5.233072e+16 -2.906467e+16 -4.566660e+16  6.664119e+15 -1.660193e+16 -1.270620e+17  -4.014063e-01 -5.244778e-02     257     42    -59
-52.924594 -30.819505 16.255900 9.310295e+16 5.279342 -1.649984e+16 1.786242e+16 -4.225164e+16 -4.732851e+16 -2.303344e+16 -4.025735e+16  7.071159e+15 -1.722391e+16 -1.106193e+17  -4.105432e-01 -6.392338e-02     263     47    -57
-49.830537 -27.769740 22.399723 7.734250e+16 5.225645 -1.539837e+16 5.785521e+15 -4.164659e+16 -4.051441e+16 -1.734408e+16 -2.979846e+16  1.071595e+16 -1.245438e+16 -8.765696e+16  -8.604168e-01 -1.222488e-01     258     39    -53
-47.189500 -25.596921 27.213579 7.464544e+16 5.215369 -1.647145e+16 3.349980e+15 -4.178678e+16 -4.060432e+16 -1.543800e+16 -2.619648e+16  1.440784e+16 -1.075848e+16 -8.223879e+16  -1.339209e+00 -1.751952e-01     259     38    -52
-54.362323 -29.143614 16.494063 8.428277e+16 5.250526 -1.637153e+16 1.684830e+16 -4.167492e+16 -4.282803e+16 -1.941838e+16 -3.436985e+16  8.458184e+15 -1.495147e+16 -9.661626e+16  -5.657090e-01 -8.754410e-02     263     46    -54
-53.429387 -27.494834 19.075779 9.549706e+16 5.286693 -1.647391e+16 6.718607e+15 -5.445829e+16 -4.378747e+16 -2.707872e+16 -3.652530e+16  7.262176e+15 -9.446577e+15 -1.073915e+17  -7.687627e-01 -6.762339e-02     244     33    -54
-49.058855 -33.393169 17.547976 1.085762e+17 5.323856 -1.746629e+16 1.149525e+16 -4.526356e+16 -5.327127e+16 -3.072724e+16 -5.088490e+16  2.386373e+15 -2.015766e+16 -1.348834e+17  -1.183854e-01 -1.769212e-02     255     42    -60
-45.756809 -33.519034 20.724158 1.078438e+17 5.321897 -1.747313e+16 6.898802e+15 -4.355373e+16 -5.556870e+16 -2.902179e+16 -5.058067e+16  4.988023e+15 -2.155888e+16 -1.351712e+17  -2.313674e-01 -3.690153e-02     257     41    -61
-45.809732 -29.099512 25.090755 8.934803e+16 5.267423 -1.751413e+16 1.891094e+15 -4.695935e+16 -4.628956e+16 -2.055526e+16 -3.606320e+16  1.022636e+16 -1.550794e+16 -1.029080e+17  -6.594270e-01 -9.937375e-02     256     37    -54
-52.162192 -27.142805 20.695003 8.573054e+16 5.255457 -1.422839e+16 2.045484e+15 -4.896199e+16 -4.575713e+16 -1.726568e+16 -3.229005e+16  1.346708e+16 -1.502437e+16 -9.531287e+16  -8.963494e-01 -1.412934e-01     260     37    -51
-58.678622 -28.964207 12.357171 9.550897e+16 5.286729 -1.660353e+16 1.578332e+16 -5.344943e+16 -4.429766e+16 -2.267838e+16 -3.880841e+16  5.489255e+15 -1.613002e+16 -1.057845e+17  -3.403129e-01 -5.189094e-02     253     38    -50
-56.690890 -25.800651 17.508460 8.993451e+16 5.269318 -1.523877e+16 5.696031e+15 -5.622179e+16 -4.468676e+16 -1.782075e+16 -3.216442e+16  1.252234e+16 -1.434366e+16 -9.467193e+16  -8.730225e-01 -1.322709e-01     255     34    -48
-52.751539 -29.899731 17.348730 9.405167e+16 5.282278 -1.594622e+16 7.701585e+15 -5.067472e+16 -4.610458e+16 -2.216815e+16 -3.937071e+16  6.733862e+15 -1.720256e+16 -1.076434e+17  -3.914454e-01 -6.255710e-02     255     37    -53
-53.393082 -28.583314 18.023603 8.350803e+16 5.247852 -1.413931e+16 8.341034e+15 -4.313009e+16 -4.434937e+16 -1.909831e+16 -3.331950e+16  1.102988e+16 -1.422119e+16 -9.676718e+16  -7.755948e-01 -1.139837e-01     261     41    -54
-56.266431 -29.993532 13.740037 9.290815e+16 5.278736 -1.525473e+16 1.385001e+16 -4.791294e+16 -4.619580e+16 -2.178855e+16 -3.912724e+16  7.068567e+15 -1.733869e+16 -1.071116e+17  -4.076760e-01 -6.599255e-02     260     42    -53
-58.659496 -23.931457 17.409047 8.945876e+16 5.267782 -1.783210e+16 1.098367e+16 -5.806213e+16 -4.233637e+16 -1.814273e+16 -2.947779e+16  1.285859e+16 -1.133505e+16 -8.995689e+16  -1.134409e+00 -1.429416e-01     252     34    -46
-47.807698 -30.601074 21.591228 8.939371e+16 5.267571 -1.675555e+16 7.892449e+15 -4.180167e+16 -4.641583e+16 -2.259982e+16 -3.818067e+16  8.235165e+15 -1.558085e+16 -1.071963e+17  -5.285441e-01 -7.682321e-02     257     41    -57
-52.859272 -26.608828 20.531900 8.568996e+16 5.255320 -1.529712e+16 3.513760e+15 -5.262643e+16 -4.113009e+16 -1.893798e+16 -3.159776e+16  9.532322e+15 -1.265978e+16 -9.166583e+16  -7.529608e-01 -1.039899e-01     251     33    -50
-49.933288 -33.159908 16.906804 9.915869e+16 5.297587 -1.601918e+16 1.151634e+16 -4.087962e+16 -4.755729e+16 -2.986899e+16 -4.617158e+16  1.385715e+15 -1.630258e+16 -1.235979e+17  -8.499974e-02 -1.121148e-02     252     41    -60
-48.626992 -26.044575 25.328433 8.199507e+16 5.242559 -1.365362e+16 -4.316830e+15 -4.972267e+16 -3.984318e+16 -1.956983e+16 -2.938945e+16  1.045372e+16 -9.819621e+15 -8.880246e+16  -1.064575e+00 -1.177188e-01     250     30    -53
-51.040076 -28.931358 20.028566 1.009458e+17 5.302759 -1.642130e+16 2.899129e+15 -5.916787e+16 -4.559615e+16 -2.582982e+16 -4.072033e+16  4.875818e+15 -1.489051e+16 -1.121463e+17  -3.274447e-01 -4.347730e-02     245     31    -53
-54.423469 -27.854433 17.722099 8.820461e+16 5.263694 -1.822086e+16 1.432681e+16 -4.740056e+16 -4.314360e+16 -2.132879e+16 -3.424902e+16  8.894581e+15 -1.292023e+16 -9.872142e+16  -6.884229e-01 -9.009778e-02     256     41    -51
-52.104928 -30.940849 16.954224 9.631085e+16 5.289150 -1.583264e+16 1.064966e+16 -4.299972e+16 -4.689671e+16 -2.940641e+16 -4.179007e+16  5.106642e+15 -1.238365e+16 -1.180932e+17  -4.123696e-01 -4.324247e-02     251     40    -59
-54.029053 -20.422632 25.548315 8.149404e+16 5.240784 -1.745502e+16 3.329408e+15 -5.657630e+16 -3.914842e+16 -1.542515e+16 -2.236415e+16  1.678428e+16 -6.938992e+15 -7.693773e+16  -2.418835e+00 -2.181541e-01     252     31    -45
-56.291693 -27.956268 15.752040 9.005688e+16 5.269711 -1.630485e+16 1.154501e+16 -5.095433e+16 -4.501157e+16 -1.921700e+16 -3.516097e+16  9.850607e+15 -1.594396e+16 -9.938954e+16  -6.178267e-01 -9.911111e-02     258     40    -50
-57.380645 -24.897127 17.722229 7.936129e+16 5.233106 -1.507408e+16 1.006732e+16 -4.446011e+16 -4.019763e+16 -2.068337e+16 -2.729909e+16  1.289854e+16 -6.615728e+15 -8.818009e+16  -1.949678e+00 -1.462750e-01     254     39    -52
-52.633493 -27.106429 20.260078 9.560213e+16 5.287012 -1.599525e+16 2.459502e+15 -5.736451e+16 -4.584748e+16 -2.257061e+16 -3.597179e+16  9.875683e+15 -1.340118e+16 -1.043899e+17  -7.369265e-01 -9.460384e-02     250     32    -51
-58.364702 -22.606248 19.029050 8.144373e+16 5.240605 -1.600547e+16 8.156966e+15 -5.232049e+16 -3.981572e+16 -1.795319e+16 -2.517284e+16  1.464288e+16 -7.219652e+15 -8.294175e+16  -2.028198e+00 -1.765442e-01     252     34    -47
-52.047190 -28.542345 19.410465 7.868747e+16 5.230637 -1.659998e+16 1.726199e+16 -3.665078e+16 -4.078951e+16 -1.906024e+16 -3.130886e+16  9.480656e+15 -1.224862e+16 -9.115861e+16  -7.740186e-01 -1.040018e-01     262     48    -56
-52.514304 -28.366814 19.118882 9.168735e+16 5.274906 -1.653920e+16 6.491739e+15 -5.187439e+16 -4.568467e+16 -2.032197e+16 -3.625333e+16  9.431346e+15 -1.593135e+16 -1.022600e+17  -5.919991e-01 -9.222911e-02     256     37    -51
-49.016484 -29.474454 21.509062 9.683244e+16 5.290714 -1.648733e+16 2.077597e+15 -4.954493e+16 -4.865082e+16 -2.565010e+16 -3.977391e+16  8.876910e+15 -1.412381e+16 -1.140748e+17  -6.285066e-01 -7.781656e-02     252     36    -56
-52.660279 -28.837245 18.502476 1.009259e+17 5.302702 -1.971307e+16 1.274673e+16 -5.310172e+16 -4.841940e+16 -2.658968e+16 -4.063054e+16  7.788855e+15 -1.404087e+16 -1.156396e+17  -5.547275e-01 -6.735455e-02     252     39    -53
-55.294971 -25.819459 18.885570 9.382142e+16 5.281568 -1.589343e+16 5.556932e+15 -5.852459e+16 -4.355481e+16 -2.276041e+16 -3.354070e+16  1.001411e+16 -1.078030e+16 -9.985592e+16  -9.289269e-01 -1.002856e-01     246     31    -50
-53.987686 -28.309906 17.702408 9.161827e+16 5.274688 -1.517914e+16 5.929717e+15 -5.136385e+16 -4.550173e+16 -2.165862e+16 -3.619471e+16  9.307016e+15 -1.453609e+16 -1.033551e+17  -6.402696e-01 -9.004897e-02     254     36    -52
-52.416291 -31.147959 16.435750 1.063430e+17 5.317839 -1.791666e+16 1.237936e+16 -5.162459e+16 -5.212990e+16 -2.769876e+16 -4.648150e+16  5.648398e+15 -1.878274e+16 -1.263102e+17  -3.007227e-01 -4.471848e-02     255     40    -55
-50.855775 -29.756016 19.388209 9.573127e+16 5.287403 -1.818508e+16 1.024891e+16 -4.866967e+16 -4.757328e+16 -2.403181e+16 -3.979937e+16  7.773910e+15 -1.576756e+16 -1.114045e+17  -4.930318e-01 -6.978095e-02     255     40    -54
-54.316320 -27.120410 18.563270 8.701563e+16 5.259765 -1.562094e+16 6.219946e+15 -5.186634e+16 -4.285800e+16 -1.865130e+16 -3.281121e+16  1.004679e+16 -1.415991e+16 -9.432051e+16  -7.095235e-01 -1.065175e-01     254     35    -49
-46.821285 -30.898480 22.280236 1.008186e+17 5.302394 -1.816780e+16 5.238388e+15 -4.663270e+16 -5.196997e+16 -2.667681e+16 -4.346146e+16  8.508509e+15 -1.678465e+16 -1.221082e+17  -5.069220e-01 -6.968006e-02     255     39    -58
-54.270888 -26.151400 19.577712 9.986229e+16 5.299634 -1.837346e+16 6.508824e+15 -6.385608e+16 -4.654831e+16 -2.062354e+16 -3.617424e+16  1.037407e+16 -1.555070e+16 -1.033461e+17  -6.671127e-01 -1.003818e-01     250     32    -47
-49.514963 -31.002435 19.482602 9.808903e+16 5.294447 -1.541996e+16 2.752300e+15 -4.832557e+16 -4.854522e+16 -2.629572e+16 -4.255282e+16  5.992397e+15 -1.625710e+16 -1.173938e+17  -3.686018e-01 -5.104528e-02     252     36    -57
-52.993862 -27.283904 19.722235 9.280083e+16 5.278401 -1.714687e+16 6.480008e+15 -5.367214e+16 -4.544245e+16 -2.188762e+16 -3.518123e+16  1.026122e+16 -1.329361e+16 -1.025113e+17  -7.718913e-01 -1.000985e-01     253     35    -51
-50.451502 -31.775305 17.773193 8.887407e+16 5.265883 -1.487443e+16 1.648447e+16 -3.713347e+16 -4.659345e+16 -2.193316e+16 -3.960441e+16  6.989049e+15 -1.767125e+16 -1.081310e+17  -3.955040e-01 -6.463500e-02     264     48    -59
-50.049873 -32.161051 17.789075 1.040650e+17 5.311570 -1.791024e+16 1.103131e+16 -4.870210e+16 -5.087160e+16 -2.717762e+16 -4.694709e+16  3.924506e+15 -1.976947e+16 -1.249963e+17  -1.985135e-01 -3.139698e-02     255     40    -56
-48.636204 -26.138770 25.225026 7.840838e+16 5.229608 -1.709909e+16 6.721395e+15 -4.102912e+16 -4.237401e+16 -1.863692e+16 -2.821722e+16  1.415679e+16 -9.580299e+15 -8.922815e+16  -1.477699e+00 -1.586584e-01     258     40    -54
-53.252696 -29.519666 17.227639 9.628047e+16 5.289059 -1.607480e+16 7.933991e+15 -5.094589e+16 -4.643867e+16 -2.539185e+16 -3.977132e+16  6.667351e+15 -1.437947e+16 -1.116018e+17  -4.636716e-01 -5.974230e-02     251     37    -54
-55.462433 -27.668689 16.868878 8.371363e+16 5.248564 -1.570669e+16 9.503352e+15 -4.916592e+16 -4.144222e+16 -1.670793e+16 -3.229700e+16  9.145220e+15 -1.558908e+16 -9.044716e+16  -5.866429e-01 -1.011112e-01     257     38    -48
-50.349226 -32.622023 17.028752 1.002077e+17 5.300634 -1.580446e+16 9.750505e+15 -4.458478e+16 -4.965822e+16 -2.713376e+16 -4.589365e+16  3.764569e+15 -1.875989e+16 -1.226856e+17  -2.006711e-01 -3.068468e-02     256     41    -58
-52.682586 -26.898329 20.419085 7.426261e+16 5.213880 -1.613492e+16 1.027256e+16 -4.136451e+16 -3.801314e+16 -1.567364e+16 -2.770781e+16  1.030534e+16 -1.203416e+16 -8.139460e+16  -8.563400e-01 -1.266096e-01     259     41    -50
-63.203555 -23.188136 13.608309 8.259665e+16 5.244675 -1.663897e+16 1.468244e+16 -5.264533e+16 -4.178767e+16 -1.383453e+16 -2.636323e+16  1.542444e+16 -1.252870e+16 -8.198543e+16  -1.231129e+00 -1.881363e-01     261     41    -45
-58.168776 -19.306034 22.525190 8.605289e+16 5.256544 -1.705705e+16 7.733246e+15 -6.510042e+16 -3.683476e+16 -1.406879e+16 -2.226116e+16  1.457360e+16 -8.192366e+15 -7.316471e+16  -1.778924e+00 -1.991889e-01     245     25    -41
-57.465276 -25.139927 17.394797 8.037467e+16 5.236779 -1.578909e+16 1.014049e+16 -4.819391e+16 -4.063801e+16 -1.676180e+16 -2.794923e+16  1.268878e+16 -1.118742e+16 -8.534904e+16  -1.134200e+00 -1.486693e-01     257     39    -48
-50.399387 -30.099504 19.501109 9.801138e+16 5.294218 -1.682686e+16 6.116817e+15 -4.899394e+16 -4.635592e+16 -2.900627e+16 -4.123444e+16  5.121480e+15 -1.222817e+16 -1.165966e+17  -4.188262e-01 -4.392477e-02     247     36    -57
-44.793601 -30.602493 24.603906 9.138327e+16 5.273944 -1.585952e+16 -1.114686e+15 -4.434623e+16 -4.791863e+16 -2.229547e+16 -3.890069e+16  9.017941e+15 -1.660522e+16 -1.091148e+17  -5.430786e-01 -8.264637e-02     256     37    -58
-52.340402 -29.004060 18.655538 9.118087e+16 5.273302 -1.506252e+16 4.732233e+15 -5.060613e+16 -4.679254e+16 -1.922045e+16 -3.692654e+16  9.866003e+15 -1.770609e+16 -1.029395e+17  -5.572096e-01 -9.584270e-02     258     37    -52
-54.649286 -28.582211 16.768503 9.246243e+16 5.277344 -1.905540e+16 1.857974e+16 -4.591687e+16 -4.465254e+16 -2.448714e+16 -3.693007e+16  7.722468e+15 -1.244293e+16 -1.060697e+17  -6.206309e-01 -7.280557e-02     256     44    -54
-53.767372 -26.000103 20.232525 7.887467e+16 5.231325 -1.420488e+16 5.054386e+15 -4.407718e+16 -4.145714e+16 -1.869660e+16 -2.837518e+16  1.308196e+16 -9.678588e+15 -8.852892e+16  -1.351639e+00 -1.477704e-01     257     38    -53
-56.622990 -28.374606 15.002404 9.357260e+16 5.280799 -1.712028e+16 1.477422e+16 -4.976286e+16 -4.533088e+16 -2.379172e+16 -3.713645e+16  8.194424e+15 -1.334473e+16 -1.062590e+17  -6.140569e-01 -7.711743e-02     255     40    -52
-56.613099 -29.307286 14.079615 9.427614e+16 5.282968 -1.478881e+16 1.048153e+16 -5.159243e+16 -4.378830e+16 -2.509631e+16 -3.874253e+16  5.045775e+15 -1.364622e+16 -1.076271e+17  -3.697562e-01 -4.688199e-02     248     35    -53
-53.433262 -28.353537 18.213201 9.178398e+16 5.275211 -1.450747e+16 4.092138e+15 -5.012092e+16 -4.481312e+16 -2.451808e+16 -3.630332e+16  8.509801e+15 -1.178524e+16 -1.056345e+17  -7.220725e-01 -8.055890e-02     250     35    -55
-67.570244 -21.929107 10.500648 8.308023e+16 5.246365 -1.812160e+16 2.025336e+16 -5.470591e+16 -3.784793e+16 -1.514668e+16 -2.497784e+16  1.287009e+16 -9.831162e+15 -7.797245e+16  -1.309111e+00 -1.650594e-01     253     37    -42
-51.153430 -31.778826 17.067744 9.591215e+16 5.287949 -1.615229e+16 1.312466e+16 -4.303519e+16 -4.846355e+16 -2.484296e+16 -4.277144e+16  5.692115e+15 -1.792848e+16 -1.160779e+17  -3.174902e-01 -4.903700e-02     259     43    -57
-60.830385 -27.296522 11.873093 8.521020e+16 5.253694 -1.221651e+16 9.652629e+15 -4.916622e+16 -4.361498e+16 -1.804884e+16 -3.251479e+16  1.110018e+16 -1.446596e+16 -9.417861e+16  -7.673313e-01 -1.178631e-01     260     39    -51
-53.480335 -26.766352 19.753312 9.659315e+16 5.289998 -1.662081e+16 4.439340e+15 -6.002897e+16 -4.484861e+16 -2.220764e+16 -3.587239e+16  8.976217e+15 -1.366475e+16 -1.029286e+17  -6.568885e-01 -8.720817e-02     248     31    -50
-50.530513 -30.607629 18.861858 9.498663e+16 5.285142 -1.578215e+16 5.010143e+15 -4.945855e+16 -4.642649e+16 -2.371544e+16 -4.068800e+16  5.738496e+15 -1.697256e+16 -1.108299e+17  -3.381044e-01 -5.177750e-02     253     36    -54
-54.219695 -27.036391 18.743914 7.878878e+16 5.231010 -1.596809e+16 1.179465e+16 -4.367877e+16 -4.179588e+16 -1.489096e+16 -2.960547e+16  1.219042e+16 -1.471451e+16 -8.629231e+16  -8.284622e-01 -1.412689e-01     264     44    -50
-60.783595 -25.492475 13.723930 7.676875e+16 5.223490 -1.484691e+16 1.359207e+16 -4.553135e+16 -3.768144e+16 -1.640617e+16 -2.717720e+16  1.050424e+16 -1.077104e+16 -8.126480e+16  -9.752299e-01 -1.292593e-01     257     40    -48
-51.390261 -31.215148 17.394591 9.759442e+16 5.292983 -1.505916e+16 7.518435e+15 -4.457478e+16 -4.918611e+16 -2.739470e+16 -4.271824e+16  6.467863e+15 -1.532354e+16 -1.192991e+17  -4.220867e-01 -5.421554e-02     254     40    -59
-49.608288 -32.242385 18.149327 1.021486e+17 5.306188 -1.749646e+16 1.864840e+16 -4.025357e+16 -5.246548e+16 -2.758048e+16 -4.618625e+16  6.279231e+15 -1.860577e+16 -1.262322e+17  -3.374883e-01 -4.974349e-02     261     47    -61
-48.570458 -32.454022 18.975520 1.037429e+17 5.310672 -1.688868e+16 8.683116e+15 -4.521936e+16 -5.281149e+16 -2.768600e+16 -4.718382e+16  5.627673e+15 -1.949782e+16 -1.276813e+17  -2.886309e-01 -4.407594e-02     257     41    -59
-53.538509 -30.867814 15.593677 9.714164e+16 5.291637 -1.595333e+16 1.214720e+16 -4.742726e+16 -4.824787e+16 -2.467555e+16 -4.209360e+16  6.154277e+15 -1.741804e+16 -1.150170e+17  -3.533277e-01 -5.350753e-02     257     41    -55
-50.675584 -31.510916 17.813500 1.007807e+17 5.302285 -1.643388e+16 8.935306e+15 -4.695550e+16 -5.055020e+16 -2.679834e+16 -4.452622e+16  6.023983e+15 -1.772788e+16 -1.218748e+17  -3.398028e-01 -4.942765e-02     256     40    -57
-61.239511 -25.949900 12.810589 8.132362e+16 5.240178 -1.333082e+16 1.165628e+16 -4.661833e+16 -4.100139e+16 -1.914951e+16 -2.936787e+16  1.163352e+16 -1.021836e+16 -8.951877e+16  -1.138492e+00 -1.299562e-01     257     40    -51
-47.372293 -30.323225 22.304482 8.994780e+16 5.269360 -1.583915e+16 6.698642e+15 -4.027890e+16 -4.897883e+16 -2.246034e+16 -3.802624e+16  1.095259e+16 -1.556590e+16 -1.094654e+17  -7.036271e-01 -1.000552e-01     260     42    -59
-58.899372 -22.171952 18.928676 7.688788e+16 5.223939 -1.584050e+16 8.211695e+15 -5.232014e+16 -3.692611e+16 -1.349847e+16 -2.326376e+16  1.366235e+16 -9.765286e+15 -7.368834e+16  -1.399073e+00 -1.854072e-01     253     33    -43
-51.859491 -24.464570 23.675939 9.011519e+16 5.269899 -1.736631e+16 2.064312e+15 -5.982827e+16 -4.254716e+16 -1.754168e+16 -3.023414e+16  1.231301e+16 -1.269247e+16 -9.032298e+16  -9.701040e-01 -1.363220e-01     251     31    -47
-56.281611 -25.971656 17.746733 8.900012e+16 5.266294 -1.792847e+16 1.183851e+16 -5.229581e+16 -4.466655e+16 -1.874264e+16 -3.205239e+16  1.261416e+16 -1.330975e+16 -9.546158e+16  -9.477379e-01 -1.321386e-01     257     39    -49
-53.989226 -30.112283 15.898491 9.680973e+16 5.290646 -1.541378e+16 8.438366e+15 -5.155618e+16 -4.803620e+16 -2.255022e+16 -4.087443e+16  7.161773e+15 -1.832421e+16 -1.114608e+17  -3.908366e-01 -6.425371e-02     256     38    -53
-57.867972 -25.951261 16.180767 9.099197e+16 5.272702 -1.660003e+16 1.177098e+16 -5.454234e+16 -4.173002e+16 -2.354611e+16 -3.278376e+16  8.946266e+15 -9.237648e+15 -9.805989e+16  -9.684571e-01 -9.123268e-02     246     34    -50
-60.889316 -23.382759 15.727926 8.245443e+16 5.244176 -1.558727e+16 9.868312e+15 -5.435864e+16 -4.051803e+16 -1.462845e+16 -2.652178e+16  1.399625e+16 -1.189334e+16 -8.166826e+16  -1.176814e+00 -1.713793e-01     255     35    -45
-47.367199 -29.191490 23.441310 9.001641e+16 5.269581 -1.735889e+16 6.346982e+15 -4.096753e+16 -4.729023e+16 -2.539251e+16 -3.652431e+16  1.076592e+16 -1.113180e+16 -1.092070e+17  -9.671322e-01 -9.858268e-02     254     40    -59
-54.369965 -29.376092 16.253943 8.861601e+16 5.265041 -1.529196e+16 1.126255e+16 -4.554090e+16 -4.494742e+16 -2.123341e+16 -3.644740e+16  8.500025e+15 -1.521399e+16 -1.026282e+17  -5.586978e-01 -8.282346e-02     259     41    -54
-58.592183 -28.709697 12.698121 9.510962e+16 5.285516 -1.853390e+16 2.419526e+16 -4.819563e+16 -4.576326e+16 -2.212350e+16 -3.827912e+16  7.484137e+15 -1.615562e+16 -1.061659e+17  -4.632528e-01 -7.049474e-02     263     49    -53
-52.990202 -24.732375 22.277423 7.693087e+16 5.224100 -1.448941e+16 3.849474e+15 -4.276000e+16 -3.974258e+16 -2.079999e+16 -2.615877e+16  1.358381e+16 -5.358786e+15 -8.670135e+16  -2.534867e+00 -1.566736e-01     252     36    -55
-58.085353 -28.368581 13.546066 8.784475e+16 5.262511 -1.535113e+16 1.268848e+16 -5.076258e+16 -4.377245e+16 -1.658620e+16 -3.489085e+16  8.881598e+15 -1.830465e+16 -9.524950e+16  -4.852100e-01 -9.324561e-02     261     41    -49
-46.577663 -31.474716 21.947620 9.149470e+16 5.274297 -1.623220e+16 5.778560e+15 -4.108010e+16 -4.773866e+16 -2.358450e+16 -4.021382e+16  7.524835e+15 -1.662932e+16 -1.115370e+17  -4.525041e-01 -6.746493e-02     257     40    -58
-52.776569 -24.921414 22.302017 8.737215e+16 5.260949 -1.775330e+16 5.487439e+15 -5.351583e+16 -4.362927e+16 -1.881770e+16 -2.995591e+16  1.367336e+16 -1.113821e+16 -9.240288e+16  -1.227608e+00 -1.479754e-01     254     35    -49
-52.623905 -26.159832 21.216263 9.329704e+16 5.279945 -1.683966e+16 3.550767e+15 -5.622119e+16 -4.521756e+16 -2.216722e+16 -3.375374e+16  1.146381e+16 -1.158652e+16 -1.011385e+17  -9.894093e-01 -1.133477e-01     250     33    -51
-47.536990 -32.857221 19.605788 9.476799e+16 5.284474 -1.605973e+16 1.151557e+16 -3.908515e+16 -4.917366e+16 -2.435855e+16 -4.361661e+16  5.557043e+15 -1.925806e+16 -1.171488e+17  -2.885567e-01 -4.743576e-02     260     44    -60
-60.705363 -20.470368 18.824268 7.391127e+16 5.212507 -1.491884e+16 7.694177e+15 -5.058674e+16 -3.636519e+16 -1.346357e+16 -2.047414e+16  1.589105e+16 -7.010571e+15 -7.030290e+16  -2.266727e+00 -2.260370e-01     253     33    -44
-50.778596 -33.188845 16.032559 1.138510e+17 5.337591 -1.760067e+16 1.445858e+16 -4.687564e+16 -5.592992e+16 -3.262260e+16 -5.309686e+16  2.833062e+15 -2.047427e+16 -1.416494e+17  -1.383719e-01 -2.000053e-02     256     43    -60
-53.228765 -25.909405 20.861830 7.949458e+16 5.233592 -1.481431e+16 6.456548e+15 -4.372009e+16 -4.331525e+16 -1.737566e+16 -2.847262e+16  1.484264e+16 -1.109695e+16 -8.916353e+16  -1.337542e+00 -1.664653e-01     260     40    -53
-53.806250 -23.267704 22.926046 7.480026e+16 5.215969 -1.305185e+16 -2.028178e+14 -4.769744e+16 -3.844300e+16 -1.532480e+16 -2.377388e+16  1.466912e+16 -8.449076e+15 -7.754168e+16  -1.736181e+00 -1.891772e-01     255     32    -49
-53.675556 -28.190712 18.133732 9.471225e+16 5.284304 -1.695670e+16 8.384995e+15 -5.306118e+16 -4.503536e+16 -2.434608e+16 -3.723559e+16  7.799764e+15 -1.288952e+16 -1.066170e+17  -6.051246e-01 -7.315683e-02     250     35    -52
-57.878196 -25.346673 16.775131 9.059316e+16 5.271430 -1.580311e+16 7.960605e+15 -6.039111e+16 -4.170128e+16 -1.690851e+16 -3.180066e+16  9.900616e+15 -1.489215e+16 -9.041046e+16  -6.648210e-01 -1.095074e-01     249     30    -45
-56.408466 -27.733008 15.858526 9.478805e+16 5.284536 -1.715048e+16 1.270843e+16 -5.182976e+16 -4.591658e+16 -2.439504e+16 -3.668988e+16  9.226702e+15 -1.229484e+16 -1.070015e+17  -7.504532e-01 -8.622966e-02     253     38    -52
-50.372916 -22.492994 27.134090 7.854121e+16 5.230098 -1.841840e+16 4.555264e+15 -4.917245e+16 -3.895351e+16 -1.785352e+16 -2.393358e+16  1.501993e+16 -6.080063e+15 -8.074060e+16  -2.470358e+00 -1.860270e-01     253     35    -49
-47.153382 -27.646615 25.200003 8.145567e+16 5.240648 -1.460448e+16 -2.188472e+15 -4.602510e+16 -4.106313e+16 -1.921659e+16 -3.113503e+16  9.928106e+15 -1.191844e+16 -9.141475e+16  -8.330040e-01 -1.086051e-01     253     33    -54
-54.670211 -27.143734 18.186055 8.359674e+16 5.248160 -1.553344e+16 1.043560e+16 -4.523024e+16 -4.428786e+16 -1.819437e+16 -3.156171e+16  1.272614e+16 -1.336735e+16 -9.404394e+16  -9.520320e-01 -1.353212e-01     261     42    -52
-47.590120 -31.322628 21.087252 9.629722e+16 5.289109 -1.697507e+16 5.445712e+15 -4.561543e+16 -4.871574e+16 -2.493090e+16 -4.215273e+16  6.563002e+15 -1.722183e+16 -1.157994e+17  -3.810861e-01 -5.667563e-02     255     39    -57
-49.262882 -32.685574 18.051544 1.025313e+17 5.307271 -1.622833e+16 6.219775e+15 -4.781789e+16 -4.919555e+16 -2.826238e+16 -4.700864e+16  2.186918e+15 -1.874626e+16 -1.244666e+17  -1.166589e-01 -1.757033e-02     252     38    -58
-51.241756 -27.185472 21.572772 7.685018e+16 5.223797 -1.663897e+16 1.192075e+16 -3.878547e+16 -4.047893e+16 -1.842617e+16 -2.896824e+16  1.151069e+16 -1.054207e+16 -8.787335e+16  -1.091881e+00 -1.309918e-01     260     43    -54
-45.801984 -33.433235 20.764781 1.067254e+17 5.318879 -1.811301e+16 1.055667e+16 -4.094970e+16 -5.489567e+16 -2.977824e+16 -4.992622e+16  4.969451e+15 -2.014798e+16 -1.346001e+17  -2.466476e-01 -3.692010e-02     257     43    -62
-52.933017 -28.663588 18.403395 1.021714e+17 5.306253 -1.981281e+16 1.287003e+16 -5.369682e+16 -4.955883e+16 -2.669316e+16 -4.087363e+16  8.685203e+15 -1.418047e+16 -1.171256e+17  -6.124763e-01 -7.415289e-02     253     39    -53
-54.727866 -29.685140 15.586994 9.125771e+16 5.273546 -1.642080e+16 1.496111e+16 -4.517355e+16 -4.528735e+16 -2.310841e+16 -3.796825e+16  7.319100e+15 -1.485984e+16 -1.063640e+17  -4.925422e-01 -6.881181e-02     258     43    -54
-51.373333 -32.446573 16.180094 1.025082e+17 5.307206 -1.691736e+16 1.481262e+16 -4.248359e+16 -4.931796e+16 -3.100544e+16 -4.672427e+16  2.593689e+15 -1.571883e+16 -1.270477e+17  -1.650052e-01 -2.041509e-02     253     43    -60
-47.977144 -33.089492 18.933364 1.051391e+17 5.314543 -1.705398e+16 9.506967e+15 -4.151405e+16 -5.230246e+16 -3.156297e+16 -4.876475e+16  3.537711e+15 -1.720178e+16 -1.326302e+17  -2.056596e-01 -2.667350e-02     253     41    -62
-51.013637 -28.308379 20.677984 8.868039e+16 5.265252 -1.737623e+16 7.066776e+15 -4.971491e+16 -4.356350e+16 -2.048813e+16 -3.493508e+16  8.628417e+15 -1.444695e+16 -9.898671e+16  -5.972482e-01 -8.716743e-02     254     37    -51
-49.158137 -29.642121 21.199742 1.029735e+17 5.308517 -1.853838e+16 4.750756e+15 -5.610278e+16 -4.723174e+16 -2.833914e+16 -4.256240e+16  4.669340e+15 -1.422326e+16 -1.181333e+17  -3.282891e-01 -3.952603e-02     247     34    -55
-52.581450 -30.120441 17.298108 9.546977e+16 5.286611 -1.698827e+16 1.104257e+16 -4.818882e+16 -4.682844e+16 -2.458673e+16 -4.027411e+16  6.554337e+15 -1.568737e+16 -1.116893e+17  -4.178098e-01 -5.868367e-02     255     40    -54
-63.718296 -26.902959 9.378744 8.696832e+16 5.259607 -1.617084e+16 2.050227e+16 -4.975094e+16 -4.087773e+16 -1.890471e+16 -3.271426e+16  8.163469e+15 -1.380955e+16 -9.249671e+16  -5.911465e-01 -8.825686e-02     259     44    -49
-55.680323 -29.191644 15.128033 9.273912e+16 5.278209 -1.763449e+16 1.537614e+16 -4.954676e+16 -4.404845e+16 -2.253709e+16 -3.792407e+16  6.124380e+15 -1.538698e+16 -1.045096e+17  -3.980236e-01 -5.860112e-02     255     41    -51
-53.873428 -30.869860 15.256711 9.943010e+16 5.298379 -1.582497e+16 9.508026e+15 -5.242185e+16 -4.671383e+16 -2.537205e+16 -4.309923e+16  3.614596e+15 -1.772718e+16 -1.151851e+17  -2.039013e-01 -3.138076e-02     251     37    -53
-49.464784 -29.322552 21.212664 9.415262e+16 5.282588 -1.669041e+16 3.540869e+15 -5.057745e+16 -4.755744e+16 -2.203268e+16 -3.847564e+16  9.081799e+15 -1.644296e+16 -1.080658e+17  -5.523215e-01 -8.403956e-02     255     36    -53
-49.083466 -31.772275 19.144260 1.063255e+17 5.317792 -1.648539e+16 2.697960e+15 -5.323888e+16 -4.952271e+16 -2.995481e+16 -4.731771e+16  2.205000e+15 -1.736290e+16 -1.267952e+17  -1.269949e-01 -1.739024e-02     247     34    -58
-49.583460 -26.332791 24.083749 8.461752e+16 5.251674 -1.807397e+16 7.717144e+15 -4.443723e+16 -4.520217e+16 -2.040677e+16 -3.073686e+16  1.446531e+16 -1.033009e+16 -9.634580e+16  -1.400309e+00 -1.501395e-01     258     40    -54
-43.051841 -29.149118 27.799041 1.027256e+17 5.307819 -1.727864e+16 -9.437550e+15 -5.802612e+16 -4.832767e+16 -2.559485e+16 -4.139478e+16  6.932886e+15 -1.579993e+16 -1.153173e+17  -4.387921e-01 -6.012008e-02     248     30    -56
-57.392062 -27.377768 15.230170 9.106464e+16 5.272933 -1.587326e+16 1.053630e+16 -5.351324e+16 -4.364619e+16 -2.086956e+16 -3.478239e+16  8.863799e+15 -1.391283e+16 -9.929815e+16  -6.370951e-01 -8.926449e-02     252     36    -50
-54.317354 -27.759333 17.923313 8.398537e+16 5.249502 -1.730918e+16 1.608107e+16 -4.320312e+16 -4.336334e+16 -1.875968e+16 -3.248627e+16  1.087707e+16 -1.372660e+16 -9.460929e+16  -7.924082e-01 -1.149683e-01     262     46    -53
-56.630004 -26.903123 16.466873 9.330387e+16 5.279966 -1.617060e+16 9.241250e+15 -5.374580e+16 -4.647483e+16 -2.169371e+16 -3.494161e+16  1.153322e+16 -1.324790e+16 -1.031101e+17  -8.705692e-01 -1.118534e-01     254     37    -51
-53.284988 -26.339525 20.375487 8.274666e+16 5.245200 -1.399737e+16 5.004131e+15 -4.652903e+16 -4.648097e+16 -1.515358e+16 -3.018418e+16  1.629679e+16 -1.503060e+16 -9.181873e+16  -1.084241e+00 -1.774887e-01     265     41    -51
-46.112125 -34.122040 19.765835 9.565334e+16 5.287167 -1.541244e+16 1.489536e+16 -3.007229e+16 -4.899619e+16 -2.890173e+16 -4.570772e+16  3.288465e+15 -1.680599e+16 -1.236056e+17  -1.956721e-01 -2.660449e-02     257     46    -66
-55.457492 -25.628854 18.913654 8.464992e+16 5.251784 -1.512276e+16 5.524874e+15 -5.127690e+16 -4.302525e+16 -1.769168e+16 -3.001900e+16  1.300625e+16 -1.232732e+16 -9.073593e+16  -1.055076e+00 -1.433418e-01     256     36    -49
-52.507803 -28.473609 19.018588 8.400009e+16 5.249553 -1.353979e+16 3.293245e+15 -4.693174e+16 -4.378422e+16 -1.751819e+16 -3.334956e+16  1.043465e+16 -1.583137e+16 -9.465197e+16  -6.591125e-01 -1.102423e-01     259     37    -52
-48.785322 -32.880757 18.333921 1.000590e+17 5.300204 -1.495760e+16 1.229412e+16 -3.839713e+16 -5.283410e+16 -2.720864e+16 -4.613964e+16  6.694452e+15 -1.893101e+16 -1.261824e+17  -3.536237e-01 -5.305378e-02     261     45    -62
-56.609943 -26.830654 16.559403 9.420255e+16 5.282742 -1.588809e+16 8.444122e+15 -5.395211e+16 -4.690083e+16 -2.274531e+16 -3.517335e+16  1.172748e+16 -1.242804e+16 -1.048195e+17  -9.436310e-01 -1.118827e-01     253     36    -52
-48.118585 -31.586501 20.294914 9.088366e+16 5.272357 -1.402927e+16 3.461778e+15 -4.135132e+16 -4.803791e+16 -2.279178e+16 -4.015909e+16  7.878827e+15 -1.736731e+16 -1.109888e+17  -4.536584e-01 -7.098760e-02     258     40    -59
-53.870319 -30.598523 15.531158 9.838632e+16 5.295323 -1.744645e+16 1.423810e+16 -4.917190e+16 -4.479642e+16 -2.831931e+16 -4.224993e+16  2.546497e+15 -1.393062e+16 -1.153657e+17  -1.827985e-01 -2.207327e-02     249     38    -54
-47.620520 -31.752782 20.626699 9.694403e+16 5.291047 -1.718022e+16 7.146655e+15 -4.550050e+16 -4.939527e+16 -2.399831e+16 -4.305345e+16  6.341815e+15 -1.905514e+16 -1.164470e+17  -3.328138e-01 -5.446094e-02     257     40    -57
-65.561536 -22.385905 12.052559 7.367981e+16 5.211599 -1.394905e+16 1.424847e+16 -4.586379e+16 -3.796697e+16 -1.384077e+16 -2.264335e+16  1.532361e+16 -8.802582e+15 -7.445109e+16  -1.740809e+00 -2.058212e-01     262     43    -47
-48.160579 -26.592619 25.246802 7.703919e+16 5.224508 -1.582036e+16 5.135716e+15 -3.980890e+16 -4.277196e+16 -1.740870e+16 -2.824324e+16  1.452872e+16 -1.083454e+16 -8.842391e+16  -1.340963e+00 -1.643076e-01     260     40    -54
-49.938999 -27.247209 22.813792 8.304697e+16 5.246249 -1.641438e+16 5.863427e+15 -4.321086e+16 -4.344163e+16 -2.114227e+16 -3.133883e+16  1.210280e+16 -1.019657e+16 -9.592274e+16  -1.186948e+00 -1.261724e-01     256     39    -55
-54.026911 -26.492988 19.480101 8.787663e+16 5.262616 -1.581579e+16 5.135071e+15 -5.371936e+16 -4.260947e+16 -1.912913e+16 -3.228468e+16  1.032479e+16 -1.315555e+16 -9.402329e+16  -7.848238e-01 -1.098110e-01     252     34    -49
-47.768521 -29.655090 22.576389 8.146954e+16 5.240697 -1.668006e+16 1.096601e+16 -3.716646e+16 -4.317829e+16 -2.038330e+16 -3.364028e+16  9.538018e+15 -1.325697e+16 -9.720187e+16  -7.194719e-01 -9.812587e-02     259     44    -57
-59.678575 -25.724964 14.596462 8.078372e+16 5.238249 -1.671337e+16 1.584781e+16 -4.677117e+16 -3.830671e+16 -1.902609e+16 -2.886467e+16  9.442040e+15 -9.838581e+15 -8.619747e+16  -9.596952e-01 -1.095396e-01     254     40    -49
-51.467372 -27.669355 20.863273 8.169115e+16 5.241483 -1.682682e+16 1.114921e+16 -4.312838e+16 -4.377687e+16 -1.670476e+16 -3.140272e+16  1.237415e+16 -1.469796e+16 -9.188434e+16  -8.418957e-01 -1.346709e-01     263     43    -52
-57.191478 -25.168857 17.639665 7.783047e+16 5.227466 -1.702687e+16 1.341110e+16 -4.578804e+16 -3.659676e+16 -1.892713e+16 -2.709286e+16  9.503901e+15 -8.165726e+15 -8.261676e+16  -1.163877e+00 -1.150360e-01     252     38    -48
-55.045857 -28.591179 16.362964 9.008532e+16 5.269803 -1.749320e+16 1.631087e+16 -4.585316e+16 -4.512949e+16 -2.180660e+16 -3.600441e+16  9.125081e+15 -1.419780e+16 -1.029405e+17  -6.427107e-01 -8.864423e-02     259     44    -53
-46.419235 -31.581063 21.999702 9.016282e+16 5.270052 -1.643561e+16 8.263539e+15 -3.714577e+16 -4.688942e+16 -2.544750e+16 -3.976347e+16  7.125950e+15 -1.431597e+16 -1.121004e+17  -4.977623e-01 -6.356758e-02     256     42    -61
-61.256540 -24.871525 13.871935 8.954462e+16 5.268060 -1.705163e+16 1.433652e+16 -5.521178e+16 -4.358824e+16 -1.846016e+16 -3.085715e+16  1.273108e+16 -1.239699e+16 -9.290555e+16  -1.026949e+00 -1.370325e-01     255     38    -47
-56.409464 -27.838266 15.752270 9.285742e+16 5.278578 -1.463877e+16 6.630002e+15 -5.634819e+16 -4.403095e+16 -2.018912e+16 -3.609119e+16  7.939754e+15 -1.590207e+16 -1.003113e+17  -4.992906e-01 -7.915117e-02     251     33    -49
-52.896578 -31.606628 15.496794 9.647964e+16 5.289657 -1.608218e+16 1.933100e+16 -3.791618e+16 -4.740309e+16 -2.921513e+16 -4.283998e+16  4.563106e+15 -1.362485e+16 -1.194582e+17  -3.349105e-01 -3.819835e-02     257     47    -61
-59.284882 -26.489649 14.225469 9.175871e+16 5.275132 -1.514189e+16 9.060177e+15 -5.937173e+16 -4.338745e+16 -1.641970e+16 -3.385075e+16  9.536702e+15 -1.743105e+16 -9.365789e+16  -5.471101e-01 -1.018249e-01     252     33    -45
-49.527546 -31.167656 19.304797 1.029371e+17 5.308415 -1.653131e+16 6.218832e+15 -4.529864e+16 -5.213590e+16 -3.021960e+16 -4.490891e+16  7.226991e+15 -1.468931e+16 -1.272644e+17  -4.919899e-01 -5.678721e-02     253     39    -60
-48.958499 -31.760465 19.281036 9.602300e+16 5.288284 -1.646158e+16 9.457057e+15 -4.071489e+16 -4.810819e+16 -2.819665e+16 -4.271109e+16  5.397099e+15 -1.451444e+16 -1.190159e+17  -3.718435e-01 -4.534770e-02     253     41    -60
-53.895991 -28.365730 17.738280 9.734814e+16 5.292252 -1.485847e+16 3.721505e+15 -5.795915e+16 -4.524980e+16 -2.341185e+16 -3.853770e+16  6.712091e+15 -1.512585e+16 -1.071994e+17  -4.437497e-01 -6.261317e-02     247     31    -52
-51.639322 -23.787606 24.573072 7.851994e+16 5.230020 -1.460685e+16 -5.554752e+14 -5.155147e+16 -3.918475e+16 -1.454752e+16 -2.552179e+16  1.366295e+16 -1.097428e+16 -7.925406e+16  -1.244998e+00 -1.723944e-01     255     31    -47
-56.720804 -26.597598 16.681598 8.564725e+16 5.255176 -1.632459e+16 1.060588e+16 -5.092248e+16 -4.133902e+16 -1.903642e+16 -3.167679e+16  9.662224e+15 -1.264037e+16 -9.205223e+16  -7.643939e-01 -1.049646e-01     254     37    -49
-49.922346 -35.104263 14.973392 1.109582e+17 5.330140 -1.433889e+16 8.181189e+15 -4.107405e+16 -5.253833e+16 -3.527007e+16 -5.474074e+16  -2.202417e+15 -1.947067e+16 -1.425491e+17  1.131146e-01 1.545023e-02     250     40    -64
-62.475458 -21.988509 15.536033 7.519941e+16 5.217510 -1.579478e+16 1.167384e+16 -4.994155e+16 -3.797171e+16 -1.146182e+16 -2.260665e+16  1.536506e+16 -1.114483e+16 -7.204018e+16  -1.378671e+00 -2.132846e-01     260     38    -43
-49.520634 -30.036128 20.443239 9.573641e+16 5.287418 -1.592304e+16 4.128061e+15 -4.579679e+16 -4.903091e+16 -2.624115e+16 -4.015200e+16  8.878915e+15 -1.391085e+16 -1.154241e+17  -6.382727e-01 -7.692430e-02     254     38    -58
-53.198160 -29.796035 17.005805 9.799543e+16 5.294171 -1.374120e+16 2.324387e+15 -5.323884e+16 -4.925602e+16 -2.278044e+16 -4.088462e+16  8.371407e+15 -1.810418e+16 -1.129211e+17  -4.624019e-01 -7.413503e-02     255     35    -54
-50.185833 -28.062945 21.751222 8.076631e+16 5.238187 -1.452650e+16 4.654157e+15 -4.231945e+16 -4.379505e+16 -1.777225e+16 -3.148952e+16  1.230553e+16 -1.371727e+16 -9.305682e+16  -8.970834e-01 -1.322368e-01     260     40    -54
-51.078148 -26.591616 22.330235 8.089172e+16 5.238636 -1.527843e+16 2.713100e+15 -4.827475e+16 -4.099466e+16 -1.670449e+16 -2.975266e+16  1.124201e+16 -1.304817e+16 -8.745181e+16  -8.615775e-01 -1.285509e-01     256     35    -50
-66.134995 -25.807046 8.057958 8.091963e+16 5.238736 -1.588268e+16 2.217120e+16 -4.768855e+16 -3.824487e+16 -1.495417e+16 -2.911757e+16  9.127304e+15 -1.416339e+16 -8.231661e+16  -6.444293e-01 -1.108805e-01     266     49    -48
-61.696408 -21.486423 16.817169 8.251354e+16 5.244383 -1.700819e+16 1.134604e+16 -5.450742e+16 -4.139547e+16 -1.478340e+16 -2.415663e+16  1.723884e+16 -9.373236e+15 -8.033550e+16  -1.839156e+00 -2.145856e-01     257     37    -45
-50.128497 -31.435106 18.436397 1.026280e+17 5.307544 -1.650186e+16 5.641362e+15 -4.997367e+16 -4.906986e+16 -2.894239e+16 -4.520542e+16  3.864438e+15 -1.626304e+16 -1.232177e+17  -2.376209e-01 -3.136269e-02     250     36    -57
-59.798882 -25.570607 14.630512 8.793637e+16 5.262812 -1.418392e+16 9.017513e+15 -5.721177e+16 -4.036795e+16 -1.846025e+16 -3.121502e+16  9.152925e+15 -1.275478e+16 -9.004322e+16  -7.176077e-01 -1.016504e-01     246     30    -47
-49.976544 -31.596956 18.426500 9.637947e+16 5.289356 -1.878280e+16 1.736544e+16 -4.149632e+16 -4.685915e+16 -2.690736e+16 -4.267758e+16  4.181570e+15 -1.577021e+16 -1.164441e+17  -2.651562e-01 -3.591054e-02     256     45    -57
-48.871213 -30.740366 20.388422 9.209558e+16 5.276193 -1.712616e+16 1.301940e+16 -3.863331e+16 -4.784215e+16 -2.568802e+16 -3.956882e+16  8.273326e+15 -1.388081e+16 -1.130990e+17  -5.960263e-01 -7.315119e-02     257     44    -60
-53.284731 -29.329279 17.385989 8.559353e+16 5.254994 -1.658991e+16 1.374825e+16 -4.231825e+16 -4.200244e+16 -2.257274e+16 -3.511253e+16  6.889907e+15 -1.253979e+16 -9.968771e+16  -5.494436e-01 -6.911491e-02     256     42    -54
-58.309939 -26.395700 15.294361 9.050630e+16 5.271153 -1.618658e+16 1.114850e+16 -5.363505e+16 -4.547936e+16 -1.873560e+16 -3.323551e+16  1.224386e+16 -1.449990e+16 -9.745047e+16  -8.444097e-01 -1.256419e-01     258     39    -49
-46.194874 -32.029404 21.775723 1.039917e+17 5.311366 -1.849847e+16 3.111922e+15 -5.257189e+16 -4.980198e+16 -2.598785e+16 -4.653847e+16  3.263514e+15 -2.055062e+16 -1.223283e+17  -1.588037e-01 -2.667832e-02     252     36    -55
-44.785827 -32.199139 23.015034 9.428983e+16 5.283010 -1.573095e+16 4.386231e+15 -3.718109e+16 -5.072433e+16 -2.581694e+16 -4.236678e+16  8.357554e+15 -1.654984e+16 -1.189081e+17  -5.049931e-01 -7.028585e-02     257     41    -62
-51.427374 -28.354296 20.218330 7.980840e+16 5.234732 -1.549085e+16 1.346919e+16 -3.775349e+16 -4.332725e+16 -1.865450e+16 -3.150851e+16  1.181874e+16 -1.285401e+16 -9.349026e+16  -9.194596e-01 -1.264168e-01     263     46    -56
-53.780571 -23.732558 22.486871 7.794053e+16 5.227876 -1.748890e+16 8.875986e+15 -4.659926e+16 -4.163752e+16 -1.462300e+16 -2.532732e+16  1.631021e+16 -1.070432e+16 -8.158785e+16  -1.523704e+00 -1.999098e-01     261     40    -48
-53.802575 -25.569221 20.628203 7.649998e+16 5.222474 -1.667425e+16 1.046447e+16 -4.292341e+16 -3.896994e+16 -1.777707e+16 -2.701654e+16  1.195340e+16 -9.239465e+15 -8.376355e+16  -1.293733e+00 -1.427040e-01     257     40    -51
-50.445370 -28.679275 20.875355 7.910124e+16 5.232156 -1.781605e+16 1.302692e+16 -4.019785e+16 -3.884744e+16 -1.963351e+16 -3.158815e+16  7.259286e+15 -1.195464e+16 -9.006910e+16  -6.072356e-01 -8.059684e-02     256     42    -53
-49.578715 -32.576529 17.844756 1.021827e+17 5.306285 -1.442017e+16 1.843142e+15 -4.877593e+16 -4.916969e+16 -2.801143e+16 -4.669946e+16  2.470227e+15 -1.868804e+16 -1.238806e+17  -1.321822e-01 -1.994039e-02     251     36    -58
-55.305699 -26.765694 17.928608 9.009461e+16 5.269833 -1.591708e+16 9.414619e+15 -4.824261e+16 -4.713157e+16 -2.222636e+16 -3.351360e+16  1.361797e+16 -1.128723e+16 -1.028715e+17  -1.206493e+00 -1.323785e-01     257     40    -54
-57.559009 -20.182667 22.258324 7.559851e+16 5.219042 -1.666420e+16 6.907029e+15 -5.137436e+16 -3.731478e+16 -1.409467e+16 -2.054939e+16  1.676539e+16 -6.454718e+15 -7.195883e+16  -2.597385e+00 -2.329858e-01     254     34    -44
-48.325301 -28.840732 22.833967 9.383129e+16 5.281598 -1.747134e+16 2.335537e+15 -5.224123e+16 -4.612814e+16 -2.217109e+16 -3.761550e+16  8.512634e+15 -1.544442e+16 -1.059147e+17  -5.511787e-01 -8.037253e-02     253     35    -53
-54.524355 -28.638701 16.836943 9.173967e+16 5.275071 -1.624595e+16 1.075569e+16 -4.864187e+16 -4.618607e+16 -2.216789e+16 -3.671606e+16  9.470017e+15 -1.454817e+16 -1.050700e+17  -6.509423e-01 -9.013054e-02     257     40    -53
-55.925480 -22.197304 21.877215 7.855226e+16 5.230139 -1.434870e+16 2.684086e+15 -5.375469e+16 -3.766187e+16 -1.521686e+16 -2.373095e+16  1.393091e+16 -8.514094e+15 -7.660968e+16  -1.636218e+00 -1.818427e-01     251     30    -46
-50.420897 -33.515209 16.063894 1.112763e+17 5.330969 -1.603464e+16 5.979913e+15 -5.493048e+16 -5.006622e+16 -3.039972e+16 -5.240500e+16  -2.338777e+15 -2.200528e+16 -1.328709e+17  1.062825e-01 1.760187e-02     247     35    -57
-48.015543 -30.908034 21.076423 9.741793e+16 5.292459 -1.594128e+16 1.617783e+15 -4.827016e+16 -4.904411e+16 -2.493143e+16 -4.206234e+16  6.981764e+15 -1.713091e+16 -1.160379e+17  -4.075536e-01 -6.016797e-02     254     36    -57
-50.303411 -30.868417 18.828172 1.009362e+17 5.302731 -1.780029e+16 7.092427e+15 -5.429853e+16 -4.945566e+16 -2.200838e+16 -4.361928e+16  5.836380e+15 -2.161090e+16 -1.150833e+17  -2.700665e-01 -5.071438e-02     256     38    -52
-60.198026 -22.579108 17.222866 8.097609e+16 5.238938 -1.616522e+16 1.091814e+16 -5.254393e+16 -3.819082e+16 -1.807748e+16 -2.503351e+16  1.315731e+16 -6.956026e+15 -8.130181e+16  -1.891498e+00 -1.618329e-01     249     34    -46
-76.022857 -13.714809 10.262334 6.848339e+16 5.190424 -1.543530e+16 1.603409e+16 -5.147307e+16 -3.226702e+16 -7.098287e+15 -1.223578e+16  2.003123e+16 -5.137495e+15 -5.160109e+16  -3.899027e+00 -3.881940e-01     253     32    -36
-55.348888 -21.416482 23.234630 8.754199e+16 5.261511 -1.801693e+16 4.589222e+15 -6.052575e+16 -4.216251e+16 -1.572448e+16 -2.538561e+16  1.677690e+16 -9.661132e+15 -8.327259e+16  -1.736535e+00 -2.014696e-01     253     31    -44
-57.651149 -22.803618 19.545233 7.348861e+16 5.210847 -1.501398e+16 9.377265e+15 -4.264523e+16 -3.858717e+16 -1.763551e+16 -2.292192e+16  1.566525e+16 -5.286411e+15 -7.914461e+16  -2.963305e+00 -1.979320e-01     257     39    -51
-62.902067 -21.532797 15.565136 7.043448e+16 5.198557 -1.341402e+16 8.815678e+15 -4.712976e+16 -3.536638e+16 -1.235022e+16 -2.068910e+16  1.467729e+16 -8.338879e+15 -6.840570e+16  -1.760103e+00 -2.145624e-01     256     35    -44
-53.324035 -27.655395 19.020570 8.433022e+16 5.250689 -1.822810e+16 1.590636e+16 -4.332900e+16 -4.302612e+16 -1.947786e+16 -3.245733e+16  1.056879e+16 -1.297947e+16 -9.496130e+16  -8.142701e-01 -1.112958e-01     260     45    -53
-48.423654 -30.163048 21.413298 9.269560e+16 5.278073 -1.883681e+16 1.757026e+16 -3.972577e+16 -4.899303e+16 -2.312661e+16 -3.900939e+16  9.983638e+15 -1.588278e+16 -1.111290e+17  -6.285824e-01 -8.983826e-02     262     47    -58
-52.783950 -24.510792 22.705258 8.377984e+16 5.248793 -1.645087e+16 3.279632e+15 -5.302259e+16 -4.216803e+16 -1.633406e+16 -2.819645e+16  1.397157e+16 -1.186239e+16 -8.669854e+16  -1.177805e+00 -1.611512e-01     255     34    -48
-51.834597 -28.806605 19.358798 8.478490e+16 5.252246 -1.545570e+16 8.331920e+15 -4.348678e+16 -4.400633e+16 -2.037360e+16 -3.406730e+16  9.939039e+15 -1.369369e+16 -9.844723e+16  -7.258115e-01 -1.009580e-01     258     40    -54
-42.967560 -34.415168 22.617272 9.903053e+16 5.297213 -1.646171e+16 1.523593e+16 -2.851822e+16 -5.257792e+16 -2.867744e+16 -4.758153e+16  4.996394e+15 -1.890409e+16 -1.288369e+17  -2.643023e-01 -3.878077e-02      47     46   -112
-53.664572 -30.444585 15.890843 9.544368e+16 5.286531 -1.655362e+16 1.181525e+16 -4.903443e+16 -4.606852e+16 -2.395072e+16 -4.076091e+16  5.307605e+15 -1.681020e+16 -1.107802e+17  -3.157372e-01 -4.791115e-02     255     40    -53
-59.742301 -23.498796 16.758903 7.297501e+16 5.208816 -1.635622e+16 1.600438e+16 -4.208702e+16 -3.784008e+16 -1.458067e+16 -2.358202e+16  1.425806e+16 -9.001346e+15 -7.600277e+16  -1.583992e+00 -1.875992e-01     263     46    -49
-52.883783 -32.434993 14.681225 1.042714e+17 5.312143 -1.763784e+16 1.624537e+16 -4.778672e+16 -4.843454e+16 -2.926973e+16 -4.756508e+16  8.694610e+14 -1.829535e+16 -1.252694e+17  -4.752361e-02 -6.940732e-03     253     42    -56
-51.604520 -27.719499 20.675981 8.324801e+16 5.246949 -1.833100e+16 2.264677e+16 -3.702657e+16 -4.382588e+16 -1.964650e+16 -3.206914e+16  1.175674e+16 -1.242264e+16 -9.554152e+16  -9.463963e-01 -1.230537e-01     265     51    -57
-48.555180 -27.786314 23.658506 9.636111e+16 5.289301 -1.447162e+16 -6.282775e+15 -5.653226e+16 -4.920764e+16 -1.967084e+16 -3.709785e+16  1.210979e+16 -1.742701e+16 -1.059763e+17  -6.948861e-01 -1.142688e-01     256     32    -52
-56.108982 -24.371645 19.519373 8.258959e+16 5.244650 -1.601388e+16 6.835007e+15 -5.150444e+16 -4.211113e+16 -1.613679e+16 -2.771148e+16  1.439966e+16 -1.157468e+16 -8.595940e+16  -1.244065e+00 -1.675169e-01     257     36    -48
-49.228714 -31.643210 19.128076 1.049343e+17 5.313978 -1.778501e+16 8.429827e+15 -4.650434e+16 -5.126338e+16 -3.134308e+16 -4.650531e+16  4.758073e+15 -1.516223e+16 -1.291118e+17  -3.138109e-01 -3.685236e-02     251     39    -59
-49.705378 -30.190905 20.103717 9.927394e+16 5.297923 -1.507661e+16 3.907270e+14 -5.153677e+16 -5.077392e+16 -2.368700e+16 -4.187340e+16  8.900514e+15 -1.818640e+16 -1.163343e+17  -4.894049e-01 -7.650807e-02     256     36    -55
-52.734485 -27.261032 20.004482 9.543979e+16 5.286520 -1.791635e+16 7.617054e+15 -5.484501e+16 -4.455616e+16 -2.540569e+16 -3.613939e+16  8.416772e+15 -1.073370e+16 -1.061012e+17  -7.841446e-01 -7.932774e-02     248     34    -52
-63.644631 -25.514380 10.840989 9.094196e+16 5.272543 -1.650970e+16 1.625938e+16 -5.718414e+16 -4.340106e+16 -1.687079e+16 -3.227994e+16  1.112112e+16 -1.540915e+16 -9.255179e+16  -7.217216e-01 -1.201611e-01     256     38    -45
-60.083514 -21.645060 18.271426 7.913340e+16 5.232273 -1.547764e+16 8.341476e+15 -5.579031e+16 -3.667898e+16 -1.352032e+16 -2.332868e+16  1.335030e+16 -9.808361e+15 -7.352798e+16  -1.361115e+00 -1.815677e-01     250     30    -42
-58.785034 -25.270076 15.944891 8.642159e+16 5.257781 -1.736995e+16 1.469054e+16 -4.964936e+16 -4.142202e+16 -2.202186e+16 -3.025634e+16  1.116568e+16 -8.234472e+15 -9.370022e+16  -1.355968e+00 -1.191639e-01     252     39    -50
-51.038033 -32.414663 16.547305 9.379724e+16 5.281493 -1.678215e+16 1.759739e+16 -3.978052e+16 -4.581189e+16 -2.521199e+16 -4.269849e+16  3.113401e+15 -1.748650e+16 -1.137224e+17  -1.780460e-01 -2.737721e-02     259     46    -58
-49.086648 -31.408791 19.504561 9.445331e+16 5.283511 -1.632854e+16 7.337106e+15 -4.517956e+16 -4.770856e+16 -2.374706e+16 -4.152760e+16  6.180962e+15 -1.778054e+16 -1.129832e+17  -3.476251e-01 -5.470690e-02     256     40    -56
-48.822895 -33.640548 17.536557 1.031751e+17 5.309083 -1.402792e+16 4.610262e+15 -4.482120e+16 -5.275015e+16 -2.627469e+16 -4.871138e+16  4.038772e+15 -2.243669e+16 -1.277362e+17  -1.800075e-01 -3.161807e-02     259     40    -59
-48.079148 -30.237576 21.683276 9.455441e+16 5.283821 -1.581476e+16 1.614379e+15 -4.570681e+16 -4.776520e+16 -2.613365e+16 -3.988275e+16  7.882456e+15 -1.374909e+16 -1.137816e+17  -5.733074e-01 -6.927707e-02     252     36    -58
-54.713337 -24.013498 21.273165 7.807472e+16 5.228374 -1.684179e+16 7.875632e+15 -5.066465e+16 -3.637794e+16 -1.641375e+16 -2.573221e+16  1.064573e+16 -9.318458e+15 -7.852389e+16  -1.142434e+00 -1.355731e-01     251     33    -46
-50.384170 -29.000346 20.615484 9.149341e+16 5.274293 -1.663368e+16 5.447867e+15 -4.835826e+16 -4.527469e+16 -2.359757e+16 -3.697881e+16  8.295882e+15 -1.338124e+16 -1.058511e+17  -6.199634e-01 -7.837315e-02     253     37    -54
-51.670901 -29.859640 18.469460 9.740989e+16 5.292435 -1.669937e+16 8.041197e+15 -4.961987e+16 -4.940528e+16 -2.398157e+16 -4.067934e+16  8.725931e+15 -1.669778e+16 -1.140662e+17  -5.225804e-01 -7.649884e-02     256     39    -55
-52.548860 -27.953341 19.497799 8.285685e+16 5.245586 -1.480046e+16 6.261945e+15 -4.540686e+16 -4.345662e+16 -1.788823e+16 -3.224262e+16  1.121400e+16 -1.435438e+16 -9.358747e+16  -7.812249e-01 -1.198238e-01     259     39    -52
-53.246791 -25.498975 21.254235 8.592831e+16 5.256124 -1.670426e+16 5.442909e+15 -5.170801e+16 -4.273612e+16 -1.937647e+16 -3.023685e+16  1.249926e+16 -1.086038e+16 -9.234944e+16  -1.150905e+00 -1.353475e-01     253     35    -50
-46.398958 -31.660649 21.940393 1.029757e+17 5.308523 -1.731131e+16 3.872873e+15 -4.622781e+16 -5.387398e+16 -2.659294e+16 -4.553426e+16  8.339720e+15 -1.894132e+16 -1.260012e+17  -4.402924e-01 -6.618763e-02     257     39    -59
-58.830338 -21.333600 19.836063 8.530642e+16 5.254021 -1.607609e+16 6.657894e+15 -5.826012e+16 -4.052648e+16 -1.758077e+16 -2.471451e+16  1.581197e+16 -7.133734e+15 -8.282176e+16  -2.216507e+00 -1.909156e-01     249     31    -46
-44.707181 -29.883660 25.409159 7.824458e+16 5.229003 -1.647725e+16 9.032769e+15 -3.488306e+16 -4.290174e+16 -1.843855e+16 -3.246239e+16  1.043936e+16 -1.402384e+16 -9.380268e+16  -7.444009e-01 -1.112906e-01     261     44    -57
-51.513766 -28.776066 19.710168 9.177056e+16 5.275169 -1.541487e+16 3.401224e+15 -5.177309e+16 -4.396496e+16 -2.283800e+16 -3.682057e+16  7.144388e+15 -1.398257e+16 -1.036235e+17  -5.109494e-01 -6.894561e-02     250     34    -53
-59.223340 -25.530655 15.246005 8.754580e+16 5.261524 -1.521600e+16 9.598516e+15 -5.381091e+16 -4.293979e+16 -1.877564e+16 -3.100991e+16  1.192988e+16 -1.223427e+16 -9.272534e+16  -9.751193e-01 -1.286582e-01     253     36    -48
-55.126130 -28.994894 15.878976 9.592165e+16 5.287978 -1.506325e+16 6.920175e+15 -5.454462e+16 -4.646064e+16 -2.215062e+16 -3.892458e+16  7.536061e+15 -1.677395e+16 -1.075358e+17  -4.492716e-01 -7.007953e-02     253     35    -51
-52.905412 -28.785418 18.309170 8.973818e+16 5.268685 -1.558964e+16 6.808694e+15 -4.886060e+16 -4.431889e+16 -2.202338e+16 -3.606422e+16  8.254672e+15 -1.404084e+16 -1.024065e+17  -5.879044e-01 -8.060692e-02     254     37    -53
-48.575282 -33.204433 18.220285 9.680449e+16 5.290630 -1.560713e+16 1.281892e+16 -3.797772e+16 -4.942022e+16 -2.667245e+16 -4.508480e+16  4.335420e+15 -1.841235e+16 -1.211775e+17  -2.354626e-01 -3.577745e-02     259     44    -61
-65.585569 -24.371602 10.042830 7.891271e+16 5.231465 -1.408667e+16 1.854952e+16 -4.611302e+16 -4.041462e+16 -1.539507e+16 -2.665523e+16  1.375939e+16 -1.126016e+16 -8.246492e+16  -1.221954e+00 -1.668515e-01     268     48    -51
-52.586518 -28.493563 18.919919 9.035779e+16 5.270677 -1.775201e+16 1.446460e+16 -4.468740e+16 -4.712837e+16 -2.164413e+16 -3.590361e+16  1.122476e+16 -1.425948e+16 -1.046761e+17  -7.871784e-01 -1.072332e-01     261     44    -55
-57.402828 -26.849677 15.747495 9.067003e+16 5.271676 -1.677957e+16 1.252205e+16 -5.174805e+16 -4.325664e+16 -2.284071e+16 -3.390173e+16  9.354904e+15 -1.106102e+16 -9.999908e+16  -8.457539e-01 -9.354990e-02     251     37    -51
-49.727587 -29.071973 21.200440 9.073031e+16 5.271868 -1.839220e+16 1.074394e+16 -4.431052e+16 -4.585561e+16 -2.411066e+16 -3.674409e+16  9.111527e+15 -1.263342e+16 -1.067104e+17  -7.212240e-01 -8.538559e-02     255     41    -55
-54.356509 -29.352997 16.290494 8.956942e+16 5.268140 -1.526392e+16 8.505262e+15 -5.052558e+16 -4.480792e+16 -1.792548e+16 -3.680801e+16  7.999909e+15 -1.888253e+16 -9.954141e+16  -4.236673e-01 -8.036765e-02     259     39    -50
-60.266404 -23.566714 16.166882 8.404584e+16 5.249711 -1.633824e+16 1.180280e+16 -5.145137e+16 -4.260706e+16 -1.786490e+16 -2.725837e+16  1.534870e+16 -9.393467e+15 -8.773033e+16  -1.633976e+00 -1.749531e-01     257     38    -48
-42.583865 -34.631332 22.784803 1.051131e+17 5.314471 -1.672217e+16 6.356077e+15 -3.764800e+16 -5.616200e+16 -2.736126e+16 -5.080612e+16  5.355876e+15 -2.344486e+16 -1.343294e+17  -2.284456e-01 -3.987122e-02     259     42    -64
-48.823160 -26.520024 24.656815 9.045802e+16 5.270998 -1.842325e+16 3.117293e+15 -5.225706e+16 -4.443886e+16 -2.227046e+16 -3.308836e+16  1.135050e+16 -1.081790e+16 -9.979768e+16  -1.049233e+00 -1.137351e-01     252     34    -52
-49.383702 -31.043377 19.572921 9.575710e+16 5.287481 -1.614452e+16 1.084581e+16 -3.960669e+16 -5.029275e+16 -2.710610e+16 -4.159419e+16  8.698560e+15 -1.448809e+16 -1.189930e+17  -6.003938e-01 -7.310142e-02     257     43    -61
-48.392949 -30.746019 20.861032 9.550635e+16 5.286721 -1.667478e+16 5.551258e+15 -4.503555e+16 -4.858031e+16 -2.561063e+16 -4.102254e+16  7.557764e+15 -1.541192e+16 -1.152135e+17  -4.903844e-01 -6.559791e-02     254     39    -58
-52.788291 -28.517527 18.694183 9.058771e+16 5.271413 -1.798505e+16 1.235819e+16 -4.727149e+16 -4.512888e+16 -2.238177e+16 -3.603451e+16  9.094374e+15 -1.365274e+16 -1.035452e+17  -6.661209e-01 -8.783003e-02     256     41    -53
-47.821358 -27.065596 25.113047 8.406495e+16 5.249777 -1.774892e+16 5.881611e+15 -4.383122e+16 -4.532798e+16 -1.946609e+16 -3.141348e+16  1.391450e+16 -1.194740e+16 -9.620755e+16  -1.164647e+00 -1.446300e-01     258     40    -54
-49.063447 -30.132857 20.803697 1.003949e+17 5.301174 -1.727574e+16 3.284220e+15 -5.310021e+16 -5.005138e+16 -2.392436e+16 -4.223188e+16  7.819493e+15 -1.830752e+16 -1.162076e+17  -4.271193e-01 -6.728899e-02     254     36    -54
-47.615344 -27.465549 24.919107 8.632777e+16 5.257467 -1.666349e+16 1.953951e+15 -4.928883e+16 -4.752187e+16 -1.413782e+16 -3.277747e+16  1.474440e+16 -1.863966e+16 -9.443716e+16  -7.910230e-01 -1.561292e-01     263     38    -50
-55.580143 -28.624391 15.795466 9.724318e+16 5.291939 -1.833680e+16 1.210604e+16 -5.797052e+16 -4.576525e+16 -1.917276e+16 -3.893038e+16  6.834865e+15 -1.975763e+16 -1.038684e+17  -3.459355e-01 -6.580313e-02     255     37    -47
-58.746359 -29.972443 11.281199 9.864505e+16 5.296084 -1.658176e+16 1.904722e+16 -5.035725e+16 -4.511935e+16 -2.681238e+16 -4.157584e+16  3.543509e+15 -1.476346e+16 -1.135076e+17  -2.400189e-01 -3.121827e-02     252     41    -53
-51.515604 -29.947311 18.537086 8.940147e+16 5.267596 -1.562731e+16 9.200812e+15 -4.299908e+16 -4.549842e+16 -2.371380e+16 -3.744723e+16  8.051190e+15 -1.373343e+16 -1.066595e+17  -5.862477e-01 -7.548501e-02     256     41    -56
-56.570494 -26.268502 17.161004 8.818836e+16 5.263641 -1.681470e+16 1.177628e+16 -4.946655e+16 -4.471036e+16 -2.074161e+16 -3.216869e+16  1.254167e+16 -1.142708e+16 -9.762066e+16  -1.097539e+00 -1.284735e-01     257     40    -51
-54.602341 -27.615599 17.782060 9.200621e+16 5.275911 -1.719922e+16 1.035749e+16 -5.098503e+16 -4.477151e+16 -2.321977e+16 -3.539631e+16  9.375193e+15 -1.217654e+16 -1.033876e+17  -7.699388e-01 -9.068006e-02     253     38    -52
-51.841632 -30.505310 17.653057 9.679464e+16 5.290601 -1.600011e+16 9.695431e+15 -4.536543e+16 -4.912817e+16 -2.627484e+16 -4.136340e+16  7.764778e+15 -1.508856e+16 -1.167664e+17  -5.146136e-01 -6.649839e-02     256     41    -57
-69.263182 -24.163423 6.573395 8.624230e+16 5.257180 -1.504652e+16 1.973577e+16 -5.630985e+16 -3.904869e+16 -1.589797e+16 -2.889862e+16  1.015007e+16 -1.300065e+16 -8.384528e+16  -7.807351e-01 -1.210571e-01     246     33    -43
-53.095450 -26.029019 20.875531 9.012274e+16 5.269923 -1.689838e+16 5.351017e+15 -5.298874e+16 -4.425236e+16 -2.206501e+16 -3.244018e+16  1.181218e+16 -1.037517e+16 -9.875755e+16  -1.138505e+00 -1.196079e-01     251     35    -51
-55.677184 -25.069724 19.253092 8.910432e+16 5.266633 -1.692244e+16 8.555218e+15 -5.546966e+16 -4.091521e+16 -2.221431e+16 -3.084047e+16  1.007473e+16 -8.626162e+15 -9.397000e+16  -1.167928e+00 -1.072122e-01     246     32    -49
-48.785031 -30.387251 20.827719 9.783595e+16 5.293699 -1.808201e+16 6.989911e+15 -4.870703e+16 -4.867677e+16 -2.527236e+16 -4.151613e+16  7.160640e+15 -1.624376e+16 -1.154653e+17  -4.408239e-01 -6.201554e-02     254     38    -55
-59.289524 -22.602817 18.107660 7.603274e+16 5.220700 -1.753387e+16 1.358087e+16 -4.713653e+16 -3.679436e+16 -1.656606e+16 -2.351527e+16  1.327908e+16 -6.949214e+15 -7.687569e+16  -1.910876e+00 -1.727345e-01     255     39    -46
-55.951771 -29.525971 14.522258 9.713338e+16 5.291612 -1.563903e+16 9.491522e+15 -5.608614e+16 -4.575912e+16 -2.136977e+16 -4.021728e+16  5.541842e+15 -1.884751e+16 -1.073462e+17  -2.940358e-01 -5.162589e-02     252     35    -50
-50.064599 -33.241930 16.693471 1.100062e+17 5.327645 -1.649999e+16 7.305705e+15 -4.999178e+16 -5.062162e+16 -3.298238e+16 -5.135855e+16  -7.369273e+14 -1.837617e+16 -1.349625e+17  4.010233e-02 5.460236e-03     247     37    -59
-62.549407 -21.308364 16.142229 7.237071e+16 5.206409 -1.544918e+16 1.180634e+16 -4.712347e+16 -3.639584e+16 -1.316442e+16 -2.100384e+16  1.539200e+16 -7.839417e+15 -7.056411e+16  -1.963411e+00 -2.181279e-01     258     38    -45
-48.421459 -32.303019 19.275522 1.011634e+17 5.303382 -1.556245e+16 2.974430e+15 -4.759484e+16 -5.013033e+16 -2.679158e+16 -4.578071e+16  4.349614e+15 -1.898913e+16 -1.227026e+17  -2.290581e-01 -3.544842e-02     253     37    -58
-55.510701 -27.714110 16.775189 8.944826e+16 5.267748 -1.591436e+16 9.050688e+15 -5.142072e+16 -4.419918e+16 -1.989618e+16 -3.457262e+16  9.626560e+15 -1.467643e+16 -9.866798e+16  -6.559195e-01 -9.756520e-02     255     37    -50
-57.052294 -27.687265 15.260440 9.558029e+16 5.286946 -1.544667e+16 9.034641e+15 -5.505254e+16 -4.588518e+16 -2.350907e+16 -3.694809e+16  8.937084e+15 -1.343902e+16 -1.063423e+17  -6.650099e-01 -8.404070e-02     250     35    -51
-54.914540 -31.858846 13.226614 9.494791e+16 5.285024 -1.454112e+16 1.522340e+16 -4.339994e+16 -4.638084e+16 -2.535178e+16 -4.257246e+16  3.808379e+15 -1.722068e+16 -1.143051e+17  -2.211515e-01 -3.331767e-02     259     44    -57
-51.643008 -31.070771 17.286221 9.394742e+16 5.281957 -1.567381e+16 1.097267e+16 -4.363819e+16 -4.768428e+16 -2.450605e+16 -4.092977e+16  6.754509e+15 -1.642371e+16 -1.131201e+17  -4.112657e-01 -5.971096e-02     258     42    -57
-51.353482 -30.350810 18.295707 9.064123e+16 5.271584 -1.585431e+16 8.553900e+15 -4.593238e+16 -4.572237e+16 -2.174033e+16 -3.850824e+16  7.214130e+15 -1.676791e+16 -1.059709e+17  -4.302343e-01 -6.807650e-02     257     40    -54
-48.403826 -30.583824 21.012350 9.961549e+16 5.298918 -1.641537e+16 2.041045e+15 -4.829478e+16 -4.938241e+16 -2.796687e+16 -4.254715e+16  6.835252e+15 -1.458028e+16 -1.198964e+17  -4.688011e-01 -5.700963e-02     251     36    -58
-50.765419 -25.282235 23.952346 9.275628e+16 5.278262 -1.785041e+16 2.700952e+15 -5.881299e+16 -4.264631e+16 -2.221072e+16 -3.224488e+16  1.040143e+16 -1.003415e+16 -9.710191e+16  -1.036602e+00 -1.071187e-01     247     31    -50
-55.044014 -29.708062 15.247925 9.522183e+16 5.285858 -1.696819e+16 1.242942e+16 -5.216686e+16 -4.490532e+16 -2.262164e+16 -3.965978e+16  5.245540e+15 -1.703814e+16 -1.071867e+17  -3.078705e-01 -4.893834e-02     253     38    -51
-52.795786 -26.115123 21.089091 8.593777e+16 5.256156 -1.597411e+16 4.915222e+15 -5.392162e+16 -3.926089e+16 -2.033637e+16 -3.103781e+16  8.223081e+15 -1.070143e+16 -9.063507e+16  -7.684094e-01 -9.072737e-02     247     31    -49
-48.756777 -32.684897 18.558326 1.056158e+17 5.315853 -1.769385e+16 8.844160e+15 -4.644302e+16 -5.035781e+16 -3.130754e+16 -4.839975e+16  1.958059e+15 -1.709221e+16 -1.300651e+17  -1.145586e-01 -1.505446e-02     250     39    -59
-47.759836 -35.203425 17.036739 1.136615e+17 5.337109 -1.580380e+16 3.893287e+15 -4.877678e+16 -5.230204e+16 -3.297758e+16 -5.613683e+16  -3.834781e+15 -2.315924e+16 -1.414165e+17  1.655832e-01 2.711694e-02     248     37    -61
-52.331858 -29.308699 18.359443 8.646870e+16 5.257939 -1.597798e+16 9.427144e+15 -4.567274e+16 -4.375903e+16 -1.970378e+16 -3.541525e+16  8.343785e+15 -1.571147e+16 -9.887806e+16  -5.310633e-01 -8.438459e-02     258     40    -52
-52.060846 -27.163422 20.775731 7.805443e+16 5.228298 -1.624432e+16 9.908785e+15 -4.189082e+16 -4.079208e+16 -1.740940e+16 -2.942046e+16  1.137162e+16 -1.201106e+16 -8.762194e+16  -9.467619e-01 -1.297805e-01     259     41    -52
-53.823265 -28.795229 17.381505 8.521304e+16 5.253704 -1.600332e+16 1.744229e+16 -3.959352e+16 -4.454416e+16 -2.110857e+16 -3.428566e+16  1.025850e+16 -1.317709e+16 -9.993838e+16  -7.785102e-01 -1.026482e-01     263     47    -57
-65.576412 -19.463286 14.960302 6.902646e+16 5.192710 -1.633549e+16 1.812191e+16 -4.452594e+16 -3.738945e+16 -6.704115e+15 -1.813397e+16  1.925548e+16 -1.142986e+16 -6.222754e+16  -1.684665e+00 -3.094367e-01     273     52    -46
-53.715659 -29.822307 16.462033 8.875026e+16 5.265480 -1.639039e+16 1.430594e+16 -4.466936e+16 -4.485100e+16 -2.043542e+16 -3.707815e+16  7.772851e+15 -1.664273e+16 -1.023646e+17  -4.670418e-01 -7.593302e-02     261     44    -53
-44.850098 -32.737395 22.412508 9.228686e+16 5.276793 -1.637448e+16 1.440559e+16 -3.270013e+16 -4.966613e+16 -2.467486e+16 -4.219671e+16  7.469414e+15 -1.752186e+16 -1.165377e+17  -4.262913e-01 -6.409441e-02     261     47    -63
-47.010051 -32.684240 20.305710 1.028350e+17 5.308127 -1.525188e+16 1.850368e+15 -4.254473e+16 -5.283321e+16 -2.939954e+16 -4.704602e+16  5.787185e+15 -1.764648e+16 -1.292788e+17  -3.279512e-01 -4.476516e-02     254     38    -62
-60.323115 -25.327163 14.349722 8.121673e+16 5.239797 -1.647221e+16 1.547607e+16 -4.766034e+16 -3.836490e+16 -1.939679e+16 -2.853711e+16  9.827792e+15 -9.140314e+15 -8.629880e+16  -1.075214e+00 -1.138810e-01     253     39    -48
-51.561561 -29.339105 19.099334 1.084747e+17 5.323586 -1.952422e+16 6.947273e+15 -6.386264e+16 -5.040386e+16 -2.368754e+16 -4.444671e+16  5.957150e+15 -2.075917e+16 -1.185381e+17  -2.869648e-01 -5.025515e-02     251     34    -49
-51.855631 -25.114327 23.030042 9.329976e+16 5.279954 -1.694569e+16 1.211384e+15 -5.541225e+16 -4.788587e+16 -2.152675e+16 -3.223269e+16  1.565318e+16 -1.070594e+16 -1.016453e+17  -1.462103e+00 -1.539981e-01     254     34    -52
-55.259890 -28.612427 16.127684 8.605514e+16 5.256551 -1.612952e+16 2.482633e+16 -3.897431e+16 -4.426330e+16 -1.985294e+16 -3.442718e+16  9.836126e+15 -1.457424e+16 -9.854342e+16  -6.748982e-01 -9.981515e-02     269     54    -58
-57.811269 -26.785640 15.403091 9.635712e+16 5.289289 -1.521566e+16 9.426559e+15 -5.830891e+16 -4.367710e+16 -2.501819e+16 -3.594502e+16  7.732077e+15 -1.092684e+16 -1.046403e+17  -7.076226e-01 -7.389195e-02     243     31    -51
-50.001236 -27.977409 22.021355 8.678749e+16 5.259005 -1.471240e+16 3.944842e+15 -4.161156e+16 -4.778014e+16 -2.248881e+16 -3.371768e+16  1.406247e+16 -1.122887e+16 -1.039866e+17  -1.252350e+00 -1.352334e-01     258     40    -58
-48.730637 -28.876265 22.393098 8.868870e+16 5.265279 -1.749049e+16 9.930731e+15 -4.101522e+16 -4.728848e+16 -2.324773e+16 -3.561734e+16  1.167114e+16 -1.236961e+16 -1.061536e+17  -9.435333e-01 -1.099459e-01     258     42    -57
-55.178205 -26.013739 18.808055 8.114535e+16 5.239542 -1.545360e+16 8.369028e+15 -4.770879e+16 -4.320653e+16 -1.467828e+16 -2.924758e+16  1.395894e+16 -1.456930e+16 -8.713239e+16  -9.581066e-01 -1.602038e-01     262     40    -49
-47.190778 -31.881672 20.927549 1.059864e+17 5.316867 -1.607932e+16 -1.991654e+15 -5.609255e+16 -4.996944e+16 -2.603183e+16 -4.724990e+16  2.719532e+15 -2.121807e+16 -1.232512e+17  -1.281706e-01 -2.206496e-02     250     33    -56
-48.373221 -31.029846 20.596934 9.304497e+16 5.279162 -1.661333e+16 5.424757e+15 -4.621737e+16 -4.571524e+16 -2.410413e+16 -4.035734e+16  5.357901e+15 -1.625321e+16 -1.101767e+17  -3.296520e-01 -4.863007e-02     253     37    -56
-52.327884 -29.295814 18.376302 8.631705e+16 5.257431 -1.633440e+16 1.153285e+16 -4.278812e+16 -4.329136e+16 -2.241573e+16 -3.533625e+16  7.955110e+15 -1.292052e+16 -1.010433e+17  -6.156956e-01 -7.872967e-02     256     41    -55
-53.525094 -28.606507 17.868398 9.127660e+16 5.273606 -1.639761e+16 9.066433e+15 -4.910944e+16 -4.521558e+16 -2.257814e+16 -3.645539e+16  8.760196e+15 -1.387725e+16 -1.042491e+17  -6.312631e-01 -8.403137e-02     254     38    -53
-51.017886 -26.935701 22.046413 9.617494e+16 5.288741 -1.619606e+16 1.973168e+14 -5.601890e+16 -4.680031e+16 -2.430378e+16 -3.587742e+16  1.092288e+16 -1.157364e+16 -1.069815e+17  -9.437723e-01 -1.021007e-01     249     32    -54
-51.564907 -28.740098 19.694996 9.585590e+16 5.287779 -1.607972e+16 6.079375e+15 -4.809465e+16 -5.057310e+16 -2.419664e+16 -3.840943e+16  1.216367e+16 -1.421279e+16 -1.131792e+17  -8.558253e-01 -1.074727e-01     257     39    -56
-45.922594 -28.289622 25.787785 8.317096e+16 5.246681 -1.716753e+16 8.825818e+15 -3.867652e+16 -4.728888e+16 -1.856918e+16 -3.255506e+16  1.473382e+16 -1.398587e+16 -9.841312e+16  -1.053479e+00 -1.497140e-01     262     44    -57
-57.081454 -23.221147 19.697400 8.386314e+16 5.249081 -1.761438e+16 1.042002e+16 -5.745094e+16 -3.664494e+16 -1.687099e+16 -2.668151e+16  9.963433e+15 -9.810526e+15 -8.019744e+16  -1.015586e+00 -1.242363e-01     247     30    -43
-45.712581 -30.032004 24.255414 8.781517e+16 5.262413 -1.520843e+16 -7.925325e+14 -4.229706e+16 -4.581824e+16 -2.290290e+16 -3.667256e+16  9.145671e+15 -1.376967e+16 -1.053937e+17  -6.641897e-01 -8.677627e-02     254     36    -58
-60.235740 -23.085858 16.678402 8.948103e+16 5.267854 -1.662695e+16 1.040119e+16 -5.850713e+16 -4.229201e+16 -1.948974e+16 -2.835965e+16  1.393236e+16 -8.869910e+15 -9.014140e+16  -1.570745e+00 -1.545612e-01     249     32    -47
-62.506402 -25.784339 11.709259 8.126242e+16 5.239960 -1.467146e+16 1.511427e+16 -4.799280e+16 -3.823712e+16 -1.940930e+16 -2.916190e+16  9.075223e+15 -9.752601e+15 -8.680832e+16  -9.305438e-01 -1.045432e-01     252     38    -49
-47.424583 -29.311358 23.264058 9.526951e+16 5.286003 -1.746982e+16 1.727972e+15 -5.018234e+16 -4.769464e+16 -2.392333e+16 -3.883052e+16  8.864116e+15 -1.490719e+16 -1.104485e+17  -5.946204e-01 -8.025566e-02     253     36    -55
-49.962643 -30.094990 19.942367 8.723567e+16 5.260496 -1.707491e+16 1.175128e+16 -4.135537e+16 -4.426233e+16 -2.239624e+16 -3.667966e+16  7.582669e+15 -1.428342e+16 -1.033382e+17  -5.308720e-01 -7.337719e-02     257     42    -56
-61.967514 -25.866397 12.166088 8.248560e+16 5.244285 -1.466340e+16 1.415895e+16 -4.864021e+16 -4.024595e+16 -1.841278e+16 -2.969519e+16  1.055077e+16 -1.128241e+16 -8.835392e+16  -9.351521e-01 -1.194148e-01     256     39    -49
-55.983293 -27.492132 16.524575 8.306085e+16 5.246298 -1.467975e+16 9.248862e+15 -4.733574e+16 -4.295618e+16 -1.664315e+16 -3.183542e+16  1.112076e+16 -1.519227e+16 -9.143476e+16  -7.320012e-01 -1.216251e-01     261     40    -50
-62.845425 -20.132221 17.022354 7.693365e+16 5.224111 -1.759523e+16 1.299831e+16 -5.239041e+16 -3.726150e+16 -1.292353e+16 -2.095226e+16  1.630923e+16 -8.028734e+15 -7.113729e+16  -2.031358e+00 -2.292642e-01     256     36    -42
-56.023222 -24.831271 19.145507 9.093518e+16 5.272521 -1.611690e+16 6.197709e+15 -5.843246e+16 -4.233588e+16 -2.074685e+16 -3.115117e+16  1.118472e+16 -1.040431e+16 -9.423390e+16  -1.075008e+00 -1.186910e-01     247     31    -49
-52.187168 -25.777359 22.035473 7.795554e+16 5.227931 -1.475932e+16 6.430615e+15 -4.128726e+16 -4.324968e+16 -1.782865e+16 -2.773397e+16  1.551571e+16 -9.905317e+15 -8.881229e+16  -1.566402e+00 -1.747023e-01     261     41    -54
-52.733257 -25.840421 21.426321 8.532149e+16 5.254072 -1.476936e+16 1.534036e+15 -5.322263e+16 -4.127445e+16 -1.883112e+16 -3.045419e+16  1.082026e+16 -1.162307e+16 -9.055975e+16  -9.309301e-01 -1.194820e-01     251     32    -50
-56.338036 -22.240409 21.421555 8.131014e+16 5.240130 -1.790142e+16 9.647043e+15 -4.963887e+16 -4.072938e+16 -1.938233e+16 -2.462799e+16  1.610139e+16 -5.245667e+15 -8.473970e+16  -3.069465e+00 -1.900100e-01     253     37    -49
-47.387180 -30.272278 22.340542 8.802090e+16 5.263091 -1.442756e+16 4.246816e+15 -3.645639e+16 -4.822406e+16 -2.465894e+16 -3.714514e+16  1.107892e+16 -1.248620e+16 -1.100281e+17  -8.872932e-01 -1.006917e-01     257     41    -62
-50.873809 -29.133139 19.993052 8.828467e+16 5.263957 -1.557232e+16 4.761073e+15 -4.771508e+16 -4.313593e+16 -2.231941e+16 -3.587624e+16  7.259693e+15 -1.355683e+16 -1.013316e+17  -5.355007e-01 -7.164295e-02     252     36    -54
-58.701991 -25.958848 15.339161 8.341343e+16 5.247524 -1.609197e+16 1.600296e+16 -4.450846e+16 -4.263871e+16 -2.040372e+16 -3.008201e+16  1.255670e+16 -9.678290e+15 -9.312444e+16  -1.297409e+00 -1.348378e-01     260     44    -53
-50.182376 -30.560539 19.257085 9.554600e+16 5.286842 -1.663391e+16 8.503640e+15 -4.479651e+16 -4.828962e+16 -2.607122e+16 -4.084724e+16  7.442378e+15 -1.477602e+16 -1.152081e+17  -5.036795e-01 -6.459944e-02     255     40    -57
-52.309719 -30.035627 17.654654 9.250971e+16 5.277492 -1.751984e+16 1.313791e+16 -4.614605e+16 -4.568100e+16 -2.314089e+16 -3.889889e+16  6.782114e+15 -1.575800e+16 -1.077208e+17  -4.303917e-01 -6.296013e-02     257     42    -54
-60.608376 -22.759262 16.632362 8.315251e+16 5.246617 -1.625031e+16 1.066805e+16 -5.430194e+16 -3.998552e+16 -1.714135e+16 -2.594465e+16  1.404087e+16 -8.803304e+15 -8.307151e+16  -1.594955e+00 -1.690215e-01     252     34    -46
-48.240611 -29.424284 22.335105 9.439478e+16 5.283332 -1.667119e+16 3.947556e+15 -4.716249e+16 -5.048736e+16 -2.206225e+16 -3.866937e+16  1.181800e+16 -1.660712e+16 -1.112190e+17  -7.116223e-01 -1.062588e-01     259     39    -56
-51.658496 -22.152796 26.188707 7.678250e+16 5.223541 -1.359985e+16 -3.351679e+15 -5.161938e+16 -3.891043e+16 -1.376200e+16 -2.303478e+16  1.587565e+16 -9.272780e+15 -7.570721e+16  -1.712070e+00 -2.096980e-01     255     30    -47
-51.345086 -23.232370 25.422544 8.026604e+16 5.236388 -1.613659e+16 1.314132e+15 -5.266984e+16 -3.868834e+16 -1.693661e+16 -2.539715e+16  1.329119e+16 -8.460536e+15 -8.102210e+16  -1.570963e+00 -1.640440e-01     251     31    -48
-49.034487 -31.733918 19.231595 9.470981e+16 5.284297 -1.657148e+16 1.045551e+16 -4.345460e+16 -4.883541e+16 -2.303033e+16 -4.209295e+16  6.742454e+15 -1.906262e+16 -1.139587e+17  -3.537003e-01 -5.916577e-02     260     43    -57
-53.342772 -26.574175 20.083053 8.905119e+16 5.266460 -1.638079e+16 7.329242e+15 -4.814296e+16 -4.695940e+16 -2.148843e+16 -3.280549e+16  1.415392e+16 -1.131705e+16 -1.012533e+17  -1.250672e+00 -1.397872e-01     257     39    -53
-60.094833 -23.419711 16.485456 8.189155e+16 5.242193 -1.709716e+16 1.341148e+16 -5.004875e+16 -4.171097e+16 -1.630834e+16 -2.637126e+16  1.533970e+16 -1.006292e+16 -8.439057e+16  -1.524380e+00 -1.817704e-01     259     40    -47
-58.951947 -22.680579 18.367474 8.205078e+16 5.242755 -1.388502e+16 4.630487e+15 -5.474097e+16 -4.012612e+16 -1.655774e+16 -2.546710e+16  1.465902e+16 -8.909357e+15 -8.215097e+16  -1.645351e+00 -1.784400e-01     251     31    -47
-49.867351 -26.523599 23.609050 8.367347e+16 5.248425 -1.560178e+16 1.391926e+15 -4.774496e+16 -4.138775e+16 -2.152765e+16 -3.064799e+16  1.073976e+16 -9.120333e+15 -9.356339e+16  -1.177563e+00 -1.147860e-01     251     34    -54
-50.320528 -29.878560 19.800911 8.885273e+16 5.265814 -1.627439e+16 9.263873e+15 -4.359057e+16 -4.623399e+16 -2.135718e+16 -3.708419e+16  9.149797e+15 -1.572702e+16 -1.046754e+17  -5.817885e-01 -8.741118e-02     259     41    -55
-63.415417 -20.533937 16.050646 6.931414e+16 5.193915 -1.501997e+16 1.324664e+16 -4.339432e+16 -3.652058e+16 -1.273492e+16 -1.930962e+16  1.721096e+16 -6.574704e+15 -6.856512e+16  -2.617754e+00 -2.510162e-01     262     43    -47
-51.129636 -32.284015 16.586349 1.001858e+17 5.300571 -1.640364e+16 1.024729e+16 -4.722790e+16 -4.810104e+16 -2.696955e+16 -4.541884e+16  2.682191e+15 -1.844930e+16 -1.204894e+17  -1.453818e-01 -2.226080e-02     253     40    -56
-54.180003 -26.145003 19.674995 8.515038e+16 5.253491 -1.648096e+16 8.010662e+15 -4.954249e+16 -4.470709e+16 -1.682796e+16 -3.083400e+16  1.387309e+16 -1.400603e+16 -9.236905e+16  -9.905084e-01 -1.501920e-01     260     39    -50
-51.913291 -28.562045 19.524664 9.115946e+16 5.273234 -1.703001e+16 7.314427e+15 -5.071287e+16 -4.432912e+16 -2.193819e+16 -3.629393e+16  8.035187e+15 -1.435574e+16 -1.025612e+17  -5.597195e-01 -7.834526e-02     253     36    -52
-54.549297 -29.460200 15.990503 9.344499e+16 5.280404 -1.710046e+16 1.601496e+16 -4.673376e+16 -4.741337e+16 -2.193331e+16 -3.855721e+16  8.856163e+15 -1.662390e+16 -1.079039e+17  -5.327368e-01 -8.207454e-02     261     45    -54
-51.353363 -30.187397 18.459240 8.476181e+16 5.252167 -1.444410e+16 1.176206e+16 -3.642351e+16 -4.452025e+16 -2.358259e+16 -3.580335e+16  8.716904e+15 -1.222076e+16 -1.039062e+17  -7.132866e-01 -8.389205e-02     259     44    -59
-48.951884 -29.123195 21.924922 8.738826e+16 5.261002 -1.544447e+16 5.811102e+15 -4.229787e+16 -4.768828e+16 -2.072934e+16 -3.542948e+16  1.225880e+16 -1.470015e+16 -1.038471e+17  -8.339237e-01 -1.180466e-01     260     41    -56
-50.928321 -26.385726 22.685953 8.818633e+16 5.263634 -1.625998e+16 1.874321e+15 -5.415228e+16 -4.236503e+16 -1.980120e+16 -3.215273e+16  1.021230e+16 -1.235153e+16 -9.431897e+16  -8.268046e-01 -1.082741e-01     251     32    -50
-50.291650 -29.063214 20.645136 8.581650e+16 5.255747 -1.432468e+16 2.306804e+15 -4.526708e+16 -4.357516e+16 -2.143379e+16 -3.476265e+16  8.812518e+15 -1.332885e+16 -9.977160e+16  -6.611609e-01 -8.832692e-02     254     36    -55
-59.589375 -23.358966 17.051659 7.528191e+16 5.217827 -1.633572e+16 1.053200e+16 -5.086510e+16 -3.603460e+16 -1.118362e+16 -2.416285e+16  1.187175e+16 -1.297923e+16 -7.138107e+16  -9.146727e-01 -1.663150e-01     256     35    -41
-51.819516 -26.451174 21.729309 8.706728e+16 5.259937 -1.601695e+16 2.948371e+15 -5.528345e+16 -4.079105e+16 -1.818559e+16 -3.186200e+16  8.929055e+15 -1.367641e+16 -9.083864e+16  -6.528801e-01 -9.829578e-02     251     31    -48
-54.144582 -24.598104 21.257313 8.741547e+16 5.261092 -1.806296e+16 8.438508e+15 -5.134425e+16 -4.586527e+16 -1.851218e+16 -2.957888e+16  1.628639e+16 -1.106670e+16 -9.395633e+16  -1.471657e+00 -1.733400e-01     258     39    -50
-49.977170 -31.581581 18.441249 1.009005e+17 5.302629 -1.579532e+16 7.704615e+15 -4.719624e+16 -5.272610e+16 -2.431445e+16 -4.465664e+16  8.069465e+15 -2.034219e+16 -1.216972e+17  -3.966861e-01 -6.630774e-02     260     41    -57
-52.345337 -27.490889 20.163775 9.539665e+16 5.286389 -1.809576e+16 7.073799e+15 -5.465411e+16 -4.645907e+16 -2.286718e+16 -3.644367e+16  1.001539e+16 -1.357649e+16 -1.057699e+17  -7.377011e-01 -9.469037e-02     252     36    -51
-53.849298 -27.755192 18.395510 9.660904e+16 5.290045 -1.754651e+16 6.748947e+15 -5.921737e+16 -4.724112e+16 -1.769662e+16 -3.734772e+16  9.893397e+15 -1.965110e+16 -1.022855e+17  -5.034526e-01 -9.672339e-02     256     35    -47
-54.890488 -23.154950 21.954562 7.048719e+16 5.198773 -1.522804e+16 6.651598e+15 -4.367708e+16 -3.598902e+16 -1.466806e+16 -2.230648e+16  1.368254e+16 -7.638420e+15 -7.296357e+16  -1.791279e+00 -1.875256e-01     256     37    -48
-51.402259 -30.229952 18.367789 9.429133e+16 5.283015 -1.594375e+16 5.650843e+15 -5.221429e+16 -4.423452e+16 -2.287168e+16 -3.989039e+16  4.344128e+15 -1.701871e+16 -1.069966e+17  -2.552560e-01 -4.060062e-02     251     35    -52
-48.002691 -30.363934 21.633375 9.781086e+16 5.293625 -1.740771e+16 2.951380e+15 -5.264025e+16 -4.570572e+16 -2.553957e+16 -4.143784e+16  4.267883e+15 -1.589827e+16 -1.126831e+17  -2.684496e-01 -3.787509e-02     249     34    -54
-51.921289 -30.612629 17.466081 8.967198e+16 5.268471 -1.684037e+16 1.305808e+16 -4.341479e+16 -4.363094e+16 -2.351606e+16 -3.846572e+16  5.165210e+15 -1.494967e+16 -1.056127e+17  -3.455067e-01 -4.890709e-02     255     42    -55
-49.402157 -30.693798 19.904045 9.431132e+16 5.283076 -1.605717e+16 3.870078e+15 -5.023676e+16 -4.636228e+16 -2.185729e+16 -4.047656e+16  5.885717e+15 -1.861927e+16 -1.086961e+17  -3.161090e-01 -5.414836e-02     255     36    -53
-51.390444 -33.555746 15.053810 1.048059e+17 5.313624 -1.610073e+16 1.390348e+16 -4.534473e+16 -5.088113e+16 -2.808628e+16 -4.945567e+16  1.425462e+15 -2.136939e+16 -1.284231e+17  -6.670578e-02 -1.109973e-02     257     43    -58
-53.538965 -23.780907 22.680128 7.751544e+16 5.226292 -1.841179e+16 8.982079e+15 -4.870103e+16 -3.876532e+16 -1.429988e+16 -2.524027e+16  1.352505e+16 -1.094039e+16 -7.830546e+16  -1.236249e+00 -1.727217e-01     258     38    -46
-49.952040 -29.225906 20.822054 9.052180e+16 5.271202 -1.780673e+16 8.607024e+15 -4.709402e+16 -4.562690e+16 -2.172651e+16 -3.687835e+16  8.748550e+15 -1.515184e+16 -1.042318e+17  -5.773919e-01 -8.393362e-02     256     39    -53
-56.294505 -28.274969 15.430526 9.667625e+16 5.290247 -1.848535e+16 1.742944e+16 -4.970844e+16 -4.702786e+16 -2.527972e+16 -3.821291e+16  8.814945e+15 -1.293319e+16 -1.105205e+17  -6.815753e-01 -7.975847e-02     256     42    -53
-53.734322 -27.686070 18.579608 8.974443e+16 5.268705 -1.645074e+16 1.026848e+16 -4.577291e+16 -4.609312e+16 -2.379444e+16 -3.459599e+16  1.149713e+16 -1.080155e+16 -1.044835e+17  -1.064396e+00 -1.100377e-01     256     40    -55
-50.718023 -26.912673 22.369304 8.438602e+16 5.250880 -1.842337e+16 8.691766e+15 -4.743259e+16 -4.125194e+16 -2.057096e+16 -3.143992e+16  9.812016e+15 -1.086896e+16 -9.326281e+16  -9.027557e-01 -1.052082e-01     253     38    -51
-51.038393 -28.324652 20.636956 8.867138e+16 5.265222 -1.552418e+16 3.853116e+15 -4.807479e+16 -4.523871e+16 -2.128931e+16 -3.495429e+16  1.028442e+16 -1.366498e+16 -1.014823e+17  -7.526119e-01 -1.013420e-01     255     37    -54
-54.594218 -25.934134 19.471648 9.356843e+16 5.280786 -1.756708e+16 7.316264e+15 -5.942268e+16 -4.316242e+16 -2.051242e+16 -3.359312e+16  9.569305e+15 -1.308070e+16 -9.726796e+16  -7.315592e-01 -9.838085e-02     249     32    -48
-47.719798 -31.610648 20.669555 9.365799e+16 5.281063 -1.768788e+16 1.211644e+16 -4.165753e+16 -4.846218e+16 -2.314182e+16 -4.140185e+16  7.060333e+15 -1.826002e+16 -1.130059e+17  -3.866552e-01 -6.247758e-02     259     44    -57
-55.022229 -32.628291 12.349481 1.044697e+17 5.312694 -1.422154e+16 1.121385e+16 -5.069775e+16 -4.693401e+16 -3.043098e+16 -4.801776e+16  -1.083741e+15 -1.758677e+16 -1.253828e+17  6.162251e-02 8.643463e-03     246     36    -57
-44.247775 -33.846842 21.905383 8.969559e+16 5.268547 -1.377664e+16 6.718813e+15 -3.536127e+16 -4.903785e+16 -2.082948e+16 -4.242587e+16  6.611980e+15 -2.159639e+16 -1.122932e+17  -3.061613e-01 -5.888140e-02     263     44    -61
-52.213943 -29.468431 18.317626 1.021247e+17 5.306121 -1.734429e+16 7.235506e+15 -5.424714e+16 -4.857752e+16 -2.775964e+16 -4.206872e+16  6.508793e+15 -1.430908e+16 -1.184059e+17  -4.548714e-01 -5.497019e-02     249     36    -55
-55.392220 -27.122879 17.484901 8.624553e+16 5.257191 -1.640833e+16 1.060959e+16 -4.883459e+16 -4.385994e+16 -1.855712e+16 -3.255460e+16  1.130533e+16 -1.399748e+16 -9.497166e+16  -8.076691e-01 -1.190390e-01     258     40    -50
-53.317242 -29.579418 17.103340 8.514967e+16 5.253489 -1.401520e+16 1.012458e+16 -3.877044e+16 -4.359008e+16 -2.467300e+16 -3.525183e+16  8.338251e+15 -1.057883e+16 -1.035149e+17  -7.882017e-01 -8.055122e-02     255     42    -59
-54.721366 -27.047585 18.231049 9.357256e+16 5.280799 -1.701045e+16 7.292696e+15 -5.784018e+16 -4.439490e+16 -1.941826e+16 -3.519234e+16  9.202564e+15 -1.577407e+16 -9.900550e+16  -5.833980e-01 -9.295003e-02     252     34    -48
-57.450804 -27.845928 14.703269 7.838067e+16 5.229506 -1.430895e+16 1.434144e+16 -4.048967e+16 -3.953678e+16 -1.929834e+16 -3.049716e+16  9.039618e+15 -1.119882e+16 -8.933228e+16  -8.071935e-01 -1.011909e-01     260     44    -53
-50.101316 -28.376461 21.522223 8.592873e+16 5.256126 -1.538307e+16 6.088838e+15 -4.452660e+16 -4.722744e+16 -1.797877e+16 -3.390828e+16  1.331916e+16 -1.592951e+16 -9.911449e+16  -8.361312e-01 -1.343816e-01     262     41    -54
-53.795303 -28.364324 17.840373 8.472705e+16 5.252048 -1.629757e+16 1.338540e+16 -4.288013e+16 -4.365023e+16 -2.035457e+16 -3.353660e+16  1.011363e+16 -1.318203e+16 -9.754140e+16  -7.672287e-01 -1.036855e-01     260     43    -54
-57.410015 -27.550283 15.039701 9.294860e+16 5.278862 -1.678653e+16 1.419344e+16 -5.030652e+16 -4.634322e+16 -2.263188e+16 -3.574656e+16  1.059666e+16 -1.311467e+16 -1.047217e+17  -8.080004e-01 -1.011888e-01     257     41    -52
-50.988956 -32.570316 16.440727 9.730515e+16 5.292124 -1.433809e+16 7.279423e+15 -4.429819e+16 -4.814368e+16 -2.629401e+16 -4.451451e+16  3.629165e+15 -1.822050e+16 -1.189522e+17  -1.991803e-01 -3.050944e-02     255     40    -58
-56.769322 -26.157908 17.072770 9.024099e+16 5.270303 -1.551321e+16 7.638163e+15 -5.373649e+16 -4.403786e+16 -2.147259e+16 -3.277004e+16  1.126782e+16 -1.129745e+16 -9.828049e+16  -9.973772e-01 -1.146496e-01     251     35    -51
-55.623745 -26.646868 17.729387 8.188482e+16 5.242169 -1.712112e+16 1.400875e+16 -4.488617e+16 -4.146740e+16 -1.841256e+16 -3.031930e+16  1.114809e+16 -1.190674e+16 -9.019926e+16  -9.362841e-01 -1.235941e-01     259     43    -51
-49.803787 -27.530299 22.665914 9.378320e+16 5.281450 -1.589409e+16 -8.001746e+14 -5.616758e+16 -4.507099e+16 -2.153630e+16 -3.578976e+16  9.281235e+15 -1.425346e+16 -1.023971e+17  -6.511568e-01 -9.063967e-02     251     31    -52
-52.256938 -28.619649 19.123414 8.990909e+16 5.269236 -1.741451e+16 9.992807e+15 -4.797632e+16 -4.463073e+16 -2.187909e+16 -3.588611e+16  8.744620e+15 -1.400703e+16 -1.023959e+17  -6.243024e-01 -8.540006e-02     255     39    -52
-53.693789 -30.170909 16.135301 9.883528e+16 5.296641 -1.618578e+16 9.043322e+15 -5.283474e+16 -4.624699e+16 -2.594148e+16 -4.180656e+16  4.440435e+15 -1.586508e+16 -1.139950e+17  -2.798873e-01 -3.895288e-02     249     36    -53
-53.832979 -29.582289 16.584732 9.182703e+16 5.275347 -1.453106e+16 9.036590e+15 -4.383780e+16 -4.664125e+16 -2.583153e+16 -3.803639e+16  8.604865e+15 -1.220486e+16 -1.105092e+17  -7.050359e-01 -7.786562e-02     255     40    -57
-52.773408 -26.718398 20.508194 8.681950e+16 5.259112 -1.572763e+16 3.744248e+15 -5.323244e+16 -4.241552e+16 -1.806230e+16 -3.215701e+16  1.025851e+16 -1.409472e+16 -9.263483e+16  -7.278265e-01 -1.107414e-01     253     34    -49
-52.386042 -24.506539 23.107419 9.074916e+16 5.271928 -1.727297e+16 2.480201e+15 -5.776910e+16 -4.402792e+16 -1.972708e+16 -3.052297e+16  1.350495e+16 -1.079590e+16 -9.427797e+16  -1.250934e+00 -1.432461e-01     251     32    -49
-48.492600 -29.137937 22.369463 1.123430e+17 5.333731 -1.594763e+16 -5.018658e+15 -6.798225e+16 -4.963518e+16 -2.771801e+16 -4.554934e+16  4.085844e+15 -1.783132e+16 -1.229025e+17  -2.291386e-01 -3.324459e-02     243     28    -55
-49.544323 -31.434497 19.021180 9.867943e+16 5.296184 -1.719894e+16 1.240894e+16 -4.483168e+16 -5.158601e+16 -2.371784e+16 -4.344194e+16  8.144070e+15 -1.972410e+16 -1.187458e+17  -4.128994e-01 -6.858407e-02     261     44    -57
-51.229482 -27.843497 20.927021 7.313548e+16 5.209452 -1.394782e+16 1.214242e+16 -3.389023e+16 -4.060516e+16 -1.738394e+16 -2.830091e+16  1.230425e+16 -1.091697e+16 -8.629001e+16  -1.127076e+00 -1.425918e-01     264     46    -57
-53.095785 -26.864131 20.040084 9.233021e+16 5.276929 -1.851022e+16 8.556639e+15 -5.429590e+16 -4.607398e+16 -1.929892e+16 -3.441455e+16  1.165944e+16 -1.511562e+16 -9.978745e+16  -7.713501e-01 -1.168427e-01     256     37    -49
-48.904347 -31.916781 19.178872 9.005839e+16 5.269716 -1.715312e+16 2.174473e+16 -3.427874e+16 -4.546392e+16 -2.402810e+16 -4.026321e+16  5.200705e+15 -1.623511e+16 -1.097552e+17  -3.203369e-01 -4.738458e-02     262     50    -61
-53.021894 -27.018997 19.959109 8.448589e+16 5.251223 -1.544093e+16 4.727399e+15 -5.061126e+16 -4.320176e+16 -1.594348e+16 -3.168830e+16  1.151346e+16 -1.574482e+16 -9.083355e+16  -7.312536e-01 -1.267534e-01     258     36    -49
-51.320741 -27.160212 21.519047 9.601284e+16 5.288253 -1.734556e+16 3.052613e+15 -5.732334e+16 -4.625411e+16 -2.222369e+16 -3.615745e+16  1.009666e+16 -1.393377e+16 -1.046353e+17  -7.246184e-01 -9.649390e-02     251     33    -51
-52.994137 -27.860583 19.145280 8.706820e+16 5.259940 -1.634260e+16 8.089241e+15 -4.834758e+16 -4.430365e+16 -1.941574e+16 -3.377271e+16  1.053093e+16 -1.435697e+16 -9.749210e+16  -7.335066e-01 -1.080183e-01     257     39    -51
-55.597657 -27.077788 17.324556 8.668380e+16 5.258659 -1.558083e+16 8.674109e+15 -4.997945e+16 -4.167974e+16 -2.152316e+16 -3.266605e+16  9.013690e+15 -1.114289e+16 -9.586894e+16  -8.089184e-01 -9.402096e-02     251     36    -51
-50.856720 -32.117222 17.026058 9.813548e+16 5.294584 -1.485912e+16 1.095796e+16 -4.158640e+16 -5.067985e+16 -2.660443e+16 -4.423966e+16  6.440194e+15 -1.763523e+16 -1.215239e+17  -3.651890e-01 -5.299527e-02     259     43    -60
-57.065971 -25.239439 17.694590 8.732117e+16 5.260780 -1.747328e+16 1.049322e+16 -5.381806e+16 -4.404555e+16 -1.623816e+16 -3.048794e+16  1.355762e+16 -1.424978e+16 -9.077165e+16  -9.514263e-01 -1.493596e-01     258     38    -47
-50.454113 -29.377629 20.168258 9.329423e+16 5.279937 -1.656726e+16 5.136604e+15 -4.989710e+16 -4.628646e+16 -2.282336e+16 -3.824028e+16  8.046177e+15 -1.541693e+16 -1.073501e+17  -5.219054e-01 -7.495268e-02     254     37    -54
-48.640918 -28.346387 23.012695 9.240876e+16 5.277175 -1.692837e+16 1.586200e+15 -5.127805e+16 -4.590890e+16 -2.239310e+16 -3.636605e+16  9.542854e+15 -1.397295e+16 -1.046681e+17  -6.829522e-01 -9.117256e-02     253     35    -53
-53.119168 -25.763808 21.117024 8.572943e+16 5.255453 -1.650068e+16 5.979938e+15 -4.938724e+16 -4.463800e+16 -1.905248e+16 -3.051109e+16  1.412692e+16 -1.145860e+16 -9.420157e+16  -1.232866e+00 -1.499648e-01     257     37    -51
-48.830664 -30.835376 20.333960 1.018363e+17 5.305302 -1.592190e+16 1.474566e+15 -5.017329e+16 -5.170183e+16 -2.613439e+16 -4.389621e+16  7.805624e+15 -1.776181e+16 -1.217324e+17  -4.394610e-01 -6.412116e-02     254     37    -57
-57.279403 -26.264911 16.455686 8.715130e+16 5.260216 -1.710419e+16 1.323436e+16 -4.943422e+16 -4.328989e+16 -2.032127e+16 -3.180388e+16  1.148601e+16 -1.148261e+16 -9.541504e+16  -1.000295e+00 -1.203794e-01     256     40    -50
-56.681816 -27.324075 15.994109 9.512513e+16 5.285564 -1.540664e+16 7.443173e+15 -5.659086e+16 -4.605184e+16 -2.162110e+16 -3.623594e+16  9.815904e+15 -1.461483e+16 -1.039089e+17  -6.716398e-01 -9.446646e-02     252     34    -50
-48.538982 -28.749739 22.711278 9.539665e+16 5.286389 -1.585344e+16 -1.089887e+15 -5.114959e+16 -4.873267e+16 -2.328643e+16 -3.812068e+16  1.061199e+16 -1.483425e+16 -1.101398e+17  -7.153713e-01 -9.635023e-02     254     35    -55
-56.562026 -27.209368 16.228606 8.975656e+16 5.268744 -1.692916e+16 1.124296e+16 -5.328683e+16 -4.288225e+16 -1.963746e+16 -3.403076e+16  8.851493e+15 -1.439330e+16 -9.655047e+16  -6.149731e-01 -9.167738e-02     253     37    -48
-50.808456 -25.937387 23.254157 8.377054e+16 5.248761 -1.603381e+16 3.833975e+15 -4.429682e+16 -4.366575e+16 -2.296386e+16 -2.996376e+16  1.370199e+16 -6.999899e+15 -9.659338e+16  -1.957456e+00 -1.418523e-01     253     37    -56
-60.956307 -24.881926 14.161768 7.733617e+16 5.225622 -1.518634e+16 1.467446e+16 -4.577830e+16 -4.008788e+16 -1.413336e+16 -2.665707e+16  1.343081e+16 -1.252371e+16 -8.087832e+16  -1.072431e+00 -1.660620e-01     264     44    -48
-51.486258 -28.896060 19.617681 8.438196e+16 5.250866 -1.517571e+16 8.027415e+15 -4.253129e+16 -4.430404e+16 -2.038832e+16 -3.400830e+16  1.029574e+16 -1.361999e+16 -9.870066e+16  -7.559288e-01 -1.043128e-01     259     41    -55
-45.761903 -35.007547 19.230550 1.031540e+17 5.309024 -1.556447e+16 9.290216e+15 -3.735697e+16 -5.255201e+16 -2.857806e+16 -5.057260e+16  1.979407e+15 -2.199454e+16 -1.317027e+17  -8.999537e-02 -1.502936e-02     258     43    -63
-53.513614 -25.719334 20.767053 8.792396e+16 5.262772 -1.644177e+16 4.899678e+15 -5.257506e+16 -4.488556e+16 -1.874927e+16 -3.124450e+16  1.364106e+16 -1.249523e+16 -9.487932e+16  -1.091701e+00 -1.437727e-01     256     36    -50
-57.987326 -24.510715 17.501959 8.357591e+16 5.248087 -1.710597e+16 1.221049e+16 -5.100239e+16 -3.904016e+16 -2.048374e+16 -2.826744e+16  1.077272e+16 -7.783699e+15 -8.779133e+16  -1.384010e+00 -1.227082e-01     250     36    -48
-47.149421 -33.486986 19.363593 1.052467e+17 5.314839 -1.609585e+16 8.938928e+15 -4.168727e+16 -5.493386e+16 -2.802156e+16 -4.938149e+16  5.552372e+15 -2.135993e+16 -1.323369e+17  -2.599433e-01 -4.195633e-02     259     43    -61
-53.863773 -26.845217 19.291010 8.507636e+16 5.253239 -1.692175e+16 1.047215e+16 -4.641553e+16 -4.361841e+16 -2.005285e+16 -3.170927e+16  1.190914e+16 -1.165642e+16 -9.538054e+16  -1.021681e+00 -1.248593e-01     257     40    -52
-49.869639 -32.535663 17.594698 1.109080e+17 5.330009 -1.676135e+16 7.581899e+15 -4.936344e+16 -5.553133e+16 -3.025966e+16 -5.063387e+16  4.897467e+15 -2.037421e+16 -1.364249e+17  -2.403758e-01 -3.589864e-02     255     40    -59
-54.757621 -28.084406 17.157973 8.543472e+16 5.254456 -1.525743e+16 1.112516e+16 -4.514087e+16 -4.481453e+16 -1.903023e+16 -3.348147e+16  1.133306e+16 -1.445124e+16 -9.732623e+16  -7.842274e-01 -1.164441e-01     261     42    -53
-46.626082 -30.118336 23.255582 9.880206e+16 5.296544 -1.463259e+16 -5.210211e+15 -5.810441e+16 -4.387036e+16 -2.417428e+16 -4.143209e+16  2.438268e+15 -1.725781e+16 -1.094767e+17  -1.412849e-01 -2.227202e-02     245     28    -55
-47.298580 -32.655571 20.045848 9.873380e+16 5.296344 -1.565107e+16 9.044962e+15 -4.147017e+16 -5.275930e+16 -2.419258e+16 -4.514134e+16  7.617959e+15 -2.094877e+16 -1.220932e+17  -3.636471e-01 -6.239461e-02     262     43    -60
-61.949559 -24.774646 13.275795 7.619848e+16 5.221331 -1.390720e+16 1.195268e+16 -4.660054e+16 -3.816366e+16 -1.526520e+16 -2.615663e+16  1.200704e+16 -1.089143e+16 -7.958549e+16  -1.102430e+00 -1.508697e-01     258     39    -47
-48.778662 -30.738000 20.483338 9.734875e+16 5.292254 -1.819380e+16 9.562440e+15 -4.380798e+16 -4.726563e+16 -2.962570e+16 -4.181855e+16  5.447075e+15 -1.219286e+16 -1.187099e+17  -4.467432e-01 -4.588561e-02     250     39    -59
-57.284010 -26.202416 16.513574 8.406239e+16 5.249768 -1.633685e+16 1.178468e+16 -4.966657e+16 -3.950863e+16 -2.048299e+16 -3.059636e+16  8.912273e+15 -1.011337e+16 -9.058798e+16  -8.812363e-01 -9.838251e-02     251     36    -49
-47.588188 -28.737803 23.674009 8.424303e+16 5.250389 -1.624999e+16 5.704286e+15 -4.159089e+16 -4.585453e+16 -1.948488e+16 -3.361267e+16  1.224187e+16 -1.412779e+16 -9.895208e+16  -8.665099e-01 -1.237151e-01     260     41    -56
-53.086734 -29.654222 17.259045 8.865427e+16 5.265166 -1.443217e+16 7.959671e+15 -4.495870e+16 -4.564571e+16 -2.159752e+16 -3.679523e+16  8.850482e+15 -1.519772e+16 -1.040385e+17  -5.823560e-01 -8.506932e-02     258     40    -55
-56.171863 -22.090546 21.737591 9.130159e+16 5.273686 -1.576421e+16 5.316245e+15 -6.747774e+16 -3.893485e+16 -1.574024e+16 -2.744013e+16  1.149472e+16 -1.169989e+16 -8.211522e+16  -9.824645e-01 -1.399829e-01     243     24    -43
-57.340324 -26.726202 15.933473 8.567573e+16 5.255272 -1.675149e+16 1.506453e+16 -4.667106e+16 -4.354277e+16 -1.956802e+16 -3.187125e+16  1.167152e+16 -1.230323e+16 -9.498203e+16  -9.486550e-01 -1.228813e-01     260     43    -51
-48.430692 -34.209473 17.359835 1.071556e+17 5.320043 -1.570086e+16 1.064639e+16 -3.947356e+16 -5.349808e+16 -3.196782e+16 -5.144637e+16  2.051709e+15 -1.947855e+16 -1.369123e+17  -1.053317e-01 -1.498557e-02     255     43    -63
-60.898050 -24.772935 14.329015 7.965657e+16 5.234181 -1.559530e+16 1.518134e+16 -4.604917e+16 -4.082486e+16 -1.675167e+16 -2.732257e+16  1.350230e+16 -1.057089e+16 -8.489910e+16  -1.277309e+00 -1.590394e-01     261     44    -50
-55.024936 -27.384154 17.590910 8.850771e+16 5.264687 -1.614548e+16 8.439250e+15 -5.215567e+16 -4.237770e+16 -2.035561e+16 -3.375065e+16  8.627045e+15 -1.339504e+16 -9.648396e+16  -6.440478e-01 -8.941430e-02     252     35    -50
-52.291640 -26.326635 21.381724 8.864049e+16 5.265121 -1.878994e+16 1.078251e+16 -4.766528e+16 -4.556297e+16 -2.188850e+16 -3.228453e+16  1.327844e+16 -1.039603e+16 -9.973600e+16  -1.277260e+00 -1.331358e-01     256     40    -53
-47.851062 -30.291472 21.857466 8.284195e+16 5.245534 -1.513985e+16 9.329390e+15 -3.834091e+16 -4.554140e+16 -1.825869e+16 -3.500083e+16  1.054057e+16 -1.674214e+16 -9.880091e+16  -6.295830e-01 -1.066849e-01     263     44    -57
-50.444643 -29.348185 20.207172 9.376686e+16 5.281400 -2.054174e+16 2.010272e+16 -4.309932e+16 -4.757738e+16 -2.311503e+16 -3.839205e+16  9.185327e+15 -1.527702e+16 -1.090845e+17  -6.012511e-01 -8.420381e-02     261     47    -55
-45.655876 -34.420794 19.923330 1.203026e+17 5.353550 -1.623299e+16 -3.486965e+15 -5.414977e+16 -5.870873e+16 -3.096485e+16 -5.797357e+16  7.351510e+14 -2.700872e+16 -1.476472e+17  -2.721902e-02 -4.979108e-03     253     35    -60
-47.952642 -25.456883 26.590475 8.420980e+16 5.250275 -1.822022e+16 1.989775e+15 -5.125830e+16 -4.269058e+16 -1.692291e+16 -2.940093e+16  1.328965e+16 -1.247803e+16 -8.901442e+16  -1.065044e+00 -1.492977e-01     256     35    -49
-52.699866 -29.691338 17.608797 9.309075e+16 5.279304 -1.678890e+16 1.572132e+16 -4.233243e+16 -4.819019e+16 -2.447848e+16 -3.867568e+16  9.514508e+15 -1.419720e+16 -1.113444e+17  -6.701680e-01 -8.545119e-02     260     45    -57
-57.766941 -28.778677 13.454382 8.672180e+16 5.258786 -1.469058e+16 1.699537e+16 -4.324122e+16 -4.409745e+16 -2.099654e+16 -3.497501e+16  9.122441e+15 -1.397846e+16 -1.000690e+17  -6.526068e-01 -9.116151e-02     263     46    -55
-52.001295 -27.464929 20.533776 8.390443e+16 5.249223 -1.697839e+16 8.372100e+15 -4.712448e+16 -4.278995e+16 -1.798451e+16 -3.200937e+16  1.078058e+16 -1.402486e+16 -9.278384e+16  -7.686765e-01 -1.161903e-01     258     39    -50
-56.881300 -29.514657 13.604044 8.804253e+16 5.263162 -1.407003e+16 1.366499e+16 -4.331330e+16 -4.397556e+16 -2.324681e+16 -3.646178e+16  7.513783e+15 -1.321497e+16 -1.036841e+17  -5.685814e-01 -7.246801e-02     258     43    -55
-51.640893 -31.889153 16.469954 9.177068e+16 5.275169 -1.543261e+16 1.909255e+16 -3.792207e+16 -4.678657e+16 -2.358300e+16 -4.108995e+16  5.696619e+15 -1.750695e+16 -1.114595e+17  -3.253919e-01 -5.110932e-02      42     49   -120
-50.943759 -29.669946 19.386294 8.528628e+16 5.253953 -1.665889e+16 1.009498e+16 -4.455726e+16 -4.323270e+16 -1.879129e+16 -3.534963e+16  7.883073e+15 -1.655834e+16 -9.737362e+16  -4.760788e-01 -8.095697e-02     259     41    -52
-54.499096 -27.038836 18.462068 9.511206e+16 5.285524 -1.744510e+16 7.519454e+15 -5.862576e+16 -4.490669e+16 -2.019321e+16 -3.575159e+16  9.155105e+15 -1.555838e+16 -1.008515e+17  -5.884357e-01 -9.077808e-02     252     34    -48
-52.897822 -28.831472 18.270707 1.010423e+17 5.303035 -1.695736e+16 6.959938e+15 -5.328324e+16 -4.951286e+16 -2.733816e+16 -4.067721e+16  8.835644e+15 -1.333905e+16 -1.175282e+17  -6.623892e-01 -7.517891e-02     251     36    -55
-59.492551 -19.944644 20.562805 7.762739e+16 5.226710 -1.591590e+16 7.132011e+15 -5.591684e+16 -3.626413e+16 -1.278952e+16 -2.085948e+16  1.540465e+16 -8.069959e+15 -6.991313e+16  -1.908888e+00 -2.203398e-01     251     30    -42
-51.212835 -31.070253 17.716911 9.764950e+16 5.293147 -1.920042e+16 1.554682e+16 -4.766085e+16 -4.720015e+16 -2.404346e+16 -4.252615e+16  4.673995e+15 -1.848269e+16 -1.137698e+17  -2.528850e-01 -4.108292e-02     257     43    -54
-56.368504 -26.698344 16.933153 9.786573e+16 5.293787 -1.562806e+16 7.304234e+15 -6.152076e+16 -4.410183e+16 -2.329341e+16 -3.633614e+16  7.765686e+15 -1.304273e+16 -1.037314e+17  -5.954034e-01 -7.486342e-02     244     30    -50
-56.497291 -29.343054 14.159655 9.461451e+16 5.284005 -1.602961e+16 1.896241e+16 -4.340368e+16 -4.748209e+16 -2.613232e+16 -3.892934e+16  8.552752e+15 -1.279702e+16 -1.125438e+17  -6.683394e-01 -7.599490e-02     260     46    -57
-49.220851 -31.213646 19.565502 9.309727e+16 5.279325 -1.538420e+16 6.215648e+15 -4.260429e+16 -4.762265e+16 -2.512685e+16 -4.066765e+16  6.955000e+15 -1.554080e+16 -1.134171e+17  -4.475316e-01 -6.132230e-02     255     40    -58
-54.476304 -23.443781 22.079915 7.272934e+16 5.207840 -1.391409e+16 2.939813e+15 -4.620264e+16 -3.850610e+16 -1.275097e+16 -2.332856e+16  1.517754e+16 -1.057759e+16 -7.458562e+16  -1.434877e+00 -2.034915e-01     259     36    -47
-50.119612 -27.739921 22.140467 8.123165e+16 5.239850 -1.675137e+16 1.199419e+16 -3.911199e+16 -4.417409e+16 -1.931539e+16 -3.126970e+16  1.290439e+16 -1.195431e+16 -9.475917e+16  -1.079476e+00 -1.361809e-01     261     44    -56
-51.046526 -30.766582 18.186892 9.778173e+16 5.293538 -1.753725e+16 1.113631e+16 -4.868991e+16 -4.950589e+16 -2.276171e+16 -4.213643e+16  7.369465e+15 -1.937472e+16 -1.144040e+17  -3.803650e-01 -6.441613e-02     259     41    -54
-57.568444 -26.709940 15.721615 8.492087e+16 5.252710 -1.495253e+16 9.919985e+15 -4.933722e+16 -4.333341e+16 -1.772381e+16 -3.157487e+16  1.175854e+16 -1.385106e+16 -9.263208e+16  -8.489271e-01 -1.269381e-01     259     39    -50
-53.029306 -19.577023 27.393671 8.743043e+16 5.261142 -1.529360e+16 -2.836470e+15 -6.393021e+16 -4.028627e+16 -1.611938e+16 -2.284530e+16  1.744097e+16 -6.725921e+15 -7.925095e+16  -2.593097e+00 -2.200726e-01     248     26    -46
-44.162042 -29.865209 25.972749 7.872495e+16 5.230775 -1.653502e+16 8.244219e+15 -3.379084e+16 -4.304720e+16 -2.005451e+16 -3.261787e+16  1.042933e+16 -1.256336e+16 -9.571957e+16  -8.301386e-01 -1.089571e-01     259     43    -59
-47.620297 -29.448455 22.931248 9.787885e+16 5.293826 -1.707411e+16 1.327594e+14 -5.219693e+16 -4.854297e+16 -2.455754e+16 -4.010501e+16  8.437961e+15 -1.554746e+16 -1.132055e+17  -5.427227e-01 -7.453665e-02     252     34    -55
-48.775945 -30.729204 20.494851 9.228542e+16 5.276789 -1.606616e+16 9.527371e+15 -4.160786e+16 -4.944711e+16 -2.267658e+16 -3.963128e+16  9.815836e+15 -1.695470e+16 -1.117550e+17  -5.789450e-01 -8.783355e-02     261     43    -58
-53.245100 -27.659293 19.095607 8.640866e+16 5.257738 -1.771582e+16 1.400872e+16 -4.421670e+16 -4.453698e+16 -2.079249e+16 -3.325999e+16  1.127699e+16 -1.246750e+16 -9.858946e+16  -9.045112e-01 -1.143833e-01     259     43    -53
-55.905965 -28.600362 15.493673 9.206115e+16 5.276084 -1.628492e+16 1.481194e+16 -4.744047e+16 -4.735824e+16 -2.129999e+16 -3.683154e+16  1.052671e+16 -1.553155e+16 -1.054898e+17  -6.777631e-01 -9.978891e-02     262     44    -53
-58.195840 -25.243065 16.561095 8.205598e+16 5.242773 -1.712730e+16 1.340580e+16 -4.877222e+16 -4.040392e+16 -1.752283e+16 -2.868074e+16  1.172318e+16 -1.115791e+16 -8.660750e+16  -1.050661e+00 -1.353599e-01     257     40    -48
-55.872157 -28.680465 15.447377 1.040738e+17 5.311594 -1.734433e+16 1.223070e+16 -6.233957e+16 -4.475786e+16 -2.636641e+16 -4.176251e+16  2.995344e+15 -1.539610e+16 -1.128868e+17  -1.945521e-01 -2.653406e-02     242     31    -50
-57.939808 -28.273954 13.786238 9.105769e+16 5.272911 -1.520581e+16 1.175285e+16 -5.136249e+16 -4.407959e+16 -2.131024e+16 -3.603302e+16  8.046571e+15 -1.472278e+16 -1.014228e+17  -5.465387e-01 -7.933687e-02     254     38    -51
-50.400695 -33.602972 15.996333 1.091626e+17 5.325416 -1.632769e+16 8.530695e+15 -5.101536e+16 -5.229518e+16 -2.805472e+16 -5.154647e+16  7.487159e+14 -2.349175e+16 -1.318964e+17  -3.187144e-02 -5.676546e-03     254     39    -57
-54.084511 -30.211341 15.704149 9.658013e+16 5.289959 -1.474737e+16 7.169600e+15 -5.125991e+16 -4.663737e+16 -2.451303e+16 -4.092350e+16  5.713876e+15 -1.641047e+16 -1.120739e+17  -3.481848e-01 -5.098312e-02     252     36    -54
-54.284902 -26.153550 19.561548 8.474541e+16 5.252111 -1.766388e+16 1.526703e+16 -4.238512e+16 -4.462305e+16 -2.165333e+16 -3.070148e+16  1.392157e+16 -9.048143e+15 -9.697786e+16  -1.538611e+00 -1.435541e-01     260     44    -55
-56.375906 -27.159361 16.464732 7.982700e+16 5.234800 -1.607652e+16 1.414832e+16 -4.268883e+16 -3.924783e+16 -1.997369e+16 -3.020068e+16  9.047150e+15 -1.022699e+16 -8.942219e+16  -8.846347e-01 -1.011734e-01     256     42    -52
-54.259899 -24.732152 21.007949 8.593392e+16 5.256143 -1.761579e+16 7.598248e+15 -5.347775e+16 -4.098930e+16 -1.966252e+16 -2.925780e+16  1.173150e+16 -9.595279e+15 -8.990962e+16  -1.222633e+00 -1.304811e-01     251     34    -48
-50.186681 -30.478369 19.334950 1.097215e+17 5.326894 -1.562368e+16 -1.016360e+15 -5.961094e+16 -5.118527e+16 -2.912181e+16 -4.677314e+16  4.412130e+15 -1.765133e+16 -1.270802e+17  -2.499602e-01 -3.471925e-02     247     32    -56
-46.972209 -30.496753 22.531038 9.826246e+16 5.294958 -1.480248e+16 -4.318260e+15 -4.907522e+16 -4.927624e+16 -2.605860e+16 -4.177802e+16  7.498217e+15 -1.571942e+16 -1.171129e+17  -4.770033e-01 -6.402556e-02     252     34    -59
-49.968994 -28.194417 21.836589 9.198657e+16 5.275850 -1.513936e+16 -5.687498e+14 -5.245344e+16 -4.591551e+16 -2.121447e+16 -3.603962e+16  9.875893e+15 -1.482515e+16 -1.031696e+17  -6.661582e-01 -9.572483e-02     253     33    -53
-48.195566 -29.680603 22.123831 9.729947e+16 5.292107 -1.889512e+16 6.069394e+15 -5.093393e+16 -4.836051e+16 -2.374678e+16 -4.023268e+16  8.127825e+15 -1.648590e+16 -1.123400e+17  -4.930168e-01 -7.235025e-02     254     37    -54
-54.564653 -26.971454 18.463893 8.203272e+16 5.242691 -1.554829e+16 1.038932e+16 -4.469381e+16 -4.345827e+16 -1.760396e+16 -3.075261e+16  1.270566e+16 -1.314865e+16 -9.181485e+16  -9.663095e-01 -1.383835e-01     261     42    -52
-52.340326 -26.935716 20.723958 8.818260e+16 5.263622 -1.635358e+16 4.877530e+15 -5.121825e+16 -4.488186e+16 -1.907071e+16 -3.294066e+16  1.194121e+16 -1.386995e+16 -9.689323e+16  -8.609410e-01 -1.232409e-01     256     36    -51
-50.331905 -30.872427 18.795668 9.466002e+16 5.284144 -1.596403e+16 8.049522e+15 -4.428029e+16 -4.794854e+16 -2.547196e+16 -4.091376e+16  7.034772e+15 -1.544181e+16 -1.143343e+17  -4.555666e-01 -6.152812e-02     255     40    -57
-53.227378 -27.561965 19.210656 8.753142e+16 5.261476 -1.701900e+16 1.134502e+16 -4.658042e+16 -4.619564e+16 -1.913405e+16 -3.356187e+16  1.263377e+16 -1.442783e+16 -9.889156e+16  -8.756528e-01 -1.277537e-01     261     42    -52
-48.032139 -30.575175 21.392685 1.039963e+17 5.311379 -1.833946e+16 3.583930e+15 -5.325396e+16 -5.074150e+16 -2.700893e+16 -4.438779e+16  6.353702e+15 -1.737886e+16 -1.221382e+17  -3.655994e-01 -5.202059e-02     252     36    -56
-51.816748 -30.274361 17.908891 1.000900e+17 5.300294 -1.529574e+16 3.523854e+15 -5.614429e+16 -4.626257e+16 -2.497672e+16 -4.242559e+16  3.836981e+15 -1.744886e+16 -1.136649e+17  -2.198986e-01 -3.375696e-02     248     32    -53
-51.018663 -27.805657 21.175679 8.849626e+16 5.264650 -1.697071e+16 5.580588e+15 -5.064776e+16 -4.247290e+16 -2.167259e+16 -3.418673e+16  8.286175e+15 -1.251414e+16 -9.833221e+16  -6.621451e-01 -8.426715e-02     251     35    -52
-48.162451 -32.329409 19.508140 1.056396e+17 5.315918 -1.675861e+16 5.117499e+15 -4.559577e+16 -5.244470e+16 -3.103611e+16 -4.783543e+16  4.609268e+15 -1.679933e+16 -1.313162e+17  -2.743722e-01 -3.510052e-02     252     38    -61
-53.072511 -28.558513 18.368976 9.557871e+16 5.286941 -1.616256e+16 6.422695e+15 -5.184653e+16 -4.607719e+16 -2.570836e+16 -3.808895e+16  7.988247e+15 -1.238059e+16 -1.098745e+17  -6.452236e-01 -7.270338e-02     250     35    -54
-52.009507 -31.417948 16.572546 8.931419e+16 5.267314 -1.332871e+16 1.008589e+16 -4.195512e+16 -4.730999e+16 -2.030314e+16 -3.938204e+16  7.927946e+15 -1.907890e+16 -1.069952e+17  -4.155348e-01 -7.409629e-02     264     44    -57
-51.362017 -29.464305 19.173679 8.277266e+16 5.245291 -1.361960e+16 3.734293e+15 -4.429706e+16 -4.204743e+16 -1.926271e+16 -3.406522e+16  7.982207e+15 -1.480251e+16 -9.537537e+16  -5.392470e-01 -8.369254e-02     256     37    -54
-40.008915 -35.246782 24.744303 1.026645e+17 5.307647 -1.794182e+16 1.385528e+16 -2.846567e+16 -5.477854e+16 -2.882300e+16 -5.036861e+16  4.409936e+15 -2.154561e+16 -1.339701e+17  -2.046791e-01 -3.291730e-02      47     47   -111
-53.788550 -30.429763 15.781687 1.041627e+17 5.311842 -1.693132e+16 1.111576e+16 -5.204846e+16 -5.057048e+16 -2.806979e+16 -4.446582e+16  6.104661e+15 -1.639603e+16 -1.231061e+17  -3.723256e-01 -4.958861e-02     253     39    -55
-53.659710 -29.227130 17.113160 9.331593e+16 5.280004 -1.518257e+16 8.747754e+15 -4.830105e+16 -4.874495e+16 -2.148351e+16 -3.814895e+16  1.059601e+16 -1.666544e+16 -1.083774e+17  -6.358073e-01 -9.776952e-02     260     41    -54
-58.402539 -24.671588 16.925872 8.567410e+16 5.255266 -1.884444e+16 1.612099e+16 -4.997236e+16 -4.246801e+16 -1.871999e+16 -2.919868e+16  1.326933e+16 -1.047869e+16 -9.038668e+16  -1.266316e+00 -1.468063e-01     258     42    -48
-76.534706 -14.354676 9.110618 6.831629e+16 5.189716 -1.487548e+16 1.842643e+16 -5.049062e+16 -3.022848e+16 -9.871673e+15 -1.284220e+16  1.738628e+16 -2.970531e+15 -5.294236e+16  -5.852919e+00 -3.284002e-01     242     27    -37
-54.115183 -29.134523 16.750294 8.910302e+16 5.266628 -1.674119e+16 1.670294e+16 -4.368587e+16 -4.598017e+16 -2.068747e+16 -3.631600e+16  9.664170e+15 -1.562853e+16 -1.029836e+17  -6.183672e-01 -9.384181e-02     263     46    -55
-50.198793 -26.313680 23.487526 8.368282e+16 5.248458 -1.468970e+16 -7.853819e+14 -4.970817e+16 -4.283992e+16 -1.799282e+16 -3.039404e+16  1.244588e+16 -1.240122e+16 -9.122678e+16  -1.003601e+00 -1.364279e-01     255     33    -51
-58.684976 -23.071650 18.243374 8.003932e+16 5.235569 -1.741681e+16 1.253172e+16 -4.981656e+16 -3.783912e+16 -1.888125e+16 -2.531749e+16  1.252163e+16 -6.436245e+15 -8.203787e+16  -1.945487e+00 -1.526323e-01     251     36    -47
-50.689428 -25.520940 23.789632 8.817253e+16 5.263589 -1.746777e+16 3.494496e+15 -5.281464e+16 -4.212479e+16 -2.250310e+16 -3.097147e+16  1.115332e+16 -8.468369e+15 -9.559936e+16  -1.317056e+00 -1.166673e-01     249     33    -52
-52.897202 -19.717841 27.384957 7.679040e+16 5.223571 -1.359474e+16 -3.974708e+15 -5.257992e+16 -3.875312e+16 -1.514238e+16 -2.022527e+16  1.852785e+16 -5.082884e+15 -7.412076e+16  -3.645145e+00 -2.499684e-01     253     29    -48
-49.764282 -30.943874 19.291844 1.003973e+17 5.301181 -1.566042e+16 2.016433e+15 -5.297313e+16 -4.780724e+16 -2.584187e+16 -4.347716e+16  4.330082e+15 -1.763529e+16 -1.171263e+17  -2.455350e-01 -3.696935e-02     250     34    -55
-48.888042 -24.975695 26.136263 9.127759e+16 5.273609 -1.673465e+16 -1.960769e+15 -5.949528e+16 -4.218943e+16 -2.025602e+16 -3.123217e+16  1.095726e+16 -1.097615e+16 -9.367762e+16  -9.982794e-01 -1.169678e-01     248     29    -50
-51.658509 -27.270485 21.071006 9.576514e+16 5.287505 -1.759998e+16 4.207007e+15 -5.647526e+16 -4.690989e+16 -2.164359e+16 -3.623779e+16  1.067210e+16 -1.459420e+16 -1.047913e+17  -7.312561e-01 -1.018415e-01     253     34    -51
-56.558483 -30.991981 12.449536 9.618470e+16 5.288771 -1.504380e+16 1.456336e+16 -4.917769e+16 -4.690710e+16 -2.243294e+16 -4.194335e+16  4.963747e+15 -1.951041e+16 -1.112834e+17  -2.544153e-01 -4.460456e-02     260     42    -53
-48.526790 -31.366680 20.106530 9.286362e+16 5.278597 -1.595466e+16 6.041030e+15 -4.542837e+16 -4.772168e+16 -2.163827e+16 -4.074867e+16  6.973011e+15 -1.911041e+16 -1.101086e+17  -3.648803e-01 -6.332847e-02     258     40    -55
-58.469553 -25.716913 15.813534 8.420497e+16 5.250258 -1.907294e+16 2.505198e+16 -4.320098e+16 -4.197889e+16 -1.846421e+16 -3.005009e+16  1.192880e+16 -1.158588e+16 -9.049319e+16  -1.029599e+00 -1.318199e-01     266     52    -53
-57.632092 -22.519808 19.848100 7.356964e+16 5.211166 -1.744481e+16 1.184633e+16 -4.623492e+16 -3.822401e+16 -1.197538e+16 -2.262647e+16  1.559754e+16 -1.065109e+16 -7.282585e+16  -1.464408e+00 -2.141759e-01     262     41    -45
-64.106296 -23.550749 12.342956 7.371308e+16 5.211730 -1.281026e+16 1.071744e+16 -4.736470e+16 -3.654102e+16 -1.412250e+16 -2.395128e+16  1.258975e+16 -9.828776e+15 -7.461480e+16  -1.280907e+00 -1.687299e-01     255     36    -46
-57.233135 -24.776239 17.990626 9.029000e+16 5.270460 -1.637808e+16 8.120322e+15 -6.132141e+16 -4.060005e+16 -1.698955e+16 -3.088692e+16  9.713132e+15 -1.389737e+16 -8.847652e+16  -6.989186e-01 -1.097820e-01     247     29    -45
-52.619414 -26.242092 21.138494 8.727829e+16 5.260637 -1.875651e+16 9.625573e+15 -5.053434e+16 -4.290946e+16 -2.016737e+16 -3.168602e+16  1.122344e+16 -1.151865e+16 -9.476285e+16  -9.743713e-01 -1.184371e-01     254     38    -50
-48.537996 -30.644264 20.817740 9.836443e+16 5.295259 -1.742654e+16 5.826203e+15 -4.767294e+16 -4.960159e+16 -2.580015e+16 -4.210723e+16  7.494359e+15 -1.630708e+16 -1.175090e+17  -4.595771e-01 -6.377691e-02     254     38    -57
-46.956625 -35.153275 17.890100 1.081804e+17 5.322799 -1.686643e+16 1.013826e+16 -4.176754e+16 -5.212921e+16 -3.111151e+16 -5.331675e+16  -1.187533e+15 -2.220523e+16 -1.365575e+17  5.347989e-02 8.696218e-03     254     41    -61
-53.166270 -26.154111 20.679619 9.736101e+16 5.292290 -1.553291e+16 5.072942e+14 -6.236939e+16 -4.599273e+16 -2.058090e+16 -3.523466e+16  1.075807e+16 -1.465376e+16 -1.018083e+17  -7.341508e-01 -1.056699e-01     249     30    -49
-47.853420 -33.699367 18.447212 1.074882e+17 5.320941 -1.655874e+16 4.686787e+15 -4.916013e+16 -5.129215e+16 -2.910315e+16 -5.079501e+16  4.971408e+14 -2.169187e+16 -1.311903e+17  -2.291831e-02 -3.789463e-03     252     37    -58
-50.963548 -26.810223 22.226229 8.687528e+16 5.259297 -1.624246e+16 3.275299e+15 -5.033345e+16 -4.235798e+16 -2.165269e+16 -3.223985e+16  1.011813e+16 -1.058716e+16 -9.625052e+16  -9.556984e-01 -1.051229e-01     251     34    -52
-53.836308 -26.821610 19.342082 8.448216e+16 5.251210 -1.638537e+16 9.734132e+15 -4.773979e+16 -4.530398e+16 -1.570563e+16 -3.145652e+16  1.384745e+16 -1.575090e+16 -9.246613e+16  -8.791533e-01 -1.497571e-01     263     42    -50
-53.949563 -30.909212 15.141225 9.984190e+16 5.299575 -1.751306e+16 1.766140e+16 -4.577267e+16 -4.845104e+16 -2.751102e+16 -4.333849e+16  5.112544e+15 -1.582748e+16 -1.193005e+17  -3.230169e-01 -4.285432e-02     257     44    -56
-50.824194 -30.810592 18.365214 8.773225e+16 5.262139 -1.496070e+16 1.859363e+16 -3.047842e+16 -4.525606e+16 -2.749975e+16 -3.785577e+16  7.400289e+15 -1.035602e+16 -1.106116e+17  -7.145879e-01 -6.690338e-02     258     48    -64
-48.875625 -30.577968 20.546407 1.064000e+17 5.317994 -1.680106e+16 2.794396e+14 -6.014342e+16 -4.886329e+16 -2.587846e+16 -4.545736e+16  3.405929e+15 -1.957890e+16 -1.201991e+17  -1.739591e-01 -2.833573e-02     248     32    -54
-51.880006 -30.676936 17.443058 9.520984e+16 5.285821 -1.691849e+16 1.113678e+16 -4.672623e+16 -4.641570e+16 -2.519134e+16 -4.093098e+16  5.484719e+15 -1.573964e+16 -1.125380e+17  -3.484653e-01 -4.873659e-02     254     40    -55
-52.789469 -24.470492 22.740040 7.662892e+16 5.222962 -1.613069e+16 5.294887e+15 -4.750715e+16 -4.044517e+16 -1.303327e+16 -2.574253e+16  1.470264e+16 -1.270926e+16 -7.922097e+16  -1.156845e+00 -1.855903e-01     260     38    -47
-56.940932 -17.485967 25.573101 8.235569e+16 5.243829 -1.644410e+16 3.398168e+15 -6.279724e+16 -3.706121e+16 -1.283568e+16 -1.902657e+16  1.803464e+16 -6.190891e+15 -6.892347e+16  -2.913093e+00 -2.616618e-01     249     26    -41
-51.510832 -29.368893 19.120275 9.477021e+16 5.284481 -1.698803e+16 9.956483e+15 -4.606272e+16 -4.887023e+16 -2.469848e+16 -3.887210e+16  9.998132e+15 -1.417362e+16 -1.124408e+17  -7.054041e-01 -8.891907e-02     257     41    -56
-47.890884 -31.156197 20.952919 9.484899e+16 5.284722 -1.621192e+16 6.301357e+15 -4.121955e+16 -4.916624e+16 -2.663723e+16 -4.129755e+16  7.868688e+15 -1.466032e+16 -1.171010e+17  -5.367338e-01 -6.719572e-02     255     40    -60
-55.351252 -28.338056 16.310691 8.307017e+16 5.246330 -1.383570e+16 6.789046e+15 -4.824465e+16 -4.094821e+16 -1.767514e+16 -3.289029e+16  8.057925e+15 -1.521515e+16 -9.151365e+16  -5.295990e-01 -8.805163e-02     255     36    -50
-55.734838 -29.093978 15.171183 8.973397e+16 5.268671 -1.571634e+16 1.218711e+16 -4.761046e+16 -4.258867e+16 -2.369565e+16 -3.656462e+16  6.024055e+15 -1.286897e+16 -1.028489e+17  -4.681071e-01 -5.857187e-02     252     38    -53
-52.762919 -27.555742 19.681339 9.980800e+16 5.299477 -1.714783e+16 4.792069e+15 -5.988365e+16 -4.628072e+16 -2.438193e+16 -3.824287e+16  8.037845e+15 -1.386094e+16 -1.089055e+17  -5.798916e-01 -7.380567e-02     247     32    -51
-54.015427 -24.788713 21.195860 8.092922e+16 5.238770 -1.740442e+16 9.030247e+15 -4.781727e+16 -4.209863e+16 -1.643784e+16 -2.761739e+16  1.448124e+16 -1.117956e+16 -8.615385e+16  -1.295332e+00 -1.680858e-01     259     39    -49
-46.004016 -34.046555 19.949428 1.131097e+17 5.335700 -1.664985e+16 4.232851e+14 -4.725620e+16 -5.449671e+16 -3.353460e+16 -5.392133e+16  5.753856e+14 -2.038672e+16 -1.419526e+17  -2.822354e-02 -4.053363e-03     249     36    -63
-59.178702 -16.016100 24.805198 7.747084e+16 5.226126 -1.824972e+16 8.629247e+15 -5.799679e+16 -3.430175e+16 -1.370241e+16 -1.625227e+16  1.804948e+16 -2.549856e+15 -6.425643e+16  -7.078626e+00 -2.808976e-01     249     29    -40
-61.327915 -26.670533 12.001552 8.523243e+16 5.253770 -1.417943e+16 1.189968e+16 -5.207840e+16 -4.152172e+16 -1.675584e+16 -3.171966e+16  9.802056e+15 -1.496382e+16 -8.999723e+16  -6.550504e-01 -1.089151e-01     256     37    -47
-50.612700 -26.092907 23.294393 9.115085e+16 5.273207 -1.611959e+16 -2.963905e+14 -5.644421e+16 -4.423698e+16 -2.006936e+16 -3.281363e+16  1.142335e+16 -1.274426e+16 -9.711997e+16  -8.963524e-01 -1.176210e-01     251     31    -50
-53.464128 -27.650884 18.884988 9.299322e+16 5.279001 -1.775604e+16 1.213285e+16 -4.778155e+16 -4.834083e+16 -2.303329e+16 -3.578979e+16  1.255104e+16 -1.275650e+16 -1.071639e+17  -9.838934e-01 -1.171200e-01     258     42    -54
-47.421602 -30.423666 22.154732 9.891177e+16 5.296865 -1.621969e+16 1.808586e+15 -4.554039e+16 -5.231085e+16 -2.627692e+16 -4.196660e+16  1.034425e+16 -1.568968e+16 -1.205544e+17  -6.593031e-01 -8.580571e-02     256     38    -59
-52.802311 -26.766419 20.431270 8.378224e+16 5.248801 -1.809122e+16 1.156256e+16 -4.578917e+16 -4.206971e+16 -2.000342e+16 -3.109443e+16  1.097528e+16 -1.109101e+16 -9.316756e+16  -9.895659e-01 -1.178015e-01     256     40    -51
-54.186577 -25.482308 20.331115 8.345926e+16 5.247683 -1.566720e+16 5.910496e+15 -4.966060e+16 -4.466206e+16 -1.546582e+16 -2.937404e+16  1.528802e+16 -1.390822e+16 -8.950193e+16  -1.099207e+00 -1.708122e-01     261     38    -49
-56.440547 -24.593710 18.965742 8.793798e+16 5.262818 -1.658113e+16 7.629518e+15 -5.420042e+16 -4.308080e+16 -2.013568e+16 -2.981495e+16  1.326585e+16 -9.679270e+15 -9.303143e+16  -1.370542e+00 -1.425953e-01     252     35    -49
-48.575953 -28.985781 22.438266 9.309173e+16 5.279307 -1.631373e+16 6.072679e+14 -5.238571e+16 -4.635970e+16 -2.075473e+16 -3.753342e+16  8.826272e+15 -1.677869e+16 -1.046479e+17  -5.260406e-01 -8.434260e-02     254     34    -52
-51.213265 -26.709960 22.076775 8.524610e+16 5.253816 -1.593104e+16 3.797399e+15 -4.750586e+16 -4.371944e+16 -2.078683e+16 -3.151299e+16  1.220645e+16 -1.072616e+16 -9.601926e+16  -1.138008e+00 -1.271250e-01     254     36    -53
-61.494279 -17.904277 20.601443 7.367563e+16 5.211583 -1.534250e+16 6.927120e+15 -5.242887e+16 -3.624121e+16 -1.267270e+16 -1.756202e+16  1.867919e+16 -4.889319e+15 -6.647593e+16  -3.820408e+00 -2.809918e-01     253     32    -43
-53.570941 -27.012311 19.416748 8.791237e+16 5.262733 -1.733292e+16 1.011171e+16 -4.758426e+16 -4.310802e+16 -2.357062e+16 -3.298169e+16  1.012633e+16 -9.411065e+15 -9.966033e+16  -1.076003e+00 -1.016085e-01     252     38    -53
-53.272962 -25.489532 21.237507 8.574284e+16 5.255499 -1.811937e+16 9.490661e+15 -4.859564e+16 -4.392537e+16 -1.999443e+16 -3.015997e+16  1.376541e+16 -1.016554e+16 -9.407977e+16  -1.354125e+00 -1.463163e-01     256     39    -51
-48.957313 -27.802471 23.240217 8.220821e+16 5.243310 -1.648832e+16 5.689726e+15 -4.262039e+16 -4.282220e+16 -2.049789e+16 -3.168371e+16  1.113849e+16 -1.118582e+16 -9.500380e+16  -9.957695e-01 -1.172426e-01     256     39    -55
-49.728858 -30.640929 19.630213 8.547853e+16 5.254605 -1.734864e+16 1.655227e+16 -3.656987e+16 -4.276412e+16 -2.345169e+16 -3.662993e+16  6.134191e+15 -1.317824e+16 -1.028457e+17  -4.654788e-01 -5.964458e-02     258     46    -58
-55.377831 -28.760989 15.861180 9.952263e+16 5.298648 -1.585550e+16 7.391717e+15 -5.935266e+16 -4.646118e+16 -2.206768e+16 -4.004221e+16  6.418971e+15 -1.797453e+16 -1.085711e+17  -3.571147e-01 -5.912230e-02     250     33    -50
-48.024180 -30.740078 21.235741 1.029524e+17 5.308458 -1.858319e+16 6.928557e+15 -4.574035e+16 -5.009708e+16 -3.241098e+16 -4.419498e+16  5.902099e+15 -1.178400e+16 -1.267031e+17  -5.008569e-01 -4.658214e-02     248     38    -60
-51.740194 -30.900050 17.359756 1.031786e+17 5.309093 -1.533669e+16 4.029865e+15 -5.353405e+16 -5.064099e+16 -2.575589e+16 -4.469378e+16  5.947208e+15 -1.893789e+16 -1.210907e+17  -3.140374e-01 -4.911368e-02     253     36    -55
-59.818275 -22.214330 17.967396 8.258179e+16 5.244623 -1.599739e+16 8.129990e+15 -5.595672e+16 -4.028336e+16 -1.460769e+16 -2.505997e+16  1.522339e+16 -1.045228e+16 -7.995102e+16  -1.456467e+00 -1.904090e-01     254     33    -44
-61.487503 -22.580938 15.931558 7.731061e+16 5.225526 -1.769402e+16 1.482723e+16 -5.033265e+16 -3.598627e+16 -1.488018e+16 -2.392649e+16  1.205978e+16 -9.046308e+15 -7.479294e+16  -1.333116e+00 -1.612422e-01     254     37    -43
-54.824042 -24.664833 20.511125 8.042893e+16 5.236975 -1.674359e+16 7.032325e+15 -5.259578e+16 -3.849027e+16 -1.455368e+16 -2.731557e+16  1.117470e+16 -1.276189e+16 -8.035951e+16  -8.756306e-01 -1.390588e-01     254     34    -45
-55.495635 -28.116438 16.387927 7.889194e+16 5.231388 -1.536147e+16 1.238754e+16 -4.361606e+16 -3.992147e+16 -1.606340e+16 -3.097440e+16  8.947064e+15 -1.491101e+16 -8.695927e+16  -6.000309e-01 -1.028880e-01     261     43    -50
-54.706316 -30.282307 15.011377 9.261813e+16 5.277831 -1.346066e+16 7.340795e+15 -4.710812e+16 -4.610676e+16 -2.390963e+16 -3.936130e+16  6.745459e+15 -1.545167e+16 -1.093777e+17  -4.365521e-01 -6.167125e-02     255     38    -55
-52.243691 -30.219859 17.536450 1.010048e+17 5.302928 -1.678409e+16 6.360150e+15 -5.803408e+16 -4.666822e+16 -2.289860e+16 -4.274694e+16  3.921283e+15 -1.984833e+16 -1.123138e+17  -1.975623e-01 -3.491364e-02     250     34    -51
-53.678088 -26.732147 19.589764 8.901406e+16 5.266339 -1.471044e+16 3.154216e+15 -5.153313e+16 -4.347085e+16 -2.286267e+16 -3.301734e+16  1.045350e+16 -1.015467e+16 -9.935086e+16  -1.029428e+00 -1.052180e-01     249     33    -53
-59.623191 -23.595955 16.780854 9.052793e+16 5.271222 -1.739380e+16 1.070797e+16 -5.964650e+16 -4.285453e+16 -1.791296e+16 -2.938662e+16  1.346791e+16 -1.147365e+16 -9.015411e+16  -1.173812e+00 -1.493877e-01     251     33    -45
-48.740007 -27.743116 23.516877 7.967667e+16 5.234254 -1.611645e+16 8.097760e+15 -3.944532e+16 -4.383126e+16 -1.832210e+16 -3.062859e+16  1.320267e+16 -1.230648e+16 -9.278195e+16  -1.072822e+00 -1.422978e-01     261     42    -55
-54.854658 -22.321382 22.823960 8.226700e+16 5.243517 -1.661228e+16 4.455230e+15 -5.476007e+16 -3.979211e+16 -1.684183e+16 -2.498195e+16  1.481016e+16 -8.140112e+15 -8.161589e+16  -1.819405e+00 -1.814618e-01     252     32    -47
-49.172063 -30.727975 20.099962 9.518232e+16 5.285738 -1.595687e+16 4.417952e+15 -4.630734e+16 -4.767582e+16 -2.544172e+16 -4.088964e+16  6.786182e+15 -1.544792e+16 -1.140072e+17  -4.392943e-01 -5.952416e-02     253     37    -57
-49.950406 -30.156159 19.893435 8.725560e+16 5.260562 -1.696001e+16 1.215857e+16 -4.355305e+16 -4.596992e+16 -1.786228e+16 -3.676753e+16  9.202391e+15 -1.890524e+16 -1.005997e+17  -4.867640e-01 -9.147531e-02     263     44    -53
-56.765688 -25.565110 17.669202 8.661731e+16 5.258436 -1.806474e+16 1.308568e+16 -5.195905e+16 -3.991392e+16 -2.127034e+16 -3.066720e+16  9.246720e+15 -9.396861e+15 -9.185145e+16  -9.840223e-01 -1.006704e-01     250     36    -48
-57.615701 -23.841914 18.542385 8.609469e+16 5.256684 -1.668799e+16 7.559768e+15 -5.829784e+16 -4.106239e+16 -1.437426e+16 -2.822572e+16  1.283667e+16 -1.385146e+16 -8.366237e+16  -9.267380e-01 -1.534342e-01     253     32    -43
-58.684368 -27.927967 13.387665 9.679979e+16 5.290616 -1.583793e+16 1.259358e+16 -5.467875e+16 -4.788911e+16 -2.194500e+16 -3.781639e+16  1.007273e+16 -1.587138e+16 -1.076505e+17  -6.346471e-01 -9.356880e-02     256     39    -51
-48.640560 -30.644156 20.715285 9.604937e+16 5.288363 -1.696962e+16 7.621827e+15 -4.515277e+16 -5.026137e+16 -2.395773e+16 -4.112033e+16  9.141034e+15 -1.716260e+16 -1.153394e+17  -5.326136e-01 -7.925333e-02     258     41    -57
-52.556247 -28.830806 18.612947 9.326854e+16 5.279857 -1.658458e+16 8.466203e+15 -4.959508e+16 -4.801108e+16 -2.127674e+16 -3.753524e+16  1.047584e+16 -1.625850e+16 -1.068231e+17  -6.443303e-01 -9.806724e-02     258     40    -53
-50.269668 -33.965564 15.764768 1.043469e+17 5.312353 -1.588300e+16 1.472460e+16 -3.866896e+16 -5.011031e+16 -3.255676e+16 -4.980962e+16  3.006891e+14 -1.725286e+16 -1.324767e+17  -1.742836e-02 -2.269751e-03     253     44    -62
-52.704333 -28.799979 18.495687 9.170048e+16 5.274948 -1.571880e+16 5.499710e+15 -5.215776e+16 -4.508259e+16 -2.044934e+16 -3.686638e+16  8.216207e+15 -1.641704e+16 -1.023983e+17  -5.004682e-01 -8.023772e-02     254     36    -51
-50.627104 -23.390063 25.982833 9.964579e+16 5.299006 -1.724177e+16 -7.837503e+14 -7.140406e+16 -4.274609e+16 -1.925964e+16 -3.174288e+16  1.100320e+16 -1.248325e+16 -9.374860e+16  -8.814375e-01 -1.173692e-01     245     25    -46
-52.727928 -23.148135 24.123937 8.491678e+16 5.252696 -1.668512e+16 2.559512e+15 -5.838646e+16 -3.928193e+16 -1.616596e+16 -2.680172e+16  1.248021e+16 -1.063576e+16 -8.224961e+16  -1.173419e+00 -1.517357e-01     250     29    -45
-54.159333 -26.603279 19.237388 8.093574e+16 5.238794 -1.532230e+16 9.382441e+15 -4.237294e+16 -4.223072e+16 -2.078910e+16 -2.987491e+16  1.235582e+16 -9.085804e+15 -9.289473e+16  -1.359904e+00 -1.330088e-01     257     40    -54
-53.141595 -27.254151 19.604255 8.397016e+16 5.249450 -1.596823e+16 7.386391e+15 -4.756210e+16 -4.049423e+16 -2.137752e+16 -3.179984e+16  8.694389e+15 -1.042232e+16 -9.367158e+16  -8.342088e-01 -9.281779e-02     251     36    -52
-46.582652 -33.019458 20.397890 9.699120e+16 5.291188 -1.797680e+16 2.440455e+16 -3.134749e+16 -4.865103e+16 -2.779492e+16 -4.482669e+16  3.824330e+15 -1.703177e+16 -1.212726e+17  -2.245410e-01 -3.153498e-02     260     51    -64
-49.894066 -28.344850 21.761083 8.774261e+16 5.262174 -1.451192e+16 -8.510704e+13 -4.901047e+16 -4.458607e+16 -2.015818e+16 -3.457448e+16  1.001159e+16 -1.441630e+16 -9.931873e+16  -6.944630e-01 -1.008026e-01     255     34    -53
-60.073094 -18.091413 21.835494 8.050254e+16 5.237240 -1.710183e+16 8.285781e+15 -5.992708e+16 -3.619980e+16 -1.322938e+16 -1.938961e+16  1.681019e+16 -6.160234e+15 -6.881878e+16  -2.728823e+00 -2.442675e-01     248     28    -41
-43.275938 -33.598316 23.125746 9.789786e+16 5.293882 -1.719986e+16 9.828612e+15 -3.460858e+16 -5.194150e+16 -2.703236e+16 -4.590593e+16  6.035574e+15 -1.887357e+16 -1.248798e+17  -3.197896e-01 -4.833107e-02     258     44    -64
-46.644283 -28.555784 24.799934 9.009284e+16 5.269827 -1.806738e+16 3.396912e+15 -4.712701e+16 -4.664731e+16 -2.160373e+16 -3.565900e+16  1.098831e+16 -1.405527e+16 -1.039100e+17  -7.817931e-01 -1.057483e-01     256     37    -54
-61.945394 -23.889447 14.165160 8.141878e+16 5.240516 -1.649518e+16 1.449211e+16 -5.402949e+16 -3.619229e+16 -1.602952e+16 -2.684210e+16  9.350184e+15 -1.081259e+16 -7.906391e+16  -8.647501e-01 -1.182611e-01     248     33    -43
-52.274066 -30.860194 16.865740 9.648564e+16 5.289675 -1.648690e+16 1.277041e+16 -4.524961e+16 -4.861336e+16 -2.508192e+16 -4.175622e+16  6.857138e+15 -1.667430e+16 -1.154515e+17  -4.112399e-01 -5.939410e-02     258     42    -56
-58.360802 -26.284819 15.354379 8.115900e+16 5.239591 -1.675014e+16 1.709733e+16 -4.480224e+16 -4.122679e+16 -1.696014e+16 -2.966648e+16  1.156031e+16 -1.270635e+16 -8.785341e+16  -9.098057e-01 -1.315863e-01     263     46    -51
-54.524840 -30.164375 15.310785 9.953865e+16 5.298695 -1.736859e+16 1.329319e+16 -5.163489e+16 -4.718042e+16 -2.573109e+16 -4.212141e+16  5.059009e+15 -1.639032e+16 -1.150329e+17  -3.086583e-01 -4.397879e-02     253     39    -53
-46.104527 -26.486148 27.409325 1.078830e+17 5.322002 -1.835090e+16 -7.469317e+15 -6.980867e+16 -4.952307e+16 -2.235372e+16 -3.927430e+16  1.024877e+16 -1.692058e+16 -1.111511e+17  -6.056987e-01 -9.220576e-02     249     28    -50
-54.430647 -27.789382 17.779971 9.008391e+16 5.269798 -1.275946e+16 5.932081e+14 -5.406145e+16 -4.481688e+16 -1.878558e+16 -3.488984e+16  9.927042e+15 -1.610425e+16 -9.849230e+16  -6.164236e-01 -1.007900e-01     254     33    -51
-53.181611 -30.181832 16.636557 9.040592e+16 5.270831 -1.456820e+16 8.795710e+15 -4.480589e+16 -4.576029e+16 -2.307763e+16 -3.824000e+16  7.520291e+15 -1.516237e+16 -1.070779e+17  -4.959839e-01 -7.023196e-02     257     40    -56
-54.182127 -25.341011 20.476862 9.248528e+16 5.277415 -1.679355e+16 5.081750e+15 -5.413506e+16 -4.650909e+16 -2.282095e+16 -3.235020e+16  1.415889e+16 -9.529245e+15 -1.016802e+17  -1.485835e+00 -1.392492e-01     252     35    -52
-56.180083 -27.529931 16.289986 9.349740e+16 5.280566 -1.650146e+16 1.042907e+16 -5.270913e+16 -4.664711e+16 -2.159650e+16 -3.589497e+16  1.075214e+16 -1.429847e+16 -1.041386e+17  -7.519784e-01 -1.032484e-01     256     38    -51
-53.334643 -28.744383 17.920975 9.401096e+16 5.282152 -1.593456e+16 8.120047e+15 -4.804957e+16 -4.728346e+16 -2.531231e+16 -3.773735e+16  9.546118e+15 -1.242504e+16 -1.103331e+17  -7.682969e-01 -8.652087e-02     254     38    -55
-46.235919 -30.783949 22.980132 9.116407e+16 5.273249 -1.637852e+16 6.067946e+15 -3.492812e+16 -4.765005e+16 -2.897191e+16 -3.911883e+16  8.531219e+15 -1.014692e+16 -1.157408e+17  -8.407692e-01 -7.370969e-02     252     41    -64
-56.017980 -23.662156 20.319864 7.665668e+16 5.223067 -1.704645e+16 9.829634e+15 -4.730982e+16 -3.888161e+16 -1.502985e+16 -2.488325e+16  1.399836e+16 -9.853392e+15 -7.879471e+16  -1.420664e+00 -1.776561e-01     258     39    -47
-49.579895 -33.152387 17.267719 1.003053e+17 5.300916 -1.524640e+16 1.044828e+16 -4.187435e+16 -5.096138e+16 -2.695646e+16 -4.668068e+16  4.280699e+15 -1.972422e+16 -1.245985e+17  -2.170275e-01 -3.435594e-02     258     43    -60
-54.917824 -30.335242 14.746934 9.583060e+16 5.287703 -1.772603e+16 1.595128e+16 -4.940273e+16 -4.464680e+16 -2.438003e+16 -4.080854e+16  3.838257e+15 -1.642851e+16 -1.098354e+17  -2.336339e-01 -3.494555e-02     254     41    -52
-55.903968 -24.459918 19.636114 8.488401e+16 5.252584 -1.402210e+16 2.128659e+15 -5.823531e+16 -4.052971e+16 -1.371503e+16 -2.859099e+16  1.193872e+16 -1.487596e+16 -8.283574e+16  -8.025516e-01 -1.441253e-01     253     29    -45
-54.248235 -25.398678 20.353087 9.129263e+16 5.273657 -1.847376e+16 7.871516e+15 -5.790667e+16 -4.322600e+16 -1.887199e+16 -3.201585e+16  1.121015e+16 -1.314386e+16 -9.411383e+16  -8.528811e-01 -1.191127e-01     252     34    -47
-50.794031 -27.171618 22.034351 8.495178e+16 5.252815 -1.675088e+16 5.525273e+15 -4.752840e+16 -4.300706e+16 -2.002444e+16 -3.198913e+16  1.101794e+16 -1.196468e+16 -9.502063e+16  -9.208715e-01 -1.159531e-01     255     37    -52
-56.700574 -26.908715 16.390711 8.224227e+16 5.243430 -1.531992e+16 1.222829e+16 -4.517318e+16 -4.269654e+16 -1.799649e+16 -3.080788e+16  1.188866e+16 -1.281139e+16 -9.150090e+16  -9.279763e-01 -1.299295e-01     261     42    -52
-53.273758 -31.576572 15.149670 9.938633e+16 5.298251 -1.622291e+16 1.676444e+16 -4.437962e+16 -4.985186e+16 -2.589576e+16 -4.409923e+16  5.752630e+15 -1.820347e+16 -1.198468e+17  -3.160183e-01 -4.799984e-02     261     45    -57
-51.553181 -29.514854 18.931965 8.722510e+16 5.260461 -1.816245e+16 1.590607e+16 -4.186016e+16 -4.346841e+16 -2.202811e+16 -3.597037e+16  7.498037e+15 -1.394226e+16 -1.014669e+17  -5.377921e-01 -7.389640e-02     258     44    -55
-49.358464 -30.543322 20.098214 8.113454e+16 5.239504 -1.526099e+16 1.469527e+16 -3.209813e+16 -4.218705e+16 -2.328208e+16 -3.463784e+16  7.549215e+15 -1.135575e+16 -1.001070e+17  -6.647922e-01 -7.541148e-02     258     46    -61
-51.042298 -29.665848 19.291854 9.253839e+16 5.277581 -1.616867e+16 9.948575e+15 -4.209606e+16 -4.819008e+16 -2.573158e+16 -3.835337e+16  9.836709e+15 -1.262179e+16 -1.122750e+17  -7.793434e-01 -8.761262e-02     256     42    -58
-51.020095 -29.008958 19.970947 9.637244e+16 5.289335 -1.733878e+16 5.651705e+15 -5.319558e+16 -4.724349e+16 -2.297522e+16 -3.898774e+16  8.255749e+15 -1.601252e+16 -1.092064e+17  -5.155810e-01 -7.559763e-02     253     36    -52
-52.206655 -31.577352 16.215993 9.512610e+16 5.285566 -1.588095e+16 1.188476e+16 -4.455053e+16 -4.656369e+16 -2.546776e+16 -4.217516e+16  4.388524e+15 -1.670741e+16 -1.142066e+17  -2.626694e-01 -3.842618e-02     255     41    -56
-52.650493 -30.628023 16.721484 8.726856e+16 5.260605 -1.545923e+16 1.684794e+16 -3.775715e+16 -4.434292e+16 -2.349879e+16 -3.747769e+16  6.865225e+15 -1.397890e+16 -1.053194e+17  -4.911133e-01 -6.518482e-02     261     47    -58
-54.152844 -29.321848 16.525308 8.742669e+16 5.261129 -1.375025e+16 9.036421e+15 -4.490298e+16 -4.640642e+16 -1.934241e+16 -3.588060e+16  1.052582e+16 -1.653820e+16 -1.016294e+17  -6.364554e-01 -1.035706e-01     263     42    -54
-50.934361 -27.186031 21.879608 7.606959e+16 5.220841 -1.647621e+16 1.370787e+16 -3.753163e+16 -4.135984e+16 -1.677737e+16 -2.866545e+16  1.269439e+16 -1.188808e+16 -8.680267e+16  -1.067825e+00 -1.462442e-01     263     46    -54
-45.348500 -33.005228 21.646272 1.056078e+17 5.315831 -1.671603e+16 1.286154e+15 -4.572957e+16 -5.383370e+16 -2.827325e+16 -4.872533e+16  5.108366e+15 -2.045208e+16 -1.308323e+17  -2.497725e-01 -3.904515e-02     255     38    -60
-51.101791 -31.680618 17.217592 9.816840e+16 5.294681 -1.696802e+16 1.232918e+16 -4.386462e+16 -4.708005e+16 -2.894572e+16 -4.363375e+16  3.446304e+15 -1.468802e+16 -1.196595e+17  -2.346336e-01 -2.880092e-02     252     41    -58
-58.209634 -20.822561 20.967805 8.560649e+16 5.255038 -1.866972e+16 1.018817e+16 -5.938443e+16 -3.878222e+16 -1.733708e+16 -2.411914e+16  1.466308e+16 -6.782058e+15 -8.023844e+16  -2.162040e+00 -1.827439e-01     248     31    -44
-62.300557 -22.543394 15.156049 8.101179e+16 5.239065 -1.574015e+16 1.110887e+16 -5.341646e+16 -4.033156e+16 -1.415538e+16 -2.504016e+16  1.529140e+16 -1.088478e+16 -7.952711e+16  -1.404842e+00 -1.922791e-01     256     36    -44
-57.645691 -27.843127 14.511182 9.381481e+16 5.281548 -1.882217e+16 1.764328e+16 -5.247736e+16 -4.484062e+16 -2.088113e+16 -3.650352e+16  8.337097e+15 -1.562239e+16 -1.022253e+17  -5.336634e-01 -8.155613e-02     257     42    -49
-47.784545 -32.881721 19.333734 1.025025e+17 5.307190 -1.668687e+16 5.881693e+15 -4.435637e+16 -4.924519e+16 -3.071488e+16 -4.722406e+16  2.021133e+15 -1.650918e+16 -1.271841e+17  -1.224248e-01 -1.589139e-02     250     38    -60
-56.693328 -27.946310 15.360362 8.255594e+16 5.244532 -1.669308e+16 1.685604e+16 -4.475611e+16 -4.167031e+16 -1.643610e+16 -3.222971e+16  9.440604e+15 -1.579361e+16 -9.033611e+16  -5.977485e-01 -1.045053e-01     264     46    -51
-47.368464 -28.130208 24.501328 8.198912e+16 5.242537 -1.535276e+16 3.100087e+15 -3.935756e+16 -4.469759e+16 -2.122050e+16 -3.194986e+16  1.274773e+16 -1.072936e+16 -9.786796e+16  -1.188117e+00 -1.302544e-01     257     39    -58
-53.789104 -25.769064 20.441832 8.786846e+16 5.262589 -1.967981e+16 1.211321e+16 -5.127586e+16 -4.394795e+16 -1.851681e+16 -3.130024e+16  1.264771e+16 -1.278343e+16 -9.376500e+16  -9.893832e-01 -1.348873e-01     257     40    -48
-57.340286 -24.574222 18.085492 7.665967e+16 5.223078 -1.526549e+16 9.412527e+15 -4.693317e+16 -3.672919e+16 -1.806965e+16 -2.598875e+16  1.074044e+16 -7.919096e+15 -8.078758e+16  -1.356271e+00 -1.329467e-01     251     35    -49
-54.358864 -29.414684 16.226452 9.380461e+16 5.281516 -1.698530e+16 1.487982e+16 -4.727940e+16 -4.772626e+16 -2.203507e+16 -3.863557e+16  9.090697e+15 -1.660050e+16 -1.083969e+17  -5.476159e-01 -8.386492e-02     261     44    -54
-46.636118 -32.423110 20.940772 9.829400e+16 5.295051 -1.791113e+16 8.625042e+15 -4.297287e+16 -4.906194e+16 -2.679071e+16 -4.457669e+16  4.485256e+15 -1.778597e+16 -1.204293e+17  -2.521794e-01 -3.724388e-02     255     41    -59
-46.149986 -34.540239 19.309775 1.116702e+17 5.331992 -1.637443e+16 4.078505e+15 -4.490838e+16 -5.587462e+16 -3.078694e+16 -5.402900e+16  1.845628e+15 -2.324205e+16 -1.406906e+17  -7.940900e-02 -1.311835e-02     255     39    -62
-56.723008 -28.298970 14.978022 8.585106e+16 5.255864 -1.608479e+16 1.583971e+16 -4.336102e+16 -4.161989e+16 -2.334754e+16 -3.397611e+16  7.643781e+15 -1.062857e+16 -9.894354e+16  -7.191728e-01 -7.725396e-02     255     42    -54
-57.530522 -25.176294 17.293183 8.290314e+16 5.245747 -1.687156e+16 1.117488e+16 -5.069146e+16 -4.101115e+16 -1.666406e+16 -2.887630e+16  1.213485e+16 -1.221224e+16 -8.655151e+16  -9.936631e-01 -1.402038e-01     257     38    -47
-46.182195 -31.489352 22.328453 1.070168e+17 5.319668 -1.812224e+16 6.872785e+14 -5.695919e+16 -4.742816e+16 -2.988862e+16 -4.703920e+16  3.889571e+14 -1.715059e+16 -1.243560e+17  -2.267894e-02 -3.127772e-03     244     32    -56
-52.677704 -32.065509 15.256787 1.005620e+17 5.301656 -1.492048e+16 9.161399e+15 -4.869381e+16 -4.976497e+16 -2.508137e+16 -4.532303e+16  4.441939e+15 -2.024166e+16 -1.201694e+17  -2.194454e-01 -3.696398e-02     257     40    -56
-46.962266 -33.415138 19.622596 1.134584e+17 5.336591 -1.612787e+16 -5.812251e+13 -4.894883e+16 -5.618242e+16 -3.206528e+16 -5.310722e+16  3.075205e+15 -2.104194e+16 -1.413549e+17  -1.461465e-01 -2.175521e-02     252     37    -61
-56.238237 -22.755163 21.006600 7.282490e+16 5.208220 -1.720980e+16 1.367572e+16 -4.104768e+16 -3.872914e+16 -1.588011e+16 -2.263043e+16  1.609870e+16 -6.750323e+15 -7.723968e+16  -2.384879e+00 -2.084253e-01     261     44    -50
-47.114291 -32.674824 20.210884 9.256226e+16 5.277656 -1.490858e+16 1.460700e+16 -3.424576e+16 -4.988765e+16 -2.408706e+16 -4.233800e+16  7.549642e+15 -1.825094e+16 -1.163127e+17  -4.136576e-01 -6.490815e-02     263     47    -63
-51.087854 -27.846660 21.065486 8.224514e+16 5.243440 -1.592467e+16 7.515103e+15 -4.266217e+16 -4.265892e+16 -2.050364e+16 -3.182542e+16  1.083349e+16 -1.132179e+16 -9.498798e+16  -9.568715e-01 -1.140512e-01     256     40    -54
-51.672734 -28.208185 20.119081 9.868707e+16 5.296207 -1.788062e+16 5.604751e+15 -5.812943e+16 -4.596544e+16 -2.361925e+16 -3.875236e+16  7.213085e+15 -1.513310e+16 -1.083371e+17  -4.766428e-01 -6.658004e-02     249     33    -51
-51.900911 -29.449407 18.649682 8.470177e+16 5.251962 -1.562089e+16 1.444311e+16 -3.883992e+16 -4.480893e+16 -2.100967e+16 -3.485749e+16  9.951435e+15 -1.384782e+16 -1.006761e+17  -7.186283e-01 -9.884605e-02     262     46    -57
-50.245010 -28.911405 20.843585 9.670925e+16 5.290345 -1.851232e+16 8.219223e+15 -5.055061e+16 -4.959427e+16 -2.281102e+16 -3.895145e+16  1.064282e+16 -1.614043e+16 -1.113567e+17  -6.593890e-01 -9.557413e-02     257     39    -53
-51.823222 -27.352656 20.824122 9.233423e+16 5.276942 -1.762974e+16 5.833676e+15 -5.559358e+16 -4.327980e+16 -2.127108e+16 -3.506106e+16  8.218739e+15 -1.378997e+16 -9.961194e+16  -5.959938e-01 -8.250757e-02     250     33    -50
-50.885226 -28.199790 20.914984 9.543100e+16 5.286493 -1.618267e+16 2.235853e+15 -5.288129e+16 -4.658857e+16 -2.481111e+16 -3.743231e+16  9.156260e+15 -1.262120e+16 -1.088320e+17  -7.254670e-01 -8.413206e-02     250     34    -54
-48.103918 -33.005698 18.890384 1.086544e+17 5.324065 -1.587191e+16 8.973403e+14 -5.290046e+16 -5.040389e+16 -3.010375e+16 -5.026906e+16  1.348273e+14 -2.016531e+16 -1.307767e+17  -6.686104e-03 -1.030974e-03     248     34    -58
-53.700163 -28.034647 18.265190 8.759471e+16 5.261685 -1.627965e+16 1.018618e+16 -4.763278e+16 -4.575015e+16 -1.845001e+16 -3.423054e+16  1.151961e+16 -1.578053e+16 -9.843071e+16  -7.299888e-01 -1.170327e-01     261     41    -52
-50.727708 -28.686211 20.586082 9.386302e+16 5.281696 -1.867693e+16 9.285631e+15 -5.009167e+16 -4.711377e+16 -2.217583e+16 -3.750359e+16  9.610177e+15 -1.532777e+16 -1.067932e+17  -6.269783e-01 -8.998867e-02     256     39    -52
-57.759161 -25.958362 16.282477 8.369245e+16 5.248491 -1.538437e+16 1.198384e+16 -4.643466e+16 -4.358624e+16 -1.917844e+16 -3.016033e+16  1.342592e+16 -1.098189e+16 -9.292501e+16  -1.222551e+00 -1.444812e-01     260     42    -52
-56.993166 -25.303837 17.702998 8.072910e+16 5.238053 -1.485427e+16 7.174935e+15 -5.013457e+16 -4.142618e+16 -1.458811e+16 -2.826437e+16  1.316181e+16 -1.367626e+16 -8.427866e+16  -9.623841e-01 -1.561702e-01     259     37    -47
-52.544961 -25.440839 22.014200 8.037777e+16 5.236791 -1.496724e+16 6.496658e+15 -4.096720e+16 -4.452075e+16 -2.060365e+16 -2.819164e+16  1.632910e+16 -7.587991e+15 -9.331604e+16  -2.151967e+00 -1.749871e-01     259     40    -56
-45.191364 -35.402106 19.406529 1.229786e+17 5.359920 -1.704642e+16 6.802200e+14 -4.521834e+16 -5.986722e+16 -3.736537e+16 -6.094143e+16  -1.074215e+15 -2.357606e+16 -1.581740e+17  4.556379e-02 6.791348e-03     250     38    -65
-48.326769 -32.074161 19.599070 1.018895e+17 5.305453 -1.683531e+16 5.322666e+15 -4.771725e+16 -5.017571e+16 -2.747792e+16 -4.576323e+16  4.412477e+15 -1.828531e+16 -1.234169e+17  -2.413127e-01 -3.575263e-02     253     38    -58
-54.455763 -25.854154 19.690084 8.857433e+16 5.264905 -1.758139e+16 1.050776e+16 -4.858655e+16 -4.613272e+16 -2.123860e+16 -3.168743e+16  1.444528e+16 -1.044884e+16 -9.905875e+16  -1.382477e+00 -1.458254e-01     257     40    -52
-47.726134 -28.319853 23.954013 8.201610e+16 5.242633 -1.606462e+16 6.389361e+15 -4.120824e+16 -4.552656e+16 -1.747247e+16 -3.220982e+16  1.331673e+16 -1.473735e+16 -9.520885e+16  -9.036043e-01 -1.398687e-01     262     42    -55
-60.900439 -24.709930 14.389631 7.858485e+16 5.230259 -1.606232e+16 1.509525e+16 -4.692532e+16 -3.977825e+16 -1.500034e+16 -2.687901e+16  1.289924e+16 -1.187867e+16 -8.165761e+16  -1.085916e+00 -1.579674e-01     262     43    -48
-48.941702 -27.117038 23.941260 9.381540e+16 5.281549 -1.728710e+16 3.394305e+14 -5.574504e+16 -4.503615e+16 -2.239924e+16 -3.517674e+16  9.859418e+15 -1.277749e+16 -1.026121e+17  -7.716238e-01 -9.608434e-02     250     32    -52
-51.883358 -30.473650 17.642992 9.253031e+16 5.277556 -1.526373e+16 6.915100e+15 -4.786087e+16 -4.598277e+16 -2.244368e+16 -3.949885e+16  6.483922e+15 -1.705517e+16 -1.079253e+17  -3.801733e-01 -6.007787e-02     255     38    -54
-52.137285 -27.333556 20.529159 7.582078e+16 5.219892 -1.534437e+16 8.501501e+15 -4.170949e+16 -3.979597e+16 -1.575839e+16 -2.877751e+16  1.101846e+16 -1.301912e+16 -8.433187e+16  -8.463288e-01 -1.306559e-01     260     41    -51
-50.637526 -31.073472 18.289002 9.895845e+16 5.297002 -1.557773e+16 4.437169e+15 -5.044660e+16 -4.832780e+16 -2.533535e+16 -4.307901e+16  5.248790e+15 -1.774367e+16 -1.167422e+17  -2.958120e-01 -4.496054e-02     253     36    -55
-49.560483 -32.990845 17.448672 1.080724e+17 5.322510 -1.726554e+16 1.025589e+16 -4.559184e+16 -5.216158e+16 -3.223620e+16 -5.004159e+16  2.119994e+15 -1.780539e+16 -1.344394e+17  -1.190647e-01 -1.576915e-02     252     40    -60
-58.752451 -25.670500 15.577050 8.496967e+16 5.252876 -1.796556e+16 1.882094e+16 -4.562707e+16 -4.206208e+16 -2.091884e+16 -3.026902e+16  1.179306e+16 -9.350178e+15 -9.324994e+16  -1.261266e+00 -1.264672e-01     259     45    -52
-52.161883 -25.513328 22.324789 8.405514e+16 5.249743 -1.558359e+16 2.765422e+15 -4.946467e+16 -4.207026e+16 -2.055373e+16 -2.956297e+16  1.250730e+16 -9.009240e+15 -9.218696e+16  -1.388274e+00 -1.356732e-01     252     34    -52
-57.530001 -21.872330 20.597669 8.355233e+16 5.248006 -1.463236e+16 5.466665e+15 -5.960631e+16 -3.707335e+16 -1.647545e+16 -2.486519e+16  1.220815e+16 -8.389746e+15 -7.841399e+16  -1.455128e+00 -1.556884e-01     244     27    -45
-46.607771 -28.947924 24.444305 9.298452e+16 5.278974 -1.790768e+16 3.018625e+15 -4.527668e+16 -4.771910e+16 -2.579491e+16 -3.735368e+16  1.036542e+16 -1.155878e+16 -1.108677e+17  -8.967575e-01 -9.349358e-02     252     37    -58
-53.472737 -24.466911 22.060352 8.255260e+16 5.244520 -1.900617e+16 1.500644e+16 -4.247761e+16 -4.382195e+16 -2.085533e+16 -2.774799e+16  1.607395e+16 -6.892657e+15 -9.242527e+16  -2.332040e+00 -1.739130e-01     259     44    -54
-53.029651 -26.349382 20.620967 9.121806e+16 5.273421 -1.464565e+16 1.106605e+15 -5.663694e+16 -4.285446e+16 -2.168399e+16 -3.327977e+16  9.574689e+15 -1.159578e+16 -9.781822e+16  -8.257048e-01 -9.788247e-02     247     30    -52
-56.329504 -17.753662 25.916834 8.392413e+16 5.249291 -1.643779e+16 4.533957e+15 -6.505892e+16 -3.569743e+16 -1.347765e+16 -1.971073e+16  1.598670e+16 -6.233080e+15 -6.888580e+16  -2.564815e+00 -2.320754e-01     245     24    -41
-51.549526 -26.241535 22.208938 6.991949e+16 5.196432 -1.495472e+16 1.483242e+16 -3.411257e+16 -3.937166e+16 -1.429202e+16 -2.535527e+16  1.401639e+16 -1.106325e+16 -7.901894e+16  -1.266932e+00 -1.773801e-01     267     49    -55
-57.366635 -26.045896 16.587469 8.160998e+16 5.241196 -1.518480e+16 1.197884e+16 -4.508482e+16 -4.280992e+16 -1.825218e+16 -2.951012e+16  1.329980e+16 -1.125794e+16 -9.057222e+16  -1.181370e+00 -1.468419e-01     261     42    -52
-47.950843 -29.206162 22.842995 8.850736e+16 5.264686 -1.782207e+16 6.330181e+15 -4.609525e+16 -4.507590e+16 -2.091382e+16 -3.595506e+16  9.120844e+15 -1.504124e+16 -1.019448e+17  -6.063890e-01 -8.946847e-02     256     39    -53
-55.503923 -26.366877 18.129199 7.906793e+16 5.232034 -1.688076e+16 1.452657e+16 -4.263999e+16 -4.044414e+16 -1.792199e+16 -2.893466e+16  1.150948e+16 -1.101266e+16 -8.730079e+16  -1.045113e+00 -1.318371e-01     260     44    -51
-51.575513 -25.735612 22.688875 8.115701e+16 5.239584 -1.736303e+16 6.403148e+15 -4.851807e+16 -4.092523e+16 -1.681301e+16 -2.880225e+16  1.212298e+16 -1.198923e+16 -8.654049e+16  -1.011156e+00 -1.400845e-01     256     37    -49
-49.048149 -31.553463 19.398387 9.277583e+16 5.278323 -1.614901e+16 9.198091e+15 -4.125586e+16 -4.699772e+16 -2.532151e+16 -4.098695e+16  6.010772e+15 -1.566544e+16 -1.133062e+17  -3.836964e-01 -5.304893e-02     256     41    -58
-62.831327 -21.358100 15.810573 6.989644e+16 5.196337 -1.496848e+16 1.694854e+16 -3.981130e+16 -3.739556e+16 -1.476380e+16 -2.034316e+16  1.705240e+16 -5.579367e+15 -7.250252e+16  -3.056332e+00 -2.351973e-01     265     48    -51
-67.604828 -22.741789 9.653383 8.067988e+16 5.237877 -1.629701e+16 2.033248e+16 -5.212912e+16 -3.498010e+16 -1.769398e+16 -2.526095e+16  9.719152e+15 -7.566965e+15 -7.793503e+16  -1.284419e+00 -1.247084e-01     244     33    -43
-49.844199 -27.545383 22.610418 8.742257e+16 5.261116 -1.887677e+16 8.899900e+15 -4.743023e+16 -4.422207e+16 -2.054002e+16 -3.338396e+16  1.083811e+16 -1.284394e+16 -9.814604e+16  -8.438304e-01 -1.104284e-01     256     39    -52
-56.837244 -24.489734 18.673022 8.071494e+16 5.238003 -1.488593e+16 7.340487e+15 -4.948349e+16 -3.852493e+16 -2.028627e+16 -2.724680e+16  1.127813e+16 -6.960527e+15 -8.605800e+16  -1.620299e+00 -1.310527e-01     248     33    -50
-54.384093 -29.491732 16.124174 8.949039e+16 5.267884 -1.636080e+16 1.416347e+16 -4.452400e+16 -4.435897e+16 -2.290567e+16 -3.696308e+16  7.395886e+15 -1.405741e+16 -1.042277e+17  -5.261202e-01 -7.095892e-02     257     42    -54
-55.912347 -25.344228 18.743425 8.047836e+16 5.237153 -1.691385e+16 1.246574e+16 -4.591507e+16 -4.235075e+16 -1.609470e+16 -2.819991e+16  1.415084e+16 -1.210521e+16 -8.664535e+16  -1.168988e+00 -1.633191e-01     262     43    -50
-53.330996 -24.130990 22.538014 8.208686e+16 5.242882 -1.888052e+16 9.977694e+15 -4.880329e+16 -4.296940e+16 -1.605010e+16 -2.716401e+16  1.580539e+16 -1.111392e+16 -8.618351e+16  -1.422126e+00 -1.833923e-01     260     40    -48
-53.819424 -28.442315 17.738261 9.065107e+16 5.271615 -1.591659e+16 7.371202e+15 -5.191770e+16 -4.572791e+16 -1.840789e+16 -3.598935e+16  9.738558e+15 -1.758146e+16 -1.001251e+17  -5.539108e-01 -9.726386e-02     258     38    -50
-50.864925 -31.509527 17.625548 1.057507e+17 5.316222 -1.607063e+16 4.575350e+15 -5.365070e+16 -4.989380e+16 -2.875017e+16 -4.672760e+16  3.166209e+15 -1.797742e+16 -1.253716e+17  -1.761214e-01 -2.525460e-02     249     35    -56
-50.233956 -23.793699 25.972346 9.215969e+16 5.276394 -1.595888e+16 -3.134997e+15 -6.048236e+16 -4.297089e+16 -2.145184e+16 -2.991426e+16  1.305663e+16 -8.462422e+15 -9.433700e+16  -1.542895e+00 -1.384041e-01     247     28    -51
-48.910280 -29.757668 21.332052 9.125555e+16 5.273540 -1.765394e+16 9.239664e+15 -4.342555e+16 -4.685154e+16 -2.398217e+16 -3.786777e+16  8.983773e+15 -1.388560e+16 -1.087015e+17  -6.469848e-01 -8.264629e-02     256     41    -56
-50.581701 -26.811867 22.606432 9.049767e+16 5.271125 -1.723766e+16 3.533192e+15 -5.172691e+16 -4.522955e+16 -2.187755e+16 -3.357265e+16  1.165690e+16 -1.169509e+16 -1.006797e+17  -9.967344e-01 -1.157820e-01     253     35    -52
-51.571099 -28.055067 20.373834 9.138439e+16 5.273948 -1.746042e+16 8.697134e+15 -4.719352e+16 -4.665237e+16 -2.360632e+16 -3.566867e+16  1.098370e+16 -1.206234e+16 -1.059274e+17  -9.105775e-01 -1.036909e-01     255     39    -55
-50.969612 -30.039701 18.990687 8.374038e+16 5.248657 -1.422513e+16 1.950578e+16 -3.438014e+16 -4.553069e+16 -2.009481e+16 -3.517434e+16  1.035634e+16 -1.507953e+16 -1.007998e+17  -6.867817e-01 -1.027417e-01     268     51    -61
-57.148506 -24.893105 17.958389 8.790303e+16 5.262703 -1.734564e+16 9.930190e+15 -5.567519e+16 -4.170179e+16 -1.855783e+16 -3.022592e+16  1.147586e+16 -1.166810e+16 -9.048553e+16  -9.835250e-01 -1.268254e-01     252     34    -47
-68.553017 -19.509181 11.937802 7.612346e+16 5.221046 -1.659937e+16 1.678819e+16 -5.106728e+16 -3.763600e+16 -1.219628e+16 -2.008805e+16  1.754794e+16 -7.891774e+15 -6.992033e+16  -2.223574e+00 -2.509705e-01     259     40    -43
-49.742943 -28.817449 21.439608 9.352943e+16 5.280666 -1.742909e+16 4.154905e+15 -5.317737e+16 -4.546418e+16 -2.128138e+16 -3.751849e+16  7.945693e+15 -1.623711e+16 -1.042640e+17  -4.893538e-01 -7.620741e-02     253     35    -51
-54.206602 -28.051710 17.741689 8.360112e+16 5.248175 -1.527426e+16 1.437289e+16 -4.028985e+16 -4.456396e+16 -2.051991e+16 -3.270607e+16  1.185789e+16 -1.218616e+16 -9.778994e+16  -9.730625e-01 -1.212588e-01     263     46    -56
-48.750475 -29.884737 21.364788 9.954646e+16 5.298717 -1.637868e+16 3.105275e+14 -5.797143e+16 -4.568510e+16 -2.333988e+16 -4.149128e+16  4.193816e+15 -1.815139e+16 -1.105163e+17  -2.310465e-01 -3.794750e-02     249     31    -52
-53.552907 -28.806812 17.640281 9.279048e+16 5.278369 -1.627688e+16 7.342449e+15 -5.346801e+16 -4.488093e+16 -2.033837e+16 -3.734208e+16  7.538849e+15 -1.700371e+16 -1.025614e+17  -4.433651e-01 -7.350573e-02     254     36    -50
-50.058648 -32.136455 17.804897 9.715596e+16 5.291680 -1.523996e+16 9.306196e+15 -4.382323e+16 -5.020224e+16 -2.422102e+16 -4.379552e+16  6.406718e+15 -1.957450e+16 -1.182188e+17  -3.272991e-01 -5.419374e-02     260     42    -58
-54.885316 -26.963288 18.151396 8.092091e+16 5.238741 -1.555606e+16 1.128090e+16 -4.441534e+16 -4.301058e+16 -1.642269e+16 -3.033433e+16  1.267625e+16 -1.391163e+16 -8.976760e+16  -9.111981e-01 -1.412119e-01     263     43    -51
-52.345748 -27.847112 19.807140 7.981745e+16 5.234765 -1.542356e+16 7.353246e+15 -4.493485e+16 -4.098113e+16 -1.646357e+16 -3.092496e+16  1.005617e+16 -1.446138e+16 -8.836966e+16  -6.953811e-01 -1.137967e-01     259     39    -50
-47.859741 -29.955899 22.184359 1.005394e+17 5.301591 -1.891589e+16 5.668481e+15 -4.910617e+16 -4.874611e+16 -2.931193e+16 -4.197297e+16  6.773140e+15 -1.266104e+16 -1.200310e+17  -5.349590e-01 -5.642824e-02     249     37    -57
-46.679974 -30.586664 22.733362 9.404046e+16 5.282243 -1.610085e+16 2.386014e+15 -4.553641e+16 -5.010411e+16 -2.196629e+16 -4.009632e+16  1.000778e+16 -1.813003e+16 -1.121667e+17  -5.520003e-01 -8.922240e-02     259     39    -57
-54.529340 -25.127988 20.342673 8.814298e+16 5.263492 -1.520781e+16 4.097855e+15 -5.960837e+16 -3.953343e+16 -1.758982e+16 -3.055353e+16  8.979896e+15 -1.296371e+16 -8.767678e+16  -6.926951e-01 -1.024205e-01     247     28    -46
-51.265381 -26.310747 22.423872 8.211021e+16 5.242965 -1.594522e+16 3.257766e+15 -5.007660e+16 -4.116003e+16 -1.632598e+16 -2.985401e+16  1.130601e+16 -1.352803e+16 -8.734002e+16  -8.357474e-01 -1.294483e-01     256     35    -49
-50.309580 -30.843885 18.846534 9.353532e+16 5.280684 -1.528495e+16 4.900315e+15 -4.715472e+16 -4.359281e+16 -2.714965e+16 -4.038712e+16  3.205684e+15 -1.323747e+16 -1.111296e+17  -2.421675e-01 -2.884636e-02     247     35    -57
-57.386510 -22.307396 20.306093 8.178868e+16 5.241829 -1.382593e+16 1.658903e+15 -5.908392e+16 -3.962379e+16 -1.016071e+16 -2.488212e+16  1.474166e+16 -1.472142e+16 -7.466662e+16  -1.001375e+00 -1.974331e-01     255     29    -41
-57.085205 -28.409607 14.505188 8.390359e+16 5.249220 -1.487003e+16 1.382963e+16 -4.354589e+16 -4.162676e+16 -2.117233e+16 -3.335466e+16  8.272099e+15 -1.218233e+16 -9.615376e+16  -6.790242e-01 -8.602991e-02     257     42    -53
-48.726515 -31.748082 19.525403 9.862114e+16 5.296013 -1.770793e+16 1.147027e+16 -4.248215e+16 -4.946352e+16 -2.778949e+16 -4.383907e+16  5.624447e+15 -1.604958e+16 -1.210921e+17  -3.504421e-01 -4.644769e-02     255     42    -59
-57.249345 -26.260502 16.490153 9.155338e+16 5.274483 -1.735722e+16 1.121689e+16 -5.711026e+16 -4.224724e+16 -1.987698e+16 -3.340335e+16  8.843893e+15 -1.352636e+16 -9.552757e+16  -6.538263e-01 -9.257948e-02     250     34    -47
-52.485867 -25.385938 22.128195 8.294369e+16 5.245889 -1.650971e+16 4.698343e+15 -5.056306e+16 -4.148341e+16 -1.765745e+16 -2.901997e+16  1.246344e+16 -1.136251e+16 -8.816082e+16  -1.096891e+00 -1.413716e-01     255     35    -49
-54.206288 -28.958552 16.835161 9.390269e+16 5.281819 -1.713288e+16 1.097646e+16 -5.153649e+16 -4.436545e+16 -2.367061e+16 -3.802577e+16  6.339680e+15 -1.435516e+16 -1.060618e+17  -4.416307e-01 -5.977345e-02     251     37    -52
-53.105792 -26.573691 20.320517 8.043441e+16 5.236995 -1.645847e+16 1.059219e+16 -4.356749e+16 -4.281125e+16 -1.729244e+16 -2.962375e+16  1.318750e+16 -1.233131e+16 -8.972744e+16  -1.069432e+00 -1.469728e-01     261     42    -52
-53.632452 -26.642403 19.725145 9.384954e+16 5.281655 -1.489452e+16 2.716048e+15 -5.643509e+16 -4.348115e+16 -2.485891e+16 -3.468066e+16  8.800489e+15 -9.821758e+15 -1.030207e+17  -8.960197e-01 -8.542445e-02     244     31    -53
-53.260748 -24.271637 22.467616 8.995544e+16 5.269385 -1.699980e+16 3.358802e+15 -5.859233e+16 -4.255011e+16 -1.939888e+16 -2.995989e+16  1.259022e+16 -1.056100e+16 -9.190888e+16  -1.192143e+00 -1.369859e-01     250     31    -48
-45.057696 -32.338967 22.603336 1.031523e+17 5.309019 -1.670633e+16 -7.240877e+14 -4.644078e+16 -5.199320e+16 -2.806617e+16 -4.657454e+16  5.418654e+15 -1.850837e+16 -1.266339e+17  -2.927678e-01 -4.278991e-02     253     36    -60
-51.279156 -31.627938 17.092907 9.861557e+16 5.295997 -1.663634e+16 1.356673e+16 -4.349932e+16 -4.958101e+16 -2.674175e+16 -4.376251e+16  5.818500e+15 -1.702076e+16 -1.200853e+17  -3.418472e-01 -4.845307e-02     258     43    -58
-47.064529 -35.569204 17.366267 1.197972e+17 5.352331 -1.555691e+16 2.936389e+15 -4.273944e+16 -5.757438e+16 -3.779864e+16 -5.974547e+16  -2.171090e+15 -2.194683e+16 -1.551185e+17  9.892499e-02 1.399633e-02     249     39    -66
-51.981030 -28.079425 19.939545 8.062865e+16 5.237693 -1.512339e+16 7.951356e+15 -4.248550e+16 -4.240076e+16 -1.837298e+16 -3.151298e+16  1.088778e+16 -1.314000e+16 -9.228672e+16  -8.285982e-01 -1.179778e-01     259     41    -53
-51.449430 -29.533736 19.016834 8.938989e+16 5.267559 -1.654284e+16 9.443261e+15 -4.479874e+16 -4.446532e+16 -2.356213e+16 -3.688495e+16  7.580370e+15 -1.332281e+16 -1.049124e+17  -5.689767e-01 -7.225429e-02     254     40    -55
-55.688790 -24.651273 19.659937 8.149949e+16 5.240803 -1.674340e+16 9.669224e+15 -4.776462e+16 -4.226202e+16 -1.756816e+16 -2.768499e+16  1.457703e+16 -1.011683e+16 -8.751516e+16  -1.440869e+00 -1.665657e-01     258     39    -50
-55.153313 -25.271121 19.575565 8.694062e+16 5.259515 -1.524692e+16 4.563073e+15 -5.701917e+16 -4.048680e+16 -1.775030e+16 -3.034567e+16  1.014113e+16 -1.259537e+16 -8.858277e+16  -8.051472e-01 -1.144819e-01     249     30    -47
-50.911137 -31.699453 17.389411 1.020241e+17 5.305835 -1.549857e+16 6.900295e+15 -4.850794e+16 -5.174367e+16 -2.582516e+16 -4.536848e+16  6.375188e+15 -1.954332e+16 -1.229373e+17  -3.262080e-01 -5.185723e-02     257     40    -57
-52.995867 -27.336994 19.667139 8.630767e+16 5.257400 -1.577987e+16 6.747204e+15 -4.768934e+16 -4.476013e+16 -1.963035e+16 -3.278958e+16  1.197055e+16 -1.315923e+16 -9.718006e+16  -9.096688e-01 -1.231790e-01     257     38    -52
-63.708719 -22.493613 13.797667 6.305539e+16 5.166515 -1.245589e+16 1.215823e+16 -3.923895e+16 -3.360899e+16 -9.992454e+15 -1.946049e+16  1.414850e+16 -9.468033e+15 -6.306193e+16  -1.494344e+00 -2.243588e-01     267     45    -47
-52.017918 -25.988726 21.993356 8.759381e+16 5.261682 -1.632607e+16 2.907622e+15 -5.679064e+16 -4.102884e+16 -1.726344e+16 -3.144108e+16  9.587760e+15 -1.417764e+16 -8.973336e+16  -6.762590e-01 -1.068472e-01     251     31    -47
-52.983003 -28.341363 18.675635 9.047508e+16 5.271053 -1.595565e+16 7.425331e+15 -4.819769e+16 -4.560181e+16 -2.275992e+16 -3.575447e+16  9.847340e+15 -1.299454e+16 -1.041162e+17  -7.578057e-01 -9.458029e-02     255     38    -54
-47.399803 -31.033232 21.566965 8.941725e+16 5.267648 -1.646395e+16 1.439801e+16 -3.574422e+16 -4.827292e+16 -2.318622e+16 -3.874952e+16  9.523400e+15 -1.556331e+16 -1.102087e+17  -6.119135e-01 -8.641244e-02     262     46    -60
-55.089833 -29.415747 15.494420 9.264688e+16 5.277921 -1.562643e+16 1.032803e+16 -4.998437e+16 -4.447332e+16 -2.319415e+16 -3.818192e+16  6.291401e+15 -1.498777e+16 -1.058494e+17  -4.197691e-01 -5.943730e-02     253     38    -52
-50.884783 -27.190196 21.925022 9.140403e+16 5.274010 -1.699218e+16 3.867999e+15 -5.119466e+16 -4.572842e+16 -2.276251e+16 -3.444797e+16  1.128045e+16 -1.168546e+16 -1.029389e+17  -9.653406e-01 -1.095840e-01     253     35    -53
-56.043016 -27.561511 16.395473 8.317448e+16 5.246693 -1.515825e+16 1.179966e+16 -4.446603e+16 -4.264125e+16 -1.960725e+16 -3.196836e+16  1.067289e+16 -1.236111e+16 -9.421685e+16  -8.634246e-01 -1.132800e-01     259     42    -53
-48.183637 -29.961733 21.854630 1.048063e+17 5.313625 -1.417542e+16 -6.973581e+15 -5.953058e+16 -4.882604e+16 -2.586680e+16 -4.377866e+16  5.047386e+15 -1.791186e+16 -1.184715e+17  -2.817902e-01 -4.260422e-02     247     29    -56
-50.076826 -30.879473 19.043701 9.651570e+16 5.289765 -1.626195e+16 6.241421e+15 -4.761922e+16 -4.780974e+16 -2.528466e+16 -4.171607e+16  6.093662e+15 -1.643141e+16 -1.148105e+17  -3.708545e-01 -5.307584e-02     254     38    -56
-54.698085 -29.804226 15.497689 8.947052e+16 5.267820 -1.644575e+16 1.694452e+16 -4.305420e+16 -4.451733e+16 -2.258645e+16 -3.738362e+16  7.133704e+15 -1.479718e+16 -1.044874e+17  -4.820990e-01 -6.827334e-02     260     45    -55
-61.981768 -20.899823 17.118409 8.342790e+16 5.247574 -1.703820e+16 1.202260e+16 -6.124436e+16 -3.651660e+16 -1.228967e+16 -2.368157e+16  1.283502e+16 -1.139190e+16 -7.248784e+16  -1.126679e+00 -1.770645e-01     247     28    -39
-48.251599 -24.455105 27.293297 7.412288e+16 5.213335 -1.693065e+16 1.342243e+16 -3.393636e+16 -4.369639e+16 -1.719999e+16 -2.475109e+16  1.894530e+16 -7.551097e+15 -8.564748e+16  -2.508947e+00 -2.212009e-01     264     47    -58
-45.855285 -31.655920 22.488795 9.163630e+16 5.274745 -1.840233e+16 1.025389e+16 -4.215913e+16 -4.730644e+16 -2.149609e+16 -4.048990e+16  6.816537e+15 -1.899381e+16 -1.092924e+17  -3.588819e-01 -6.236971e-02     259     43    -56
-47.991412 -33.245759 18.762829 1.058699e+17 5.316548 -1.642828e+16 6.968985e+15 -4.254216e+16 -5.239378e+16 -3.184685e+16 -4.934396e+16  3.049813e+15 -1.749711e+16 -1.335846e+17  -1.743038e-01 -2.283058e-02     252     40    -62
-51.401576 -28.933338 19.665087 8.730264e+16 5.260718 -1.741856e+16 1.338207e+16 -4.234558e+16 -4.512825e+16 -2.167141e+16 -3.523175e+16  9.896494e+15 -1.356034e+16 -1.020314e+17  -7.298116e-01 -9.699458e-02     259     44    -55
-63.627348 -25.188731 11.183921 7.449466e+16 5.214783 -1.486129e+16 1.931781e+16 -4.314825e+16 -3.736220e+16 -1.336906e+16 -2.607022e+16  1.129198e+16 -1.270116e+16 -7.680147e+16  -8.890515e-01 -1.470282e-01     269     50    -50
-54.676807 -27.725612 17.597580 9.417115e+16 5.282645 -1.617753e+16 7.309984e+15 -5.594677e+16 -4.394882e+16 -2.261406e+16 -3.638919e+16  7.559630e+15 -1.377513e+16 -1.029521e+17  -5.487881e-01 -7.342863e-02     249     33    -50
-55.797935 -30.026553 14.175512 9.618785e+16 5.288780 -1.629827e+16 1.614046e+16 -4.723004e+16 -4.763633e+16 -2.442887e+16 -4.054287e+16  7.093457e+15 -1.611401e+16 -1.126081e+17  -4.402044e-01 -6.299244e-02     259     44    -55
-51.057066 -29.628250 19.314683 9.211011e+16 5.276238 -1.469059e+16 4.556886e+15 -4.587138e+16 -4.829572e+16 -2.290483e+16 -3.812434e+16  1.017138e+16 -1.521951e+16 -1.093249e+17  -6.683119e-01 -9.303810e-02     257     39    -56
-46.062593 -30.285665 23.651743 9.113291e+16 5.273150 -1.848862e+16 8.609668e+15 -4.004404e+16 -4.667878e+16 -2.603080e+16 -3.841987e+16  8.258902e+15 -1.238908e+16 -1.111294e+17  -6.666276e-01 -7.431785e-02     254     41    -59
-59.106537 -25.920127 14.973337 8.713657e+16 5.260167 -1.596956e+16 1.181795e+16 -5.219218e+16 -4.251158e+16 -1.925798e+16 -3.138234e+16  1.112925e+16 -1.212436e+16 -9.315190e+16  -9.179247e-01 -1.194742e-01     254     37    -49
-46.136780 -28.325477 25.537744 8.801548e+16 5.263073 -1.762982e+16 5.406418e+15 -4.098270e+16 -4.821959e+16 -2.276265e+16 -3.450826e+16  1.371134e+16 -1.174561e+16 -1.054905e+17  -1.167359e+00 -1.299770e-01     257     40    -58
-59.894508 -25.506303 14.599189 8.643080e+16 5.257812 -1.713381e+16 1.437967e+16 -5.248454e+16 -4.132243e+16 -1.845847e+16 -3.059746e+16  1.072497e+16 -1.213899e+16 -9.037835e+16  -8.835149e-01 -1.186675e-01     254     38    -47
-47.365556 -28.095467 24.538977 8.672695e+16 5.258803 -1.605477e+16 -3.682844e+13 -4.814769e+16 -4.492752e+16 -1.904681e+16 -3.375024e+16  1.117728e+16 -1.470343e+16 -9.772457e+16  -7.601817e-01 -1.143753e-01     256     35    -53
-47.022010 -27.395031 25.582959 8.919029e+16 5.266912 -1.529706e+16 -4.504506e+15 -5.466846e+16 -4.308945e+16 -1.859791e+16 -3.374434e+16  9.345115e+15 -1.514643e+16 -9.543170e+16  -6.169846e-01 -9.792464e-02     252     30    -51
-57.383322 -23.404416 19.212262 9.041690e+16 5.270866 -1.736505e+16 8.962270e+15 -6.079130e+16 -4.085100e+16 -1.935054e+16 -2.902906e+16  1.182194e+16 -9.678514e+15 -8.923060e+16  -1.221462e+00 -1.324875e-01     246     30    -46
-43.673976 -30.627132 25.698891 8.062731e+16 5.237688 -1.570214e+16 9.926360e+15 -3.271708e+16 -4.576148e+16 -1.894550e+16 -3.430498e+16  1.145650e+16 -1.535948e+16 -9.901195e+16  -7.458911e-01 -1.157082e-01     263     45    -60
-65.940191 -22.170265 11.889544 7.839753e+16 5.229568 -1.461897e+16 1.376914e+16 -5.076946e+16 -3.876772e+16 -1.504964e+16 -2.383923e+16  1.492850e+16 -8.789582e+15 -7.765659e+16  -1.698431e+00 -1.922373e-01     256     38    -45
-52.816826 -30.711398 16.471776 1.041595e+17 5.311833 -1.738713e+16 1.040695e+16 -5.288897e+16 -4.891944e+16 -2.870935e+16 -4.486685e+16  4.052587e+15 -1.615750e+16 -1.224956e+17  -2.508177e-01 -3.308352e-02     250     37    -55
-58.687158 -25.366577 15.946265 8.354799e+16 5.247991 -1.755111e+16 1.482574e+16 -4.927218e+16 -4.004970e+16 -1.906019e+16 -2.937177e+16  1.067793e+16 -1.031158e+16 -8.848166e+16  -1.035529e+00 -1.206796e-01     255     39    -48
-56.184978 -26.082084 17.732938 8.333085e+16 5.247237 -1.637800e+16 1.009660e+16 -4.996729e+16 -3.975859e+16 -1.921168e+16 -3.014915e+16  9.609438e+15 -1.093747e+16 -8.911942e+16  -8.785799e-01 -1.078265e-01     252     36    -49
-54.145024 -29.805998 16.048977 8.930188e+16 5.267274 -1.561388e+16 1.163776e+16 -4.487834e+16 -4.255782e+16 -2.494089e+16 -3.729955e+16  5.258270e+15 -1.235866e+16 -1.047983e+17  -4.254725e-01 -5.017516e-02     251     39    -55
-48.772725 -31.070609 20.156666 9.671398e+16 5.290360 -1.636221e+16 3.899068e+15 -4.916053e+16 -4.753017e+16 -2.430311e+16 -4.202398e+16  5.506188e+15 -1.772087e+16 -1.138573e+17  -3.107177e-01 -4.836044e-02     253     37    -55
-45.361646 -32.085753 22.552600 9.672335e+16 5.290388 -1.734076e+16 9.361801e+15 -3.726772e+16 -5.123332e+16 -2.723894e+16 -4.332685e+16  7.906476e+15 -1.608791e+16 -1.217991e+17  -4.914546e-01 -6.491407e-02     257     43    -62
-46.060940 -33.846890 20.092170 1.054747e+17 5.315466 -1.622622e+16 5.670689e+15 -4.177758e+16 -5.408357e+16 -2.902038e+16 -4.998245e+16  4.101113e+15 -2.096208e+16 -1.330864e+17  -1.956444e-01 -3.081542e-02     256     41    -62
-50.105022 -28.990412 20.904566 8.795222e+16 5.262865 -1.611624e+16 7.414181e+15 -4.337020e+16 -4.639985e+16 -2.188038e+16 -3.552437e+16  1.087548e+16 -1.364400e+16 -1.038046e+17  -7.970891e-01 -1.047688e-01     258     40    -56
-62.789557 -25.870223 11.340220 8.040078e+16 5.236874 -1.689593e+16 2.108540e+16 -4.639704e+16 -3.896125e+16 -1.493994e+16 -2.896290e+16  9.998350e+15 -1.402296e+16 -8.286409e+16  -7.129983e-01 -1.206596e-01     265     48    -49
-47.224192 -28.407638 24.368170 9.021666e+16 5.270225 -1.770470e+16 2.908186e+15 -4.695541e+16 -4.528245e+16 -2.405881e+16 -3.552983e+16  9.752617e+15 -1.147103e+16 -1.048711e+17  -8.501954e-01 -9.299624e-02     252     36    -56
-52.939193 -30.048172 17.012635 9.320351e+16 5.279655 -1.584308e+16 8.549276e+15 -4.914474e+16 -4.467437e+16 -2.394848e+16 -3.922910e+16  5.445274e+15 -1.528062e+16 -1.078520e+17  -3.563516e-01 -5.048842e-02     252     37    -54
-51.503646 -30.562595 17.933759 9.577546e+16 5.287536 -1.634355e+16 7.194302e+15 -5.095891e+16 -4.673861e+16 -2.243116e+16 -4.099758e+16  5.741024e+15 -1.856642e+16 -1.101674e+17  -3.092154e-01 -5.211185e-02     255     37    -53
-55.485066 -24.909514 19.605420 7.685833e+16 5.223827 -1.679832e+16 1.119308e+16 -4.457328e+16 -3.861382e+16 -1.741635e+16 -2.640819e+16  1.220563e+16 -8.991844e+15 -8.243837e+16  -1.357411e+00 -1.480577e-01     256     40    -49
-71.489980 -17.830397 10.679623 7.360582e+16 5.211308 -1.711930e+16 1.871422e+16 -5.100497e+16 -3.439814e+16 -1.146589e+16 -1.758627e+16  1.681187e+16 -6.120378e+15 -6.345029e+16  -2.746868e+00 -2.649613e-01     255     38    -40
-67.037119 -12.604588 20.358294 7.525770e+16 5.217734 -1.696266e+16 1.406902e+16 -6.023828e+16 -3.068377e+16 -9.576648e+15 -1.217506e+16  1.850872e+16 -2.598410e+15 -5.243548e+16  -7.123092e+00 -3.529808e-01     243     23    -35
-51.739771 -29.158386 19.101843 1.008824e+17 5.302577 -1.740162e+16 6.449810e+15 -5.330110e+16 -4.949242e+16 -2.648718e+16 -4.106782e+16  8.424600e+15 -1.458064e+16 -1.170474e+17  -5.777937e-01 -7.197596e-02     252     36    -55
-49.707085 -30.128244 20.164671 1.057805e+17 5.316304 -1.760851e+16 2.668292e+15 -5.801112e+16 -5.128701e+16 -2.496686e+16 -4.451870e+16  6.768312e+15 -1.955184e+16 -1.207726e+17  -3.461727e-01 -5.604180e-02     253     34    -53
-52.235544 -30.552432 17.212024 8.538051e+16 5.254272 -1.484987e+16 1.179633e+16 -4.021828e+16 -4.353295e+16 -2.166821e+16 -3.655806e+16  6.974886e+15 -1.488985e+16 -1.017592e+17  -4.684322e-01 -6.854304e-02     259     43    -56
-52.534541 -25.880776 21.584683 9.294638e+16 5.278855 -1.665291e+16 4.047155e+15 -5.282812e+16 -4.427132e+16 -2.714476e+16 -3.322649e+16  1.104483e+16 -6.081730e+15 -1.046426e+17  -1.816067e+00 -1.055481e-01     245     33    -55
-46.451860 -30.205076 23.343065 9.186748e+16 5.275475 -1.843284e+16 7.100238e+15 -4.348768e+16 -4.663236e+16 -2.451940e+16 -3.863588e+16  7.996476e+15 -1.411648e+16 -1.097876e+17  -5.664638e-01 -7.283585e-02     254     39    -57
-54.467694 -29.264203 16.268102 9.381128e+16 5.281537 -1.694820e+16 1.177050e+16 -5.060760e+16 -4.585846e+16 -2.202840e+16 -3.842919e+16  7.429272e+15 -1.640079e+16 -1.063160e+17  -4.529827e-01 -6.987912e-02     256     39    -52
-48.666652 -28.960274 22.373073 9.110906e+16 5.273074 -1.509522e+16 -9.742250e+13 -4.808460e+16 -4.765560e+16 -2.130480e+16 -3.670253e+16  1.095308e+16 -1.539773e+16 -1.056629e+17  -7.113437e-01 -1.036605e-01     256     36    -55
-52.592822 -30.748074 16.659104 9.109651e+16 5.273034 -1.700792e+16 1.740293e+16 -4.186115e+16 -4.545197e+16 -2.299058e+16 -3.928248e+16  6.169483e+15 -1.629190e+16 -1.077250e+17  -3.786840e-01 -5.727065e-02     260     46    -56
-50.221024 -33.674773 16.104203 1.037970e+17 5.310823 -1.423736e+16 7.422922e+15 -4.446821e+16 -5.191809e+16 -2.788209e+16 -4.911291e+16  2.805174e+15 -2.123082e+16 -1.289131e+17  -1.321275e-01 -2.176020e-02     257     41    -60
-52.674403 -30.098879 17.226718 9.971802e+16 5.299216 -1.729672e+16 8.515091e+15 -5.528947e+16 -4.756533e+16 -2.277394e+16 -4.203738e+16  5.527952e+15 -1.926343e+16 -1.123766e+17  -2.869660e-01 -4.919128e-02     253     36    -51
-54.699302 -27.852502 17.448195 8.713621e+16 5.260166 -1.726496e+16 1.381291e+16 -4.653087e+16 -4.432440e+16 -1.964158e+16 -3.383959e+16  1.048481e+16 -1.419802e+16 -9.780557e+16  -7.384698e-01 -1.072005e-01     260     43    -52
-53.489585 -29.456077 17.054339 9.179310e+16 5.275240 -1.760018e+16 1.411309e+16 -4.783761e+16 -4.620755e+16 -2.025208e+16 -3.783744e+16  8.370117e+15 -1.758536e+16 -1.042971e+17  -4.759708e-01 -8.025266e-02     260     43    -52
-56.228167 -25.108216 18.663617 8.278563e+16 5.245337 -1.497143e+16 6.298642e+15 -5.149606e+16 -3.992035e+16 -1.884193e+16 -2.871668e+16  1.120368e+16 -9.874744e+15 -8.747896e+16  -1.134579e+00 -1.280728e-01     251     33    -49
-59.250955 -24.991559 15.757487 8.155336e+16 5.240995 -1.705812e+16 1.512836e+16 -4.769986e+16 -4.112343e+16 -1.676756e+16 -2.821347e+16  1.290996e+16 -1.144590e+16 -8.610446e+16  -1.127911e+00 -1.499337e-01     260     42    -49
-55.896872 -27.813126 16.290002 8.720037e+16 5.260379 -1.586468e+16 1.027239e+16 -4.989849e+16 -4.211915e+16 -2.026878e+16 -3.384558e+16  8.273570e+15 -1.357680e+16 -9.623351e+16  -6.093904e-01 -8.597390e-02     254     37    -50
-57.612835 -26.127315 16.259849 8.537464e+16 5.254253 -1.833604e+16 1.629218e+16 -4.860191e+16 -4.186485e+16 -1.869758e+16 -3.098389e+16  1.088096e+16 -1.228632e+16 -9.154632e+16  -8.856159e-01 -1.188574e-01     258     42    -49
-63.087164 -18.692093 18.220743 7.361012e+16 5.211325 -1.704922e+16 1.083131e+16 -5.315951e+16 -3.533637e+16 -9.493707e+15 -1.844380e+16  1.689257e+16 -8.950089e+15 -6.327387e+16  -1.887419e+00 -2.669755e-01     256     34    -39
-55.752336 -27.175668 17.071996 9.214134e+16 5.276336 -1.557521e+16 7.151076e+15 -5.545014e+16 -4.365718e+16 -2.140095e+16 -3.486476e+16  8.792426e+15 -1.346380e+16 -9.992289e+16  -6.530418e-01 -8.799211e-02     250     33    -50
-75.254169 -14.477780 10.268051 6.733694e+16 5.185536 -1.789604e+16 1.920423e+16 -4.848411e+16 -3.199336e+16 -5.960487e+15 -1.277200e+16  1.922137e+16 -6.811508e+15 -5.072585e+16  -2.821896e+00 -3.789265e-01     263     43    -37
-55.013938 -21.878055 23.108007 7.766737e+16 5.226859 -1.630402e+16 4.794283e+15 -5.218132e+16 -3.780380e+16 -1.502291e+16 -2.306203e+16  1.474178e+16 -8.039119e+15 -7.588874e+16  -1.833755e+00 -1.942551e-01     253     33    -45
-53.158412 -27.780179 19.061409 7.802830e+16 5.228201 -1.570782e+16 1.148690e+16 -4.053270e+16 -4.014233e+16 -1.856101e+16 -3.017541e+16  9.966921e+15 -1.161440e+16 -8.887874e+16  -8.581520e-01 -1.121407e-01     259     42    -53
-56.685946 -30.409546 12.904508 9.398282e+16 5.282066 -1.423603e+16 1.723598e+16 -4.493424e+16 -4.803965e+16 -2.247909e+16 -4.017409e+16  7.865568e+15 -1.769500e+16 -1.106928e+17  -4.445080e-01 -7.105761e-02     265     47    -56
-47.495687 -32.770760 19.733553 9.797855e+16 5.294121 -1.559692e+16 6.034714e+15 -4.007218e+16 -4.961251e+16 -2.843796e+16 -4.496917e+16  4.643341e+15 -1.653120e+16 -1.230196e+17  -2.808834e-01 -3.774471e-02     254     40    -62
-55.492271 -31.380958 13.126771 1.001248e+17 5.300394 -1.523124e+16 1.105636e+16 -5.380395e+16 -4.651616e+16 -2.387651e+16 -4.420699e+16  2.309173e+15 -2.033048e+16 -1.145997e+17  -1.135818e-01 -2.014991e-02     252     37    -52
-47.213763 -30.875668 21.910570 8.910279e+16 5.266628 -1.678788e+16 1.087758e+16 -3.693046e+16 -4.696769e+16 -2.457171e+16 -3.839691e+16  8.570777e+15 -1.382520e+16 -1.099363e+17  -6.199388e-01 -7.796130e-02     257     43    -60
-50.728835 -30.794313 18.476853 1.023050e+17 5.306631 -1.705657e+16 7.710496e+15 -4.882961e+16 -5.031774e+16 -2.881764e+16 -4.411522e+16  6.202525e+15 -1.529758e+16 -1.232506e+17  -4.054579e-01 -5.032450e-02     252     38    -57
-59.331672 -23.930150 16.738178 9.163832e+16 5.274751 -1.629643e+16 8.773460e+15 -6.088348e+16 -4.317296e+16 -1.817896e+16 -3.021058e+16  1.296238e+16 -1.203162e+16 -9.156249e+16  -1.077360e+00 -1.415687e-01     249     31    -46
-55.635681 -23.813808 20.550510 7.537335e+16 5.218179 -1.743289e+16 1.299579e+16 -4.343348e+16 -3.998738e+16 -1.482647e+16 -2.463319e+16  1.535419e+16 -9.806720e+15 -7.944705e+16  -1.565680e+00 -1.932631e-01     262     43    -49
-66.639603 -25.735690 7.624708 9.077702e+16 5.272017 -1.502140e+16 1.952350e+16 -5.406811e+16 -4.260365e+16 -2.062187e+16 -3.257195e+16  1.003169e+16 -1.195008e+16 -9.579747e+16  -8.394666e-01 -1.047177e-01     253     39    -48
-51.473396 -31.662994 16.863610 9.866803e+16 5.296151 -1.543570e+16 1.253182e+16 -4.346060e+16 -5.119196e+16 -2.541734e+16 -4.384387e+16  7.348087e+15 -1.842653e+16 -1.204532e+17  -3.987775e-01 -6.100368e-02     261     44    -58
-47.409940 -31.836843 20.753217 9.642089e+16 5.289481 -1.521234e+16 6.546290e+15 -3.536055e+16 -5.099063e+16 -2.980075e+16 -4.293144e+16  8.059186e+15 -1.313069e+16 -1.237228e+17  -6.137674e-01 -6.513904e-02     254     42    -65
-49.362625 -28.439500 22.197875 9.448890e+16 5.283621 -1.485543e+16 -2.622215e+15 -5.370006e+16 -4.701368e+16 -2.195673e+16 -3.734742e+16  9.666257e+15 -1.539068e+16 -1.063178e+17  -6.280590e-01 -9.091850e-02     253     33    -54
-53.586542 -27.421586 18.991873 8.477197e+16 5.252202 -1.649313e+16 1.024598e+16 -4.505673e+16 -4.266499e+16 -2.163013e+16 -3.233327e+16  1.033172e+16 -1.070314e+16 -9.662840e+16  -9.652983e-01 -1.069222e-01     255     40    -53
-51.586808 -29.293389 19.119803 9.075066e+16 5.271933 -1.705459e+16 1.082348e+16 -4.433459e+16 -4.560920e+16 -2.446926e+16 -3.712279e+16  8.486419e+15 -1.265353e+16 -1.072013e+17  -6.706762e-01 -7.916343e-02     255     41    -56
-52.807111 -27.537576 19.655313 9.111889e+16 5.273106 -1.573506e+16 4.228514e+15 -5.231201e+16 -4.623516e+16 -2.014235e+16 -3.488977e+16  1.134540e+16 -1.474742e+16 -1.012673e+17  -7.693142e-01 -1.120342e-01     256     36    -51
-54.226361 -28.086764 17.686875 8.199393e+16 5.242554 -1.498564e+16 1.274614e+16 -4.006444e+16 -4.308598e+16 -2.077514e+16 -3.212151e+16  1.096448e+16 -1.134637e+16 -9.598263e+16  -9.663424e-01 -1.142340e-01     260     44    -56
-54.560085 -30.039604 15.400312 9.767793e+16 5.293231 -1.533692e+16 9.907291e+15 -4.885301e+16 -4.772193e+16 -2.685988e+16 -4.115291e+16  6.569016e+15 -1.429303e+16 -1.157347e+17  -4.595958e-01 -5.675925e-02     252     39    -56
-51.641086 -29.933572 18.425342 8.414306e+16 5.250046 -1.523259e+16 1.081354e+16 -4.103711e+16 -4.358380e+16 -2.016660e+16 -3.523133e+16  8.352468e+15 -1.506473e+16 -9.898173e+16  -5.544386e-01 -8.438394e-02     260     43    -55
-54.863587 -25.812056 19.324357 8.361880e+16 5.248236 -1.456187e+16 4.710028e+15 -5.428071e+16 -3.847606e+16 -1.767624e+16 -2.987203e+16  8.604034e+15 -1.219579e+16 -8.602433e+16  -7.054924e-01 -1.000186e-01     248     30    -48
-51.861820 -28.610921 19.527259 9.424344e+16 5.282867 -1.601062e+16 5.032300e+15 -4.964399e+16 -4.565348e+16 -2.670081e+16 -3.758971e+16  8.063771e+15 -1.088889e+16 -1.099440e+17  -7.405500e-01 -7.334435e-02     249     35    -56
-56.391723 -23.314225 20.294052 7.889202e+16 5.231389 -1.492326e+16 5.138446e+15 -5.040171e+16 -3.921541e+16 -1.684553e+16 -2.519640e+16  1.401901e+16 -8.350871e+15 -8.125733e+16  -1.678749e+00 -1.725261e-01     253     34    -48
-50.274816 -30.166092 19.559092 1.013790e+17 5.303999 -1.637817e+16 3.188717e+15 -5.593113e+16 -4.633039e+16 -2.703570e+16 -4.274723e+16  3.583161e+15 -1.571153e+16 -1.161133e+17  -2.280593e-01 -3.085917e-02     246     32    -55
-53.685552 -25.905216 20.409233 8.160578e+16 5.241181 -1.541934e+16 5.313058e+15 -4.870392e+16 -4.088555e+16 -1.810003e+16 -2.923672e+16  1.164883e+16 -1.113669e+16 -8.822229e+16  -1.045987e+00 -1.320395e-01     254     35    -50
-55.983298 -28.896948 15.119754 1.055334e+17 5.315627 -1.804343e+16 1.411510e+16 -5.610834e+16 -4.822514e+16 -3.052788e+16 -4.269685e+16  5.528289e+15 -1.216898e+16 -1.214499e+17  -4.542937e-01 -4.551910e-02     246     36    -54
-49.023113 -27.578198 23.398689 9.789380e+16 5.293870 -1.451882e+16 -4.374853e+15 -6.271787e+16 -4.357102e+16 -2.178090e+16 -3.739762e+16  6.173399e+15 -1.561672e+16 -1.027495e+17  -3.953070e-01 -6.008202e-02     245     27    -52
-50.272438 -25.077083 24.650479 9.642161e+16 5.289483 -1.848773e+16 1.748046e+15 -6.303102e+16 -4.381901e+16 -2.152136e+16 -3.319687e+16  1.062214e+16 -1.167551e+16 -9.853723e+16  -9.097797e-01 -1.077982e-01     248     30    -49
-52.991984 -31.120490 15.887527 1.004033e+17 5.301199 -1.611793e+16 8.763351e+15 -5.283207e+16 -4.763913e+16 -2.480907e+16 -4.386459e+16  3.774548e+15 -1.905551e+16 -1.163128e+17  -1.980817e-01 -3.245170e-02     252     37    -53
-48.964725 -32.534261 18.501015 1.024298e+17 5.306984 -1.677825e+16 1.091443e+16 -4.298862e+16 -5.206147e+16 -2.815203e+16 -4.672357e+16  5.337899e+15 -1.857154e+16 -1.269371e+17  -2.874236e-01 -4.205154e-02     257     42    -60
-49.379691 -30.566364 20.053945 1.030557e+17 5.308748 -1.775076e+16 5.278532e+15 -5.165698e+16 -4.941356e+16 -2.886081e+16 -4.403273e+16  5.380826e+15 -1.517192e+16 -1.223071e+17  -3.546569e-01 -4.399439e-02     249     36    -57
-49.306865 -30.964319 19.728816 8.971031e+16 5.268595 -1.596217e+16 1.122680e+16 -3.954051e+16 -4.698393e+16 -2.323017e+16 -3.885941e+16  8.124513e+15 -1.562924e+16 -1.090735e+17  -5.198278e-01 -7.448658e-02     259     43    -58
-56.647444 -23.999879 19.352677 7.262678e+16 5.207431 -1.596646e+16 1.492512e+16 -3.909671e+16 -3.916724e+16 -1.586086e+16 -2.396586e+16  1.520139e+16 -8.104995e+15 -7.899396e+16  -1.875558e+00 -1.924373e-01     263     46    -52
-55.369412 -30.388249 14.242339 9.458775e+16 5.283923 -1.467544e+16 1.079608e+16 -4.822647e+16 -4.622158e+16 -2.424481e+16 -4.036704e+16  5.854544e+15 -1.612223e+16 -1.108334e+17  -3.631349e-01 -5.282290e-02     255     39    -54
-56.713763 -17.815820 25.470418 8.049045e+16 5.237196 -1.620024e+16 7.098854e+14 -6.038526e+16 -4.026484e+16 -8.374865e+15 -1.898723e+16  2.127761e+16 -1.061236e+16 -6.762693e+16  -2.004984e+00 -3.146323e-01     258     30    -39
-52.408902 -27.268369 20.322729 8.902058e+16 5.266360 -1.567285e+16 4.482728e+15 -4.978707e+16 -4.638276e+16 -1.996319e+16 -3.370797e+16  1.267478e+16 -1.374478e+16 -1.000539e+17  -9.221527e-01 -1.266795e-01     257     37    -52
-51.377685 -29.233703 19.388612 9.536746e+16 5.286300 -1.607314e+16 4.220875e+15 -5.255298e+16 -4.765881e+16 -2.179459e+16 -3.891790e+16  8.740910e+15 -1.712331e+16 -1.083713e+17  -5.104686e-01 -8.065705e-02     255     36    -53
-49.161733 -30.943270 19.894998 9.046875e+16 5.271032 -1.460788e+16 5.506159e+15 -4.111989e+16 -4.746679e+16 -2.381289e+16 -3.915413e+16  8.312661e+15 -1.534125e+16 -1.104338e+17  -5.418504e-01 -7.527279e-02     257     40    -59
-55.176080 -21.500687 23.323232 7.712648e+16 5.224836 -1.501126e+16 4.177120e+15 -5.356242e+16 -3.497276e+16 -1.661276e+16 -2.246037e+16  1.251239e+16 -5.847614e+15 -7.404590e+16  -2.139742e+00 -1.689815e-01     246     29    -46
-47.190228 -31.837780 20.971993 9.954270e+16 5.298706 -1.635125e+16 4.539106e+15 -4.161146e+16 -5.087510e+16 -2.935858e+16 -4.431287e+16  6.562234e+15 -1.495429e+16 -1.245465e+17  -4.388197e-01 -5.268901e-02     253     39    -62
-63.543006 -21.682662 14.774332 7.201099e+16 5.204966 -1.621523e+16 1.848184e+16 -4.172948e+16 -3.675117e+16 -1.545447e+16 -2.132700e+16  1.542418e+16 -5.872528e+15 -7.353264e+16  -2.626497e+00 -2.097596e-01     263     47    -50
-52.972314 -27.864413 19.163273 8.448045e+16 5.251204 -1.423485e+16 5.192528e+15 -4.522573e+16 -4.423929e+16 -2.010625e+16 -3.277321e+16  1.146607e+16 -1.266697e+16 -9.711875e+16  -9.051951e-01 -1.180624e-01     257     38    -54
-53.561510 -29.065411 17.373078 9.678217e+16 5.290564 -1.665054e+16 8.338103e+15 -5.316728e+16 -4.614563e+16 -2.463789e+16 -3.932673e+16  6.818901e+15 -1.468884e+16 -1.101103e+17  -4.642233e-01 -6.192793e-02     251     36    -53
-58.897980 -25.024353 16.077667 8.208057e+16 5.242860 -1.533738e+16 9.373380e+15 -5.282568e+16 -3.937368e+16 -1.564728e+16 -2.842952e+16  1.094416e+16 -1.278225e+16 -8.345048e+16  -8.561997e-01 -1.311455e-01     253     34    -46
-48.040179 -29.085747 22.874074 9.622905e+16 5.288904 -1.741498e+16 9.643131e+14 -5.484252e+16 -4.689987e+16 -2.156306e+16 -3.892085e+16  7.979011e+15 -1.735780e+16 -1.073838e+17  -4.596788e-01 -7.430369e-02     253     34    -52
-50.372260 -28.135224 21.492516 9.544748e+16 5.286543 -1.727569e+16 3.855700e+15 -5.201925e+16 -4.723849e+16 -2.462497e+16 -3.732554e+16  9.912952e+15 -1.270057e+16 -1.091890e+17  -7.805123e-01 -9.078709e-02     252     35    -54
-61.088316 -22.671336 16.240348 8.395309e+16 5.249391 -1.533165e+16 1.030631e+16 -5.488945e+16 -3.934753e+16 -1.920709e+16 -2.609084e+16  1.325669e+16 -6.883748e+15 -8.464547e+16  -1.925796e+00 -1.566143e-01     247     32    -47
-53.557925 -29.257160 17.184915 9.038966e+16 5.270779 -1.558828e+16 9.936683e+15 -4.633557e+16 -4.602948e+16 -2.215279e+16 -3.699039e+16  9.039093e+15 -1.483759e+16 -1.051727e+17  -6.092021e-01 -8.594527e-02     258     40    -54
-55.200951 -19.555593 25.243456 7.540409e+16 5.218297 -1.509796e+16 1.753003e+15 -5.514349e+16 -3.564301e+16 -1.179772e+16 -1.972873e+16  1.591427e+16 -7.931016e+15 -6.716946e+16  -2.006587e+00 -2.369272e-01     252     29    -42
-54.529768 -28.451816 17.018416 8.921729e+16 5.266999 -1.712163e+16 1.530606e+16 -4.349689e+16 -4.429024e+16 -2.458379e+16 -3.545429e+16  8.835955e+15 -1.087050e+16 -1.043283e+17  -8.128379e-01 -8.469374e-02     256     43    -55
-50.309324 -28.909617 20.781059 7.979989e+16 5.234702 -1.514594e+16 7.391928e+15 -4.217820e+16 -4.242389e+16 -1.627929e+16 -3.214082e+16  1.028307e+16 -1.586153e+16 -9.084400e+16  -6.483027e-01 -1.131948e-01     262     41    -52
-60.043384 -21.805743 18.150873 8.291927e+16 5.245804 -1.615829e+16 9.388965e+15 -5.881078e+16 -3.745095e+16 -1.450769e+16 -2.464793e+16  1.280301e+16 -1.014024e+16 -7.660657e+16  -1.262595e+00 -1.671268e-01     248     29    -42
-52.441891 -31.739113 15.818996 1.013403e+17 5.303888 -1.642080e+16 9.464802e+15 -5.236671e+16 -4.740187e+16 -2.550576e+16 -4.518005e+16  2.221821e+15 -1.967429e+16 -1.180877e+17  -1.129302e-01 -1.881501e-02     252     37    -54
-56.266591 -23.055251 20.678158 7.673370e+16 5.223357 -1.434288e+16 4.182435e+15 -5.011874e+16 -3.779725e+16 -1.578702e+16 -2.419909e+16  1.359816e+16 -8.412073e+15 -7.778336e+16  -1.616506e+00 -1.748210e-01     252     33    -47
-52.899792 -20.489087 26.611120 8.625037e+16 5.257207 -1.464453e+16 -2.091053e+15 -6.518189e+16 -3.837306e+16 -1.279677e+16 -2.372501e+16  1.464805e+16 -1.092824e+16 -7.489483e+16  -1.340385e+00 -1.955816e-01     249     24    -43
-56.161684 -25.989857 17.848460 1.020958e+17 5.306039 -1.905749e+16 1.066275e+16 -6.556028e+16 -4.573623e+16 -2.239823e+16 -3.679335e+16  8.942881e+15 -1.439511e+16 -1.049278e+17  -6.212443e-01 -8.522890e-02     247     31    -47
-51.701642 -25.549745 22.748613 9.354234e+16 5.280705 -1.593745e+16 4.600508e+14 -6.212713e+16 -4.251043e+16 -1.941025e+16 -3.293572e+16  9.574706e+15 -1.352547e+16 -9.485640e+16  -7.079020e-01 -1.009390e-01     248     28    -48
-47.359041 -33.786633 18.854326 1.045543e+17 5.312928 -1.738134e+16 8.947886e+15 -4.442331e+16 -5.086957e+16 -2.894601e+16 -4.951721e+16  1.352362e+15 -2.057120e+16 -1.293328e+17  -6.574052e-02 -1.045645e-02     254     40    -59
-50.221865 -26.310298 23.467837 7.768896e+16 5.226940 -1.672242e+16 1.024367e+16 -3.880933e+16 -4.245412e+16 -1.876106e+16 -2.821375e+16  1.424038e+16 -9.452689e+15 -8.942893e+16  -1.506490e+00 -1.592368e-01     260     43    -55
-54.195864 -28.794506 17.009630 9.383742e+16 5.281617 -1.712290e+16 1.056414e+16 -5.209839e+16 -4.423673e+16 -2.348095e+16 -3.776648e+16  6.470247e+15 -1.428553e+16 -1.054842e+17  -4.529231e-01 -6.133856e-02     251     37    -51
-52.664794 -24.747151 22.588054 8.318036e+16 5.246714 -1.442026e+16 -2.216682e+13 -5.346576e+16 -4.084670e+16 -1.699815e+16 -2.829289e+16  1.255380e+16 -1.129474e+16 -8.613775e+16  -1.111473e+00 -1.457410e-01     252     31    -49
-56.039382 -24.185194 19.775424 7.675660e+16 5.223444 -1.487902e+16 9.361906e+15 -4.542632e+16 -4.347871e+16 -1.177643e+16 -2.553283e+16  1.794587e+16 -1.375641e+16 -8.078797e+16  -1.304546e+00 -2.221355e-01     268     44    -49
-49.047762 -28.804375 22.147864 8.977327e+16 5.268798 -1.569959e+16 2.053708e+15 -4.656953e+16 -4.609462e+16 -2.284155e+16 -3.596759e+16  1.012702e+16 -1.312604e+16 -1.049038e+17  -7.715216e-01 -9.653632e-02     254     36    -56
-49.932427 -32.051365 18.016208 9.429773e+16 5.283034 -1.552234e+16 9.366183e+15 -4.212985e+16 -4.740000e+16 -2.537859e+16 -4.238469e+16  5.015309e+15 -1.700610e+16 -1.151633e+17  -2.949124e-01 -4.354955e-02     256     41    -58
-43.875454 -32.846577 23.277969 9.083094e+16 5.272189 -1.581579e+16 1.143345e+16 -3.201804e+16 -4.961072e+16 -2.417093e+16 -4.163048e+16  7.980241e+15 -1.745955e+16 -1.154121e+17  -4.570703e-01 -6.914560e-02     260     45    -64
-54.543957 -29.775362 15.680681 8.694627e+16 5.259534 -1.554559e+16 1.627309e+16 -4.085736e+16 -4.390817e+16 -2.234924e+16 -3.628700e+16  7.621173e+15 -1.393776e+16 -1.025444e+17  -5.468006e-01 -7.432070e-02     261     46    -56
-50.800848 -17.938550 31.260602 8.011741e+16 5.235851 -1.606332e+16 -1.908085e+15 -6.049675e+16 -3.547990e+16 -1.414882e+16 -1.890785e+16  1.657205e+16 -4.759033e+15 -6.853657e+16  -3.482230e+00 -2.417986e-01     249     25    -44
-47.581000 -28.378914 24.040086 8.010438e+16 5.235804 -1.657759e+16 1.329012e+16 -3.300331e+16 -4.417342e+16 -2.175154e+16 -3.152553e+16  1.264788e+16 -9.773991e+15 -9.745049e+16  -1.294035e+00 -1.297878e-01     260     46    -60
-55.903456 -26.304981 17.791562 8.629807e+16 5.257367 -1.575649e+16 7.465812e+15 -5.421583e+16 -4.080590e+16 -1.788369e+16 -3.150966e+16  9.296239e+15 -1.362597e+16 -9.019925e+16  -6.822443e-01 -1.030634e-01     251     33    -47
-55.295515 -26.632140 18.072344 8.693922e+16 5.259510 -1.673480e+16 8.809910e+15 -5.295859e+16 -4.186931e+16 -1.817760e+16 -3.216208e+16  9.707227e+15 -1.398448e+16 -9.220899e+16  -6.941430e-01 -1.052742e-01     254     36    -48
-53.322023 -21.917012 24.760965 7.179866e+16 5.204111 -1.683588e+16 6.412508e+15 -4.505843e+16 -3.760564e+16 -1.371807e+16 -2.132249e+16  1.628314e+16 -7.604422e+15 -7.264620e+16  -2.141273e+00 -2.241431e-01     258     38    -47
-54.043213 -27.336691 18.620096 8.543227e+16 5.254448 -1.668675e+16 1.034792e+16 -4.702163e+16 -4.323477e+16 -1.981889e+16 -3.248808e+16  1.074669e+16 -1.266919e+16 -9.554175e+16  -8.482546e-01 -1.124817e-01     257     40    -51
-53.160864 -27.311748 19.527388 8.704380e+16 5.259859 -1.646945e+16 7.628565e+15 -4.882101e+16 -4.271334e+16 -2.174578e+16 -3.304090e+16  9.672435e+15 -1.129512e+16 -9.750001e+16  -8.563371e-01 -9.920445e-02     252     37    -52
-50.118505 -31.229760 18.651735 9.895895e+16 5.297003 -1.635439e+16 5.681377e+15 -5.007313e+16 -4.810177e+16 -2.534218e+16 -4.328819e+16  4.813578e+15 -1.794602e+16 -1.167321e+17  -2.682254e-01 -4.123610e-02     253     37    -55
-55.169961 -27.635165 17.194874 8.860180e+16 5.264995 -1.333462e+16 3.312921e+15 -5.555674e+16 -4.144422e+16 -1.851433e+16 -3.412941e+16  7.314813e+15 -1.561507e+16 -9.408796e+16  -4.684457e-01 -7.774441e-02     249     31    -49
-55.828091 -29.030727 15.141183 1.001056e+17 5.300339 -1.782765e+16 1.335130e+16 -5.517648e+16 -4.726726e+16 -2.453744e+16 -4.069822e+16  6.569041e+15 -1.616078e+16 -1.125029e+17  -4.064804e-01 -5.838996e-02     252     38    -51
-63.119222 -20.723211 16.157568 8.363907e+16 5.248306 -1.764638e+16 1.254720e+16 -5.764145e+16 -4.027018e+16 -1.387822e+16 -2.353664e+16  1.673354e+16 -9.658413e+15 -7.768504e+16  -1.732535e+00 -2.154023e-01     254     34    -42
-50.981102 -28.640227 20.378671 8.532519e+16 5.254085 -1.606958e+16 1.421012e+16 -4.092515e+16 -4.725475e+16 -1.799444e+16 -3.404142e+16  1.321333e+16 -1.604698e+16 -9.929061e+16  -8.234153e-01 -1.330773e-01     266     47    -56
-59.643363 -22.926366 17.430271 7.985521e+16 5.234902 -1.642456e+16 1.076516e+16 -5.266483e+16 -3.753443e+16 -1.610214e+16 -2.510136e+16  1.243307e+16 -8.999223e+15 -7.873794e+16  -1.381571e+00 -1.579044e-01     251     34    -45
-57.931883 -22.720580 19.347537 8.571509e+16 5.255405 -1.723765e+16 8.911664e+15 -5.941827e+16 -3.892179e+16 -1.575032e+16 -2.663309e+16  1.228869e+16 -1.088277e+16 -8.130520e+16  -1.129188e+00 -1.511428e-01     249     30    -43
-48.487562 -30.469688 21.042750 9.361876e+16 5.280942 -1.597275e+16 2.673625e+15 -4.850593e+16 -4.700635e+16 -2.245934e+16 -3.982981e+16  7.176540e+15 -1.737046e+16 -1.092955e+17  -4.131462e-01 -6.566181e-02     255     36    -55
-55.981249 -26.757341 17.261409 8.589929e+16 5.256026 -1.546302e+16 9.634284e+15 -4.844757e+16 -4.493403e+16 -1.819126e+16 -3.196040e+16  1.297363e+16 -1.376914e+16 -9.508569e+16  -9.422254e-01 -1.364415e-01     260     40    -51
-53.796455 -28.846204 17.357341 1.035328e+17 5.310085 -1.774447e+16 8.556378e+15 -5.771086e+16 -4.965626e+16 -2.555381e+16 -4.173547e+16  7.920785e+15 -1.618166e+16 -1.169455e+17  -4.894915e-01 -6.773053e-02     251     36    -52
-54.103325 -26.802157 19.094518 8.328315e+16 5.247071 -1.685203e+16 1.043535e+16 -4.650722e+16 -4.195188e+16 -1.926652e+16 -3.099299e+16  1.095889e+16 -1.172646e+16 -9.221139e+16  -9.345433e-01 -1.188453e-01     257     40    -51
-55.343247 -25.658887 18.997866 8.149887e+16 5.240801 -1.790502e+16 1.474310e+16 -4.459964e+16 -4.207614e+16 -1.809301e+16 -2.893609e+16  1.314005e+16 -1.084308e+16 -8.910524e+16  -1.211838e+00 -1.474666e-01     260     44    -51
-50.471428 -30.165419 19.363153 9.483822e+16 5.284689 -1.626400e+16 6.241987e+15 -4.680794e+16 -4.660038e+16 -2.641534e+16 -3.999578e+16  6.604598e+15 -1.358044e+16 -1.130115e+17  -4.863316e-01 -5.844182e-02     251     37    -57
-58.889658 -18.507148 22.603194 7.424520e+16 5.213812 -1.616801e+16 6.207804e+15 -5.312526e+16 -3.584519e+16 -1.245394e+16 -1.832527e+16  1.751992e+16 -5.871332e+15 -6.662440e+16  -2.983977e+00 -2.629655e-01     253     32    -42
-56.345848 -24.501437 19.152714 8.346117e+16 5.247690 -1.554728e+16 6.777197e+15 -5.062819e+16 -4.167334e+16 -1.943167e+16 -2.817641e+16  1.349693e+16 -8.744734e+15 -8.928142e+16  -1.543436e+00 -1.511729e-01     253     35    -50
-53.135126 -29.177061 17.687813 9.234498e+16 5.276976 -1.766387e+16 1.113668e+16 -5.124078e+16 -4.236556e+16 -2.344653e+16 -3.766549e+16  4.700070e+15 -1.421896e+16 -1.034776e+17  -3.305495e-01 -4.542114e-02     250     36    -51
-56.909829 -28.530859 14.559312 8.466308e+16 5.251829 -1.600804e+16 1.894066e+16 -4.176338e+16 -4.234608e+16 -2.065178e+16 -3.380772e+16  8.538359e+15 -1.315593e+16 -9.680558e+16  -6.490121e-01 -8.820111e-02     262     47    -54
-50.269379 -27.836935 21.893686 8.713738e+16 5.260170 -1.653547e+16 4.548666e+15 -4.797601e+16 -4.374028e+16 -2.126903e+16 -3.367705e+16  1.006324e+16 -1.240802e+16 -9.868636e+16  -8.110269e-01 -1.019719e-01     254     36    -53
-47.591352 -33.528161 18.880486 9.177456e+16 5.275182 -1.469848e+16 1.417219e+16 -3.424380e+16 -4.775277e+16 -2.441583e+16 -4.313275e+16  4.620027e+15 -1.871691e+16 -1.153014e+17  -2.468370e-01 -4.006915e-02     261     47    -62
-53.935713 -28.410444 17.653843 9.226589e+16 5.276727 -1.599697e+16 7.414665e+15 -5.231888e+16 -4.429960e+16 -2.240146e+16 -3.658955e+16  7.710042e+15 -1.418809e+16 -1.032906e+17  -5.434163e-01 -7.464417e-02     251     35    -52
-56.132301 -28.314075 15.553624 9.400290e+16 5.282128 -1.700676e+16 1.403588e+16 -5.007897e+16 -4.724734e+16 -2.211024e+16 -3.720738e+16  1.003996e+16 -1.509713e+16 -1.065650e+17  -6.650247e-01 -9.421450e-02     258     42    -52
-51.403762 -31.555072 17.041167 1.010758e+17 5.303131 -1.663792e+16 9.411085e+15 -4.948625e+16 -4.968265e+16 -2.562519e+16 -4.475037e+16  4.932283e+15 -1.912518e+16 -1.200582e+17  -2.578947e-01 -4.108243e-02     255     39    -55
-46.108117 -35.828558 18.063325 1.160201e+17 5.343056 -1.700561e+16 6.712804e+15 -4.363448e+16 -5.521941e+16 -3.443072e+16 -5.823255e+16  -3.013142e+15 -2.380183e+16 -1.478827e+17  1.265928e-01 2.037522e-02     251     40    -63
-55.512653 -25.099375 19.387972 7.869382e+16 5.230660 -1.464216e+16 5.944433e+15 -5.027101e+16 -3.697076e+16 -1.722590e+16 -2.726892e+16  9.701844e+15 -1.004302e+16 -8.146558e+16  -9.660285e-01 -1.190913e-01     249     32    -48
-48.297232 -33.021794 18.680974 1.041060e+17 5.311684 -1.697555e+16 1.431893e+16 -4.092846e+16 -5.381549e+16 -2.798413e+16 -4.819764e+16  5.617857e+15 -2.021351e+16 -1.299973e+17  -2.779259e-01 -4.321520e-02     260     45    -61
-67.875422 -18.191535 13.933043 7.240354e+16 5.206540 -1.828663e+16 1.709944e+16 -5.056760e+16 -3.393972e+16 -9.989536e+15 -1.765713e+16  1.628260e+16 -7.667591e+15 -6.158639e+16  -2.123561e+00 -2.643863e-01     257     38    -39
-61.334362 -23.666106 14.999533 8.221894e+16 5.243348 -1.660479e+16 1.398880e+16 -5.094509e+16 -3.942681e+16 -1.835140e+16 -2.681247e+16  1.261434e+16 -8.461070e+15 -8.459068e+16  -1.490869e+00 -1.491221e-01     253     37    -47
-46.312681 -35.685999 18.001320 1.130620e+17 5.335578 -1.499576e+16 4.712605e+15 -3.859845e+16 -5.606446e+16 -3.437427e+16 -5.653373e+16  -4.692747e+14 -2.215946e+16 -1.469725e+17  2.117718e-02 3.192943e-03     253     40    -66
-48.326520 -30.191795 21.481685 9.378435e+16 5.281454 -1.557035e+16 1.534180e+15 -4.642907e+16 -4.762472e+16 -2.469670e+16 -3.950393e+16  8.120786e+15 -1.480724e+16 -1.118254e+17  -5.484335e-01 -7.262026e-02     253     36    -57
-53.629039 -27.568913 18.802049 8.148714e+16 5.240759 -1.616767e+16 1.072271e+16 -4.396146e+16 -4.157997e+16 -1.881178e+16 -3.126451e+16  1.031546e+16 -1.245273e+16 -9.165626e+16  -8.283692e-01 -1.125450e-01     258     41    -52
-54.987259 -29.174325 15.838416 8.882112e+16 5.265711 -1.422770e+16 9.587773e+15 -4.553463e+16 -4.560044e+16 -2.178197e+16 -3.627960e+16  9.320841e+15 -1.449762e+16 -1.036620e+17  -6.429220e-01 -8.991570e-02     258     41    -54
-47.057139 -26.557288 26.385573 9.234022e+16 5.276961 -1.706722e+16 -3.345268e+15 -5.915107e+16 -4.420142e+16 -1.727873e+16 -3.375719e+16  1.044423e+16 -1.647847e+16 -9.523734e+16  -6.338105e-01 -1.096652e-01     254     30    -48
-48.725867 -30.115166 21.158967 9.306076e+16 5.279211 -1.605405e+16 8.692527e+15 -4.140290e+16 -5.069675e+16 -2.354919e+16 -3.910858e+16  1.158817e+16 -1.555939e+16 -1.133545e+17  -7.447704e-01 -1.022295e-01     260     43    -59
-51.498945 -29.886509 18.614546 8.736539e+16 5.260926 -1.740718e+16 2.052764e+16 -3.698737e+16 -4.444193e+16 -2.315536e+16 -3.651418e+16  7.927744e+15 -1.335882e+16 -1.041115e+17  -5.934464e-01 -7.614669e-02      39     49   -121
-59.920812 -19.504766 20.574422 8.100867e+16 5.239054 -1.730677e+16 8.757747e+15 -5.973690e+16 -3.677248e+16 -1.206173e+16 -2.123590e+16  1.553659e+16 -9.174168e+15 -7.007010e+16  -1.693514e+00 -2.217292e-01     250     29    -40
-54.094326 -26.428456 19.477218 8.961141e+16 5.268276 -1.677601e+16 5.939271e+15 -5.709353e+16 -4.258328e+16 -1.713432e+16 -3.283561e+16  9.747671e+15 -1.570129e+16 -9.255322e+16  -6.208198e-01 -1.053196e-01     253     33    -46
-54.103016 -23.419616 22.477369 8.016751e+16 5.236032 -1.558911e+16 2.988412e+15 -5.275799e+16 -3.997307e+16 -1.471657e+16 -2.567468e+16  1.429838e+16 -1.095812e+16 -8.036432e+16  -1.304821e+00 -1.779195e-01     255     33    -46
-46.268417 -30.532096 23.199487 8.976278e+16 5.268764 -1.390617e+16 -2.666469e+15 -4.311741e+16 -4.749964e+16 -2.228083e+16 -3.818178e+16  9.317857e+15 -1.590095e+16 -1.079622e+17  -5.859938e-01 -8.630662e-02     256     36    -58
-49.656530 -31.618420 18.725050 9.571468e+16 5.287352 -1.540804e+16 5.471901e+15 -4.686505e+16 -4.819397e+16 -2.343025e+16 -4.240114e+16  5.792825e+15 -1.897089e+16 -1.140254e+17  -3.053533e-01 -5.080295e-02     256     39    -56
-49.730188 -28.818132 21.451680 8.717345e+16 5.260289 -1.764558e+16 1.157402e+16 -4.097183e+16 -4.536406e+16 -2.311640e+16 -3.496928e+16  1.039478e+16 -1.185289e+16 -1.034497e+17  -8.769827e-01 -1.004814e-01     257     42    -56
-53.108294 -25.958057 20.933649 9.245600e+16 5.277323 -1.660948e+16 4.049171e+15 -5.458808e+16 -4.508935e+16 -2.327926e+16 -3.317996e+16  1.190939e+16 -9.900699e+15 -1.015486e+17  -1.202884e+00 -1.172778e-01     250     33    -52
-58.765181 -20.167728 21.067092 7.158965e+16 5.203267 -1.702741e+16 1.076007e+16 -4.546418e+16 -3.715285e+16 -1.380730e+16 -1.946651e+16  1.768634e+16 -5.659215e+15 -7.042666e+16  -3.125229e+00 -2.511313e-01     259     40    -46
-55.721267 -28.832610 15.446123 9.335596e+16 5.280128 -1.671452e+16 1.320497e+16 -5.013615e+16 -4.648533e+16 -2.146216e+16 -3.767200e+16  8.813336e+15 -1.620984e+16 -1.056195e+17  -5.437028e-01 -8.344422e-02     258     41    -52
-57.432924 -23.542981 19.024095 8.754872e+16 5.261533 -1.495181e+16 4.521169e+15 -5.988420e+16 -4.126675e+16 -1.619701e+16 -2.829578e+16  1.297097e+16 -1.209877e+16 -8.575955e+16  -1.072090e+00 -1.512481e-01     250     29    -45
-51.514222 -32.508450 15.977328 1.036288e+17 5.310354 -1.591243e+16 1.095486e+16 -4.503934e+16 -5.037634e+16 -3.024742e+16 -4.733389e+16  3.042447e+15 -1.708648e+16 -1.279576e+17  -1.780617e-01 -2.377698e-02     253     41    -59
-60.179776 -22.618435 17.201789 7.323243e+16 5.209836 -1.517755e+16 1.065341e+16 -4.589084e+16 -3.687854e+16 -1.504713e+16 -2.268344e+16  1.419510e+16 -7.636312e+15 -7.460911e+16  -1.858895e+00 -1.902596e-01     256     38    -47
-55.721649 -27.048431 17.229920 8.452641e+16 5.251362 -1.564195e+16 7.970637e+15 -5.245662e+16 -4.056100e+16 -1.622011e+16 -3.181849e+16  8.742515e+15 -1.559838e+16 -8.859961e+16  -5.604760e-01 -9.867443e-02     254     35    -47
-65.255012 -22.884487 11.860501 7.610645e+16 5.220981 -1.731271e+16 1.972948e+16 -4.697818e+16 -3.654527e+16 -1.386727e+16 -2.396691e+16  1.257836e+16 -1.009964e+16 -7.437945e+16  -1.245427e+00 -1.691107e-01     261     45    -46
-51.466825 -28.531059 20.002117 9.537914e+16 5.286336 -1.525025e+16 1.324657e+15 -5.560867e+16 -4.544757e+16 -2.272218e+16 -3.791291e+16  7.534663e+15 -1.519073e+16 -1.060827e+17  -4.960041e-01 -7.102634e-02     250     32    -52
-52.474234 -27.589771 19.935995 8.794503e+16 5.262841 -1.797978e+16 1.174672e+16 -4.580190e+16 -4.462590e+16 -2.212479e+16 -3.373367e+16  1.089223e+16 -1.160888e+16 -1.004844e+17  -9.382666e-01 -1.083972e-01     256     41    -53
-54.491962 -23.036928 22.471109 8.302988e+16 5.246190 -1.540703e+16 3.235141e+15 -5.628815e+16 -3.843441e+16 -1.748296e+16 -2.611460e+16  1.231981e+16 -8.631632e+15 -8.203197e+16  -1.427287e+00 -1.501831e-01     248     29    -47
-49.646475 -29.658491 20.695034 9.081759e+16 5.272147 -1.564651e+16 4.503501e+15 -4.649729e+16 -4.738705e+16 -2.123222e+16 -3.757898e+16  9.808076e+15 -1.634676e+16 -1.061982e+17  -6.000013e-01 -9.235629e-02     258     39    -55
-55.607911 -28.678038 15.714051 8.397430e+16 5.249464 -1.504730e+16 9.896986e+15 -4.804214e+16 -4.069470e+16 -1.805817e+16 -3.368716e+16  7.007538e+15 -1.562899e+16 -9.244002e+16  -4.483680e-01 -7.580632e-02     256     38    -49
-51.918923 -32.740190 15.340887 1.061998e+17 5.317449 -1.806277e+16 1.600442e+16 -4.800913e+16 -5.000164e+16 -2.914597e+16 -4.888163e+16  1.120007e+15 -1.973566e+16 -1.280292e+17  -5.675045e-02 -8.748060e-03     254     42    -56
-56.937169 -26.098282 16.964548 9.039392e+16 5.270793 -1.660766e+16 9.947667e+15 -5.319968e+16 -4.462447e+16 -2.086154e+16 -3.274756e+16  1.187691e+16 -1.188602e+16 -9.823356e+16  -9.992337e-01 -1.209048e-01     254     37    -50
-59.256927 -27.343340 13.399733 8.880104e+16 5.265645 -1.634257e+16 1.550545e+16 -4.972964e+16 -4.244071e+16 -2.154412e+16 -3.391536e+16  8.525347e+15 -1.237125e+16 -9.790019e+16  -6.891259e-01 -8.708202e-02     254     40    -50
-51.770583 -29.103261 19.126156 9.799574e+16 5.294171 -1.624393e+16 3.987798e+15 -5.474664e+16 -4.767611e+16 -2.353188e+16 -3.981234e+16  7.863774e+15 -1.628046e+16 -1.110203e+17  -4.830193e-01 -7.083185e-02     252     35    -53
-54.505948 -30.931289 14.562764 1.008375e+17 5.302448 -1.531541e+16 9.617983e+15 -5.211751e+16 -4.868126e+16 -2.532833e+16 -4.382151e+16  4.859755e+15 -1.849317e+16 -1.178311e+17  -2.627864e-01 -4.124340e-02     254     38    -54
-57.819813 -22.184619 19.995568 8.315860e+16 5.246638 -1.552560e+16 5.368113e+15 -5.337573e+16 -4.266703e+16 -1.716564e+16 -2.515264e+16  1.751440e+16 -7.987000e+15 -8.498530e+16  -2.192863e+00 -2.060874e-01     255     34    -48
-52.180772 -28.553610 19.265618 9.273879e+16 5.278208 -1.558384e+16 4.263852e+15 -5.365533e+16 -4.327272e+16 -2.321347e+16 -3.692018e+16  6.352538e+15 -1.370671e+16 -1.034064e+17  -4.634619e-01 -6.143276e-02     248     33    -52
-48.210261 -24.981697 26.808042 9.532654e+16 5.286176 -1.615038e+16 -4.797249e+15 -6.414728e+16 -4.297253e+16 -1.985881e+16 -3.259892e+16  1.037360e+16 -1.274011e+16 -9.543026e+16  -8.142473e-01 -1.087035e-01     248     27    -49
-65.580334 -19.996991 14.422675 7.670761e+16 5.223259 -1.435860e+16 1.089539e+16 -5.508487e+16 -3.592773e+16 -1.219243e+16 -2.077389e+16  1.515384e+16 -8.581457e+15 -6.889405e+16  -1.765882e+00 -2.199586e-01     249     30    -41
-65.621012 -23.814225 10.564763 9.388597e+16 5.281767 -1.675299e+16 1.879733e+16 -6.166787e+16 -4.144511e+16 -1.997321e+16 -3.091094e+16  1.053417e+16 -1.093773e+16 -9.232927e+16  -9.631035e-01 -1.140935e-01     242     30    -45
-52.938971 -28.620301 18.440728 8.577525e+16 5.255608 -1.624297e+16 1.129699e+16 -4.387359e+16 -4.399381e+16 -2.076994e+16 -3.425833e+16  9.735481e+15 -1.348840e+16 -9.902209e+16  -7.217672e-01 -9.831626e-02     258     42    -54
-62.403135 -24.072868 13.523997 8.391868e+16 5.249272 -1.705403e+16 1.652545e+16 -5.081327e+16 -4.154194e+16 -1.709180e+16 -2.791102e+16  1.363092e+16 -1.081922e+16 -8.654476e+16  -1.259880e+00 -1.575014e-01     259     41    -47
-55.322333 -25.065474 19.612194 8.126957e+16 5.239985 -1.643762e+16 9.223085e+15 -4.706334e+16 -4.035773e+16 -2.016158e+16 -2.811420e+16  1.224354e+16 -7.952618e+15 -8.863351e+16  -1.539561e+00 -1.381367e-01     253     37    -51
-52.836431 -24.568132 22.595437 8.363876e+16 5.248305 -1.549581e+16 1.764208e+15 -5.344448e+16 -4.140881e+16 -1.691172e+16 -2.822417e+16  1.318465e+16 -1.131245e+16 -8.654470e+16  -1.165499e+00 -1.523449e-01     253     32    -48
-46.308422 -32.146437 21.545141 1.006737e+17 5.301977 -1.783255e+16 5.744185e+15 -4.696944e+16 -5.140564e+16 -2.456884e+16 -4.523211e+16  6.173527e+15 -2.066327e+16 -1.212066e+17  -2.987681e-01 -5.093392e-02     257     39    -57
-49.199935 -32.180849 18.619216 1.069647e+17 5.319527 -1.613555e+16 4.539783e+15 -4.827029e+16 -5.362896e+16 -2.958916e+16 -4.824958e+16  5.379374e+15 -1.866042e+16 -1.314677e+17  -2.882773e-01 -4.091784e-02     254     38    -59
-48.769165 -32.869274 18.361561 1.005734e+17 5.301689 -1.724323e+16 1.529890e+16 -3.754903e+16 -4.976236e+16 -3.073071e+16 -4.635935e+16  3.403004e+15 -1.562864e+16 -1.268524e+17  -2.177415e-01 -2.682648e-02     255     44    -62
-54.642364 -24.486951 20.870684 8.053507e+16 5.237357 -1.542067e+16 5.529940e+15 -4.772961e+16 -4.119820e+16 -1.893118e+16 -2.712678e+16  1.407142e+16 -8.195593e+15 -8.725615e+16  -1.716950e+00 -1.612657e-01     254     36    -51
-49.850595 -29.153079 20.996326 9.103631e+16 5.272843 -1.871564e+16 1.148491e+16 -4.668933e+16 -4.722048e+16 -1.999561e+16 -3.698412e+16  1.023636e+16 -1.698852e+16 -1.042002e+17  -6.025458e-01 -9.823741e-02     260     42    -53
-49.040493 -29.271954 21.687553 1.020579e+17 5.305931 -1.870385e+16 4.190476e+15 -5.580715e+16 -4.826770e+16 -2.675413e+16 -4.160991e+16  6.657792e+15 -1.485578e+16 -1.166317e+17  -4.481617e-01 -5.708387e-02     249     34    -54
-55.430564 -28.362554 16.206882 9.076455e+16 5.271978 -1.442048e+16 6.129735e+15 -5.288758e+16 -4.515861e+16 -1.895448e+16 -3.597271e+16  9.185898e+15 -1.701823e+16 -1.000858e+17  -5.397680e-01 -9.178023e-02     256     36    -50
-49.815727 -29.511862 20.672411 1.042661e+17 5.312129 -1.654279e+16 7.056347e+14 -6.287849e+16 -4.674348e+16 -2.397277e+16 -4.292111e+16  3.822364e+15 -1.894834e+16 -1.136374e+17  -2.017255e-01 -3.363651e-02     247     30    -51
-52.348139 -26.962552 20.689308 9.612505e+16 5.288591 -1.871910e+16 7.429246e+15 -5.983118e+16 -4.324586e+16 -2.212290e+16 -3.594724e+16  7.298616e+15 -1.382434e+16 -1.013160e+17  -5.279540e-01 -7.203814e-02     248     32    -48
-46.492428 -31.257954 22.249618 8.748305e+16 5.261316 -1.838152e+16 1.459308e+16 -3.762666e+16 -4.503419e+16 -2.198713e+16 -3.816627e+16  6.867925e+15 -1.617914e+16 -1.051876e+17  -4.244926e-01 -6.529217e-02     259     45    -57
-66.809485 -21.737785 11.452730 8.066681e+16 5.237830 -1.646800e+16 1.769052e+16 -5.137977e+16 -3.877323e+16 -1.654539e+16 -2.400656e+16  1.476667e+16 -7.461173e+15 -7.932519e+16  -1.979135e+00 -1.861536e-01     255     39    -45
-53.391965 -27.756101 18.851934 8.377790e+16 5.248786 -1.599620e+16 1.099736e+16 -4.393843e+16 -4.412508e+16 -1.891106e+16 -3.237517e+16  1.174991e+16 -1.346411e+16 -9.541131e+16  -8.726837e-01 -1.231501e-01     261     42    -53
-56.465294 -24.491327 19.043379 7.915933e+16 5.232368 -1.596012e+16 8.979369e+15 -4.751595e+16 -3.986511e+16 -1.762602e+16 -2.671471e+16  1.315039e+16 -9.088697e+15 -8.420583e+16  -1.446895e+00 -1.561696e-01     255     37    -49
-53.500079 -30.297277 16.202644 8.875199e+16 5.265485 -1.508731e+16 1.316652e+16 -4.071559e+16 -4.454737e+16 -2.460414e+16 -3.770315e+16  6.844216e+15 -1.309902e+16 -1.068547e+17  -5.224984e-01 -6.405163e-02     257     43    -57
-57.035876 -26.842339 16.121785 8.648152e+16 5.257982 -1.596562e+16 1.220947e+16 -4.750005e+16 -4.343873e+16 -2.114172e+16 -3.231679e+16  1.112194e+16 -1.117507e+16 -9.689724e+16  -9.952457e-01 -1.147808e-01     256     40    -52
-48.022564 -29.920709 22.056728 1.080921e+17 5.322563 -1.645193e+16 -3.585775e+15 -5.668487e+16 -5.140957e+16 -3.048340e+16 -4.507688e+16  6.332686e+15 -1.459348e+16 -1.269699e+17  -4.339394e-01 -4.987550e-02     247     32    -59
-47.706851 -28.626329 23.666820 8.873143e+16 5.265418 -1.511032e+16 -1.459457e+15 -4.879901e+16 -4.638076e+16 -1.903925e+16 -3.525855e+16  1.112221e+16 -1.621930e+16 -1.006786e+17  -6.857392e-01 -1.104725e-01     257     35    -53
-52.511626 -28.824129 18.664245 8.866314e+16 5.265195 -1.390050e+16 2.326565e+15 -5.084601e+16 -4.432179e+16 -1.901199e+16 -3.567143e+16  8.650358e+15 -1.665944e+16 -9.900522e+16  -5.192467e-01 -8.737275e-02     255     35    -51
-50.122004 -29.945551 19.932444 9.870770e+16 5.296267 -1.633206e+16 4.357871e+15 -4.938796e+16 -5.041154e+16 -2.534319e+16 -4.128859e+16  9.122947e+15 -1.594541e+16 -1.170433e+17  -5.721363e-01 -7.794504e-02     255     38    -56
-47.335944 -26.574156 26.089899 8.615451e+16 5.256885 -1.665180e+16 9.369980e+14 -4.479775e+16 -4.699580e+16 -2.111187e+16 -3.152899e+16  1.546681e+16 -1.041712e+16 -9.963665e+16  -1.484749e+00 -1.552321e-01     257     37    -56
-50.558232 -29.079741 20.362027 8.736409e+16 5.260922 -1.512143e+16 4.242854e+15 -4.586723e+16 -4.474829e+16 -2.119500e+16 -3.542075e+16  9.327544e+15 -1.422575e+16 -1.013640e+17  -6.556805e-01 -9.202025e-02     256     37    -54
-53.558586 -22.428946 24.012468 7.985864e+16 5.234915 -1.697091e+16 4.651303e+15 -5.479207e+16 -3.711996e+16 -1.524718e+16 -2.434806e+16  1.277190e+16 -9.100881e+15 -7.671521e+16  -1.403369e+00 -1.664845e-01     251     31    -44
-56.438867 -27.408529 16.152604 8.997112e+16 5.269435 -1.813855e+16 1.611160e+16 -4.827122e+16 -4.220547e+16 -2.436103e+16 -3.438187e+16  7.823595e+15 -1.002084e+16 -1.009484e+17  -7.807325e-01 -7.750095e-02     252     40    -52
-46.814396 -29.757526 23.428078 8.549591e+16 5.254664 -1.649142e+16 5.852374e+15 -4.202001e+16 -4.584583e+16 -1.928915e+16 -3.539692e+16  1.044891e+16 -1.610776e+16 -1.005319e+17  -6.486880e-01 -1.039363e-01     260     41    -55
-51.990441 -27.266310 20.743249 9.749849e+16 5.292699 -1.607053e+16 2.059847e+15 -6.196152e+16 -4.409595e+16 -2.158099e+16 -3.689982e+16  7.196129e+15 -1.531883e+16 -1.025768e+17  -4.697570e-01 -7.015361e-02     247     29    -50
-50.454130 -30.594503 18.951368 9.833206e+16 5.295163 -1.618955e+16 6.565038e+15 -4.761688e+16 -5.017985e+16 -2.540411e+16 -4.209881e+16  8.081041e+15 -1.669469e+16 -1.176828e+17  -4.840485e-01 -6.866801e-02     256     39    -57
-45.577968 -33.413424 21.008608 1.062930e+17 5.317703 -1.770183e+16 6.582573e+15 -4.229330e+16 -5.384457e+16 -3.031314e+16 -4.968211e+16  4.162456e+15 -1.936897e+16 -1.338398e+17  -2.149033e-01 -3.110028e-02     254     40    -62
-54.830215 -26.525742 18.644042 8.577563e+16 5.255609 -1.707826e+16 1.085130e+16 -4.815666e+16 -4.368365e+16 -1.941262e+16 -3.157903e+16  1.210462e+16 -1.216640e+16 -9.467530e+16  -9.949217e-01 -1.278540e-01     257     40    -51
-53.887926 -25.174004 20.938070 8.044831e+16 5.237045 -1.717703e+16 8.419306e+15 -4.847540e+16 -3.980746e+16 -1.748480e+16 -2.792553e+16  1.188194e+16 -1.044073e+16 -8.521779e+16  -1.138038e+00 -1.394302e-01     255     37    -48
-48.413276 -29.183290 22.403434 9.040871e+16 5.270840 -1.522125e+16 2.073508e+14 -4.611390e+16 -4.590270e+16 -2.409385e+16 -3.671485e+16  9.187851e+15 -1.262100e+16 -1.067114e+17  -7.279811e-01 -8.610000e-02     252     35    -57
-46.198544 -28.704268 25.097188 7.872474e+16 5.230774 -1.652051e+16 1.196484e+16 -3.369902e+16 -4.408351e+16 -1.939452e+16 -3.131980e+16  1.276371e+16 -1.192528e+16 -9.479782e+16  -1.070307e+00 -1.346414e-01     262     46    -59
-49.154606 -29.756150 21.089244 8.975074e+16 5.268725 -1.558697e+16 6.278112e+15 -4.340017e+16 -4.828832e+16 -2.123219e+16 -3.725067e+16  1.103765e+16 -1.601848e+16 -1.067712e+17  -6.890576e-01 -1.033767e-01     260     41    -56
-54.120879 -26.383708 19.495413 8.943433e+16 5.267703 -1.564786e+16 5.127122e+15 -5.283529e+16 -4.295026e+16 -2.265310e+16 -3.271030e+16  1.023995e+16 -1.005720e+16 -9.831366e+16  -1.018172e+00 -1.041560e-01     249     33    -52
-51.588185 -27.237333 21.174483 9.030129e+16 5.270496 -1.659433e+16 4.710691e+15 -5.086581e+16 -4.712865e+16 -1.952994e+16 -3.412215e+16  1.300650e+16 -1.459221e+16 -1.007807e+17  -8.913317e-01 -1.290574e-01     258     37    -52
-54.171113 -29.370502 16.458386 9.588861e+16 5.287878 -1.873409e+16 1.509331e+16 -5.186021e+16 -4.761662e+16 -1.971706e+16 -3.942424e+16  8.192378e+15 -1.970718e+16 -1.067579e+17  -4.157052e-01 -7.673791e-02     261     43    -50
-56.752510 -23.356643 19.890847 7.970115e+16 5.234343 -1.592973e+16 7.897329e+15 -4.838194e+16 -4.172064e+16 -1.673388e+16 -2.551540e+16  1.620525e+16 -8.781513e+15 -8.396992e+16  -1.845382e+00 -1.929887e-01     258     38    -49
-52.405991 -25.817303 21.776706 9.665642e+16 5.290187 -1.552170e+16 1.397105e+14 -6.610501e+16 -4.344493e+16 -1.746198e+16 -3.445415e+16  8.990777e+15 -1.699216e+16 -9.536106e+16  -5.291132e-01 -9.428144e-02     248     27    -46
-53.277391 -34.631108 12.091501 1.175796e+17 5.346921 -1.726451e+16 2.078103e+16 -4.899490e+16 -5.427147e+16 -3.245594e+16 -5.735460e+16  -3.083134e+15 -2.489866e+16 -1.440820e+17  1.238273e-01 2.139847e-02     257     45    -58
-55.773636 -21.310364 22.916001 7.279482e+16 5.208100 -1.638424e+16 7.125416e+15 -4.615704e+16 -3.836104e+16 -1.374636e+16 -2.100067e+16  1.736036e+16 -7.254309e+15 -7.310807e+16  -2.393111e+00 -2.374617e-01     259     38    -47
-50.865047 -30.407297 18.727656 9.237057e+16 5.277056 -1.689247e+16 1.072586e+16 -4.531991e+16 -4.686558e+16 -2.254110e+16 -3.930347e+16  7.562111e+15 -1.676237e+16 -1.087101e+17  -4.511362e-01 -6.956215e-02     258     41    -55
-60.081291 -25.474588 14.444120 8.154015e+16 5.240948 -1.432830e+16 8.795033e+15 -5.377095e+16 -3.942166e+16 -1.288524e+16 -2.883024e+16  1.059142e+16 -1.594500e+16 -8.113713e+16  -6.642471e-01 -1.305373e-01     255     34    -44
-48.229076 -29.964722 21.806202 9.552350e+16 5.286773 -1.640058e+16 2.207510e+15 -4.904466e+16 -4.912137e+16 -2.284114e+16 -3.990733e+16  9.214041e+15 -1.706619e+16 -1.118698e+17  -5.399001e-01 -8.236394e-02     256     37    -55
-57.621085 -25.684285 16.694630 8.228637e+16 5.243585 -1.612001e+16 1.487272e+16 -4.383032e+16 -4.292266e+16 -1.975732e+16 -2.930479e+16  1.361787e+16 -9.547470e+15 -9.198476e+16  -1.426332e+00 -1.480448e-01     260     44    -53
-49.580714 -29.399641 21.019644 9.134574e+16 5.273826 -1.761774e+16 1.129118e+16 -4.260108e+16 -4.812281e+16 -2.339306e+16 -3.743916e+16  1.068365e+16 -1.404610e+16 -1.089550e+17  -7.606130e-01 -9.805557e-02     259     43    -57
-53.043881 -27.659572 19.296546 8.893196e+16 5.266072 -1.724389e+16 1.039780e+16 -4.750281e+16 -4.585342e+16 -2.081068e+16 -3.422522e+16  1.162820e+16 -1.341454e+16 -1.008893e+17  -8.668351e-01 -1.152570e-01     258     41    -53
-56.942403 -29.210011 13.847585 9.562540e+16 5.287082 -1.798717e+16 1.725266e+16 -5.133011e+16 -4.459360e+16 -2.348361e+16 -3.916594e+16  5.427655e+15 -1.568233e+16 -1.072431e+17  -3.461001e-01 -5.061074e-02     254     41    -51
-54.663939 -29.836450 15.499611 9.589724e+16 5.287904 -1.549222e+16 8.865152e+15 -5.258810e+16 -4.713753e+16 -2.150884e+16 -4.011418e+16  7.023352e+15 -1.860534e+16 -1.087605e+17  -3.774911e-01 -6.457628e-02     256     38    -52
-51.445477 -27.063985 21.490538 9.788796e+16 5.293853 -1.563748e+16 -6.202358e+14 -5.972178e+16 -4.635392e+16 -2.303874e+16 -3.672457e+16  9.629353e+15 -1.368583e+16 -1.061172e+17  -7.036002e-01 -9.074260e-02     248     30    -52
-53.479752 -26.609967 19.910280 8.751956e+16 5.261437 -1.735507e+16 9.683506e+15 -4.778647e+16 -4.474343e+16 -2.139336e+16 -3.229341e+16  1.245002e+16 -1.090005e+16 -9.843020e+16  -1.142199e+00 -1.264858e-01     256     39    -52
-54.265262 -27.777609 17.957130 7.773770e+16 5.227121 -1.290884e+16 1.164149e+16 -3.808641e+16 -4.328258e+16 -1.743909e+16 -3.008987e+16  1.319271e+16 -1.265078e+16 -9.081153e+16  -1.042838e+00 -1.452758e-01     266     46    -56
-66.621309 -19.788946 13.589745 7.045598e+16 5.198645 -1.526422e+16 1.404186e+16 -4.687843e+16 -3.553827e+16 -1.146970e+16 -1.887064e+16  1.666764e+16 -7.400941e+15 -6.587861e+16  -2.252097e+00 -2.530053e-01     260     40    -43
-66.186482 -14.730234 19.083284 6.470367e+16 5.173986 -1.587846e+16 9.760311e+15 -4.926523e+16 -3.119619e+16 -5.616746e+15 -1.244028e+16  1.875591e+16 -6.823534e+15 -4.925322e+16  -2.748709e+00 -3.808058e-01     258     33    -35
-50.282131 -30.080071 19.637798 9.952561e+16 5.298657 -1.407122e+16 -1.913937e+15 -5.461674e+16 -4.756493e+16 -2.518970e+16 -4.183784e+16  5.727090e+15 -1.664814e+16 -1.145925e+17  -3.440079e-01 -4.997790e-02     249     32    -56
-59.873740 -25.978120 14.148140 9.968189e+16 5.299111 -1.930231e+16 1.716297e+16 -6.014957e+16 -4.555360e+16 -2.359236e+16 -3.600846e+16  9.545139e+15 -1.241610e+16 -1.051544e+17  -7.687713e-01 -9.077259e-02     249     36    -48
-55.648571 -27.827979 16.523450 9.823585e+16 5.294880 -1.647296e+16 8.660654e+15 -5.594640e+16 -4.726852e+16 -2.448846e+16 -3.814346e+16  9.125064e+15 -1.365500e+16 -1.099004e+17  -6.682582e-01 -8.303027e-02     251     35    -52
-53.635434 -29.757918 16.606648 9.732802e+16 5.292192 -1.639353e+16 9.862069e+15 -5.034490e+16 -4.794535e+16 -2.481015e+16 -4.056514e+16  7.380211e+15 -1.575499e+16 -1.133206e+17  -4.684364e-01 -6.512681e-02     254     39    -54
-54.833477 -28.516880 16.649642 8.577148e+16 5.255595 -1.612477e+16 1.518453e+16 -4.294549e+16 -4.413952e+16 -2.045587e+16 -3.417798e+16  9.961541e+15 -1.372211e+16 -9.877336e+16  -7.259482e-01 -1.008525e-01     261     45    -54
-56.872740 -26.095438 17.031822 8.938080e+16 5.267529 -1.760638e+16 1.205602e+16 -5.306098e+16 -4.248185e+16 -2.109574e+16 -3.237492e+16  1.010693e+16 -1.127918e+16 -9.595252e+16  -8.960691e-01 -1.053326e-01     252     37    -49
-45.737359 -25.410809 28.851833 9.780451e+16 5.293606 -1.573060e+16 -1.075970e+16 -6.504500e+16 -4.638180e+16 -1.713527e+16 -3.398033e+16  1.240146e+16 -1.684506e+16 -9.749740e+16  -7.362079e-01 -1.271979e-01     253     27    -49
-49.607293 -29.183483 21.209225 1.095009e+17 5.326312 -1.901685e+16 2.788238e+15 -6.109933e+16 -5.218271e+16 -2.749937e+16 -4.452464e+16  7.658064e+15 -1.702527e+16 -1.242067e+17  -4.498057e-01 -6.165580e-02     250     34    -54
-51.706357 -23.813791 24.479851 7.583362e+16 5.219941 -1.623547e+16 4.502149e+15 -4.600374e+16 -4.087777e+16 -1.396406e+16 -2.468100e+16  1.619678e+16 -1.071694e+16 -7.952283e+16  -1.511325e+00 -2.036745e-01     260     38    -48
-50.547234 -26.571701 22.881065 8.604860e+16 5.256529 -1.583883e+16 1.768566e+15 -4.997447e+16 -4.264015e+16 -2.099970e+16 -3.160505e+16  1.103510e+16 -1.060535e+16 -9.524489e+16  -1.040521e+00 -1.158602e-01     252     34    -53
-51.434284 -31.528042 17.037674 1.002936e+17 5.300882 -1.641305e+16 9.683552e+15 -4.723785e+16 -4.893584e+16 -2.764528e+16 -4.436520e+16  4.570642e+15 -1.671992e+16 -1.209463e+17  -2.733651e-01 -3.779067e-02     253     39    -57
-51.068321 -30.493986 18.437694 9.264003e+16 5.277899 -1.592809e+16 9.229683e+15 -4.324635e+16 -4.659450e+16 -2.568241e+16 -3.954529e+16  7.049215e+15 -1.386288e+16 -1.118222e+17  -5.084958e-01 -6.303950e-02     255     40    -57
-47.619534 -31.336811 21.043655 9.745524e+16 5.292570 -1.727779e+16 6.150799e+15 -4.599680e+16 -4.964391e+16 -2.482201e+16 -4.268140e+16  6.962505e+15 -1.785940e+16 -1.171473e+17  -3.898510e-01 -5.943375e-02     256     39    -57
-61.048659 -24.623038 14.328303 8.272790e+16 5.245135 -1.570648e+16 1.422800e+16 -4.844765e+16 -4.227717e+16 -1.778678e+16 -2.818863e+16  1.408854e+16 -1.040184e+16 -8.825258e+16  -1.354427e+00 -1.596388e-01     260     42    -49
-52.916594 -28.265481 18.817925 1.011032e+17 5.303210 -1.681227e+16 5.236949e+15 -6.079410e+16 -4.597637e+16 -2.444770e+16 -3.983578e+16  6.140591e+15 -1.538808e+16 -1.102598e+17  -3.990486e-01 -5.569201e-02     246     31    -51
-53.015312 -28.633992 18.350696 1.044839e+17 5.312733 -1.834924e+16 8.913350e+15 -5.911668e+16 -4.719703e+16 -2.855581e+16 -4.175502e+16  5.442010e+15 -1.319921e+16 -1.175079e+17  -4.122982e-01 -4.631188e-02     245     33    -53
-47.605717 -32.328580 20.065703 9.677490e+16 5.290542 -1.673520e+16 5.783176e+15 -4.530977e+16 -4.662034e+16 -2.660576e+16 -4.379652e+16  2.823823e+15 -1.719076e+16 -1.170226e+17  -1.642640e-01 -2.413057e-02     252     38    -58
-49.699822 -29.155988 21.144190 9.545751e+16 5.286573 -1.710578e+16 4.952868e+15 -4.865469e+16 -4.841963e+16 -2.491979e+16 -3.877848e+16  9.641158e+15 -1.385869e+16 -1.121179e+17  -6.956761e-01 -8.599125e-02     254     37    -56
-56.938975 -25.876699 17.184326 9.115525e+16 5.273221 -1.758996e+16 1.026096e+16 -5.715279e+16 -4.342436e+16 -1.839493e+16 -3.271400e+16  1.071036e+16 -1.431907e+16 -9.453329e+16  -7.479786e-01 -1.132972e-01     253     35    -46
-51.467930 -27.026752 21.505318 9.173986e+16 5.275072 -1.575975e+16 1.169899e+15 -5.418272e+16 -4.691176e+16 -1.907132e+16 -3.436663e+16  1.254512e+16 -1.529532e+16 -1.003497e+17  -8.201937e-01 -1.250140e-01     256     34    -51
-52.325380 -28.724762 18.949858 9.063520e+16 5.271565 -1.631557e+16 7.213087e+15 -4.962288e+16 -4.570014e+16 -2.060943e+16 -3.632242e+16  9.377718e+15 -1.571300e+16 -1.026320e+17  -5.968129e-01 -9.137227e-02     256     38    -52
-56.069924 -26.343050 17.587026 8.346192e+16 5.247692 -1.666879e+16 1.337946e+16 -4.573284e+16 -4.339667e+16 -1.839200e+16 -3.052706e+16  1.286961e+16 -1.213506e+16 -9.231573e+16  -1.060531e+00 -1.394086e-01     261     43    -51
-53.338762 -30.305833 16.355405 9.498563e+16 5.285139 -1.701938e+16 1.361743e+16 -4.704677e+16 -4.687815e+16 -2.391520e+16 -4.035822e+16  6.519930e+15 -1.644302e+16 -1.111516e+17  -3.965165e-01 -5.865801e-02     257     42    -54
-50.252073 -24.164683 25.583245 8.453103e+16 5.251377 -1.435790e+16 -2.941683e+15 -5.711806e+16 -3.895320e+16 -1.741455e+16 -2.791952e+16  1.103367e+16 -1.050497e+16 -8.428727e+16  -1.050329e+00 -1.309056e-01     248     27    -49
-51.232327 -30.879504 17.888169 8.641665e+16 5.257765 -1.496046e+16 9.641957e+15 -4.004286e+16 -4.274609e+16 -2.423577e+16 -3.739019e+16  5.355894e+15 -1.315442e+16 -1.043720e+17  -4.071555e-01 -5.131541e-02     254     41    -57
-49.443874 -34.246759 16.309368 1.167843e+17 5.344956 -1.659022e+16 6.720369e+15 -5.271161e+16 -5.592558e+16 -3.085799e+16 -5.617842e+16  -2.528363e+14 -2.532043e+16 -1.429620e+17  9.985466e-03 1.768556e-03     254     38    -58
-55.827955 -28.814833 15.357212 9.619446e+16 5.288800 -1.626041e+16 1.106198e+16 -5.262637e+16 -4.543338e+16 -2.515169e+16 -3.879472e+16  6.638665e+15 -1.364303e+16 -1.093798e+17  -4.865977e-01 -6.069370e-02     250     37    -53
-58.038330 -23.538400 18.423270 8.639486e+16 5.257692 -1.455417e+16 8.068701e+15 -5.804627e+16 -3.773764e+16 -2.087295e+16 -2.793170e+16  9.805936e+15 -7.058754e+15 -8.654229e+16  -1.389188e+00 -1.133080e-01     239     28    -49
-60.037225 -21.298709 18.664066 7.792682e+16 5.227825 -1.421829e+16 5.263642e+15 -5.518764e+16 -3.800893e+16 -1.182029e+16 -2.255916e+16  1.544977e+16 -1.073887e+16 -7.238838e+16  -1.438678e+00 -2.134289e-01     254     31    -43
-43.758255 -35.488654 20.753091 1.038143e+17 5.310871 -1.504468e+16 7.571900e+15 -3.171510e+16 -5.414743e+16 -3.046622e+16 -5.149810e+16  2.649324e+15 -2.103188e+16 -1.361118e+17  -1.259670e-01 -1.946433e-02     256     43    -67
-61.374951 -22.175209 16.449840 7.552254e+16 5.218751 -1.675389e+16 1.232056e+16 -5.050862e+16 -3.630920e+16 -1.257943e+16 -2.290116e+16  1.340804e+16 -1.032173e+16 -7.178978e+16  -1.299011e+00 -1.867681e-01     256     36    -42
-48.292069 -32.255273 19.452658 9.375034e+16 5.281349 -1.706136e+16 1.320737e+16 -3.841799e+16 -4.697804e+16 -2.652606e+16 -4.235523e+16  4.622814e+15 -1.582917e+16 -1.158593e+17  -2.920441e-01 -3.990024e-02     256     44    -60
-52.585457 -29.619332 17.795211 1.017553e+17 5.305071 -1.546470e+16 4.193442e+15 -5.285527e+16 -5.042452e+16 -2.704092e+16 -4.216123e+16  8.263291e+15 -1.512031e+16 -1.196267e+17  -5.465027e-01 -6.907566e-02     252     36    -56
-46.653824 -31.101130 22.245047 9.959626e+16 5.298862 -1.739749e+16 3.018211e+15 -4.684097e+16 -5.050354e+16 -2.668835e+16 -4.322672e+16  7.276823e+15 -1.653837e+16 -1.204186e+17  -4.399965e-01 -6.042939e-02     254     38    -58
-52.171334 -28.811690 19.016975 9.504645e+16 5.285324 -1.764534e+16 7.890160e+15 -5.386579e+16 -4.791745e+16 -1.901392e+16 -3.820979e+16  9.707660e+15 -1.919588e+16 -1.051412e+17  -5.057159e-01 -9.232978e-02     258     38    -50
-63.576520 -22.081814 14.341666 7.545165e+16 5.218479 -1.678905e+16 1.445986e+16 -5.007620e+16 -3.644780e+16 -1.207025e+16 -2.280788e+16  1.363992e+16 -1.073763e+16 -7.132593e+16  -1.270292e+00 -1.912337e-01     258     38    -42
-50.103986 -34.246306 15.649708 1.088341e+17 5.324543 -1.522026e+16 9.554237e+15 -4.470361e+16 -5.311690e+16 -3.081638e+16 -5.238059e+16  7.363014e+14 -2.156421e+16 -1.363139e+17  -3.414460e-02 -5.401515e-03     255     41    -61
-52.188348 -30.845623 16.966029 9.593851e+16 5.288029 -1.617341e+16 1.069288e+16 -4.633457e+16 -4.778672e+16 -2.495200e+16 -4.149571e+16  6.291012e+15 -1.654371e+16 -1.142344e+17  -3.802662e-01 -5.507107e-02     256     41    -56
-52.106298 -27.269156 20.624546 8.765078e+16 5.261871 -1.607092e+16 6.321594e+15 -4.544177e+16 -4.474644e+16 -2.417110e+16 -3.318044e+16  1.156600e+16 -9.009339e+15 -1.020980e+17  -1.283779e+00 -1.132833e-01     253     38    -56
-55.095361 -24.391848 20.512791 8.161221e+16 5.241203 -1.501820e+16 3.700993e+15 -5.250283e+16 -4.108918e+16 -1.514594e+16 -2.738256e+16  1.370663e+16 -1.223662e+16 -8.361768e+16  -1.120132e+00 -1.639202e-01     256     34    -47
-50.709461 -33.490290 15.800248 1.002513e+17 5.300760 -1.608326e+16 1.921486e+16 -3.943826e+16 -4.963755e+16 -2.694177e+16 -4.718761e+16  2.449936e+15 -2.024585e+16 -1.237669e+17  -1.210093e-01 -1.979476e-02     261     48    -60
-57.837151 -22.638576 19.524273 8.028643e+16 5.236461 -1.772633e+16 9.569501e+15 -5.368140e+16 -3.926766e+16 -1.317141e+16 -2.484316e+16  1.442450e+16 -1.167175e+16 -7.728223e+16  -1.235847e+00 -1.866470e-01     256     36    -43
-48.713511 -33.654589 17.631901 1.026509e+17 5.307608 -1.535641e+16 7.756797e+15 -4.310361e+16 -5.124368e+16 -2.812195e+16 -4.848000e+16  2.763671e+15 -2.035805e+16 -1.278456e+17  -1.357532e-01 -2.161725e-02     256     41    -60
-50.645550 -30.267186 19.087264 9.593544e+16 5.288019 -1.579404e+16 6.930076e+15 -4.497729e+16 -4.944055e+16 -2.603399e+16 -4.061120e+16  8.829351e+15 -1.457720e+16 -1.160857e+17  -6.056959e-01 -7.605888e-02     256     40    -58
-53.187635 -28.368492 18.443873 9.288066e+16 5.278650 -1.646976e+16 9.307539e+15 -4.661975e+16 -4.673119e+16 -2.594793e+16 -3.675011e+16  9.981080e+15 -1.080218e+16 -1.094292e+17  -9.239877e-01 -9.121037e-02     253     39    -56
-56.861751 -23.045644 20.092605 8.571241e+16 5.255396 -1.685821e+16 7.674916e+15 -5.572852e+16 -4.050203e+16 -1.938900e+16 -2.703337e+16  1.346866e+16 -7.644368e+15 -8.692440e+16  -1.761907e+00 -1.549469e-01     249     32    -47
-54.536775 -23.711825 21.751400 8.924154e+16 5.267078 -1.701561e+16 4.114480e+15 -6.120329e+16 -4.172157e+16 -1.581692e+16 -2.899400e+16  1.272757e+16 -1.317708e+16 -8.653250e+16  -9.658867e-01 -1.470843e-01     251     30    -44
-58.432663 -24.919228 16.648109 8.474920e+16 5.252124 -1.639272e+16 1.140052e+16 -5.059105e+16 -4.332419e+16 -1.754272e+16 -2.920641e+16  1.411779e+16 -1.166369e+16 -9.007332e+16  -1.210405e+00 -1.567366e-01     258     39    -49
-58.280973 -25.558449 16.160578 8.032543e+16 5.236602 -1.732184e+16 1.709633e+16 -4.449644e+16 -4.042658e+16 -1.771665e+16 -2.846634e+16  1.196025e+16 -1.074968e+16 -8.660957e+16  -1.112614e+00 -1.380938e-01     261     45    -50
-57.568659 -26.456811 15.974530 9.273249e+16 5.278188 -1.697685e+16 1.036283e+16 -5.721033e+16 -4.481927e+16 -1.855130e+16 -3.412056e+16  1.069871e+16 -1.556926e+16 -9.749112e+16  -6.871687e-01 -1.097404e-01     254     36    -47
-50.358879 -26.311508 23.329613 8.300931e+16 5.246118 -1.814286e+16 6.685753e+15 -4.870252e+16 -4.141538e+16 -1.795241e+16 -3.015204e+16  1.126334e+16 -1.219963e+16 -8.951984e+16  -9.232523e-01 -1.258195e-01     256     37    -49
-47.758145 -31.753828 20.488027 9.413890e+16 5.282546 -1.698457e+16 9.713249e+15 -3.942873e+16 -4.740586e+16 -2.744847e+16 -4.181492e+16  5.590948e+15 -1.436644e+16 -1.166693e+17  -3.891672e-01 -4.792135e-02     254     41    -60
-52.761560 -32.619557 14.618884 1.072411e+17 5.320274 -1.719347e+16 1.483350e+16 -4.896403e+16 -5.089857e+16 -2.944186e+16 -4.920362e+16  1.694952e+15 -1.976176e+16 -1.295440e+17  -8.576930e-02 -1.308398e-02     254     41    -57
-55.794999 -30.458822 13.746179 9.282384e+16 5.278473 -1.567282e+16 1.733466e+16 -4.400331e+16 -4.568611e+16 -2.407708e+16 -3.972348e+16  5.962626e+15 -1.564640e+16 -1.094867e+17  -3.810861e-01 -5.445984e-02     260     45    -56
-51.082183 -30.116023 18.801795 1.013411e+17 5.303891 -1.462308e+16 6.744003e+13 -5.697944e+16 -4.775424e+16 -2.476267e+16 -4.268764e+16  5.066604e+15 -1.792497e+16 -1.152045e+17  -2.826562e-01 -4.397920e-02     249     32    -54
-52.369816 -31.081416 16.548768 9.651337e+16 5.289758 -1.512501e+16 8.296793e+15 -4.763456e+16 -4.838180e+16 -2.413544e+16 -4.208833e+16  6.293467e+15 -1.795289e+16 -1.146056e+17  -3.505546e-01 -5.491415e-02     257     40    -55
-54.948042 -26.564603 18.487355 8.503265e+16 5.253090 -1.511144e+16 5.486133e+15 -5.384206e+16 -4.048454e+16 -1.675463e+16 -3.135933e+16  9.125207e+15 -1.460471e+16 -8.859850e+16  -6.248128e-01 -1.029951e-01     252     33    -47
-49.934438 -32.295795 17.769767 9.850785e+16 5.295681 -1.555489e+16 1.089381e+16 -4.047544e+16 -5.019890e+16 -2.807203e+16 -4.462998e+16  5.568916e+15 -1.655795e+16 -1.229009e+17  -3.363288e-01 -4.531224e-02     257     43    -61
-50.302724 -30.745824 18.951453 8.865764e+16 5.265177 -1.570998e+16 9.115711e+15 -4.311212e+16 -4.545332e+16 -2.130543e+16 -3.815142e+16  7.301901e+15 -1.684599e+16 -1.049102e+17  -4.334504e-01 -6.960147e-02     259     41    -55
-51.453798 -29.532242 19.013960 9.295886e+16 5.278894 -1.546661e+16 5.018667e+15 -4.808234e+16 -4.584220e+16 -2.485094e+16 -3.835568e+16  7.486522e+15 -1.350474e+16 -1.090488e+17  -5.543627e-01 -6.865294e-02     252     36    -56
-47.989338 -30.549476 21.461186 1.041398e+17 5.311778 -1.723728e+16 4.175362e+14 -5.553545e+16 -5.031558e+16 -2.589983e+16 -4.440710e+16  5.908481e+15 -1.850727e+16 -1.206225e+17  -3.192518e-01 -4.898323e-02     251     34    -55
-46.455907 -32.750633 20.793461 9.721150e+16 5.291845 -1.536705e+16 1.728794e+15 -4.165494e+16 -4.781539e+16 -2.886549e+16 -4.454259e+16  3.272797e+15 -1.567711e+16 -1.212235e+17  -2.087628e-01 -2.699805e-02     250     37    -62
-52.932554 -28.781499 18.285947 1.033053e+17 5.309448 -1.779810e+16 7.072847e+15 -6.347766e+16 -4.598055e+16 -2.289329e+16 -4.151147e+16  4.469083e+15 -1.861818e+16 -1.103853e+17  -2.400387e-01 -4.048621e-02     247     31    -49
-56.048746 -22.586983 21.364271 7.271574e+16 5.207786 -1.562362e+16 6.773253e+15 -4.665315e+16 -3.779178e+16 -1.267887e+16 -2.240474e+16  1.538704e+16 -9.725874e+15 -7.287540e+16  -1.582072e+00 -2.111417e-01     259     37    -46
-50.531813 -31.462213 18.005973 1.001432e+17 5.300448 -1.736001e+16 1.578144e+16 -4.208271e+16 -5.129366e+16 -2.734298e+16 -4.416695e+16  7.126717e+15 -1.682397e+16 -1.228036e+17  -4.236050e-01 -5.803346e-02     259     45    -59
-53.138484 -25.126462 21.735054 8.674710e+16 5.258870 -1.752523e+16 6.882268e+15 -5.057372e+16 -4.536581e+16 -1.875364e+16 -3.002587e+16  1.533994e+16 -1.127222e+16 -9.414532e+16  -1.360862e+00 -1.629390e-01     257     38    -50
-48.756669 -31.127396 20.115935 9.440562e+16 5.283365 -1.690664e+16 1.125516e+16 -4.019491e+16 -4.890586e+16 -2.611030e+16 -4.109987e+16  7.805986e+15 -1.498957e+16 -1.161160e+17  -5.207612e-01 -6.722574e-02     257     43    -59
-56.186317 -28.567555 15.246128 9.267102e+16 5.277996 -1.792273e+16 1.491913e+16 -5.156685e+16 -4.442838e+16 -2.076155e+16 -3.703735e+16  7.391022e+15 -1.627580e+16 -1.022273e+17  -4.541110e-01 -7.229990e-02     256     40    -50
-50.939941 -32.583875 16.476185 1.054332e+17 5.315352 -1.634489e+16 1.002065e+16 -4.745744e+16 -5.167431e+16 -2.894749e+16 -4.825180e+16  3.422514e+15 -1.930431e+16 -1.288736e+17  -1.772927e-01 -2.655714e-02     255     40    -58
-51.551522 -27.269320 21.179158 7.920543e+16 5.232537 -1.503506e+16 8.064684e+15 -3.945643e+16 -4.264226e+16 -2.008906e+16 -2.996689e+16  1.267537e+16 -9.877824e+15 -9.269821e+16  -1.283215e+00 -1.367381e-01     258     41    -56
-54.891973 -25.366300 19.741726 8.878929e+16 5.265607 -1.666238e+16 6.006745e+15 -5.545009e+16 -4.351287e+16 -1.853073e+16 -3.111299e+16  1.239988e+16 -1.258226e+16 -9.315659e+16  -9.855051e-01 -1.331079e-01     253     34    -48
-52.006058 -27.598047 20.395895 7.655053e+16 5.222665 -1.577088e+16 1.260957e+16 -3.851876e+16 -4.102945e+16 -1.707591e+16 -2.935926e+16  1.167018e+16 -1.228336e+16 -8.746462e+16  -9.500809e-01 -1.334275e-01     263     45    -54
-64.798842 -23.447868 11.753290 8.358531e+16 5.248120 -1.617012e+16 1.700214e+16 -5.409492e+16 -3.746409e+16 -1.815246e+16 -2.703780e+16  1.042629e+16 -8.885342e+15 -8.265434e+16  -1.173425e+00 -1.261432e-01     246     33    -45
-55.287921 -28.922345 15.789734 9.124331e+16 5.273501 -1.491402e+16 9.951078e+15 -4.749719e+16 -4.618251e+16 -2.276128e+16 -3.693087e+16  9.251634e+15 -1.416960e+16 -1.058747e+17  -6.529213e-01 -8.738289e-02     257     40    -54
-46.865271 -33.129825 20.004903 9.988899e+16 5.299712 -1.655343e+16 1.059930e+16 -3.952149e+16 -5.183556e+16 -2.693454e+16 -4.633889e+16  5.496671e+15 -1.940435e+16 -1.251090e+17  -2.832701e-01 -4.393506e-02     258     43    -61
-50.753137 -31.456241 17.790621 9.480843e+16 5.284598 -1.601345e+16 9.734671e+15 -4.440220e+16 -4.729323e+16 -2.499288e+16 -4.181389e+16  5.479334e+15 -1.682102e+16 -1.141000e+17  -3.257433e-01 -4.802221e-02     256     41    -57
-58.262903 -28.040708 13.696389 7.956231e+16 5.233838 -1.341130e+16 1.142400e+16 -4.368460e+16 -3.954035e+16 -1.867200e+16 -3.120966e+16  8.330689e+15 -1.253766e+16 -8.942202e+16  -6.644530e-01 -9.316150e-02     257     40    -52
-51.287600 -30.759201 17.953198 9.659120e+16 5.289992 -1.499249e+16 5.900175e+15 -4.692344e+16 -4.923052e+16 -2.490425e+16 -4.162169e+16  7.608836e+15 -1.671744e+16 -1.157565e+17  -4.551436e-01 -6.573141e-02     256     39    -57
-54.054944 -26.743718 19.201338 9.357857e+16 5.280818 -1.748137e+16 7.263103e+15 -5.580286e+16 -4.578935e+16 -2.071637e+16 -3.473920e+16  1.105015e+16 -1.402282e+16 -1.012449e+17  -7.880117e-01 -1.091428e-01     253     35    -49
-55.974727 -30.749802 13.275471 1.021995e+17 5.306332 -1.502413e+16 1.034037e+16 -5.471959e+16 -4.979924e+16 -2.336701e+16 -4.418300e+16  5.616234e+15 -2.081600e+16 -1.173492e+17  -2.698037e-01 -4.785914e-02     256     39    -52
-55.936552 -27.340515 16.722934 9.782898e+16 5.293678 -1.746987e+16 8.304270e+15 -6.203631e+16 -4.665181e+16 -1.707409e+16 -3.726835e+16  9.383456e+15 -2.019427e+16 -1.009943e+17  -4.646594e-01 -9.291079e-02     255     34    -45
-54.221422 -26.784490 18.994087 8.029128e+16 5.236479 -1.635215e+16 1.340257e+16 -4.254766e+16 -4.283450e+16 -1.699805e+16 -2.986116e+16  1.297335e+16 -1.286310e+16 -8.969371e+16  -1.008571e+00 -1.446405e-01     263     45    -52
-53.128926 -22.773923 24.097151 8.867438e+16 5.265232 -1.601776e+16 1.050853e+15 -6.322036e+16 -4.005459e+16 -1.563372e+16 -2.749148e+16  1.256310e+16 -1.185776e+16 -8.317980e+16  -1.059484e+00 -1.510355e-01     249     27    -45
-60.513134 -23.181769 16.305097 7.115170e+16 5.201490 -1.532301e+16 1.467744e+16 -4.189187e+16 -3.757719e+16 -1.327633e+16 -2.266011e+16  1.491707e+16 -9.383788e+15 -7.351363e+16  -1.589664e+00 -2.029157e-01     265     46    -49
-57.200184 -21.845815 20.954001 8.799445e+16 5.263004 -1.683934e+16 5.555650e+15 -6.116476e+16 -4.149941e+16 -1.627217e+16 -2.614316e+16  1.535625e+16 -9.870990e+15 -8.391473e+16  -1.555695e+00 -1.829983e-01     250     30    -44
-53.500466 -27.367358 19.132176 8.284315e+16 5.245538 -1.572044e+16 9.481345e+15 -4.447176e+16 -4.349017e+16 -1.873683e+16 -3.152661e+16  1.196356e+16 -1.278978e+16 -9.375361e+16  -9.354002e-01 -1.276064e-01     260     41    -53
-50.609146 -32.066754 17.324100 9.740386e+16 5.292417 -1.424645e+16 4.513439e+15 -4.668716e+16 -4.841173e+16 -2.524412e+16 -4.382858e+16  4.583141e+15 -1.858447e+16 -1.174844e+17  -2.466114e-01 -3.901063e-02     255     38    -57
-51.474677 -31.624960 16.900363 1.111620e+17 5.330671 -1.864397e+16 1.459976e+16 -4.711126e+16 -5.380352e+16 -3.437610e+16 -4.933342e+16  4.470106e+15 -1.495731e+16 -1.375130e+17  -2.988575e-01 -3.250678e-02     252     41    -60
-50.088262 -26.299553 23.612185 8.962730e+16 5.268327 -1.765236e+16 2.791829e+15 -5.533706e+16 -4.281565e+16 -1.969334e+16 -3.252970e+16  1.028595e+16 -1.283636e+16 -9.503869e+16  -8.013137e-01 -1.082291e-01     252     33    -49
-48.111002 -30.802320 21.086679 9.026249e+16 5.270372 -1.493421e+16 2.081544e+15 -4.311989e+16 -4.501913e+16 -2.522294e+16 -3.883465e+16  6.184478e+15 -1.361171e+16 -1.090767e+17  -4.543497e-01 -5.669843e-02     251     36    -59
-54.265208 -27.459969 18.274823 8.177078e+16 5.241765 -1.671572e+16 1.752335e+16 -3.942235e+16 -4.267693e+16 -2.006812e+16 -3.125552e+16  1.142141e+16 -1.118740e+16 -9.400056e+16  -1.020917e+00 -1.215036e-01     262     47    -55
-52.372279 -26.607011 21.020710 9.091649e+16 5.272462 -1.640968e+16 3.908906e+15 -5.822237e+16 -4.147165e+16 -1.948213e+16 -3.350623e+16  7.965420e+15 -1.402410e+16 -9.446000e+16  -5.679809e-01 -8.432585e-02     248     30    -48
-52.819493 -28.737993 18.442514 9.386477e+16 5.281702 -1.525848e+16 4.266139e+15 -5.257883e+16 -4.591859e+16 -2.272547e+16 -3.765240e+16  8.266196e+15 -1.492693e+16 -1.062965e+17  -5.537773e-01 -7.776549e-02     252     35    -53
-56.838748 -23.882142 19.279110 7.180768e+16 5.204147 -1.370404e+16 6.725160e+15 -4.408317e+16 -3.913536e+16 -1.202349e+16 -2.356982e+16  1.556555e+16 -1.154633e+16 -7.472866e+16  -1.348095e+00 -2.082942e-01     263     40    -48
-55.223270 -21.851742 22.924987 8.331396e+16 5.247179 -1.792176e+16 6.203408e+15 -5.383804e+16 -4.239379e+16 -1.647485e+16 -2.471064e+16  1.768316e+16 -8.235782e+15 -8.357928e+16  -2.147113e+00 -2.115734e-01     256     35    -47
-49.228415 -28.243257 22.528328 8.791009e+16 5.262726 -1.745164e+16 1.060454e+16 -4.259912e+16 -4.829514e+16 -2.016750e+16 -3.448036e+16  1.381478e+16 -1.431286e+16 -1.029430e+17  -9.652007e-01 -1.341984e-01     262     43    -56
-59.504178 -27.347347 13.148475 9.203102e+16 5.275989 -1.645673e+16 1.495133e+16 -5.258706e+16 -4.400978e+16 -2.161778e+16 -3.516022e+16  8.849564e+15 -1.354244e+16 -1.007878e+17  -6.534689e-01 -8.780394e-02     254     39    -50
-50.577399 -31.549476 17.873125 9.554313e+16 5.286833 -1.636339e+16 9.204402e+15 -4.523942e+16 -4.582565e+16 -2.683829e+16 -4.226295e+16  3.562705e+15 -1.542465e+16 -1.149269e+17  -2.309747e-01 -3.099975e-02     252     39    -57
-55.851574 -25.145491 19.002936 7.549994e+16 5.218664 -1.623614e+16 1.756173e+16 -3.953168e+16 -4.114897e+16 -1.497836e+16 -2.622374e+16  1.492523e+16 -1.124539e+16 -8.235107e+16  -1.327231e+00 -1.812391e-01     267     49    -53
-49.385090 -26.336652 24.278258 8.509079e+16 5.253288 -1.673787e+16 1.785614e+15 -5.062041e+16 -4.276705e+16 -1.849210e+16 -3.090675e+16  1.186030e+16 -1.241465e+16 -9.216590e+16  -9.553476e-01 -1.286843e-01     254     34    -50
-54.019510 -26.430842 19.549648 7.974499e+16 5.234502 -1.490465e+16 6.055846e+15 -4.679975e+16 -4.062925e+16 -1.698625e+16 -2.922120e+16  1.140805e+16 -1.223495e+16 -8.683670e+16  -9.324147e-01 -1.313736e-01     257     37    -50
-49.931839 -32.855436 17.212726 1.162338e+17 5.343588 -1.745232e+16 5.386331e+15 -5.935137e+16 -5.215650e+16 -3.139326e+16 -5.360924e+16  -1.452739e+15 -2.221598e+16 -1.371590e+17  6.539163e-02 1.059164e-02     246     34    -56
-46.618160 -32.624383 20.757456 8.858735e+16 5.264948 -1.611994e+16 1.051330e+16 -3.770544e+16 -4.571298e+16 -2.226502e+16 -4.043454e+16  5.278445e+15 -1.816951e+16 -1.084125e+17  -2.905111e-01 -4.868850e-02     259     43    -58
-49.270203 -34.219514 16.510283 1.210204e+17 5.355272 -1.517974e+16 1.313641e+15 -5.185063e+16 -5.778914e+16 -3.549919e+16 -5.816104e+16  -3.719058e+14 -2.266186e+16 -1.514494e+17  1.641109e-02 2.455644e-03     250     36    -62
-50.385950 -30.084373 19.529677 1.086134e+17 5.323956 -1.591506e+16 -5.556081e+14 -6.017613e+16 -5.114936e+16 -2.763568e+16 -4.566963e+16  5.479732e+15 -1.803395e+16 -1.244547e+17  -3.038564e-01 -4.402994e-02     248     32    -55
-52.565992 -29.840367 17.593641 1.017256e+17 5.304987 -1.710839e+16 7.526629e+15 -5.570931e+16 -4.769693e+16 -2.596534e+16 -4.248578e+16  5.211159e+15 -1.652044e+16 -1.161480e+17  -3.154371e-01 -4.486652e-02     250     35    -53
-50.917808 -26.061332 23.020860 9.660545e+16 5.290034 -1.621975e+16 -5.587498e+14 -6.156606e+16 -4.449073e+16 -2.229382e+16 -3.474222e+16  9.748504e+15 -1.244840e+16 -1.015268e+17  -7.831130e-01 -9.601904e-02     247     29    -51
-53.955852 -25.662093 20.382054 9.029564e+16 5.270478 -1.674377e+16 4.611416e+15 -5.650704e+16 -4.495877e+16 -1.757757e+16 -3.202197e+16  1.293680e+16 -1.444440e+16 -9.455831e+16  -8.956271e-01 -1.368129e-01     255     34    -48
-48.479995 -30.033145 21.486860 9.081471e+16 5.272137 -1.708154e+16 6.715740e+15 -4.688865e+16 -4.747734e+16 -1.927725e+16 -3.804334e+16  9.434009e+15 -1.876608e+16 -1.047979e+17  -5.027159e-01 -9.002095e-02     260     40    -53
-49.814755 -27.022025 23.163220 8.671854e+16 5.258775 -1.474491e+16 -1.176117e+15 -5.375371e+16 -4.108348e+16 -1.907128e+16 -3.242189e+16  8.661585e+15 -1.335062e+16 -9.257665e+16  -6.487779e-01 -9.356123e-02     250     30    -51
-54.936343 -27.335944 17.727713 8.726027e+16 5.260578 -1.660052e+16 1.195458e+16 -4.598750e+16 -4.417872e+16 -2.221648e+16 -3.320832e+16  1.097040e+16 -1.099184e+16 -9.960353e+16  -9.980491e-01 -1.101407e-01     256     41    -53
-52.870167 -26.198641 20.931191 8.056494e+16 5.237464 -1.705560e+16 1.105261e+16 -4.343604e+16 -4.268315e+16 -1.796994e+16 -2.920254e+16  1.348060e+16 -1.123261e+16 -8.985563e+16  -1.200131e+00 -1.500251e-01     260     42    -52
-52.892331 -27.498405 19.609264 9.274060e+16 5.278213 -1.726854e+16 6.479551e+15 -5.459107e+16 -4.548262e+16 -2.018903e+16 -3.545825e+16  1.002437e+16 -1.526922e+16 -1.011299e+17  -6.565087e-01 -9.912373e-02     254     36    -50
-47.016849 -33.425497 19.557655 1.077140e+17 5.321548 -1.621898e+16 1.601693e+15 -4.774128e+16 -5.135275e+16 -3.145307e+16 -5.043716e+16  9.155971e+14 -1.898409e+16 -1.332430e+17  -4.822971e-02 -6.871635e-03     249     36    -61
-50.628066 -31.112507 18.259427 1.057507e+17 5.316222 -1.815382e+16 9.092975e+15 -5.147060e+16 -5.090443e+16 -2.923733e+16 -4.609669e+16  4.807734e+15 -1.685936e+16 -1.262385e+17  -2.851671e-01 -3.808454e-02     251     38    -56
-54.146628 -25.356340 20.497032 8.658839e+16 5.258340 -1.833368e+16 9.807794e+15 -5.193986e+16 -4.107009e+16 -2.099400e+16 -3.030685e+16  1.076324e+16 -9.312850e+15 -9.237095e+16  -1.155741e+00 -1.165219e-01     251     36    -49
-45.953008 -31.722636 22.324356 1.016250e+17 5.304700 -1.613319e+16 -2.468291e+15 -5.224729e+16 -4.954277e+16 -2.474624e+16 -4.500831e+16  4.534459e+15 -2.026207e+16 -1.192973e+17  -2.237905e-01 -3.800973e-02     252     34    -56
-59.296703 -23.982796 16.720501 8.121825e+16 5.239802 -1.790725e+16 1.695814e+16 -4.696675e+16 -4.209580e+16 -1.600118e+16 -2.684031e+16  1.525549e+16 -1.083913e+16 -8.493729e+16  -1.407445e+00 -1.796088e-01     263     45    -49
-55.946218 -27.527076 16.526706 9.009155e+16 5.269823 -1.684243e+16 1.152073e+16 -5.092833e+16 -4.377499e+16 -2.142361e+16 -3.457705e+16  9.197947e+15 -1.315343e+16 -9.977565e+16  -6.992810e-01 -9.218629e-02     254     38    -51
-45.210248 -31.750095 23.039657 9.736733e+16 5.292309 -1.543621e+16 -9.652461e+14 -4.275573e+16 -5.118035e+16 -2.597233e+16 -4.312674e+16  8.053613e+15 -1.715441e+16 -1.202794e+17  -4.694778e-01 -6.695753e-02     255     37    -61
-58.429338 -28.348318 13.222344 8.104467e+16 5.239183 -1.526062e+16 1.795208e+16 -4.208345e+16 -3.996386e+16 -1.863976e+16 -3.217235e+16  7.791511e+15 -1.353259e+16 -9.077598e+16  -5.757591e-01 -8.583229e-02     262     47    -53
-53.753498 -29.060838 17.185664 9.300843e+16 5.279048 -1.451591e+16 6.368456e+15 -4.748088e+16 -4.726171e+16 -2.460964e+16 -3.779301e+16  9.468701e+15 -1.318338e+16 -1.096644e+17  -7.182303e-01 -8.634255e-02     254     38    -56
-51.839491 -23.657823 24.502686 8.622988e+16 5.257139 -1.757197e+16 2.432093e+15 -5.556383e+16 -4.309343e+16 -1.687593e+16 -2.786253e+16  1.523090e+16 -1.098660e+16 -8.783189e+16  -1.386316e+00 -1.734097e-01     255     33    -47
-55.031397 -22.601764 22.366839 8.264691e+16 5.244851 -1.533892e+16 3.176060e+15 -5.870694e+16 -3.780106e+16 -1.418802e+16 -2.545708e+16  1.234398e+16 -1.126906e+16 -7.744616e+16  -1.095387e+00 -1.593879e-01     249     28    -44
-53.108501 -24.719850 22.171650 7.193518e+16 5.204661 -1.597478e+16 9.838866e+15 -4.026638e+16 -3.891872e+16 -1.472602e+16 -2.444930e+16  1.446942e+16 -9.723282e+15 -7.809403e+16  -1.488121e+00 -1.852820e-01     262     42    -51
-52.667941 -24.935782 22.396278 8.583275e+16 5.255802 -1.486542e+16 1.137427e+14 -5.685470e+16 -4.134378e+16 -1.581694e+16 -2.944367e+16  1.190011e+16 -1.362673e+16 -8.660439e+16  -8.732920e-01 -1.374078e-01     253     30    -47
-53.102796 -26.504642 20.392561 8.489324e+16 5.252615 -1.610057e+16 6.190324e+15 -4.888961e+16 -4.166341e+16 -2.111242e+16 -3.117617e+16  1.048725e+16 -1.006375e+16 -9.395200e+16  -1.042081e+00 -1.116234e-01     252     35    -52
-56.166261 -24.412402 19.421337 7.902797e+16 5.231887 -1.538859e+16 7.437418e+15 -4.773204e+16 -4.124343e+16 -1.599045e+16 -2.656732e+16  1.467611e+16 -1.057687e+16 -8.380119e+16  -1.387567e+00 -1.751301e-01     258     38    -49
-48.838995 -32.447942 18.713063 9.929804e+16 5.297994 -1.500064e+16 5.426707e+15 -4.205780e+16 -5.037029e+16 -2.842580e+16 -4.516463e+16  5.205660e+15 -1.673883e+16 -1.239607e+17  -3.109931e-01 -4.199443e-02     254     40    -61
-54.922940 -27.010681 18.066378 8.817599e+16 5.263600 -1.685663e+16 1.034833e+16 -4.968684e+16 -4.502108e+16 -1.931678e+16 -3.311889e+16  1.190219e+16 -1.380211e+16 -9.745675e+16  -8.623459e-01 -1.221279e-01     258     40    -51
-54.709431 -24.756097 20.534473 8.754901e+16 5.261534 -1.691568e+16 5.721014e+15 -5.545112e+16 -4.310593e+16 -1.769920e+16 -2.985308e+16  1.325285e+16 -1.215388e+16 -9.065821e+16  -1.090422e+00 -1.461848e-01     254     34    -47
-51.335494 -30.519484 18.145023 1.012812e+17 5.303719 -1.795425e+16 9.036053e+15 -5.345473e+16 -4.996330e+16 -2.312360e+16 -4.328282e+16  6.680480e+15 -2.015923e+16 -1.163697e+17  -3.313857e-01 -5.740737e-02     256     39    -52
-53.469960 -28.099935 18.430105 8.928245e+16 5.267211 -1.646870e+16 9.925266e+15 -4.721172e+16 -4.583361e+16 -2.138484e+16 -3.497145e+16  1.086216e+16 -1.358661e+16 -1.021899e+17  -7.994752e-01 -1.062938e-01     258     40    -53
-47.208418 -31.856322 20.935260 1.082194e+17 5.322903 -1.593870e+16 -2.888246e+15 -5.524167e+16 -5.268900e+16 -2.684950e+16 -4.820587e+16  4.483128e+15 -2.135637e+16 -1.277444e+17  -2.099200e-01 -3.509452e-02     252     34    -57
-50.128687 -26.925807 22.945506 1.010681e+17 5.303109 -1.725319e+16 -1.354346e+14 -6.269379e+16 -4.650517e+16 -2.405565e+16 -3.765141e+16  8.853762e+15 -1.359576e+16 -1.082122e+17  -6.512151e-01 -8.181849e-02     247     30    -52
-47.343047 -31.740786 20.916166 9.617295e+16 5.288735 -1.627781e+16 3.318798e+15 -4.531114e+16 -4.681871e+16 -2.702411e+16 -4.268197e+16  4.136743e+15 -1.565786e+16 -1.165248e+17  -2.641959e-01 -3.550097e-02     251     37    -58
-56.018115 -25.830766 18.151118 8.752992e+16 5.261471 -1.679045e+16 9.654419e+15 -5.127649e+16 -4.294191e+16 -2.097929e+16 -3.132680e+16  1.161511e+16 -1.034751e+16 -9.524800e+16  -1.122503e+00 -1.219460e-01     253     37    -50
-44.562601 -29.851948 25.585452 8.299652e+16 5.246073 -1.688053e+16 1.036587e+16 -3.372622e+16 -4.621082e+16 -2.142720e+16 -3.438826e+16  1.182255e+16 -1.296106e+16 -1.020263e+17  -9.121592e-01 -1.158775e-01     260     44    -60
-53.717217 -25.158945 21.123837 8.253315e+16 5.244452 -1.543151e+16 4.257835e+15 -4.987060e+16 -4.113929e+16 -1.905287e+16 -2.862527e+16  1.251403e+16 -9.572397e+15 -8.881743e+16  -1.307303e+00 -1.408961e-01     253     34    -50
-57.134577 -28.637028 14.228395 8.602026e+16 5.256434 -1.538724e+16 1.466530e+16 -4.570845e+16 -4.310440e+16 -1.943830e+16 -3.449320e+16  8.611192e+15 -1.505491e+16 -9.703590e+16  -5.719857e-01 -8.874233e-02     261     43    -52
-61.287660 -22.741663 15.970677 7.281378e+16 5.208176 -1.499002e+16 1.338246e+16 -4.396458e+16 -3.883553e+16 -1.314508e+16 -2.271099e+16  1.612454e+16 -9.565903e+15 -7.469160e+16  -1.685626e+00 -2.158816e-01     264     44    -48
-53.401667 -25.574256 21.024077 8.154170e+16 5.240953 -1.766219e+16 9.142674e+15 -4.852867e+16 -4.211974e+16 -1.533327e+16 -2.879189e+16  1.332785e+16 -1.345863e+16 -8.624490e+16  -9.902828e-01 -1.545349e-01     260     39    -48
-54.086974 -28.580649 17.332377 8.342078e+16 5.247550 -1.652687e+16 2.600629e+16 -3.643414e+16 -4.247600e+16 -1.957255e+16 -3.330122e+16  9.174774e+15 -1.372868e+16 -9.534977e+16  -6.682927e-01 -9.622230e-02     269     54    -59
-44.724142 -32.925779 22.350079 9.237190e+16 5.277060 -1.558016e+16 6.264904e+15 -3.377413e+16 -4.850740e+16 -2.710694e+16 -4.248330e+16  6.024101e+15 -1.537636e+16 -1.180976e+17  -3.917768e-01 -5.100950e-02     255     42    -64
-63.027034 -21.665168 15.307798 8.505774e+16 5.253176 -1.791167e+16 1.530555e+16 -5.802925e+16 -3.796193e+16 -1.682459e+16 -2.515907e+16  1.280286e+16 -8.334488e+15 -7.994559e+16  -1.536130e+00 -1.601446e-01     247     32    -43
-59.984358 -23.335602 16.680040 8.126814e+16 5.239980 -1.405859e+16 6.410539e+15 -5.288036e+16 -4.206636e+16 -1.394274e+16 -2.606326e+16  1.600310e+16 -1.212053e+16 -8.207235e+16  -1.320330e+00 -1.949877e-01     258     36    -46
-49.014482 -30.666595 20.318924 1.060478e+17 5.317034 -1.608491e+16 -2.217147e+14 -5.684592e+16 -4.861810e+16 -2.939487e+16 -4.545331e+16  3.164788e+15 -1.605845e+16 -1.234663e+17  -1.970793e-01 -2.563282e-02     245     32    -57
-53.954461 -29.562971 16.482567 8.962943e+16 5.268334 -1.701614e+16 1.906491e+16 -4.204413e+16 -4.558723e+16 -2.180490e+16 -3.710374e+16  8.483491e+15 -1.529884e+16 -1.044959e+17  -5.545184e-01 -8.118493e-02     263     48    -56
-51.477174 -29.445664 19.077162 9.682594e+16 5.290694 -1.512821e+16 2.279155e+15 -5.263833e+16 -4.733318e+16 -2.440549e+16 -3.982598e+16  7.507199e+15 -1.542050e+16 -1.115647e+17  -4.868325e-01 -6.729012e-02     251     34    -55
-49.815288 -32.353178 17.831534 9.923008e+16 5.297796 -1.591274e+16 8.815599e+15 -4.470201e+16 -4.975770e+16 -2.628953e+16 -4.503579e+16  4.721910e+15 -1.874626e+16 -1.210830e+17  -2.518854e-01 -3.899729e-02     256     41    -58
-68.615160 -20.330910 11.053930 7.769698e+16 5.226969 -1.623327e+16 1.855418e+16 -5.118198e+16 -3.527728e+16 -1.677572e+16 -2.147458e+16  1.380270e+16 -4.698856e+15 -7.352758e+16  -2.937459e+00 -1.877214e-01     248     35    -44
-48.813194 -33.692452 17.494354 1.112660e+17 5.330942 -1.717787e+16 1.288871e+16 -4.061388e+16 -5.490635e+16 -3.464423e+16 -5.261384e+16  2.292510e+15 -1.796961e+16 -1.421644e+17  -1.275770e-01 -1.612576e-02     253     43    -63
-52.876318 -26.945143 20.178539 8.870064e+16 5.265318 -1.847635e+16 1.269404e+16 -4.735117e+16 -4.663142e+16 -1.960829e+16 -3.316442e+16  1.346700e+16 -1.355613e+16 -9.940413e+16  -9.934252e-01 -1.354773e-01     260     43    -52
-50.633089 -30.323432 19.043479 9.592920e+16 5.288001 -1.751694e+16 9.171046e+15 -4.771965e+16 -4.581791e+16 -2.685524e+16 -4.068874e+16  5.129171e+15 -1.383350e+16 -1.133619e+17  -3.707790e-01 -4.524599e-02     251     38    -56
-57.634286 -26.124468 16.241245 8.760955e+16 5.261734 -1.713652e+16 1.081820e+16 -5.538924e+16 -4.230775e+16 -1.542816e+16 -3.179170e+16  1.051605e+16 -1.636353e+16 -8.952760e+16  -6.426516e-01 -1.174615e-01     256     36    -45
-59.462242 -28.312069 12.225689 8.651658e+16 5.258100 -1.582254e+16 1.801960e+16 -4.640869e+16 -4.215009e+16 -1.963256e+16 -3.431922e+16  7.830869e+15 -1.468666e+16 -9.610187e+16  -5.331961e-01 -8.148508e-02     261     45    -51
-50.517825 -31.813403 17.668772 1.032451e+17 5.309280 -1.562873e+16 5.820557e+15 -4.824424e+16 -5.137145e+16 -2.808323e+16 -4.606902e+16  5.302431e+15 -1.798579e+16 -1.255237e+17  -2.948123e-01 -4.224247e-02     254     38    -58
-52.818654 -29.493472 17.687874 9.834336e+16 5.295197 -1.730364e+16 8.585622e+15 -5.408686e+16 -4.675428e+16 -2.421048e+16 -4.056967e+16  6.184613e+15 -1.635919e+16 -1.115344e+17  -3.780513e-01 -5.545026e-02     252     36    -52
-49.447995 -32.186138 18.365867 1.005039e+17 5.301489 -1.537306e+16 5.612846e+15 -4.430539e+16 -5.020873e+16 -2.869313e+16 -4.535329e+16  4.855434e+15 -1.666016e+16 -1.242552e+17  -2.914399e-01 -3.907632e-02     253     39    -60
-55.461933 -25.504007 19.034059 8.339969e+16 5.247476 -1.556541e+16 6.012369e+15 -5.267313e+16 -4.104560e+16 -1.609830e+16 -2.941606e+16  1.162955e+16 -1.331776e+16 -8.655997e+16  -8.732362e-01 -1.343525e-01     255     34    -47
-54.285414 -28.196401 17.518185 9.441734e+16 5.283401 -1.651417e+16 8.110102e+15 -5.355275e+16 -4.551965e+16 -2.289451e+16 -3.714744e+16  8.372206e+15 -1.425293e+16 -1.055616e+17  -5.874023e-01 -7.931108e-02     252     36    -51
-53.295072 -27.694908 19.010021 8.526147e+16 5.253869 -1.750218e+16 1.306511e+16 -4.485739e+16 -4.370538e+16 -1.970947e+16 -3.286616e+16  1.083922e+16 -1.315669e+16 -9.628100e+16  -8.238566e-01 -1.125791e-01     259     43    -52
-57.801910 -25.646083 16.552006 8.562355e+16 5.255095 -1.529665e+16 8.322793e+15 -5.264045e+16 -4.288702e+16 -1.711903e+16 -3.044752e+16  1.243950e+16 -1.332849e+16 -9.045358e+16  -9.333020e-01 -1.375236e-01     256     36    -48
-46.838957 -32.727113 20.433931 9.882001e+16 5.296597 -1.651922e+16 5.107230e+15 -4.501818e+16 -4.969222e+16 -2.530027e+16 -4.526324e+16  4.428984e+15 -1.996297e+16 -1.202557e+17  -2.218600e-01 -3.682971e-02     256     39    -58
-61.921002 -25.840935 12.238063 9.216321e+16 5.276405 -1.757667e+16 1.841556e+16 -5.352827e+16 -4.426467e+16 -2.103671e+16 -3.314235e+16  1.112232e+16 -1.210564e+16 -9.844373e+16  -9.187719e-01 -1.129815e-01     256     41    -49
-51.558565 -30.057203 18.384232 1.009915e+17 5.302890 -1.606213e+16 4.130176e+15 -5.480388e+16 -5.016342e+16 -2.316721e+16 -4.246982e+16  7.693591e+15 -1.930262e+16 -1.158004e+17  -3.985776e-01 -6.643835e-02     255     36    -53
-46.607532 -33.316827 20.075641 1.005032e+17 5.301487 -1.573751e+16 6.587972e+15 -3.719798e+16 -5.131068e+16 -3.050829e+16 -4.688415e+16  4.426529e+15 -1.637586e+16 -1.287031e+17  -2.703082e-01 -3.439333e-02     253     41    -64
-54.818962 -27.456400 17.724638 9.813464e+16 5.294582 -1.811289e+16 1.087235e+16 -5.430468e+16 -4.707022e+16 -2.607784e+16 -3.752311e+16  9.547108e+15 -1.144527e+16 -1.106712e+17  -8.341528e-01 -8.626554e-02     250     37    -53
-50.746581 -28.230259 21.023160 9.290262e+16 5.278719 -1.413079e+16 -1.801526e+15 -5.415381e+16 -4.511072e+16 -2.186414e+16 -3.647841e+16  8.632309e+15 -1.461427e+16 -1.034533e+17  -5.906766e-01 -8.344162e-02     251     32    -53
-49.274329 -28.376403 22.349268 9.743853e+16 5.292520 -1.893541e+16 6.060394e+15 -5.131003e+16 -4.657448e+16 -2.795389e+16 -3.841639e+16  8.158090e+15 -1.046250e+16 -1.129448e+17  -7.797457e-01 -7.223079e-02     248     36    -55
-48.167091 -28.847873 22.985035 9.472351e+16 5.284339 -1.832061e+16 4.039774e+15 -5.120973e+16 -4.737513e+16 -2.269657e+16 -3.797676e+16  9.398361e+15 -1.528019e+16 -1.080485e+17  -6.150683e-01 -8.698283e-02     254     36    -53
-42.717896 -30.589864 26.692240 9.046444e+16 5.271019 -1.489942e+16 -6.115549e+15 -3.777547e+16 -4.828356e+16 -2.623521e+16 -3.839374e+16  9.889822e+15 -1.215853e+16 -1.129125e+17  -8.134058e-01 -8.758837e-02     252     36    -65
-51.046194 -29.405415 19.548392 8.328550e+16 5.247080 -1.597492e+16 1.940133e+16 -3.436958e+16 -4.406646e+16 -2.171083e+16 -3.419223e+16  9.874227e+15 -1.248140e+16 -9.996953e+16  -7.911154e-01 -9.877237e-02     264     50    -60
-53.328508 -25.341297 21.330195 8.622252e+16 5.257114 -1.687721e+16 5.591852e+15 -5.368171e+16 -4.115279e+16 -1.947614e+16 -3.013434e+16  1.101845e+16 -1.065819e+16 -9.076327e+16  -1.033801e+00 -1.213977e-01     251     33    -49
-51.630885 -28.605700 19.763415 8.435605e+16 5.250777 -1.635012e+16 1.313605e+16 -4.234494e+16 -4.564021e+16 -1.747918e+16 -3.363196e+16  1.200824e+16 -1.615278e+16 -9.675135e+16  -7.434164e-01 -1.241145e-01     265     45    -54
-49.041420 -31.099910 19.858670 9.179520e+16 5.275247 -1.548895e+16 8.136639e+15 -3.962156e+16 -4.769409e+16 -2.566937e+16 -3.993710e+16  7.756991e+15 -1.426773e+16 -1.133006e+17  -5.436740e-01 -6.846384e-02     256     41    -60
-50.447543 -27.564928 21.987529 8.924838e+16 5.267100 -1.740262e+16 4.726578e+15 -5.211374e+16 -4.339034e+16 -2.031594e+16 -3.412981e+16  9.260524e+15 -1.381388e+16 -9.783609e+16  -6.703783e-01 -9.465346e-02     253     35    -50
-57.614927 -24.326655 18.058417 8.893905e+16 5.266095 -1.525343e+16 7.625535e+15 -6.178085e+16 -3.902177e+16 -1.691092e+16 -2.982050e+16  9.201265e+15 -1.290959e+16 -8.575319e+16  -7.127465e-01 -1.072994e-01     244     27    -45
-57.238630 -26.020909 16.740462 8.425616e+16 5.250434 -1.552964e+16 1.015552e+16 -4.855579e+16 -4.277903e+16 -1.905148e+16 -3.043161e+16  1.234742e+16 -1.138013e+16 -9.226211e+16  -1.084998e+00 -1.338298e-01     257     39    -50
-52.834389 -27.026292 20.139319 9.695904e+16 5.291092 -1.641802e+16 3.060581e+15 -5.904334e+16 -4.604853e+16 -2.237853e+16 -3.637085e+16  9.677677e+15 -1.399232e+16 -1.047979e+17  -6.916419e-01 -9.234610e-02     250     32    -51
-53.660443 -28.182683 18.156874 8.459706e+16 5.251604 -1.613521e+16 1.476892e+16 -4.169208e+16 -4.482142e+16 -1.972114e+16 -3.324811e+16  1.157331e+16 -1.352697e+16 -9.779067e+16  -8.555725e-01 -1.183477e-01     263     46    -55
-53.720751 -31.046398 15.232851 9.831848e+16 5.295123 -1.711634e+16 1.566511e+16 -4.635155e+16 -4.731571e+16 -2.677898e+16 -4.286985e+16  4.445869e+15 -1.609087e+16 -1.169645e+17  -2.762976e-01 -3.801040e-02     255     42    -56
-48.782302 -30.791438 20.426259 9.468664e+16 5.284226 -1.738897e+16 9.298939e+15 -4.336258e+16 -4.811891e+16 -2.562883e+16 -4.075047e+16  7.368441e+15 -1.512164e+16 -1.144982e+17  -4.872779e-01 -6.435419e-02     255     41    -58
-55.733906 -28.814782 15.451311 9.292411e+16 5.278786 -1.682911e+16 1.242272e+16 -5.294584e+16 -4.204476e+16 -2.327115e+16 -3.747307e+16  4.571685e+15 -1.420192e+16 -1.027890e+17  -3.219061e-01 -4.447641e-02     248     35    -50
-48.200990 -27.573694 24.225316 7.884295e+16 5.231209 -1.513336e+16 1.491164e+15 -4.425578e+16 -4.089733e+16 -1.715703e+16 -3.008612e+16  1.081122e+16 -1.292908e+16 -8.814048e+16  -8.361938e-01 -1.226589e-01     257     36    -52
-58.543031 -26.245809 15.211160 8.980819e+16 5.268911 -1.665083e+16 1.204154e+16 -5.378868e+16 -4.431810e+16 -1.864888e+16 -3.277888e+16  1.153922e+16 -1.413001e+16 -9.574586e+16  -8.166464e-01 -1.205192e-01     256     38    -48
-46.288384 -32.547445 21.164171 9.572145e+16 5.287373 -1.690438e+16 8.694951e+15 -4.044598e+16 -4.949523e+16 -2.505906e+16 -4.356850e+16  5.926733e+15 -1.850944e+16 -1.181228e+17  -3.202006e-01 -5.017434e-02     258     42    -59
-56.060542 -27.961598 15.977860 8.713841e+16 5.260173 -1.753573e+16 1.815578e+16 -4.386696e+16 -4.308918e+16 -2.207716e+16 -3.402248e+16  9.066702e+15 -1.194532e+16 -9.918883e+16  -7.590174e-01 -9.140851e-02     259     45    -53
-45.885085 -31.502578 22.612338 9.496621e+16 5.285079 -1.772021e+16 5.208275e+15 -4.507583e+16 -4.823401e+16 -2.369997e+16 -4.174739e+16  6.486620e+15 -1.804742e+16 -1.136814e+17  -3.594209e-01 -5.705966e-02     256     39    -57
-64.215334 -25.812750 9.971916 8.578727e+16 5.255649 -1.633753e+16 1.911380e+16 -5.122005e+16 -4.012619e+16 -1.825771e+16 -3.085064e+16  9.275541e+15 -1.259293e+16 -8.923454e+16  -7.365673e-01 -1.039456e-01     256     41    -47
-50.456250 -30.623919 18.919831 8.783168e+16 5.262467 -1.511932e+16 7.811344e+15 -4.257546e+16 -4.494963e+16 -2.192570e+16 -3.764188e+16  7.307751e+15 -1.571617e+16 -1.045172e+17  -4.649829e-01 -6.991912e-02     257     40    -56
-54.015106 -31.141495 14.843399 1.011815e+17 5.303434 -1.489049e+16 9.775894e+15 -4.966622e+16 -5.069475e+16 -2.550941e+16 -4.427033e+16  6.424414e+15 -1.876092e+16 -1.204745e+17  -3.424359e-01 -5.332593e-02     257     40    -56
-65.382842 -21.755548 12.861611 7.838704e+16 5.229530 -1.569373e+16 1.564821e+16 -5.294064e+16 -3.492100e+16 -1.599968e+16 -2.333047e+16  1.159053e+16 -7.330786e+15 -7.425115e+16  -1.581076e+00 -1.560990e-01     245     32    -43
-51.710565 -28.831687 19.457749 8.385014e+16 5.249036 -1.673377e+16 1.483312e+16 -3.845511e+16 -4.329277e+16 -2.240812e+16 -3.371956e+16  9.573214e+15 -1.131144e+16 -9.942045e+16  -8.463304e-01 -9.629019e-02     259     45    -57
-48.478150 -31.615080 19.906770 9.950280e+16 5.298590 -1.680385e+16 4.780403e+15 -4.873999e+16 -4.856937e+16 -2.614777e+16 -4.402520e+16  4.544166e+15 -1.787743e+16 -1.187423e+17  -2.541846e-01 -3.826913e-02     253     37    -56
-50.028139 -30.890569 19.081292 9.823630e+16 5.294881 -1.592651e+16 3.771901e+15 -5.152637e+16 -4.807910e+16 -2.379097e+16 -4.247402e+16  5.605076e+15 -1.868306e+16 -1.143441e+17  -3.000085e-01 -4.901938e-02     254     36    -54
-49.325407 -31.855380 18.819213 9.864931e+16 5.296096 -1.524232e+16 3.144565e+15 -4.883785e+16 -4.837713e+16 -2.521609e+16 -4.403222e+16  4.344906e+15 -1.881613e+16 -1.176254e+17  -2.309139e-01 -3.693849e-02     253     36    -56
-55.591786 -30.272865 14.135348 9.753843e+16 5.292817 -1.519829e+16 1.327624e+16 -4.754389e+16 -4.881959e+16 -2.538525e+16 -4.146497e+16  7.354622e+15 -1.607971e+16 -1.156698e+17  -4.573851e-01 -6.358290e-02     258     42    -56
-54.792151 -26.766747 18.441103 9.777836e+16 5.293528 -1.889936e+16 1.049262e+16 -5.836952e+16 -4.557560e+16 -2.353419e+16 -3.635700e+16  9.218608e+15 -1.282281e+16 -1.054668e+17  -7.189226e-01 -8.740769e-02     250     35    -49
-60.503506 -18.319968 21.176527 8.110010e+16 5.239381 -1.641960e+16 6.631254e+15 -6.184160e+16 -3.726852e+16 -9.796421e+15 -1.982012e+16  1.744839e+16 -1.002370e+16 -6.688506e+16  -1.740713e+00 -2.608713e-01     252     28    -38
-54.522458 -29.942271 15.535271 1.050655e+17 5.314340 -1.752078e+16 1.033997e+16 -5.888887e+16 -4.914695e+16 -2.468827e+16 -4.411109e+16  5.035864e+15 -1.942282e+16 -1.179463e+17  -2.592757e-01 -4.269624e-02     251     36    -51
-52.855350 -32.731352 14.413297 1.062957e+17 5.317710 -1.692786e+16 1.466820e+16 -4.873721e+16 -5.031384e+16 -2.896879e+16 -4.894581e+16  1.368030e+15 -1.997702e+16 -1.282285e+17  -6.848019e-02 -1.066870e-02     254     41    -56
-52.553580 -28.140623 19.305797 8.434224e+16 5.250730 -1.428774e+16 6.131215e+15 -4.359603e+16 -4.483788e+16 -2.028843e+16 -3.306078e+16  1.177711e+16 -1.277235e+16 -9.818709e+16  -9.220783e-01 -1.199456e-01     259     40    -55
-51.751174 -31.858829 16.389997 1.068333e+17 5.319171 -1.729434e+16 1.129103e+16 -4.884603e+16 -5.040755e+16 -3.197310e+16 -4.779083e+16  2.616721e+15 -1.581773e+16 -1.301715e+17  -1.654296e-01 -2.010210e-02     250     39    -58
-45.598260 -30.360018 24.041722 1.031332e+17 5.308966 -1.837872e+16 -1.130687e+15 -5.528178e+16 -5.038565e+16 -2.470430e+16 -4.357032e+16  6.815336e+15 -1.886602e+16 -1.186603e+17  -3.612493e-01 -5.743570e-02     252     34    -55
-52.253532 -29.387124 18.359344 1.011111e+17 5.303232 -1.615218e+16 5.245729e+15 -5.271889e+16 -4.785199e+16 -2.947274e+16 -4.152889e+16  6.323097e+15 -1.205615e+16 -1.188536e+17  -5.244705e-01 -5.320071e-02     246     34    -57
-48.891771 -29.582283 21.525945 9.044973e+16 5.270972 -1.651294e+16 3.537645e+15 -4.962211e+16 -4.500735e+16 -2.025238e+16 -3.729416e+16  7.713193e+15 -1.704177e+16 -1.025539e+17  -4.526051e-01 -7.521112e-02     255     36    -52
-48.870969 -31.460526 19.668504 1.004080e+17 5.301212 -1.686122e+16 6.043416e+15 -4.581804e+16 -4.901084e+16 -2.960446e+16 -4.421335e+16  4.797493e+15 -1.460889e+16 -1.228287e+17  -3.283955e-01 -3.905842e-02     250     38    -59
-54.160718 -26.355670 19.483612 8.923418e+16 5.267054 -1.531170e+16 3.989899e+15 -5.407719e+16 -4.341111e+16 -2.049034e+16 -3.260002e+16  1.081109e+16 -1.210968e+16 -9.650147e+16  -8.927643e-01 -1.120303e-01     251     33    -51
-55.083771 -25.935149 18.981080 8.964135e+16 5.268372 -1.568661e+16 6.072457e+15 -5.642157e+16 -4.121580e+16 -2.110541e+16 -3.219913e+16  9.016675e+15 -1.109372e+16 -9.452034e+16  -8.127731e-01 -9.539401e-02     247     31    -49
-50.446909 -29.290192 20.262899 8.749165e+16 5.261344 -1.591420e+16 5.927934e+15 -4.633511e+16 -4.438840e+16 -2.052577e+16 -3.574633e+16  8.642066e+15 -1.522056e+16 -1.006605e+17  -5.677890e-01 -8.585360e-02     256     38    -53
-58.076675 -25.902898 16.020427 8.568356e+16 5.255298 -1.669538e+16 1.252157e+16 -5.060503e+16 -4.132261e+16 -1.984150e+16 -3.081269e+16  1.050992e+16 -1.097119e+16 -9.197680e+16  -9.579561e-01 -1.142671e-01     253     38    -49
-63.515643 -25.218870 11.265487 8.910074e+16 5.266621 -1.594510e+16 1.581073e+16 -5.703747e+16 -4.053389e+16 -1.829557e+16 -3.122103e+16  9.312864e+15 -1.292546e+16 -9.005048e+16  -7.205056e-01 -1.034183e-01     248     33    -45
-47.150320 -32.888821 19.960860 1.130302e+17 5.335496 -1.671256e+16 1.326241e+15 -5.140220e+16 -5.733339e+16 -2.897688e+16 -5.205416e+16  5.279223e+15 -2.307728e+16 -1.383644e+17  -2.287628e-01 -3.815448e-02     256     38    -59
-50.939942 -22.254531 26.805526 7.801666e+16 5.228158 -1.528482e+16 -4.699720e+14 -4.534921e+16 -4.119769e+16 -2.056516e+16 -2.350589e+16  1.769180e+16 -2.940728e+15 -8.526874e+16  -6.016129e+00 -2.074829e-01     252     34    -55
-52.056132 -16.231705 31.712163 6.064289e+16 5.155220 -1.820610e+16 1.761965e+16 -2.972525e+16 -3.511465e+16 -1.376894e+16 -1.280472e+16  2.230993e+16 9.642265e+14 -6.168832e+16  2.313765e+01 -3.616558e-01     264     51    -55
-58.700083 -18.928581 22.371336 6.711175e+16 5.184566 -1.468803e+16 8.673810e+15 -4.002420e+16 -3.769355e+16 -1.450894e+16 -1.698766e+16  2.070589e+16 -2.478723e+15 -6.919014e+16  -8.353453e+00 -2.992607e-01     261     41    -50
-46.367804 -25.631410 28.000786 8.497431e+16 5.252892 -1.743639e+16 -6.128418e+14 -4.790015e+16 -4.545826e+16 -1.894612e+16 -2.983443e+16  1.562383e+16 -1.088831e+16 -9.423881e+16  -1.434918e+00 -1.657897e-01     257     36    -53
-48.474870 -23.405821 28.119309 8.370116e+16 5.248521 -1.878690e+16 4.188444e+15 -4.599353e+16 -4.649246e+16 -1.960844e+16 -2.661208e+16  1.988038e+16 -7.003638e+15 -9.271297e+16  -2.838579e+00 -2.144293e-01     258     39    -53
-49.872231 -21.675687 28.452082 7.638624e+16 5.222043 -1.774258e+16 7.638683e+15 -3.815363e+16 -4.383656e+16 -2.072234e+16 -2.230924e+16  2.152732e+16 -1.586904e+15 -8.686815e+16  -1.356561e+01 -2.478160e-01     257     41    -57
-51.392573 -22.765323 25.842104 8.428222e+16 5.250524 -1.579551e+16 -4.650981e+14 -4.922768e+16 -4.674011e+16 -1.873400e+16 -2.606638e+16  2.067373e+16 -7.332379e+15 -9.154048e+16  -2.819512e+00 -2.258425e-01     258     36    -53
-53.056131 -14.821269 32.122600 6.024097e+16 5.153295 -1.564329e+16 4.532740e+15 -3.792851e+16 -3.576113e+16 -9.826226e+15 -1.149883e+16  2.426230e+16 -1.672601e+15 -5.708618e+16  -1.450573e+01 -4.250118e-01     264     40    -48
-60.519880 -18.987704 20.492415 7.260172e+16 5.207331 -1.676614e+16 1.175893e+16 -4.502304e+16 -3.906162e+16 -1.464888e+16 -1.847433e+16  2.058729e+16 -3.825451e+15 -7.218482e+16  -5.381663e+00 -2.852025e-01     260     41    -48
-50.493740 -25.672992 23.833267 8.333353e+16 5.247247 -1.660672e+16 6.506161e+15 -4.151340e+16 -4.559348e+16 -2.239329e+16 -2.945945e+16  1.613403e+16 -7.066161e+15 -9.744623e+16  -2.283281e+00 -1.655685e-01     256     40    -57
-58.861093 -18.481314 22.657592 7.346205e+16 5.210742 -1.617359e+16 6.557399e+15 -4.898288e+16 -3.949321e+16 -1.236893e+16 -1.810290e+16  2.139032e+16 -5.733967e+15 -6.996504e+16  -3.730457e+00 -3.057287e-01     260     37    -45
-46.119458 -25.726038 28.154504 8.742099e+16 5.261110 -1.879605e+16 4.820554e+15 -4.115446e+16 -4.913496e+16 -2.378174e+16 -3.080996e+16  1.832500e+16 -7.028213e+15 -1.037267e+17  -2.607348e+00 -1.766662e-01     256     40    -59
-49.160222 -21.193848 29.645929 7.348938e+16 5.210850 -1.769623e+16 5.769874e+15 -3.900223e+16 -4.137518e+16 -1.923292e+16 -2.090437e+16  2.047081e+16 -1.671453e+15 -8.151248e+16  -1.224732e+01 -2.511371e-01     256     40    -55
-50.194952 -20.029093 29.775955 8.080154e+16 5.238313 -1.926127e+16 3.759917e+15 -4.772864e+16 -4.442216e+16 -1.885789e+16 -2.158819e+16  2.283397e+16 -2.730306e+15 -8.486824e+16  -8.363152e+00 -2.690520e-01     257     37    -52
-51.585395 -20.337991 28.076614 7.196044e+16 5.204763 -1.753000e+16 9.395799e+15 -3.905891e+16 -4.204493e+16 -1.579062e+16 -1.959745e+16  2.244748e+16 -3.806828e+15 -7.743300e+16  -5.896636e+00 -2.898955e-01     262     43    -53
-52.332378 -21.305908 26.361713 7.290534e+16 5.208540 -1.577699e+16 4.670191e+15 -4.015487e+16 -4.039839e+16 -1.916960e+16 -2.094638e+16  1.945201e+16 -1.776774e+15 -8.051438e+16  -1.094794e+01 -2.415968e-01     256     38    -55
-49.304820 -17.978508 32.716672 6.121746e+16 5.157950 -1.606762e+16 9.948162e+15 -3.355274e+16 -3.875405e+16 -9.343591e+15 -1.445396e+16  2.430009e+16 -5.110370e+15 -6.255160e+16  -4.755055e+00 -3.884807e-01     268     47    -52
-56.601956 -22.826451 20.571593 7.478211e+16 5.215898 -1.409898e+16 1.024079e+16 -3.640001e+16 -4.192362e+16 -2.180754e+16 -2.332864e+16  1.859498e+16 -1.521098e+15 -8.705980e+16  -1.222471e+01 -2.135886e-01     258     43    -58
-49.764722 -25.775359 24.459920 8.274201e+16 5.245184 -1.675799e+16 1.169609e+16 -3.400946e+16 -4.669114e+16 -2.507227e+16 -2.935567e+16  1.733547e+16 -4.283397e+15 -1.011191e+17  -4.047130e+00 -1.714362e-01     257     44    -62
-51.330745 -19.124773 29.544482 7.587550e+16 5.220101 -1.967037e+16 9.463332e+15 -4.303629e+16 -4.383192e+16 -1.590919e+16 -1.926692e+16  2.456500e+16 -3.357729e+15 -7.900803e+16  -7.315957e+00 -3.109178e-01     261     42    -51
-53.950577 -21.542211 24.507212 7.567193e+16 5.219323 -1.484917e+16 3.722738e+15 -4.347055e+16 -4.318901e+16 -1.679274e+16 -2.205518e+16  2.113382e+16 -5.262442e+15 -8.203694e+16  -4.015973e+00 -2.576135e-01     260     39    -53
-52.321795 -18.516448 29.161757 7.098262e+16 5.200801 -1.535953e+16 1.186141e+15 -4.217790e+16 -4.037801e+16 -1.649021e+16 -1.739892e+16  2.297909e+16 -9.087117e+14 -7.426713e+16  -2.528754e+01 -3.094113e-01     257     37    -53
-51.674443 -23.038805 25.286752 8.439429e+16 5.250909 -1.769739e+16 8.524849e+15 -4.198845e+16 -4.832563e+16 -2.243664e+16 -2.646332e+16  2.186231e+16 -4.026685e+15 -9.722559e+16  -5.429358e+00 -2.248617e-01     259     42    -57
-51.899136 -18.361602 29.739261 6.415111e+16 5.171503 -1.668793e+16 1.115960e+16 -3.490600e+16 -3.875168e+16 -1.231228e+16 -1.556718e+16  2.318450e+16 -3.254899e+15 -6.663115e+16  -7.122956e+00 -3.479529e-01     265     46    -52
-53.719817 -19.662332 26.617851 7.194858e+16 5.204715 -1.598988e+16 5.293631e+15 -4.110732e+16 -4.044657e+16 -1.772212e+16 -1.890839e+16  2.153817e+16 -1.186275e+15 -7.707708e+16  -1.815613e+01 -2.794368e-01     257     39    -53
-54.111000 -21.016310 24.872689 7.805118e+16 5.228286 -1.648473e+16 6.370850e+15 -4.476350e+16 -4.475783e+16 -1.685198e+16 -2.212648e+16  2.263135e+16 -5.274501e+15 -8.373628e+16  -4.290710e+00 -2.702694e-01     261     40    -52
-54.308045 -20.472300 25.219655 7.145952e+16 5.202740 -1.609404e+16 9.286636e+15 -3.997210e+16 -4.176689e+16 -1.481920e+16 -1.967062e+16  2.209627e+16 -4.851426e+15 -7.625671e+16  -4.554592e+00 -2.897616e-01     263     43    -52
-52.895131 -15.372874 31.731995 6.464135e+16 5.173707 -1.710830e+16 1.110268e+16 -3.389158e+16 -3.941649e+16 -1.494514e+16 -1.285300e+16  2.656348e+16 2.092141e+15 -6.721463e+16  1.269679e+01 -3.952039e-01     263     45    -55
-52.555789 -13.591767 33.852444 6.459781e+16 5.173512 -1.701567e+16 1.711756e+15 -4.524503e+16 -3.448840e+16 -1.020763e+16 -1.118366e+16  2.330474e+16 -9.760318e+14 -5.587968e+16  -2.387702e+01 -4.170520e-01     259     34    -44
-54.137731 -22.245010 23.617259 7.743009e+16 5.225973 -1.685657e+16 8.190636e+15 -4.348773e+16 -4.227190e+16 -1.875344e+16 -2.340452e+16  1.886738e+16 -4.651073e+15 -8.442986e+16  -4.056565e+00 -2.234681e-01     258     40    -53
-50.997979 -18.166002 30.836018 6.710730e+16 5.184547 -1.795691e+16 9.046552e+15 -3.650143e+16 -3.847389e+16 -1.638939e+16 -1.606920e+16  2.240469e+16 3.201903e+14 -7.093249e+16  6.997305e+01 -3.158594e-01     259     42    -53
-51.937646 -23.231065 24.831289 7.644729e+16 5.222275 -1.518318e+16 5.429116e+15 -3.956957e+16 -4.386571e+16 -1.925610e+16 -2.420404e+16  1.966167e+16 -4.947941e+15 -8.732585e+16  -3.973709e+00 -2.251530e-01     259     40    -56
-56.325263 -18.620234 25.054502 6.940739e+16 5.194304 -1.695906e+16 1.110222e+16 -4.097259e+16 -4.013966e+16 -1.272451e+16 -1.720273e+16  2.293693e+16 -4.478219e+15 -7.006689e+16  -5.121887e+00 -3.273576e-01     265     44    -50
-53.850571 -21.476778 24.672651 7.572902e+16 5.219542 -1.610643e+16 5.291056e+15 -4.439345e+16 -4.170564e+16 -1.718126e+16 -2.199368e+16  1.971195e+16 -4.812424e+15 -8.088058e+16  -4.096055e+00 -2.437168e-01     258     38    -51
-55.084737 -17.761849 27.153414 7.742277e+16 5.225946 -1.803874e+16 4.936415e+15 -4.978382e+16 -4.081385e+16 -1.729856e+16 -1.816703e+16  2.264682e+16 -8.684674e+14 -7.627944e+16  -2.607677e+01 -2.968929e-01     255     35    -49
-50.927949 -23.118019 25.954032 8.002649e+16 5.235523 -1.831491e+16 9.658074e+15 -4.043980e+16 -4.429380e+16 -2.165383e+16 -2.516860e+16  1.912521e+16 -3.514769e+15 -9.111623e+16  -5.441384e+00 -2.098990e-01     257     42    -56
-51.723452 -25.729524 22.547024 8.496120e+16 5.252847 -1.708104e+16 9.430173e+15 -4.158122e+16 -4.610445e+16 -2.332709e+16 -3.014921e+16  1.595525e+16 -6.822119e+15 -9.958075e+16  -2.338753e+00 -1.602242e-01     257     41    -57
-52.009629 -19.122569 28.867802 7.400704e+16 5.212882 -1.728387e+16 6.824200e+15 -3.991356e+16 -4.341735e+16 -1.822031e+16 -1.880645e+16  2.461090e+16 -5.861422e+14 -8.044411e+16  -4.198793e+01 -3.059378e-01     259     41    -55
-64.708876 -14.145429 21.145695 6.720384e+16 5.184963 -1.546917e+16 9.525600e+15 -4.534914e+16 -3.758999e+16 -1.021923e+16 -1.233418e+16  2.525580e+16 -2.114952e+15 -6.014340e+16  -1.194155e+01 -4.199264e-01     263     41    -45
-45.744930 -20.073246 34.181824 7.274185e+16 5.207890 -1.620724e+16 6.574866e+14 -3.685974e+16 -4.542290e+16 -1.678430e+16 -1.936123e+16  2.606166e+16 -2.576928e+15 -8.156843e+16  -1.011346e+01 -3.195067e-01     261     40    -57
-48.593300 -21.345888 30.060812 7.361501e+16 5.211344 -1.628941e+16 2.532798e+15 -4.002578e+16 -4.333482e+16 -1.666620e+16 -2.109425e+16  2.224058e+16 -4.428047e+15 -8.109527e+16  -5.022660e+00 -2.742525e-01     260     39    -54
-49.034049 -16.419133 34.546818 8.244185e+16 5.244132 -1.877837e+16 -3.651984e+15 -5.451085e+16 -4.280045e+16 -1.888393e+16 -1.756018e+16  2.524027e+16 1.323754e+15 -7.924457e+16  1.906719e+01 -3.185111e-01     253     31    -50
-50.465161 -18.926840 30.607999 7.010671e+16 5.197206 -1.818010e+16 1.055361e+16 -3.573008e+16 -4.125999e+16 -1.753273e+16 -1.757336e+16  2.368662e+16 -4.062747e+13 -7.636608e+16  -5.830199e+02 -3.101721e-01     260     44    -55
-49.642460 -24.453683 25.903857 8.088091e+16 5.238597 -1.671371e+16 3.212056e+15 -4.513318e+16 -4.449238e+16 -1.815931e+16 -2.705266e+16  1.743972e+16 -8.893352e+15 -8.970435e+16  -1.960984e+00 -1.944134e-01     258     38    -53
-48.697543 -22.887676 28.414781 7.490639e+16 5.216379 -1.740310e+16 6.773259e+15 -4.012339e+16 -4.349833e+16 -1.598528e+16 -2.322886e+16  2.026947e+16 -7.243575e+15 -8.271247e+16  -2.798268e+00 -2.450594e-01     262     42    -53
-58.220494 -14.839825 26.939681 6.166977e+16 5.160082 -1.534975e+16 1.030159e+16 -3.711022e+16 -3.728453e+16 -1.017690e+16 -1.186336e+16  2.542117e+16 -1.686459e+15 -5.932479e+16  -1.507370e+01 -4.285084e-01     267     45    -50
-56.585892 -20.875223 22.538884 7.416492e+16 5.213499 -1.528573e+16 6.336241e+15 -4.383839e+16 -3.892478e+16 -1.942105e+16 -2.092134e+16  1.800343e+16 -1.500297e+15 -7.926717e+16  -1.199991e+01 -2.271235e-01     253     37    -52
-56.291737 -21.888291 21.819972 8.778397e+16 5.262310 -1.769509e+16 6.239689e+15 -5.534247e+16 -4.484271e+16 -1.953222e+16 -2.611427e+16  1.872844e+16 -6.582050e+15 -9.048919e+16  -2.845381e+00 -2.069688e-01     254     35    -49
-53.059194 -15.234514 31.706292 6.485427e+16 5.174659 -1.586993e+16 3.125138e+15 -3.916093e+16 -3.707771e+16 -1.515515e+16 -1.276773e+16  2.430998e+16 2.387423e+15 -6.500059e+16  1.018252e+01 -3.739963e-01     257     38    -52
-55.261973 -19.720071 25.017956 7.449994e+16 5.214804 -1.521767e+16 5.091922e+15 -4.180715e+16 -4.276499e+16 -1.852204e+16 -1.967898e+16  2.308601e+16 -1.156933e+15 -8.096601e+16  -1.995449e+01 -2.851322e-01     258     39    -54
-55.271286 -19.516893 25.211821 7.277327e+16 5.208015 -1.656461e+16 9.605267e+15 -4.233514e+16 -4.299059e+16 -1.328161e+16 -1.899932e+16  2.399127e+16 -5.717706e+15 -7.527152e+16  -4.195961e+00 -3.187297e-01     265     44    -51
-48.863949 -25.029032 26.107019 8.288179e+16 5.245673 -1.493193e+16 -3.468370e+14 -4.030442e+16 -4.697393e+16 -2.293357e+16 -2.842632e+16  1.854761e+16 -5.492752e+15 -9.833382e+16  -3.376743e+00 -1.886189e-01     256     38    -60
-57.622313 -18.248918 24.128769 7.447625e+16 5.214712 -1.563513e+16 6.125780e+15 -4.337420e+16 -4.088401e+16 -2.005528e+16 -1.806933e+16  2.281468e+16 1.985948e+15 -7.900862e+16  1.148805e+01 -2.887618e-01     255     38    -53
-51.188519 -21.213978 27.597503 7.097505e+16 5.200770 -1.669860e+16 1.044467e+16 -3.619817e+16 -4.197381e+16 -1.645540e+16 -2.026393e+16  2.170988e+16 -3.808526e+15 -7.869313e+16  -5.700336e+00 -2.758803e-01     262     45    -55
-48.922416 -22.652387 28.425197 7.671322e+16 5.223280 -1.586784e+16 7.857497e+14 -4.193983e+16 -4.353732e+16 -1.850718e+16 -2.352016e+16  2.001716e+16 -5.012981e+15 -8.556465e+16  -3.993065e+00 -2.339419e-01     258     37    -55
-55.406199 -23.011067 21.582734 7.939054e+16 5.233213 -1.672329e+16 1.000252e+16 -4.414505e+16 -4.318477e+16 -1.891706e+16 -2.496190e+16  1.822288e+16 -6.044831e+15 -8.706373e+16  -3.014622e+00 -2.093050e-01     259     41    -52
-46.709014 -25.713273 27.577713 8.123093e+16 5.239848 -1.748711e+16 1.066504e+16 -3.606517e+16 -4.794776e+16 -1.989039e+16 -2.863460e+16  1.931316e+16 -8.744213e+15 -9.647275e+16  -2.208679e+00 -2.001929e-01     262     45    -59
-55.581755 -7.969468 36.448777 5.726177e+16 5.138610 -1.651764e+16 3.501352e+15 -3.988628e+16 -3.250855e+16 -7.499106e+15 -5.542322e+15  2.696623e+16 1.956784e+15 -4.554998e+16  1.378089e+01 -5.920141e-01     263     38    -43
-45.372814 -18.695795 35.931391 6.582611e+16 5.178965 -1.692159e+16 1.279302e+15 -3.758299e+16 -3.901735e+16 -1.364982e+16 -1.615276e+16  2.286459e+16 -2.502939e+15 -6.881994e+16  -9.135099e+00 -3.322379e-01     260     38    -52
-53.690436 -23.680237 22.629328 7.889119e+16 5.231386 -1.742410e+16 9.593385e+15 -4.450886e+16 -4.227003e+16 -1.793301e+16 -2.557044e+16  1.669959e+16 -7.637431e+15 -8.577348e+16  -2.186546e+00 -1.946941e-01     259     41    -51
-57.949778 -21.284967 20.765255 7.057355e+16 5.199128 -1.474685e+16 9.002235e+15 -4.228906e+16 -3.947140e+16 -1.346715e+16 -2.037692e+16  1.909448e+16 -6.909766e+15 -7.331547e+16  -2.763405e+00 -2.604427e-01     263     42    -49
-53.950861 -19.250880 26.798259 6.961574e+16 5.195172 -1.668961e+16 9.606406e+15 -3.821024e+16 -4.027368e+16 -1.619697e+16 -1.786767e+16  2.240601e+16 -1.670705e+15 -7.433832e+16  -1.341111e+01 -3.014059e-01     261     43    -53
-54.868383 -18.520961 26.610656 6.425149e+16 5.171955 -1.354420e+16 7.862827e+15 -3.438603e+16 -3.971256e+16 -1.395476e+16 -1.580260e+16  2.390996e+16 -1.847839e+15 -6.946992e+16  -1.293942e+01 -3.441772e-01     265     44    -55
-47.434728 -20.965018 31.600254 7.638678e+16 5.222045 -1.733827e+16 2.926769e+15 -3.924500e+16 -4.566376e+16 -1.880931e+16 -2.141206e+16  2.425170e+16 -2.602756e+15 -8.588513e+16  -9.317703e+00 -2.823737e-01     259     40    -57
-59.905861 -12.203812 27.890327 6.403647e+16 5.170985 -1.625960e+16 9.285385e+15 -3.937527e+16 -3.780231e+16 -1.240576e+16 -9.925725e+15  2.787658e+16 2.480040e+15 -6.013380e+16  1.124038e+01 -4.635760e-01     263     43    -49
-51.051971 -25.347970 23.600059 8.079733e+16 5.238298 -1.498303e+16 3.518352e+15 -4.176205e+16 -4.474315e+16 -2.069582e+16 -2.817810e+16  1.656505e+16 -7.482277e+15 -9.361706e+16  -2.213905e+00 -1.769448e-01     257     39    -56
-57.335947 -11.124492 31.539561 5.746977e+16 5.139660 -1.354564e+16 2.454401e+15 -3.674407e+16 -3.411150e+16 -1.112264e+16 -8.017588e+15  2.609391e+16 3.105053e+15 -5.325173e+16  8.403693e+00 -4.900106e-01     261     38    -49
-44.612085 -27.049867 28.338048 8.755920e+16 5.261568 -1.658645e+16 8.035516e+14 -3.415862e+16 -5.047351e+16 -2.694190e+16 -3.256534e+16  1.790816e+16 -5.623441e+15 -1.099808e+17  -3.184556e+00 -1.628300e-01     254     40    -65
-48.516802 -22.009942 29.473256 7.248815e+16 5.206878 -1.795767e+16 1.274165e+16 -3.539979e+16 -4.342688e+16 -1.581825e+16 -2.150211e+16  2.192477e+16 -5.683865e+15 -8.074725e+16  -3.857369e+00 -2.715234e-01     264     47    -56
-54.713835 -18.521370 26.764794 6.667262e+16 5.182665 -1.595988e+16 7.377708e+15 -3.954218e+16 -3.821678e+16 -1.366194e+16 -1.639550e+16  2.182128e+16 -2.733558e+15 -6.827423e+16  -7.982738e+00 -3.196122e-01     261     41    -50
-56.792421 -18.910450 24.297129 7.523322e+16 5.217640 -1.862163e+16 1.287368e+16 -4.274966e+16 -4.121165e+16 -1.819569e+16 -1.898507e+16  2.222658e+16 -7.893755e+14 -7.839241e+16  -2.815717e+01 -2.835297e-01     259     43    -51
-50.293220 -23.140336 26.566444 7.801967e+16 5.228169 -1.731029e+16 1.390632e+16 -3.609712e+16 -4.635864e+16 -1.895726e+16 -2.454520e+16  2.181344e+16 -5.587940e+15 -8.986111e+16  -3.903664e+00 -2.427462e-01     264     47    -58
-50.674174 -21.097811 28.228015 7.298002e+16 5.208836 -1.662619e+16 2.545330e+15 -4.485287e+16 -3.904746e+16 -1.576811e+16 -2.069386e+16  1.835360e+16 -4.925749e+15 -7.550942e+16  -3.726052e+00 -2.430637e-01     256     36    -50
-55.811540 -17.611958 26.576501 6.619103e+16 5.180566 -1.509970e+16 8.607093e+15 -3.750766e+16 -3.982928e+16 -1.365586e+16 -1.539669e+16  2.443258e+16 -1.740832e+15 -6.888183e+16  -1.403500e+01 -3.547029e-01     264     44    -52
-49.319415 -20.762328 29.918256 7.044137e+16 5.198585 -1.516540e+16 5.980282e+15 -3.616904e+16 -4.415214e+16 -1.467868e+16 -1.957998e+16  2.457216e+16 -4.901302e+15 -7.841080e+16  -5.013393e+00 -3.133772e-01     265     43    -56
-50.377489 -19.468598 30.153912 6.672007e+16 5.182871 -1.700155e+16 1.122366e+16 -3.497142e+16 -4.055627e+16 -1.337850e+16 -1.726591e+16  2.329037e+16 -3.887408e+15 -7.120068e+16  -5.991234e+00 -3.271088e-01     265     46    -54
-53.706558 -20.248587 26.044856 6.550366e+16 5.177544 -1.580876e+16 1.106776e+16 -3.549567e+16 -3.818562e+16 -1.391800e+16 -1.779614e+16  2.038948e+16 -3.878132e+15 -6.989976e+16  -5.257553e+00 -2.916960e-01     264     45    -53
-51.872662 -15.714249 32.413088 5.945736e+16 5.149504 -1.736976e+16 1.113257e+16 -3.324024e+16 -3.522182e+16 -1.162132e+16 -1.210139e+16  2.312044e+16 -4.800680e+14 -5.894453e+16  -4.816076e+01 -3.922406e-01     264     46    -51
-41.623554 -23.047606 35.328839 6.901638e+16 5.192668 -1.613821e+16 3.463991e+15 -3.314363e+16 -4.386423e+16 -1.364085e+16 -2.135151e+16  2.251271e+16 -7.710663e+15 -7.885658e+16  -2.919686e+00 -2.854893e-01     264     42    -57
-59.250984 -19.545490 21.203525 7.473761e+16 5.215726 -1.456599e+16 5.040261e+15 -4.846409e+16 -3.988099e+16 -1.511298e+16 -1.962572e+16  2.025527e+16 -4.512742e+15 -7.461969e+16  -4.488461e+00 -2.714467e-01     257     36    -48
-57.890833 -20.539172 21.569995 7.788082e+16 5.227654 -1.677049e+16 8.384582e+15 -4.853816e+16 -4.175263e+16 -1.587502e+16 -2.159932e+16  2.015331e+16 -5.724302e+15 -7.922697e+16  -3.520658e+00 -2.543743e-01     259     39    -48
-55.898099 -24.004151 20.097750 8.162344e+16 5.241243 -1.734375e+16 2.066316e+16 -3.988581e+16 -4.530183e+16 -1.879083e+16 -2.692119e+16  1.838064e+16 -8.130359e+15 -9.101385e+16  -2.260742e+00 -2.019544e-01     267     50    -56
-65.462033 -15.083516 19.454451 7.132881e+16 5.202210 -1.759384e+16 1.296946e+16 -4.838012e+16 -3.784165e+16 -1.105100e+16 -1.407384e+16  2.376781e+16 -3.022841e+15 -6.296649e+16  -7.862738e+00 -3.774675e-01     262     41    -43
-53.505263 -25.063311 21.431427 8.087886e+16 5.238590 -1.606883e+16 1.622904e+16 -3.794973e+16 -4.608235e+16 -1.958595e+16 -2.792681e+16  1.815555e+16 -8.340855e+15 -9.359511e+16  -2.176701e+00 -1.939797e-01     265     48    -58
-53.534518 -23.105229 23.360253 7.256675e+16 5.207192 -1.529058e+16 7.824963e+15 -4.069103e+16 -4.111657e+16 -1.496942e+16 -2.287640e+16  1.824017e+16 -7.906989e+15 -7.896239e+16  -2.306841e+00 -2.309982e-01     263     42    -52
-52.636818 -22.004108 25.359074 6.963971e+16 5.195271 -1.430225e+16 6.213129e+15 -3.772636e+16 -4.116972e+16 -1.499209e+16 -2.075773e+16  2.041198e+16 -5.765641e+15 -7.691954e+16  -3.540279e+00 -2.653680e-01     263     42    -54
-54.073798 -15.477088 30.449114 6.270654e+16 5.164909 -1.689925e+16 9.912514e+15 -3.840139e+16 -3.871111e+16 -7.331555e+15 -1.258268e+16  2.612843e+16 -5.251125e+15 -5.862535e+16  -4.975778e+00 -4.456849e-01     269     46    -48
-48.816584 -27.821709 23.361707 9.180254e+16 5.275270 -1.676262e+16 5.143263e+15 -4.481944e+16 -5.095376e+16 -2.231685e+16 -3.540273e+16  1.555103e+16 -1.308588e+16 -1.086733e+17  -1.188383e+00 -1.430988e-01     260     40    -57
-61.295032 -15.999099 22.705869 6.993281e+16 5.196487 -1.776016e+16 1.316259e+16 -4.293978e+16 -3.757998e+16 -1.549450e+16 -1.468510e+16  2.289488e+16 8.094028e+14 -6.775958e+16  2.828614e+01 -3.378840e-01     259     42    -48
-48.617078 -26.771489 24.611433 7.728484e+16 5.225430 -1.494621e+16 5.214611e+15 -3.621955e+16 -4.314627e+16 -2.074477e+16 -2.855992e+16  1.458634e+16 -7.815151e+15 -9.245097e+16  -1.866419e+00 -1.577738e-01     258     41    -59
-49.994829 -24.402831 25.602339 8.758722e+16 5.261660 -1.706158e+16 1.925109e+15 -4.504386e+16 -4.707883e+16 -2.548100e+16 -2.923988e+16  1.783895e+16 -3.758871e+15 -1.017997e+17  -4.745826e+00 -1.752358e-01     252     37    -58
-59.922443 -17.563287 22.514270 7.197348e+16 5.204815 -1.756025e+16 1.148942e+16 -4.605925e+16 -4.042045e+16 -1.095832e+16 -1.676347e+16  2.365698e+16 -5.805157e+15 -6.814224e+16  -4.075166e+00 -3.471705e-01     265     43    -46
-50.748672 -21.350898 27.900430 7.268444e+16 5.207661 -1.422884e+16 -1.118083e+15 -4.188061e+16 -4.063765e+16 -1.752367e+16 -2.089200e+16  1.974565e+16 -3.368337e+15 -7.905332e+16  -5.862136e+00 -2.497763e-01     256     35    -54
-48.397595 -20.367400 31.235006 7.511002e+16 5.217165 -1.595173e+16 -8.778612e+14 -4.247445e+16 -4.431754e+16 -1.637416e+16 -2.040242e+16  2.391512e+16 -4.028259e+15 -8.109411e+16  -5.936838e+00 -2.949058e-01     260     37    -54
-52.298356 -23.915456 23.786188 7.978142e+16 5.234634 -1.606899e+16 7.927305e+15 -4.171676e+16 -4.569511e+16 -1.856839e+16 -2.610770e+16  1.958742e+16 -7.539307e+15 -9.037121e+16  -2.598039e+00 -2.167440e-01     261     42    -55
-48.569923 -20.101312 31.328765 7.260838e+16 5.207358 -1.822758e+16 4.576694e+15 -4.013664e+16 -3.989112e+16 -1.939585e+16 -1.943560e+16  2.045552e+16 -3.974419e+13 -7.872257e+16  -5.146796e+02 -2.598432e-01     255     38    -54
-49.006229 -19.795165 31.198606 6.952429e+16 5.194791 -1.642295e+16 3.309435e+15 -4.103725e+16 -4.177838e+16 -1.162994e+16 -1.830002e+16  2.347836e+16 -6.670085e+15 -7.170834e+16  -3.519949e+00 -3.274146e-01     264     40    -50
-53.278618 -20.145132 26.576250 7.490713e+16 5.216382 -1.631495e+16 6.282626e+15 -4.171911e+16 -4.379891e+16 -1.699435e+16 -2.022307e+16  2.357584e+16 -3.228715e+15 -8.101633e+16  -7.301928e+00 -2.910011e-01     261     41    -53
-54.510082 -12.771020 32.718898 6.622585e+16 5.180718 -1.833624e+16 6.550234e+15 -4.269445e+16 -3.896405e+16 -1.006014e+16 -1.072493e+16  2.823911e+16 -6.647907e+14 -5.974912e+16  -4.247820e+01 -4.726281e-01     264     41    -46
-51.397335 -18.621351 29.981314 7.027052e+16 5.197882 -1.725006e+16 6.775825e+15 -3.925460e+16 -4.136076e+16 -1.566301e+16 -1.731415e+16  2.404661e+16 -1.651134e+15 -7.433792e+16  -1.456370e+01 -3.234771e-01     261     41    -53
-52.664958 -22.629587 24.705455 8.094658e+16 5.238832 -1.747461e+16 8.975447e+15 -4.271766e+16 -4.587724e+16 -1.987268e+16 -2.490357e+16  2.097367e+16 -5.030881e+15 -9.065349e+16  -4.168986e+00 -2.313609e-01     260     42    -55
-54.277741 -17.823170 27.899089 7.420090e+16 5.213639 -1.630528e+16 2.162959e+15 -4.737374e+16 -3.941320e+16 -1.728703e+16 -1.746203e+16  2.195116e+16 -1.750075e+14 -7.416225e+16  -1.254299e+02 -2.959883e-01     254     34    -50
-48.579055 -24.193994 27.226951 8.816395e+16 5.263561 -1.822933e+16 3.461523e+15 -4.442256e+16 -4.957356e+16 -2.360680e+16 -2.909910e+16  2.047447e+16 -5.492302e+15 -1.022795e+17  -3.727848e+00 -2.001816e-01     256     39    -57
-48.096230 -23.038413 28.865357 8.100614e+16 5.239045 -1.560180e+16 -2.198049e+15 -4.305804e+16 -4.638331e+16 -2.024829e+16 -2.528722e+16  2.109609e+16 -5.038923e+15 -9.191882e+16  -4.186627e+00 -2.295079e-01     257     36    -57
-52.773474 -21.016034 26.210492 7.140145e+16 5.202505 -1.472948e+16 4.092463e+15 -3.781535e+16 -4.069470e+16 -1.939897e+16 -2.020969e+16  2.048501e+16 -8.107174e+14 -8.030335e+16  -2.526776e+01 -2.550954e-01     256     39    -56
-53.894383 -20.426720 25.678897 7.114163e+16 5.201449 -1.734779e+16 1.047709e+16 -4.005007e+16 -4.015239e+16 -1.549675e+16 -1.952455e+16  2.062785e+16 -4.027794e+15 -7.517369e+16  -5.121376e+00 -2.744025e-01     261     43    -51
-52.496875 -19.987445 27.515680 7.459554e+16 5.215175 -1.697790e+16 4.601223e+15 -4.418386e+16 -4.181620e+16 -1.644034e+16 -1.994174e+16  2.187446e+16 -3.501399e+15 -7.819828e+16  -6.247349e+00 -2.797307e-01     259     38    -51
-50.039898 -25.469217 24.490885 8.382963e+16 5.248965 -1.633188e+16 9.005615e+15 -3.681595e+16 -4.809389e+16 -2.387573e+16 -2.935772e+16  1.873617e+16 -5.481989e+15 -1.013273e+17  -3.417769e+00 -1.849074e-01     258     43    -60
-56.610055 -18.261779 25.128165 6.524209e+16 5.176385 -1.545860e+16 8.472211e+15 -3.953555e+16 -3.762737e+16 -1.193131e+16 -1.582413e+16  2.180325e+16 -3.892817e+15 -6.538281e+16  -5.600891e+00 -3.334706e-01     264     42    -49
-54.659093 -18.310971 27.029936 6.470206e+16 5.173979 -1.631260e+16 1.098967e+16 -3.497731e+16 -3.706776e+16 -1.575245e+16 -1.570571e+16  2.136205e+16 4.674140e+13 -6.852592e+16  4.570264e+02 -3.117368e-01     260     44    -53
-58.302240 -17.266110 24.431650 6.573698e+16 5.178573 -1.646926e+16 1.110832e+16 -3.924584e+16 -3.673827e+16 -1.383284e+16 -1.499422e+16  2.174404e+16 -1.161384e+15 -6.556533e+16  -1.872253e+01 -3.316393e-01     261     43    -50
-51.045231 -20.502224 28.452544 7.773261e+16 5.227102 -1.757225e+16 5.127482e+15 -4.241296e+16 -4.471754e+16 -1.917489e+16 -2.134847e+16  2.336907e+16 -2.173577e+15 -8.524090e+16  -1.075144e+01 -2.741533e-01     258     40    -54
-50.731171 -21.726295 27.542534 7.872138e+16 5.230762 -1.725720e+16 4.191310e+15 -4.291552e+16 -4.398863e+16 -2.031234e+16 -2.307717e+16  2.091146e+16 -2.764826e+15 -8.737813e+16  -7.563391e+00 -2.393214e-01     256     38    -55
-55.670992 -20.448392 23.880616 7.739570e+16 5.225845 -1.619806e+16 7.049172e+15 -4.458269e+16 -4.401598e+16 -1.744143e+16 -2.130881e+16  2.270717e+16 -3.867375e+15 -8.276621e+16  -5.871469e+00 -2.743531e-01     260     40    -52
-56.436584 -18.150994 25.412422 7.144869e+16 5.202696 -1.485738e+16 3.072094e+15 -4.505048e+16 -3.946491e+16 -1.538069e+16 -1.720749e+16  2.225743e+16 -1.826792e+15 -7.205309e+16  -1.218389e+01 -3.089032e-01     257     36    -50
-62.031057 -17.549831 20.419112 7.071032e+16 5.199689 -1.625446e+16 1.283084e+16 -4.237242e+16 -3.859824e+16 -1.606394e+16 -1.648790e+16  2.211034e+16 -4.239554e+14 -7.115008e+16  -5.215251e+01 -3.107564e-01     260     43    -50
-44.257251 -23.429735 32.313014 7.486815e+16 5.216231 -1.847888e+16 1.429741e+16 -3.103477e+16 -4.579169e+16 -1.811091e+16 -2.369224e+16  2.209945e+16 -5.581332e+15 -8.759485e+16  -3.959530e+00 -2.522916e-01     263     48    -60
-56.267088 -16.379513 27.353399 6.632044e+16 5.181132 -1.642412e+16 7.419438e+15 -4.127999e+16 -3.817466e+16 -1.210834e+16 -1.422242e+16  2.395224e+16 -2.114081e+15 -6.450543e+16  -1.132986e+01 -3.713213e-01     262     41    -48
-48.412497 -19.608527 31.978976 6.750064e+16 5.186239 -1.708248e+16 5.808138e+15 -3.726493e+16 -4.018354e+16 -1.408997e+16 -1.756297e+16  2.262057e+16 -3.473000e+15 -7.183647e+16  -6.513266e+00 -3.148898e-01     262     41    -53
-53.777154 -17.358115 28.864731 6.719808e+16 5.184938 -1.727295e+16 9.790776e+15 -3.850631e+16 -3.971437e+16 -1.335086e+16 -1.533915e+16  2.437523e+16 -1.988288e+15 -6.840438e+16  -1.225940e+01 -3.563401e-01     263     44    -51
-45.858943 -18.862649 35.278407 7.294788e+16 5.208708 -1.724177e+16 4.998397e+15 -3.347949e+16 -4.665875e+16 -1.855517e+16 -1.809528e+16  2.856347e+16 4.598940e+14 -8.330921e+16  6.210882e+01 -3.428610e-01     261     42    -60
-46.254923 -24.058546 29.686531 8.036647e+16 5.236750 -1.806987e+16 7.825471e+15 -3.738820e+16 -4.794816e+16 -1.976463e+16 -2.627788e+16  2.167028e+16 -6.513250e+15 -9.399066e+16  -3.327107e+00 -2.305577e-01     261     43    -58
-55.839802 -17.663051 26.497147 7.338982e+16 5.210457 -1.736916e+16 5.613371e+15 -4.769943e+16 -3.931491e+16 -1.466964e+16 -1.712770e+16  2.218721e+16 -2.458052e+15 -7.111225e+16  -9.026340e+00 -3.120027e-01     257     37    -47
-57.258419 -14.595901 28.145680 6.774480e+16 5.187284 -1.795034e+16 8.672699e+15 -4.275566e+16 -3.722915e+16 -1.424047e+16 -1.277809e+16  2.445106e+16 1.462382e+15 -6.424771e+16  1.672002e+01 -3.805748e-01     259     40    -48
-47.385260 -26.660326 25.954413 8.110236e+16 5.239389 -1.742452e+16 1.243373e+16 -3.500297e+16 -4.634466e+16 -2.101199e+16 -2.978869e+16  1.655597e+16 -8.776701e+15 -9.714535e+16  -1.886355e+00 -1.704247e-01     261     45    -59
-49.767242 -23.666360 26.566398 8.128423e+16 5.240038 -1.681999e+16 1.037790e+16 -3.812138e+16 -4.887744e+16 -1.961840e+16 -2.621055e+16  2.266690e+16 -6.592142e+15 -9.470639e+16  -3.438472e+00 -2.393386e-01     263     45    -58
-46.806293 -20.807035 32.386673 6.333611e+16 5.167801 -1.674845e+16 1.195979e+16 -2.818479e+16 -3.784266e+16 -1.651258e+16 -1.758637e+16  2.025628e+16 -1.073793e+15 -7.194161e+16  -1.886423e+01 -2.815656e-01     260     47    -58
-50.924230 -20.718947 28.356823 7.662066e+16 5.222931 -1.723735e+16 3.939127e+15 -4.279929e+16 -4.293675e+16 -1.931909e+16 -2.129184e+16  2.164491e+16 -1.972747e+15 -8.354767e+16  -1.097196e+01 -2.590725e-01     256     38    -54
-62.526603 -13.094100 24.379297 6.808296e+16 5.188726 -1.715831e+16 8.347655e+15 -4.785787e+16 -3.656535e+16 -9.675637e+15 -1.144224e+16  2.512311e+16 -1.766599e+15 -5.768322e+16  -1.422118e+01 -4.355359e-01     261     38    -42
-49.988703 -17.426593 32.584704 6.739788e+16 5.185797 -1.692477e+16 3.410821e+15 -4.044373e+16 -3.966823e+16 -1.293601e+16 -1.537615e+16  2.429208e+16 -2.440140e+15 -6.798040e+16  -9.955198e+00 -3.573394e-01     261     39    -50
-54.046362 -24.232350 21.721287 8.180981e+16 5.241904 -1.639250e+16 8.577783e+15 -4.407176e+16 -4.455425e+16 -2.024391e+16 -2.721988e+16  1.733437e+16 -6.975968e+15 -9.201804e+16  -2.484870e+00 -1.883801e-01     258     41    -54
-53.873985 -21.215698 24.910318 7.258709e+16 5.207273 -1.536035e+16 7.517547e+15 -3.909039e+16 -4.210062e+16 -1.729719e+16 -2.079256e+16  2.130806e+16 -3.495377e+15 -8.019037e+16  -6.096069e+00 -2.657184e-01     261     42    -54
-50.510348 -21.933651 27.556000 7.311656e+16 5.209377 -1.618966e+16 1.214039e+16 -3.311472e+16 -4.405653e+16 -1.896586e+16 -2.165949e+16  2.239704e+16 -2.693626e+15 -8.468188e+16  -8.314831e+00 -2.644845e-01     262     46    -59
-54.371990 -19.283491 26.344519 7.071764e+16 5.199718 -1.732637e+16 1.223692e+16 -3.771056e+16 -4.085375e+16 -1.672996e+16 -1.819432e+16  2.265943e+16 -1.464367e+15 -7.577803e+16  -1.547388e+01 -2.990237e-01     262     45    -54
-57.262434 -17.162855 25.574711 6.772207e+16 5.187187 -1.621733e+16 9.535262e+15 -3.786613e+16 -3.717953e+16 -1.895309e+16 -1.532554e+16  2.185399e+16 3.627546e+15 -7.145815e+16  6.024455e+00 -3.058292e-01     255     41    -54
-50.513695 -22.970553 26.515753 7.680272e+16 5.223618 -1.727480e+16 5.642261e+15 -4.280763e+16 -4.210862e+16 -1.824299e+16 -2.396917e+16  1.813946e+16 -5.726178e+15 -8.432078e+16  -3.167812e+00 -2.151244e-01     257     39    -53
-48.259150 -25.388936 26.351914 9.031490e+16 5.270540 -1.919933e+16 7.287553e+15 -4.365897e+16 -5.061374e+16 -2.392666e+16 -3.145048e+16  1.916325e+16 -7.523820e+15 -1.059909e+17  -2.547011e+00 -1.808010e-01     257     41    -57
-46.150699 -17.330334 36.518967 7.214578e+16 5.205507 -1.990950e+16 1.414478e+15 -4.660309e+16 -4.108885e+16 -1.062866e+16 -1.626440e+16  2.482446e+16 -5.635740e+15 -6.798190e+16  -4.404826e+00 -3.651627e-01     262     37    -46
-55.937884 -19.611567 24.450549 8.511287e+16 5.253363 -1.911516e+16 7.333905e+15 -5.590536e+16 -4.122282e+16 -2.031798e+16 -2.235934e+16  1.886348e+16 -2.041361e+15 -8.390014e+16  -9.240636e+00 -2.248325e-01     250     33    -48
-48.109286 -22.360861 29.529853 7.998888e+16 5.235386 -1.726426e+16 1.360377e+15 -4.186337e+16 -4.517754e+16 -2.146520e+16 -2.414214e+16  2.103540e+16 -2.676945e+15 -9.078488e+16  -7.857989e+00 -2.317060e-01     255     38    -57
-47.001613 -27.414181 25.584206 8.708021e+16 5.259980 -1.774376e+16 1.187595e+16 -3.507636e+16 -4.953313e+16 -2.448782e+16 -3.297060e+16  1.656253e+16 -8.482777e+15 -1.069915e+17  -1.952490e+00 -1.548023e-01     259     45    -62
-60.638689 -16.974450 22.386861 7.414389e+16 5.213417 -1.786979e+16 1.186200e+16 -4.584611e+16 -3.935676e+16 -1.718439e+16 -1.662997e+16  2.272679e+16 5.544160e+14 -7.317112e+16  4.099231e+01 -3.105979e-01     257     40    -49
-57.477508 -19.796332 22.726160 7.570418e+16 5.219447 -1.691603e+16 7.985893e+15 -4.764730e+16 -3.962414e+16 -1.659414e+16 -2.013231e+16  1.949183e+16 -3.538171e+15 -7.635059e+16  -5.509014e+00 -2.552938e-01     256     37    -48
-50.356943 -21.345841 28.297216 7.611563e+16 5.221016 -1.779310e+16 6.570808e+15 -3.908722e+16 -4.205693e+16 -2.212860e+16 -2.186148e+16  2.019545e+16 2.671185e+14 -8.604701e+16  7.560482e+01 -2.347025e-01     254     40    -57
-54.898927 -22.698556 22.402518 8.334528e+16 5.247287 -1.775741e+16 8.672773e+15 -4.806935e+16 -4.462873e+16 -1.956130e+16 -2.579233e+16  1.883641e+16 -6.231027e+15 -8.998236e+16  -3.023002e+00 -2.093344e-01     257     39    -51
-60.351246 -22.123048 17.525706 7.769796e+16 5.226973 -1.620277e+16 1.341199e+16 -4.542052e+16 -4.116445e+16 -1.728222e+16 -2.347959e+16  1.768486e+16 -6.197368e+15 -8.192627e+16  -2.853608e+00 -2.158631e-01     260     42    -50
-49.328355 -24.099090 26.572555 7.365925e+16 5.211518 -1.598627e+16 1.219479e+16 -3.424832e+16 -4.392134e+16 -1.704194e+16 -2.422736e+16  1.969398e+16 -7.185420e+15 -8.519064e+16  -2.740825e+00 -2.311754e-01     264     47    -58
-58.152633 -15.725917 26.121450 6.179498e+16 5.160669 -1.391250e+16 3.206698e+15 -4.284842e+16 -3.373364e+16 -9.285164e+15 -1.268584e+16  2.104780e+16 -3.400678e+15 -5.570465e+16  -6.189295e+00 -3.778464e-01     260     36    -44
-47.856249 -20.664955 31.478796 7.241675e+16 5.206593 -1.658790e+16 7.848686e+15 -3.452512e+16 -4.530192e+16 -1.706461e+16 -1.998193e+16  2.531999e+16 -2.917319e+15 -8.234847e+16  -8.679197e+00 -3.074737e-01     263     44    -58
-51.336253 -22.298638 26.365109 7.751922e+16 5.226306 -1.689389e+16 2.826061e+15 -4.874309e+16 -4.230737e+16 -1.312167e+16 -2.341958e+16  1.888778e+16 -1.029791e+16 -7.884862e+16  -1.834137e+00 -2.395449e-01     261     37    -47
-52.217858 -24.110575 23.671566 8.083794e+16 5.238443 -1.768673e+16 9.669307e+15 -4.342527e+16 -4.448671e+16 -1.886160e+16 -2.669312e+16  1.779359e+16 -7.831517e+15 -9.004143e+16  -2.272049e+00 -1.976156e-01     260     42    -53
-52.653331 -22.474056 24.872613 7.106389e+16 5.201133 -1.721172e+16 1.067466e+16 -3.857528e+16 -3.854601e+16 -1.721767e+16 -2.169358e+16  1.685243e+16 -4.475905e+15 -7.745725e+16  -3.765145e+00 -2.175707e-01     259     42    -52
-50.444107 -22.883676 26.672217 7.199266e+16 5.204892 -1.703035e+16 1.118842e+16 -3.675780e+16 -4.167892e+16 -1.608068e+16 -2.237034e+16  1.930858e+16 -6.289662e+15 -8.012994e+16  -3.069892e+00 -2.409659e-01     263     45    -54
-43.613255 -24.350086 32.036659 7.857086e+16 5.230208 -1.916804e+16 2.952026e+15 -4.260853e+16 -4.461188e+16 -1.615790e+16 -2.594395e+16  1.866793e+16 -9.786042e+15 -8.671373e+16  -1.907608e+00 -2.152823e-01     260     39    -53
-55.433154 -16.744503 27.822343 6.724514e+16 5.185141 -1.728962e+16 9.778729e+15 -3.926075e+16 -3.864440e+16 -1.442289e+16 -1.476877e+16  2.387563e+16 -3.458828e+14 -6.783605e+16  -6.902808e+01 -3.519607e-01     261     43    -51
-53.040354 -17.906790 29.052856 6.926021e+16 5.193689 -1.602738e+16 3.185698e+15 -4.284299e+16 -3.949964e+16 -1.375773e+16 -1.636067e+16  2.313897e+16 -2.602936e+15 -6.961804e+16  -8.889566e+00 -3.323704e-01     260     38    -50
-52.901165 -20.584621 26.514214 7.435100e+16 5.214225 -1.768251e+16 6.490660e+15 -4.460406e+16 -3.947441e+16 -1.742490e+16 -2.055977e+16  1.891464e+16 -3.134873e+15 -7.745907e+16  -6.033622e+00 -2.441888e-01     256     38    -50
-47.075866 -26.673869 26.250265 8.163832e+16 5.241296 -1.634743e+16 1.018908e+16 -3.686829e+16 -4.845137e+16 -1.849026e+16 -2.999095e+16  1.846042e+16 -1.150069e+16 -9.693258e+16  -1.605158e+00 -1.904460e-01     264     45    -58
-54.630580 -21.097335 24.272085 7.031983e+16 5.198085 -1.572413e+16 7.693784e+15 -4.138330e+16 -3.978342e+16 -1.382511e+16 -2.003322e+16  1.975021e+16 -6.208110e+15 -7.364174e+16  -3.181356e+00 -2.681931e-01     262     41    -50
-53.047240 -18.825582 28.127178 6.631858e+16 5.181123 -1.561670e+16 5.721465e+15 -3.835677e+16 -3.823949e+16 -1.466400e+16 -1.657831e+16  2.166118e+16 -1.914314e+15 -6.948180e+16  -1.131537e+01 -3.117533e-01     260     40    -52
-49.301543 -25.162874 25.535583 7.269544e+16 5.207705 -1.599315e+16 9.167532e+15 -3.414662e+16 -4.049236e+16 -1.980931e+16 -2.509508e+16  1.539728e+16 -5.285766e+15 -8.539676e+16  -2.912971e+00 -1.803029e-01     258     43    -58
-65.145601 -15.498037 19.356361 7.565105e+16 5.219243 -1.979993e+16 1.638553e+16 -5.014892e+16 -3.739448e+16 -1.512512e+16 -1.538248e+16  2.201199e+16 -2.573650e+14 -6.790208e+16  -8.552831e+01 -3.241726e-01     256     40    -44
-46.786040 -17.153802 36.060159 6.327879e+16 5.167539 -1.767450e+16 5.475537e+15 -3.393368e+16 -3.714236e+16 -1.573382e+16 -1.411480e+16  2.302756e+16 1.619016e+15 -6.699099e+16  1.422318e+01 -3.437411e-01     258     41    -54
-52.893352 -17.320379 29.786269 6.955227e+16 5.194908 -1.583689e+16 1.049715e+15 -4.544294e+16 -3.749887e+16 -1.427365e+16 -1.581983e+16  2.167903e+16 -1.546189e+15 -6.759235e+16  -1.402095e+01 -3.207321e-01     256     34    -48
-45.828088 -23.673192 30.498720 7.887063e+16 5.231310 -1.647224e+16 2.321082e+15 -3.642591e+16 -4.738273e+16 -2.071987e+16 -2.530886e+16  2.207387e+16 -4.588989e+15 -9.341145e+16  -4.810181e+00 -2.363080e-01     259     40    -60
-44.487152 -23.255405 32.257442 7.640712e+16 5.222123 -1.696091e+16 3.599090e+15 -3.524356e+16 -4.671771e+16 -1.901501e+16 -2.398417e+16  2.273354e+16 -4.969166e+15 -8.971689e+16  -4.574920e+00 -2.533920e-01     260     41    -59
-55.163175 -20.026072 24.810753 7.670240e+16 5.223239 -1.641928e+16 4.284990e+15 -4.850716e+16 -4.124960e+16 -1.582782e+16 -2.061423e+16  2.063537e+16 -4.786407e+15 -7.769165e+16  -4.311245e+00 -2.656060e-01     257     36    -49
-52.792933 -22.209468 24.997599 7.331078e+16 5.210145 -1.555034e+16 8.693541e+15 -3.817515e+16 -4.283559e+16 -1.720698e+16 -2.208619e+16  2.074940e+16 -4.879213e+15 -8.212875e+16  -4.252612e+00 -2.526448e-01     262     43    -55
-37.965317 -24.229957 37.804726 7.390771e+16 5.212493 -1.677423e+16 -1.212095e+15 -2.819790e+16 -4.657656e+16 -2.018180e+16 -2.405139e+16  2.252517e+16 -3.869590e+15 -9.080975e+16  -5.821074e+00 -2.480479e-01     257     40    -65
-56.519383 -14.031136 29.449481 6.418946e+16 5.171676 -1.791801e+16 9.179663e+15 -4.198692e+16 -3.793839e+16 -6.946533e+15 -1.157432e+16  2.636407e+16 -4.627787e+15 -5.645925e+16  -5.696908e+00 -4.669576e-01     268     44    -44
-49.399661 -20.806232 29.794107 7.607966e+16 5.220879 -1.719285e+16 4.460606e+15 -4.005133e+16 -4.483176e+16 -1.865637e+16 -2.120016e+16  2.363160e+16 -2.543791e+15 -8.468829e+16  -9.289915e+00 -2.790421e-01     259     40    -56
-53.753773 -19.438126 26.808101 7.197048e+16 5.204803 -1.722748e+16 1.215984e+16 -3.754584e+16 -4.238475e+16 -1.695403e+16 -1.867106e+16  2.371369e+16 -1.717035e+15 -7.800984e+16  -1.381083e+01 -3.039833e-01     263     45    -55
-45.669698 -20.993579 33.336723 6.961570e+16 5.195171 -1.584284e+16 3.074667e+15 -3.574911e+16 -4.367665e+16 -1.431574e+16 -1.949434e+16  2.418232e+16 -5.178598e+15 -7.748673e+16  -4.669665e+00 -3.120833e-01     263     41    -56
-48.550149 -21.317798 30.132053 6.777333e+16 5.187406 -1.645013e+16 7.082304e+15 -3.544042e+16 -4.016492e+16 -1.516733e+16 -1.939025e+16  2.077467e+16 -4.222919e+15 -7.472249e+16  -4.919505e+00 -2.780244e-01     262     43    -54
-53.453653 -19.295168 27.251179 7.199990e+16 5.204921 -1.628063e+16 3.086846e+15 -4.645470e+16 -3.789744e+16 -1.510855e+16 -1.851665e+16  1.938079e+16 -3.408097e+15 -7.152263e+16  -5.686690e+00 -2.709742e-01     256     35    -48
-52.570675 -19.486510 27.942815 7.379157e+16 5.212038 -1.678167e+16 4.530158e+15 -4.394421e+16 -4.243619e+16 -1.497737e+16 -1.916980e+16  2.326638e+16 -4.192435e+15 -7.658336e+16  -5.549611e+00 -3.038047e-01     261     39    -51
-49.835149 -22.689305 27.475546 7.698812e+16 5.224316 -1.742114e+16 6.758915e+15 -3.995539e+16 -4.371399e+16 -1.946583e+16 -2.367555e+16  2.003843e+16 -4.209727e+15 -8.685537e+16  -4.760031e+00 -2.307103e-01     258     41    -55
-53.117026 -18.895567 27.987406 6.870302e+16 5.191351 -1.689035e+16 6.465952e+15 -4.145631e+16 -3.879665e+16 -1.375668e+16 -1.724814e+16  2.154851e+16 -3.491453e+15 -6.980146e+16  -6.171789e+00 -3.087115e-01     261     40    -49
-41.728634 -19.966276 38.305090 6.483130e+16 5.174556 -1.669534e+16 5.102005e+15 -2.978448e+16 -4.178495e+16 -1.468915e+16 -1.704266e+16  2.474229e+16 -2.353504e+15 -7.351676e+16  -1.051296e+01 -3.365531e-01     262     43    -59
-51.292022 -20.600427 28.107551 7.053242e+16 5.198959 -1.871968e+16 1.346090e+16 -3.787700e+16 -4.076558e+16 -1.415450e+16 -1.948220e+16  2.128338e+16 -5.327703e+15 -7.440228e+16  -3.994851e+00 -2.860581e-01     264     46    -52
-61.463442 -9.098171 29.438387 5.717403e+16 5.138166 -1.674277e+16 9.530922e+15 -3.771355e+16 -3.060891e+16 -1.135340e+16 -6.433163e+15  2.417575e+16 4.920235e+15 -4.839548e+16  4.913536e+00 -4.995457e-01     259     40    -45
-58.581251 -23.704803 17.713947 7.555445e+16 5.218873 -1.580418e+16 1.411755e+16 -4.083501e+16 -3.884160e+16 -1.995348e+16 -2.463146e+16  1.421014e+16 -4.677972e+15 -8.342654e+16  -3.037672e+00 -1.703312e-01     257     43    -53
-53.553935 -22.852729 23.593336 7.763190e+16 5.226727 -1.710512e+16 6.438158e+15 -4.748008e+16 -3.993029e+16 -1.699414e+16 -2.417312e+16  1.575717e+16 -7.178984e+15 -8.109755e+16  -2.194903e+00 -1.942990e-01     256     37    -49
-50.837908 -19.728829 29.433263 6.461772e+16 5.173601 -1.499584e+16 1.025522e+16 -3.412734e+16 -4.072084e+16 -1.133060e+16 -1.698566e+16  2.373518e+16 -5.655064e+15 -6.903710e+16  -4.197154e+00 -3.438032e-01     268     47    -54
-48.084479 -20.361661 31.553860 7.367163e+16 5.211567 -1.626437e+16 -1.671530e+15 -4.496843e+16 -4.086656e+16 -1.542303e+16 -1.999657e+16  2.086999e+16 -4.573541e+15 -7.628616e+16  -4.563202e+00 -2.735750e-01     258     35    -51
-51.563676 -20.394923 28.041401 7.451965e+16 5.214881 -1.749394e+16 1.048764e+16 -3.702002e+16 -4.399427e+16 -1.915335e+16 -2.035819e+16  2.363607e+16 -1.204838e+15 -8.350581e+16  -1.961764e+01 -2.830471e-01     260     44    -57
-60.485354 -14.051253 25.463393 6.833531e+16 5.189797 -1.715999e+16 9.131949e+15 -4.417482e+16 -3.758740e+16 -1.361441e+16 -1.239749e+16  2.518991e+16 1.216922e+15 -6.359930e+16  2.069970e+01 -3.960722e-01     259     40    -47
-50.556765 -15.272716 34.170519 6.174573e+16 5.160438 -1.731199e+16 6.206475e+15 -3.751593e+16 -3.694568e+16 -1.019345e+16 -1.214829e+16  2.479740e+16 -1.954834e+15 -5.928742e+16  -1.268517e+01 -4.182573e-01     264     42    -48
-60.222284 -19.492539 20.285178 7.423992e+16 5.213792 -1.666473e+16 1.006222e+16 -4.789154e+16 -3.931679e+16 -1.368839e+16 -1.945316e+16  1.986363e+16 -5.764777e+15 -7.245834e+16  -3.445689e+00 -2.741386e-01     260     39    -46
-47.234917 -21.949022 30.816061 6.812910e+16 5.188922 -1.602093e+16 1.029620e+16 -3.146537e+16 -4.210460e+16 -1.572506e+16 -2.011055e+16  2.199404e+16 -4.385498e+15 -7.794021e+16  -5.015175e+00 -2.821912e-01     264     46    -58
-50.582663 -24.820932 24.596406 7.963436e+16 5.234100 -1.733294e+16 1.197405e+16 -3.532282e+16 -4.387053e+16 -2.393288e+16 -2.711417e+16  1.675636e+16 -3.181284e+15 -9.491758e+16  -5.267170e+00 -1.765359e-01     256     44    -59
-54.013557 -19.926013 26.060431 7.347104e+16 5.210777 -1.639229e+16 8.720447e+15 -3.925525e+16 -4.286008e+16 -1.803876e+16 -1.960847e+16  2.325161e+16 -1.569711e+15 -8.050732e+16  -1.481267e+01 -2.888136e-01     260     42    -55
-55.893255 -24.107261 19.999484 8.052750e+16 5.237329 -1.476657e+16 8.171498e+15 -4.389624e+16 -4.479731e+16 -1.882718e+16 -2.668714e+16  1.811017e+16 -7.859962e+15 -9.031163e+16  -2.304104e+00 -2.005297e-01     261     41    -54
-54.216578 -19.388909 26.394512 7.432194e+16 5.214111 -1.579928e+16 3.781754e+15 -4.315961e+16 -4.152799e+16 -1.858813e+16 -1.923642e+16  2.229157e+16 -6.482905e+14 -7.935254e+16  -3.438516e+01 -2.809182e-01     256     37    -53
-50.295581 -21.565806 28.138613 7.766637e+16 5.226855 -1.593245e+16 2.166893e+15 -4.093362e+16 -4.528973e+16 -1.973205e+16 -2.256535e+16  2.272438e+16 -2.833300e+15 -8.758713e+16  -8.020462e+00 -2.594488e-01     258     39    -56
-51.503538 -14.113689 34.382773 6.631947e+16 5.181127 -1.798844e+16 7.178343e+15 -3.628040e+16 -3.947880e+16 -1.663998e+16 -1.195829e+16  2.752051e+16 4.681698e+15 -6.807707e+16  5.878319e+00 -4.042553e-01     259     42    -54
-56.356833 -18.892935 24.750231 7.350481e+16 5.210911 -1.763668e+16 8.754653e+15 -4.571698e+16 -4.074373e+16 -1.376984e+16 -1.852069e+16  2.222303e+16 -4.750850e+15 -7.303427e+16  -4.677697e+00 -3.042823e-01     261     40    -48
-48.992243 -22.761005 28.246752 7.106576e+16 5.201140 -1.666294e+16 1.110494e+16 -3.298180e+16 -4.180326e+16 -1.822577e+16 -2.190863e+16  1.989462e+16 -3.682867e+15 -8.193765e+16  -5.401939e+00 -2.428020e-01     261     45    -58
-41.466538 -14.103632 44.429830 6.003578e+16 5.152307 -1.709317e+16 4.332123e+15 -2.939444e+16 -4.015914e+16 -1.232011e+16 -1.064617e+16  2.951297e+16 1.673940e+15 -6.312542e+16  1.763084e+01 -4.675291e-01     263     43    -57
-49.031386 -25.622641 25.345972 8.985550e+16 5.269063 -1.900416e+16 7.077663e+15 -4.519066e+16 -4.911586e+16 -2.349915e+16 -3.164179e+16  1.747407e+16 -8.142644e+15 -1.042568e+17  -2.145994e+00 -1.676060e-01     257     40    -56
-51.825233 -21.269109 26.905658 6.997344e+16 5.196655 -1.886548e+16 2.111828e+16 -3.462899e+16 -3.993262e+16 -1.314132e+16 -2.005246e+16  1.988017e+16 -6.911138e+15 -7.312640e+16  -2.876540e+00 -2.718603e-01     268     53    -54
-52.341286 -20.652262 27.006452 7.490542e+16 5.216375 -1.568057e+16 3.897701e+15 -4.420926e+16 -4.458953e+16 -1.315455e+16 -2.077605e+16  2.381348e+16 -7.621502e+15 -7.852013e+16  -3.124513e+00 -3.032787e-01     265     40    -51
-61.754009 -19.504375 18.741617 7.757265e+16 5.226506 -1.791739e+16 1.605987e+16 -4.606376e+16 -4.165573e+16 -1.649530e+16 -2.036788e+16  2.128785e+16 -3.872579e+15 -7.851891e+16  -5.497075e+00 -2.711175e-01     262     44    -49
-47.891979 -19.712633 32.395388 6.136129e+16 5.158630 -1.436159e+16 9.321238e+15 -3.078716e+16 -3.981811e+16 -1.089201e+16 -1.604992e+16  2.376820e+16 -5.157906e+15 -6.676005e+16  -4.608110e+00 -3.560242e-01     268     47    -56
-47.915041 -20.880013 31.204947 7.541502e+16 5.218339 -1.975248e+16 7.392100e+15 -4.021595e+16 -4.161509e+16 -1.995224e+16 -2.105670e+16  2.055839e+16 -1.104459e+15 -8.262403e+16  -1.861399e+01 -2.488186e-01     256     40    -54
-51.440063 -22.798188 25.761750 7.573421e+16 5.219561 -1.640443e+16 6.579892e+15 -4.306229e+16 -4.400041e+16 -1.393272e+16 -2.346213e+16  2.053828e+16 -9.529411e+15 -8.139525e+16  -2.155252e+00 -2.523278e-01     264     42    -51
-54.375656 -17.564929 28.059414 7.150667e+16 5.202931 -1.696622e+16 6.581820e+15 -4.067813e+16 -4.026179e+16 -1.860504e+16 -1.655473e+16  2.370707e+16 2.050316e+15 -7.542157e+16  1.156264e+01 -3.143274e-01     256     39    -53
-57.636193 -15.196993 27.166814 6.657951e+16 5.182260 -1.791502e+16 1.014761e+16 -4.164485e+16 -3.695462e+16 -1.300582e+16 -1.314525e+16  2.380936e+16 -1.394356e+14 -6.310569e+16  -1.707552e+02 -3.772935e-01     261     42    -47
-58.787885 -22.271602 18.940513 7.832915e+16 5.229316 -1.646014e+16 1.263816e+16 -4.497394e+16 -4.212103e+16 -1.767731e+16 -2.381716e+16  1.830387e+16 -6.139854e+15 -8.361550e+16  -2.981157e+00 -2.189052e-01     260     42    -51
-52.968373 -21.444020 25.587607 9.047550e+16 5.271054 -1.796217e+16 1.560146e+15 -5.766943e+16 -4.475253e+16 -2.237709e+16 -2.620465e+16  1.854788e+16 -3.827557e+15 -9.333427e+16  -4.845881e+00 -1.987253e-01     250     32    -51
-58.565613 -19.796396 21.637991 7.042836e+16 5.198532 -1.588918e+16 1.487364e+16 -3.691626e+16 -3.956421e+16 -1.793163e+16 -1.874978e+16  2.081443e+16 -8.181555e+14 -7.624563e+16  -2.544067e+01 -2.729918e-01     262     46    -55
-56.744414 -19.005740 24.249846 6.866513e+16 5.191191 -1.688317e+16 1.057226e+16 -4.159092e+16 -3.868230e+16 -1.244839e+16 -1.742539e+16  2.125692e+16 -4.976999e+15 -6.855608e+16  -4.271031e+00 -3.100661e-01     263     43    -48
-51.590703 -21.427227 26.982070 8.121668e+16 5.239797 -1.902213e+16 6.849167e+15 -4.568244e+16 -4.310163e+16 -2.182427e+16 -2.346346e+16  1.963817e+16 -1.639192e+15 -8.838936e+16  -1.198040e+01 -2.221780e-01     254     38    -53
-51.088836 -23.957467 24.953697 8.790014e+16 5.262693 -2.000666e+16 9.357630e+15 -4.678630e+16 -4.591482e+16 -2.422264e+16 -2.878148e+16  1.713334e+16 -4.558842e+15 -9.891894e+16  -3.758266e+00 -1.732059e-01     254     39    -54
-62.272882 -14.335629 23.391489 7.275966e+16 5.207960 -1.732281e+16 8.967439e+15 -4.898286e+16 -3.994150e+16 -1.232989e+16 -1.352356e+16  2.641793e+16 -1.193676e+15 -6.579495e+16  -2.213158e+01 -4.015192e-01     261     39    -45
-56.925064 -18.927452 24.147484 6.988104e+16 5.196273 -1.553062e+16 7.531983e+15 -4.190016e+16 -3.959541e+16 -1.464669e+16 -1.765489e+16  2.194052e+16 -3.008201e+15 -7.189698e+16  -7.293569e+00 -3.051661e-01     261     41    -50
-52.082841 -23.086214 24.830945 7.359818e+16 5.211278 -1.673989e+16 1.218659e+16 -3.787094e+16 -4.239349e+16 -1.625298e+16 -2.314244e+16  1.925104e+16 -6.889459e+15 -8.178892e+16  -2.794275e+00 -2.353747e-01     264     45    -54
-56.280063 -23.254855 20.465082 8.133283e+16 5.240211 -1.689899e+16 1.186093e+16 -4.384895e+16 -4.384644e+16 -2.071501e+16 -2.589903e+16  1.794741e+16 -5.184024e+15 -9.046048e+16  -3.462062e+00 -1.984006e-01     258     42    -54
-51.919140 -19.236488 28.844372 6.946604e+16 5.194548 -1.610483e+16 5.312205e+15 -3.884833e+16 -4.051895e+16 -1.612426e+16 -1.776959e+16  2.274937e+16 -1.645330e+15 -7.441280e+16  -1.382662e+01 -3.057185e-01     260     40    -53
-54.169310 -16.948250 28.882440 7.464080e+16 5.215351 -1.871377e+16 8.316137e+15 -4.336122e+16 -4.277289e+16 -1.716971e+16 -1.659265e+16  2.618024e+16 5.770630e+14 -7.653524e+16  4.536808e+01 -3.420678e-01     259     41    -52
-55.026210 -20.971593 24.002197 7.092318e+16 5.200559 -1.518016e+16 9.041514e+15 -3.898006e+16 -4.130153e+16 -1.560417e+16 -2.007790e+16  2.122363e+16 -4.473735e+15 -7.698360e+16  -4.744052e+00 -2.756903e-01     263     43    -53
-56.767340 -18.529486 24.703174 7.690194e+16 5.223992 -1.808753e+16 8.841750e+15 -4.793897e+16 -4.340830e+16 -1.376041e+16 -1.896459e+16  2.444372e+16 -5.204178e+15 -7.613330e+16  -4.696941e+00 -3.210647e-01     262     41    -48
-58.091710 -19.754047 22.154242 7.555507e+16 5.218876 -1.691966e+16 1.206589e+16 -4.239731e+16 -4.197434e+16 -1.843855e+16 -2.005668e+16  2.191766e+16 -1.618133e+15 -8.046957e+16  -1.354502e+01 -2.723720e-01     260     43    -52
-48.974849 -22.893444 28.131707 7.995239e+16 5.235254 -1.742277e+16 5.017365e+15 -4.038308e+16 -4.597286e+16 -2.088225e+16 -2.480963e+16  2.116323e+16 -3.927381e+15 -9.166474e+16  -5.388636e+00 -2.308764e-01     258     40    -57
-53.637859 -23.089677 23.272464 7.843743e+16 5.229716 -1.677952e+16 9.239567e+15 -4.358313e+16 -4.422421e+16 -1.665928e+16 -2.471118e+16  1.951303e+16 -8.051895e+15 -8.559467e+16  -2.423409e+00 -2.279702e-01     262     42    -52
-53.476431 -16.187611 30.335959 6.815427e+16 5.189029 -1.940465e+16 1.057280e+16 -4.102440e+16 -3.901094e+16 -1.246941e+16 -1.437350e+16  2.463745e+16 -1.904086e+15 -6.585385e+16  -1.293925e+01 -3.741231e-01     263     43    -48
-48.478038 -25.324172 26.197790 7.244703e+16 5.206714 -1.505665e+16 1.163202e+16 -2.809182e+16 -4.201737e+16 -2.169420e+16 -2.516327e+16  1.685410e+16 -3.469066e+15 -8.887484e+16  -4.858398e+00 -1.896386e-01     258     46    -63
-47.513356 -24.992786 27.493858 8.488793e+16 5.252597 -1.628277e+16 1.422164e+15 -3.905638e+16 -4.902493e+16 -2.394127e+16 -2.901793e+16  2.000700e+16 -5.076665e+15 -1.019841e+17  -3.940973e+00 -1.961776e-01     256     39    -61
-51.680404 -20.932979 27.386617 7.095251e+16 5.200678 -1.444736e+16 5.465923e+15 -3.451522e+16 -4.280626e+16 -1.899598e+16 -1.996638e+16  2.283988e+16 -9.703996e+14 -8.176862e+16  -2.353657e+01 -2.793233e-01     260     42    -59
-45.231236 -19.483372 35.285392 6.135173e+16 5.158585 -1.519106e+16 6.271295e+15 -2.870715e+16 -3.909694e+16 -1.436622e+16 -1.577345e+16  2.332349e+16 -1.407233e+15 -6.923661e+16  -1.657401e+01 -3.368665e-01     262     44    -58
-44.733491 -21.601132 33.665377 7.796158e+16 5.227954 -1.695261e+16 -2.116952e+15 -3.940739e+16 -4.653651e+16 -1.972425e+16 -2.251817e+16  2.401833e+16 -2.793921e+15 -8.877893e+16  -8.596640e+00 -2.705409e-01     257     37    -58
-56.831736 -15.300021 27.868242 6.285880e+16 5.165611 -1.814419e+16 1.349373e+16 -3.751982e+16 -3.591982e+16 -1.085666e+16 -1.249345e+16  2.342637e+16 -1.636789e+15 -5.926993e+16  -1.431239e+01 -3.952488e-01     265     46    -48
-43.331673 -22.523708 34.144620 7.381413e+16 5.212126 -1.914689e+16 2.066646e+16 -2.818234e+16 -4.522466e+16 -1.713875e+16 -2.230807e+16  2.291659e+16 -5.169315e+15 -8.467147e+16  -4.433197e+00 -2.706530e-01     265     52    -61
-53.606252 -21.754670 24.639078 7.862529e+16 5.230408 -1.694573e+16 6.496025e+15 -4.543307e+16 -4.382807e+16 -1.736711e+16 -2.316223e+16  2.066584e+16 -5.795118e+15 -8.435741e+16  -3.566078e+00 -2.449795e-01     259     39    -52
-55.538166 -20.010566 24.451267 7.731363e+16 5.225537 -1.669226e+16 8.416041e+15 -4.334943e+16 -4.438459e+16 -1.810963e+16 -2.076895e+16  2.361563e+16 -2.659329e+15 -8.326317e+16  -8.880297e+00 -2.836264e-01     260     41    -53
-45.353472 -17.160660 37.485868 6.068917e+16 5.155441 -1.565596e+16 4.523550e+15 -3.147015e+16 -3.916893e+16 -1.208047e+16 -1.351324e+16  2.565569e+16 -1.432764e+15 -6.476264e+16  -1.790643e+01 -3.961496e-01     264     43    -55
-50.404326 -21.159707 28.435967 7.603376e+16 5.220704 -1.815915e+16 9.976970e+15 -3.875970e+16 -4.463744e+16 -1.834771e+16 -2.162390e+16  2.301355e+16 -3.276188e+15 -8.460905e+16  -7.024489e+00 -2.719986e-01     261     43    -55
-52.759839 -21.235533 26.004628 7.297086e+16 5.208800 -1.597064e+16 5.119473e+15 -4.109790e+16 -4.010276e+16 -1.859059e+16 -2.089758e+16  1.920518e+16 -2.306986e+15 -7.959093e+16  -8.324792e+00 -2.412986e-01     256     38    -54
-48.191805 -25.858653 25.949542 8.339101e+16 5.247446 -1.687746e+16 6.974600e+15 -3.882499e+16 -4.784129e+16 -2.167636e+16 -2.963677e+16  1.820452e+16 -7.960410e+15 -9.915443e+16  -2.286882e+00 -1.835976e-01     259     42    -58
-55.313042 -22.465661 22.221297 7.923134e+16 5.232631 -1.793689e+16 1.484102e+16 -3.983718e+16 -4.288269e+16 -2.200473e+16 -2.424681e+16  1.863588e+16 -2.242086e+15 -8.913423e+16  -8.311849e+00 -2.090766e-01     258     44    -55
-52.465695 -18.539625 28.994679 6.868204e+16 5.191262 -1.599651e+16 3.230602e+15 -4.308472e+16 -3.946900e+16 -1.188456e+16 -1.686196e+16  2.260705e+16 -4.977395e+15 -6.821552e+16  -4.541944e+00 -3.314062e-01     262     38    -48
-50.286250 -26.783196 22.930554 8.813936e+16 5.263480 -1.663398e+16 4.844707e+15 -4.343344e+16 -4.612393e+16 -2.579969e+16 -3.264864e+16  1.347529e+16 -6.848945e+15 -1.045723e+17  -1.967498e+00 -1.288610e-01     252     38    -58
-53.704738 -21.037023 25.258239 7.580436e+16 5.219829 -1.726173e+16 7.385059e+15 -4.371771e+16 -4.147783e+16 -1.797347e+16 -2.150351e+16  1.997432e+16 -3.530033e+15 -8.095480e+16  -5.658395e+00 -2.467342e-01     258     39    -52
-60.700089 -14.440676 24.859235 6.706670e+16 5.184371 -1.461363e+16 5.053593e+15 -4.406333e+16 -3.786306e+16 -1.278436e+16 -1.254755e+16  2.531551e+16 2.368043e+14 -6.319497e+16  1.069048e+02 -4.005937e-01     260     38    -48
-62.228556 -14.133103 23.638342 6.073073e+16 5.155639 -1.620326e+16 1.273535e+16 -3.817071e+16 -3.417039e+16 -1.022131e+16 -1.110938e+16  2.306101e+16 -8.880709e+14 -5.550107e+16  -2.596753e+01 -4.155057e-01     265     45    -47
-62.364073 -14.258355 23.377573 6.457964e+16 5.173430 -1.710524e+16 1.586898e+16 -4.007580e+16 -3.767132e+16 -8.406598e+15 -1.193200e+16  2.573932e+16 -3.525400e+15 -5.800992e+16  -7.301108e+00 -4.437056e-01     270     50    -48
-45.929503 -20.428153 33.642344 6.759123e+16 5.186627 -1.661918e+16 3.189456e+15 -3.561085e+16 -4.043613e+16 -1.559108e+16 -1.835695e+16  2.207919e+16 -2.765867e+15 -7.438416e+16  -7.982736e+00 -2.968265e-01     260     40    -55
-48.248942 -25.409940 26.341118 7.940697e+16 5.233272 -1.685788e+16 4.756197e+15 -4.078246e+16 -4.370486e+16 -2.002621e+16 -2.767720e+16  1.602767e+16 -7.650990e+15 -9.140827e+16  -2.094849e+00 -1.753416e-01     257     39    -56
-48.315735 -22.551256 29.133008 7.314427e+16 5.209487 -1.674938e+16 9.414991e+15 -3.505171e+16 -4.411684e+16 -1.727289e+16 -2.229505e+16  2.182179e+16 -5.022158e+15 -8.368478e+16  -4.345102e+00 -2.607617e-01     262     44    -57
-54.383446 -18.893839 26.722715 7.404945e+16 5.213048 -1.639838e+16 5.455180e+15 -4.180713e+16 -4.150815e+16 -1.955398e+16 -1.861694e+16  2.289121e+16 9.370399e+14 -7.967906e+16  2.442928e+01 -2.872927e-01     256     39    -54
-53.285447 -22.502243 24.212310 7.611358e+16 5.221008 -1.772357e+16 1.620251e+16 -3.821303e+16 -4.368402e+16 -1.704135e+16 -2.328460e+16  2.039942e+16 -6.243252e+15 -8.400996e+16  -3.267435e+00 -2.428215e-01     265     48    -55
-49.965429 -19.653688 30.380884 6.501104e+16 5.175358 -1.796615e+16 1.493661e+16 -3.273916e+16 -3.842832e+16 -1.346409e+16 -1.699565e+16  2.143267e+16 -3.531560e+15 -6.888806e+16  -6.068895e+00 -3.111231e-01     265     49    -54
-48.216278 -21.671924 30.111797 6.690936e+16 5.183691 -1.651489e+16 9.386449e+15 -3.276545e+16 -3.973449e+16 -1.602496e+16 -1.949475e+16  2.023975e+16 -3.469784e+15 -7.525421e+16  -5.833143e+00 -2.689517e-01     261     44    -56
-58.397267 -16.945111 24.657622 6.389528e+16 5.170346 -1.460385e+16 7.889519e+15 -3.830814e+16 -3.671171e+16 -1.363306e+16 -1.427059e+16  2.244112e+16 -6.375294e+14 -6.461535e+16  -3.520013e+01 -3.473032e-01     261     41    -51
-46.868369 -20.636130 32.495502 6.789863e+16 5.187941 -1.735163e+16 6.384095e+15 -3.377072e+16 -3.952592e+16 -1.808974e+16 -1.867932e+16  2.084659e+16 -5.895822e+14 -7.629498e+16  -3.535825e+01 -2.732368e-01     257     41    -57
-52.465414 -21.546314 25.988272 7.739475e+16 5.225841 -1.823655e+16 1.158796e+16 -3.804966e+16 -4.280282e+16 -2.264733e+16 -2.252355e+16  2.027927e+16 1.237832e+14 -8.797370e+16  1.638289e+02 -2.305152e-01     256     43    -57
-51.726967 -23.092727 25.180306 7.611626e+16 5.221018 -1.726604e+16 1.230432e+16 -3.734522e+16 -4.340129e+16 -1.925841e+16 -2.393196e+16  1.946933e+16 -4.673547e+15 -8.659167e+16  -4.165858e+00 -2.248407e-01     261     45    -56
-41.496898 -24.024234 34.478868 6.882942e+16 5.191883 -1.757376e+16 8.521004e+15 -3.074708e+16 -4.217902e+16 -1.537387e+16 -2.231265e+16  1.986636e+16 -6.938783e+15 -7.986554e+16  -2.863090e+00 -2.487476e-01     262     45    -58
-50.589535 -19.425576 29.984889 6.451712e+16 5.173150 -1.737736e+16 1.566352e+16 -3.059424e+16 -3.795626e+16 -1.540726e+16 -1.665871e+16  2.129755e+16 -1.251447e+15 -7.002224e+16  -1.701834e+01 -3.041541e-01     263     49    -56
-52.577212 -15.019729 32.403058 6.174317e+16 5.160426 -1.637089e+16 9.728207e+15 -3.509916e+16 -3.880822e+16 -1.015390e+16 -1.195520e+16  2.685302e+16 -1.801303e+15 -6.091732e+16  -1.490755e+01 -4.408108e-01     267     46    -51
-53.467086 -17.364111 29.168803 6.885739e+16 5.192000 -1.712997e+16 7.140851e+15 -3.924891e+16 -3.919406e+16 -1.692318e+16 -1.571794e+16  2.347612e+16 1.205243e+15 -7.183517e+16  1.947833e+01 -3.268054e-01     258     40    -53
-62.591150 -8.861847 28.547003 6.302186e+16 5.166361 -1.771208e+16 9.567804e+15 -4.313822e+16 -3.649208e+16 -6.961424e+15 -6.900119e+15  2.959197e+16 6.130496e+13 -5.035363e+16  4.827010e+02 -5.876829e-01     266     43    -43
-56.682694 -18.444267 24.873038 7.154909e+16 5.203103 -1.752331e+16 1.238236e+16 -3.980190e+16 -4.023503e+16 -1.727872e+16 -1.755127e+16  2.268376e+16 -2.725466e+14 -7.506502e+16  -8.322892e+01 -3.021882e-01     260     44    -52
-46.123339 -17.054336 36.822325 6.666387e+16 5.182627 -1.862492e+16 7.149891e+15 -3.402432e+16 -4.066764e+16 -1.601655e+16 -1.475728e+16  2.591036e+16 1.259265e+15 -7.144147e+16  2.057578e+01 -3.626795e-01     260     43    -55
-61.051088 -14.158913 24.789999 7.500253e+16 5.216751 -1.804449e+16 7.966923e+15 -5.102639e+16 -4.096019e+16 -1.255731e+16 -1.373168e+16  2.722851e+16 -1.174373e+15 -6.724918e+16  -2.318558e+01 -4.048898e-01     260     38    -45
-64.206280 -12.181304 23.612416 6.676228e+16 5.183054 -1.873834e+16 1.856152e+16 -4.073966e+16 -3.786139e+16 -1.048525e+16 -1.037353e+16  2.748786e+16 1.117121e+14 -5.872017e+16  2.460598e+02 -4.681161e-01     268     50    -48
-50.315767 -24.447371 25.236863 8.548841e+16 5.254638 -1.761384e+16 6.038441e+15 -4.291506e+16 -4.723433e+16 -2.348774e+16 -2.860852e+16  1.862581e+16 -5.120782e+15 -9.933060e+16  -3.637298e+00 -1.875133e-01     256     40    -57
-56.760834 -15.351596 27.887570 6.454690e+16 5.173284 -1.832728e+16 1.240625e+16 -3.931108e+16 -3.686371e+16 -1.094896e+16 -1.287646e+16  2.398725e+16 -1.927499e+15 -6.068913e+16  -1.244475e+01 -3.952478e-01     264     45    -48
-55.792937 -24.514201 19.692862 8.892567e+16 5.266051 -1.785349e+16 1.150683e+16 -4.824424e+16 -4.627026e+16 -2.346217e+16 -3.002335e+16  1.624690e+16 -6.561181e+15 -9.975578e+16  -2.476216e+00 -1.628668e-01     255     40    -53
-54.593567 -20.650215 24.756218 7.256334e+16 5.207178 -1.734515e+16 1.425246e+16 -3.584642e+16 -4.056790e+16 -2.010768e+16 -2.017730e+16  2.039061e+16 -6.961030e+13 -8.085288e+16  -2.929251e+02 -2.521940e-01     259     45    -56
-50.009131 -19.836779 30.154090 7.382808e+16 5.212181 -1.847187e+16 1.080385e+16 -3.741791e+16 -4.415763e+16 -1.741067e+16 -1.950573e+16  2.465190e+16 -2.095052e+15 -8.107403e+16  -1.176672e+01 -3.040666e-01     262     44    -55
-48.453752 -24.630845 26.915403 9.067603e+16 5.271695 -1.699127e+16 -2.589946e+15 -4.948848e+16 -4.699477e+16 -2.572736e+16 -3.053048e+16  1.646429e+16 -4.803125e+15 -1.032526e+17  -3.427828e+00 -1.594564e-01     250     34    -58
-53.353409 -19.332519 27.314072 7.581062e+16 5.219853 -1.654031e+16 3.640291e+15 -4.326328e+16 -4.093256e+16 -2.148079e+16 -1.953702e+16  2.139555e+16 1.943773e+15 -8.195037e+16  1.100723e+01 -2.610793e-01     252     36    -55
-57.063873 -19.676678 23.259449 7.518475e+16 5.217453 -1.817451e+16 1.050966e+16 -4.631008e+16 -4.007154e+16 -1.563034e+16 -1.984924e+16  2.022230e+16 -4.218901e+15 -7.555113e+16  -4.793262e+00 -2.676637e-01     259     40    -48
-48.111879 -16.281111 35.607009 5.814152e+16 5.143024 -1.557059e+16 7.406833e+15 -3.200220e+16 -3.737068e+16 -9.358710e+15 -1.225008e+16  2.512059e+16 -2.891373e+15 -5.897947e+16  -8.688118e+00 -4.259210e-01     267     45    -52
-52.454927 -19.543381 28.001692 7.055410e+16 5.199048 -1.895534e+16 1.705532e+16 -3.687632e+16 -4.137468e+16 -1.361756e+16 -1.838669e+16  2.298799e+16 -4.769133e+15 -7.337892e+16  -4.820160e+00 -3.132778e-01     266     49    -53
-56.608157 -20.874410 22.517434 7.245855e+16 5.206760 -1.745815e+16 1.359592e+16 -3.985891e+16 -3.887831e+16 -1.813167e+16 -2.043956e+16  1.843875e+16 -2.307892e+15 -7.744953e+16  -7.989434e+00 -2.380744e-01     259     43    -52
-57.132763 -17.698930 25.168307 7.494670e+16 5.216535 -1.882820e+16 1.096729e+16 -4.538175e+16 -4.103260e+16 -1.632940e+16 -1.755677e+16  2.347583e+16 -1.227370e+15 -7.491877e+16  -1.912693e+01 -3.133504e-01     259     41    -49
-55.332068 -15.127607 29.540326 6.447854e+16 5.172977 -1.739902e+16 8.142445e+15 -4.048703e+16 -3.718939e+16 -1.094639e+16 -1.263047e+16  2.455892e+16 -1.684086e+15 -6.076625e+16  -1.458294e+01 -4.041539e-01     263     42    -47
-44.629792 -15.068140 40.302068 6.724150e+16 5.185125 -1.862666e+16 2.452109e+15 -3.665642e+16 -4.172758e+16 -1.475579e+16 -1.291288e+16  2.881471e+16 1.842913e+15 -6.939625e+16  1.563541e+01 -4.152200e-01     260     40    -54
-53.613721 -18.674821 27.711459 6.834211e+16 5.189826 -1.768761e+16 1.564418e+16 -3.675568e+16 -4.100845e+16 -1.221112e+16 -1.694123e+16  2.406722e+16 -4.730113e+15 -7.016080e+16  -5.088087e+00 -3.430295e-01     268     49    -53
-52.741681 -15.773033 31.485286 6.912524e+16 5.193124 -1.789555e+16 8.745420e+15 -3.950712e+16 -4.220961e+16 -1.331030e+16 -1.414485e+16  2.806476e+16 -8.345519e+14 -6.966476e+16  -3.362854e+01 -4.028545e-01     264     44    -52
-51.000220 -17.518479 31.481301 7.171372e+16 5.203768 -1.845252e+16 2.324094e+15 -4.997332e+16 -3.702033e+16 -1.088881e+16 -1.648129e+16  2.053904e+16 -5.592484e+15 -6.439044e+16  -3.672614e+00 -3.189765e-01     259     34    -43
-51.095856 -22.317023 26.587121 8.089355e+16 5.238643 -1.955551e+16 1.128456e+16 -4.084194e+16 -4.407771e+16 -2.281389e+16 -2.445461e+16  1.962309e+16 -1.640724e+15 -9.134621e+16  -1.196002e+01 -2.148211e-01     256     42    -56
-52.083337 -18.035769 29.880895 6.571659e+16 5.178483 -1.625864e+16 7.320124e+15 -3.662502e+16 -3.908681e+16 -1.432438e+16 -1.563094e+16  2.345587e+16 -1.306559e+15 -6.904213e+16  -1.795239e+01 -3.397327e-01     262     42    -53
-57.485651 -19.970316 22.544034 7.861935e+16 5.230386 -1.445962e+16 3.142674e+15 -4.676677e+16 -4.257581e+16 -2.050451e+16 -2.111530e+16  2.146050e+16 -6.107928e+14 -8.419562e+16  -3.513549e+01 -2.548886e-01     254     36    -53
-48.556011 -21.926991 29.516998 6.827456e+16 5.189539 -1.417984e+16 7.264892e+15 -3.308220e+16 -4.324417e+16 -1.444084e+16 -2.016696e+16  2.307720e+16 -5.726128e+15 -7.785197e+16  -4.030159e+00 -2.964242e-01     266     45    -57
-42.019397 -15.350191 42.630412 6.309988e+16 5.166719 -1.758399e+16 5.060519e+15 -3.094966e+16 -4.195679e+16 -1.280012e+16 -1.231909e+16  2.963770e+16 4.810241e+14 -6.707600e+16  6.161375e+01 -4.418525e-01     263     43    -57
-54.683729 -16.640089 28.676182 7.755290e+16 5.226432 -1.702467e+16 2.000314e+15 -5.045033e+16 -3.949499e+16 -1.996643e+16 -1.689754e+16  2.259745e+16 3.068888e+15 -7.635896e+16  7.363400e+00 -2.959371e-01     250     33    -51
-53.576502 -15.873155 30.550344 7.504794e+16 5.216926 -1.755086e+16 7.579942e+14 -5.383184e+16 -3.834118e+16 -1.187096e+16 -1.548347e+16  2.285771e+16 -3.612513e+15 -6.569560e+16  -6.327371e+00 -3.479336e-01     257     32    -43
-50.086135 -24.341525 25.572341 7.952461e+16 5.233701 -1.687179e+16 5.899684e+15 -4.174498e+16 -4.417643e+16 -1.970759e+16 -2.647641e+16  1.770002e+16 -6.768821e+15 -9.036043e+16  -2.614935e+00 -1.958825e-01     258     40    -55
-49.999129 -17.700385 32.300485 6.986535e+16 5.196208 -1.811877e+16 5.813213e+15 -3.906739e+16 -4.027922e+16 -1.702536e+16 -1.622296e+16  2.405626e+16 8.023958e+14 -7.352753e+16  2.998054e+01 -3.271734e-01     258     40    -53
-51.504300 -22.287219 26.208481 7.829514e+16 5.229190 -1.937324e+16 1.116804e+16 -4.187542e+16 -4.236178e+16 -1.995308e+16 -2.364512e+16  1.871665e+16 -3.692045e+15 -8.595998e+16  -5.069454e+00 -2.177368e-01     257     42    -53
-49.158958 -20.012784 30.828258 7.454147e+16 5.214965 -1.701269e+16 1.359185e+15 -4.419824e+16 -4.312931e+16 -1.482720e+16 -1.986955e+16  2.325976e+16 -5.042355e+15 -7.782606e+16  -4.612876e+00 -2.988685e-01     260     38    -51
-53.744416 -15.920424 30.335159 6.679149e+16 5.183181 -1.850282e+16 7.828914e+15 -4.207221e+16 -3.728669e+16 -1.230486e+16 -1.382924e+16  2.345744e+16 -1.524380e+15 -6.342079e+16  -1.538819e+01 -3.698699e-01     261     40    -47
-51.797918 -15.894439 32.307643 7.440404e+16 5.214431 -1.935189e+16 3.204446e+15 -4.980261e+16 -3.881856e+16 -1.505623e+16 -1.533763e+16  2.348093e+16 -2.814041e+14 -6.921242e+16  -8.344204e+01 -3.392589e-01     256     35    -46
-59.920493 -23.058898 17.020609 7.937615e+16 5.233160 -1.399064e+16 1.249360e+16 -4.359311e+16 -4.478927e+16 -1.757361e+16 -2.511791e+16  1.967136e+16 -7.544300e+15 -8.748080e+16  -2.607447e+00 -2.248649e-01     266     45    -54
-46.388055 -18.966370 34.645575 6.744594e+16 5.186004 -1.725952e+16 7.215577e+15 -3.384939e+16 -4.225382e+16 -1.476704e+16 -1.684842e+16  2.540540e+16 -2.081378e+15 -7.386928e+16  -1.220605e+01 -3.439237e-01     263     44    -56
-52.827183 -23.394167 23.778650 7.691683e+16 5.224048 -1.646070e+16 1.206901e+16 -3.705140e+16 -4.367913e+16 -2.047323e+16 -2.456969e+16  1.910944e+16 -4.096458e+15 -8.872205e+16  -4.664868e+00 -2.153854e-01     260     44    -57
-57.129031 -22.229584 20.641385 7.580078e+16 5.219816 -1.547212e+16 8.297590e+15 -4.462042e+16 -4.055617e+16 -1.742987e+16 -2.296442e+16  1.759175e+16 -5.534544e+15 -8.095046e+16  -3.178537e+00 -2.173150e-01     258     39    -51
-46.357884 -23.926679 29.715437 7.745613e+16 5.226071 -1.907901e+16 1.284831e+16 -3.550391e+16 -4.549050e+16 -1.857344e+16 -2.517357e+16  2.031693e+16 -6.600129e+15 -8.923751e+16  -3.078262e+00 -2.276725e-01     262     46    -57
-58.111760 -10.993330 30.894910 6.620863e+16 5.180643 -1.644908e+16 2.335485e+15 -4.856217e+16 -3.589849e+16 -7.698945e+15 -9.125624e+15  2.677287e+16 -1.426679e+15 -5.272306e+16  -1.876586e+01 -5.078018e-01     261     34    -41
-57.662202 -18.218986 24.118812 6.299739e+16 5.166248 -1.633801e+16 1.209975e+16 -3.885302e+16 -3.616495e+16 -8.670129e+15 -1.525670e+16  2.090825e+16 -6.586568e+15 -6.009177e+16  -3.174377e+00 -3.479386e-01     268     46    -47
-51.990549 -21.328641 26.680809 6.789561e+16 5.187928 -1.686287e+16 1.331256e+16 -3.481209e+16 -3.937177e+16 -1.498480e+16 -1.952252e+16  1.984925e+16 -4.537726e+15 -7.387909e+16  -4.374272e+00 -2.686721e-01     264     47    -54
-48.511566 -21.917431 29.571003 7.854524e+16 5.230113 -1.676918e+16 -1.179503e+15 -4.822255e+16 -4.033318e+16 -1.900932e+16 -2.318789e+16  1.714528e+16 -4.178571e+15 -8.253039e+16  -4.103145e+00 -2.077451e-01     252     33    -52
-52.666171 -21.868755 25.465073 7.764853e+16 5.226789 -1.762883e+16 7.265376e+15 -4.315702e+16 -4.057923e+16 -2.184976e+16 -2.298511e+16  1.759412e+16 -1.135350e+15 -8.541409e+16  -1.549666e+01 -2.059862e-01     252     38    -54
-53.076985 -18.824038 28.098978 7.057083e+16 5.199117 -1.606057e+16 4.078613e+15 -4.128828e+16 -3.953639e+16 -1.713475e+16 -1.764030e+16  2.189609e+16 -5.055458e+14 -7.431144e+16  -4.331179e+01 -2.946530e-01     257     38    -52
-46.014057 -16.571030 37.414913 6.718104e+16 5.184864 -1.803249e+16 8.945979e+15 -3.210759e+16 -4.318049e+16 -1.539648e+16 -1.439352e+16  2.878696e+16 1.002959e+15 -7.297049e+16  2.870204e+01 -3.945014e-01     263     45    -57
-48.460576 -22.389682 29.149743 7.822034e+16 5.228913 -1.796535e+16 4.780004e+15 -4.075921e+16 -4.415618e+16 -2.046507e+16 -2.365387e+16  2.050231e+16 -3.188801e+15 -8.827513e+16  -6.429473e+00 -2.322547e-01     257     39    -56
-55.316921 -19.953995 24.729084 6.934256e+16 5.194033 -1.605772e+16 7.880108e+15 -4.167178e+16 -3.902395e+16 -1.354621e+16 -1.856361e+16  2.046034e+16 -5.017399e+15 -7.113376e+16  -4.077878e+00 -2.876319e-01     262     41    -49
-55.078649 -21.442139 23.479212 7.079237e+16 5.200024 -1.485275e+16 8.223612e+15 -3.959959e+16 -4.092454e+16 -1.511319e+16 -2.055032e+16  2.037422e+16 -5.437135e+15 -7.658805e+16  -3.747235e+00 -2.660235e-01     263     42    -53
-53.393050 -22.698065 23.908885 8.063285e+16 5.237708 -1.745138e+16 8.845297e+15 -4.200138e+16 -4.306842e+16 -2.355097e+16 -2.491199e+16  1.815643e+16 -1.361022e+15 -9.153138e+16  -1.334030e+01 -1.983629e-01     254     40    -56
-46.732399 -19.954043 33.313558 7.127824e+16 5.202005 -1.760017e+16 7.480156e+15 -3.533214e+16 -4.435456e+16 -1.599097e+16 -1.887147e+16  2.548309e+16 -2.880500e+15 -7.921699e+16  -8.846759e+00 -3.216872e-01     263     44    -56
-50.021312 -19.554701 30.423987 7.244180e+16 5.206693 -1.645544e+16 1.788269e+15 -4.408570e+16 -4.264273e+16 -1.236158e+16 -1.883160e+16  2.381114e+16 -6.470015e+15 -7.383591e+16  -3.680229e+00 -3.224872e-01     263     38    -49
-56.491495 -19.682887 23.825618 7.220867e+16 5.205760 -1.562270e+16 6.630279e+15 -4.362381e+16 -4.029235e+16 -1.535827e+16 -1.905878e+16  2.123357e+16 -3.700516e+15 -7.470940e+16  -5.738002e+00 -2.842155e-01     260     39    -50
-59.854976 -5.980937 34.164087 5.706076e+16 5.137592 -1.575354e+16 4.370839e+15 -3.989796e+16 -3.317097e+16 -6.792367e+15 -4.086301e+15  2.908467e+16 2.706066e+15 -4.404964e+16  1.074795e+01 -6.602703e-01     264     39    -43
-49.520532 -24.124339 26.355129 8.420788e+16 5.250268 -1.662835e+16 1.967823e+15 -4.328705e+16 -4.673620e+16 -2.294262e+16 -2.773608e+16  1.900012e+16 -4.793458e+15 -9.741491e+16  -3.963761e+00 -1.950433e-01     255     38    -57
-47.462986 -23.631729 28.905285 7.903556e+16 5.231915 -1.776229e+16 7.862515e+15 -3.771013e+16 -4.668803e+16 -1.963375e+16 -2.536835e+16  2.131968e+16 -5.734606e+15 -9.169013e+16  -3.717723e+00 -2.325188e-01     260     43    -58
-47.773687 -19.121409 33.104904 6.583473e+16 5.179003 -1.617753e+16 5.978641e+15 -3.626504e+16 -4.150827e+16 -1.109614e+16 -1.663248e+16  2.487580e+16 -5.536338e+15 -6.923688e+16  -4.493186e+00 -3.592853e-01     266     43    -52
-47.274413 -21.192002 31.533585 6.979920e+16 5.195934 -1.706633e+16 8.324940e+15 -3.550139e+16 -4.284842e+16 -1.443503e+16 -1.980135e+16  2.304707e+16 -5.366326e+15 -7.708480e+16  -4.294757e+00 -2.989833e-01     264     44    -55
-53.061542 -21.864246 25.074212 7.289793e+16 5.208510 -1.524086e+16 1.014604e+16 -3.508473e+16 -4.299604e+16 -1.927776e+16 -2.158372e+16  2.141232e+16 -2.305960e+15 -8.385751e+16  -9.285645e+00 -2.553417e-01     261     44    -58
-50.225121 -22.158598 27.616281 7.523055e+16 5.217629 -1.873233e+16 1.121565e+16 -3.793727e+16 -4.192378e+16 -1.982652e+16 -2.253606e+16  1.938772e+16 -2.709540e+15 -8.428636e+16  -7.155352e+00 -2.300220e-01     258     43    -55
-47.371853 -19.780114 32.848033 6.436188e+16 5.172452 -1.678995e+16 1.265524e+16 -2.961298e+16 -3.974496e+16 -1.492600e+16 -1.688755e+16  2.285740e+16 -1.961548e+15 -7.155851e+16  -1.165274e+01 -3.194225e-01     264     48    -58
-52.861468 -24.181904 22.956628 8.196023e+16 5.242435 -1.535021e+16 3.199701e+15 -4.653806e+16 -4.437416e+16 -1.930388e+16 -2.717254e+16  1.720162e+16 -7.868655e+15 -9.085059e+16  -2.186094e+00 -1.893397e-01     257     37    -53
-51.276025 -20.894569 27.829406 7.847732e+16 5.229863 -1.758745e+16 4.421648e+15 -4.431296e+16 -4.403516e+16 -1.901997e+16 -2.202695e+16  2.200821e+16 -3.006975e+15 -8.508207e+16  -7.319053e+00 -2.586704e-01     257     38    -53
-55.444797 -21.106666 23.448537 8.199656e+16 5.242564 -1.775028e+16 7.694919e+15 -4.934963e+16 -4.536850e+16 -1.667628e+16 -2.339216e+16  2.197634e+16 -6.715882e+15 -8.543693e+16  -3.272295e+00 -2.572230e-01     260     40    -50
-50.739655 -20.061581 29.198764 7.078915e+16 5.200011 -1.813740e+16 1.404032e+16 -3.485449e+16 -4.196532e+16 -1.656800e+16 -1.896145e+16  2.300387e+16 -2.393444e+15 -7.749477e+16  -9.611199e+00 -2.968441e-01     263     47    -56
-54.978369 -17.978049 27.043582 6.777176e+16 5.187399 -1.731641e+16 1.306422e+16 -3.868490e+16 -4.049791e+16 -1.147092e+16 -1.611928e+16  2.437862e+16 -4.648359e+15 -6.808811e+16  -5.244566e+00 -3.580452e-01     267     47    -51
-53.554572 -19.626044 26.819385 7.123175e+16 5.201816 -1.721838e+16 7.146831e+15 -4.259334e+16 -3.956590e+16 -1.507197e+16 -1.867724e+16  2.088866e+16 -3.605270e+15 -7.331511e+16  -5.793925e+00 -2.849162e-01     259     40    -50
-54.509464 -22.243505 23.247031 8.336089e+16 5.247342 -1.679558e+16 4.887140e+15 -4.977429e+16 -4.447404e+16 -1.934612e+16 -2.520541e+16  1.926863e+16 -5.859297e+15 -8.902558e+16  -3.288556e+00 -2.164393e-01     256     37    -51
-46.753279 -21.733681 31.513040 7.565219e+16 5.219248 -1.807437e+16 2.127735e+15 -4.326609e+16 -4.292516e+16 -1.605605e+16 -2.206829e+16  2.085686e+16 -6.012241e+15 -8.104950e+16  -3.469066e+00 -2.573348e-01     259     38    -52
-54.369375 -20.732681 24.897945 7.261862e+16 5.207399 -1.686353e+16 1.012388e+16 -4.081915e+16 -4.152699e+16 -1.543294e+16 -2.027869e+16  2.124830e+16 -4.845751e+15 -7.723863e+16  -4.384933e+00 -2.750993e-01     262     43    -52
-62.600391 -10.506121 26.893489 6.880189e+16 5.191767 -1.772402e+16 8.155172e+15 -4.754683e+16 -3.648498e+16 -1.291235e+16 -9.068696e+15  2.741628e+16 3.843659e+15 -5.846603e+16  7.132861e+00 -4.689267e-01     257     37    -44
-53.967109 -18.020583 28.012308 7.829423e+16 5.229187 -1.742924e+16 3.016643e+15 -4.853137e+16 -4.109837e+16 -2.035709e+16 -1.864911e+16  2.244926e+16 1.707982e+15 -8.010457e+16  1.314373e+01 -2.802494e-01     252     35    -52
-53.315979 -21.333977 25.350043 8.142975e+16 5.240555 -1.801773e+16 6.928029e+15 -4.558020e+16 -4.396872e+16 -2.166533e+16 -2.345749e+16  2.051123e+16 -1.792165e+15 -8.909154e+16  -1.144495e+01 -2.302264e-01     255     38    -54
-48.935158 -20.269538 30.795304 7.769389e+16 5.226958 -1.732111e+16 2.687507e+14 -4.537337e+16 -4.412118e+16 -1.738159e+16 -2.100491e+16  2.311627e+16 -3.623322e+15 -8.250768e+16  -6.379855e+00 -2.801711e-01     258     37    -53
-63.262559 -17.777406 18.960035 6.923843e+16 5.193598 -1.249182e+16 5.668330e+15 -4.511649e+16 -3.916504e+16 -1.230030e+16 -1.639812e+16  2.276692e+16 -4.097815e+15 -6.786346e+16  -5.555868e+00 -3.354813e-01     262     39    -48
-59.567553 -15.698116 24.734330 6.155970e+16 5.159564 -1.269532e+16 3.362409e+15 -3.945596e+16 -3.432513e+16 -1.345347e+16 -1.263182e+16  2.169331e+16 8.216529e+14 -6.041042e+16  2.640203e+01 -3.590988e-01     257     36    -50
-53.462560 -20.448907 26.088533 6.953262e+16 5.194826 -1.552923e+16 1.298479e+16 -3.429637e+16 -4.189560e+16 -1.627210e+16 -1.909677e+16  2.279883e+16 -2.824665e+15 -7.726448e+16  -8.071340e+00 -2.950752e-01     265     47    -57
-50.655685 -22.427462 26.916853 8.232851e+16 5.243734 -1.598009e+16 1.125196e+15 -4.435528e+16 -4.745778e+16 -2.016001e+16 -2.501395e+16  2.244383e+16 -4.853946e+15 -9.263175e+16  -4.623831e+00 -2.422909e-01     258     38    -56
-54.378673 -22.983535 22.637792 7.984750e+16 5.234874 -1.856927e+16 1.269691e+16 -4.335080e+16 -4.218120e+16 -2.032150e+16 -2.504529e+16  1.713592e+16 -4.723792e+15 -8.754799e+16  -3.627577e+00 -1.957317e-01     257     42    -53
-53.003687 -18.879428 28.116885 6.950013e+16 5.194690 -1.769985e+16 8.629462e+15 -3.960357e+16 -3.859478e+16 -1.677549e+16 -1.742894e+16  2.116584e+16 -6.534503e+14 -7.279922e+16  -3.239090e+01 -2.907427e-01     258     41    -52
-48.310117 -18.559893 33.129990 6.694462e+16 5.183844 -1.774349e+16 8.414738e+15 -3.602622e+16 -4.095800e+16 -1.325889e+16 -1.636341e+16  2.459459e+16 -3.104518e+15 -7.058030e+16  -7.922193e+00 -3.484626e-01     264     44    -53
-55.749837 -22.024465 22.225698 7.464166e+16 5.215354 -1.629595e+16 9.856785e+15 -4.127563e+16 -3.994244e+16 -1.951662e+16 -2.234796e+16  1.759448e+16 -2.831338e+15 -8.180702e+16  -6.214193e+00 -2.150730e-01     256     40    -53
-62.969690 -14.347397 22.682913 6.165742e+16 5.160024 -1.636153e+16 1.185666e+16 -4.058301e+16 -3.410422e+16 -8.956097e+15 -1.147829e+16  2.262594e+16 -2.522191e+15 -5.453861e+16  -8.970748e+00 -4.148609e-01     265     44    -45
-54.891865 -18.271777 26.836357 7.790411e+16 5.227740 -1.683102e+16 2.978136e+15 -4.928844e+16 -4.343006e+16 -1.568570e+16 -1.886981e+16  2.456026e+16 -3.184102e+15 -7.798557e+16  -7.713401e+00 -3.149333e-01     259     36    -49
-59.660077 -19.317808 21.022115 7.484259e+16 5.216133 -1.739358e+16 1.318761e+16 -4.335434e+16 -3.937925e+16 -1.926700e+16 -1.940278e+16  1.997647e+16 -1.357752e+14 -7.804903e+16  -1.471290e+02 -2.559477e-01     256     41    -51
-45.992600 -25.071377 28.936022 8.332289e+16 5.247210 -1.812764e+16 3.439004e+15 -4.079416e+16 -4.701210e+16 -2.188000e+16 -2.852610e+16  1.848600e+16 -6.646099e+15 -9.741819e+16  -2.781481e+00 -1.897592e-01     257     39    -58
-48.989633 -25.135823 25.874544 8.379861e+16 5.248858 -1.696033e+16 3.068233e+15 -4.321730e+16 -4.529154e+16 -2.282540e+16 -2.888234e+16  1.640920e+16 -6.056947e+15 -9.699928e+16  -2.709153e+00 -1.691682e-01     254     38    -57
-49.374837 -21.616964 29.008199 7.277712e+16 5.208030 -1.553896e+16 3.581230e+15 -3.759516e+16 -4.331497e+16 -1.770030e+16 -2.117631e+16  2.213866e+16 -3.476007e+15 -8.219157e+16  -6.368993e+00 -2.693544e-01     260     40    -56
-52.289309 -20.677963 27.032728 6.794759e+16 5.188149 -1.643126e+16 1.004499e+16 -3.612557e+16 -3.930735e+16 -1.567232e+16 -1.887154e+16  2.043581e+16 -3.199229e+15 -7.385121e+16  -6.387730e+00 -2.767160e-01     262     44    -54
-49.953557 -18.659195 31.387247 6.703729e+16 5.184244 -1.674006e+16 2.910489e+15 -4.080219e+16 -3.595462e+16 -1.610182e+16 -1.652351e+16  1.943111e+16 -4.216903e+14 -6.857996e+16  -4.607911e+01 -2.833351e-01     255     36    -51
-51.811931 -18.404442 29.783627 6.475776e+16 5.174228 -1.614278e+16 8.174996e+15 -3.619979e+16 -3.901978e+16 -1.276281e+16 -1.575411e+16  2.326567e+16 -2.991302e+15 -6.753671e+16  -7.777772e+00 -3.444892e-01     264     44    -52
-45.234374 -25.430088 29.335537 7.597161e+16 5.220468 -1.623459e+16 8.563052e+15 -3.259860e+16 -4.596499e+16 -1.875671e+16 -2.639926e+16  1.956573e+16 -7.642556e+15 -9.112097e+16  -2.560103e+00 -2.147226e-01     262     44    -60
-50.008473 -21.232333 28.759194 7.758586e+16 5.226555 -1.899338e+16 9.698282e+15 -3.908129e+16 -4.417790e+16 -2.078758e+16 -2.213974e+16  2.203816e+16 -1.352153e+15 -8.710522e+16  -1.629856e+01 -2.530062e-01     258     42    -56
-53.187688 -18.274368 28.537945 7.216894e+16 5.205600 -1.694346e+16 9.708213e+15 -3.787829e+16 -4.363193e+16 -1.701495e+16 -1.744732e+16  2.618461e+16 -4.323662e+14 -7.809419e+16  -6.056118e+01 -3.352952e-01     262     44    -55
-48.045603 -25.152854 26.801543 8.273631e+16 5.245164 -1.750098e+16 3.093744e+15 -4.337871e+16 -4.409443e+16 -2.234567e+16 -2.850451e+16  1.558992e+16 -6.158847e+15 -9.494461e+16  -2.531305e+00 -1.642002e-01     254     37    -56
-60.697166 -15.680707 23.622128 7.336529e+16 5.210360 -1.951685e+16 1.359999e+16 -4.637962e+16 -3.762048e+16 -1.674478e+16 -1.505311e+16  2.256737e+16 1.691673e+15 -6.941837e+16  1.334027e+01 -3.250922e-01     256     40    -47
-54.128315 -19.748896 26.122789 7.645745e+16 5.222313 -1.863247e+16 9.246161e+15 -4.397231e+16 -4.111535e+16 -1.943495e+16 -2.020317e+16  2.091218e+16 -7.682238e+14 -8.075348e+16  -2.722146e+01 -2.589632e-01     256     40    -52
-53.720805 -19.256230 27.022965 6.758315e+16 5.186592 -1.736801e+16 1.076181e+16 -3.829166e+16 -3.844773e+16 -1.429830e+16 -1.734667e+16  2.110106e+16 -3.048366e+15 -7.009270e+16  -6.922089e+00 -3.010451e-01     262     44    -51
-55.838748 -16.717142 27.444110 7.235968e+16 5.206364 -1.593224e+16 2.622898e+15 -4.709587e+16 -3.904414e+16 -1.563539e+16 -1.587043e+16  2.317371e+16 -2.350375e+14 -7.054996e+16  -9.859579e+01 -3.284723e-01     256     35    -49
-47.711087 -22.918060 29.370853 7.472911e+16 5.215693 -1.725444e+16 7.901947e+15 -3.873519e+16 -4.507098e+16 -1.480715e+16 -2.317831e+16  2.189267e+16 -8.371166e+15 -8.305643e+16  -2.615247e+00 -2.635878e-01     264     44    -54
-53.280250 -21.059102 25.660648 6.720584e+16 5.184971 -1.663824e+16 1.078572e+16 -3.761992e+16 -3.807652e+16 -1.374748e+16 -1.907759e+16  1.899893e+16 -5.330115e+15 -7.090160e+16  -3.564450e+00 -2.679619e-01     263     44    -51
-49.684778 -25.107017 25.208205 8.149069e+16 5.240772 -1.809271e+16 1.249716e+16 -3.927962e+16 -4.639722e+16 -1.943398e+16 -2.807435e+16  1.832286e+16 -8.640372e+15 -9.390555e+16  -2.120610e+00 -1.951201e-01     262     45    -56
-51.304845 -17.359514 31.335641 7.160274e+16 5.203320 -1.967139e+16 9.261897e+15 -4.117636e+16 -4.116707e+16 -1.532521e+16 -1.629374e+16  2.487333e+16 -9.685239e+14 -7.278603e+16  -2.568169e+01 -3.417323e-01     261     42    -51
-49.117882 -18.268179 32.613939 7.244045e+16 5.206687 -1.684927e+16 -2.038613e+14 -4.386034e+16 -4.127472e+16 -1.552197e+16 -1.741170e+16  2.386302e+16 -1.889734e+15 -7.420839e+16  -1.262772e+01 -3.215677e-01     258     36    -51
-51.752299 -15.726643 32.521058 7.029315e+16 5.197975 -1.815940e+16 3.926556e+15 -4.353937e+16 -3.975276e+16 -1.487396e+16 -1.431716e+16  2.543560e+16 5.568019e+14 -6.894388e+16  4.568159e+01 -3.689319e-01     259     38    -50
-51.580602 -22.430225 25.989173 7.595096e+16 5.220389 -1.549704e+16 7.188577e+15 -3.962727e+16 -4.556176e+16 -1.657263e+16 -2.310542e+16  2.245634e+16 -6.532791e+15 -8.523980e+16  -3.437480e+00 -2.634490e-01     264     43    -55
-53.405349 -20.762477 25.832174 6.977997e+16 5.195854 -1.479189e+16 8.980724e+15 -3.384829e+16 -4.133132e+16 -1.899203e+16 -1.949605e+16  2.183527e+16 -5.040206e+14 -7.981939e+16  -4.332217e+01 -2.735584e-01     260     44    -58
-51.298174 -22.012914 26.688913 7.183512e+16 5.204258 -1.743296e+16 9.722901e+15 -4.072912e+16 -4.164627e+16 -1.258382e+16 -2.138765e+16  2.025863e+16 -8.803829e+15 -7.561774e+16  -2.301115e+00 -2.679084e-01     265     44    -50
-59.399357 -17.299456 23.301187 7.535623e+16 5.218113 -1.547163e+16 3.772640e+15 -5.330060e+16 -3.888391e+16 -1.224282e+16 -1.724546e+16  2.163846e+16 -5.002641e+15 -6.837219e+16  -4.325407e+00 -3.164804e-01     256     33    -44
-62.710693 -18.184804 19.104503 6.620099e+16 5.180610 -1.577151e+16 1.568178e+16 -3.850636e+16 -3.594679e+16 -1.440519e+16 -1.607629e+16  1.987051e+16 -1.671093e+15 -6.642827e+16  -1.189072e+01 -2.991272e-01     263     46    -50
-51.945209 -17.818423 30.236368 6.991969e+16 5.196433 -1.874090e+16 9.163968e+15 -4.084582e+16 -4.070768e+16 -1.339299e+16 -1.640117e+16  2.430651e+16 -3.008174e+15 -7.050184e+16  -8.080155e+00 -3.447642e-01     263     43    -50
-52.145012 -15.855972 31.999017 6.403770e+16 5.170990 -1.700882e+16 1.103029e+16 -3.489508e+16 -3.979045e+16 -1.211295e+16 -1.317092e+16  2.661954e+16 -1.057972e+15 -6.507432e+16  -2.516091e+01 -4.090636e-01     266     46    -53
-45.011750 -21.012779 33.975471 6.791122e+16 5.187994 -1.663966e+16 5.503598e+15 -3.493610e+16 -4.254113e+16 -1.314447e+16 -1.901805e+16  2.352308e+16 -5.873585e+15 -7.470365e+16  -4.004892e+00 -3.148852e-01     264     43    -55
-55.543526 -14.208929 30.247545 6.782406e+16 5.187623 -1.631137e+16 2.386728e+15 -4.675651e+16 -3.590346e+16 -1.279204e+16 -1.238820e+16  2.351526e+16 4.038380e+14 -6.108370e+16  5.822944e+01 -3.849679e-01     256     34    -46
-47.700429 -23.574366 28.725204 7.008206e+16 5.197105 -1.611858e+16 9.587781e+15 -3.560593e+16 -4.251640e+16 -1.310616e+16 -2.244008e+16  2.007632e+16 -9.333922e+15 -7.806265e+16  -2.150898e+00 -2.571822e-01     266     46    -54
-53.368378 -21.424355 25.207268 6.949644e+16 5.194675 -1.612158e+16 1.102984e+16 -3.743158e+16 -4.035865e+16 -1.472654e+16 -2.011690e+16  2.024175e+16 -5.390361e+15 -7.520209e+16  -3.755175e+00 -2.691647e-01     264     45    -53
-57.424054 -21.363212 21.212733 7.484026e+16 5.216124 -1.611656e+16 1.423078e+16 -3.814817e+16 -4.164328e+16 -2.013431e+16 -2.168736e+16  1.995591e+16 -1.553053e+15 -8.346495e+16  -1.284947e+01 -2.390933e-01     260     45    -56
-49.318375 -24.264783 26.416842 7.849100e+16 5.229913 -1.735885e+16 5.611232e+15 -4.186580e+16 -4.276236e+16 -1.971131e+16 -2.601562e+16  1.674674e+16 -6.304305e+15 -8.848929e+16  -2.656398e+00 -1.892516e-01     257     39    -54
-51.413244 -15.146431 33.440324 6.915992e+16 5.193270 -1.649158e+16 4.338865e+14 -4.350016e+16 -4.040134e+16 -1.328402e+16 -1.349678e+16  2.690456e+16 -2.127639e+14 -6.718214e+16  -1.264526e+02 -4.004719e-01     260     37    -50
-49.350111 -22.941019 27.708869 7.958023e+16 5.233903 -1.979123e+16 1.630838e+16 -3.905276e+16 -4.658933e+16 -1.673573e+16 -2.476397e+16  2.182536e+16 -8.028241e+15 -8.808903e+16  -2.718573e+00 -2.477648e-01     265     48    -55
-52.074888 -20.765317 27.159795 7.591499e+16 5.220252 -1.843164e+16 9.702152e+15 -4.013747e+16 -4.211787e+16 -2.035254e+16 -2.117964e+16  2.093823e+16 -8.271014e+14 -8.365005e+16  -2.531519e+01 -2.503075e-01     257     41    -55
-50.972333 -23.825005 25.202663 7.964933e+16 5.234155 -1.546022e+16 1.661736e+15 -4.501823e+16 -4.375420e+16 -1.852622e+16 -2.591452e+16  1.783969e+16 -7.388294e+15 -8.819494e+16  -2.414588e+00 -2.022756e-01     257     37    -53
-55.603503 -16.948376 27.448121 7.378000e+16 5.211992 -1.779530e+16 5.834098e+15 -4.715430e+16 -3.929530e+16 -1.649434e+16 -1.643000e+16  2.286530e+16 6.434533e+13 -7.221964e+16  3.553530e+02 -3.166078e-01     256     36    -48
-44.860766 -24.982744 30.156490 8.122644e+16 5.239832 -1.655637e+16 3.831478e+15 -3.749624e+16 -4.970477e+16 -1.876923e+16 -2.765508e+16  2.204969e+16 -8.885853e+15 -9.612908e+16  -2.481438e+00 -2.293759e-01     262     42    -59
-54.825171 -23.927238 21.247591 8.106695e+16 5.239263 -1.507641e+16 1.070465e+16 -3.873003e+16 -4.617626e+16 -2.239050e+16 -2.661400e+16  1.956226e+16 -4.223502e+15 -9.518075e+16  -4.631762e+00 -2.055275e-01     260     44    -58
-48.912741 -15.898599 35.188660 6.121522e+16 5.157940 -1.808134e+16 1.076408e+16 -3.388579e+16 -3.777269e+16 -1.025332e+16 -1.257125e+16  2.520145e+16 -2.317922e+15 -6.059726e+16  -1.087243e+01 -4.158842e-01     266     46    -51
-54.174614 -21.930315 23.895071 7.897920e+16 5.231708 -1.816956e+16 9.406895e+15 -4.542597e+16 -4.215359e+16 -1.886030e+16 -2.349338e+16  1.866021e+16 -4.633084e+15 -8.450727e+16  -4.027601e+00 -2.208119e-01     257     40    -51
-50.761277 -25.298144 23.940579 8.565519e+16 5.255202 -1.758467e+16 8.933702e+15 -4.354812e+16 -4.821206e+16 -2.034891e+16 -2.979708e+16  1.841497e+16 -9.448179e+15 -9.835805e+16  -1.949050e+00 -1.872239e-01     261     42    -55
-48.268583 -24.307364 27.424053 8.424167e+16 5.250385 -1.641409e+16 3.666926e+15 -3.531423e+16 -4.906215e+16 -2.636510e+16 -2.793986e+16  2.112229e+16 -1.574755e+15 -1.033671e+17  -1.341307e+01 -2.043425e-01     255     40    -63
-46.327959 -21.096997 32.575043 6.829201e+16 5.189613 -1.722369e+16 1.172197e+16 -3.271709e+16 -4.269218e+16 -1.381876e+16 -1.924918e+16  2.344299e+16 -5.430420e+15 -7.576013e+16  -4.316976e+00 -3.094371e-01     266     47    -56
-53.883086 -23.233018 22.883896 8.036438e+16 5.236742 -1.819278e+16 9.848722e+15 -4.574814e+16 -4.045370e+16 -2.142274e+16 -2.550166e+16  1.495204e+16 -4.078912e+15 -8.737810e+16  -3.665693e+00 -1.711188e-01     253     38    -52
-51.297352 -18.364615 30.338033 7.354435e+16 5.211066 -1.893884e+16 7.958668e+15 -4.149078e+16 -4.233530e+16 -1.683082e+16 -1.783583e+16  2.449947e+16 -1.005008e+15 -7.700194e+16  -2.437739e+01 -3.181670e-01     260     41    -52
-48.006641 -18.272256 33.721104 6.572098e+16 5.178503 -1.743116e+16 7.074990e+15 -3.518700e+16 -3.981399e+16 -1.422596e+16 -1.577547e+16  2.403852e+16 -1.549511e+15 -6.981542e+16  -1.551362e+01 -3.443154e-01     262     43    -54
-47.643309 -22.413960 29.942732 7.245825e+16 5.206759 -1.724423e+16 7.265693e+15 -3.497196e+16 -4.210423e+16 -1.928503e+16 -2.191415e+16  2.019008e+16 -2.629124e+15 -8.330342e+16  -7.679395e+00 -2.423680e-01     258     42    -57
-53.649705 -20.088905 26.261390 7.999878e+16 5.235422 -1.763794e+16 4.369911e+15 -4.874488e+16 -4.217341e+16 -1.970189e+16 -2.153898e+16  2.063443e+16 -1.837091e+15 -8.341428e+16  -1.123212e+01 -2.473729e-01     254     36    -51
-49.135707 -16.270597 34.593697 6.287865e+16 5.165702 -1.729541e+16 1.075049e+16 -3.221419e+16 -3.928060e+16 -1.322856e+16 -1.325848e+16  2.602213e+16 -2.991622e+13 -6.576764e+16  -8.698333e+02 -3.956677e-01     264     46    -55
-56.093710 -16.374243 27.532047 6.368866e+16 5.169408 -1.834021e+16 1.423792e+16 -3.615829e+16 -3.519475e+16 -1.404505e+16 -1.365030e+16  2.154444e+16 3.947420e+14 -6.289010e+16  5.457854e+01 -3.425729e-01     261     46    -50
-56.304893 -19.665332 24.029775 6.805195e+16 5.188594 -1.627848e+16 1.702143e+16 -3.508873e+16 -3.954426e+16 -1.471781e+16 -1.793996e+16  2.160431e+16 -3.222149e+15 -7.220203e+16  -6.704937e+00 -2.992202e-01     267     50    -55
-51.557044 -23.938571 24.504385 8.513526e+16 5.253440 -1.969310e+16 1.168225e+16 -4.262395e+16 -4.378385e+16 -2.611152e+16 -2.786656e+16  1.591729e+16 -1.755036e+15 -9.776193e+16  -9.069495e+00 -1.628168e-01     252     40    -56
-53.278371 -19.850382 26.871247 7.481115e+16 5.216011 -1.678571e+16 3.957683e+15 -4.664517e+16 -3.809808e+16 -1.893912e+16 -1.986310e+16  1.823498e+16 -9.239755e+14 -7.690030e+16  -1.973535e+01 -2.371249e-01     252     34    -51
-52.799414 -21.343655 25.856932 7.410661e+16 5.213271 -1.612830e+16 7.617193e+15 -3.954815e+16 -4.297250e+16 -1.777105e+16 -2.134599e+16  2.162651e+16 -3.574935e+15 -8.208955e+16  -6.049483e+00 -2.634503e-01     261     42    -55
-49.191881 -22.568532 28.239587 8.322814e+16 5.246880 -1.803109e+16 4.191497e+15 -4.440029e+16 -4.813537e+16 -1.958818e+16 -2.541986e+16  2.271551e+16 -5.831685e+15 -9.314340e+16  -3.895187e+00 -2.438767e-01     259     40    -55
-43.671311 -26.433127 29.895563 7.808725e+16 5.228420 -1.703857e+16 5.013294e+15 -3.118665e+16 -4.468675e+16 -2.362408e+16 -2.827106e+16  1.641569e+16 -4.646972e+15 -9.658189e+16  -3.532557e+00 -1.699666e-01     254     41    -63
-52.101337 -17.652673 30.245989 7.014703e+16 5.197373 -1.660122e+16 4.479332e+15 -4.087331e+16 -4.149538e+16 -1.482085e+16 -1.628482e+16  2.521056e+16 -1.463965e+15 -7.260105e+16  -1.722073e+01 -3.472479e-01     261     40    -52
-50.976365 -19.673059 29.350576 7.450543e+16 5.214825 -1.773749e+16 4.668701e+15 -4.353816e+16 -4.237748e+16 -1.623200e+16 -1.952560e+16  2.285188e+16 -3.293598e+15 -7.813507e+16  -6.938272e+00 -2.924663e-01     259     39    -51
-51.470645 -24.250496 24.278858 8.091757e+16 5.238729 -1.698410e+16 9.019869e+15 -4.025511e+16 -4.533716e+16 -2.129414e+16 -2.687066e+16  1.846651e+16 -5.576519e+15 -9.350195e+16  -3.311476e+00 -1.974986e-01     258     42    -56
-49.959441 -24.121008 25.919551 8.052295e+16 5.237313 -1.645038e+16 2.495328e+15 -4.530964e+16 -4.394536e+16 -1.864492e+16 -2.653243e+16  1.741293e+16 -7.887508e+15 -8.912272e+16  -2.207660e+00 -1.953815e-01     257     37    -53
-41.140698 -22.839221 36.020081 7.194176e+16 5.204687 -1.814181e+16 1.111899e+16 -3.073289e+16 -4.608283e+16 -1.515367e+16 -2.201157e+16  2.407126e+16 -6.857905e+15 -8.324808e+16  -3.510002e+00 -2.891509e-01     264     47    -59
-54.504439 -19.546720 25.948841 6.671048e+16 5.182829 -1.592005e+16 9.879999e+15 -3.587440e+16 -3.787485e+16 -1.684806e+16 -1.743128e+16  2.044357e+16 -5.832264e+14 -7.215419e+16  -3.505254e+01 -2.833317e-01     259     43    -54
-55.045268 -19.968157 24.986575 6.888623e+16 5.192122 -1.559489e+16 1.061133e+16 -3.787911e+16 -4.067826e+16 -1.434523e+16 -1.845063e+16  2.222762e+16 -4.105404e+15 -7.347412e+16  -5.414235e+00 -3.025232e-01     265     45    -53
-48.808126 -20.312881 30.878993 6.740150e+16 5.185813 -1.656437e+16 7.058577e+15 -3.540398e+16 -4.037086e+16 -1.506570e+16 -1.826332e+16  2.210754e+16 -3.197622e+15 -7.369987e+16  -6.913742e+00 -2.999671e-01     262     43    -54
-56.578268 -16.502856 26.918877 6.768598e+16 5.187032 -1.694805e+16 9.974863e+15 -3.990610e+16 -3.930425e+16 -1.384240e+16 -1.464375e+16  2.466051e+16 -8.013430e+14 -6.779040e+16  -3.077397e+01 -3.637758e-01     263     43    -50
-56.595072 -18.182699 25.222229 7.312028e+16 5.209392 -1.842681e+16 1.598500e+16 -3.903261e+16 -4.189349e+16 -1.705970e+16 -1.764793e+16  2.424556e+16 -5.882276e+14 -7.660113e+16  -4.121800e+01 -3.165171e-01     263     47    -53
-53.022228 -23.108361 23.869411 8.307165e+16 5.246335 -1.634667e+16 7.185849e+15 -4.296580e+16 -4.766429e+16 -2.093614e+16 -2.617729e+16  2.148700e+16 -5.241151e+15 -9.477773e+16  -4.099672e+00 -2.267094e-01     260     41    -56
-53.399959 -19.870560 26.729481 7.572767e+16 5.219536 -1.849119e+16 7.943654e+15 -4.490739e+16 -4.121832e+16 -1.721664e+16 -2.013251e+16  2.108581e+16 -2.915865e+15 -7.856747e+16  -7.231408e+00 -2.683784e-01     258     39    -50
-52.480013 -20.416185 27.103802 6.443447e+16 5.172779 -1.497279e+16 1.312042e+16 -2.912114e+16 -3.815303e+16 -1.764861e+16 -1.764378e+16  2.050925e+16 4.830800e+12 -7.344543e+16  4.245519e+03 -2.792448e-01     261     47    -59
-46.010546 -23.506342 30.483111 8.203899e+16 5.242714 -1.630701e+16 -3.310824e+15 -4.120794e+16 -4.665364e+16 -2.249218e+16 -2.612303e+16  2.053061e+16 -3.630850e+15 -9.526886e+16  -5.654491e+00 -2.155018e-01     255     36    -59
-50.733908 -21.630494 27.635598 7.365384e+16 5.211497 -1.663502e+16 5.332867e+15 -4.102309e+16 -4.215376e+16 -1.649676e+16 -2.148407e+16  2.066968e+16 -4.987315e+15 -8.013459e+16  -4.144450e+00 -2.579371e-01     260     40    -53
-46.545798 -22.523217 30.930986 7.119916e+16 5.201683 -1.746041e+16 1.778112e+16 -2.898946e+16 -4.313002e+16 -1.731507e+16 -2.161925e+16  2.151077e+16 -4.304172e+15 -8.206434e+16  -4.997656e+00 -2.621208e-01     264     50    -60
-51.964508 -16.067879 31.967613 6.876996e+16 5.191633 -1.969522e+16 7.699428e+15 -4.315298e+16 -3.821517e+16 -1.276081e+16 -1.435388e+16  2.386130e+16 -1.593066e+15 -6.532986e+16  -1.497823e+01 -3.652433e-01     260     40    -47
-48.789517 -19.035286 32.175197 7.227704e+16 5.206034 -1.846587e+16 6.361272e+15 -4.134001e+16 -4.359449e+16 -1.301187e+16 -1.819315e+16  2.540135e+16 -5.181277e+15 -7.479951e+16  -4.902526e+00 -3.395924e-01     264     42    -51
-54.782267 -18.086370 27.131363 7.811230e+16 5.228513 -1.650902e+16 2.087891e+15 -4.929282e+16 -4.069234e+16 -2.000669e+16 -1.870095e+16  2.199140e+16 1.305743e+15 -7.939999e+16  1.684206e+01 -2.769698e-01     251     34    -52
-51.506778 -23.209874 25.283348 7.133389e+16 5.202231 -1.394276e+16 8.301925e+15 -3.546202e+16 -4.327696e+16 -1.578050e+16 -2.255060e+16  2.072636e+16 -6.770099e+15 -8.160807e+16  -3.061457e+00 -2.539745e-01     265     45    -57
-50.394516 -22.420711 27.184773 8.305779e+16 5.246287 -1.603903e+16 -1.893985e+15 -5.067100e+16 -4.426098e+16 -1.845217e+16 -2.521878e+16  1.904219e+16 -6.766617e+15 -8.793192e+16  -2.814138e+00 -2.165561e-01     255     33    -52
-53.469312 -21.494347 25.036341 8.244426e+16 5.244140 -1.657870e+16 3.887794e+15 -4.658653e+16 -4.602533e+16 -2.042949e+16 -2.395570e+16  2.206963e+16 -3.526215e+15 -9.041053e+16  -6.258729e+00 -2.441046e-01     257     38    -54
-51.804086 -18.533722 29.662191 6.883528e+16 5.191907 -1.764643e+16 1.031647e+16 -3.583677e+16 -4.016086e+16 -1.732501e+16 -1.687913e+16  2.328173e+16 4.458731e+14 -7.436500e+16  5.221605e+01 -3.130737e-01     260     44    -55
-51.819934 -20.175353 28.004714 6.976978e+16 5.195812 -1.681371e+16 7.333916e+15 -3.911138e+16 -4.001039e+16 -1.561653e+16 -1.883445e+16  2.117593e+16 -3.217922e+15 -7.446137e+16  -6.580624e+00 -2.843881e-01     260     41    -52
-55.532737 -22.296833 22.170429 7.551635e+16 5.218727 -1.576069e+16 9.053377e+15 -4.310049e+16 -4.268194e+16 -1.554288e+16 -2.291977e+16  1.976217e+16 -7.376893e+15 -8.114459e+16  -2.678928e+00 -2.435426e-01     263     42    -51
-65.690542 -4.130838 30.178620 5.918180e+16 5.148159 -1.728538e+16 8.230459e+15 -4.265625e+16 -3.187096e+16 -7.346314e+15 -2.891885e+15  2.897907e+16 4.454429e+15 -4.210915e+16  6.505675e+00 -6.881893e-01     262     39    -40
-57.011288 -19.139189 23.849523 6.569095e+16 5.178370 -1.459550e+16 8.361790e+15 -3.706031e+16 -3.694499e+16 -1.633321e+16 -1.680773e+16  2.013726e+16 -4.745158e+14 -7.008593e+16  -4.243750e+01 -2.873225e-01     259     41    -53
-48.401471 -19.038769 32.559760 7.379094e+16 5.212035 -1.849671e+16 3.415501e+15 -4.294203e+16 -4.266554e+16 -1.561153e+16 -1.856788e+16  2.409766e+16 -2.956345e+15 -7.684495e+16  -8.151167e+00 -3.135881e-01     260     39    -51
-64.266218 -10.823826 24.909956 6.677339e+16 5.183102 -1.743865e+16 8.726404e+15 -4.870002e+16 -3.408124e+16 -9.626232e+15 -9.109218e+15  2.497203e+16 5.170140e+14 -5.281669e+16  4.830048e+01 -4.728056e-01     258     36    -40
-49.244177 -24.984219 25.771604 8.936831e+16 5.267489 -1.690127e+16 1.009672e+15 -4.911663e+16 -5.037652e+16 -1.930154e+16 -3.060383e+16  1.977269e+16 -1.130228e+16 -1.002819e+17  -1.749442e+00 -1.971711e-01     260     38    -54
-58.839944 -18.755463 22.404593 8.068741e+16 5.237904 -1.941645e+16 1.260404e+16 -4.917778e+16 -4.159209e+16 -1.977093e+16 -2.021614e+16  2.137596e+16 -4.452098e+14 -8.157916e+16  -4.801322e+01 -2.620272e-01     255     39    -49
-55.110394 -17.553549 27.336057 7.261836e+16 5.207398 -1.625819e+16 5.630474e+15 -4.128953e+16 -4.169467e+16 -1.845454e+16 -1.681466e+16  2.488000e+16 1.639877e+15 -7.696387e+16  1.517187e+01 -3.232686e-01     258     39    -54
-56.601857 -23.528166 19.869978 7.916312e+16 5.232382 -1.686948e+16 1.006112e+16 -4.765200e+16 -3.916623e+16 -1.889713e+16 -2.554809e+16  1.361814e+16 -6.650961e+15 -8.361145e+16  -2.047544e+00 -1.628741e-01     253     37    -49
-48.159850 -23.797148 28.043002 7.947046e+16 5.233504 -1.686583e+16 5.185544e+15 -3.843775e+16 -4.632681e+16 -2.069844e+16 -2.573267e+16  2.059413e+16 -5.034232e+15 -9.275792e+16  -4.090819e+00 -2.220202e-01     259     41    -58
-60.962822 -14.663219 24.373959 6.749259e+16 5.186204 -1.597076e+16 8.013743e+15 -4.435538e+16 -3.835155e+16 -1.111950e+16 -1.284858e+16  2.550297e+16 -1.729077e+15 -6.231963e+16  -1.474948e+01 -4.092286e-01     263     40    -46
-54.674099 -26.101463 19.224437 8.591832e+16 5.256091 -1.565863e+16 1.072963e+16 -4.338557e+16 -4.677049e+16 -2.190040e+16 -3.106912e+16  1.570137e+16 -9.168717e+15 -9.974000e+16  -1.712494e+00 -1.574230e-01     260     42    -56
-44.271120 -22.669924 33.058956 7.403121e+16 5.212977 -1.596138e+16 -1.423522e+15 -3.533183e+16 -4.395806e+16 -1.999863e+16 -2.257039e+16  2.138767e+16 -2.571758e+15 -8.652707e+16  -8.316362e+00 -2.471790e-01     256     38    -60
-42.286686 -21.978497 35.734817 7.341140e+16 5.210542 -1.755472e+16 2.990829e+14 -3.434937e+16 -4.405116e+16 -1.980226e+16 -2.154297e+16  2.250820e+16 -1.740706e+15 -8.539639e+16  -1.293050e+01 -2.635731e-01     256     39    -60
-49.699990 -21.430181 28.869829 7.943371e+16 5.233370 -1.702541e+16 2.235692e+13 -4.785135e+16 -4.282983e+16 -1.818166e+16 -2.289706e+16  1.993277e+16 -4.715402e+15 -8.390855e+16  -4.227162e+00 -2.375535e-01     256     35    -52
-56.604666 -16.676603 26.718731 6.675036e+16 5.183002 -1.652391e+16 1.057654e+16 -3.927624e+16 -3.964321e+16 -1.225764e+16 -1.461319e+16  2.503002e+16 -2.355554e+15 -6.651404e+16  -1.062596e+01 -3.763118e-01     265     45    -50
-45.107753 -22.639891 32.252356 7.702481e+16 5.224454 -1.854252e+16 1.036631e+16 -3.192952e+16 -4.673741e+16 -2.131918e+16 -2.347686e+16  2.326055e+16 -2.157685e+15 -9.153346e+16  -1.078033e+01 -2.541208e-01     259     45    -61
-52.558104 -19.031649 28.410248 7.527409e+16 5.217797 -1.826577e+16 5.621947e+15 -4.533154e+16 -4.093176e+16 -1.755690e+16 -1.903869e+16  2.189306e+16 -1.481794e+15 -7.752735e+16  -1.477470e+01 -2.823915e-01     256     38    -51
-46.208564 -21.762255 32.029181 7.077974e+16 5.199973 -1.750224e+16 1.400971e+16 -3.056434e+16 -4.368955e+16 -1.689868e+16 -2.066163e+16  2.302792e+16 -3.762944e+15 -8.124986e+16  -6.119655e+00 -2.834211e-01     264     48    -59
-48.447870 -26.915773 24.636357 8.609808e+16 5.256696 -1.686963e+16 7.947079e+15 -3.672293e+16 -4.798240e+16 -2.554481e+16 -3.200017e+16  1.598223e+16 -6.455358e+15 -1.055274e+17  -2.475809e+00 -1.514511e-01     256     42    -61
-50.938921 -19.264749 29.796330 7.255880e+16 5.207160 -1.472189e+16 -8.017115e+14 -4.199340e+16 -4.283447e+16 -1.587493e+16 -1.856803e+16  2.426644e+16 -2.693104e+15 -7.727743e+16  -9.010585e+00 -3.140172e-01     260     37    -53
-51.171857 -22.426929 26.401215 7.830258e+16 5.229217 -1.596755e+16 2.505338e+15 -4.364955e+16 -4.386094e+16 -1.895849e+16 -2.380515e+16  2.005579e+16 -4.846656e+15 -8.662458e+16  -4.138068e+00 -2.315254e-01     257     38    -54
-41.909666 -22.761859 35.328475 7.640659e+16 5.222121 -1.752172e+16 2.242562e+15 -3.567933e+16 -4.819737e+16 -1.707384e+16 -2.331661e+16  2.488076e+16 -6.242769e+15 -8.858782e+16  -3.985532e+00 -2.808598e-01     262     41    -59
-53.357123 -18.321830 28.321047 6.969869e+16 5.195516 -1.775563e+16 1.198774e+16 -3.633931e+16 -4.047396e+16 -1.746199e+16 -1.690319e+16  2.357076e+16 5.587955e+14 -7.483914e+16  4.218138e+01 -3.149524e-01     260     45    -55
-54.405585 -19.823085 25.771330 7.147128e+16 5.202788 -1.504423e+16 3.480660e+15 -4.368167e+16 -4.048411e+16 -1.429031e+16 -1.897200e+16  2.151211e+16 -4.681691e+15 -7.374642e+16  -4.594943e+00 -2.917037e-01     260     38    -50
-50.478423 -21.800327 27.721249 7.099791e+16 5.200864 -1.354024e+16 -4.393999e+13 -3.900754e+16 -4.185724e+16 -1.604949e+16 -2.088659e+16  2.097065e+16 -4.837098e+15 -7.879331e+16  -4.335379e+00 -2.661476e-01     260     38    -55
-53.187449 -22.243557 24.568995 8.063383e+16 5.237712 -1.675710e+16 4.937352e+15 -4.579406e+16 -4.331651e+16 -2.080646e+16 -2.434539e+16  1.897112e+16 -3.538929e+15 -8.846837e+16  -5.360697e+00 -2.144396e-01     255     37    -53
-52.353485 -14.795535 32.850980 6.517491e+16 5.176087 -1.756730e+16 4.520640e+15 -4.194296e+16 -3.736953e+16 -1.100254e+16 -1.240465e+16  2.496488e+16 -1.402107e+15 -6.077672e+16  -1.780526e+01 -4.107638e-01     262     39    -47
-48.092556 -22.859174 29.048270 7.206058e+16 5.205165 -1.873790e+16 1.235052e+16 -3.327665e+16 -3.959523e+16 -2.094751e+16 -2.229717e+16  1.729806e+16 -1.349655e+15 -8.283991e+16  -1.281666e+01 -2.088131e-01     256     44    -57
-53.079417 -22.482879 24.437705 7.460327e+16 5.215205 -1.574476e+16 8.441890e+15 -3.681038e+16 -4.179990e+16 -2.154563e+16 -2.279516e+16  1.900474e+16 -1.249530e+15 -8.614069e+16  -1.520951e+01 -2.206244e-01     256     41    -58
-54.465147 -22.965049 22.569804 7.665137e+16 5.223047 -1.660381e+16 8.408334e+15 -4.363140e+16 -4.046873e+16 -1.889855e+16 -2.402323e+16  1.644550e+16 -5.124683e+15 -8.339050e+16  -3.209075e+00 -1.972107e-01     256     39    -52
-57.020678 -13.904664 29.074658 5.940271e+16 5.149238 -1.550605e+16 8.001091e+15 -3.763135e+16 -3.579704e+16 -8.143474e+15 -1.060980e+16  2.518724e+16 -2.466327e+15 -5.455032e+16  -1.021245e+01 -4.617249e-01     267     44    -47
-57.616975 -15.255228 27.127798 6.613604e+16 5.180325 -1.810615e+16 8.540509e+15 -4.468059e+16 -3.589846e+16 -9.480194e+15 -1.311357e+16  2.278489e+16 -3.633376e+15 -5.849223e+16  -6.270998e+00 -3.895371e-01     262     40    -43
-46.761613 -18.561253 34.677134 6.729784e+16 5.185367 -1.666542e+16 3.346021e+15 -3.290012e+16 -4.039570e+16 -1.891315e+16 -1.641379e+16  2.398192e+16 2.499367e+15 -7.572265e+16  9.595197e+00 -3.167073e-01     256     40    -59
-58.564850 -19.834313 21.600837 7.864984e+16 5.230499 -1.778691e+16 1.032427e+16 -4.872903e+16 -4.154618e+16 -1.708548e+16 -2.098379e+16  2.056239e+16 -3.898311e+15 -7.961545e+16  -5.274691e+00 -2.582713e-01     257     39    -48
-53.462915 -21.589024 24.948060 7.772847e+16 5.227087 -1.536872e+16 2.839278e+15 -4.437864e+16 -4.294740e+16 -1.941467e+16 -2.269764e+16  2.024977e+16 -3.282972e+15 -8.505971e+16  -6.168120e+00 -2.380653e-01     256     37    -54
-47.607932 -19.778991 32.613077 7.087309e+16 5.200354 -1.765797e+16 3.630617e+15 -3.950705e+16 -4.126007e+16 -1.599515e+16 -1.860112e+16  2.265895e+16 -2.605966e+15 -7.585635e+16  -8.695031e+00 -2.987087e-01     259     39    -53
-52.885110 -18.082464 29.032426 7.644757e+16 5.222276 -1.707658e+16 3.160533e+15 -4.657467e+16 -4.503132e+16 -1.426313e+16 -1.825537e+16  2.677595e+16 -3.992240e+15 -7.754983e+16  -6.706999e+00 -3.452741e-01     262     39    -50
-51.833088 -24.525918 23.640994 8.128718e+16 5.240048 -1.740303e+16 1.135947e+16 -3.950417e+16 -4.507034e+16 -2.184669e+16 -2.734803e+16  1.772231e+16 -5.501333e+15 -9.426506e+16  -3.221458e+00 -1.880051e-01     259     43    -57
-51.787164 -17.832741 30.380095 6.612875e+16 5.180294 -1.572097e+16 1.048078e+16 -3.535388e+16 -4.204376e+16 -1.182512e+16 -1.552280e+16  2.652096e+16 -3.697677e+15 -6.939168e+16  -7.172330e+00 -3.821922e-01     268     47    -54
-47.129387 -17.874678 34.995935 6.883583e+16 5.191910 -1.642991e+16 -1.495986e+14 -3.770649e+16 -4.076140e+16 -1.719474e+16 -1.609544e+16  2.466596e+16 1.099302e+15 -7.405158e+16  2.243784e+01 -3.330916e-01     257     37    -56
-53.815933 -20.933401 25.250666 7.788332e+16 5.227663 -1.822585e+16 7.854903e+15 -4.614892e+16 -4.145742e+16 -1.837298e+16 -2.197311e+16  1.948431e+16 -3.600129e+15 -8.180351e+16  -5.412115e+00 -2.381843e-01     256     39    -50
-54.126514 -18.444044 27.429442 7.157813e+16 5.203220 -1.776014e+16 9.119709e+15 -4.165767e+16 -4.118678e+16 -1.486783e+16 -1.750648e+16  2.368030e+16 -2.638651e+15 -7.356108e+16  -8.974396e+00 -3.219134e-01     262     42    -51
-54.051397 -15.930673 30.017930 6.988655e+16 5.196296 -1.827790e+16 6.007693e+15 -4.486021e+16 -3.897859e+16 -1.287183e+16 -1.448624e+16  2.449235e+16 -1.614408e+15 -6.633667e+16  -1.517110e+01 -3.692128e-01     260     39    -47
-58.284171 -15.395710 26.320119 6.781760e+16 5.187595 -1.633305e+16 1.006725e+16 -3.967414e+16 -3.996854e+16 -1.439114e+16 -1.359632e+16  2.637222e+16 7.948242e+14 -6.795599e+16  3.317994e+01 -3.880779e-01     263     43    -51
-50.056008 -26.214286 23.729706 8.294685e+16 5.245900 -1.655086e+16 8.170701e+15 -3.842827e+16 -4.555527e+16 -2.366241e+16 -2.999574e+16  1.555953e+16 -6.333328e+15 -9.921341e+16  -2.456770e+00 -1.568289e-01     256     41    -59
-52.344240 -21.068606 26.587154 7.584742e+16 5.219994 -1.901715e+16 8.463196e+15 -4.518956e+16 -3.990442e+16 -1.731258e+16 -2.151776e+16  1.838666e+16 -4.205182e+15 -7.873476e+16  -4.372381e+00 -2.335265e-01     257     39    -49
-48.023148 -20.872469 31.104383 7.609482e+16 5.220937 -1.935741e+16 7.080343e+15 -3.948847e+16 -4.286028e+16 -2.042340e+16 -2.124100e+16  2.161927e+16 -8.176045e+14 -8.452468e+16  -2.644222e+01 -2.557747e-01     256     40    -55
-51.136233 -23.119862 25.743905 7.416453e+16 5.213497 -1.701764e+16 1.026726e+16 -3.770694e+16 -4.200540e+16 -1.828561e+16 -2.333290e+16  1.867250e+16 -5.047290e+15 -8.362390e+16  -3.699510e+00 -2.232914e-01     260     43    -55
-55.298877 -22.654900 22.046222 7.554505e+16 5.218837 -1.609300e+16 1.023763e+16 -4.104585e+16 -4.163801e+16 -1.843970e+16 -2.333752e+16  1.830048e+16 -4.897821e+15 -8.341523e+16  -3.736454e+00 -2.193902e-01     259     42    -53
-51.769224 -21.400178 26.830598 7.386289e+16 5.212318 -1.675539e+16 9.210725e+15 -3.861273e+16 -4.342485e+16 -1.706307e+16 -2.131315e+16  2.211170e+16 -4.250085e+15 -8.180108e+16  -5.202649e+00 -2.703106e-01     262     43    -55
-45.487303 -23.010691 31.502007 7.503557e+16 5.216878 -1.890230e+16 8.016908e+15 -3.781302e+16 -4.416523e+16 -1.666218e+16 -2.330751e+16  2.085772e+16 -6.645328e+15 -8.413491e+16  -3.138704e+00 -2.479080e-01     261     43    -55
-48.943642 -22.246303 28.810055 7.851505e+16 5.230002 -1.891234e+16 1.276673e+16 -3.576937e+16 -4.586941e+16 -2.124708e+16 -2.358625e+16  2.228316e+16 -2.339166e+15 -9.070274e+16  -9.526113e+00 -2.456724e-01     260     45    -58
-48.643294 -21.650115 29.706591 7.397120e+16 5.212742 -1.588003e+16 2.894531e+15 -3.865064e+16 -4.420306e+16 -1.734352e+16 -2.154017e+16  2.266289e+16 -4.196650e+15 -8.308675e+16  -5.400234e+00 -2.727618e-01     260     40    -56
-51.720232 -21.768417 26.511351 7.950663e+16 5.233636 -1.714924e+16 8.196004e+15 -4.099434e+16 -4.683123e+16 -1.917783e+16 -2.338691e+16  2.344432e+16 -4.209080e+15 -8.939597e+16  -5.569939e+00 -2.622525e-01     261     42    -56
-56.000756 -21.507308 22.491936 7.571856e+16 5.219502 -1.745119e+16 1.354993e+16 -4.159009e+16 -4.227886e+16 -1.685653e+16 -2.207716e+16  2.020170e+16 -5.220637e+15 -8.121255e+16  -3.869584e+00 -2.487509e-01     262     45    -52
-52.442832 -21.511063 26.046105 7.453776e+16 5.214951 -1.531701e+16 5.377720e+15 -3.914360e+16 -4.351682e+16 -1.869729e+16 -2.165143e+16  2.186539e+16 -2.954140e+15 -8.386553e+16  -7.401608e+00 -2.607196e-01     260     41    -56
-50.836679 -21.164709 27.998611 7.596129e+16 5.220428 -1.796545e+16 4.806187e+15 -4.505358e+16 -4.082487e+16 -1.757748e+16 -2.162098e+16  1.920388e+16 -4.043506e+15 -8.002333e+16  -4.749315e+00 -2.399786e-01     256     37    -51
-63.247579 -15.426213 21.326208 6.470976e+16 5.174013 -1.679721e+16 1.526588e+16 -3.891664e+16 -3.500167e+16 -1.384669e+16 -1.306777e+16  2.193390e+16 7.789280e+14 -6.191613e+16  2.815909e+01 -3.542519e-01     262     45    -49
-51.886647 -16.531964 31.581389 6.548462e+16 5.177460 -1.644324e+16 6.037262e+15 -3.664773e+16 -3.900740e+16 -1.511446e+16 -1.411268e+16  2.489472e+16 1.001782e+15 -6.823453e+16  2.485044e+01 -3.648405e-01     260     41    -53
-48.996445 -19.510710 31.492846 6.313098e+16 5.166862 -1.593920e+16 8.450232e+15 -3.272824e+16 -3.853615e+16 -1.350892e+16 -1.634646e+16  2.218969e+16 -2.837538e+15 -6.839154e+16  -7.820051e+00 -3.244508e-01     263     44    -54
-48.933628 -19.677706 31.388666 7.220752e+16 5.205755 -1.803802e+16 5.028069e+15 -4.008488e+16 -4.138971e+16 -1.721503e+16 -1.887657e+16  2.251314e+16 -1.661545e+15 -7.748131e+16  -1.354952e+01 -2.905622e-01     258     40    -53
-47.119922 -17.697036 35.183041 6.486995e+16 5.174729 -1.651907e+16 8.281023e+15 -3.051634e+16 -4.121730e+16 -1.577655e+16 -1.499723e+16  2.622007e+16 7.793225e+14 -7.199109e+16  3.364470e+01 -3.642127e-01     262     45    -58
-63.274382 -17.032429 19.693189 6.594691e+16 5.179496 -1.352153e+16 6.636339e+15 -4.510516e+16 -3.553063e+16 -1.066900e+16 -1.488439e+16  2.064625e+16 -4.215386e+15 -6.108402e+16  -4.897830e+00 -3.379975e-01     260     37    -44
-48.922149 -23.785294 27.292557 8.045607e+16 5.237073 -1.886367e+16 8.984432e+15 -4.184209e+16 -4.552854e+16 -1.861606e+16 -2.606267e+16  1.946586e+16 -7.446612e+15 -9.020726e+16  -2.614057e+00 -2.157904e-01     260     42    -54
-56.137029 -16.965360 26.897612 6.756544e+16 5.186516 -1.642296e+16 8.361996e+15 -3.950470e+16 -3.852621e+16 -1.553427e+16 -1.507252e+16  2.345369e+16 4.617489e+14 -6.913301e+16  5.079317e+01 -3.392546e-01     260     41    -51
-46.297751 -24.983266 28.718982 7.807778e+16 5.228385 -1.725504e+16 1.261073e+16 -3.140682e+16 -4.647059e+16 -2.113956e+16 -2.663605e+16  1.983455e+16 -5.496486e+15 -9.424621e+16  -3.608586e+00 -2.104546e-01     261     46    -61
-46.609272 -21.372468 32.018260 7.391942e+16 5.212539 -1.800383e+16 2.547831e+15 -4.154365e+16 -4.196662e+16 -1.664009e+16 -2.115275e+16  2.081387e+16 -4.512661e+15 -7.975947e+16  -4.612327e+00 -2.609580e-01     258     38    -53
-51.213318 -24.137846 24.648836 8.170208e+16 5.241522 -1.800997e+16 9.128414e+15 -4.260213e+16 -4.489228e+16 -2.055471e+16 -2.698198e+16  1.791030e+16 -6.427269e+15 -9.242897e+16  -2.786611e+00 -1.937736e-01     258     41    -55
-46.704691 -23.220508 30.074802 8.064574e+16 5.237754 -1.634283e+16 -1.167926e+15 -4.133078e+16 -4.681748e+16 -2.039857e+16 -2.535169e+16  2.146580e+16 -4.953119e+15 -9.256774e+16  -4.333794e+00 -2.318929e-01     257     37    -58
-52.631625 -23.428547 23.939829 7.397831e+16 5.212770 -1.406413e+16 5.274959e+15 -3.607858e+16 -4.209853e+16 -2.109626e+16 -2.366491e+16  1.843362e+16 -2.568643e+15 -8.685970e+16  -7.176403e+00 -2.122229e-01     257     40    -59
-51.144215 -23.874785 24.981000 7.904581e+16 5.231953 -1.796214e+16 1.613709e+16 -3.723257e+16 -4.548653e+16 -1.884959e+16 -2.578369e+16  1.970284e+16 -6.934097e+15 -9.011981e+16  -2.841442e+00 -2.186293e-01     264     48    -57
-63.506132 -17.232250 19.261618 7.289192e+16 5.208486 -1.628885e+16 1.076815e+16 -4.823986e+16 -3.894059e+16 -1.294324e+16 -1.667240e+16  2.226819e+16 -3.729161e+15 -6.855623e+16  -5.971366e+00 -3.248164e-01     260     39    -45
-50.495630 -17.263525 32.240845 6.642783e+16 5.181600 -1.766784e+16 7.989004e+15 -3.649936e+16 -3.940604e+16 -1.496858e+16 -1.500512e+16  2.440092e+16 -3.653984e+13 -6.937974e+16  -6.677894e+02 -3.517009e-01     261     43    -53
-60.047457 -19.040161 20.912383 7.897510e+16 5.231693 -1.448918e+16 4.114289e+15 -5.620236e+16 -3.852363e+16 -1.434501e+16 -2.014988e+16  1.837376e+16 -5.804868e+15 -7.301852e+16  -3.165232e+00 -2.516315e-01     251     30    -45
-54.448946 -20.001335 25.549719 6.937485e+16 5.194168 -1.628421e+16 9.077851e+15 -3.900676e+16 -3.942943e+16 -1.576199e+16 -1.860381e+16  2.082562e+16 -2.841819e+15 -7.379523e+16  -7.328270e+00 -2.822081e-01     261     42    -52
-59.061887 -21.143694 19.794419 7.720740e+16 5.225139 -1.713988e+16 1.191607e+16 -4.632701e+16 -3.928149e+16 -1.890659e+16 -2.214873e+16  1.713275e+16 -3.242143e+15 -8.033681e+16  -5.284391e+00 -2.132616e-01     255     39    -49
-59.784567 -11.728351 28.487082 6.349774e+16 5.168539 -1.618992e+16 6.905257e+15 -4.200154e+16 -3.697646e+16 -9.788110e+15 -9.417740e+15  2.755872e+16 3.703693e+14 -5.618231e+16  7.440877e+01 -4.905231e-01     264     41    -46
-46.738626 -23.438261 29.823113 7.008445e+16 5.197114 -1.697400e+16 1.406343e+16 -3.153603e+16 -4.227022e+16 -1.557556e+16 -2.226596e+16  2.000425e+16 -6.690401e+15 -8.011175e+16  -2.989993e+00 -2.497044e-01     265     48    -58
-55.210594 -17.763718 27.025688 7.264627e+16 5.207509 -1.557902e+16 3.027624e+15 -4.381429e+16 -4.023650e+16 -1.803394e+16 -1.705080e+16  2.318570e+16 9.831437e+14 -7.532123e+16  2.358322e+01 -3.078242e-01     255     36    -52
-43.171399 -17.887069 38.941532 6.437535e+16 5.172513 -1.719966e+16 -5.151246e+14 -3.550606e+16 -3.687431e+16 -1.665465e+16 -1.497088e+16  2.190344e+16 1.683771e+15 -6.849984e+16  1.300856e+01 -3.197590e-01     255     37    -55
-48.707155 -18.780705 32.512141 7.020268e+16 5.197602 -1.837281e+16 5.520016e+15 -3.933732e+16 -4.011776e+16 -1.670630e+16 -1.740126e+16  2.271650e+16 -6.949608e+14 -7.422533e+16  -3.268745e+01 -3.060478e-01     258     40    -53
-52.511078 -20.937649 26.551273 7.679287e+16 5.223581 -1.665805e+16 6.402170e+15 -4.214304e+16 -4.478193e+16 -1.756286e+16 -2.163725e+16  2.314467e+16 -4.074387e+15 -8.398204e+16  -5.680529e+00 -2.755907e-01     261     41    -54
-60.240483 -12.976362 26.783155 6.461949e+16 5.173609 -1.501009e+16 4.386450e+15 -4.452644e+16 -3.640619e+16 -9.759475e+15 -1.072590e+16  2.568029e+16 -9.664248e+14 -5.689157e+16  -2.657247e+01 -4.513902e-01     262     37    -45
-49.699779 -22.957374 27.342847 8.275007e+16 5.245212 -1.846708e+16 5.189633e+15 -4.549485e+16 -4.619105e+16 -1.947807e+16 -2.578249e+16  2.040856e+16 -6.304418e+15 -9.145161e+16  -3.237184e+00 -2.231624e-01     258     39    -53
-54.030991 -18.286045 27.682964 6.899042e+16 5.192559 -1.727080e+16 1.316513e+16 -3.695731e+16 -4.125666e+16 -1.439881e+16 -1.670828e+16  2.454838e+16 -2.309475e+15 -7.236375e+16  -1.062942e+01 -3.392358e-01     265     47    -53
-55.061793 -17.503361 27.434846 7.523761e+16 5.217657 -1.570735e+16 -1.405610e+14 -5.391715e+16 -3.942490e+16 -1.010196e+16 -1.736390e+16  2.206099e+16 -7.261947e+15 -6.689075e+16  -3.037890e+00 -3.298063e-01     259     32    -43
-50.236179 -18.679661 31.084160 7.482670e+16 5.216071 -1.937407e+16 7.361509e+15 -4.024600e+16 -4.133341e+16 -2.124396e+16 -1.847350e+16  2.285991e+16 2.770456e+15 -8.105087e+16  8.251316e+00 -2.820440e-01     254     40    -55
-50.537571 -19.925612 29.536817 7.395830e+16 5.212691 -1.618294e+16 2.879799e+15 -4.074683e+16 -4.372986e+16 -1.719598e+16 -1.965308e+16  2.407677e+16 -2.457109e+15 -8.057891e+16  -9.798823e+00 -2.987974e-01     260     39    -54
-49.973727 -19.896858 30.129416 6.851787e+16 5.190569 -1.602309e+16 4.775927e+15 -3.728539e+16 -4.052139e+16 -1.577489e+16 -1.816404e+16  2.235735e+16 -2.389143e+15 -7.446032e+16  -9.357896e+00 -3.002586e-01     260     41    -54
-46.401433 -17.198613 36.399954 6.252524e+16 5.164070 -1.669938e+16 4.527776e+15 -3.229992e+16 -3.795866e+16 -1.555986e+16 -1.397973e+16  2.397893e+16 1.580136e+15 -6.749825e+16  1.517524e+01 -3.552527e-01     259     41    -56
-51.622240 -23.172346 25.205414 8.358255e+16 5.248110 -1.793256e+16 1.018148e+16 -4.208392e+16 -4.825089e+16 -2.059501e+16 -2.637823e+16  2.187266e+16 -5.783225e+15 -9.522413e+16  -3.782087e+00 -2.296966e-01     261     43    -56
-51.396189 -23.197288 25.406523 8.337614e+16 5.247395 -1.697594e+16 3.215659e+15 -4.720353e+16 -4.552832e+16 -2.001118e+16 -2.633798e+16  1.919034e+16 -6.326796e+15 -9.187749e+16  -3.033185e+00 -2.088688e-01     257     37    -53
-48.235638 -15.708980 36.055382 6.366310e+16 5.169292 -1.685018e+16 4.016261e+15 -3.669516e+16 -3.939613e+16 -1.181868e+16 -1.288538e+16  2.651075e+16 -1.066701e+15 -6.410019e+16  -2.485302e+01 -4.135829e-01     263     41    -51
-50.942861 -22.072655 26.984484 7.346770e+16 5.210764 -1.579457e+16 6.944578e+15 -3.580267e+16 -4.279024e+16 -2.011698e+16 -2.193121e+16  2.085903e+16 -1.814232e+15 -8.483844e+16  -1.149744e+01 -2.458677e-01     258     42    -58
-56.375684 -20.452533 23.171783 7.190825e+16 5.204552 -1.613521e+16 1.122983e+16 -3.913187e+16 -4.048335e+16 -1.763666e+16 -1.981741e+16  2.066594e+16 -2.180755e+15 -7.793742e+16  -9.476509e+00 -2.651607e-01     260     43    -53
-48.917406 -19.660148 31.422446 7.388139e+16 5.212390 -1.740605e+16 2.337021e+14 -4.706397e+16 -4.001248e+16 -1.436336e+16 -1.929418e+16  2.071831e+16 -4.930819e+15 -7.367002e+16  -4.201798e+00 -2.812311e-01     258     35    -48
-64.734370 -12.957739 22.307891 5.677628e+16 5.136145 -1.493632e+16 1.320289e+16 -3.536104e+16 -3.184514e+16 -1.017616e+16 -9.451755e+15  2.239339e+16 7.244051e+14 -5.147306e+16  3.091280e+01 -4.350507e-01     265     46    -48
-50.436657 -25.555860 24.007484 8.605506e+16 5.256551 -1.703072e+16 3.923691e+15 -4.764897e+16 -4.606812e+16 -2.013930e+16 -3.026510e+16  1.580302e+16 -1.012580e+16 -9.647252e+16  -1.560669e+00 -1.638085e-01     257     38    -53
-51.063078 -23.894298 25.042624 8.052487e+16 5.237320 -1.798580e+16 1.091555e+16 -4.000822e+16 -4.510533e+16 -2.078927e+16 -2.628775e+16  1.881758e+16 -5.498483e+15 -9.218235e+16  -3.422321e+00 -2.041343e-01     259     43    -56
-56.041845 -20.137944 23.820210 7.241024e+16 5.206567 -1.751660e+16 1.218492e+16 -4.231180e+16 -4.109300e+16 -1.343571e+16 -1.960246e+16  2.149054e+16 -6.166754e+15 -7.413117e+16  -3.484903e+00 -2.898988e-01     264     44    -50
-59.760165 -18.921812 21.318023 6.978593e+16 5.195879 -1.589065e+16 1.201264e+16 -4.172118e+16 -3.944412e+16 -1.340009e+16 -1.767574e+16  2.176838e+16 -4.275655e+15 -7.051996e+16  -5.091240e+00 -3.086840e-01     264     44    -50
-48.846923 -21.202804 29.950272 7.256915e+16 5.207201 -1.672228e+16 5.153824e+15 -3.707987e+16 -4.257298e+16 -1.854533e+16 -2.064381e+16  2.192916e+16 -2.098484e+15 -8.176212e+16  -1.045000e+01 -2.682069e-01     258     41    -56
-53.699812 -20.758504 25.541684 7.381802e+16 5.212142 -1.585272e+16 6.676908e+15 -3.999179e+16 -4.223066e+16 -1.860991e+16 -2.062686e+16  2.160380e+16 -2.016941e+15 -8.146743e+16  -1.071117e+01 -2.651833e-01     259     41    -55
-48.812539 -18.926140 32.261321 6.559823e+16 5.177961 -1.688022e+16 6.729284e+15 -3.477608e+16 -3.894485e+16 -1.548904e+16 -1.640522e+16  2.253963e+16 -9.161853e+14 -7.083911e+16  -2.460161e+01 -3.181806e-01     260     42    -54
-55.501325 -19.413489 25.085187 7.170588e+16 5.203737 -1.384952e+16 2.514490e+15 -4.509399e+16 -4.257503e+16 -1.082125e+16 -1.861337e+16  2.396166e+16 -7.792120e+15 -7.200965e+16  -3.075114e+00 -3.327562e-01     266     39    -48
-52.104885 -18.932544 28.962571 7.422347e+16 5.213728 -1.905505e+16 1.022756e+16 -4.048054e+16 -4.245875e+16 -1.787137e+16 -1.865163e+16  2.380712e+16 -7.802642e+14 -7.898175e+16  -3.051161e+01 -3.014255e-01     260     43    -53
-60.674197 -14.212039 25.113763 6.951960e+16 5.194772 -1.748841e+16 9.340066e+15 -4.539038e+16 -3.768432e+16 -1.386380e+16 -1.277618e+16  2.490813e+16 1.087615e+15 -6.432430e+16  2.290161e+01 -3.872274e-01     259     39    -47
-50.260278 -20.136792 29.602931 7.137030e+16 5.202378 -1.707258e+16 6.105902e+15 -3.862669e+16 -4.146089e+16 -1.710498e+16 -1.918628e+16  2.227461e+16 -2.081303e+15 -7.775216e+16  -1.070224e+01 -2.864822e-01     259     41    -54
-46.594914 -20.826372 32.578714 7.128515e+16 5.202033 -1.685511e+16 7.913359e+15 -3.446568e+16 -4.487765e+16 -1.561263e+16 -1.980838e+16  2.506927e+16 -4.195751e+15 -8.029866e+16  -5.974918e+00 -3.122003e-01     264     44    -57
-53.453078 -23.092328 23.454594 6.872101e+16 5.191426 -1.514158e+16 1.693538e+16 -3.036600e+16 -3.902086e+16 -1.842966e+16 -2.164853e+16  1.737233e+16 -3.218868e+15 -7.909905e+16  -5.397030e+00 -2.196275e-01     263     49    -59
-61.315193 -15.687814 22.996992 7.506997e+16 5.217011 -1.669189e+16 7.212283e+15 -5.052864e+16 -4.100823e+16 -1.316768e+16 -1.542022e+16  2.558800e+16 -2.252546e+15 -6.959613e+16  -1.135959e+01 -3.676642e-01     260     37    -46
-49.837617 -24.311298 25.851085 7.735898e+16 5.225707 -1.711101e+16 1.047729e+16 -3.651773e+16 -4.397720e+16 -2.051037e+16 -2.571185e+16  1.826535e+16 -5.201483e+15 -9.019941e+16  -3.511565e+00 -2.024996e-01     259     44    -58
-52.918864 -18.089178 28.991958 6.759138e+16 5.186628 -1.688100e+16 5.503663e+15 -4.154286e+16 -3.761691e+16 -1.398049e+16 -1.614802e+16  2.146890e+16 -2.167528e+15 -6.774543e+16  -9.904782e+00 -3.169055e-01     259     39    -49
-50.909570 -20.050731 29.039699 7.166184e+16 5.203559 -1.602493e+16 4.557728e+15 -3.963462e+16 -4.264749e+16 -1.569771e+16 -1.918768e+16  2.345981e+16 -3.489966e+15 -7.753287e+16  -6.722074e+00 -3.025789e-01     261     40    -54
-51.964004 -22.758049 25.277946 8.154318e+16 5.240958 -1.783126e+16 6.734340e+15 -4.449078e+16 -4.417819e+16 -2.136381e+16 -2.522719e+16  1.895100e+16 -3.863377e+15 -9.076918e+16  -4.905293e+00 -2.087823e-01     256     39    -54
-56.877581 -22.845986 20.276432 7.873388e+16 5.230808 -1.640186e+16 9.319422e+15 -4.720615e+16 -4.223629e+16 -1.589119e+16 -2.459147e+16  1.764481e+16 -8.700285e+15 -8.271895e+16  -2.028073e+00 -2.133104e-01     260     40    -49
-47.679653 -20.027204 32.293143 7.554916e+16 5.218853 -1.892891e+16 5.743176e+15 -3.922616e+16 -4.406671e+16 -1.937305e+16 -2.011301e+16  2.395370e+16 -7.399545e+14 -8.355277e+16  -3.237186e+01 -2.866895e-01     258     41    -56
-49.489961 -24.260617 26.249422 8.930582e+16 5.267287 -1.706578e+16 -2.973908e+13 -4.645788e+16 -4.804810e+16 -2.577743e+16 -2.960070e+16  1.844740e+16 -3.823271e+15 -1.034262e+17  -4.825031e+00 -1.783629e-01     252     36    -58
-52.009716 -22.181272 25.809012 8.361427e+16 5.248220 -1.814763e+16 8.615245e+15 -4.297481e+16 -4.784557e+16 -2.164788e+16 -2.513124e+16  2.271434e+16 -3.483359e+15 -9.462469e+16  -6.520814e+00 -2.400466e-01     259     42    -56
-50.909635 -19.442087 29.648278 7.277769e+16 5.208032 -1.778543e+16 6.327756e+15 -4.128955e+16 -4.221387e+16 -1.587600e+16 -1.881767e+16  2.339620e+16 -2.941670e+15 -7.690755e+16  -7.953373e+00 -3.042120e-01     260     41    -52
-42.577532 -24.520344 32.902125 7.612749e+16 5.221061 -1.661282e+16 8.324334e+15 -2.833504e+16 -4.789038e+16 -2.040890e+16 -2.529609e+16  2.259428e+16 -4.887198e+15 -9.359537e+16  -4.623157e+00 -2.414039e-01     260     45    -64
-42.648229 -25.919698 31.432073 7.833827e+16 5.229349 -1.837740e+16 8.925723e+15 -3.084792e+16 -4.593822e+16 -2.212671e+16 -2.770704e+16  1.823118e+16 -5.580331e+15 -9.577197e+16  -3.267042e+00 -1.903603e-01     257     44    -62
-62.567070 -13.498846 23.934085 7.107686e+16 5.201186 -1.820678e+16 1.142330e+16 -4.644224e+16 -3.833169e+16 -1.403079e+16 -1.235733e+16  2.597435e+16 1.673458e+15 -6.471981e+16  1.552136e+01 -4.013355e-01     259     40    -46
-60.747485 -11.981479 27.271036 6.834450e+16 5.189836 -1.886728e+16 1.264834e+16 -4.260575e+16 -3.881350e+16 -1.296573e+16 -1.038983e+16  2.842367e+16 2.575898e+15 -6.216906e+16  1.103447e+01 -4.571995e-01     263     44    -48
-45.551727 -17.741298 36.706975 6.963994e+16 5.195272 -1.976066e+16 4.261897e+15 -4.018457e+16 -4.027594e+16 -1.479784e+16 -1.610694e+16  2.416900e+16 -1.309096e+15 -7.118072e+16  -1.846236e+01 -3.395443e-01     259     39    -51
-52.032044 -22.905723 25.062233 8.710511e+16 5.260062 -1.715695e+16 1.383993e+15 -5.323114e+16 -4.489262e+16 -2.045489e+16 -2.714708e+16  1.774554e+16 -6.692184e+15 -9.249459e+16  -2.651681e+00 -1.918549e-01     253     34    -51
-52.714816 -18.460289 28.824895 6.526423e+16 5.176483 -1.550939e+16 8.357744e+15 -3.331354e+16 -3.869246e+16 -1.718850e+16 -1.595032e+16  2.274214e+16 1.238179e+15 -7.183127e+16  1.836741e+01 -3.166050e-01     259     43    -56
-53.678662 -20.874310 25.447029 7.216310e+16 5.205577 -1.719508e+16 8.893947e+15 -4.190579e+16 -4.039791e+16 -1.494441e+16 -2.029113e+16  2.010678e+16 -5.346715e+15 -7.563345e+16  -3.760586e+00 -2.658451e-01     261     42    -50
-46.720794 -17.805506 35.473700 6.580580e+16 5.178876 -1.726028e+16 3.857455e+15 -3.612047e+16 -3.973596e+16 -1.444106e+16 -1.531007e+16  2.442589e+16 -8.690081e+14 -6.948710e+16  -2.810779e+01 -3.515170e-01     260     40    -54
-58.844820 -17.420373 23.734806 7.104395e+16 5.201051 -1.827918e+16 1.355712e+16 -4.356374e+16 -4.021006e+16 -1.177843e+16 -1.637737e+16  2.383268e+16 -4.598940e+15 -6.836587e+16  -5.182212e+00 -3.486050e-01     265     45    -48
-59.276637 -17.068391 23.654972 6.930008e+16 5.193856 -1.498215e+16 6.021917e+15 -4.389603e+16 -3.707597e+16 -1.636199e+16 -1.561906e+16  2.145691e+16 7.429243e+14 -6.905702e+16  2.888169e+01 -3.107129e-01     255     36    -50
-42.830653 -23.291626 33.877722 6.673201e+16 5.182923 -1.727966e+16 8.214189e+15 -3.003470e+16 -4.003790e+16 -1.638885e+16 -2.093188e+16  1.910602e+16 -4.543032e+15 -7.735864e+16  -4.205565e+00 -2.469798e-01     260     44    -58
-51.115057 -21.556742 27.328201 7.082149e+16 5.200143 -1.534482e+16 7.293791e+15 -3.666440e+16 -4.251323e+16 -1.604496e+16 -2.058809e+16  2.192514e+16 -4.543128e+15 -7.914627e+16  -4.826002e+00 -2.770206e-01     263     43    -55
-54.977698 -21.099569 23.922733 7.434599e+16 5.214205 -1.651322e+16 1.018232e+16 -4.070242e+16 -4.227439e+16 -1.733817e+16 -2.119083e+16  2.108356e+16 -3.852657e+15 -8.080339e+16  -5.472472e+00 -2.609241e-01     261     43    -53
-54.355661 -23.606999 22.037340 7.811250e+16 5.228514 -1.729676e+16 1.395070e+16 -4.319849e+16 -4.447406e+16 -1.384644e+16 -2.524783e+16  1.922623e+16 -1.140139e+16 -8.356833e+16  -1.686306e+00 -2.300660e-01     267     47    -51
-48.771335 -22.505440 28.723225 7.165340e+16 5.203525 -1.561042e+16 5.315193e+15 -3.535046e+16 -4.244374e+16 -1.812807e+16 -2.180362e+16  2.064012e+16 -3.675542e+15 -8.237542e+16  -5.615531e+00 -2.505616e-01     260     41    -57
-49.731230 -21.451225 28.817544 7.666879e+16 5.223112 -1.573542e+16 -5.854924e+14 -4.150795e+16 -4.157164e+16 -2.253608e+16 -2.212553e+16  1.944611e+16 4.105521e+14 -8.623325e+16  4.736576e+01 -2.255060e-01     251     35    -58
-60.051745 -21.430897 18.517358 7.924764e+16 5.232691 -1.710671e+16 1.171232e+16 -4.969902e+16 -4.176068e+16 -1.478277e+16 -2.310201e+16  1.865866e+16 -8.319249e+15 -7.964546e+16  -2.242830e+00 -2.342715e-01     260     40    -47
-53.576000 -21.379724 25.044276 7.646465e+16 5.222340 -1.534240e+16 2.382896e+15 -4.568198e+16 -4.060066e+16 -1.908060e+16 -2.208715e+16  1.851351e+16 -3.006549e+15 -8.176842e+16  -6.157728e+00 -2.264140e-01     254     35    -52
-39.921610 -22.376893 37.701497 6.419348e+16 5.171694 -1.473397e+16 1.077077e+16 -2.354037e+16 -4.315049e+16 -1.429795e+16 -1.915191e+16  2.399858e+16 -4.853956e+15 -7.660036e+16  -4.944128e+00 -3.132960e-01     265     48    -64
-50.027652 -22.406133 27.566215 7.675184e+16 5.223426 -1.704925e+16 5.118518e+15 -4.195728e+16 -4.383838e+16 -1.757162e+16 -2.327629e+16  2.056209e+16 -5.704669e+15 -8.468630e+16  -3.604432e+00 -2.428030e-01     260     40    -54
-68.104480 -13.080795 18.814725 7.050279e+16 5.198838 -1.728752e+16 1.380850e+16 -4.774824e+16 -3.656456e+16 -1.312258e+16 -1.189471e+16  2.466986e+16 1.227872e+15 -6.158185e+16  2.009156e+01 -4.006028e-01     258     40    -44
-55.306250 -17.151487 27.542263 7.225170e+16 5.205932 -1.645975e+16 3.766549e+15 -4.606098e+16 -3.869719e+16 -1.659394e+16 -1.630161e+16  2.239558e+16 2.923246e+14 -7.159274e+16  7.661202e+01 -3.128191e-01     255     35    -50
-53.210102 -15.407421 31.382476 6.641385e+16 5.181539 -1.652604e+16 2.566550e+15 -4.445224e+16 -3.825338e+16 -9.060043e+15 -1.324432e+16  2.500906e+16 -4.184275e+15 -6.055774e+16  -5.976915e+00 -4.129787e-01     263     38    -45
-50.377452 -23.124749 26.497800 7.481345e+16 5.216020 -1.595471e+16 1.056767e+16 -3.534746e+16 -4.470824e+16 -1.829559e+16 -2.352109e+16  2.118715e+16 -5.225496e+15 -8.652492e+16  -4.054573e+00 -2.448677e-01     263     45    -58
-50.636391 -19.998289 29.365320 7.761765e+16 5.226674 -1.728741e+16 2.147328e+15 -4.413910e+16 -4.348440e+16 -1.962247e+16 -2.071343e+16  2.277097e+16 -1.090961e+15 -8.382030e+16  -2.087239e+01 -2.716641e-01     256     37    -54
-56.058709 -18.692093 25.249198 6.795069e+16 5.188163 -1.607053e+16 9.530605e+15 -3.865370e+16 -3.862844e+16 -1.570075e+16 -1.691012e+16  2.171832e+16 -1.209373e+15 -7.123930e+16  -1.795833e+01 -3.048643e-01     260     42    -52
-52.802548 -23.166232 24.031220 7.800815e+16 5.228127 -1.565248e+16 8.207306e+15 -3.938230e+16 -4.504810e+16 -1.977123e+16 -2.464490e+16  2.040320e+16 -4.873671e+15 -8.946424e+16  -4.186413e+00 -2.280598e-01     260     42    -56
-62.877925 -9.170713 27.951362 6.298213e+16 5.166178 -1.674443e+16 6.699595e+15 -4.541927e+16 -3.452912e+16 -7.382976e+15 -7.159212e+15  2.736991e+16 2.237640e+14 -4.907131e+16  1.223160e+02 -5.577579e-01     263     38    -41
-47.416320 -17.850000 34.733680 6.647555e+16 5.181808 -1.677483e+16 5.913774e+15 -3.585343e+16 -4.220793e+16 -1.235423e+16 -1.552588e+16  2.668205e+16 -3.171653e+15 -7.008804e+16  -8.412665e+00 -3.806933e-01     265     43    -53
-54.096077 -23.246413 22.657510 7.768674e+16 5.226931 -1.853942e+16 1.711499e+16 -3.990342e+16 -4.272719e+16 -1.767394e+16 -2.467352e+16  1.805367e+16 -6.999575e+15 -8.507465e+16  -2.579252e+00 -2.122097e-01     263     47    -54
-53.419742 -17.973321 28.606936 7.118779e+16 5.201637 -1.843722e+16 7.097534e+15 -4.450793e+16 -3.920585e+16 -1.379570e+16 -1.689471e+16  2.231114e+16 -3.099014e+15 -6.989626e+16  -7.199434e+00 -3.192036e-01     260     39    -48
-50.337179 -20.295291 29.367530 7.396270e+16 5.212709 -1.879906e+16 8.137554e+15 -4.133902e+16 -4.204768e+16 -1.655504e+16 -2.006264e+16  2.198504e+16 -3.507602e+15 -7.866536e+16  -6.267828e+00 -2.794755e-01     260     41    -52
-48.257058 -24.366272 27.376670 8.206063e+16 5.242790 -1.852684e+16 4.863808e+15 -4.369205e+16 -4.316684e+16 -2.250049e+16 -2.729015e+16  1.587668e+16 -4.789667e+15 -9.295748e+16  -3.314778e+00 -1.707951e-01     253     38    -55
-49.995884 -24.023910 25.980205 8.091319e+16 5.238713 -1.716143e+16 4.292538e+15 -4.478337e+16 -4.450340e+16 -1.881341e+16 -2.654172e+16  1.796168e+16 -7.728318e+15 -8.985853e+16  -2.324138e+00 -1.998884e-01     258     38    -53
-48.245131 -1.142785 50.612084 5.425083e+16 5.122971 -1.526262e+16 5.283278e+15 -2.808867e+16 -3.848442e+16 -8.718600e+15 -6.943679e+14  3.779006e+16 8.024232e+15 -4.789739e+16  4.709492e+00 -7.889794e-01     267     45    -55
-43.103783 -7.070103 49.826114 6.055326e+16 5.154792 -1.830060e+16 3.085731e+15 -3.284758e+16 -4.107357e+16 -1.011760e+16 -5.055039e+15  3.601854e+16 5.062559e+15 -5.624621e+16  7.114690e+00 -6.403726e-01     265     42    -53
-45.635047 10.368981 43.995972 5.016991e+16 5.100329 -1.464199e+16 5.307346e+15 -2.793672e+16 -3.424729e+16 -6.832121e+15 5.194064e+15  3.944136e+16 1.202618e+16 -3.588535e+16  3.279623e+00 -1.099094e+00     268     45    -52
-52.029950 -3.116455 44.853595 5.427585e+16 5.123104 -1.750014e+16 1.216819e+16 -3.066108e+16 -3.630781e+16 -5.448531e+15 -1.945731e+15  3.436208e+16 3.502800e+15 -4.370207e+16  9.809890e+00 -7.862803e-01     271     50    -50
-51.629784 -2.568138 45.802077 5.718780e+16 5.138236 -1.890460e+16 1.235056e+16 -3.136773e+16 -3.744332e+16 -8.127197e+15 -1.678709e+15  3.576461e+16 6.448488e+15 -4.724923e+16  5.546202e+00 -7.569354e-01     268     49    -51
-50.046296 -8.887166 41.066538 6.293425e+16 5.165958 -1.781856e+16 1.703686e+16 -2.819392e+16 -4.189687e+16 -1.328908e+16 -6.799490e+15  3.509738e+16 6.489588e+15 -6.198544e+16  5.408260e+00 -5.662198e-01     267     51    -59
-57.342302 -2.238798 40.418899 5.951076e+16 5.149764 -1.579371e+16 8.253619e+15 -3.359454e+16 -4.000783e+16 -9.852293e+15 -1.529906e+15  3.847793e+16 8.322386e+15 -5.139003e+16  4.623425e+00 -7.487430e-01     268     46    -53
-41.828579 -6.517926 51.653494 5.601352e+16 5.132229 -1.563541e+16 8.056192e+13 -2.784408e+16 -3.906775e+16 -1.121652e+16 -4.277499e+15  3.479025e+16 6.939020e+15 -5.456177e+16  5.013713e+00 -6.376306e-01     263     41    -58
-50.849292 -11.742492 37.408216 5.931188e+16 5.148794 -1.680312e+16 1.424673e+16 -2.883829e+16 -3.839356e+16 -1.213496e+16 -8.706741e+15  2.968682e+16 3.428217e+15 -5.923526e+16  8.659553e+00 -5.011681e-01      41     49   -123
-50.540669 2.214551 47.244780 5.095540e+16 5.104827 -1.663732e+16 1.271748e+16 -2.659569e+16 -3.412138e+16 -6.921102e+15 1.227361e+15  3.534874e+16 8.148463e+15 -3.981512e+16  4.338087e+00 -8.878220e-01      39     51   -126
-56.056400 -5.586515 38.357085 5.480657e+16 5.125922 -1.618690e+16 5.929537e+15 -3.506675e+16 -3.381510e+16 -7.577278e+15 -3.633646e+15  3.018146e+16 3.943632e+15 -4.502603e+16  7.653212e+00 -6.703113e-01     266     42    -47
-53.012357 -11.321889 35.665754 6.564865e+16 5.178184 -1.891412e+16 1.064014e+16 -3.618340e+16 -4.038961e+16 -1.410891e+16 -9.284928e+15  3.110469e+16 4.823978e+15 -6.378345e+16  6.447933e+00 -4.876608e-01     263     45    -53
