     1    3   -6    -22.    -27.   -0.10619E+17    0.20239E+17    0.46918E+16   -0.45739E+17   -0.12321E+17   -0.22958E+17                0.7422
     1    3   -5    -26.    -29.   -0.11689E+17    0.15354E+17   -0.64777E+16   -0.47832E+17   -0.14328E+17   -0.26560E+17                0.7515
     1    3   -4    -33.    -30.   -0.12666E+17    0.10398E+17   -0.17547E+17   -0.49604E+17   -0.16309E+17   -0.30072E+17                0.7559
     1    3   -3    -40.    -30.   -0.13541E+17    0.54261E+16   -0.28406E+17   -0.51033E+17   -0.18241E+17   -0.33452E+17                0.7553
     1    3   -2    -44.    -30.   -0.14305E+17    0.48777E+15   -0.38954E+17   -0.52100E+17   -0.20104E+17   -0.36662E+17                0.7495
     1    3   -1    -46.    -29.   -0.14951E+17   -0.43645E+16   -0.49088E+17   -0.52794E+17   -0.21879E+17   -0.39669E+17                0.7387
     1    3    0    -46.    -29.   -0.15474E+17   -0.90760E+16   -0.58710E+17   -0.53093E+17   -0.23541E+17   -0.42426E+17                0.7230
     1    3    1    -45.    -29.   -0.15869E+17   -0.13601E+17   -0.67730E+17   -0.52996E+17   -0.25072E+17   -0.44907E+17                0.7028
     1    3    2    -43.    -28.   -0.16132E+17   -0.17892E+17   -0.76066E+17   -0.52491E+17   -0.26451E+17   -0.47072E+17                0.6786
     1    3    3    -41.    -28.   -0.16262E+17   -0.21906E+17   -0.83638E+17   -0.51582E+17   -0.27664E+17   -0.48899E+17                0.6510
     1    3    4    -39.    -28.   -0.16257E+17   -0.25601E+17   -0.90378E+17   -0.50265E+17   -0.28687E+17   -0.50351E+17                0.6207
     1    3    5    -37.    -27.   -0.16120E+17   -0.28947E+17   -0.96227E+17   -0.48556E+17   -0.29515E+17   -0.51421E+17                0.5884
     1    3    6    -34.    -27.   -0.15849E+17   -0.31905E+17   -0.10114E+18   -0.46449E+17   -0.30120E+17   -0.52064E+17                0.5550
     1    4   -6    -16.    -14.   -0.12290E+17    0.15135E+17   -0.52653E+16   -0.42565E+17   -0.70522E+16   -0.84215E+16                0.7438
     1    4   -5    -26.    -17.   -0.13487E+17    0.11730E+17   -0.13780E+17   -0.44925E+17   -0.94422E+16   -0.11958E+17                0.7576
     1    4   -4    -35.    -19.   -0.14577E+17    0.82422E+16   -0.22157E+17   -0.46989E+17   -0.11839E+17   -0.15494E+17                0.7662
     1    4   -3    -41.    -20.   -0.15548E+17    0.47043E+16   -0.30321E+17   -0.48733E+17   -0.14219E+17   -0.18993E+17                0.7695
     1    4   -2    -45.    -21.   -0.16392E+17    0.11521E+16   -0.38195E+17   -0.50138E+17   -0.16557E+17   -0.22417E+17                0.7673
     1    4   -1    -47.    -22.   -0.17101E+17   -0.23808E+16   -0.45706E+17   -0.51185E+17   -0.18829E+17   -0.25729E+17                0.7594
     1    4    0    -47.    -23.   -0.17668E+17   -0.58592E+16   -0.52785E+17   -0.51861E+17   -0.21011E+17   -0.28892E+17                0.7462
     1    4    1    -46.    -24.   -0.18089E+17   -0.92494E+16   -0.59368E+17   -0.52153E+17   -0.23077E+17   -0.31868E+17                0.7278
     1    4    2    -45.    -24.   -0.18359E+17   -0.12518E+17   -0.65395E+17   -0.52055E+17   -0.25005E+17   -0.34626E+17                0.7047
     1    4    3    -44.    -25.   -0.18477E+17   -0.15636E+17   -0.70813E+17   -0.51560E+17   -0.26771E+17   -0.37130E+17                0.6775
     1    4    4    -42.    -25.   -0.18441E+17   -0.18572E+17   -0.75577E+17   -0.50670E+17   -0.28355E+17   -0.39353E+17                0.6471
     1    4    5    -40.    -25.   -0.18254E+17   -0.21300E+17   -0.79645E+17   -0.49390E+17   -0.29740E+17   -0.41269E+17                0.6140
     1    4    6    -38.    -26.   -0.17917E+17   -0.23795E+17   -0.82986E+17   -0.47723E+17   -0.30906E+17   -0.42851E+17                0.5793
     1    5   -6    -10.      6.   -0.13837E+17    0.10834E+17   -0.71350E+16   -0.41845E+17   -0.51874E+16    0.30107E+16                0.7484
     1    5   -5    -23.      1.   -0.15093E+17    0.83329E+16   -0.14048E+17   -0.43886E+17   -0.74529E+16    0.40383E+15                0.7626
     1    5   -4    -32.     -3.   -0.16228E+17    0.57662E+16   -0.20823E+17   -0.45626E+17   -0.97276E+16   -0.22619E+16                0.7711
     1    5   -3    -39.     -7.   -0.17231E+17    0.31596E+16   -0.27396E+17   -0.47047E+17   -0.11991E+17   -0.49608E+16                0.7734
     1    5   -2    -43.     -9.   -0.18093E+17    0.53671E+15   -0.33707E+17   -0.48134E+17   -0.14221E+17   -0.76647E+16                0.7696
     1    5   -1    -45.    -11.   -0.18804E+17   -0.20779E+16   -0.39698E+17   -0.48872E+17   -0.16393E+17   -0.10343E+17                0.7595
     1    5    0    -46.    -13.   -0.19361E+17   -0.46590E+16   -0.45317E+17   -0.49252E+17   -0.18487E+17   -0.12970E+17                0.7435
     1    5    1    -46.    -14.   -0.19756E+17   -0.71825E+16   -0.50511E+17   -0.49266E+17   -0.20479E+17   -0.15516E+17                0.7220
     1    5    2    -46.    -16.   -0.19987E+17   -0.96249E+16   -0.55235E+17   -0.48910E+17   -0.22348E+17   -0.17953E+17                0.6956
     1    5    3    -45.    -17.   -0.20052E+17   -0.11963E+17   -0.59449E+17   -0.48185E+17   -0.24074E+17   -0.20257E+17                0.6649
     1    5    4    -43.    -18.   -0.19952E+17   -0.14177E+17   -0.63118E+17   -0.47095E+17   -0.25640E+17   -0.22405E+17                0.6308
     1    5    5    -42.    -19.   -0.19687E+17   -0.16245E+17   -0.66211E+17   -0.45644E+17   -0.27025E+17   -0.24368E+17                0.5943
     1    5    6    -40.    -20.   -0.19260E+17   -0.18149E+17   -0.68706E+17   -0.43843E+17   -0.28213E+17   -0.26129E+17                0.5564
     1    6   -6      4.     26.   -0.14996E+17    0.82253E+16   -0.73260E+16   -0.39257E+17   -0.17863E+16    0.15827E+17                0.7455
     1    6   -5     -6.     23.   -0.16291E+17    0.64859E+16   -0.12889E+17   -0.40766E+17   -0.37509E+16    0.14275E+17                0.7574
     1    6   -4    -16.     20.   -0.17454E+17    0.47005E+16   -0.18321E+17   -0.41987E+17   -0.57448E+16    0.12585E+17                0.7629
     1    6   -3    -23.     17.   -0.18474E+17    0.28853E+16   -0.23572E+17   -0.42906E+17   -0.77483E+16    0.10775E+17                0.7619
     1    6   -2    -30.     14.   -0.19343E+17    0.10580E+16   -0.28594E+17   -0.43512E+17   -0.97414E+16    0.88638E+16                0.7543
     1    6   -1    -35.     11.   -0.20052E+17   -0.76425E+15   -0.33341E+17   -0.43796E+17   -0.11706E+17    0.68688E+16                0.7404
     1    6    0    -40.      7.   -0.20594E+17   -0.25645E+16   -0.37770E+17   -0.43753E+17   -0.13621E+17    0.48133E+16                0.7203
     1    6    1    -43.      4.   -0.20966E+17   -0.43247E+16   -0.41843E+17   -0.43381E+17   -0.15466E+17    0.27168E+16                0.6948
     1    6    2    -46.      1.   -0.21162E+17   -0.60301E+16   -0.45523E+17   -0.42679E+17   -0.17223E+17    0.60129E+15                0.6644
     1    6    3    -46.     -2.   -0.21184E+17   -0.76649E+16   -0.48780E+17   -0.41654E+17   -0.18875E+17   -0.15137E+16                0.6301
     1    6    4    -44.     -4.   -0.21030E+17   -0.92135E+16   -0.51586E+17   -0.40309E+17   -0.20401E+17   -0.36055E+16                0.5928
     1    6    5    -43.     -6.   -0.20703E+17   -0.10663E+17   -0.53921E+17   -0.38655E+17   -0.21786E+17   -0.56533E+16                0.5536
     1    6    6    -41.     -8.   -0.20206E+17   -0.11999E+17   -0.55765E+17   -0.36705E+17   -0.23014E+17   -0.76371E+16                0.5137
     2    3   -6    -35.    -37.   -0.17952E+17   -0.18446E+16   -0.27627E+17   -0.40746E+17   -0.32424E+17   -0.47284E+17                0.8109
     2    3   -5    -36.    -37.   -0.17856E+17   -0.42549E+16   -0.33273E+17   -0.41840E+17   -0.34056E+17   -0.49076E+17                0.8398
     2    3   -4    -37.    -36.   -0.17592E+17   -0.66220E+16   -0.38556E+17   -0.42725E+17   -0.35547E+17   -0.50667E+17                0.8591
     2    3   -3    -38.    -35.   -0.17163E+17   -0.89213E+16   -0.43423E+17   -0.43396E+17   -0.36888E+17   -0.52050E+17                0.8683
     2    3   -2    -39.    -35.   -0.16574E+17   -0.11129E+17   -0.47823E+17   -0.43847E+17   -0.38064E+17   -0.53209E+17                0.8670
     2    3   -1    -39.    -35.   -0.15832E+17   -0.13223E+17   -0.51713E+17   -0.44072E+17   -0.39062E+17   -0.54129E+17                0.8552
     2    3    0    -40.    -34.   -0.14945E+17   -0.15182E+17   -0.55055E+17   -0.44071E+17   -0.39872E+17   -0.54802E+17                0.8333
     2    3    1    -40.    -34.   -0.13923E+17   -0.16986E+17   -0.57819E+17   -0.43837E+17   -0.40481E+17   -0.55213E+17                0.8018
     2    3    2    -40.    -34.   -0.12776E+17   -0.18619E+17   -0.59978E+17   -0.43373E+17   -0.40880E+17   -0.55355E+17                0.7619
     2    3    3    -41.    -33.   -0.11518E+17   -0.20063E+17   -0.61517E+17   -0.42679E+17   -0.41062E+17   -0.55219E+17                0.7147
     2    3    4    -41.    -33.   -0.10162E+17   -0.21306E+17   -0.62424E+17   -0.41757E+17   -0.41020E+17   -0.54802E+17                0.6617
     2    3    5    -42.    -33.   -0.87216E+16   -0.22337E+17   -0.62697E+17   -0.40614E+17   -0.40750E+17   -0.54100E+17                0.6045
     2    3    6    -42.    -33.   -0.72124E+16   -0.23148E+17   -0.62338E+17   -0.39249E+17   -0.40243E+17   -0.53104E+17                0.5450
     2    4   -6    -29.    -27.   -0.19098E+17    0.40782E+16   -0.19029E+17   -0.30853E+17   -0.22425E+17   -0.21301E+17                0.8007
     2    4   -5    -32.    -26.   -0.19099E+17    0.24851E+16   -0.23559E+17   -0.31840E+17   -0.23973E+17   -0.22642E+17                0.8311
     2    4   -4    -34.    -26.   -0.18920E+17    0.86587E+15   -0.27829E+17   -0.32675E+17   -0.25442E+17   -0.23929E+17                0.8534
     2    4   -3    -36.    -26.   -0.18565E+17   -0.76347E+15   -0.31796E+17   -0.33354E+17   -0.26816E+17   -0.25152E+17                0.8668
     2    4   -2    -38.    -26.   -0.18038E+17   -0.23866E+16   -0.35420E+17   -0.33870E+17   -0.28083E+17   -0.26300E+17                0.8710
     2    4   -1    -39.    -26.   -0.17344E+17   -0.39876E+16   -0.38666E+17   -0.34218E+17   -0.29230E+17   -0.27360E+17                0.8656
     2    4    0    -40.    -26.   -0.16493E+17   -0.55504E+16   -0.41503E+17   -0.34392E+17   -0.30242E+17   -0.28317E+17                0.8508
     2    4    1    -41.    -26.   -0.15493E+17   -0.70597E+16   -0.43903E+17   -0.34392E+17   -0.31109E+17   -0.29162E+17                0.8270
     2    4    2    -42.    -26.   -0.14355E+17   -0.85009E+16   -0.45848E+17   -0.34214E+17   -0.31818E+17   -0.29881E+17                0.7948
     2    4    3    -43.    -26.   -0.13091E+17   -0.98601E+16   -0.47319E+17   -0.33857E+17   -0.32361E+17   -0.30465E+17                0.7552
     2    4    4    -43.    -26.   -0.11717E+17   -0.11124E+17   -0.48308E+17   -0.33321E+17   -0.32724E+17   -0.30901E+17                0.7095
     2    4    5    -44.    -27.   -0.10245E+17   -0.12282E+17   -0.48808E+17   -0.32608E+17   -0.32904E+17   -0.31183E+17                0.6589
     2    4    6    -45.    -27.   -0.86919E+16   -0.13322E+17   -0.48821E+17   -0.31719E+17   -0.32891E+17   -0.31298E+17                0.6049
     2    5   -6    -20.     -9.   -0.20099E+17    0.60692E+16   -0.15659E+17   -0.24446E+17   -0.15906E+17   -0.43824E+16                0.7935
     2    5   -5    -26.    -10.   -0.20159E+17    0.49428E+16   -0.19574E+17   -0.25296E+17   -0.17342E+17   -0.52667E+16                0.8244
     2    5   -4    -30.    -10.   -0.20032E+17    0.37640E+16   -0.23273E+17   -0.26036E+17   -0.18738E+17   -0.61983E+16                0.8480
     2    5   -3    -34.    -11.   -0.19717E+17    0.25445E+16   -0.26718E+17   -0.26660E+17   -0.20082E+17   -0.71672E+16                0.8635
     2    5   -2    -36.    -12.   -0.19221E+17    0.12962E+16   -0.29874E+17   -0.27162E+17   -0.21360E+17   -0.81638E+16                0.8704
     2    5   -1    -39.    -13.   -0.18548E+17    0.31340E+14   -0.32712E+17   -0.27538E+17   -0.22558E+17   -0.91778E+16                0.8683
     2    5    0    -40.    -13.   -0.17708E+17   -0.12377E+16   -0.35203E+17   -0.27782E+17   -0.23664E+17   -0.10197E+17                0.8572
     2    5    1    -42.    -14.   -0.16709E+17   -0.24984E+16   -0.37327E+17   -0.27892E+17   -0.24665E+17   -0.11210E+17                0.8375
     2    5    2    -43.    -15.   -0.15562E+17   -0.37387E+16   -0.39062E+17   -0.27864E+17   -0.25547E+17   -0.12204E+17                0.8095
     2    5    3    -44.    -16.   -0.14280E+17   -0.49465E+16   -0.40396E+17   -0.27697E+17   -0.26300E+17   -0.13165E+17                0.7742
     2    5    4    -45.    -16.   -0.12877E+17   -0.61097E+16   -0.41320E+17   -0.27388E+17   -0.26912E+17   -0.14083E+17                0.7325
     2    5    5    -46.    -17.   -0.11367E+17   -0.72174E+16   -0.41827E+17   -0.26938E+17   -0.27374E+17   -0.14943E+17                0.6857
     2    5    6    -47.    -18.   -0.97674E+16   -0.82592E+16   -0.41918E+17   -0.26346E+17   -0.27675E+17   -0.15734E+17                0.6351
     2    6   -6     -0.     20.   -0.20955E+17    0.63331E+16   -0.12833E+17   -0.19332E+17   -0.10661E+17    0.92200E+16                0.7864
     2    6   -5     -7.     19.   -0.21059E+17    0.55105E+16   -0.16134E+17   -0.20010E+17   -0.11946E+17    0.88446E+16                0.8177
     2    6   -4    -14.     17.   -0.20967E+17    0.46298E+16   -0.19257E+17   -0.20608E+17   -0.13223E+17    0.83485E+16                0.8421
     2    6   -3    -19.     16.   -0.20681E+17    0.36995E+16   -0.22168E+17   -0.21122E+17   -0.14479E+17    0.77371E+16                0.8589
     2    6   -2    -23.     14.   -0.20206E+17    0.27286E+16   -0.24841E+17   -0.21546E+17   -0.15703E+17    0.70164E+16                0.8675
     2    6   -1    -28.     13.   -0.19545E+17    0.17265E+16   -0.27248E+17   -0.21878E+17   -0.16881E+17    0.61948E+16                0.8675
     2    6    0    -31.     11.   -0.18708E+17    0.70292E+15   -0.29367E+17   -0.22113E+17   -0.18000E+17    0.52814E+16                0.8588
     2    6    1    -35.      8.   -0.17705E+17   -0.33210E+15   -0.31180E+17   -0.22247E+17   -0.19048E+17    0.42869E+16                0.8416
     2    6    2    -39.      6.   -0.16546E+17   -0.13684E+16   -0.32670E+17   -0.22278E+17   -0.20012E+17    0.32225E+16                0.8163
     2    6    3    -42.      4.   -0.15244E+17   -0.23960E+16   -0.33825E+17   -0.22204E+17   -0.20879E+17    0.21005E+16                0.7837
     2    6    4    -45.      2.   -0.13814E+17   -0.34047E+16   -0.34636E+17   -0.22022E+17   -0.21639E+17    0.93315E+15                0.7447
     2    6    5    -48.     -0.   -0.12270E+17   -0.43850E+16   -0.35100E+17   -0.21731E+17   -0.22280E+17   -0.26500E+15                0.7003
     2    6    6    -50.     -2.   -0.10629E+17   -0.53271E+16   -0.35216E+17   -0.21333E+17   -0.22793E+17   -0.14812E+16                0.6519
     3    3   -6    -39.    -27.   -0.12783E+17    0.51728E+15   -0.26152E+17   -0.25331E+17   -0.13808E+17   -0.18830E+17                0.5390
     3    3   -5    -39.    -28.   -0.13235E+17   -0.70440E+15   -0.27799E+17   -0.27340E+17   -0.15324E+17   -0.21068E+17                0.5890
     3    3   -4    -38.    -29.   -0.13568E+17   -0.19877E+16   -0.29168E+17   -0.29184E+17   -0.16767E+17   -0.23219E+17                0.6313
     3    3   -3    -38.    -29.   -0.13778E+17   -0.33205E+16   -0.30244E+17   -0.30850E+17   -0.18124E+17   -0.25266E+17                0.6646
     3    3   -2    -38.    -30.   -0.13864E+17   -0.46890E+16   -0.31014E+17   -0.32322E+17   -0.19383E+17   -0.27188E+17                0.6878
     3    3   -1    -37.    -31.   -0.13823E+17   -0.60792E+16   -0.31472E+17   -0.33591E+17   -0.20534E+17   -0.28973E+17                0.7001
     3    3    0    -37.    -31.   -0.13655E+17   -0.74759E+16   -0.31611E+17   -0.34639E+17   -0.21562E+17   -0.30597E+17                0.7012
     3    3    1    -37.    -32.   -0.13362E+17   -0.88636E+16   -0.31430E+17   -0.35464E+17   -0.22462E+17   -0.32053E+17                0.6911
     3    3    2    -38.    -32.   -0.12947E+17   -0.10226E+17   -0.30933E+17   -0.36053E+17   -0.23221E+17   -0.33319E+17                0.6702
     3    3    3    -38.    -33.   -0.12413E+17   -0.11546E+17   -0.30126E+17   -0.36407E+17   -0.23837E+17   -0.34392E+17                0.6394
     3    3    4    -38.    -33.   -0.11765E+17   -0.12809E+17   -0.29018E+17   -0.36516E+17   -0.24297E+17   -0.35253E+17                0.5998
     3    3    5    -39.    -34.   -0.11009E+17   -0.13998E+17   -0.27622E+17   -0.36378E+17   -0.24597E+17   -0.35890E+17                0.5528
     3    3    6    -39.    -34.   -0.10154E+17   -0.15097E+17   -0.25955E+17   -0.35994E+17   -0.24732E+17   -0.36299E+17                0.5001
     3    4   -6    -21.    -10.   -0.13296E+17   -0.12709E+16   -0.17058E+17   -0.19097E+17   -0.71755E+16   -0.36559E+16                0.5232
     3    4   -5    -23.    -12.   -0.13762E+17   -0.20197E+16   -0.18400E+17   -0.20865E+17   -0.84081E+16   -0.50012E+16                0.5730
     3    4   -4    -24.    -14.   -0.14106E+17   -0.27987E+16   -0.19557E+17   -0.22513E+17   -0.96123E+16   -0.63598E+16                0.6155
     3    4   -3    -26.    -15.   -0.14322E+17   -0.36004E+16   -0.20515E+17   -0.24026E+17   -0.10778E+17   -0.77208E+16                0.6494
     3    4   -2    -27.    -17.   -0.14408E+17   -0.44172E+16   -0.21264E+17   -0.25393E+17   -0.11895E+17   -0.90734E+16                0.6736
     3    4   -1    -28.    -18.   -0.14363E+17   -0.52405E+16   -0.21798E+17   -0.26602E+17   -0.12953E+17   -0.10405E+17                0.6872
     3    4    0    -29.    -19.   -0.14187E+17   -0.60617E+16   -0.22111E+17   -0.27643E+17   -0.13942E+17   -0.11704E+17                0.6898
     3    4    1    -31.    -20.   -0.13881E+17   -0.68712E+16   -0.22200E+17   -0.28508E+17   -0.14855E+17   -0.12959E+17                0.6815
     3    4    2    -32.    -21.   -0.13447E+17   -0.76600E+16   -0.22065E+17   -0.29190E+17   -0.15682E+17   -0.14161E+17                0.6626
     3    4    3    -33.    -22.   -0.12890E+17   -0.84184E+16   -0.21710E+17   -0.29681E+17   -0.16415E+17   -0.15294E+17                0.6338
     3    4    4    -35.    -23.   -0.12215E+17   -0.91368E+16   -0.21138E+17   -0.29977E+17   -0.17047E+17   -0.16350E+17                0.5963
     3    4    5    -36.    -24.   -0.11428E+17   -0.98061E+16   -0.20358E+17   -0.30078E+17   -0.17573E+17   -0.17320E+17                0.5513
     3    4    6    -38.    -25.   -0.10538E+17   -0.10417E+17   -0.19380E+17   -0.29981E+17   -0.17986E+17   -0.18193E+17                0.5005
     3    5   -6      4.     11.   -0.13751E+17   -0.17387E+16   -0.12050E+17   -0.16824E+17   -0.47730E+16    0.34063E+16                0.5187
     3    5   -5     -0.      9.   -0.14229E+17   -0.21927E+16   -0.13157E+17   -0.18298E+17   -0.56916E+16    0.28418E+16                0.5680
     3    5   -4     -4.      7.   -0.14580E+17   -0.26635E+16   -0.14128E+17   -0.19668E+17   -0.65980E+16    0.22178E+16                0.6101
     3    5   -3     -8.      5.   -0.14800E+17   -0.31466E+16   -0.14953E+17   -0.20921E+17   -0.74836E+16    0.15400E+16                0.6435
     3    5   -2    -12.      2.   -0.14885E+17   -0.36376E+16   -0.15625E+17   -0.22047E+17   -0.83412E+16    0.81366E+15                0.6674
     3    5   -1    -16.      0.   -0.14835E+17   -0.41311E+16   -0.16135E+17   -0.23037E+17   -0.91622E+16    0.46076E+14                0.6807
     3    5    0    -19.     -2.   -0.14649E+17   -0.46220E+16   -0.16480E+17   -0.23885E+17   -0.99405E+16   -0.75763E+15                0.6832
     3    5    1    -21.     -4.   -0.14330E+17   -0.51047E+16   -0.16657E+17   -0.24580E+17   -0.10667E+17   -0.15877E+16                0.6748
     3    5    2    -24.     -6.   -0.13878E+17   -0.55734E+16   -0.16664E+17   -0.25119E+17   -0.11336E+17   -0.24381E+16                0.6559
     3    5    3    -27.     -7.   -0.13300E+17   -0.60219E+16   -0.16503E+17   -0.25496E+17   -0.11939E+17   -0.32987E+16                0.6272
     3    5    4    -30.     -9.   -0.12600E+17   -0.64447E+16   -0.16176E+17   -0.25707E+17   -0.12471E+17   -0.41627E+16                0.5897
     3    5    5    -32.    -10.   -0.11785E+17   -0.68359E+16   -0.15689E+17   -0.25750E+17   -0.12927E+17   -0.50207E+16                0.5449
     3    5    6    -35.    -12.   -0.10863E+17   -0.71896E+16   -0.15048E+17   -0.25624E+17   -0.13301E+17   -0.58643E+16                0.4942
     3    6   -6     24.     28.   -0.14168E+17   -0.19522E+16   -0.88129E+16   -0.14545E+17   -0.26167E+16    0.95149E+16                0.5133
     3    6   -5     20.     26.   -0.14655E+17   -0.22488E+16   -0.97178E+16   -0.15803E+17   -0.33106E+16    0.95553E+16                0.5619
     3    6   -4     17.     25.   -0.15010E+17   -0.25537E+16   -0.10522E+17   -0.16972E+17   -0.40055E+16    0.94990E+16                0.6034
     3    6   -3     13.     24.   -0.15231E+17   -0.28643E+16   -0.11217E+17   -0.18041E+17   -0.46947E+16    0.93472E+16                0.6365
     3    6   -2     10.     23.   -0.15313E+17   -0.31774E+16   -0.11795E+17   -0.19002E+17   -0.53725E+16    0.91004E+16                0.6600
     3    6   -1      6.     22.   -0.15257E+17   -0.34897E+16   -0.12252E+17   -0.19848E+17   -0.60326E+16    0.87610E+16                0.6732
     3    6    0      3.     21.   -0.15061E+17   -0.37979E+16   -0.12582E+17   -0.20571E+17   -0.66681E+16    0.83329E+16                0.6757
     3    6    1     -1.     19.   -0.14727E+17   -0.40983E+16   -0.12784E+17   -0.21165E+17   -0.72734E+16    0.78196E+16                0.6675
     3    6    2     -5.     18.   -0.14258E+17   -0.43871E+16   -0.12855E+17   -0.21625E+17   -0.78420E+16    0.72267E+16                0.6489
     3    6    3     -9.     17.   -0.13658E+17   -0.46602E+16   -0.12797E+17   -0.21946E+17   -0.83679E+16    0.65603E+16                0.6206
     3    6    4    -13.     15.   -0.12933E+17   -0.49142E+16   -0.12610E+17   -0.22125E+17   -0.88459E+16    0.58266E+16                0.5836
     3    6    5    -18.     14.   -0.12091E+17   -0.51450E+16   -0.12298E+17   -0.22162E+17   -0.92708E+16    0.50327E+16                0.5393
     3    6    6    -23.     12.   -0.11138E+17   -0.53489E+16   -0.11865E+17   -0.22052E+17   -0.96372E+16    0.41874E+16                0.4893
     4    3   -6    -59.    -28.   -0.14256E+17    0.23071E+17   -0.32675E+17   -0.32881E+17   -0.17987E+17   -0.27685E+17                0.6590
     4    3   -5    -58.    -28.   -0.14681E+17    0.19531E+17   -0.33855E+17   -0.33587E+17   -0.18135E+17   -0.27562E+17                0.6908
     4    3   -4    -55.    -28.   -0.14971E+17    0.15739E+17   -0.34674E+17   -0.34067E+17   -0.18175E+17   -0.27277E+17                0.7129
     4    3   -3    -52.    -28.   -0.15123E+17    0.11731E+17   -0.35125E+17   -0.34316E+17   -0.18107E+17   -0.26830E+17                0.7248
     4    3   -2    -49.    -28.   -0.15135E+17    0.75489E+16   -0.35199E+17   -0.34337E+17   -0.17935E+17   -0.26233E+17                0.7260
     4    3   -1    -45.    -28.   -0.15004E+17    0.32341E+16   -0.34895E+17   -0.34126E+17   -0.17658E+17   -0.25488E+17                0.7165
     4    3    0    -41.    -27.   -0.14731E+17   -0.11684E+16   -0.34217E+17   -0.33688E+17   -0.17282E+17   -0.24606E+17                0.6967
     4    3    1    -38.    -27.   -0.14319E+17   -0.56126E+16   -0.33170E+17   -0.33027E+17   -0.16810E+17   -0.23596E+17                0.6674
     4    3    2    -34.    -27.   -0.13770E+17   -0.10051E+17   -0.31767E+17   -0.32149E+17   -0.16246E+17   -0.22469E+17                0.6298
     4    3    3    -30.    -26.   -0.13090E+17   -0.14435E+17   -0.30022E+17   -0.31061E+17   -0.15595E+17   -0.21234E+17                0.5852
     4    3    4    -27.    -26.   -0.12284E+17   -0.18718E+17   -0.27956E+17   -0.29776E+17   -0.14865E+17   -0.19907E+17                0.5354
     4    3    5    -25.    -25.   -0.11360E+17   -0.22852E+17   -0.25592E+17   -0.28301E+17   -0.14060E+17   -0.18494E+17                0.4822
     4    3    6    -23.    -24.   -0.10326E+17   -0.26791E+17   -0.22957E+17   -0.26648E+17   -0.13186E+17   -0.17008E+17                0.4275
     4    4   -6    -55.    -18.   -0.14625E+17    0.18916E+17   -0.23922E+17   -0.27849E+17   -0.12219E+17   -0.12575E+17                0.6505
     4    4   -5    -53.    -18.   -0.15048E+17    0.16031E+17   -0.24376E+17   -0.28467E+17   -0.12211E+17   -0.12111E+17                0.6830
     4    4   -4    -50.    -18.   -0.15333E+17    0.12936E+17   -0.24567E+17   -0.28890E+17   -0.12133E+17   -0.11582E+17                0.7059
     4    4   -3    -46.    -17.   -0.15476E+17    0.96618E+16   -0.24491E+17   -0.29120E+17   -0.11988E+17   -0.10999E+17                0.7183
     4    4   -2    -42.    -17.   -0.15476E+17    0.62410E+16   -0.24148E+17   -0.29152E+17   -0.11777E+17   -0.10365E+17                0.7200
     4    4   -1    -37.    -16.   -0.15330E+17    0.27077E+16   -0.23541E+17   -0.28988E+17   -0.11503E+17   -0.96906E+16                0.7110
     4    4    0    -32.    -16.   -0.15040E+17   -0.90141E+15   -0.22676E+17   -0.28631E+17   -0.11172E+17   -0.89834E+16                0.6914
     4    4    1    -27.    -15.   -0.14607E+17   -0.45489E+16   -0.21561E+17   -0.28084E+17   -0.10784E+17   -0.82497E+16                0.6623
     4    4    2    -22.    -14.   -0.14034E+17   -0.81961E+16   -0.20209E+17   -0.27350E+17   -0.10344E+17   -0.74975E+16                0.6246
     4    4    3    -18.    -13.   -0.13328E+17   -0.11804E+17   -0.18634E+17   -0.26440E+17   -0.98581E+16   -0.67361E+16                0.5798
     4    4    4    -15.    -12.   -0.12494E+17   -0.15333E+17   -0.16854E+17   -0.25358E+17   -0.93291E+16   -0.59722E+16                0.5296
     4    4    5    -13.    -11.   -0.11540E+17   -0.18744E+17   -0.14889E+17   -0.24116E+17   -0.87621E+16   -0.52134E+16                0.4759
     4    4    6    -12.    -10.   -0.10475E+17   -0.22000E+17   -0.12761E+17   -0.22723E+17   -0.81614E+16   -0.44658E+16                0.4206
     4    5   -6    -50.     -6.   -0.15003E+17    0.15726E+17   -0.18969E+17   -0.24732E+17   -0.85845E+16   -0.29372E+16                0.6395
     4    5   -5    -47.     -5.   -0.15424E+17    0.13297E+17   -0.19190E+17   -0.25297E+17   -0.84725E+16   -0.22476E+16                0.6729
     4    5   -4    -43.     -3.   -0.15703E+17    0.10693E+17   -0.19202E+17   -0.25690E+17   -0.83162E+16   -0.15604E+16                0.6966
     4    5   -3    -38.     -2.   -0.15838E+17    0.79393E+16   -0.19003E+17   -0.25910E+17   -0.81188E+16   -0.88497E+15                0.7100
     4    5   -2    -33.     -1.   -0.15826E+17    0.50619E+16   -0.18594E+17   -0.25956E+17   -0.78825E+16   -0.22791E+15                0.7124
     4    5   -1    -26.      1.   -0.15665E+17    0.20902E+16   -0.17980E+17   -0.25828E+17   -0.76110E+16    0.40207E+15                0.7040
     4    5    0    -19.      3.   -0.15357E+17   -0.94551E+15   -0.17165E+17   -0.25528E+17   -0.73077E+16    0.99782E+15                0.6850
     4    5    1    -12.      4.   -0.14902E+17   -0.40136E+16   -0.16159E+17   -0.25059E+17   -0.69755E+16    0.15532E+16                0.6561
     4    5    2     -6.      6.   -0.14306E+17   -0.70817E+16   -0.14972E+17   -0.24426E+17   -0.66181E+16    0.20617E+16                0.6186
     4    5    3     -1.      7.   -0.13574E+17   -0.10117E+17   -0.13618E+17   -0.23634E+17   -0.62394E+16    0.25171E+16                0.5737
     4    5    4      2.      8.   -0.12711E+17   -0.13086E+17   -0.12110E+17   -0.22690E+17   -0.58432E+16    0.29146E+16                0.5232
     4    5    5      3.      9.   -0.11726E+17   -0.15958E+17   -0.10467E+17   -0.21602E+17   -0.54325E+16    0.32505E+16                0.4689
     4    5    6      2.     10.   -0.10629E+17   -0.18699E+17   -0.87055E+16   -0.20379E+17   -0.50112E+16    0.35210E+16                0.4129
     4    6   -6    -32.     14.   -0.15398E+17    0.12596E+17   -0.15156E+17   -0.21992E+17   -0.55958E+16    0.51087E+16                0.6304
     4    6   -5    -27.     16.   -0.15818E+17    0.10641E+17   -0.15283E+17   -0.22522E+17   -0.54115E+16    0.59490E+16                0.6641
     4    6   -4    -22.     17.   -0.16094E+17    0.85450E+16   -0.15244E+17   -0.22901E+17   -0.52036E+16    0.67328E+16                0.6883
     4    6   -3    -16.     19.   -0.16221E+17    0.63282E+16   -0.15037E+17   -0.23127E+17   -0.49749E+16    0.74514E+16                0.7020
     4    6   -2    -11.     20.   -0.16198E+17    0.40126E+16   -0.14663E+17   -0.23196E+17   -0.47288E+16    0.80968E+16                0.7048
     4    6   -1     -5.     21.   -0.16023E+17    0.16213E+16   -0.14127E+17   -0.23111E+17   -0.44682E+16    0.86620E+16                0.6967
     4    6    0      1.     22.   -0.15697E+17   -0.82140E+15   -0.13433E+17   -0.22872E+17   -0.41965E+16    0.91402E+16                0.6780
     4    6    1      7.     23.   -0.15222E+17   -0.32900E+16   -0.12588E+17   -0.22481E+17   -0.39167E+16    0.95262E+16                0.6493
     4    6    2     12.     23.   -0.14603E+17   -0.57586E+16   -0.11602E+17   -0.21943E+17   -0.36324E+16    0.98147E+16                0.6118
     4    6    3     15.     24.   -0.13844E+17   -0.82009E+16   -0.10485E+17   -0.21261E+17   -0.33460E+16    0.10003E+17                0.5669
     4    6    4     17.     25.   -0.12953E+17   -0.10591E+17   -0.92489E+16   -0.20441E+17   -0.30608E+16    0.10087E+17                0.5163
     4    6    5     17.     25.   -0.11937E+17   -0.12901E+17   -0.79083E+16   -0.19492E+17   -0.27794E+16    0.10067E+17                0.4617
     4    6    6     15.     25.   -0.10807E+17   -0.15108E+17   -0.64778E+16   -0.18419E+17   -0.25043E+16    0.99410E+16                0.4053
     5    3   -6    -49.    -33.   -0.10920E+17    0.10146E+17   -0.22782E+17   -0.43145E+17   -0.27181E+17   -0.37462E+17                0.6935
     5    3   -5    -51.    -33.   -0.11498E+17    0.82133E+16   -0.29643E+17   -0.44060E+17   -0.28805E+17   -0.39982E+17                0.7116
     5    3   -4    -52.    -33.   -0.11975E+17    0.62312E+16   -0.36175E+17   -0.44716E+17   -0.30302E+17   -0.42342E+17                0.7230
     5    3   -3    -52.    -33.   -0.12348E+17    0.42209E+16   -0.42315E+17   -0.45110E+17   -0.31659E+17   -0.44523E+17                0.7273
     5    3   -2    -52.    -33.   -0.12615E+17    0.22029E+16   -0.48004E+17   -0.45237E+17   -0.32861E+17   -0.46499E+17                0.7243
     5    3   -1    -50.    -32.   -0.12773E+17    0.19746E+15   -0.53190E+17   -0.45089E+17   -0.33892E+17   -0.48243E+17                0.7139
     5    3    0    -49.    -32.   -0.12821E+17   -0.17748E+16   -0.57823E+17   -0.44670E+17   -0.34743E+17   -0.49739E+17                0.6964
     5    3    1    -47.    -32.   -0.12760E+17   -0.36941E+16   -0.61864E+17   -0.43976E+17   -0.35397E+17   -0.50959E+17                0.6723
     5    3    2    -46.    -32.   -0.12591E+17   -0.55424E+16   -0.65276E+17   -0.43012E+17   -0.35848E+17   -0.51891E+17                0.6422
     5    3    3    -44.    -32.   -0.12317E+17   -0.73017E+16   -0.68035E+17   -0.41782E+17   -0.36084E+17   -0.52513E+17                0.6070
     5    3    4    -42.    -32.   -0.11940E+17   -0.89554E+16   -0.70118E+17   -0.40292E+17   -0.36098E+17   -0.52813E+17                0.5677
     5    3    5    -40.    -32.   -0.11466E+17   -0.10488E+17   -0.71511E+17   -0.38551E+17   -0.35886E+17   -0.52781E+17                0.5254
     5    3    6    -39.    -33.   -0.10899E+17   -0.11887E+17   -0.72212E+17   -0.36571E+17   -0.35443E+17   -0.52407E+17                0.4813
     5    4   -6    -52.    -21.   -0.12133E+17    0.11889E+17   -0.20939E+17   -0.36509E+17   -0.20458E+17   -0.17300E+17                0.6986
     5    4   -5    -55.    -22.   -0.12779E+17    0.10763E+17   -0.26143E+17   -0.37476E+17   -0.22189E+17   -0.19569E+17                0.7193
     5    4   -4    -56.    -23.   -0.13315E+17    0.95471E+16   -0.31072E+17   -0.38222E+17   -0.23828E+17   -0.21791E+17                0.7336
     5    4   -3    -56.    -24.   -0.13735E+17    0.82530E+16   -0.35677E+17   -0.38739E+17   -0.25359E+17   -0.23943E+17                0.7410
     5    4   -2    -56.    -24.   -0.14036E+17    0.68939E+16   -0.39916E+17   -0.39022E+17   -0.26765E+17   -0.26001E+17                0.7413
     5    4   -1    -55.    -25.   -0.14217E+17    0.54824E+16   -0.43750E+17   -0.39064E+17   -0.28031E+17   -0.27942E+17                0.7342
     5    4    0    -53.    -25.   -0.14275E+17    0.40331E+16   -0.47143E+17   -0.38864E+17   -0.29141E+17   -0.29743E+17                0.7199
     5    4    1    -52.    -26.   -0.14212E+17    0.25597E+16   -0.50066E+17   -0.38420E+17   -0.30083E+17   -0.31382E+17                0.6989
     5    4    2    -50.    -26.   -0.14028E+17    0.10765E+16   -0.52495E+17   -0.37734E+17   -0.30844E+17   -0.32841E+17                0.6715
     5    4    3    -48.    -27.   -0.13727E+17   -0.40246E+15   -0.54410E+17   -0.36809E+17   -0.31413E+17   -0.34098E+17                0.6387
     5    4    4    -46.    -28.   -0.13311E+17   -0.18630E+16   -0.55798E+17   -0.35650E+17   -0.31781E+17   -0.35138E+17                0.6012
     5    4    5    -45.    -28.   -0.12786E+17   -0.32914E+16   -0.56652E+17   -0.34263E+17   -0.31940E+17   -0.35944E+17                0.5603
     5    4    6    -43.    -29.   -0.12157E+17   -0.46749E+16   -0.56969E+17   -0.32658E+17   -0.31883E+17   -0.36503E+17                0.5170
     5    5   -6    -56.     -4.   -0.12859E+17    0.11494E+17   -0.18540E+17   -0.31914E+17   -0.15734E+17   -0.22723E+16                0.6981
     5    5   -5    -59.     -6.   -0.13548E+17    0.10771E+17   -0.22852E+17   -0.32711E+17   -0.17358E+17   -0.40057E+16                0.7190
     5    5   -4    -60.     -8.   -0.14119E+17    0.99533E+16   -0.26923E+17   -0.33314E+17   -0.18917E+17   -0.57806E+16                0.7337
     5    5   -3    -61.    -10.   -0.14567E+17    0.90480E+16   -0.30717E+17   -0.33713E+17   -0.20394E+17   -0.75760E+16                0.7417
     5    5   -2    -61.    -12.   -0.14889E+17    0.80637E+16   -0.34196E+17   -0.33908E+17   -0.21774E+17   -0.93754E+16                0.7426
     5    5   -1    -60.    -13.   -0.15083E+17    0.70099E+16   -0.37330E+17   -0.33894E+17   -0.23043E+17   -0.11158E+17                0.7362
     5    5    0    -58.    -15.   -0.15147E+17    0.58970E+16   -0.40089E+17   -0.33669E+17   -0.24185E+17   -0.12904E+17                0.7228
     5    5    1    -56.    -16.   -0.15082E+17    0.47352E+16   -0.42450E+17   -0.33234E+17   -0.25189E+17   -0.14594E+17                0.7025
     5    5    2    -54.    -17.   -0.14889E+17    0.35363E+16   -0.44394E+17   -0.32590E+17   -0.26042E+17   -0.16209E+17                0.6760
     5    5    3    -52.    -18.   -0.14570E+17    0.23115E+16   -0.45904E+17   -0.31740E+17   -0.26731E+17   -0.17729E+17                0.6439
     5    5    4    -50.    -19.   -0.14130E+17    0.10726E+16   -0.46972E+17   -0.30689E+17   -0.27249E+17   -0.19137E+17                0.6072
     5    5    5    -48.    -21.   -0.13573E+17   -0.16894E+15   -0.47592E+17   -0.29445E+17   -0.27586E+17   -0.20416E+17                0.5669
     5    5    6    -45.    -22.   -0.12907E+17   -0.14012E+16   -0.47763E+17   -0.28014E+17   -0.27736E+17   -0.21550E+17                0.5242
     5    6   -6    -35.     24.   -0.13523E+17    0.10216E+17   -0.15640E+17   -0.27486E+17   -0.11172E+17    0.11220E+17                0.6939
     5    6   -5    -40.     22.   -0.14257E+17    0.97623E+16   -0.19189E+17   -0.28011E+17   -0.12600E+17    0.10112E+17                0.7144
     5    6   -4    -45.     19.   -0.14868E+17    0.92231E+16   -0.22539E+17   -0.28368E+17   -0.13988E+17    0.88811E+16                0.7288
     5    6   -3    -49.     16.   -0.15350E+17    0.86031E+16   -0.25656E+17   -0.28552E+17   -0.15324E+17    0.75422E+16                0.7366
     5    6   -2    -53.     12.   -0.15700E+17    0.79085E+16   -0.28513E+17   -0.28562E+17   -0.16594E+17    0.61091E+16                0.7373
     5    6   -1    -56.      8.   -0.15914E+17    0.71457E+16   -0.31083E+17   -0.28396E+17   -0.17784E+17    0.45976E+16                0.7310
     5    6    0    -58.      5.   -0.15992E+17    0.63225E+16   -0.33342E+17   -0.28054E+17   -0.18881E+17    0.30238E+16                0.7177
     5    6    1    -59.      2.   -0.15934E+17    0.54464E+16   -0.35272E+17   -0.27539E+17   -0.19873E+17    0.14044E+16                0.6977
     5    6    2    -59.     -0.   -0.15741E+17    0.45261E+16   -0.36856E+17   -0.26853E+17   -0.20748E+17   -0.24322E+15                0.6716
     5    6    3    -56.     -3.   -0.15416E+17    0.35706E+16   -0.38084E+17   -0.26000E+17   -0.21496E+17   -0.19004E+16                0.6400
     5    6    4    -53.     -5.   -0.14962E+17    0.25888E+16   -0.38945E+17   -0.24985E+17   -0.22106E+17   -0.35503E+16                0.6038
     5    6    5    -50.     -7.   -0.14386E+17    0.15900E+16   -0.39436E+17   -0.23816E+17   -0.22570E+17   -0.51754E+16                0.5641
     5    6    6    -48.    -10.   -0.13693E+17    0.58369E+15   -0.39557E+17   -0.22501E+17   -0.22881E+17   -0.67583E+16                0.5220
     6    3   -6    -12.    -23.   -0.11420E+17    0.20306E+17   -0.22248E+14   -0.43642E+17   -0.69227E+16   -0.16824E+17                0.7434
     6    3   -5    -20.    -25.   -0.12401E+17    0.16542E+17   -0.97015E+16   -0.45495E+17   -0.88502E+16   -0.20127E+17                0.7544
     6    3   -4    -30.    -26.   -0.13281E+17    0.12691E+17   -0.19262E+17   -0.47036E+17   -0.10783E+17   -0.23372E+17                0.7593
     6    3   -3    -39.    -27.   -0.14054E+17    0.87884E+16   -0.28617E+17   -0.48250E+17   -0.12704E+17   -0.26523E+17                0.7581
     6    3   -2    -45.    -27.   -0.14710E+17    0.48837E+16   -0.37676E+17   -0.49107E+17   -0.14580E+17   -0.29529E+17                0.7507
     6    3   -1    -48.    -27.   -0.15244E+17    0.10118E+16   -0.46356E+17   -0.49606E+17   -0.16400E+17   -0.32369E+17                0.7372
     6    3    0    -49.    -27.   -0.15652E+17   -0.27814E+16   -0.54572E+17   -0.49729E+17   -0.18139E+17   -0.35001E+17                0.7179
     6    3    1    -48.    -27.   -0.15929E+17   -0.64595E+16   -0.62249E+17   -0.49473E+17   -0.19778E+17   -0.37397E+17                0.6934
     6    3    2    -47.    -27.   -0.16074E+17   -0.99824E+16   -0.69319E+17   -0.48827E+17   -0.21291E+17   -0.39516E+17                0.6643
     6    3    3    -44.    -27.   -0.16084E+17   -0.13315E+17   -0.75715E+17   -0.47794E+17   -0.22663E+17   -0.41334E+17                0.6315
     6    3    4    -42.    -27.   -0.15960E+17   -0.16424E+17   -0.81380E+17   -0.46380E+17   -0.23876E+17   -0.42827E+17                0.5958
     6    3    5    -39.    -27.   -0.15704E+17   -0.19278E+17   -0.86267E+17   -0.44585E+17   -0.24909E+17   -0.43966E+17                0.5582
     6    3    6    -37.    -27.   -0.15319E+17   -0.21851E+17   -0.90332E+17   -0.42426E+17   -0.25752E+17   -0.44739E+17                0.5199
     6    4   -6     -3.     -9.   -0.12619E+17    0.16221E+17   -0.65158E+16   -0.41379E+17   -0.22184E+16   -0.47349E+16                0.7471
     6    4   -5    -18.    -13.   -0.13654E+17    0.13171E+17   -0.14105E+17   -0.43578E+17   -0.45581E+16   -0.80951E+16                0.7605
     6    4   -4    -30.    -16.   -0.14578E+17    0.10019E+17   -0.21562E+17   -0.45481E+17   -0.69321E+16   -0.11469E+17                0.7677
     6    4   -3    -38.    -18.   -0.15381E+17    0.67940E+16   -0.28818E+17   -0.47065E+17   -0.93125E+16   -0.14815E+17                0.7684
     6    4   -2    -43.    -19.   -0.16057E+17    0.35279E+16   -0.35808E+17   -0.48313E+17   -0.11677E+17   -0.18101E+17                0.7626
     6    4   -1    -46.    -21.   -0.16598E+17    0.25161E+15   -0.42467E+17   -0.49209E+17   -0.14003E+17   -0.21294E+17                0.7504
     6    4    0    -47.    -22.   -0.16999E+17   -0.30021E+16   -0.48736E+17   -0.49738E+17   -0.16260E+17   -0.24351E+17                0.7320
     6    4    1    -47.    -22.   -0.17258E+17   -0.62035E+16   -0.54559E+17   -0.49893E+17   -0.18429E+17   -0.27247E+17                0.7080
     6    4    2    -47.    -23.   -0.17372E+17   -0.93216E+16   -0.59885E+17   -0.49666E+17   -0.20482E+17   -0.29942E+17                0.6790
     6    4    3    -45.    -24.   -0.17339E+17   -0.12327E+17   -0.64667E+17   -0.49052E+17   -0.22395E+17   -0.32407E+17                0.6459
     6    4    4    -44.    -24.   -0.17161E+17   -0.15190E+17   -0.68866E+17   -0.48056E+17   -0.24150E+17   -0.34615E+17                0.6097
     6    4    5    -42.    -25.   -0.16839E+17   -0.17885E+17   -0.72448E+17   -0.46679E+17   -0.25724E+17   -0.36538E+17                0.5712
     6    4    6    -40.    -25.   -0.16378E+17   -0.20387E+17   -0.75382E+17   -0.44931E+17   -0.27098E+17   -0.38156E+17                0.5318
     6    5   -6      4.      9.   -0.13896E+17    0.12305E+17   -0.70536E+16   -0.41456E+17   -0.77831E+15    0.45088E+16                0.7514
     6    5   -5    -11.      4.   -0.14939E+17    0.98955E+16   -0.13231E+17   -0.43333E+17   -0.29735E+16    0.20403E+16                0.7640
     6    5   -4    -24.     -1.   -0.15859E+17    0.74025E+16   -0.19282E+17   -0.44905E+17   -0.52022E+16   -0.48580E+15                0.7697
     6    5   -3    -33.     -5.   -0.16648E+17    0.48487E+16   -0.25151E+17   -0.46159E+17   -0.74456E+16   -0.30471E+16                0.7684
     6    5   -2    -39.     -7.   -0.17298E+17    0.22573E+16   -0.30786E+17   -0.47074E+17   -0.96772E+16   -0.56124E+16                0.7599
     6    5   -1    -43.    -10.   -0.17802E+17   -0.34797E+15   -0.36136E+17   -0.47640E+17   -0.11875E+17   -0.81554E+16                0.7446
     6    5    0    -45.    -12.   -0.18157E+17   -0.29432E+16   -0.41154E+17   -0.47851E+17   -0.14019E+17   -0.10653E+17                0.7228
     6    5    1    -46.    -13.   -0.18360E+17   -0.55051E+16   -0.45798E+17   -0.47699E+17   -0.16084E+17   -0.13076E+17                0.6952
     6    5    2    -46.    -15.   -0.18407E+17   -0.80090E+16   -0.50026E+17   -0.47182E+17   -0.18049E+17   -0.15400E+17                0.6626
     6    5    3    -46.    -16.   -0.18298E+17   -0.10432E+17   -0.53804E+17   -0.46300E+17   -0.19892E+17   -0.17598E+17                0.6258
     6    5    4    -45.    -17.   -0.18037E+17   -0.12753E+17   -0.57100E+17   -0.45062E+17   -0.21595E+17   -0.19652E+17                0.5861
     6    5    5    -43.    -18.   -0.17625E+17   -0.14950E+17   -0.59889E+17   -0.43472E+17   -0.23138E+17   -0.21536E+17                0.5446
     6    5    6    -41.    -19.   -0.17066E+17   -0.17004E+17   -0.62150E+17   -0.41543E+17   -0.24503E+17   -0.23233E+17                0.5025
     6    6   -6     15.     26.   -0.14737E+17    0.95395E+16   -0.69219E+16   -0.39318E+17    0.24825E+16    0.15469E+17                0.7467
     6    6   -5      4.     23.   -0.15776E+17    0.78192E+16   -0.11853E+17   -0.40674E+17    0.57123E+15    0.13967E+17                0.7562
     6    6   -4     -7.     21.   -0.16686E+17    0.60373E+16   -0.16665E+17   -0.41740E+17   -0.13959E+16    0.12337E+17                0.7583
     6    6   -3    -17.     18.   -0.17456E+17    0.42098E+16   -0.21316E+17   -0.42495E+17   -0.33943E+16    0.10601E+17                0.7530
     6    6   -2    -25.     15.   -0.18081E+17    0.23536E+16   -0.25763E+17   -0.42934E+17   -0.54078E+16    0.87715E+16                0.7403
     6    6   -1    -31.     12.   -0.18552E+17    0.48496E+15   -0.29966E+17   -0.43047E+17   -0.74137E+16    0.68703E+16                0.7207
     6    6    0    -37.      8.   -0.18868E+17   -0.13789E+16   -0.33891E+17   -0.42835E+17   -0.93949E+16    0.49141E+16                0.6945
     6    6    1    -42.      4.   -0.19024E+17   -0.32204E+16   -0.37501E+17   -0.42291E+17   -0.11327E+17    0.29250E+16                0.6628
     6    6    2    -46.      1.   -0.19018E+17   -0.50233E+16   -0.40768E+17   -0.41420E+17   -0.13193E+17    0.92119E+15                0.6262
     6    6    3    -47.     -1.   -0.18853E+17   -0.67718E+16   -0.43664E+17   -0.40229E+17   -0.14974E+17   -0.10781E+16                0.5861
     6    6    4    -46.     -4.   -0.18528E+17   -0.84489E+16   -0.46166E+17   -0.38722E+17   -0.16648E+17   -0.30525E+16                0.5435
     6    6    5    -45.     -6.   -0.18049E+17   -0.10041E+17   -0.48255E+17   -0.36915E+17   -0.18201E+17   -0.49841E+16                0.4997
     6    6    6    -43.     -8.   -0.17419E+17   -0.11534E+17   -0.49916E+17   -0.34819E+17   -0.19614E+17   -0.68541E+16                0.4560
     7    3   -6    -23.    -18.   -0.11650E+17    0.27672E+17   -0.14238E+17   -0.34491E+17   -0.27298E+16   -0.11135E+17                0.5813
     7    3   -5    -35.    -20.   -0.13024E+17    0.25388E+17   -0.20226E+17   -0.37175E+17   -0.58130E+16   -0.14998E+17                0.6127
     7    3   -4    -43.    -22.   -0.14294E+17    0.22905E+17   -0.26021E+17   -0.39626E+17   -0.89264E+16   -0.18843E+17                0.6394
     7    3   -3    -49.    -24.   -0.15446E+17    0.20244E+17   -0.31570E+17   -0.41822E+17   -0.12047E+17   -0.22642E+17                0.6606
     7    3   -2    -52.    -25.   -0.16470E+17    0.17432E+17   -0.36822E+17   -0.43735E+17   -0.15135E+17   -0.26344E+17                0.6755
     7    3   -1    -53.    -26.   -0.17356E+17    0.14496E+17   -0.41727E+17   -0.45346E+17   -0.18167E+17   -0.29919E+17                0.6835
     7    3    0    -52.    -27.   -0.18093E+17    0.11467E+17   -0.46241E+17   -0.46633E+17   -0.21105E+17   -0.33319E+17                0.6844
     7    3    1    -51.    -28.   -0.18677E+17    0.83740E+16   -0.50323E+17   -0.47579E+17   -0.23919E+17   -0.36510E+17                0.6780
     7    3    2    -49.    -28.   -0.19099E+17    0.52457E+16   -0.53936E+17   -0.48177E+17   -0.26585E+17   -0.39465E+17                0.6644
     7    3    3    -47.    -29.   -0.19357E+17    0.21130E+16   -0.57050E+17   -0.48411E+17   -0.29070E+17   -0.42143E+17                0.6439
     7    3    4    -46.    -30.   -0.19447E+17   -0.99400E+15   -0.59637E+17   -0.48276E+17   -0.31348E+17   -0.44515E+17                0.6173
     7    3    5    -44.    -30.   -0.19369E+17   -0.40460E+16   -0.61680E+17   -0.47768E+17   -0.33391E+17   -0.46550E+17                0.5851
     7    3    6    -42.    -31.   -0.19123E+17   -0.70132E+16   -0.63159E+17   -0.46888E+17   -0.35178E+17   -0.48228E+17                0.5484
     7    4   -6    -25.     -8.   -0.12365E+17    0.21934E+17   -0.16512E+17   -0.34412E+17   -0.57979E+15   -0.41952E+16                0.5834
     7    4   -5    -36.    -11.   -0.13758E+17    0.20064E+17   -0.21104E+17   -0.36892E+17   -0.34613E+16   -0.69941E+16                0.6155
     7    4   -4    -43.    -14.   -0.15039E+17    0.18018E+17   -0.25504E+17   -0.39132E+17   -0.63791E+16   -0.98029E+16                0.6427
     7    4   -3    -47.    -16.   -0.16196E+17    0.15810E+17   -0.29674E+17   -0.41108E+17   -0.93051E+16   -0.12594E+17                0.6641
     7    4   -2    -49.    -18.   -0.17217E+17    0.13463E+17   -0.33575E+17   -0.42800E+17   -0.12211E+17   -0.15339E+17                0.6789
     7    4   -1    -50.    -19.   -0.18092E+17    0.10996E+17   -0.37171E+17   -0.44188E+17   -0.15067E+17   -0.18007E+17                0.6865
     7    4    0    -50.    -20.   -0.18811E+17    0.84322E+16   -0.40433E+17   -0.45257E+17   -0.17845E+17   -0.20575E+17                0.6868
     7    4    1    -49.    -21.   -0.19369E+17    0.57958E+16   -0.43330E+17   -0.45996E+17   -0.20519E+17   -0.23015E+17                0.6795
     7    4    2    -48.    -22.   -0.19759E+17    0.31097E+16   -0.45840E+17   -0.46393E+17   -0.23060E+17   -0.25303E+17                0.6650
     7    4    3    -46.    -23.   -0.19978E+17    0.39968E+15   -0.47941E+17   -0.46442E+17   -0.25442E+17   -0.27413E+17                0.6435
     7    4    4    -45.    -24.   -0.20022E+17   -0.23092E+16   -0.49618E+17   -0.46140E+17   -0.27640E+17   -0.29325E+17                0.6158
     7    4    5    -43.    -24.   -0.19893E+17   -0.49912E+16   -0.50858E+17   -0.45482E+17   -0.29630E+17   -0.31012E+17                0.5826
     7    4    6    -42.    -25.   -0.19590E+17   -0.76226E+16   -0.51654E+17   -0.44475E+17   -0.31391E+17   -0.32461E+17                0.5450
     7    5   -6    -18.      5.   -0.12919E+17    0.17267E+17   -0.14916E+17   -0.34668E+17    0.65446E+15    0.22938E+16                0.5817
     7    5   -5    -29.      1.   -0.14328E+17    0.15859E+17   -0.18527E+17   -0.36749E+17   -0.19343E+16    0.64845E+15                0.6136
     7    5   -4    -37.     -2.   -0.15621E+17    0.14308E+17   -0.21967E+17   -0.38578E+17   -0.45591E+16   -0.10345E+16                0.6401
     7    5   -3    -42.     -4.   -0.16784E+17    0.12623E+17   -0.25206E+17   -0.40140E+17   -0.71972E+16   -0.27416E+16                0.6605
     7    5   -2    -45.     -6.   -0.17806E+17    0.10821E+17   -0.28215E+17   -0.41414E+17   -0.98206E+16   -0.44521E+16                0.6740
     7    5   -1    -46.     -8.   -0.18676E+17    0.89176E+16   -0.30967E+17   -0.42390E+17   -0.12406E+17   -0.61514E+16                0.6800
     7    5    0    -47.    -10.   -0.19387E+17    0.69280E+16   -0.33438E+17   -0.43055E+17   -0.14926E+17   -0.78219E+16                0.6785
     7    5    1    -47.    -11.   -0.19931E+17    0.48704E+16   -0.35609E+17   -0.43402E+17   -0.17359E+17   -0.94487E+16                0.6694
     7    5    2    -46.    -12.   -0.20301E+17    0.27632E+16   -0.37461E+17   -0.43424E+17   -0.19678E+17   -0.11014E+17                0.6528
     7    5    3    -45.    -13.   -0.20496E+17    0.62565E+15   -0.38980E+17   -0.43119E+17   -0.21859E+17   -0.12502E+17                0.6294
     7    5    4    -44.    -15.   -0.20512E+17   -0.15230E+16   -0.40155E+17   -0.42485E+17   -0.23881E+17   -0.13897E+17                0.5998
     7    5    5    -43.    -15.   -0.20349E+17   -0.36633E+16   -0.40979E+17   -0.41527E+17   -0.25722E+17   -0.15186E+17                0.5649
     7    5    6    -42.    -16.   -0.20009E+17   -0.57757E+16   -0.41447E+17   -0.40253E+17   -0.27365E+17   -0.16357E+17                0.5257
     7    6   -6     -2.     22.   -0.13319E+17    0.13472E+17   -0.12931E+17   -0.32826E+17    0.36007E+16    0.10696E+17                0.5747
     7    6   -5    -11.     20.   -0.14745E+17    0.12559E+17   -0.15769E+17   -0.34399E+17    0.13582E+16    0.10156E+17                0.6050
     7    6   -4    -19.     18.   -0.16050E+17    0.11534E+17   -0.18460E+17   -0.35730E+17   -0.93797E+15    0.95275E+16                0.6296
     7    6   -3    -24.     17.   -0.17222E+17    0.10405E+17   -0.20981E+17   -0.36804E+17   -0.32660E+16    0.88164E+16                0.6478
     7    6   -2    -29.     15.   -0.18249E+17    0.91823E+16   -0.23307E+17   -0.37611E+17   -0.56046E+16    0.80291E+16                0.6590
     7    6   -1    -32.     13.   -0.19121E+17    0.78754E+16   -0.25419E+17   -0.38140E+17   -0.79309E+16    0.71738E+16                0.6627
     7    6    0    -35.     11.   -0.19829E+17    0.64955E+16   -0.27300E+17   -0.38386E+17   -0.10223E+17    0.62573E+16                0.6589
     7    6    1    -37.      9.   -0.20366E+17    0.50557E+16   -0.28933E+17   -0.38343E+17   -0.12458E+17    0.52900E+16                0.6474
     7    6    2    -39.      7.   -0.20727E+17    0.35676E+16   -0.30306E+17   -0.38011E+17   -0.14613E+17    0.42799E+16                0.6287
     7    6    3    -40.      5.   -0.20907E+17    0.20450E+16   -0.31408E+17   -0.37389E+17   -0.16668E+17    0.32365E+16                0.6034
     7    6    4    -41.      3.   -0.20905E+17    0.50096E+15   -0.32231E+17   -0.36482E+17   -0.18601E+17    0.21702E+16                0.5721
     7    6    5    -41.      2.   -0.20720E+17   -0.10500E+16   -0.32772E+17   -0.35296E+17   -0.20393E+17    0.10896E+16                0.5359
     7    6    6    -41.      0.   -0.20356E+17   -0.25944E+16   -0.33028E+17   -0.33840E+17   -0.22026E+17    0.43980E+13                0.4958
     8    3   -6      7.      2.   -0.11523E+17    0.53264E+17   -0.87991E+16   -0.24467E+17    0.53011E+16    0.10766E+16                0.4632
     8    3   -5    -12.     -5.   -0.13475E+17    0.50815E+17   -0.14168E+17   -0.28032E+17    0.15811E+16   -0.31553E+16                0.4980
     8    3   -4    -28.    -10.   -0.15325E+17    0.47916E+17   -0.19421E+17   -0.31459E+17   -0.22416E+16   -0.74894E+16                0.5322
     8    3   -3    -39.    -14.   -0.17055E+17    0.44592E+17   -0.24507E+17   -0.34715E+17   -0.61346E+16   -0.11890E+17                0.5648
     8    3   -2    -48.    -17.   -0.18647E+17    0.40871E+17   -0.29381E+17   -0.37768E+17   -0.10061E+17   -0.16315E+17                0.5947
     8    3   -1    -53.    -20.   -0.20084E+17    0.36785E+17   -0.33997E+17   -0.40590E+17   -0.13984E+17   -0.20723E+17                0.6209
     8    3    0    -55.    -22.   -0.21352E+17    0.32371E+17   -0.38313E+17   -0.43153E+17   -0.17870E+17   -0.25077E+17                0.6425
     8    3    1    -55.    -24.   -0.22437E+17    0.27671E+17   -0.42290E+17   -0.45425E+17   -0.21675E+17   -0.29325E+17                0.6588
     8    3    2    -53.    -26.   -0.23329E+17    0.22727E+17   -0.45892E+17   -0.47387E+17   -0.25365E+17   -0.33431E+17                0.6691
     8    3    3    -50.    -27.   -0.24018E+17    0.17586E+17   -0.49088E+17   -0.49011E+17   -0.28901E+17   -0.37347E+17                0.6730
     8    3    4    -47.    -28.   -0.24495E+17    0.12294E+17   -0.51850E+17   -0.50283E+17   -0.32249E+17   -0.41038E+17                0.6703
     8    3    5    -44.    -29.   -0.24757E+17    0.69031E+16   -0.54156E+17   -0.51182E+17   -0.35373E+17   -0.44461E+17                0.6609
     8    3    6    -41.    -30.   -0.24798E+17    0.14642E+16   -0.55984E+17   -0.51695E+17   -0.38239E+17   -0.47577E+17                0.6452
     8    4   -6    -11.     -1.   -0.12224E+17    0.41515E+17   -0.14516E+17   -0.28681E+17    0.32925E+16   -0.82298E+15                0.4589
     8    4   -5    -26.     -5.   -0.14176E+17    0.39645E+17   -0.18189E+17   -0.31768E+17    0.86028E+14   -0.33549E+16                0.4952
     8    4   -4    -36.     -8.   -0.16019E+17    0.37412E+17   -0.21706E+17   -0.34672E+17   -0.31922E+16   -0.59379E+16                0.5305
     8    4   -3    -43.    -11.   -0.17735E+17    0.34834E+17   -0.25036E+17   -0.37363E+17   -0.65121E+16   -0.85482E+16                0.5638
     8    4   -2    -48.    -13.   -0.19307E+17    0.31933E+17   -0.28148E+17   -0.39814E+17   -0.98426E+16   -0.11161E+17                0.5939
     8    4   -1    -50.    -15.   -0.20719E+17    0.28730E+17   -0.31017E+17   -0.42006E+17   -0.13156E+17   -0.13758E+17                0.6199
     8    4    0    -50.    -17.   -0.21957E+17    0.25255E+17   -0.33614E+17   -0.43912E+17   -0.16419E+17   -0.16309E+17                0.6409
     8    4    1    -49.    -18.   -0.23006E+17    0.21538E+17   -0.35919E+17   -0.45513E+17   -0.19599E+17   -0.18791E+17                0.6561
     8    4    2    -48.    -19.   -0.23857E+17    0.17612E+17   -0.37911E+17   -0.46792E+17   -0.22667E+17   -0.21180E+17                0.6651
     8    4    3    -46.    -21.   -0.24499E+17    0.13512E+17   -0.39575E+17   -0.47734E+17   -0.25593E+17   -0.23454E+17                0.6674
     8    4    4    -43.    -22.   -0.24927E+17    0.92762E+16   -0.40896E+17   -0.48327E+17   -0.28346E+17   -0.25586E+17                0.6629
     8    4    5    -41.    -23.   -0.25135E+17    0.49434E+16   -0.41866E+17   -0.48562E+17   -0.30900E+17   -0.27559E+17                0.6517
     8    4    6    -39.    -23.   -0.25119E+17    0.55435E+15   -0.42478E+17   -0.48434E+17   -0.33226E+17   -0.29348E+17                0.6340
     8    5   -6    -13.      4.   -0.12585E+17    0.32632E+17   -0.14508E+17   -0.30746E+17    0.34112E+16    0.16738E+16                0.4472
     8    5   -5    -25.      1.   -0.14550E+17    0.31268E+17   -0.17210E+17   -0.33373E+17    0.60670E+15    0.50614E+15                0.4845
     8    5   -4    -34.     -1.   -0.16404E+17    0.29617E+17   -0.19763E+17   -0.35788E+17   -0.22588E+16   -0.70547E+15                0.5207
     8    5   -3    -39.     -3.   -0.18128E+17    0.27692E+17   -0.22142E+17   -0.37968E+17   -0.51600E+16   -0.19514E+16                0.5545
     8    5   -2    -43.     -5.   -0.19706E+17    0.25505E+17   -0.24328E+17   -0.39894E+17   -0.80713E+16   -0.32216E+16                0.5850
     8    5   -1    -44.     -6.   -0.21120E+17    0.23076E+17   -0.26302E+17   -0.41544E+17   -0.10965E+17   -0.45031E+16                0.6110
     8    5    0    -45.     -7.   -0.22356E+17    0.20423E+17   -0.28045E+17   -0.42904E+17   -0.13814E+17   -0.57863E+16                0.6318
     8    5    1    -44.     -9.   -0.23402E+17    0.17570E+17   -0.29544E+17   -0.43957E+17   -0.16592E+17   -0.70573E+16                0.6465
     8    5    2    -43.    -10.   -0.24245E+17    0.14541E+17   -0.30786E+17   -0.44692E+17   -0.19272E+17   -0.83058E+16                0.6548
     8    5    3    -41.    -11.   -0.24878E+17    0.11362E+17   -0.31762E+17   -0.45099E+17   -0.21827E+17   -0.95176E+16                0.6561
     8    5    4    -40.    -12.   -0.25292E+17    0.80630E+16   -0.32464E+17   -0.45173E+17   -0.24233E+17   -0.10684E+17                0.6505
     8    5    5    -38.    -12.   -0.25483E+17    0.46727E+16   -0.32890E+17   -0.44909E+17   -0.26466E+17   -0.11791E+17                0.6381
     8    5    6    -36.    -13.   -0.25448E+17    0.12227E+16   -0.33038E+17   -0.44308E+17   -0.28503E+17   -0.12830E+17                0.6192
     8    6   -6     -4.     15.   -0.12880E+17    0.25178E+17   -0.12850E+17   -0.30229E+17    0.55810E+16    0.72351E+16                0.4361
     8    6   -5    -12.     15.   -0.14866E+17    0.24380E+17   -0.14880E+17   -0.32289E+17    0.31947E+16    0.73306E+16                0.4734
     8    6   -4    -19.     14.   -0.16739E+17    0.23364E+17   -0.16778E+17   -0.34132E+17    0.73704E+15    0.73558E+16                0.5093
     8    6   -3    -23.     14.   -0.18481E+17    0.22135E+17   -0.18527E+17   -0.35743E+17   -0.17714E+16    0.73083E+16                0.5427
     8    6   -2    -27.     13.   -0.20072E+17    0.20703E+17   -0.20113E+17   -0.37105E+17   -0.43075E+16    0.71885E+16                0.5724
     8    6   -1    -29.     12.   -0.21498E+17    0.19078E+17   -0.21521E+17   -0.38204E+17   -0.68479E+16    0.69972E+16                0.5975
     8    6    0    -30.     12.   -0.22743E+17    0.17274E+17   -0.22740E+17   -0.39028E+17   -0.93695E+16    0.67348E+16                0.6172
     8    6    1    -30.     11.   -0.23794E+17    0.15305E+17   -0.23759E+17   -0.39569E+17   -0.11849E+17    0.64030E+16                0.6307
     8    6    2    -30.     10.   -0.24639E+17    0.13187E+17   -0.24571E+17   -0.39819E+17   -0.14262E+17    0.60053E+16                0.6376
     8    6    3    -30.      9.   -0.25271E+17    0.10939E+17   -0.25170E+17   -0.39774E+17   -0.16585E+17    0.55438E+16                0.6375
     8    6    4    -30.      8.   -0.25681E+17    0.85811E+16   -0.25552E+17   -0.39431E+17   -0.18797E+17    0.50226E+16                0.6305
     8    6    5    -29.      7.   -0.25865E+17    0.61341E+16   -0.25715E+17   -0.38793E+17   -0.20876E+17    0.44465E+16                0.6166
     8    6    6    -28.      6.   -0.25820E+17    0.36197E+16   -0.25661E+17   -0.37861E+17   -0.22800E+17    0.38193E+16                0.5963
     9    3   -6    -44.    -31.   -0.10191E+17    0.13430E+17   -0.15675E+17   -0.39324E+17   -0.20616E+17   -0.29750E+17                0.5796
     9    3   -5    -47.    -32.   -0.10991E+17    0.11300E+17   -0.21797E+17   -0.41254E+17   -0.22890E+17   -0.33003E+17                0.6139
     9    3   -4    -49.    -32.   -0.11699E+17    0.90778E+16   -0.27695E+17   -0.42943E+17   -0.25080E+17   -0.36142E+17                0.6426
     9    3   -3    -51.    -32.   -0.12306E+17    0.67850E+16   -0.33314E+17   -0.44371E+17   -0.27163E+17   -0.39134E+17                0.6649
     9    3   -2    -51.    -32.   -0.12809E+17    0.44441E+16   -0.38596E+17   -0.45528E+17   -0.29122E+17   -0.41952E+17                0.6800
     9    3   -1    -50.    -32.   -0.13201E+17    0.20795E+16   -0.43492E+17   -0.46399E+17   -0.30936E+17   -0.44565E+17                0.6874
     9    3    0    -50.    -33.   -0.13480E+17   -0.28644E+15   -0.47955E+17   -0.46971E+17   -0.32581E+17   -0.46938E+17                0.6868
     9    3    1    -49.    -33.   -0.13644E+17   -0.26304E+16   -0.51943E+17   -0.47240E+17   -0.34045E+17   -0.49052E+17                0.6782
     9    3    2    -47.    -33.   -0.13690E+17   -0.49292E+16   -0.55419E+17   -0.47198E+17   -0.35308E+17   -0.50876E+17                0.6617
     9    3    3    -46.    -33.   -0.13620E+17   -0.71600E+16   -0.58353E+17   -0.46841E+17   -0.36353E+17   -0.52385E+17                0.6379
     9    3    4    -45.    -33.   -0.13434E+17   -0.93027E+16   -0.60718E+17   -0.46171E+17   -0.37170E+17   -0.53563E+17                0.6074
     9    3    5    -44.    -33.   -0.13135E+17   -0.11336E+17   -0.62498E+17   -0.45185E+17   -0.37741E+17   -0.54384E+17                0.5712
     9    3    6    -42.    -33.   -0.12726E+17   -0.13241E+17   -0.63677E+17   -0.43892E+17   -0.38060E+17   -0.54838E+17                0.5303
     9    4   -6    -48.    -17.   -0.10730E+17    0.99397E+16   -0.17089E+17   -0.33415E+17   -0.14079E+17   -0.11255E+17                0.5747
     9    4   -5    -51.    -19.   -0.11624E+17    0.85953E+16   -0.22085E+17   -0.35144E+17   -0.16204E+17   -0.13684E+17                0.6116
     9    4   -4    -53.    -20.   -0.12419E+17    0.71689E+16   -0.26862E+17   -0.36667E+17   -0.18283E+17   -0.16107E+17                0.6435
     9    4   -3    -54.    -21.   -0.13107E+17    0.56738E+16   -0.31377E+17   -0.37964E+17   -0.20293E+17   -0.18495E+17                0.6692
     9    4   -2    -54.    -22.   -0.13684E+17    0.41243E+16   -0.35583E+17   -0.39025E+17   -0.22215E+17   -0.20826E+17                0.6879
     9    4   -1    -54.    -23.   -0.14142E+17    0.25340E+16   -0.39443E+17   -0.39839E+17   -0.24031E+17   -0.23077E+17                0.6990
     9    4    0    -53.    -23.   -0.14480E+17    0.91840E+15   -0.42919E+17   -0.40397E+17   -0.25722E+17   -0.25224E+17                0.7021
     9    4    1    -51.    -24.   -0.14692E+17   -0.70662E+15   -0.45979E+17   -0.40689E+17   -0.27268E+17   -0.27238E+17                0.6970
     9    4    2    -50.    -25.   -0.14778E+17   -0.23263E+16   -0.48596E+17   -0.40713E+17   -0.28654E+17   -0.29102E+17                0.6839
     9    4    3    -49.    -25.   -0.14738E+17   -0.39253E+16   -0.50748E+17   -0.40464E+17   -0.29862E+17   -0.30790E+17                0.6630
     9    4    4    -47.    -26.   -0.14572E+17   -0.54884E+16   -0.52416E+17   -0.39941E+17   -0.30879E+17   -0.32282E+17                0.6349
     9    4    5    -46.    -26.   -0.14282E+17   -0.70013E+16   -0.53590E+17   -0.39147E+17   -0.31691E+17   -0.33562E+17                0.6007
     9    4    6    -45.    -27.   -0.13873E+17   -0.84496E+16   -0.54261E+17   -0.38084E+17   -0.32287E+17   -0.34609E+17                0.5612
     9    5   -6    -46.      3.   -0.11068E+17    0.74830E+16   -0.15353E+17   -0.29982E+17   -0.10372E+17    0.15196E+16                0.5730
     9    5   -5    -54.     -0.   -0.12022E+17    0.66149E+16   -0.19611E+17   -0.31396E+17   -0.12278E+17   -0.55560E+14                0.6105
     9    5   -4    -56.     -3.   -0.12874E+17    0.56799E+16   -0.23673E+17   -0.32619E+17   -0.14154E+17   -0.16960E+16                0.6431
     9    5   -3    -57.     -5.   -0.13617E+17    0.46867E+16   -0.27501E+17   -0.33641E+17   -0.15985E+17   -0.33862E+16                0.6696
     9    5   -2    -57.     -7.   -0.14242E+17    0.36442E+16   -0.31057E+17   -0.34449E+17   -0.17751E+17   -0.51068E+16                0.6891
     9    5   -1    -57.     -9.   -0.14745E+17    0.25619E+16   -0.34309E+17   -0.35037E+17   -0.19437E+17   -0.68422E+16                0.7010
     9    5    0    -56.    -11.   -0.15120E+17    0.14502E+16   -0.37226E+17   -0.35397E+17   -0.21023E+17   -0.85713E+16                0.7048
     9    5    1    -55.    -12.   -0.15366E+17    0.31901E+15   -0.39781E+17   -0.35524E+17   -0.22492E+17   -0.10276E+17                0.7004
     9    5    2    -53.    -13.   -0.15479E+17   -0.82137E+15   -0.41951E+17   -0.35416E+17   -0.23831E+17   -0.11938E+17                0.6879
     9    5    3    -52.    -15.   -0.15460E+17   -0.19597E+16   -0.43719E+17   -0.35069E+17   -0.25023E+17   -0.13538E+17                0.6675
     9    5    4    -50.    -16.   -0.15308E+17   -0.30859E+16   -0.45070E+17   -0.34488E+17   -0.26054E+17   -0.15058E+17                0.6398
     9    5    5    -48.    -17.   -0.15027E+17   -0.41890E+16   -0.45994E+17   -0.33672E+17   -0.26912E+17   -0.16481E+17                0.6058
     9    5    6    -47.    -18.   -0.14619E+17   -0.52591E+16   -0.46487E+17   -0.32628E+17   -0.27586E+17   -0.17790E+17                0.5664
     9    6   -6    -24.     30.   -0.11352E+17    0.57748E+16   -0.12953E+17   -0.26240E+17   -0.63899E+16    0.13377E+17                0.5677
     9    6   -5    -30.     27.   -0.12362E+17    0.52307E+16   -0.16497E+17   -0.27290E+17   -0.80418E+16    0.12647E+17                0.6047
     9    6   -4    -35.     25.   -0.13267E+17    0.46345E+16   -0.19876E+17   -0.28170E+17   -0.96886E+16    0.11781E+17                0.6368
     9    6   -3    -39.     22.   -0.14058E+17    0.39916E+16   -0.23058E+17   -0.28872E+17   -0.11314E+17    0.10788E+17                0.6629
     9    6   -2    -42.     20.   -0.14729E+17    0.33077E+16   -0.26012E+17   -0.29390E+17   -0.12904E+17    0.96785E+16                0.6822
     9    6   -1    -44.     17.   -0.15274E+17    0.25889E+16   -0.28711E+17   -0.29718E+17   -0.14441E+17    0.84649E+16                0.6939
     9    6    0    -46.     14.   -0.15687E+17    0.18421E+16   -0.31130E+17   -0.29852E+17   -0.15910E+17    0.71600E+16                0.6976
     9    6    1    -48.     10.   -0.15965E+17    0.10741E+16   -0.33246E+17   -0.29790E+17   -0.17296E+17    0.57783E+16                0.6932
     9    6    2    -50.      7.   -0.16106E+17    0.29214E+15   -0.35041E+17   -0.29530E+17   -0.18584E+17    0.43344E+16                0.6808
     9    6    3    -51.      5.   -0.16108E+17   -0.49663E+15   -0.36499E+17   -0.29073E+17   -0.19761E+17    0.28437E+16                0.6606
     9    6    4    -51.      2.   -0.15973E+17   -0.12848E+16   -0.37610E+17   -0.28421E+17   -0.20812E+17    0.13221E+16                0.6332
     9    6    5    -51.     -0.   -0.15703E+17   -0.20652E+16   -0.38366E+17   -0.27579E+17   -0.21725E+17   -0.21401E+15                0.5996
     9    6    6    -49.     -3.   -0.15300E+17   -0.28300E+16   -0.38762E+17   -0.26550E+17   -0.22489E+17   -0.17483E+16                0.5606
    10    3   -6    -52.    -21.   -0.15892E+17    0.13732E+17   -0.68707E+17   -0.27138E+17   -0.14276E+17   -0.23892E+17                0.6087
    10    3   -5    -50.    -23.   -0.17096E+17    0.12229E+17   -0.69312E+17   -0.30179E+17   -0.18161E+17   -0.29157E+17                0.6693
    10    3   -4    -49.    -26.   -0.18155E+17    0.10566E+17   -0.69228E+17   -0.33065E+17   -0.21993E+17   -0.34318E+17                0.7240
    10    3   -3    -47.    -28.   -0.19060E+17    0.87577E+16   -0.68456E+17   -0.35768E+17   -0.25731E+17   -0.39322E+17                0.7709
    10    3   -2    -45.    -30.   -0.19802E+17    0.68184E+16   -0.67004E+17   -0.38269E+17   -0.29346E+17   -0.44131E+17                0.8087
    10    3   -1    -43.    -32.   -0.20372E+17    0.47654E+16   -0.64887E+17   -0.40546E+17   -0.32805E+17   -0.48702E+17                0.8362
    10    3    0    -41.    -33.   -0.20765E+17    0.26175E+16   -0.62126E+17   -0.42577E+17   -0.36074E+17   -0.52989E+17                0.8527
    10    3    1    -40.    -35.   -0.20977E+17    0.39453E+15   -0.58751E+17   -0.44350E+17   -0.39128E+17   -0.56961E+17                0.8577
    10    3    2    -38.    -36.   -0.21006E+17   -0.18823E+16   -0.54800E+17   -0.45843E+17   -0.41932E+17   -0.60572E+17                0.8511
    10    3    3    -37.    -37.   -0.20851E+17   -0.41913E+16   -0.50314E+17   -0.47043E+17   -0.44461E+17   -0.63790E+17                0.8333
    10    3    4    -36.    -38.   -0.20513E+17   -0.65096E+16   -0.45345E+17   -0.47941E+17   -0.46691E+17   -0.66586E+17                0.8050
    10    3    5    -36.    -39.   -0.19997E+17   -0.88138E+16   -0.39944E+17   -0.48528E+17   -0.48602E+17   -0.68934E+17                0.7673
    10    3    6    -36.    -40.   -0.19305E+17   -0.11081E+17   -0.34172E+17   -0.48797E+17   -0.50173E+17   -0.70809E+17                0.7213
    10    4   -6    -67.     -3.   -0.17553E+17    0.18225E+17   -0.52990E+17   -0.17325E+17   -0.29249E+16   -0.21266E+16                0.5785
    10    4   -5    -64.     -7.   -0.18790E+17    0.16541E+17   -0.54090E+17   -0.19859E+17   -0.64302E+16   -0.57199E+16                0.6404
    10    4   -4    -59.    -11.   -0.19868E+17    0.14667E+17   -0.54652E+17   -0.22297E+17   -0.99509E+16   -0.93389E+16                0.6976
    10    4   -3    -54.    -14.   -0.20777E+17    0.12618E+17   -0.54671E+17   -0.24623E+17   -0.13459E+17   -0.12957E+17                0.7483
    10    4   -2    -50.    -17.   -0.21508E+17    0.10412E+17   -0.54147E+17   -0.26818E+17   -0.16925E+17   -0.16543E+17                0.7910
    10    4   -1    -45.    -20.   -0.22053E+17    0.80687E+16   -0.53084E+17   -0.28865E+17   -0.20317E+17   -0.20065E+17                0.8242
    10    4    0    -41.    -22.   -0.22406E+17    0.56099E+16   -0.51496E+17   -0.30749E+17   -0.23608E+17   -0.23494E+17                0.8471
    10    4    1    -38.    -24.   -0.22564E+17    0.30587E+16   -0.49400E+17   -0.32454E+17   -0.26766E+17   -0.26802E+17                0.8591
    10    4    2    -35.    -26.   -0.22525E+17    0.43861E+15   -0.46818E+17   -0.33968E+17   -0.29766E+17   -0.29960E+17                0.8597
    10    4    3    -33.    -28.   -0.22288E+17   -0.22244E+16   -0.43781E+17   -0.35277E+17   -0.32579E+17   -0.32938E+17                0.8493
    10    4    4    -32.    -30.   -0.21856E+17   -0.49045E+16   -0.40322E+17   -0.36370E+17   -0.35180E+17   -0.35711E+17                0.8281
    10    4    5    -32.    -31.   -0.21234E+17   -0.75751E+16   -0.36479E+17   -0.37240E+17   -0.37545E+17   -0.38255E+17                0.7971
    10    4    6    -32.    -32.   -0.20426E+17   -0.10210E+17   -0.32296E+17   -0.37878E+17   -0.39654E+17   -0.40547E+17                0.7574
    10    5   -6    -74.      8.   -0.18628E+17    0.19137E+17   -0.43876E+17   -0.16209E+17   -0.16910E+16    0.43539E+16                0.5746
    10    5   -5    -73.      4.   -0.19909E+17    0.17791E+17   -0.45083E+17   -0.18066E+17   -0.45956E+16    0.23493E+16                0.6386
    10    5   -4    -70.      0.   -0.21023E+17    0.16253E+17   -0.45843E+17   -0.19835E+17   -0.75247E+16    0.27946E+15                0.6981
    10    5   -3    -63.     -3.   -0.21956E+17    0.14538E+17   -0.46146E+17   -0.21502E+17   -0.10452E+17   -0.18373E+16                0.7512
    10    5   -2    -56.     -5.   -0.22701E+17    0.12659E+17   -0.45988E+17   -0.23056E+17   -0.13353E+17   -0.39845E+16                0.7962
    10    5   -1    -50.     -8.   -0.23250E+17    0.10634E+17   -0.45373E+17   -0.24483E+17   -0.16201E+17   -0.61414E+16                0.8318
    10    5    0    -44.    -10.   -0.23596E+17    0.84808E+16   -0.44307E+17   -0.25772E+17   -0.18969E+17   -0.82888E+16                0.8568
    10    5    1    -39.    -13.   -0.23736E+17    0.62202E+16   -0.42801E+17   -0.26913E+17   -0.21633E+17   -0.10408E+17                0.8706
    10    5    2    -35.    -15.   -0.23669E+17    0.38739E+16   -0.40875E+17   -0.27896E+17   -0.24168E+17   -0.12480E+17                0.8728
    10    5    3    -32.    -17.   -0.23394E+17    0.14642E+16   -0.38549E+17   -0.28713E+17   -0.26550E+17   -0.14484E+17                0.8633
    10    5    4    -30.    -19.   -0.22915E+17   -0.98521E+15   -0.35849E+17   -0.29358E+17   -0.28758E+17   -0.16404E+17                0.8427
    10    5    5    -28.    -20.   -0.22236E+17   -0.34500E+16   -0.32806E+17   -0.29825E+17   -0.30769E+17   -0.18222E+17                0.8116
    10    5    6    -28.    -22.   -0.21362E+17   -0.59055E+16   -0.29454E+17   -0.30109E+17   -0.32565E+17   -0.19920E+17                0.7712
    10    6   -6    -59.     28.   -0.19671E+17    0.16686E+17   -0.35134E+17   -0.13515E+17    0.11068E+16    0.11731E+17                0.5686
    10    6   -5    -56.     24.   -0.20989E+17    0.15613E+17   -0.36284E+17   -0.14882E+17   -0.13928E+16    0.10950E+17                0.6337
    10    6   -4    -52.     21.   -0.22130E+17    0.14375E+17   -0.37073E+17   -0.16179E+17   -0.39353E+16    0.10060E+17                0.6944
    10    6   -3    -48.     18.   -0.23081E+17    0.12982E+17   -0.37494E+17   -0.17395E+17   -0.64979E+16    0.90701E+16                0.7489
    10    6   -2    -43.     16.   -0.23833E+17    0.11446E+17   -0.37543E+17   -0.18522E+17   -0.90577E+16    0.79887E+16                0.7956
    10    6   -1    -39.     13.   -0.24378E+17    0.97819E+16   -0.37219E+17   -0.19550E+17   -0.11591E+17    0.68263E+16                0.8328
    10    6    0    -34.     11.   -0.24711E+17    0.80042E+16   -0.36526E+17   -0.20472E+17   -0.14074E+17    0.55931E+16                0.8596
    10    6    1    -30.      8.   -0.24827E+17    0.61301E+16   -0.35473E+17   -0.21281E+17   -0.16483E+17    0.43015E+16                0.8750
    10    6    2    -27.      5.   -0.24726E+17    0.41775E+16   -0.34071E+17   -0.21969E+17   -0.18795E+17    0.29634E+16                0.8787
    10    6    3    -24.      3.   -0.24409E+17    0.21654E+16   -0.32338E+17   -0.22531E+17   -0.20989E+17    0.15909E+16                0.8705
    10    6    4    -22.      0.   -0.23878E+17    0.11377E+15   -0.30292E+17   -0.22961E+17   -0.23043E+17    0.19771E+15                0.8509
    10    6    5    -20.     -2.   -0.23138E+17   -0.19571E+16   -0.27957E+17   -0.23256E+17   -0.24936E+17   -0.12038E+16                0.8205
    10    6    6    -19.     -4.   -0.22197E+17   -0.40264E+16   -0.25360E+17   -0.23413E+17   -0.26651E+17   -0.26003E+16                0.7805
    11    3   -6     30.    -10.   -0.62266E+16    0.24751E+17    0.14751E+17   -0.40081E+17    0.11577E+17   -0.44440E+16                0.8740
    11    3   -5     30.    -19.   -0.82537E+16    0.16287E+17   -0.12641E+16   -0.43850E+17    0.82191E+16   -0.91958E+16                0.8761
    11    3   -4     -3.    -22.   -0.10233E+17    0.77586E+16   -0.17233E+17   -0.47334E+17    0.46860E+16   -0.13988E+17                0.8742
    11    3   -3    -29.    -22.   -0.12141E+17   -0.74452E+15   -0.33005E+17   -0.50477E+17    0.10285E+16   -0.18749E+17                0.8684
    11    3   -2    -40.    -22.   -0.13963E+17   -0.91322E+16   -0.48422E+17   -0.53252E+17   -0.27248E+16   -0.23438E+17                0.8586
    11    3   -1    -42.    -22.   -0.15676E+17   -0.17313E+17   -0.63336E+17   -0.55612E+17   -0.65239E+16   -0.27989E+17                0.8451
    11    3    0    -41.    -22.   -0.17265E+17   -0.25204E+17   -0.77605E+17   -0.57527E+17   -0.10326E+17   -0.32345E+17                0.8281
    11    3    1    -39.    -22.   -0.18712E+17   -0.32719E+17   -0.91088E+17   -0.58970E+17   -0.14090E+17   -0.36458E+17                0.8080
    11    3    2    -36.    -22.   -0.20004E+17   -0.39780E+17   -0.10365E+18   -0.59917E+17   -0.17774E+17   -0.40278E+17                0.7852
    11    3    3    -34.    -21.   -0.21127E+17   -0.46318E+17   -0.11519E+18   -0.60351E+17   -0.21337E+17   -0.43759E+17                0.7601
    11    3    4    -32.    -21.   -0.22068E+17   -0.52261E+17   -0.12558E+18   -0.60250E+17   -0.24730E+17   -0.46845E+17                0.7334
    11    3    5    -30.    -21.   -0.22818E+17   -0.57550E+17   -0.13473E+18   -0.59614E+17   -0.27920E+17   -0.49508E+17                0.7055
    11    3    6    -28.    -21.   -0.23368E+17   -0.62137E+17   -0.14256E+18   -0.58434E+17   -0.30862E+17   -0.51702E+17                0.6772
    11    4   -6     75.      6.   -0.63737E+16    0.14784E+17    0.31053E+16   -0.40308E+17    0.17119E+17    0.25995E+16                0.8845
    11    4   -5     38.     -3.   -0.84021E+16    0.76690E+16   -0.10518E+17   -0.44040E+17    0.13821E+17   -0.14906E+16                0.8918
    11    4   -4     -8.    -10.   -0.10379E+17    0.49504E+15   -0.24065E+17   -0.47487E+17    0.10314E+17   -0.56551E+16                0.8948
    11    4   -3    -30.    -13.   -0.12282E+17   -0.66677E+16   -0.37408E+17   -0.50600E+17    0.66447E+16   -0.98370E+16                0.8935
    11    4   -2    -38.    -14.   -0.14095E+17   -0.13753E+17   -0.50425E+17   -0.53353E+17    0.28407E+16   -0.14002E+17                0.8877
    11    4   -1    -40.    -16.   -0.15798E+17   -0.20692E+17   -0.62996E+17   -0.55710E+17   -0.10554E+16   -0.18103E+17                0.8777
    11    4    0    -40.    -16.   -0.17374E+17   -0.27418E+17   -0.75003E+17   -0.57640E+17   -0.50006E+16   -0.22092E+17                0.8635
    11    4    1    -38.    -17.   -0.18808E+17   -0.33865E+17   -0.86337E+17   -0.59119E+17   -0.89525E+16   -0.25924E+17                0.8457
    11    4    2    -36.    -18.   -0.20084E+17   -0.39971E+17   -0.96892E+17   -0.60125E+17   -0.12870E+17   -0.29560E+17                0.8245
    11    4    3    -34.    -18.   -0.21192E+17   -0.45680E+17   -0.10657E+18   -0.60646E+17   -0.16713E+17   -0.32959E+17                0.8005
    11    4    4    -32.    -18.   -0.22116E+17   -0.50936E+17   -0.11529E+18   -0.60665E+17   -0.20436E+17   -0.36082E+17                0.7742
    11    4    5    -31.    -19.   -0.22850E+17   -0.55690E+17   -0.12298E+18   -0.60179E+17   -0.24002E+17   -0.38895E+17                0.7464
    11    4    6    -29.    -19.   -0.23386E+17   -0.59900E+17   -0.12955E+18   -0.59184E+17   -0.27370E+17   -0.41366E+17                0.7177
    11    5   -6     71.     17.   -0.77024E+16    0.78622E+16   -0.11273E+16   -0.42338E+17    0.18581E+17    0.90011E+16                0.8905
    11    5   -5     32.     12.   -0.98945E+16    0.15258E+16   -0.13278E+17   -0.45758E+17    0.15298E+17    0.62186E+16                0.8986
    11    5   -4     -2.      6.   -0.12025E+17   -0.48313E+16   -0.25325E+17   -0.48866E+17    0.11806E+17    0.33485E+16                0.9015
    11    5   -3    -24.      1.   -0.14072E+17   -0.11153E+17   -0.37162E+17   -0.51629E+17    0.81399E+16    0.42034E+15                0.8992
    11    5   -2    -33.     -3.   -0.16015E+17   -0.17381E+17   -0.48680E+17   -0.54018E+17    0.43345E+16   -0.25378E+16                0.8917
    11    5   -1    -36.     -5.   -0.17835E+17   -0.23456E+17   -0.59774E+17   -0.56003E+17    0.43173E+15   -0.54926E+16                0.8792
    11    5    0    -37.     -7.   -0.19513E+17   -0.29324E+17   -0.70345E+17   -0.57559E+17   -0.35286E+16   -0.84137E+16                0.8620
    11    5    1    -36.     -9.   -0.21030E+17   -0.34931E+17   -0.80298E+17   -0.58667E+17   -0.75059E+16   -0.11273E+17                0.8406
    11    5    2    -34.    -10.   -0.22374E+17   -0.40226E+17   -0.89545E+17   -0.59314E+17   -0.11461E+17   -0.14041E+17                0.8154
    11    5    3    -33.    -11.   -0.23530E+17   -0.45159E+17   -0.98003E+17   -0.59485E+17   -0.15350E+17   -0.16688E+17                0.7873
    11    5    4    -31.    -11.   -0.24483E+17   -0.49686E+17   -0.10560E+18   -0.59173E+17   -0.19132E+17   -0.19187E+17                0.7570
    11    5    5    -30.    -12.   -0.25227E+17   -0.53768E+17   -0.11226E+18   -0.58380E+17   -0.22769E+17   -0.21515E+17                0.7253
    11    5    6    -28.    -13.   -0.25752E+17   -0.57368E+17   -0.11795E+18   -0.57105E+17   -0.26221E+17   -0.23647E+17                0.6930
    11    6   -6     56.     28.   -0.82115E+16    0.29242E+16   -0.43098E+16   -0.42051E+17    0.21740E+17    0.16670E+17                0.8870
    11    6   -5     28.     25.   -0.10449E+17   -0.23760E+16   -0.14857E+17   -0.44762E+17    0.18853E+17    0.15360E+17                0.8918
    11    6   -4      5.     21.   -0.12620E+17   -0.76507E+16   -0.25271E+17   -0.47152E+17    0.15737E+17    0.13928E+17                0.8906
    11    6   -3    -12.     18.   -0.14702E+17   -0.12852E+17   -0.35456E+17   -0.49196E+17    0.12425E+17    0.12386E+17                0.8833
    11    6   -2    -21.     14.   -0.16673E+17   -0.17932E+17   -0.45320E+17   -0.50869E+17    0.89503E+16    0.10749E+17                0.8703
    11    6   -1    -26.     11.   -0.18514E+17   -0.22848E+17   -0.54778E+17   -0.52151E+17    0.53484E+16    0.90361E+16                0.8517
    11    6    0    -29.      8.   -0.20206E+17   -0.27551E+17   -0.63741E+17   -0.53024E+17    0.16546E+16    0.72625E+16                0.8281
    11    6    1    -30.      5.   -0.21732E+17   -0.31999E+17   -0.72129E+17   -0.53478E+17   -0.20939E+16    0.54433E+16                0.8001
    11    6    2    -31.      3.   -0.23075E+17   -0.36155E+17   -0.79872E+17   -0.53501E+17   -0.58559E+16    0.35969E+16                0.7685
    11    6    3    -30.      1.   -0.24223E+17   -0.39981E+17   -0.86900E+17   -0.53092E+17   -0.95966E+16    0.17402E+16                0.7343
    11    6    4    -30.     -0.   -0.25161E+17   -0.43442E+17   -0.93152E+17   -0.52247E+17   -0.13274E+17   -0.11038E+15                0.6984
    11    6    5    -28.     -1.   -0.25882E+17   -0.46510E+17   -0.98576E+17   -0.50972E+17   -0.16851E+17   -0.19372E+16                0.6618
    11    6    6    -26.     -3.   -0.26378E+17   -0.49157E+17   -0.10313E+18   -0.49275E+17   -0.20293E+17   -0.37262E+16                0.6255
    12    3   -6    -40.    -22.   -0.10830E+17    0.13261E+17   -0.24287E+17   -0.37517E+17   -0.50536E+16   -0.15981E+17                0.6358
    12    3   -5    -47.    -23.   -0.12081E+17    0.11130E+17   -0.30496E+17   -0.39998E+17   -0.74696E+16   -0.19328E+17                0.6740
    12    3   -4    -50.    -24.   -0.13236E+17    0.89485E+16   -0.36411E+17   -0.42218E+17   -0.99022E+16   -0.22618E+17                0.7057
    12    3   -3    -52.    -25.   -0.14285E+17    0.67418E+16   -0.41976E+17   -0.44146E+17   -0.12319E+17   -0.25804E+17                0.7300
    12    3   -2    -52.    -26.   -0.15218E+17    0.45318E+16   -0.47139E+17   -0.45762E+17   -0.14699E+17   -0.28853E+17                0.7458
    12    3   -1    -52.    -26.   -0.16024E+17    0.23429E+16   -0.51850E+17   -0.47047E+17   -0.17016E+17   -0.31734E+17                0.7526
    12    3    0    -50.    -27.   -0.16697E+17    0.19554E+15   -0.56067E+17   -0.47986E+17   -0.19248E+17   -0.34415E+17                0.7501
    12    3    1    -49.    -27.   -0.17230E+17   -0.18859E+16   -0.59748E+17   -0.48564E+17   -0.21371E+17   -0.36865E+17                0.7382
    12    3    2    -48.    -27.   -0.17618E+17   -0.38812E+16   -0.62861E+17   -0.48771E+17   -0.23360E+17   -0.39053E+17                0.7172
    12    3    3    -46.    -28.   -0.17857E+17   -0.57701E+16   -0.65380E+17   -0.48600E+17   -0.25194E+17   -0.40953E+17                0.6877
    12    3    4    -45.    -28.   -0.17945E+17   -0.75351E+16   -0.67284E+17   -0.48047E+17   -0.26851E+17   -0.42542E+17                0.6506
    12    3    5    -43.    -29.   -0.17882E+17   -0.91594E+16   -0.68557E+17   -0.47116E+17   -0.28315E+17   -0.43801E+17                0.6069
    12    3    6    -42.    -29.   -0.17668E+17   -0.10629E+17   -0.69192E+17   -0.45809E+17   -0.29567E+17   -0.44712E+17                0.5582
    12    4   -6    -38.    -12.   -0.11615E+17    0.12233E+17   -0.22682E+17   -0.36457E+17   -0.23928E+16   -0.72782E+16                0.6404
    12    4   -5    -45.    -14.   -0.12905E+17    0.10258E+17   -0.27971E+17   -0.38900E+17   -0.47303E+16   -0.99298E+16                0.6791
    12    4   -4    -49.    -16.   -0.14091E+17    0.82045E+16   -0.33008E+17   -0.41080E+17   -0.70880E+16   -0.12560E+17                0.7113
    12    4   -3    -50.    -17.   -0.15161E+17    0.60940E+16   -0.37745E+17   -0.42972E+17   -0.94420E+16   -0.15139E+17                0.7360
    12    4   -2    -51.    -19.   -0.16104E+17    0.39437E+16   -0.42140E+17   -0.44557E+17   -0.11770E+17   -0.17641E+17                0.7524
    12    4   -1    -51.    -20.   -0.16912E+17    0.17747E+16   -0.46150E+17   -0.45819E+17   -0.14050E+17   -0.20044E+17                0.7597
    12    4    0    -50.    -20.   -0.17576E+17   -0.39467E+15   -0.49743E+17   -0.46740E+17   -0.16258E+17   -0.22317E+17                0.7576
    12    4    1    -49.    -21.   -0.18089E+17   -0.25431E+16   -0.52886E+17   -0.47308E+17   -0.18369E+17   -0.24436E+17                0.7462
    12    4    2    -47.    -22.   -0.18448E+17   -0.46513E+16   -0.55551E+17   -0.47516E+17   -0.20364E+17   -0.26379E+17                0.7257
    12    4    3    -46.    -22.   -0.18648E+17   -0.66998E+16   -0.57716E+17   -0.47359E+17   -0.22222E+17   -0.28126E+17                0.6966
    12    4    4    -45.    -23.   -0.18688E+17   -0.86706E+16   -0.59365E+17   -0.46832E+17   -0.23922E+17   -0.29656E+17                0.6600
    12    4    5    -43.    -24.   -0.18568E+17   -0.10546E+17   -0.60486E+17   -0.45940E+17   -0.25446E+17   -0.30952E+17                0.6168
    12    4    6    -42.    -24.   -0.18289E+17   -0.12309E+17   -0.61073E+17   -0.44686E+17   -0.26777E+17   -0.31999E+17                0.5684
    12    5   -6    -31.      1.   -0.12396E+17    0.10266E+17   -0.19190E+17   -0.36031E+17   -0.11431E+16    0.67769E+15                0.6408
    12    5   -5    -39.     -2.   -0.13721E+17    0.86718E+16   -0.23617E+17   -0.38150E+17   -0.32597E+16   -0.99027E+15                0.6780
    12    5   -4    -44.     -4.   -0.14935E+17    0.70065E+16   -0.27828E+17   -0.40002E+17   -0.53972E+16   -0.26777E+16                0.7085
    12    5   -3    -47.     -6.   -0.16025E+17    0.52845E+16   -0.31785E+17   -0.41569E+17   -0.75369E+16   -0.43690E+16                0.7312
    12    5   -2    -48.     -8.   -0.16981E+17    0.35202E+16   -0.35452E+17   -0.42832E+17   -0.96558E+16   -0.60440E+16                0.7454
    12    5   -1    -49.     -9.   -0.17793E+17    0.17291E+16   -0.38796E+17   -0.43779E+17   -0.11736E+17   -0.76887E+16                0.7504
    12    5    0    -48.    -11.   -0.18454E+17   -0.73950E+14   -0.41789E+17   -0.44397E+17   -0.13754E+17   -0.92842E+16                0.7461
    12    5    1    -48.    -12.   -0.18956E+17   -0.18723E+16   -0.44404E+17   -0.44678E+17   -0.15692E+17   -0.10814E+17                0.7324
    12    5    2    -47.    -13.   -0.19295E+17   -0.36512E+16   -0.46620E+17   -0.44617E+17   -0.17530E+17   -0.12263E+17                0.7099
    12    5    3    -46.    -14.   -0.19468E+17   -0.53944E+16   -0.48420E+17   -0.44213E+17   -0.19249E+17   -0.13618E+17                0.6790
    12    5    4    -45.    -15.   -0.19473E+17   -0.70868E+16   -0.49789E+17   -0.43465E+17   -0.20831E+17   -0.14863E+17                0.6409
    12    5    5    -44.    -15.   -0.19310E+17   -0.87140E+16   -0.50719E+17   -0.42379E+17   -0.22259E+17   -0.15984E+17                0.5965
    12    5    6    -42.    -16.   -0.18982E+17   -0.10262E+17   -0.51205E+17   -0.40963E+17   -0.23521E+17   -0.16974E+17                0.5475
    12    6   -6    -12.     21.   -0.12843E+17    0.81393E+16   -0.16201E+17   -0.33668E+17    0.19358E+16    0.10264E+17                0.6340
    12    6   -5    -20.     19.   -0.14192E+17    0.70224E+16   -0.19782E+17   -0.35334E+17    0.11561E+15    0.95836E+16                0.6683
    12    6   -4    -26.     17.   -0.15426E+17    0.58505E+16   -0.23179E+17   -0.36747E+17   -0.17449E+16    0.88224E+16                0.6956
    12    6   -3    -31.     15.   -0.16531E+17    0.46331E+16   -0.26361E+17   -0.37891E+17   -0.36272E+16    0.79889E+16                0.7150
    12    6   -2    -35.     13.   -0.17497E+17    0.33814E+16   -0.29298E+17   -0.38752E+17   -0.55139E+16    0.70915E+16                0.7257
    12    6   -1    -38.     11.   -0.18315E+17    0.21047E+16   -0.31967E+17   -0.39323E+17   -0.73879E+16    0.61384E+16                0.7273
    12    6    0    -40.      9.   -0.18976E+17    0.81454E+15   -0.34344E+17   -0.39592E+17   -0.92288E+16    0.51410E+16                0.7197
    12    6    1    -42.      6.   -0.19474E+17   -0.47792E+15   -0.36407E+17   -0.39559E+17   -0.11020E+17    0.41070E+16                0.7030
    12    6    2    -43.      5.   -0.19804E+17   -0.17626E+16   -0.38141E+17   -0.39219E+17   -0.12744E+17    0.30479E+16                0.6777
    12    6    3    -44.      3.   -0.19963E+17   -0.30280E+16   -0.39532E+17   -0.38574E+17   -0.14382E+17    0.19732E+16                0.6446
    12    6    4    -44.      1.   -0.19949E+17   -0.42629E+16   -0.40569E+17   -0.37628E+17   -0.15919E+17    0.89282E+15                0.6047
    12    6    5    -44.     -0.   -0.19763E+17   -0.54574E+16   -0.41247E+17   -0.36387E+17   -0.17339E+17   -0.18308E+15                0.5593
    12    6    6    -43.     -2.   -0.19407E+17   -0.66010E+16   -0.41562E+17   -0.34861E+17   -0.18628E+17   -0.12451E+16                0.5097
    13    3   -6     -4.    -11.   -0.12859E+17    0.23083E+17   -0.14013E+17   -0.37751E+17    0.42506E+16   -0.60372E+16                0.7144
    13    3   -5    -24.    -16.   -0.14183E+17    0.20975E+17   -0.21449E+17   -0.40344E+17    0.13835E+16   -0.10263E+17                0.7437
    13    3   -4    -37.    -19.   -0.15396E+17    0.18720E+17   -0.28676E+17   -0.42684E+17   -0.15876E+16   -0.14521E+17                0.7664
    13    3   -3    -45.    -21.   -0.16487E+17    0.16341E+17   -0.35631E+17   -0.44743E+17   -0.46319E+16   -0.18764E+17                0.7815
    13    3   -2    -50.    -23.   -0.17447E+17    0.13863E+17   -0.42249E+17   -0.46498E+17   -0.77202E+16   -0.22948E+17                0.7888
    13    3   -1    -53.    -24.   -0.18265E+17    0.11312E+17   -0.48469E+17   -0.47925E+17   -0.10818E+17   -0.27025E+17                0.7877
    13    3    0    -53.    -25.   -0.18934E+17    0.87115E+16   -0.54235E+17   -0.49009E+17   -0.13896E+17   -0.30952E+17                0.7784
    13    3    1    -52.    -26.   -0.19447E+17    0.60885E+16   -0.59497E+17   -0.49732E+17   -0.16919E+17   -0.34684E+17                0.7610
    13    3    2    -51.    -27.   -0.19801E+17    0.34688E+16   -0.64205E+17   -0.50085E+17   -0.19861E+17   -0.38186E+17                0.7360
    13    3    3    -49.    -28.   -0.19992E+17    0.87844E+15   -0.68322E+17   -0.50056E+17   -0.22683E+17   -0.41410E+17                0.7043
    13    3    4    -47.    -28.   -0.20018E+17   -0.16570E+16   -0.71810E+17   -0.49642E+17   -0.25360E+17   -0.44324E+17                0.6666
    13    3    5    -45.    -29.   -0.19879E+17   -0.41139E+16   -0.74643E+17   -0.48839E+17   -0.27857E+17   -0.46887E+17                0.6243
    13    3    6    -43.    -29.   -0.19578E+17   -0.64705E+16   -0.76796E+17   -0.47658E+17   -0.30157E+17   -0.49086E+17                0.5785
    13    4   -6      3.      3.   -0.14037E+17    0.20643E+17   -0.15027E+17   -0.37802E+17    0.81848E+16    0.15878E+16                0.7286
    13    4   -5    -20.     -4.   -0.15403E+17    0.18723E+17   -0.21523E+17   -0.40520E+17    0.51615E+16   -0.22718E+16                0.7580
    13    4   -4    -34.     -9.   -0.16646E+17    0.16636E+17   -0.27837E+17   -0.42971E+17    0.20232E+16   -0.61846E+16                0.7808
    13    4   -3    -42.    -13.   -0.17753E+17    0.14402E+17   -0.33911E+17   -0.45127E+17   -0.11967E+16   -0.10106E+17                0.7961
    13    4   -2    -47.    -16.   -0.18714E+17    0.12037E+17   -0.39694E+17   -0.46966E+17   -0.44699E+16   -0.14002E+17                0.8034
    13    4   -1    -50.    -18.   -0.19519E+17    0.95637E+16   -0.45135E+17   -0.48470E+17   -0.77644E+16   -0.17832E+17                0.8025
    13    4    0    -51.    -20.   -0.20161E+17    0.70043E+16   -0.50186E+17   -0.49617E+17   -0.11045E+17   -0.21552E+17                0.7933
    13    4    1    -50.    -21.   -0.20635E+17    0.43813E+16   -0.54805E+17   -0.50397E+17   -0.14283E+17   -0.25132E+17                0.7761
    13    4    2    -50.    -22.   -0.20935E+17    0.17200E+16   -0.58952E+17   -0.50795E+17   -0.17440E+17   -0.28527E+17                0.7514
    13    4    3    -48.    -23.   -0.21059E+17   -0.95734E+15   -0.62594E+17   -0.50808E+17   -0.20490E+17   -0.31708E+17                0.7200
    13    4    4    -47.    -24.   -0.21006E+17   -0.36237E+16   -0.65698E+17   -0.50430E+17   -0.23398E+17   -0.34639E+17                0.6828
    13    4    5    -45.    -25.   -0.20778E+17   -0.62559E+16   -0.68244E+17   -0.49659E+17   -0.26134E+17   -0.37288E+17                0.6409
    13    4    6    -43.    -26.   -0.20377E+17   -0.88301E+16   -0.70212E+17   -0.48504E+17   -0.28674E+17   -0.39634E+17                0.5957
    13    5   -6     18.     14.   -0.15263E+17    0.18112E+17   -0.11281E+17   -0.39441E+17    0.87074E+16    0.73825E+16                0.7387
    13    5   -5     -1.      9.   -0.16635E+17    0.16628E+17   -0.16742E+17   -0.41680E+17    0.59267E+16    0.47189E+16                0.7660
    13    5   -4    -18.      4.   -0.17872E+17    0.14989E+17   -0.22056E+17   -0.43629E+17    0.30383E+16    0.19857E+16                0.7860
    13    5   -3    -30.     -1.   -0.18963E+17    0.13210E+17   -0.27175E+17   -0.45269E+17    0.68084E+14   -0.79125E+15                0.7981
    13    5   -2    -38.     -5.   -0.19896E+17    0.11302E+17   -0.32058E+17   -0.46582E+17   -0.29548E+16   -0.35845E+16                0.8018
    13    5   -1    -43.     -8.   -0.20662E+17    0.92820E+16   -0.36661E+17   -0.47553E+17   -0.60009E+16   -0.63652E+16                0.7971
    13    5    0    -46.    -10.   -0.21255E+17    0.71674E+16   -0.40946E+17   -0.48170E+17   -0.90414E+16   -0.91071E+16                0.7840
    13    5    1    -47.    -12.   -0.21670E+17    0.49763E+16   -0.44878E+17   -0.48426E+17   -0.12046E+17   -0.11783E+17                0.7630
    13    5    2    -48.    -14.   -0.21901E+17    0.27285E+16   -0.48424E+17   -0.48314E+17   -0.14985E+17   -0.14365E+17                0.7346
    13    5    3    -48.    -16.   -0.21947E+17    0.44329E+15   -0.51556E+17   -0.47832E+17   -0.17828E+17   -0.16829E+17                0.6997
    13    5    4    -47.    -17.   -0.21808E+17   -0.18589E+16   -0.54250E+17   -0.46983E+17   -0.20547E+17   -0.19150E+17                0.6595
    13    5    5    -46.    -18.   -0.21486E+17   -0.41564E+16   -0.56485E+17   -0.45771E+17   -0.23115E+17   -0.21305E+17                0.6152
    13    5    6    -44.    -19.   -0.20985E+17   -0.64295E+16   -0.58246E+17   -0.44206E+17   -0.25506E+17   -0.23275E+17                0.5681
    13    6   -6     28.     27.   -0.16045E+17    0.15125E+17   -0.90953E+16   -0.37939E+17    0.11974E+17    0.16243E+17                0.7374
    13    6   -5     14.     24.   -0.17413E+17    0.14091E+17   -0.13548E+17   -0.39584E+17    0.94853E+16    0.14743E+17                0.7608
    13    6   -4      1.     22.   -0.18638E+17    0.12928E+17   -0.17877E+17   -0.40944E+17    0.68697E+16    0.13122E+17                0.7766
    13    6   -3    -10.     19.   -0.19709E+17    0.11645E+17   -0.22045E+17   -0.42005E+17    0.41518E+16    0.11397E+17                0.7842
    13    6   -2    -20.     16.   -0.20615E+17    0.10252E+17   -0.26016E+17   -0.42754E+17    0.13570E+16    0.95834E+16                0.7834
    13    6   -1    -28.     13.   -0.21347E+17    0.87604E+16   -0.29757E+17   -0.43182E+17   -0.14884E+16    0.76992E+16                0.7741
    13    6    0    -34.     10.   -0.21900E+17    0.71832E+16   -0.33235E+17   -0.43283E+17   -0.43567E+16    0.57625E+16                0.7567
    13    6    1    -40.      6.   -0.22267E+17    0.55328E+16   -0.36424E+17   -0.43053E+17   -0.72196E+16    0.37923E+16                0.7316
    13    6    2    -44.      3.   -0.22445E+17    0.38248E+16   -0.39297E+17   -0.42492E+17   -0.10049E+17    0.18069E+16                0.6997
    13    6    3    -47.     -0.   -0.22434E+17    0.20734E+16   -0.41831E+17   -0.41605E+17   -0.12819E+17   -0.17699E+15                0.6618
    13    6    4    -47.     -3.   -0.22232E+17    0.29423E+15   -0.44007E+17   -0.40395E+17   -0.15500E+17   -0.21383E+16                0.6193
    13    6    5    -46.     -5.   -0.21843E+17   -0.14964E+16   -0.45811E+17   -0.38871E+17   -0.18065E+17   -0.40608E+16                0.5733
    13    6    6    -45.     -7.   -0.21271E+17   -0.32824E+16   -0.47228E+17   -0.37045E+17   -0.20490E+17   -0.59265E+16                0.5254
    14    3   -6    -49.    -13.   -0.14819E+17    0.26665E+17   -0.87999E+17   -0.24252E+17   -0.57637E+16   -0.16472E+17                0.5965
    14    3   -5    -52.    -16.   -0.16186E+17    0.23645E+17   -0.84277E+17   -0.27047E+17   -0.95030E+16   -0.20966E+17                0.6456
    14    3   -4    -54.    -20.   -0.17420E+17    0.20338E+17   -0.79726E+17   -0.29679E+17   -0.13214E+17   -0.25357E+17                0.6916
    14    3   -3    -54.    -23.   -0.18506E+17    0.16770E+17   -0.74388E+17   -0.32127E+17   -0.16865E+17   -0.29613E+17                0.7333
    14    3   -2    -51.    -25.   -0.19434E+17    0.12974E+17   -0.68316E+17   -0.34375E+17   -0.20428E+17   -0.33701E+17                0.7694
    14    3   -1    -47.    -28.   -0.20192E+17    0.89842E+16   -0.61572E+17   -0.36404E+17   -0.23868E+17   -0.37586E+17                0.7989
    14    3    0    -42.    -31.   -0.20773E+17    0.48385E+16   -0.54224E+17   -0.38200E+17   -0.27160E+17   -0.41239E+17                0.8210
    14    3    1    -37.    -33.   -0.21172E+17    0.57696E+15   -0.46347E+17   -0.39747E+17   -0.30270E+17   -0.44628E+17                0.8351
    14    3    2    -32.    -36.   -0.21382E+17   -0.37589E+16   -0.38024E+17   -0.41034E+17   -0.33174E+17   -0.47727E+17                0.8408
    14    3    3    -29.    -37.   -0.21401E+17   -0.81258E+16   -0.29339E+17   -0.42054E+17   -0.35850E+17   -0.50516E+17                0.8380
    14    3    4    -28.    -38.   -0.21228E+17   -0.12480E+17   -0.20384E+17   -0.42794E+17   -0.38265E+17   -0.52961E+17                0.8269
    14    3    5    -30.    -39.   -0.20865E+17   -0.16778E+17   -0.11252E+17   -0.43257E+17   -0.40409E+17   -0.55059E+17                0.8079
    14    3    6    -33.    -39.   -0.20315E+17   -0.20973E+17   -0.20377E+16   -0.43431E+17   -0.42255E+17   -0.56776E+17                0.7817
    14    4   -6    -56.      5.   -0.16479E+17    0.24857E+17   -0.62050E+17   -0.14985E+17    0.71621E+16    0.39088E+16                0.5514
    14    4   -5    -66.      1.   -0.17835E+17    0.22135E+17   -0.59382E+17   -0.17370E+17    0.36920E+16    0.87922E+15                0.6018
    14    4   -4    -71.     -3.   -0.19043E+17    0.19163E+17   -0.56135E+17   -0.19660E+17    0.15711E+15   -0.21920E+16                0.6503
    14    4   -3    -68.     -7.   -0.20089E+17    0.15965E+17   -0.52339E+17   -0.21837E+17   -0.34142E+16   -0.52836E+16                0.6953
    14    4   -2    -60.    -11.   -0.20962E+17    0.12570E+17   -0.48034E+17   -0.23887E+17   -0.69913E+16   -0.83711E+16                0.7356
    14    4   -1    -49.    -15.   -0.21653E+17    0.90095E+16   -0.43263E+17   -0.25796E+17   -0.10547E+17   -0.11435E+17                0.7700
    14    4    0    -37.    -19.   -0.22153E+17    0.53151E+16   -0.38075E+17   -0.27548E+17   -0.14049E+17   -0.14450E+17                0.7973
    14    4    1    -27.    -22.   -0.22458E+17    0.15225E+16   -0.32523E+17   -0.29136E+17   -0.17472E+17   -0.17397E+17                0.8170
    14    4    2    -20.    -25.   -0.22563E+17   -0.23327E+16   -0.26664E+17   -0.30546E+17   -0.20785E+17   -0.20253E+17                0.8283
    14    4    3    -17.    -27.   -0.22467E+17   -0.62124E+16   -0.20560E+17   -0.31769E+17   -0.23961E+17   -0.22996E+17                0.8310
    14    4    4    -18.    -29.   -0.22169E+17   -0.10079E+17   -0.14275E+17   -0.32797E+17   -0.26974E+17   -0.25607E+17                0.8252
    14    4    5    -22.    -30.   -0.21672E+17   -0.13894E+17   -0.78732E+16   -0.33624E+17   -0.29798E+17   -0.28066E+17                0.8110
    14    4    6    -28.    -30.   -0.20981E+17   -0.17619E+17   -0.14224E+16   -0.34245E+17   -0.32411E+17   -0.30357E+17                0.7890
    14    5   -6    -68.     12.   -0.17683E+17    0.22406E+17   -0.46314E+17   -0.15366E+17    0.83352E+16    0.67283E+16                0.5335
    14    5   -5    -78.      9.   -0.19034E+17    0.20257E+17   -0.44228E+17   -0.17076E+17    0.54695E+16    0.52894E+16                0.5876
    14    5   -4    -80.      7.   -0.20225E+17    0.17891E+17   -0.41712E+17   -0.18687E+17    0.25302E+16    0.37909E+16                0.6396
    14    5   -3    -72.      4.   -0.21243E+17    0.15328E+17   -0.38791E+17   -0.20187E+17   -0.45677E+15    0.22449E+16                0.6879
    14    5   -2    -61.      1.   -0.22079E+17    0.12591E+17   -0.35493E+17   -0.21568E+17   -0.34674E+16    0.66016E+15                0.7311
    14    5   -1    -46.     -2.   -0.22722E+17    0.97053E+16   -0.31852E+17   -0.22820E+17   -0.64756E+16   -0.95131E+15                0.7677
    14    5    0    -30.     -5.   -0.23166E+17    0.66968E+16   -0.27904E+17   -0.23934E+17   -0.94547E+16   -0.25777E+16                0.7967
    14    5    1    -16.     -8.   -0.23404E+17    0.35943E+16   -0.23690E+17   -0.24902E+17   -0.12380E+17   -0.42084E+16                0.8172
    14    5    2     -6.    -11.   -0.23435E+17    0.42683E+15   -0.19254E+17   -0.25720E+17   -0.15226E+17   -0.58311E+16                0.8285
    14    5    3     -2.    -13.   -0.23258E+17   -0.27743E+16   -0.14641E+17   -0.26380E+17   -0.17968E+17   -0.74331E+16                0.8303
    14    5    4     -3.    -16.   -0.22872E+17   -0.59782E+16   -0.98988E+16   -0.26880E+17   -0.20581E+17   -0.90041E+16                0.8227
    14    5    5     -9.    -17.   -0.22282E+17   -0.91533E+16   -0.50771E+16   -0.27217E+17   -0.23044E+17   -0.10531E+17                0.8059
    14    5    6    -18.    -18.   -0.21493E+17   -0.12268E+17   -0.22525E+15   -0.27388E+17   -0.25335E+17   -0.12005E+17                0.7806
    14    6   -6    -68.     26.   -0.18743E+17    0.18483E+17   -0.34534E+17   -0.14026E+17    0.11022E+17    0.10744E+17                0.5215
    14    6   -5    -69.     26.   -0.20086E+17    0.16746E+17   -0.32942E+17   -0.15263E+17    0.84968E+16    0.10459E+17                0.5775
    14    6   -4    -58.     25.   -0.21258E+17    0.14833E+17   -0.31033E+17   -0.16412E+17    0.58778E+16    0.10089E+17                0.6314
    14    6   -3    -48.     23.   -0.22250E+17    0.12761E+17   -0.28825E+17   -0.17465E+17    0.31884E+16    0.96356E+16                0.6814
    14    6   -2    -36.     21.   -0.23049E+17    0.10548E+17   -0.26340E+17   -0.18415E+17    0.45162E+15    0.91012E+16                0.7260
    14    6   -1    -22.     19.   -0.23647E+17    0.82136E+16   -0.23602E+17   -0.19256E+17   -0.23079E+16    0.84893E+16                0.7638
    14    6    0     -7.     17.   -0.24036E+17    0.57803E+16   -0.20640E+17   -0.19982E+17   -0.50656E+16    0.78028E+16                0.7937
    14    6    1      8.     15.   -0.24213E+17    0.32707E+16   -0.17484E+17   -0.20591E+17   -0.77974E+16    0.70456E+16                0.8146
    14    6    2     18.     13.   -0.24175E+17    0.70879E+15   -0.14166E+17   -0.21077E+17   -0.10478E+17    0.62231E+16                0.8260
    14    6    3     23.     11.   -0.23921E+17   -0.18806E+16   -0.10720E+17   -0.21438E+17   -0.13085E+17    0.53415E+16                0.8275
    14    6    4     20.      9.   -0.23454E+17   -0.44724E+16   -0.71809E+16   -0.21672E+17   -0.15592E+17    0.44064E+16                0.8190
    14    6    5     12.      7.   -0.22777E+17   -0.70410E+16   -0.35861E+16   -0.21777E+17   -0.17979E+17    0.34248E+16                0.8010
    14    6    6     -0.      5.   -0.21897E+17   -0.95610E+16    0.27896E+14   -0.21754E+17   -0.20224E+17    0.24038E+16                0.7739
    15    3   -6     36.      8.   -0.11236E+17    0.52385E+17    0.97506E+16   -0.29575E+17    0.10055E+17    0.56036E+16                0.5879
    15    3   -5     25.      1.   -0.12990E+17    0.47926E+17    0.15280E+16   -0.33267E+17    0.61252E+16    0.66617E+15                0.6082
    15    3   -4      3.     -7.   -0.14642E+17    0.43042E+17   -0.67165E+16   -0.36779E+17    0.20450E+16   -0.44219E+16                0.6258
    15    3   -3    -18.    -13.   -0.16177E+17    0.37781E+17   -0.14906E+17   -0.40074E+17   -0.21451E+16   -0.96082E+16                0.6403
    15    3   -2    -33.    -18.   -0.17579E+17    0.32191E+17   -0.22962E+17   -0.43121E+17   -0.64086E+16   -0.14848E+17                0.6513
    15    3   -1    -43.    -21.   -0.18832E+17    0.26327E+17   -0.30811E+17   -0.45881E+17   -0.10699E+17   -0.20081E+17                0.6583
    15    3    0    -48.    -23.   -0.19924E+17    0.20246E+17   -0.38377E+17   -0.48329E+17   -0.14979E+17   -0.25261E+17                0.6610
    15    3    1    -50.    -25.   -0.20844E+17    0.14009E+17   -0.45589E+17   -0.50431E+17   -0.19200E+17   -0.30328E+17                0.6592
    15    3    2    -48.    -26.   -0.21581E+17    0.76755E+16   -0.52380E+17   -0.52165E+17   -0.23322E+17   -0.35230E+17                0.6530
    15    3    3    -46.    -27.   -0.22127E+17    0.13093E+16   -0.58686E+17   -0.53506E+17   -0.27301E+17   -0.39916E+17                0.6424
    15    3    4    -43.    -28.   -0.22478E+17   -0.50304E+16   -0.64450E+17   -0.54438E+17   -0.31098E+17   -0.44339E+17                0.6276
    15    3    5    -41.    -29.   -0.22627E+17   -0.11278E+17   -0.69618E+17   -0.54944E+17   -0.34670E+17   -0.48445E+17                0.6090
    15    3    6    -39.    -29.   -0.22574E+17   -0.17374E+17   -0.74145E+17   -0.55013E+17   -0.37980E+17   -0.52190E+17                0.5870
    15    4   -6     26.      7.   -0.12394E+17    0.38239E+17   -0.51135E+16   -0.34236E+17    0.89435E+16    0.39500E+16                0.5834
    15    4   -5      7.      1.   -0.14096E+17    0.35183E+17   -0.10340E+17   -0.37395E+17    0.55133E+16    0.77076E+15                0.6084
    15    4   -4    -12.     -4.   -0.15687E+17    0.31799E+17   -0.15479E+17   -0.40329E+17    0.19564E+16   -0.25097E+16                0.6299
    15    4   -3    -26.     -9.   -0.17150E+17    0.28115E+17   -0.20486E+17   -0.43006E+17   -0.16918E+16   -0.58564E+16                0.6471
    15    4   -2    -35.    -12.   -0.18470E+17    0.24166E+17   -0.25312E+17   -0.45397E+17   -0.53960E+16   -0.92357E+16                0.6596
    15    4   -1    -40.    -15.   -0.19634E+17    0.19988E+17   -0.29915E+17   -0.47480E+17   -0.91242E+16   -0.12620E+17                0.6668
    15    4    0    -43.    -17.   -0.20629E+17    0.15619E+17   -0.34251E+17   -0.49227E+17   -0.12836E+17   -0.15969E+17                0.6685
    15    4    1    -44.    -19.   -0.21446E+17    0.11100E+17   -0.38282E+17   -0.50622E+17   -0.16497E+17   -0.19254E+17                0.6645
    15    4    2    -44.    -20.   -0.22074E+17    0.64740E+16   -0.41971E+17   -0.51645E+17   -0.20070E+17   -0.22437E+17                0.6550
    15    4    3    -43.    -21.   -0.22508E+17    0.17856E+16   -0.45285E+17   -0.52283E+17   -0.23520E+17   -0.25491E+17                0.6401
    15    4    4    -42.    -22.   -0.22742E+17   -0.29208E+16   -0.48196E+17   -0.52524E+17   -0.26811E+17   -0.28380E+17                0.6204
    15    4    5    -40.    -23.   -0.22773E+17   -0.76000E+16   -0.50678E+17   -0.52360E+17   -0.29907E+17   -0.31070E+17                0.5962
    15    4    6    -39.    -24.   -0.22601E+17   -0.12208E+17   -0.52712E+17   -0.51790E+17   -0.32778E+17   -0.33537E+17                0.5685
    15    5   -6     22.     12.   -0.12923E+17    0.28618E+17   -0.85534E+16   -0.37179E+17    0.95909E+16    0.65633E+16                0.5759
    15    5   -5      7.      9.   -0.14611E+17    0.26396E+17   -0.12287E+17   -0.39807E+17    0.65736E+16    0.48595E+16                0.6029
    15    5   -4     -7.      6.   -0.16182E+17    0.23920E+17   -0.15912E+17   -0.42174E+17    0.34404E+16    0.30684E+16                0.6258
    15    5   -3    -19.      2.   -0.17622E+17    0.21214E+17   -0.19395E+17   -0.44256E+17    0.21911E+15    0.12054E+16                0.6438
    15    5   -2    -28.     -1.   -0.18915E+17    0.18299E+17   -0.22705E+17   -0.46030E+17   -0.30586E+16   -0.70958E+15                0.6564
    15    5   -1    -33.     -4.   -0.20048E+17    0.15202E+17   -0.25812E+17   -0.47478E+17   -0.63641E+16   -0.26615E+16                0.6630
    15    5    0    -36.     -6.   -0.21009E+17    0.11949E+17   -0.28687E+17   -0.48583E+17   -0.96645E+16   -0.46297E+16                0.6634
    15    5    1    -38.     -8.   -0.21787E+17    0.85715E+16   -0.31306E+17   -0.49333E+17   -0.12928E+17   -0.65957E+16                0.6576
    15    5    2    -39.    -10.   -0.22374E+17    0.51008E+16   -0.33645E+17   -0.49713E+17   -0.16122E+17   -0.85386E+16                0.6457
    15    5    3    -39.    -11.   -0.22763E+17    0.15682E+16   -0.35684E+17   -0.49721E+17   -0.19217E+17   -0.10441E+17                0.6279
    15    5    4    -39.    -13.   -0.22950E+17   -0.19928E+16   -0.37407E+17   -0.49350E+17   -0.22181E+17   -0.12285E+17                0.6050
    15    5    5    -39.    -14.   -0.22933E+17   -0.55485E+16   -0.38800E+17   -0.48601E+17   -0.24983E+17   -0.14049E+17                0.5774
    15    5    6    -38.    -15.   -0.22710E+17   -0.90648E+16   -0.39853E+17   -0.47475E+17   -0.27597E+17   -0.15716E+17                0.5462
    15    6   -6     27.     21.   -0.13241E+17    0.21327E+17   -0.86802E+16   -0.37460E+17    0.12119E+17    0.12168E+17                0.5675
    15    6   -5     16.     20.   -0.14933E+17    0.19996E+17   -0.11435E+17   -0.39383E+17    0.95291E+16    0.11810E+17                0.5942
    15    6   -4      7.     19.   -0.16507E+17    0.18479E+17   -0.14086E+17   -0.41034E+17    0.68114E+16    0.11340E+17                0.6162
    15    6   -3     -2.     18.   -0.17947E+17    0.16790E+17   -0.16607E+17   -0.42394E+17    0.39892E+16    0.10762E+17                0.6329
    15    6   -2    -10.     16.   -0.19237E+17    0.14941E+17   -0.18976E+17   -0.43450E+17    0.10885E+16    0.10081E+17                0.6438
    15    6   -1    -15.     15.   -0.20364E+17    0.12949E+17   -0.21172E+17   -0.44187E+17   -0.18630E+16    0.93034E+16                0.6483
    15    6    0    -20.     14.   -0.21316E+17    0.10833E+17   -0.23175E+17   -0.44598E+17   -0.48387E+16    0.84348E+16                0.6463
    15    6    1    -24.     12.   -0.22082E+17    0.86098E+16   -0.24968E+17   -0.44674E+17   -0.78094E+16    0.74841E+16                0.6379
    15    6    2    -27.     10.   -0.22655E+17    0.63014E+16   -0.26535E+17   -0.44412E+17   -0.10747E+17    0.64599E+16                0.6232
    15    6    3    -30.      9.   -0.23029E+17    0.39280E+16   -0.27863E+17   -0.43811E+17   -0.13622E+17    0.53710E+16                0.6026
    15    6    4    -32.      6.   -0.23197E+17    0.15116E+16   -0.28942E+17   -0.42874E+17   -0.16409E+17    0.42272E+16                0.5768
    15    6    5    -33.      4.   -0.23159E+17   -0.92428E+15   -0.29764E+17   -0.41606E+17   -0.19078E+17    0.30382E+16                0.5466
    15    6    6    -34.      3.   -0.22914E+17   -0.33576E+16   -0.30325E+17   -0.40016E+17   -0.21604E+17    0.18162E+16                0.5129
    16    3   -6    -60.    -24.   -0.11395E+17    0.13540E+17   -0.51980E+17   -0.28856E+17   -0.17876E+17   -0.25100E+17                0.3916
    16    3   -5    -60.    -25.   -0.12756E+17    0.13871E+17   -0.52731E+17   -0.31153E+17   -0.19492E+17   -0.26807E+17                0.4481
    16    3   -4    -60.    -25.   -0.14014E+17    0.14090E+17   -0.52989E+17   -0.33248E+17   -0.20994E+17   -0.28361E+17                0.5025
    16    3   -3    -59.    -26.   -0.15159E+17    0.14190E+17   -0.52752E+17   -0.35124E+17   -0.22372E+17   -0.29750E+17                0.5530
    16    3   -2    -58.    -26.   -0.16178E+17    0.14169E+17   -0.52018E+17   -0.36766E+17   -0.23615E+17   -0.30968E+17                0.5979
    16    3   -1    -57.    -26.   -0.17060E+17    0.14025E+17   -0.50794E+17   -0.38155E+17   -0.24710E+17   -0.31998E+17                0.6358
    16    3    0    -55.    -27.   -0.17797E+17    0.13758E+17   -0.49092E+17   -0.39283E+17   -0.25651E+17   -0.32838E+17                0.6654
    16    3    1    -53.    -27.   -0.18381E+17    0.13368E+17   -0.46927E+17   -0.40135E+17   -0.26426E+17   -0.33475E+17                0.6856
    16    3    2    -51.    -28.   -0.18806E+17    0.12857E+17   -0.44322E+17   -0.40705E+17   -0.27029E+17   -0.33905E+17                0.6959
    16    3    3    -49.    -28.   -0.19067E+17    0.12228E+17   -0.41302E+17   -0.40985E+17   -0.27454E+17   -0.34122E+17                0.6959
    16    3    4    -47.    -29.   -0.19161E+17    0.11487E+17   -0.37898E+17   -0.40973E+17   -0.27697E+17   -0.34125E+17                0.6856
    16    3    5    -45.    -29.   -0.19088E+17    0.10638E+17   -0.34147E+17   -0.40667E+17   -0.27754E+17   -0.33913E+17                0.6654
    16    3    6    -42.    -30.   -0.18847E+17    0.96884E+16   -0.30086E+17   -0.40068E+17   -0.27624E+17   -0.33485E+17                0.6360
    16    4   -6    -61.    -17.   -0.11656E+17    0.72718E+16   -0.39931E+17   -0.25240E+17   -0.13902E+17   -0.13139E+17                0.3722
    16    4   -5    -60.    -18.   -0.13108E+17    0.73615E+16   -0.40669E+17   -0.27261E+17   -0.15203E+17   -0.13854E+17                0.4296
    16    4   -4    -58.    -18.   -0.14457E+17    0.73914E+16   -0.41033E+17   -0.29102E+17   -0.16415E+17   -0.14492E+17                0.4854
    16    4   -3    -56.    -18.   -0.15688E+17    0.73594E+16   -0.41016E+17   -0.30745E+17   -0.17527E+17   -0.15048E+17                0.5379
    16    4   -2    -54.    -18.   -0.16790E+17    0.72640E+16   -0.40618E+17   -0.32176E+17   -0.18530E+17   -0.15518E+17                0.5853
    16    4   -1    -52.    -18.   -0.17752E+17    0.71041E+16   -0.39843E+17   -0.33384E+17   -0.19417E+17   -0.15900E+17                0.6260
    16    4    0    -50.    -18.   -0.18563E+17    0.68794E+16   -0.38696E+17   -0.34356E+17   -0.20179E+17   -0.16190E+17                0.6588
    16    4    1    -47.    -18.   -0.19215E+17    0.65904E+16   -0.37190E+17   -0.35083E+17   -0.20811E+17   -0.16386E+17                0.6824
    16    4    2    -45.    -19.   -0.19701E+17    0.62379E+16   -0.35339E+17   -0.35559E+17   -0.21306E+17   -0.16487E+17                0.6962
    16    4    3    -43.    -19.   -0.20017E+17    0.58235E+16   -0.33162E+17   -0.35780E+17   -0.21661E+17   -0.16495E+17                0.6996
    16    4    4    -40.    -19.   -0.20159E+17    0.53499E+16   -0.30682E+17   -0.35742E+17   -0.21872E+17   -0.16407E+17                0.6926
    16    4    5    -38.    -19.   -0.20124E+17    0.48198E+16   -0.27923E+17   -0.35445E+17   -0.21937E+17   -0.16225E+17                0.6755
    16    4    6    -35.    -20.   -0.19914E+17    0.42368E+16   -0.24916E+17   -0.34892E+17   -0.21856E+17   -0.15952E+17                0.6487
    16    5   -6    -60.     -9.   -0.12004E+17    0.43257E+16   -0.32480E+17   -0.23179E+17   -0.11676E+17   -0.54061E+16                0.3598
    16    5   -5    -58.     -9.   -0.13534E+17    0.43754E+16   -0.33135E+17   -0.24959E+17   -0.12720E+17   -0.53623E+16                0.4176
    16    5   -4    -55.     -8.   -0.14958E+17    0.43917E+16   -0.33487E+17   -0.26570E+17   -0.13688E+17   -0.52924E+16                0.4742
    16    5   -3    -52.     -8.   -0.16262E+17    0.43731E+16   -0.33531E+17   -0.28000E+17   -0.14574E+17   -0.51985E+16                0.5277
    16    5   -2    -50.     -8.   -0.17432E+17    0.43180E+16   -0.33266E+17   -0.29235E+17   -0.15369E+17   -0.50816E+16                0.5764
    16    5   -1    -47.     -7.   -0.18458E+17    0.42253E+16   -0.32693E+17   -0.30263E+17   -0.16067E+17   -0.49432E+16                0.6188
    16    5    0    -44.     -7.   -0.19328E+17    0.40944E+16   -0.31819E+17   -0.31075E+17   -0.16662E+17   -0.47851E+16                0.6533
    16    5    1    -42.     -7.   -0.20033E+17    0.39248E+16   -0.30652E+17   -0.31665E+17   -0.17151E+17   -0.46109E+16                0.6789
    16    5    2    -39.     -7.   -0.20567E+17    0.37163E+16   -0.29203E+17   -0.32025E+17   -0.17526E+17   -0.44202E+16                0.6947
    16    5    3    -36.     -6.   -0.20923E+17    0.34697E+16   -0.27487E+17   -0.32152E+17   -0.17785E+17   -0.42164E+16                0.7001
    16    5    4    -33.     -6.   -0.21097E+17    0.31854E+16   -0.25521E+17   -0.32044E+17   -0.17927E+17   -0.40014E+16                0.6951
    16    5    5    -31.     -6.   -0.21088E+17    0.28650E+16   -0.23327E+17   -0.31702E+17   -0.17950E+17   -0.37776E+16                0.6797
    16    5    6    -28.     -6.   -0.20895E+17    0.25100E+16   -0.20925E+17   -0.31129E+17   -0.17853E+17   -0.35480E+16                0.6544
    16    6   -6    -53.      6.   -0.12331E+17    0.26815E+16   -0.26235E+17   -0.20586E+17   -0.89916E+16    0.23326E+16                0.3497
    16    6   -5    -48.      7.   -0.13928E+17    0.27439E+16   -0.26774E+17   -0.22149E+17   -0.98125E+16    0.30201E+16                0.4072
    16    6   -4    -43.      8.   -0.15417E+17    0.27873E+16   -0.27069E+17   -0.23562E+17   -0.10577E+17    0.36806E+16                0.4637
    16    6   -3    -39.      9.   -0.16783E+17    0.28102E+16   -0.27117E+17   -0.24812E+17   -0.11279E+17    0.43075E+16                0.5175
    16    6   -2    -35.     11.   -0.18012E+17    0.28108E+16   -0.26917E+17   -0.25888E+17   -0.11912E+17    0.48955E+16                0.5667
    16    6   -1    -32.     11.   -0.19091E+17    0.27881E+16   -0.26470E+17   -0.26781E+17   -0.12473E+17    0.54381E+16                0.6097
    16    6    0    -29.     12.   -0.20011E+17    0.27409E+16   -0.25780E+17   -0.27481E+17   -0.12955E+17    0.59302E+16                0.6451
    16    6    1    -26.     12.   -0.20761E+17    0.26684E+16   -0.24854E+17   -0.27983E+17   -0.13355E+17    0.63665E+16                0.6718
    16    6    2    -22.     13.   -0.21334E+17    0.25698E+16   -0.23701E+17   -0.28280E+17   -0.13669E+17    0.67432E+16                0.6888
    16    6    3    -19.     13.   -0.21722E+17    0.24449E+16   -0.22333E+17   -0.28371E+17   -0.13894E+17    0.70568E+16                0.6955
    16    6    4    -16.     14.   -0.21923E+17    0.22936E+16   -0.20764E+17   -0.28253E+17   -0.14029E+17    0.73024E+16                0.6917
    16    6    5    -13.     14.   -0.21934E+17    0.21160E+16   -0.19009E+17   -0.27927E+17   -0.14072E+17    0.74790E+16                0.6776
    16    6    6    -10.     15.   -0.21753E+17    0.19127E+16   -0.17087E+17   -0.27395E+17   -0.14023E+17    0.75836E+16                0.6536
    17    3   -6    -59.    -24.   -0.12828E+17    0.10169E+17   -0.37499E+17   -0.35244E+17   -0.13605E+17   -0.21414E+17                0.5466
    17    3   -5    -58.    -24.   -0.13887E+17    0.98764E+16   -0.40281E+17   -0.37404E+17   -0.15334E+17   -0.23675E+17                0.5974
    17    3   -4    -56.    -25.   -0.14831E+17    0.95301E+16   -0.42688E+17   -0.39315E+17   -0.16994E+17   -0.25821E+17                0.6416
    17    3   -3    -55.    -25.   -0.15650E+17    0.91350E+16   -0.44694E+17   -0.40955E+17   -0.18569E+17   -0.27826E+17                0.6776
    17    3   -2    -54.    -26.   -0.16337E+17    0.86951E+16   -0.46280E+17   -0.42305E+17   -0.20041E+17   -0.29668E+17                0.7040
    17    3   -1    -53.    -26.   -0.16884E+17    0.82168E+16   -0.47433E+17   -0.43348E+17   -0.21393E+17   -0.31322E+17                0.7201
    17    3    0    -52.    -27.   -0.17285E+17    0.77030E+16   -0.48140E+17   -0.44078E+17   -0.22617E+17   -0.32781E+17                0.7251
    17    3    1    -51.    -27.   -0.17538E+17    0.71600E+16   -0.48397E+17   -0.44479E+17   -0.23696E+17   -0.34019E+17                0.7189
    17    3    2    -50.    -28.   -0.17639E+17    0.65927E+16   -0.48201E+17   -0.44551E+17   -0.24622E+17   -0.35031E+17                0.7015
    17    3    3    -50.    -28.   -0.17587E+17    0.60079E+16   -0.47558E+17   -0.44281E+17   -0.25376E+17   -0.35789E+17                0.6736
    17    3    4    -49.    -29.   -0.17384E+17    0.54085E+16   -0.46475E+17   -0.43677E+17   -0.25958E+17   -0.36296E+17                0.6360
    17    3    5    -48.    -29.   -0.17030E+17    0.48020E+16   -0.44965E+17   -0.42736E+17   -0.26354E+17   -0.36534E+17                0.5900
    17    3    6    -47.    -30.   -0.16531E+17    0.41918E+16   -0.43047E+17   -0.41468E+17   -0.26562E+17   -0.36506E+17                0.5371
    17    4   -6    -57.    -16.   -0.13135E+17    0.88030E+16   -0.30987E+17   -0.33393E+17   -0.10796E+17   -0.11284E+17                0.5418
    17    4   -5    -56.    -17.   -0.14198E+17    0.82468E+16   -0.33347E+17   -0.35425E+17   -0.12319E+17   -0.12794E+17                0.5918
    17    4   -4    -54.    -17.   -0.15142E+17    0.76305E+16   -0.35400E+17   -0.37212E+17   -0.13782E+17   -0.14241E+17                0.6352
    17    4   -3    -53.    -18.   -0.15958E+17    0.69591E+16   -0.37127E+17   -0.38735E+17   -0.15173E+17   -0.15612E+17                0.6705
    17    4   -2    -52.    -19.   -0.16637E+17    0.62382E+16   -0.38513E+17   -0.39978E+17   -0.16477E+17   -0.16890E+17                0.6964
    17    4   -1    -51.    -19.   -0.17172E+17    0.54737E+16   -0.39543E+17   -0.40930E+17   -0.17682E+17   -0.18064E+17                0.7121
    17    4    0    -50.    -20.   -0.17559E+17    0.46722E+16   -0.40211E+17   -0.41577E+17   -0.18775E+17   -0.19121E+17                0.7170
    17    4    1    -49.    -20.   -0.17793E+17    0.38403E+16   -0.40510E+17   -0.41913E+17   -0.19747E+17   -0.20050E+17                0.7108
    17    4    2    -48.    -21.   -0.17872E+17    0.29853E+16   -0.40440E+17   -0.41932E+17   -0.20586E+17   -0.20840E+17                0.6937
    17    4    3    -47.    -21.   -0.17796E+17    0.21143E+16   -0.40003E+17   -0.41632E+17   -0.21283E+17   -0.21482E+17                0.6663
    17    4    4    -46.    -22.   -0.17565E+17    0.12346E+16   -0.39207E+17   -0.41014E+17   -0.21832E+17   -0.21970E+17                0.6294
    17    4    5    -45.    -22.   -0.17181E+17    0.35338E+15   -0.38061E+17   -0.40082E+17   -0.22226E+17   -0.22298E+17                0.5842
    17    4    6    -45.    -23.   -0.16649E+17   -0.52132E+15   -0.36579E+17   -0.38842E+17   -0.22459E+17   -0.22460E+17                0.5322
    17    5   -6    -53.     -5.   -0.13505E+17    0.71420E+16   -0.25547E+17   -0.32082E+17   -0.88928E+16   -0.27949E+16                0.5367
    17    5   -5    -52.     -6.   -0.14577E+17    0.66494E+16   -0.27497E+17   -0.33886E+17   -0.10195E+17   -0.35750E+16                0.5852
    17    5   -4    -51.     -7.   -0.15527E+17    0.61056E+16   -0.29194E+17   -0.35452E+17   -0.11447E+17   -0.43460E+16                0.6270
    17    5   -3    -50.     -7.   -0.16345E+17    0.55143E+16   -0.30621E+17   -0.36760E+17   -0.12637E+17   -0.50982E+16                0.6607
    17    5   -2    -49.     -8.   -0.17022E+17    0.48799E+16   -0.31767E+17   -0.37800E+17   -0.13754E+17   -0.58252E+16                0.6852
    17    5   -1    -49.     -9.   -0.17553E+17    0.42074E+16   -0.32620E+17   -0.38558E+17   -0.14788E+17   -0.65193E+16                0.6996
    17    5    0    -48.     -9.   -0.17932E+17    0.35019E+16   -0.33174E+17   -0.39028E+17   -0.15727E+17   -0.71734E+16                0.7033
    17    5    1    -47.    -10.   -0.18156E+17    0.27687E+16   -0.33424E+17   -0.39202E+17   -0.16563E+17   -0.77801E+16                0.6963
    17    5    2    -46.    -11.   -0.18221E+17    0.20140E+16   -0.33371E+17   -0.39079E+17   -0.17289E+17   -0.83346E+16                0.6786
    17    5    3    -45.    -11.   -0.18127E+17    0.12437E+16   -0.33018E+17   -0.38655E+17   -0.17894E+17   -0.88287E+16                0.6509
    17    5    4    -45.    -12.   -0.17876E+17    0.46360E+15   -0.32368E+17   -0.37935E+17   -0.18375E+17   -0.92601E+16                0.6140
    17    5    5    -44.    -12.   -0.17469E+17   -0.31975E+15   -0.31433E+17   -0.36924E+17   -0.18725E+17   -0.96235E+16                0.5691
    17    5    6    -43.    -13.   -0.16912E+17   -0.10999E+16   -0.30222E+17   -0.35629E+17   -0.18940E+17   -0.99141E+16                0.5177
    17    6   -6    -36.     16.   -0.13774E+17    0.56212E+16   -0.21081E+17   -0.29382E+17   -0.56997E+16    0.66323E+16                0.5284
    17    6   -5    -36.     15.   -0.14851E+17    0.53185E+16   -0.22632E+17   -0.30887E+17   -0.67518E+16    0.65571E+16                0.5746
    17    6   -4    -36.     14.   -0.15804E+17    0.49764E+16   -0.23973E+17   -0.32169E+17   -0.77749E+16    0.64279E+16                0.6140
    17    6   -3    -37.     13.   -0.16622E+17    0.45973E+16   -0.25092E+17   -0.33216E+17   -0.87600E+16    0.62459E+16                0.6454
    17    6   -2    -37.     12.   -0.17299E+17    0.41830E+16   -0.25980E+17   -0.34015E+17   -0.96969E+16    0.60146E+16                0.6676
    17    6   -1    -37.     11.   -0.17825E+17    0.37376E+16   -0.26628E+17   -0.34558E+17   -0.10577E+17    0.57354E+16                0.6799
    17    6    0    -37.     10.   -0.18198E+17    0.32635E+16   -0.27030E+17   -0.34840E+17   -0.11393E+17    0.54107E+16                0.6819
    17    6    1    -37.      9.   -0.18412E+17    0.27642E+16   -0.27186E+17   -0.34855E+17   -0.12136E+17    0.50445E+16                0.6733
    17    6    2    -37.      9.   -0.18467E+17    0.22439E+16   -0.27094E+17   -0.34603E+17   -0.12799E+17    0.46402E+16                0.6544
    17    6    3    -37.      8.   -0.18360E+17    0.17061E+16   -0.26757E+17   -0.34083E+17   -0.13375E+17    0.42008E+16                0.6259
    17    6    4    -37.      7.   -0.18093E+17    0.11549E+16   -0.26181E+17   -0.33300E+17   -0.13858E+17    0.37310E+16                0.5887
    17    6    5    -37.      6.   -0.17670E+17    0.59496E+15   -0.25373E+17   -0.32259E+17   -0.14244E+17    0.32340E+16                0.5439
    17    6    6    -37.      5.   -0.17094E+17    0.30673E+14   -0.24343E+17   -0.30968E+17   -0.14528E+17    0.27150E+16                0.4930
    18    3   -6    -62.    -18.   -0.13176E+17    0.16172E+17   -0.56955E+17   -0.25660E+17   -0.82926E+16   -0.17339E+17                0.5054
    18    3   -5    -61.    -21.   -0.14230E+17    0.14631E+17   -0.56958E+17   -0.28685E+17   -0.12064E+17   -0.21876E+17                0.5625
    18    3   -4    -58.    -24.   -0.15164E+17    0.12897E+17   -0.56414E+17   -0.31551E+17   -0.15807E+17   -0.26339E+17                0.6159
    18    3   -3    -55.    -26.   -0.15966E+17    0.10983E+17   -0.55328E+17   -0.34231E+17   -0.19487E+17   -0.30684E+17                0.6639
    18    3   -2    -52.    -28.   -0.16630E+17    0.89073E+16   -0.53711E+17   -0.36704E+17   -0.23071E+17   -0.34875E+17                0.7049
    18    3   -1    -49.    -30.   -0.17148E+17    0.66869E+16   -0.51579E+17   -0.38948E+17   -0.26527E+17   -0.38876E+17                0.7376
    18    3    0    -46.    -32.   -0.17514E+17    0.43414E+16   -0.48953E+17   -0.40946E+17   -0.29823E+17   -0.42652E+17                0.7611
    18    3    1    -43.    -33.   -0.17725E+17    0.18936E+16   -0.45862E+17   -0.42680E+17   -0.32929E+17   -0.46171E+17                0.7746
    18    3    2    -41.    -34.   -0.17778E+17   -0.63327E+15   -0.42337E+17   -0.44134E+17   -0.35816E+17   -0.49399E+17                0.7777
    18    3    3    -40.    -36.   -0.17672E+17   -0.32142E+16   -0.38415E+17   -0.45296E+17   -0.38456E+17   -0.52308E+17                0.7705
    18    3    4    -39.    -36.   -0.17409E+17   -0.58233E+16   -0.34138E+17   -0.46153E+17   -0.40825E+17   -0.54869E+17                0.7532
    18    3    5    -39.    -37.   -0.16990E+17   -0.84339E+16   -0.29552E+17   -0.46699E+17   -0.42898E+17   -0.57058E+17                0.7265
    18    3    6    -39.    -38.   -0.16420E+17   -0.11019E+17   -0.24705E+17   -0.46930E+17   -0.44658E+17   -0.58861E+17                0.6912
    18    4   -6    -78.      1.   -0.13939E+17    0.14112E+17   -0.42850E+17   -0.17826E+17    0.11233E+16    0.73548E+15                0.4752
    18    4   -5    -76.     -3.   -0.15016E+17    0.12757E+17   -0.43139E+17   -0.20334E+17   -0.22033E+16   -0.21246E+16                0.5324
    18    4   -4    -69.     -8.   -0.15964E+17    0.11241E+17   -0.43017E+17   -0.22731E+17   -0.55610E+16   -0.50222E+16                0.5867
    18    4   -3    -62.    -11.   -0.16776E+17    0.95768E+16   -0.42485E+17   -0.24999E+17   -0.89198E+16   -0.79325E+16                0.6362
    18    4   -2    -55.    -14.   -0.17441E+17    0.77781E+16   -0.41549E+17   -0.27122E+17   -0.12253E+17   -0.10836E+17                0.6796
    18    4   -1    -49.    -17.   -0.17953E+17    0.58607E+16   -0.40218E+17   -0.29083E+17   -0.15532E+17   -0.13709E+17                0.7154
    18    4    0    -45.    -20.   -0.18307E+17    0.38416E+16   -0.38507E+17   -0.30866E+17   -0.18725E+17   -0.16526E+17                0.7425
    18    4    1    -41.    -22.   -0.18498E+17    0.17396E+16   -0.36433E+17   -0.32457E+17   -0.21806E+17   -0.19265E+17                0.7602
    18    4    2    -39.    -24.   -0.18525E+17   -0.42565E+15   -0.34020E+17   -0.33845E+17   -0.24749E+17   -0.21905E+17                0.7678
    18    4    3    -37.    -25.   -0.18387E+17   -0.26332E+16   -0.31292E+17   -0.35017E+17   -0.27525E+17   -0.24422E+17                0.7653
    18    4    4    -36.    -27.   -0.18085E+17   -0.48613E+16   -0.28279E+17   -0.35966E+17   -0.30111E+17   -0.26797E+17                0.7527
    18    4    5    -36.    -28.   -0.17622E+17   -0.70874E+16   -0.25013E+17   -0.36681E+17   -0.32482E+17   -0.29008E+17                0.7306
    18    4    6    -37.    -29.   -0.17003E+17   -0.92898E+16   -0.21530E+17   -0.37162E+17   -0.34620E+17   -0.31040E+17                0.6998
    18    5   -6    -74.     13.   -0.14589E+17    0.12242E+17   -0.32867E+17   -0.17170E+17    0.20456E+16    0.55631E+16                0.4656
    18    5   -5    -69.      9.   -0.15681E+17    0.11273E+17   -0.33232E+17   -0.19043E+17   -0.72245E+15    0.42279E+16                0.5243
    18    5   -4    -65.      6.   -0.16640E+17    0.10170E+17   -0.33281E+17   -0.20808E+17   -0.35254E+16    0.28272E+16                0.5802
    18    5   -3    -60.      3.   -0.17455E+17    0.89420E+16   -0.33012E+17   -0.22451E+17   -0.63372E+16    0.13738E+16                0.6313
    18    5   -2    -55.     -0.   -0.18118E+17    0.75981E+16   -0.32428E+17   -0.23962E+17   -0.91345E+16   -0.12327E+15                0.6760
    18    5   -1    -48.     -3.   -0.18623E+17    0.61507E+16   -0.31535E+17   -0.25328E+17   -0.11893E+17   -0.16528E+16                0.7130
    18    5    0    -43.     -5.   -0.18963E+17    0.46124E+16   -0.30343E+17   -0.26538E+17   -0.14585E+17   -0.31999E+16                0.7411
    18    5    1    -39.     -8.   -0.19135E+17    0.29978E+16   -0.28865E+17   -0.27583E+17   -0.17188E+17   -0.47524E+16                0.7593
    18    5    2    -36.    -10.   -0.19138E+17    0.13221E+16   -0.27116E+17   -0.28455E+17   -0.19678E+17   -0.62995E+16                0.7672
    18    5    3    -34.    -12.   -0.18970E+17   -0.39855E+15   -0.25117E+17   -0.29147E+17   -0.22031E+17   -0.78258E+16                0.7645
    18    5    4    -33.    -13.   -0.18633E+17   -0.21471E+16   -0.22888E+17   -0.29653E+17   -0.24227E+17   -0.93193E+16                0.7514
    18    5    5    -33.    -15.   -0.18130E+17   -0.39061E+16   -0.20453E+17   -0.29969E+17   -0.26243E+17   -0.10767E+17                0.7283
    18    5    6    -34.    -16.   -0.17467E+17   -0.56578E+16   -0.17839E+17   -0.30093E+17   -0.28063E+17   -0.12157E+17                0.6961
    18    6   -6    -50.     32.   -0.15186E+17    0.97415E+16   -0.25030E+17   -0.15176E+17    0.41350E+16    0.11279E+17                0.4573
    18    6   -5    -45.     29.   -0.16288E+17    0.90049E+16   -0.25433E+17   -0.16576E+17    0.17371E+16    0.11108E+17                0.5166
    18    6   -4    -40.     27.   -0.17250E+17    0.81619E+16   -0.25595E+17   -0.17883E+17   -0.70938E+15    0.10836E+17                0.5731
    18    6   -3    -35.     24.   -0.18063E+17    0.72193E+16   -0.25515E+17   -0.19086E+17   -0.31816E+16    0.10465E+17                0.6248
    18    6   -2    -30.     22.   -0.18719E+17    0.61850E+16   -0.25192E+17   -0.20176E+17   -0.56576E+16    0.99971E+16                0.6702
    18    6   -1    -27.     20.   -0.19210E+17    0.50683E+16   -0.24632E+17   -0.21146E+17   -0.81139E+16    0.94362E+16                0.7078
    18    6    0    -23.     19.   -0.19531E+17    0.38791E+16   -0.23840E+17   -0.21988E+17   -0.10528E+17    0.87862E+16                0.7364
    18    6    1    -21.     17.   -0.19679E+17    0.26287E+16   -0.22824E+17   -0.22695E+17   -0.12877E+17    0.80521E+16                0.7552
    18    6    2    -20.     15.   -0.19653E+17    0.13290E+16   -0.21597E+17   -0.23262E+17   -0.15140E+17    0.72403E+16                0.7634
    18    6    3    -20.     13.   -0.19451E+17   -0.72174E+13   -0.20170E+17   -0.23685E+17   -0.17294E+17    0.63576E+16                0.7609
    18    6    4    -20.     11.   -0.19076E+17   -0.13667E+16   -0.18561E+17   -0.23960E+17   -0.19319E+17    0.54115E+16                0.7478
    18    6    5    -22.      9.   -0.18531E+17   -0.27358E+16   -0.16785E+17   -0.24084E+17   -0.21197E+17    0.44097E+16                0.7246
    18    6    6    -25.      7.   -0.17822E+17   -0.41005E+16   -0.14864E+17   -0.24056E+17   -0.22909E+17    0.33611E+16                0.6921
    19    3   -6    -77.    -14.   -0.12389E+17    0.15767E+17   -0.35133E+17   -0.25481E+17   -0.25450E+16   -0.90059E+16                0.5378
    19    3   -5    -68.    -18.   -0.12903E+17    0.12384E+17   -0.36536E+17   -0.28000E+17   -0.50636E+16   -0.12776E+17                0.5736
    19    3   -4    -60.    -21.   -0.13300E+17    0.88402E+16   -0.37614E+17   -0.30344E+17   -0.75797E+16   -0.16506E+17                0.6036
    19    3   -3    -53.    -24.   -0.13574E+17    0.51714E+16   -0.38356E+17   -0.32493E+17   -0.10068E+17   -0.20161E+17                0.6268
    19    3   -2    -48.    -26.   -0.13722E+17    0.14133E+16   -0.38755E+17   -0.34426E+17   -0.12507E+17   -0.23710E+17                0.6425
    19    3   -1    -44.    -28.   -0.13741E+17   -0.23969E+16   -0.38808E+17   -0.36125E+17   -0.14872E+17   -0.27117E+17                0.6502
    19    3    0    -41.    -30.   -0.13630E+17   -0.62208E+16   -0.38515E+17   -0.37576E+17   -0.17140E+17   -0.30352E+17                0.6496
    19    3    1    -38.    -31.   -0.13391E+17   -0.10019E+17   -0.37878E+17   -0.38763E+17   -0.19290E+17   -0.33386E+17                0.6407
    19    3    2    -37.    -32.   -0.13025E+17   -0.13753E+17   -0.36905E+17   -0.39677E+17   -0.21301E+17   -0.36188E+17                0.6239
    19    3    3    -36.    -33.   -0.12535E+17   -0.17384E+17   -0.35607E+17   -0.40306E+17   -0.23154E+17   -0.38733E+17                0.5998
    19    3    4    -36.    -34.   -0.11925E+17   -0.20874E+17   -0.33997E+17   -0.40644E+17   -0.24829E+17   -0.40994E+17                0.5691
    19    3    5    -36.    -35.   -0.11203E+17   -0.24185E+17   -0.32093E+17   -0.40687E+17   -0.26310E+17   -0.42952E+17                0.5330
    19    3    6    -36.    -35.   -0.10374E+17   -0.27282E+17   -0.29915E+17   -0.40434E+17   -0.27583E+17   -0.44587E+17                0.4926
    19    4   -6    -50.      6.   -0.12833E+17    0.15933E+17   -0.20569E+17   -0.22427E+17    0.36723E+16    0.23798E+16                0.5130
    19    4   -5    -52.     -0.   -0.13337E+17    0.13156E+17   -0.21390E+17   -0.24534E+17    0.15641E+16   -0.13494E+15                0.5457
    19    4   -4    -46.     -6.   -0.13719E+17    0.10218E+17   -0.22022E+17   -0.26481E+17   -0.57954E+15   -0.26795E+16                0.5732
    19    4   -3    -40.    -11.   -0.13975E+17    0.71473E+16   -0.22457E+17   -0.28251E+17   -0.27389E+16   -0.52319E+16                0.5944
    19    4   -2    -35.    -14.   -0.14100E+17    0.39714E+16   -0.22692E+17   -0.29832E+17   -0.48957E+16   -0.77719E+16                0.6089
    19    4   -1    -32.    -18.   -0.14093E+17    0.72148E+15   -0.22725E+17   -0.31207E+17   -0.70291E+16   -0.10276E+17                0.6160
    19    4    0    -30.    -20.   -0.13953E+17   -0.25710E+16   -0.22557E+17   -0.32367E+17   -0.91208E+16   -0.12725E+17                0.6157
    19    4    1    -29.    -22.   -0.13681E+17   -0.58732E+16   -0.22190E+17   -0.33301E+17   -0.11150E+17   -0.15095E+17                0.6080
    19    4    2    -28.    -24.   -0.13279E+17   -0.91527E+16   -0.21630E+17   -0.34000E+17   -0.13100E+17   -0.17366E+17                0.5931
    19    4    3    -29.    -26.   -0.12750E+17   -0.12376E+17   -0.20881E+17   -0.34459E+17   -0.14951E+17   -0.19520E+17                0.5717
    19    4    4    -30.    -27.   -0.12100E+17   -0.15510E+17   -0.19954E+17   -0.34673E+17   -0.16686E+17   -0.21536E+17                0.5445
    19    4    5    -32.    -28.   -0.11336E+17   -0.18524E+17   -0.18859E+17   -0.34643E+17   -0.18291E+17   -0.23399E+17                0.5124
    19    4    6    -34.    -29.   -0.10463E+17   -0.21385E+17   -0.17607E+17   -0.34365E+17   -0.19749E+17   -0.25090E+17                0.4766
    19    5   -6    -13.     18.   -0.13342E+17    0.14969E+17   -0.12963E+17   -0.22768E+17    0.57574E+16    0.65280E+16                0.5091
    19    5   -5    -13.     14.   -0.13833E+17    0.12831E+17   -0.13499E+17   -0.24373E+17    0.41002E+16    0.51163E+16                0.5407
    19    5   -4    -13.     10.   -0.14197E+17    0.10544E+17   -0.13913E+17   -0.25813E+17    0.23933E+16    0.36476E+16                0.5667
    19    5   -3    -12.      6.   -0.14430E+17    0.81292E+16   -0.14201E+17   -0.27078E+17    0.65183E+15    0.21332E+16                0.5861
    19    5   -2    -12.      2.   -0.14528E+17    0.56082E+16   -0.14360E+17   -0.28156E+17   -0.11071E+16    0.58752E+15                0.5985
    19    5   -1    -12.     -3.   -0.14491E+17    0.30051E+16   -0.14390E+17   -0.29038E+17   -0.28679E+16   -0.97749E+15                0.6033
    19    5    0    -13.     -6.   -0.14316E+17    0.34511E+15   -0.14291E+17   -0.29718E+17   -0.46135E+16   -0.25475E+16                0.6005
    19    5    1    -14.     -9.   -0.14007E+17   -0.23461E+16   -0.14065E+17   -0.30188E+17   -0.63281E+16   -0.41099E+16                0.5903
    19    5    2    -16.    -12.   -0.13564E+17   -0.50419E+16   -0.13715E+17   -0.30446E+17   -0.79956E+16   -0.56510E+16                0.5730
    19    5    3    -19.    -14.   -0.12992E+17   -0.77154E+16   -0.13245E+17   -0.30489E+17   -0.95997E+16   -0.71568E+16                0.5492
    19    5    4    -22.    -16.   -0.12296E+17   -0.10339E+17   -0.12661E+17   -0.30318E+17   -0.11126E+17   -0.86157E+16                0.5197
    19    5    5    -26.    -18.   -0.11483E+17   -0.12888E+17   -0.11970E+17   -0.29932E+17   -0.12560E+17   -0.10014E+17                0.4857
    19    5    6    -29.    -19.   -0.10562E+17   -0.15334E+17   -0.11181E+17   -0.29336E+17   -0.13889E+17   -0.11339E+17                0.4483
    19    6   -6     10.     28.   -0.13803E+17    0.12942E+17   -0.88789E+16   -0.21813E+17    0.84889E+16    0.11129E+17                0.5040
    19    6   -5     11.     26.   -0.14278E+17    0.11315E+17   -0.92991E+16   -0.23058E+17    0.70942E+16    0.10497E+17                0.5342
    19    6   -4     12.     24.   -0.14622E+17    0.95598E+16   -0.96350E+16   -0.24145E+17    0.56300E+16    0.97763E+16                0.5586
    19    6   -3     12.     22.   -0.14831E+17    0.76933E+16   -0.98835E+16   -0.25066E+17    0.41099E+16    0.89723E+16                0.5762
    19    6   -2     13.     20.   -0.14902E+17    0.57326E+16   -0.10042E+17   -0.25813E+17    0.25481E+16    0.80914E+16                0.5867
    19    6   -1     12.     18.   -0.14832E+17    0.36962E+16   -0.10111E+17   -0.26380E+17    0.95996E+15    0.71417E+16                0.5895
    19    6    0     11.     15.   -0.14623E+17    0.16033E+16   -0.10088E+17   -0.26763E+17   -0.64010E+15    0.61304E+16                0.5848
    19    6    1      8.     13.   -0.14275E+17   -0.52548E+15   -0.99757E+16   -0.26957E+17   -0.22362E+16    0.50667E+16                0.5726
    19    6    2      4.     10.   -0.13792E+17   -0.26695E+16   -0.97750E+16   -0.26962E+17   -0.38139E+16    0.39588E+16                0.5534
    19    6    3     -2.      8.   -0.13177E+17   -0.48071E+16   -0.94888E+16   -0.26778E+17   -0.53574E+16    0.28167E+16                0.5280
    19    6    4     -8.      5.   -0.12436E+17   -0.69173E+16   -0.91209E+16   -0.26407E+17   -0.68525E+16    0.16499E+16                0.4971
    19    6    5    -16.      1.   -0.11577E+17   -0.89786E+16   -0.86756E+16   -0.25851E+17   -0.82846E+16    0.46869E+15                0.4619
    19    6    6    -23.     -2.   -0.10608E+17   -0.10970E+17   -0.81584E+16   -0.25115E+17   -0.96409E+16   -0.71754E+15                0.4236
    20    3   -6    -31.    -14.   -0.11294E+17    0.24636E+17   -0.20843E+17   -0.33309E+17    0.15206E+16   -0.83667E+16                0.5857
    20    3   -5    -43.    -18.   -0.12854E+17    0.22866E+17   -0.26732E+17   -0.36303E+17   -0.18637E+16   -0.12619E+17                0.6235
    20    3   -4    -50.    -20.   -0.14313E+17    0.20924E+17   -0.32375E+17   -0.39076E+17   -0.53169E+16   -0.16879E+17                0.6566
    20    3   -3    -54.    -22.   -0.15659E+17    0.18830E+17   -0.37718E+17   -0.41599E+17   -0.88073E+16   -0.21107E+17                0.6841
    20    3   -2    -56.    -24.   -0.16877E+17    0.16602E+17   -0.42710E+17   -0.43847E+17   -0.12302E+17   -0.25261E+17                0.7049
    20    3   -1    -55.    -25.   -0.17957E+17    0.14263E+17   -0.47306E+17   -0.45794E+17   -0.15764E+17   -0.29294E+17                0.7184
    20    3    0    -54.    -26.   -0.18887E+17    0.11834E+17   -0.51465E+17   -0.47421E+17   -0.19163E+17   -0.33171E+17                0.7240
    20    3    1    -52.    -27.   -0.19658E+17    0.93373E+16   -0.55147E+17   -0.48711E+17   -0.22465E+17   -0.36853E+17                0.7216
    20    3    2    -50.    -28.   -0.20262E+17    0.68011E+16   -0.58322E+17   -0.49638E+17   -0.25628E+17   -0.40284E+17                0.7110
    20    3    3    -48.    -29.   -0.20695E+17    0.42453E+16   -0.60961E+17   -0.50194E+17   -0.28625E+17   -0.43437E+17                0.6925
    20    3    4    -46.    -30.   -0.20950E+17    0.16946E+16   -0.63044E+17   -0.50372E+17   -0.31425E+17   -0.46280E+17                0.6668
    20    3    5    -45.    -30.   -0.21027E+17   -0.82633E+15   -0.64553E+17   -0.50161E+17   -0.33994E+17   -0.48773E+17                0.6344
    20    3    6    -43.    -31.   -0.20925E+17   -0.32947E+16   -0.65479E+17   -0.49564E+17   -0.36310E+17   -0.50896E+17                0.5965
    20    4   -6    -32.     -5.   -0.12029E+17    0.20409E+17   -0.21161E+17   -0.33700E+17    0.35475E+16   -0.25571E+16                0.5911
    20    4   -5    -43.     -9.   -0.13639E+17    0.18887E+17   -0.26093E+17   -0.36513E+17    0.34489E+15   -0.57450E+16                0.6294
    20    4   -4    -49.    -13.   -0.15140E+17    0.17199E+17   -0.30798E+17   -0.39090E+17   -0.29270E+16   -0.89540E+16                0.6631
    20    4   -3    -52.    -15.   -0.16519E+17    0.15359E+17   -0.35233E+17   -0.41407E+17   -0.62385E+16   -0.12154E+17                0.6909
    20    4   -2    -53.    -17.   -0.17761E+17    0.13385E+17   -0.39357E+17   -0.43440E+17   -0.95580E+16   -0.15313E+17                0.7121
    20    4   -1    -53.    -18.   -0.18854E+17    0.11290E+17   -0.43136E+17   -0.45167E+17   -0.12853E+17   -0.18398E+17                0.7258
    20    4    0    -52.    -20.   -0.19789E+17    0.90950E+16   -0.46534E+17   -0.46571E+17   -0.16094E+17   -0.21383E+17                0.7315
    20    4    1    -51.    -21.   -0.20555E+17    0.68187E+16   -0.49521E+17   -0.47636E+17   -0.19247E+17   -0.24234E+17                0.7291
    20    4    2    -49.    -22.   -0.21145E+17    0.44805E+16   -0.52074E+17   -0.48347E+17   -0.22281E+17   -0.26922E+17                0.7185
    20    4    3    -48.    -23.   -0.21553E+17    0.21021E+16   -0.54171E+17   -0.48696E+17   -0.25164E+17   -0.29418E+17                0.7000
    20    4    4    -46.    -24.   -0.21776E+17   -0.29475E+15   -0.55796E+17   -0.48677E+17   -0.27870E+17   -0.31700E+17                0.6742
    20    4    5    -44.    -25.   -0.21812E+17   -0.26891E+16   -0.56937E+17   -0.48285E+17   -0.30369E+17   -0.33740E+17                0.6418
    20    4    6    -43.    -25.   -0.21659E+17   -0.50593E+16   -0.57588E+17   -0.47521E+17   -0.32636E+17   -0.35517E+17                0.6039
    20    5   -6    -19.      7.   -0.12627E+17    0.16676E+17   -0.18133E+17   -0.34349E+17    0.44252E+16    0.30168E+16                0.5915
    20    5   -5    -33.      2.   -0.14269E+17    0.15560E+17   -0.22162E+17   -0.36712E+17    0.15341E+16    0.11133E+16                0.6291
    20    5   -4    -41.     -1.   -0.15797E+17    0.14304E+17   -0.25994E+17   -0.38828E+17   -0.14258E+16   -0.83480E+15                0.6617
    20    5   -3    -46.     -4.   -0.17196E+17    0.12916E+17   -0.29596E+17   -0.40675E+17   -0.44262E+16   -0.28071E+16                0.6882
    20    5   -2    -48.     -7.   -0.18452E+17    0.11408E+17   -0.32936E+17   -0.42234E+17   -0.74384E+16   -0.47835E+16                0.7077
    20    5   -1    -49.     -9.   -0.19554E+17    0.97916E+16   -0.35984E+17   -0.43488E+17   -0.10434E+17   -0.67443E+16                0.7196
    20    5    0    -49.    -10.   -0.20491E+17    0.80800E+16   -0.38715E+17   -0.44426E+17   -0.13385E+17   -0.86727E+16                0.7235
    20    5    1    -49.    -12.   -0.21253E+17    0.62882E+16   -0.41105E+17   -0.45033E+17   -0.16261E+17   -0.10546E+17                0.7191
    20    5    2    -48.    -13.   -0.21832E+17    0.44308E+16   -0.43134E+17   -0.45304E+17   -0.19035E+17   -0.12348E+17                0.7065
    20    5    3    -47.    -14.   -0.22223E+17    0.25242E+16   -0.44786E+17   -0.45234E+17   -0.21680E+17   -0.14061E+17                0.6862
    20    5    4    -46.    -15.   -0.22423E+17    0.58517E+15   -0.46050E+17   -0.44819E+17   -0.24169E+17   -0.15666E+17                0.6587
    20    5    5    -44.    -16.   -0.22429E+17   -0.13688E+16   -0.46916E+17   -0.44062E+17   -0.26477E+17   -0.17148E+17                0.6248
    20    5    6    -43.    -17.   -0.22241E+17   -0.33215E+16   -0.47382E+17   -0.42967E+17   -0.28581E+17   -0.18492E+17                0.5857
    20    6   -6     -3.     23.   -0.13011E+17    0.13185E+17   -0.15244E+17   -0.32610E+17    0.73504E+16    0.10984E+17                0.5852
    20    6   -5    -14.     21.   -0.14678E+17    0.12486E+17   -0.18481E+17   -0.34421E+17    0.48198E+16    0.10314E+17                0.6206
    20    6   -4    -21.     18.   -0.16229E+17    0.11675E+17   -0.21552E+17   -0.35992E+17    0.22047E+16    0.95542E+16                0.6509
    20    6   -3    -27.     16.   -0.17647E+17    0.10760E+17   -0.24430E+17   -0.37305E+17   -0.47091E+15    0.87128E+16                0.6748
    20    6   -2    -32.     14.   -0.18918E+17    0.97473E+16   -0.27090E+17   -0.38349E+17   -0.31824E+16    0.77975E+16                0.6917
    20    6   -1    -36.     12.   -0.20030E+17    0.86440E+16   -0.29509E+17   -0.39111E+17   -0.59040E+16    0.68178E+16                0.7010
    20    6    0    -38.     10.   -0.20973E+17    0.74592E+16   -0.31665E+17   -0.39582E+17   -0.86092E+16    0.57837E+16                0.7022
    20    6    1    -41.      7.   -0.21736E+17    0.62030E+16   -0.33540E+17   -0.39756E+17   -0.11272E+17    0.47049E+16                0.6954
    20    6    2    -42.      5.   -0.22313E+17    0.48852E+16   -0.35120E+17   -0.39629E+17   -0.13868E+17    0.35912E+16                0.6806
    20    6    3    -43.      4.   -0.22697E+17    0.35179E+16   -0.36392E+17   -0.39201E+17   -0.16370E+17    0.24530E+16                0.6584
    20    6    4    -44.      2.   -0.22885E+17    0.21123E+16   -0.37347E+17   -0.38472E+17   -0.18754E+17    0.13020E+16                0.6293
    20    6    5    -44.      0.   -0.22875E+17    0.68106E+15   -0.37978E+17   -0.37448E+17   -0.20997E+17    0.14752E+15                0.5943
    20    6    6    -42.     -1.   -0.22667E+17   -0.76343E+15   -0.38284E+17   -0.36137E+17   -0.23077E+17   -0.99960E+15                0.5545
    21    3   -6    -33.     -9.   -0.12001E+17    0.32539E+17   -0.23993E+17   -0.29967E+17    0.43076E+16   -0.51500E+16                0.5536
    21    3   -5    -46.    -14.   -0.13572E+17    0.30602E+17   -0.29251E+17   -0.33242E+17    0.20003E+15   -0.10205E+17                0.5915
    21    3   -4    -54.    -18.   -0.15036E+17    0.28402E+17   -0.34243E+17   -0.36332E+17   -0.40035E+16   -0.15306E+17                0.6260
    21    3   -3    -58.    -21.   -0.16377E+17    0.25959E+17   -0.38920E+17   -0.39208E+17   -0.82639E+16   -0.20406E+17                0.6560
    21    3   -2    -59.    -24.   -0.17582E+17    0.23293E+17   -0.43243E+17   -0.41842E+17   -0.12541E+17   -0.25454E+17                0.6805
    21    3   -1    -58.    -26.   -0.18640E+17    0.20428E+17   -0.47169E+17   -0.44207E+17   -0.16794E+17   -0.30403E+17                0.6987
    21    3    0    -56.    -27.   -0.19540E+17    0.17392E+17   -0.50665E+17   -0.46277E+17   -0.20981E+17   -0.35201E+17                0.7100
    21    3    1    -53.    -29.   -0.20272E+17    0.14211E+17   -0.53700E+17   -0.48031E+17   -0.25060E+17   -0.39801E+17                0.7139
    21    3    2    -50.    -30.   -0.20830E+17    0.10914E+17   -0.56248E+17   -0.49450E+17   -0.28992E+17   -0.44159E+17                0.7103
    21    3    3    -48.    -31.   -0.21208E+17    0.75314E+16   -0.58288E+17   -0.50517E+17   -0.32737E+17   -0.48227E+17                0.6991
    21    3    4    -46.    -32.   -0.21402E+17    0.40967E+16   -0.59804E+17   -0.51217E+17   -0.36255E+17   -0.51961E+17                0.6808
    21    3    5    -44.    -32.   -0.21410E+17    0.64156E+15   -0.60786E+17   -0.51537E+17   -0.39509E+17   -0.55319E+17                0.6557
    21    3    6    -42.    -33.   -0.21232E+17   -0.28041E+16   -0.61230E+17   -0.51475E+17   -0.42468E+17   -0.58271E+17                0.6247
    21    4   -6    -40.      1.   -0.12770E+17    0.26827E+17   -0.24905E+17   -0.30343E+17    0.66691E+16    0.32506E+15                0.5584
    21    4   -5    -51.     -5.   -0.14391E+17    0.25320E+17   -0.29116E+17   -0.33215E+17    0.29252E+16   -0.31918E+16                0.5967
    21    4   -4    -56.    -10.   -0.15896E+17    0.23577E+17   -0.33069E+17   -0.35887E+17   -0.91623E+15   -0.67609E+16                0.6315
    21    4   -3    -59.    -13.   -0.17270E+17    0.21615E+17   -0.36729E+17   -0.38329E+17   -0.48159E+16   -0.10342E+17                0.6617
    21    4   -2    -59.    -16.   -0.18500E+17    0.19445E+17   -0.40064E+17   -0.40522E+17   -0.87416E+16   -0.13909E+17                0.6862
    21    4   -1    -58.    -18.   -0.19572E+17    0.17089E+17   -0.43045E+17   -0.42441E+17   -0.12654E+17   -0.17423E+17                0.7044
    21    4    0    -55.    -20.   -0.20477E+17    0.14565E+17   -0.45644E+17   -0.44068E+17   -0.16516E+17   -0.20852E+17                0.7156
    21    4    1    -53.    -21.   -0.21206E+17    0.11896E+17   -0.47839E+17   -0.45388E+17   -0.20292E+17   -0.24164E+17                0.7193
    21    4    2    -50.    -23.   -0.21750E+17    0.91050E+16   -0.49614E+17   -0.46383E+17   -0.23944E+17   -0.27325E+17                0.7155
    21    4    3    -48.    -24.   -0.22106E+17    0.62181E+16   -0.50954E+17   -0.47045E+17   -0.27437E+17   -0.30305E+17                0.7042
    21    4    4    -46.    -25.   -0.22268E+17    0.32610E+16   -0.51851E+17   -0.47364E+17   -0.30737E+17   -0.33074E+17                0.6857
    21    4    5    -44.    -26.   -0.22237E+17    0.26090E+15   -0.52298E+17   -0.47335E+17   -0.33810E+17   -0.35606E+17                0.6606
    21    4    6    -42.    -27.   -0.22011E+17   -0.27539E+16   -0.52298E+17   -0.46954E+17   -0.36625E+17   -0.37873E+17                0.6297
    21    5   -6    -28.     10.   -0.13361E+17    0.22161E+17   -0.21454E+17   -0.31584E+17    0.71818E+16    0.43933E+16                0.5578
    21    5   -5    -40.      5.   -0.15008E+17    0.21135E+17   -0.24806E+17   -0.33863E+17    0.38787E+16    0.24325E+16                0.5961
    21    5   -4    -49.      1.   -0.16533E+17    0.19910E+17   -0.27935E+17   -0.35921E+17    0.48507E+15    0.41361E+15                0.6305
    21    5   -3    -53.     -3.   -0.17921E+17    0.18496E+17   -0.30813E+17   -0.37739E+17   -0.29677E+16   -0.16441E+16                0.6600
    21    5   -2    -54.     -5.   -0.19159E+17    0.16904E+17   -0.33414E+17   -0.39300E+17   -0.64483E+16   -0.37228E+16                0.6837
    21    5   -1    -54.     -7.   -0.20234E+17    0.15145E+17   -0.35716E+17   -0.40587E+17   -0.99220E+16   -0.57994E+16                0.7006
    21    5    0    -53.     -9.   -0.21136E+17    0.13235E+17   -0.37699E+17   -0.41587E+17   -0.13358E+17   -0.78572E+16                0.7104
    21    5    1    -51.    -11.   -0.21855E+17    0.11189E+17   -0.39346E+17   -0.42290E+17   -0.16722E+17   -0.98764E+16                0.7126
    21    5    2    -50.    -13.   -0.22384E+17    0.90264E+16   -0.40644E+17   -0.42688E+17   -0.19983E+17   -0.11837E+17                0.7071
    21    5    3    -48.    -14.   -0.22718E+17    0.67653E+16   -0.41584E+17   -0.42774E+17   -0.23108E+17   -0.13719E+17                0.6940
    21    5    4    -46.    -15.   -0.22854E+17    0.44261E+16   -0.42162E+17   -0.42546E+17   -0.26066E+17   -0.15506E+17                0.6738
    21    5    5    -44.    -16.   -0.22790E+17    0.20300E+16   -0.42373E+17   -0.42004E+17   -0.28829E+17   -0.17181E+17                0.6471
    21    5    6    -42.    -18.   -0.22526E+17   -0.40061E+15   -0.42222E+17   -0.41152E+17   -0.31369E+17   -0.18726E+17                0.6146
    21    6   -6    -13.     23.   -0.13794E+17    0.17722E+17   -0.17793E+17   -0.30146E+17    0.99733E+16    0.11363E+17                0.5512
    21    6   -5    -21.     22.   -0.15467E+17    0.17089E+17   -0.20493E+17   -0.31816E+17    0.70842E+16    0.10777E+17                0.5882
    21    6   -4    -27.     20.   -0.17015E+17    0.16297E+17   -0.23008E+17   -0.33270E+17    0.40892E+16    0.10095E+17                0.6213
    21    6   -3    -32.     18.   -0.18422E+17    0.15353E+17   -0.25314E+17   -0.34494E+17    0.10155E+16    0.93233E+16                0.6493
    21    6   -2    -36.     16.   -0.19673E+17    0.14263E+17   -0.27392E+17   -0.35476E+17   -0.21077E+16    0.84699E+16                0.6712
    21    6   -1    -38.     14.   -0.20758E+17    0.13035E+17   -0.29224E+17   -0.36206E+17   -0.52524E+16    0.75417E+16                0.6865
    21    6    0    -40.     12.   -0.21663E+17    0.11680E+17   -0.30793E+17   -0.36675E+17   -0.83876E+16    0.65483E+16                0.6946
    21    6    1    -42.      9.   -0.22382E+17    0.10208E+17   -0.32088E+17   -0.36879E+17   -0.11485E+17    0.54975E+16                0.6951
    21    6    2    -42.      7.   -0.22906E+17    0.86329E+16   -0.33097E+17   -0.36813E+17   -0.14513E+17    0.43997E+16                0.6880
    21    6    3    -43.      5.   -0.23230E+17    0.69680E+16   -0.33813E+17   -0.36478E+17   -0.17444E+17    0.32647E+16                0.6735
    21    6    4    -43.      3.   -0.23351E+17    0.52284E+16   -0.34233E+17   -0.35874E+17   -0.20248E+17    0.21033E+16                0.6521
    21    6    5    -42.      1.   -0.23268E+17    0.34299E+16   -0.34356E+17   -0.35005E+17   -0.22899E+17    0.92494E+15                0.6243
    21    6    6    -41.     -0.   -0.22981E+17    0.15889E+16   -0.34182E+17   -0.33877E+17   -0.25371E+17   -0.25985E+15                0.5911
    22    3   -6    -37.    -19.   -0.10350E+17    0.16194E+17   -0.22730E+17   -0.35526E+17   -0.14724E+16   -0.12379E+17                0.6243
    22    3   -5    -46.    -21.   -0.11659E+17    0.14198E+17   -0.29246E+17   -0.38097E+17   -0.42516E+16   -0.16182E+17                0.6600
    22    3   -4    -52.    -23.   -0.12875E+17    0.12117E+17   -0.35484E+17   -0.40427E+17   -0.70765E+16   -0.19962E+17                0.6900
    22    3   -3    -55.    -24.   -0.13988E+17    0.99733E+16   -0.41385E+17   -0.42490E+17   -0.99180E+16   -0.23676E+17                0.7132
    22    3   -2    -55.    -25.   -0.14986E+17    0.77892E+16   -0.46892E+17   -0.44264E+17   -0.12749E+17   -0.27286E+17                0.7288
    22    3   -1    -54.    -26.   -0.15861E+17    0.55862E+16   -0.51954E+17   -0.45727E+17   -0.15540E+17   -0.30754E+17                0.7362
    22    3    0    -53.    -26.   -0.16603E+17    0.33884E+16   -0.56524E+17   -0.46860E+17   -0.18261E+17   -0.34036E+17                0.7351
    22    3    1    -51.    -27.   -0.17207E+17    0.12163E+16   -0.60559E+17   -0.47654E+17   -0.20888E+17   -0.37106E+17                0.7255
    22    3    2    -49.    -28.   -0.17666E+17   -0.90714E+15   -0.64025E+17   -0.48088E+17   -0.23385E+17   -0.39916E+17                0.7075
    22    3    3    -47.    -28.   -0.17976E+17   -0.29627E+16   -0.66889E+17   -0.48161E+17   -0.25733E+17   -0.42443E+17                0.6817
    22    3    4    -46.    -29.   -0.18134E+17   -0.49292E+16   -0.69129E+17   -0.47864E+17   -0.27902E+17   -0.44654E+17                0.6488
    22    3    5    -44.    -29.   -0.18140E+17   -0.67887E+16   -0.70726E+17   -0.47196E+17   -0.29870E+17   -0.46523E+17                0.6099
    22    3    6    -42.    -30.   -0.17994E+17   -0.85250E+16   -0.71671E+17   -0.46159E+17   -0.31613E+17   -0.48025E+17                0.5660
    22    4   -6    -34.     -9.   -0.10997E+17    0.14385E+17   -0.21192E+17   -0.34705E+17    0.12158E+16   -0.44467E+16                0.6273
    22    4   -5    -44.    -12.   -0.12376E+17    0.12610E+17   -0.26749E+17   -0.37255E+17   -0.15635E+16   -0.75570E+16                0.6634
    22    4   -4    -50.    -15.   -0.13656E+17    0.10733E+17   -0.32067E+17   -0.39563E+17   -0.43962E+16   -0.10676E+17                0.6938
    22    4   -3    -52.    -17.   -0.14823E+17    0.87696E+16   -0.37099E+17   -0.41600E+17   -0.72510E+16   -0.13768E+17                0.7176
    22    4   -2    -53.    -18.   -0.15866E+17    0.67379E+16   -0.41796E+17   -0.43348E+17   -0.10103E+17   -0.16803E+17                0.7339
    22    4   -1    -53.    -19.   -0.16777E+17    0.46555E+16   -0.46116E+17   -0.44789E+17   -0.12925E+17   -0.19752E+17                0.7422
    22    4    0    -52.    -21.   -0.17545E+17    0.25424E+16   -0.50021E+17   -0.45901E+17   -0.15685E+17   -0.22579E+17                0.7420
    22    4    1    -51.    -22.   -0.18163E+17    0.41710E+15   -0.53476E+17   -0.46676E+17   -0.18359E+17   -0.25259E+17                0.7334
    22    4    2    -49.    -22.   -0.18626E+17   -0.16996E+16   -0.56451E+17   -0.47099E+17   -0.20916E+17   -0.27757E+17                0.7164
    22    4    3    -48.    -23.   -0.18931E+17   -0.37897E+16   -0.58922E+17   -0.47166E+17   -0.23333E+17   -0.30052E+17                0.6917
    22    4    4    -46.    -24.   -0.19073E+17   -0.58333E+16   -0.60867E+17   -0.46873E+17   -0.25584E+17   -0.32119E+17                0.6599
    22    4    5    -44.    -25.   -0.19052E+17   -0.78131E+16   -0.62273E+17   -0.46218E+17   -0.27645E+17   -0.33932E+17                0.6221
    22    4    6    -43.    -25.   -0.18869E+17   -0.97112E+16   -0.63131E+17   -0.45206E+17   -0.29495E+17   -0.35475E+17                0.5793
    22    5   -6    -21.      6.   -0.11563E+17    0.12023E+17   -0.17591E+17   -0.34519E+17    0.24650E+16    0.25434E+16                0.6268
    22    5   -5    -35.      1.   -0.12991E+17    0.10648E+17   -0.22242E+17   -0.36696E+17   -0.88081E+14    0.53005E+15                0.6614
    22    5   -4    -43.     -3.   -0.14314E+17    0.91816E+16   -0.26692E+17   -0.38622E+17   -0.26931E+16   -0.15221E+16                0.6901
    22    5   -3    -48.     -5.   -0.15519E+17    0.76355E+16   -0.30901E+17   -0.40277E+17   -0.53259E+16   -0.35932E+16                0.7120
    22    5   -2    -50.     -8.   -0.16594E+17    0.60216E+16   -0.34831E+17   -0.41644E+17   -0.79607E+16   -0.56614E+16                0.7262
    22    5   -1    -51.    -10.   -0.17529E+17    0.43554E+16   -0.38445E+17   -0.42707E+17   -0.10572E+17   -0.77051E+16                0.7323
    22    5    0    -51.    -11.   -0.18316E+17    0.26502E+16   -0.41714E+17   -0.43457E+17   -0.13135E+17   -0.97059E+16                0.7301
    22    5    1    -50.    -13.   -0.18945E+17    0.92176E+15   -0.44607E+17   -0.43882E+17   -0.15624E+17   -0.11640E+17                0.7195
    22    5    2    -49.    -14.   -0.19413E+17   -0.81551E+15   -0.47101E+17   -0.43976E+17   -0.18014E+17   -0.13490E+17                0.7007
    22    5    3    -48.    -15.   -0.19713E+17   -0.25459E+16   -0.49174E+17   -0.43735E+17   -0.20280E+17   -0.15235E+17                0.6745
    22    5    4    -47.    -16.   -0.19844E+17   -0.42546E+16   -0.50812E+17   -0.43161E+17   -0.22400E+17   -0.16858E+17                0.6415
    22    5    5    -45.    -17.   -0.19805E+17   -0.59267E+16   -0.52002E+17   -0.42254E+17   -0.24353E+17   -0.18343E+17                0.6027
    22    5    6    -43.    -18.   -0.19597E+17   -0.75474E+16   -0.52738E+17   -0.41023E+17   -0.26119E+17   -0.19674E+17                0.5594
    22    6   -6     -3.     24.   -0.11871E+17    0.95625E+16   -0.14584E+17   -0.32388E+17    0.54857E+16    0.11227E+17                0.6199
    22    6   -5    -15.     21.   -0.13342E+17    0.86255E+16   -0.18370E+17   -0.34072E+17    0.32302E+16    0.10318E+17                0.6517
    22    6   -4    -24.     19.   -0.14706E+17    0.76163E+16   -0.21987E+17   -0.35516E+17    0.90512E+15    0.93183E+16                0.6774
    22    6   -3    -30.     16.   -0.15948E+17    0.65430E+16   -0.25402E+17   -0.36704E+17   -0.14682E+16    0.82369E+16                0.6962
    22    6   -2    -35.     14.   -0.17056E+17    0.54139E+16   -0.28587E+17   -0.37625E+17   -0.38672E+16    0.70848E+16                0.7073
    22    6   -1    -40.     11.   -0.18020E+17    0.42394E+16   -0.31510E+17   -0.38267E+17   -0.62679E+16    0.58752E+16                0.7104
    22    6    0    -43.      8.   -0.18830E+17    0.30290E+16   -0.34147E+17   -0.38622E+17   -0.86473E+16    0.46202E+16                0.7054
    22    6    1    -45.      5.   -0.19479E+17    0.17929E+16   -0.36476E+17   -0.38685E+17   -0.10983E+17    0.33313E+16                0.6922
    22    6    2    -47.      3.   -0.19961E+17    0.54226E+15   -0.38476E+17   -0.38454E+17   -0.13251E+17    0.20216E+16                0.6713
    22    6    3    -48.      1.   -0.20271E+17   -0.71271E+15   -0.40131E+17   -0.37927E+17   -0.15429E+17    0.70517E+15                0.6432
    22    6    4    -47.     -1.   -0.20406E+17   -0.19608E+16   -0.41428E+17   -0.37110E+17   -0.17496E+17   -0.60665E+15                0.6089
    22    6    5    -46.     -2.   -0.20366E+17   -0.31916E+16   -0.42360E+17   -0.36005E+17   -0.19431E+17   -0.19010E+16                0.5694
    22    6    6    -44.     -4.   -0.20151E+17   -0.43940E+16   -0.42921E+17   -0.34623E+17   -0.21213E+17   -0.31655E+16                0.5259
    23    3   -6    -57.    -28.   -0.13194E+17    0.10700E+17   -0.40971E+17   -0.36027E+17   -0.20304E+17   -0.29748E+17                0.6138
    23    3   -5    -55.    -29.   -0.14130E+17    0.89531E+16   -0.45662E+17   -0.38573E+17   -0.23469E+17   -0.34398E+17                0.6605
    23    3   -4    -52.    -30.   -0.14944E+17    0.71246E+16   -0.49899E+17   -0.40909E+17   -0.26552E+17   -0.38930E+17                0.7006
    23    3   -3    -50.    -31.   -0.15628E+17    0.52323E+16   -0.53642E+17   -0.43013E+17   -0.29526E+17   -0.43299E+17                0.7328
    23    3   -2    -49.    -32.   -0.16177E+17    0.32948E+16   -0.56852E+17   -0.44865E+17   -0.32359E+17   -0.47461E+17                0.7561
    23    3   -1    -47.    -32.   -0.16585E+17    0.13294E+16   -0.59501E+17   -0.46449E+17   -0.35027E+17   -0.51379E+17                0.7698
    23    3    0    -46.    -33.   -0.16848E+17   -0.64463E+15   -0.61564E+17   -0.47748E+17   -0.37503E+17   -0.55013E+17                0.7733
    23    3    1    -45.    -34.   -0.16966E+17   -0.26086E+16   -0.63024E+17   -0.48747E+17   -0.39758E+17   -0.58323E+17                0.7666
    23    3    2    -44.    -34.   -0.16936E+17   -0.45441E+16   -0.63869E+17   -0.49436E+17   -0.41771E+17   -0.61276E+17                0.7498
    23    3    3    -43.    -35.   -0.16761E+17   -0.64330E+16   -0.64097E+17   -0.49804E+17   -0.43519E+17   -0.63836E+17                0.7235
    23    3    4    -42.    -36.   -0.16443E+17   -0.82582E+16   -0.63708E+17   -0.49849E+17   -0.44985E+17   -0.65983E+17                0.6885
    23    3    5    -41.    -36.   -0.15985E+17   -0.10002E+17   -0.62713E+17   -0.49561E+17   -0.46146E+17   -0.67678E+17                0.6461
    23    3    6    -41.    -37.   -0.15392E+17   -0.11649E+17   -0.61128E+17   -0.48942E+17   -0.46990E+17   -0.68908E+17                0.5974
    23    4   -6    -68.    -14.   -0.14340E+17    0.15168E+17   -0.33529E+17   -0.28726E+17   -0.12389E+17   -0.96875E+16                0.6031
    23    4   -5    -64.    -16.   -0.15374E+17    0.13750E+17   -0.37761E+17   -0.30936E+17   -0.15266E+17   -0.13104E+17                0.6505
    23    4   -4    -61.    -18.   -0.16274E+17    0.12197E+17   -0.41624E+17   -0.32975E+17   -0.18104E+17   -0.16511E+17                0.6923
    23    4   -3    -57.    -20.   -0.17033E+17    0.10523E+17   -0.45081E+17   -0.34824E+17   -0.20876E+17   -0.19877E+17                0.7274
    23    4   -2    -54.    -22.   -0.17643E+17    0.87425E+16   -0.48098E+17   -0.36465E+17   -0.23556E+17   -0.23166E+17                0.7545
    23    4   -1    -52.    -23.   -0.18099E+17    0.68722E+16   -0.50646E+17   -0.37886E+17   -0.26120E+17   -0.26354E+17                0.7727
    23    4    0    -50.    -24.   -0.18398E+17    0.49294E+16   -0.52704E+17   -0.39072E+17   -0.28541E+17   -0.29403E+17                0.7815
    23    4    1    -48.    -25.   -0.18537E+17    0.29320E+16   -0.54253E+17   -0.40011E+17   -0.30796E+17   -0.32287E+17                0.7806
    23    4    2    -46.    -26.   -0.18515E+17    0.89866E+15   -0.55280E+17   -0.40695E+17   -0.32863E+17   -0.34976E+17                0.7699
    23    4    3    -45.    -27.   -0.18333E+17   -0.11515E+16   -0.55780E+17   -0.41115E+17   -0.34720E+17   -0.37444E+17                0.7499
    23    4    4    -43.    -28.   -0.17994E+17   -0.31991E+16   -0.55752E+17   -0.41266E+17   -0.36349E+17   -0.39664E+17                0.7212
    23    4    5    -42.    -29.   -0.17502E+17   -0.52246E+16   -0.55201E+17   -0.41143E+17   -0.37729E+17   -0.41612E+17                0.6846
    23    4    6    -41.    -30.   -0.16863E+17   -0.72094E+16   -0.54136E+17   -0.40747E+17   -0.38847E+17   -0.43269E+17                0.6415
    23    5   -6    -69.      2.   -0.15325E+17    0.15655E+17   -0.28072E+17   -0.26041E+17   -0.97148E+16    0.12530E+16                0.6065
    23    5   -5    -70.     -2.   -0.16422E+17    0.14664E+17   -0.31857E+17   -0.27741E+17   -0.12160E+17   -0.91211E+15                0.6538
    23    5   -4    -66.     -5.   -0.17376E+17    0.13531E+17   -0.35327E+17   -0.29283E+17   -0.14579E+17   -0.31297E+16                0.6959
    23    5   -3    -63.     -7.   -0.18179E+17    0.12264E+17   -0.38450E+17   -0.30653E+17   -0.16948E+17   -0.53773E+16                0.7313
    23    5   -2    -60.     -9.   -0.18823E+17    0.10876E+17   -0.41195E+17   -0.31841E+17   -0.19248E+17   -0.76367E+16                0.7590
    23    5   -1    -57.    -11.   -0.19303E+17    0.93782E+16   -0.43537E+17   -0.32833E+17   -0.21455E+17   -0.98830E+16                0.7781
    23    5    0    -54.    -13.   -0.19614E+17    0.77853E+16   -0.45454E+17   -0.33621E+17   -0.23547E+17   -0.12094E+17                0.7878
    23    5    1    -51.    -15.   -0.19755E+17    0.61116E+16   -0.46930E+17   -0.34197E+17   -0.25503E+17   -0.14249E+17                0.7879
    23    5    2    -49.    -16.   -0.19724E+17    0.43729E+16   -0.47952E+17   -0.34554E+17   -0.27303E+17   -0.16324E+17                0.7784
    23    5    3    -47.    -18.   -0.19522E+17    0.25856E+16   -0.48516E+17   -0.34688E+17   -0.28928E+17   -0.18300E+17                0.7595
    23    5    4    -45.    -19.   -0.19153E+17    0.76663E+15   -0.48617E+17   -0.34595E+17   -0.30360E+17   -0.20155E+17                0.7318
    23    5    5    -44.    -20.   -0.18620E+17   -0.10668E+16   -0.48261E+17   -0.34275E+17   -0.31585E+17   -0.21871E+17                0.6962
    23    5    6    -42.    -22.   -0.17930E+17   -0.28970E+16   -0.47453E+17   -0.33730E+17   -0.32588E+17   -0.23429E+17                0.6537
    23    6   -6    -42.     28.   -0.16146E+17    0.13871E+17   -0.23097E+17   -0.22253E+17   -0.58888E+16    0.12538E+17                0.6036
    23    6   -5    -45.     25.   -0.17300E+17    0.13186E+17   -0.26348E+17   -0.23511E+17   -0.79781E+16    0.11436E+17                0.6505
    23    6   -4    -47.     21.   -0.18304E+17    0.12373E+17   -0.29339E+17   -0.24636E+17   -0.10066E+17    0.10214E+17                0.6924
    23    6   -3    -48.     18.   -0.19149E+17    0.11441E+17   -0.32042E+17   -0.25615E+17   -0.12130E+17    0.88835E+16                0.7278
    23    6   -2    -49.     14.   -0.19827E+17    0.10396E+17   -0.34432E+17   -0.26442E+17   -0.14154E+17    0.74578E+16                0.7557
    23    6   -1    -50.     10.   -0.20331E+17    0.92493E+16   -0.36484E+17   -0.27107E+17   -0.16115E+17    0.59527E+16                0.7752
    23    6    0    -50.      7.   -0.20658E+17    0.80103E+16   -0.38182E+17   -0.27605E+17   -0.17994E+17    0.43821E+16                0.7855
    23    6    1    -50.      4.   -0.20805E+17    0.66910E+16   -0.39510E+17   -0.27929E+17   -0.19774E+17    0.27623E+16                0.7863
    23    6    2    -50.      2.   -0.20771E+17    0.53038E+16   -0.40458E+17   -0.28078E+17   -0.21435E+17    0.11092E+16                0.7775
    23    6    3    -49.     -1.   -0.20557E+17    0.38617E+16   -0.41019E+17   -0.28047E+17   -0.22960E+17   -0.55987E+15                0.7594
    23    6    4    -46.     -3.   -0.20166E+17    0.23788E+16   -0.41191E+17   -0.27836E+17   -0.24332E+17   -0.22289E+16                0.7326
    23    6    5    -44.     -5.   -0.19602E+17    0.86917E+15   -0.40975E+17   -0.27444E+17   -0.25537E+17   -0.38808E+16                0.6979
    23    6    6    -42.     -7.   -0.18873E+17   -0.65266E+15   -0.40377E+17   -0.26875E+17   -0.26561E+17   -0.55000E+16                0.6563
    24    3   -6    -56.    -26.   -0.12169E+17    0.17650E+17   -0.23519E+17   -0.25563E+17   -0.12859E+17   -0.18672E+17                0.4556
    24    3   -5    -53.    -27.   -0.12822E+17    0.14725E+17   -0.25401E+17   -0.27291E+17   -0.14523E+17   -0.20748E+17                0.4995
    24    3   -4    -50.    -28.   -0.13362E+17    0.11588E+17   -0.27024E+17   -0.28857E+17   -0.16126E+17   -0.22746E+17                0.5382
    24    3   -3    -47.    -29.   -0.13784E+17    0.82697E+16   -0.28370E+17   -0.30249E+17   -0.17654E+17   -0.24651E+17                0.5706
    24    3   -2    -44.    -30.   -0.14084E+17    0.48008E+16   -0.29425E+17   -0.31458E+17   -0.19095E+17   -0.26449E+17                0.5956
    24    3   -1    -41.    -30.   -0.14256E+17    0.12160E+16   -0.30179E+17   -0.32474E+17   -0.20436E+17   -0.28124E+17                0.6124
    24    3    0    -39.    -31.   -0.14299E+17   -0.24486E+16   -0.30625E+17   -0.33288E+17   -0.21665E+17   -0.29661E+17                0.6205
    24    3    1    -37.    -32.   -0.14212E+17   -0.61554E+16   -0.30759E+17   -0.33894E+17   -0.22768E+17   -0.31045E+17                0.6197
    24    3    2    -35.    -32.   -0.13995E+17   -0.98662E+16   -0.30581E+17   -0.34289E+17   -0.23738E+17   -0.32266E+17                0.6101
    24    3    3    -34.    -32.   -0.13649E+17   -0.13542E+17   -0.30096E+17   -0.34466E+17   -0.24563E+17   -0.33310E+17                0.5921
    24    3    4    -34.    -33.   -0.13178E+17   -0.17142E+17   -0.29310E+17   -0.34424E+17   -0.25234E+17   -0.34164E+17                0.5664
    24    3    5    -33.    -33.   -0.12587E+17   -0.20629E+17   -0.28234E+17   -0.34166E+17   -0.25745E+17   -0.34824E+17                0.5339
    24    3    6    -34.    -33.   -0.11879E+17   -0.23964E+17   -0.26882E+17   -0.33686E+17   -0.26084E+17   -0.35271E+17                0.4959
    24    4   -6    -48.    -10.   -0.12625E+17    0.99942E+16   -0.17479E+17   -0.19815E+17   -0.67076E+16   -0.42805E+16                0.4399
    24    4   -5    -44.    -12.   -0.13300E+17    0.80246E+16   -0.18727E+17   -0.21280E+17   -0.80857E+16   -0.54586E+16                0.4857
    24    4   -4    -41.    -14.   -0.13860E+17    0.59255E+16   -0.19781E+17   -0.22620E+17   -0.94433E+16   -0.66516E+16                0.5266
    24    4   -3    -37.    -15.   -0.14297E+17    0.37165E+16   -0.20629E+17   -0.23828E+17   -0.10769E+17   -0.78504E+16                0.5612
    24    4   -2    -34.    -17.   -0.14606E+17    0.14187E+16   -0.21264E+17   -0.24894E+17   -0.12052E+17   -0.90481E+16                0.5882
    24    4   -1    -32.    -18.   -0.14785E+17   -0.94525E+15   -0.21678E+17   -0.25811E+17   -0.13282E+17   -0.10234E+17                0.6070
    24    4    0    -30.    -19.   -0.14829E+17   -0.33517E+16   -0.21869E+17   -0.26572E+17   -0.14447E+17   -0.11397E+17                0.6167
    24    4    1    -29.    -20.   -0.14738E+17   -0.57761E+16   -0.21835E+17   -0.27171E+17   -0.15536E+17   -0.12529E+17                0.6173
    24    4    2    -28.    -21.   -0.14513E+17   -0.81933E+16   -0.21578E+17   -0.27605E+17   -0.16541E+17   -0.13619E+17                0.6087
    24    4    3    -28.    -22.   -0.14155E+17   -0.10578E+17   -0.21102E+17   -0.27868E+17   -0.17450E+17   -0.14657E+17                0.5913
    24    4    4    -28.    -23.   -0.13667E+17   -0.12904E+17   -0.20414E+17   -0.27960E+17   -0.18254E+17   -0.15633E+17                0.5658
    24    4    5    -29.    -24.   -0.13053E+17   -0.15147E+17   -0.19522E+17   -0.27879E+17   -0.18947E+17   -0.16537E+17                0.5330
    24    4    6    -30.    -24.   -0.12320E+17   -0.17281E+17   -0.18440E+17   -0.27625E+17   -0.19518E+17   -0.17359E+17                0.4943
    24    5   -6    -27.     10.   -0.13037E+17    0.62308E+16   -0.13576E+17   -0.17499E+17   -0.41854E+16    0.28418E+16                0.4326
    24    5   -5    -25.      8.   -0.13732E+17    0.48198E+16   -0.14508E+17   -0.18671E+17   -0.52670E+16    0.24222E+16                0.4794
    24    5   -4    -23.      6.   -0.14307E+17    0.33213E+16   -0.15287E+17   -0.19736E+17   -0.63449E+16    0.19422E+16                0.5212
    24    5   -3    -21.      4.   -0.14756E+17    0.17493E+16   -0.15906E+17   -0.20686E+17   -0.74101E+16    0.14048E+16                0.5566
    24    5   -2    -20.      2.   -0.15074E+17    0.11871E+15   -0.16357E+17   -0.21513E+17   -0.84525E+16    0.81518E+15                0.5844
    24    5   -1    -19.      0.   -0.15255E+17   -0.15544E+16   -0.16638E+17   -0.22214E+17   -0.94646E+16    0.17577E+15                0.6036
    24    5    0    -18.     -1.   -0.15299E+17   -0.32532E+16   -0.16744E+17   -0.22781E+17   -0.10435E+17   -0.50578E+15                0.6137
    24    5    1    -18.     -3.   -0.15204E+17   -0.49604E+16   -0.16677E+17   -0.23211E+17   -0.11357E+17   -0.12248E+16                0.6144
    24    5    2    -18.     -5.   -0.14970E+17   -0.66582E+16   -0.16437E+17   -0.23501E+17   -0.12220E+17   -0.19743E+16                0.6057
    24    5    3    -19.     -6.   -0.14599E+17   -0.83288E+16   -0.16029E+17   -0.23650E+17   -0.13017E+17   -0.27480E+16                0.5880
    24    5    4    -20.     -8.   -0.14094E+17   -0.99539E+16   -0.15458E+17   -0.23654E+17   -0.13738E+17   -0.35357E+16                0.5618
    24    5    5    -22.     -9.   -0.13460E+17   -0.11516E+17   -0.14733E+17   -0.23515E+17   -0.14376E+17   -0.43321E+16                0.5282
    24    5    6    -25.    -11.   -0.12702E+17   -0.12998E+17   -0.13861E+17   -0.23233E+17   -0.14925E+17   -0.51274E+16                0.4883
    24    6   -6     -3.     27.   -0.13416E+17    0.39241E+16   -0.10541E+17   -0.15249E+17   -0.19700E+16    0.89074E+16                0.4255
    24    6   -5     -1.     26.   -0.14128E+17    0.28822E+16   -0.11268E+17   -0.16207E+17   -0.28387E+16    0.90754E+16                0.4726
    24    6   -4      1.     25.   -0.14717E+17    0.17798E+16   -0.11875E+17   -0.17072E+17   -0.37168E+16    0.91477E+16                0.5148
    24    6   -3      2.     24.   -0.15177E+17    0.62712E+15   -0.12357E+17   -0.17838E+17   -0.45972E+16    0.91227E+16                0.5505
    24    6   -2      3.     23.   -0.15501E+17   -0.56470E+15   -0.12709E+17   -0.18499E+17   -0.54720E+16    0.90003E+16                0.5787
    24    6   -1      4.     22.   -0.15687E+17   -0.17841E+16   -0.12928E+17   -0.19053E+17   -0.63340E+16    0.87807E+16                0.5984
    24    6    0      4.     21.   -0.15730E+17   -0.30188E+16   -0.13010E+17   -0.19494E+17   -0.71742E+16    0.84669E+16                0.6089
    24    6    1      3.     20.   -0.15631E+17   -0.42560E+16   -0.12958E+17   -0.19819E+17   -0.79853E+16    0.80610E+16                0.6099
    24    6    2      2.     19.   -0.15389E+17   -0.54829E+16   -0.12771E+17   -0.20026E+17   -0.87594E+16    0.75671E+16                0.6015
    24    6    3     -0.     17.   -0.15006E+17   -0.66863E+16   -0.12453E+17   -0.20114E+17   -0.94882E+16    0.69903E+16                0.5839
    24    6    4     -3.     16.   -0.14486E+17   -0.78534E+16   -0.12008E+17   -0.20082E+17   -0.10164E+17    0.63363E+16                0.5578
    24    6    5     -6.     15.   -0.13833E+17   -0.89712E+16   -0.11443E+17   -0.19930E+17   -0.10781E+17    0.56117E+16                0.5242
    24    6    6    -10.     13.   -0.13052E+17   -0.10027E+17   -0.10765E+17   -0.19658E+17   -0.11331E+17    0.48236E+16                0.4842
    25    3   -6    -56.    -19.   -0.13557E+17    0.11778E+17   -0.60918E+17   -0.25599E+17   -0.10403E+17   -0.18764E+17                0.5589
    25    3   -5    -54.    -22.   -0.14667E+17    0.97991E+16   -0.59745E+17   -0.28364E+17   -0.14098E+17   -0.22785E+17                0.6197
    25    3   -4    -52.    -24.   -0.15653E+17    0.76602E+16   -0.57975E+17   -0.30961E+17   -0.17742E+17   -0.26705E+17                0.6765
    25    3   -3    -49.    -26.   -0.16504E+17    0.53795E+16   -0.55625E+17   -0.33372E+17   -0.21308E+17   -0.30495E+17                0.7273
    25    3   -2    -46.    -28.   -0.17212E+17    0.29776E+16   -0.52718E+17   -0.35575E+17   -0.24761E+17   -0.34122E+17                0.7707
    25    3   -1    -43.    -30.   -0.17769E+17    0.47565E+15   -0.49283E+17   -0.37552E+17   -0.28069E+17   -0.37553E+17                0.8054
    25    3    0    -40.    -32.   -0.18169E+17   -0.21017E+16   -0.45355E+17   -0.39284E+17   -0.31199E+17   -0.40757E+17                0.8302
    25    3    1    -38.    -33.   -0.18408E+17   -0.47302E+16   -0.40975E+17   -0.40764E+17   -0.34131E+17   -0.43715E+17                0.8445
    25    3    2    -36.    -34.   -0.18483E+17   -0.73844E+16   -0.36187E+17   -0.41977E+17   -0.36836E+17   -0.46402E+17                0.8479
    25    3    3    -36.    -35.   -0.18393E+17   -0.10037E+17   -0.31042E+17   -0.42909E+17   -0.39282E+17   -0.48785E+17                0.8403
    25    3    4    -35.    -36.   -0.18140E+17   -0.12661E+17   -0.25593E+17   -0.43556E+17   -0.41452E+17   -0.50851E+17                0.8220
    25    3    5    -36.    -37.   -0.17724E+17   -0.15228E+17   -0.19900E+17   -0.43909E+17   -0.43321E+17   -0.52576E+17                0.7939
    25    3    6    -37.    -37.   -0.17152E+17   -0.17713E+17   -0.14022E+17   -0.43967E+17   -0.44875E+17   -0.53950E+17                0.7567
    25    4   -6    -67.      0.   -0.14641E+17    0.10053E+17   -0.45021E+17   -0.16929E+17   -0.50693E+15    0.94317E+14                0.5243
    25    4   -5    -63.     -4.   -0.15784E+17    0.84613E+16   -0.44304E+17   -0.19240E+17   -0.37843E+16   -0.23539E+16                0.5862
    25    4   -4    -57.     -7.   -0.16792E+17    0.67437E+16   -0.43148E+17   -0.21444E+17   -0.70800E+16   -0.48284E+16                0.6448
    25    4   -3    -50.    -11.   -0.17655E+17    0.49148E+16   -0.41566E+17   -0.23522E+17   -0.10364E+17   -0.73080E+16                0.6983
    25    4   -2    -44.    -14.   -0.18365E+17    0.29903E+16   -0.39571E+17   -0.25461E+17   -0.13609E+17   -0.97764E+16                0.7450
    25    4   -1    -39.    -16.   -0.18914E+17    0.98752E+15   -0.37186E+17   -0.27247E+17   -0.16789E+17   -0.12215E+17                0.7835
    25    4    0    -34.    -19.   -0.19296E+17   -0.10752E+16   -0.34434E+17   -0.28866E+17   -0.19875E+17   -0.14606E+17                0.8126
    25    4    1    -31.    -21.   -0.19507E+17   -0.31784E+16   -0.31344E+17   -0.30306E+17   -0.22840E+17   -0.16929E+17                0.8315
    25    4    2    -30.    -23.   -0.19544E+17   -0.53015E+16   -0.27949E+17   -0.31556E+17   -0.25658E+17   -0.19169E+17                0.8395
    25    4    3    -29.    -24.   -0.19408E+17   -0.74239E+16   -0.24284E+17   -0.32608E+17   -0.28304E+17   -0.21306E+17                0.8366
    25    4    4    -30.    -25.   -0.19098E+17   -0.95241E+16   -0.20389E+17   -0.33453E+17   -0.30757E+17   -0.23327E+17                0.8229
    25    4    5    -31.    -26.   -0.18618E+17   -0.11581E+17   -0.16305E+17   -0.34086E+17   -0.32993E+17   -0.25213E+17                0.7989
    25    4    6    -34.    -27.   -0.17973E+17   -0.13573E+17   -0.12076E+17   -0.34502E+17   -0.34992E+17   -0.26949E+17                0.7655
    25    5   -6    -62.     11.   -0.15465E+17    0.89208E+16   -0.34300E+17   -0.16143E+17    0.68505E+13    0.48792E+16                0.5143
    25    5   -5    -57.      9.   -0.16634E+17    0.77811E+16   -0.33813E+17   -0.17844E+17   -0.26721E+16    0.39103E+16                0.5786
    25    5   -4    -51.      6.   -0.17662E+17    0.65358E+16   -0.32989E+17   -0.19443E+17   -0.53705E+16    0.28867E+16                0.6395
    25    5   -3    -45.      4.   -0.18538E+17    0.51953E+16   -0.31839E+17   -0.20929E+17   -0.80658E+16    0.18139E+16                0.6952
    25    5   -2    -39.      1.   -0.19252E+17    0.37713E+16   -0.30373E+17   -0.22288E+17   -0.10732E+17    0.70290E+15                0.7438
    25    5   -1    -34.     -1.   -0.19797E+17    0.22768E+16   -0.28607E+17   -0.23513E+17   -0.13346E+17   -0.44101E+15                0.7838
    25    5    0    -28.     -3.   -0.20168E+17    0.72545E+15   -0.26558E+17   -0.24593E+17   -0.15885E+17   -0.16090E+16                0.8141
    25    5    1    -25.     -5.   -0.20360E+17   -0.86808E+15   -0.24248E+17   -0.25521E+17   -0.18326E+17   -0.27925E+16                0.8335
    25    5    2    -23.     -7.   -0.20371E+17   -0.24883E+16   -0.21703E+17   -0.26290E+17   -0.20647E+17   -0.39829E+16                0.8416
    25    5    3    -22.     -9.   -0.20201E+17   -0.41191E+16   -0.18948E+17   -0.26895E+17   -0.22826E+17   -0.51709E+16                0.8382
    25    5    4    -23.    -10.   -0.19850E+17   -0.57442E+16   -0.16014E+17   -0.27331E+17   -0.24844E+17   -0.63477E+16                0.8234
    25    5    5    -25.    -12.   -0.19323E+17   -0.73472E+16   -0.12932E+17   -0.27595E+17   -0.26682E+17   -0.75037E+16                0.7978
    25    5    6    -28.    -13.   -0.18625E+17   -0.89115E+16   -0.97339E+16   -0.27684E+17   -0.28323E+17   -0.86295E+16                0.7622
    25    6   -6    -43.     28.   -0.16207E+17    0.70629E+16   -0.26024E+17   -0.14165E+17    0.16433E+16    0.10457E+17                0.5065
    25    6   -5    -36.     26.   -0.17397E+17    0.61949E+16   -0.25713E+17   -0.15432E+17   -0.63820E+15    0.10585E+17                0.5720
    25    6   -4    -29.     25.   -0.18437E+17    0.52435E+16   -0.25149E+17   -0.16611E+17   -0.29492E+16    0.10625E+17                0.6341
    25    6   -3    -22.     24.   -0.19318E+17    0.42168E+16   -0.24336E+17   -0.17693E+17   -0.52695E+16    0.10572E+17                0.6910
    25    6   -2    -16.     22.   -0.20031E+17    0.31239E+16   -0.23283E+17   -0.18670E+17   -0.75772E+16    0.10428E+17                0.7406
    25    6   -1    -11.     21.   -0.20567E+17    0.19747E+16   -0.22002E+17   -0.19536E+17   -0.98518E+16    0.10192E+17                0.7816
    25    6    0     -7.     20.   -0.20922E+17    0.78023E+15   -0.20505E+17   -0.20283E+17   -0.12072E+17    0.98651E+16                0.8125
    25    6    1     -4.     19.   -0.21091E+17   -0.44840E+15   -0.18809E+17   -0.20908E+17   -0.14217E+17    0.94482E+16                0.8325
    25    6    2     -3.     18.   -0.21073E+17   -0.16988E+16   -0.16931E+17   -0.21404E+17   -0.16266E+17    0.89448E+16                0.8408
    25    6    3     -3.     16.   -0.20866E+17   -0.29589E+16   -0.14892E+17   -0.21768E+17   -0.18202E+17    0.83574E+16                0.8374
    25    6    4     -5.     15.   -0.20474E+17   -0.42157E+16   -0.12713E+17   -0.21999E+17   -0.20005E+17    0.76906E+16                0.8222
    25    6    5     -8.     14.   -0.19900E+17   -0.54566E+16   -0.10418E+17   -0.22094E+17   -0.21659E+17    0.69488E+16                0.7960
    25    6    6    -13.     12.   -0.19149E+17   -0.66683E+16   -0.80316E+16   -0.22053E+17   -0.23147E+17    0.61387E+16                0.7595
    26    3   -6     -3.    -14.   -0.11014E+17    0.31763E+17   -0.57883E+16   -0.32525E+17   -0.47788E+15   -0.79470E+16                0.5289
    26    3   -5    -15.    -17.   -0.11909E+17    0.29042E+17   -0.10663E+17   -0.34884E+17   -0.25067E+16   -0.10739E+17                0.5599
    26    3   -4    -26.    -20.   -0.12700E+17    0.26047E+17   -0.15456E+17   -0.37022E+17   -0.45808E+16   -0.13546E+17                0.5854
    26    3   -3    -34.    -22.   -0.13379E+17    0.22808E+17   -0.20119E+17   -0.38918E+17   -0.66807E+16   -0.16338E+17                0.6046
    26    3   -2    -40.    -23.   -0.13939E+17    0.19357E+17   -0.24609E+17   -0.40552E+17   -0.87855E+16   -0.19089E+17                0.6166
    26    3   -1    -44.    -24.   -0.14373E+17    0.15728E+17   -0.28880E+17   -0.41903E+17   -0.10873E+17   -0.21766E+17                0.6212
    26    3    0    -47.    -25.   -0.14677E+17    0.11959E+17   -0.32892E+17   -0.42960E+17   -0.12926E+17   -0.24350E+17                0.6181
    26    3    1    -48.    -26.   -0.14847E+17    0.80890E+16   -0.36603E+17   -0.43708E+17   -0.14921E+17   -0.26808E+17                0.6072
    26    3    2    -48.    -27.   -0.14880E+17    0.41564E+16   -0.39982E+17   -0.44130E+17   -0.16834E+17   -0.29107E+17                0.5890
    26    3    3    -48.    -28.   -0.14777E+17    0.20091E+15   -0.42994E+17   -0.44224E+17   -0.18648E+17   -0.31228E+17                0.5639
    26    3    4    -46.    -28.   -0.14538E+17   -0.37343E+16   -0.45610E+17   -0.43981E+17   -0.20339E+17   -0.33141E+17                0.5328
    26    3    5    -45.    -29.   -0.14165E+17   -0.76105E+16   -0.47808E+17   -0.43398E+17   -0.21889E+17   -0.34821E+17                0.4966
    26    3    6    -43.    -29.   -0.13662E+17   -0.11387E+17   -0.49566E+17   -0.42478E+17   -0.23280E+17   -0.36250E+17                0.4565
    26    4   -6     -5.     -5.   -0.11344E+17    0.22232E+17   -0.10177E+17   -0.33776E+17    0.16458E+16   -0.25026E+16                0.5245
    26    4   -5    -15.     -8.   -0.12203E+17    0.20322E+17   -0.13217E+17   -0.35813E+17    0.43465E+13   -0.41942E+16                0.5574
    26    4   -4    -22.    -11.   -0.12954E+17    0.18204E+17   -0.16145E+17   -0.37614E+17   -0.16884E+16   -0.59165E+16                0.5842
    26    4   -3    -28.    -13.   -0.13591E+17    0.15898E+17   -0.18933E+17   -0.39161E+17   -0.34180E+16   -0.76552E+16                0.6040
    26    4   -2    -33.    -14.   -0.14106E+17    0.13425E+17   -0.21555E+17   -0.40435E+17   -0.51655E+16   -0.93892E+16                0.6162
    26    4   -1    -36.    -16.   -0.14493E+17    0.10810E+17   -0.23985E+17   -0.41424E+17   -0.69148E+16   -0.11102E+17                0.6201
    26    4    0    -39.    -17.   -0.14748E+17    0.80770E+16   -0.26202E+17   -0.42115E+17   -0.86485E+16   -0.12777E+17                0.6158
    26    4    1    -40.    -18.   -0.14868E+17    0.52542E+16   -0.28183E+17   -0.42499E+17   -0.10349E+17   -0.14397E+17                0.6032
    26    4    2    -41.    -19.   -0.14852E+17    0.23695E+16   -0.29911E+17   -0.42568E+17   -0.11998E+17   -0.15941E+17                0.5828
    26    4    3    -42.    -20.   -0.14698E+17   -0.54879E+15   -0.31370E+17   -0.42321E+17   -0.13580E+17   -0.17395E+17                0.5552
    26    4    4    -42.    -21.   -0.14409E+17   -0.34699E+16   -0.32548E+17   -0.41753E+17   -0.15076E+17   -0.18741E+17                0.5212
    26    4    5    -42.    -22.   -0.13987E+17   -0.63646E+16   -0.33433E+17   -0.40867E+17   -0.16471E+17   -0.19964E+17                0.4821
    26    4    6    -41.    -23.   -0.13435E+17   -0.92029E+16   -0.34020E+17   -0.39666E+17   -0.17747E+17   -0.21048E+17                0.4391
    26    5   -6      7.      8.   -0.11493E+17    0.15426E+17   -0.10328E+17   -0.34486E+17    0.43262E+16    0.36755E+16                0.5189
    26    5   -5     -2.      6.   -0.12334E+17    0.14129E+17   -0.12424E+17   -0.36199E+17    0.29710E+16    0.28173E+16                0.5522
    26    5   -4     -9.      4.   -0.13066E+17    0.12680E+17   -0.14411E+17   -0.37663E+17    0.15523E+16    0.18996E+16                0.5790
    26    5   -3    -16.      2.   -0.13682E+17    0.11091E+17   -0.16271E+17   -0.38862E+17    0.82768E+14    0.93081E+15                0.5985
    26    5   -2    -21.     -0.   -0.14175E+17    0.93768E+16   -0.17985E+17   -0.39785E+17   -0.14242E+16   -0.80153E+14                0.6098
    26    5   -1    -25.     -2.   -0.14540E+17    0.75527E+16   -0.19538E+17   -0.40421E+17   -0.29542E+16   -0.11234E+16                0.6127
    26    5    0    -28.     -4.   -0.14772E+17    0.56370E+16   -0.20915E+17   -0.40759E+17   -0.44905E+16   -0.21855E+16                0.6070
    26    5    1    -31.     -6.   -0.14869E+17    0.36485E+16   -0.22104E+17   -0.40796E+17   -0.60204E+16   -0.32591E+16                0.5927
    26    5    2    -33.     -7.   -0.14829E+17    0.16063E+16   -0.23093E+17   -0.40529E+17   -0.75277E+16   -0.43320E+16                0.5704
    26    5    3    -35.     -9.   -0.14652E+17   -0.46893E+15   -0.23875E+17   -0.39956E+17   -0.89969E+16   -0.53926E+16                0.5408
    26    5    4    -36.    -10.   -0.14339E+17   -0.25562E+16   -0.24444E+17   -0.39082E+17   -0.10414E+17   -0.64310E+16                0.5048
    26    5    5    -37.    -11.   -0.13893E+17   -0.46345E+16   -0.24795E+17   -0.37909E+17   -0.11762E+17   -0.74341E+16                0.4637
    26    5    6    -38.    -13.   -0.13319E+17   -0.66822E+16   -0.24926E+17   -0.36448E+17   -0.13029E+17   -0.83925E+16                0.4187
    26    6   -6     19.     22.   -0.11636E+17    0.10921E+17   -0.92743E+16   -0.33834E+17    0.76448E+16    0.10497E+17                0.5127
    26    6   -5     14.     21.   -0.12468E+17    0.10186E+17   -0.10775E+17   -0.35143E+17    0.65471E+16    0.10372E+17                0.5446
    26    6   -4      9.     20.   -0.13190E+17    0.93428E+16   -0.12179E+17   -0.36202E+17    0.53651E+16    0.10148E+17                0.5698
    26    6   -3      4.     19.   -0.13794E+17    0.83971E+16   -0.13473E+17   -0.37000E+17    0.41097E+16    0.98268E+16                0.5874
    26    6   -2     -1.     18.   -0.14275E+17    0.73576E+16   -0.14646E+17   -0.37527E+17    0.27924E+16    0.94121E+16                0.5968
    26    6   -1     -5.     17.   -0.14626E+17    0.62341E+16   -0.15684E+17   -0.37776E+17    0.14248E+16    0.89070E+16                0.5976
    26    6    0     -9.     16.   -0.14843E+17    0.50373E+16   -0.16580E+17   -0.37743E+17    0.20496E+14    0.83168E+16                0.5897
    26    6    1    -12.     15.   -0.14924E+17    0.37787E+16   -0.17326E+17   -0.37427E+17   -0.14082E+16    0.76459E+16                0.5734
    26    6    2    -16.     14.   -0.14868E+17    0.24712E+16   -0.17914E+17   -0.36827E+17   -0.28464E+16    0.69021E+16                0.5491
    26    6    3    -19.     13.   -0.14674E+17    0.11280E+16   -0.18341E+17   -0.35948E+17   -0.42807E+16    0.60914E+16                0.5176
    26    6    4    -22.     11.   -0.14344E+17   -0.23750E+15   -0.18603E+17   -0.34794E+17   -0.56967E+16    0.52217E+16                0.4801
    26    6    5    -25.     10.   -0.13881E+17   -0.16111E+16   -0.18698E+17   -0.33374E+17   -0.70802E+16    0.43018E+16                0.4376
    26    6    6    -29.      8.   -0.13289E+17   -0.29786E+16   -0.18628E+17   -0.31698E+17   -0.84175E+16    0.33401E+16                0.3917
    27    3   -6    -49.    -31.   -0.14359E+17    0.98110E+16   -0.32945E+17   -0.34729E+17   -0.22667E+17   -0.31529E+17                0.6486
    27    3   -5    -49.    -31.   -0.14776E+17    0.78793E+16   -0.36708E+17   -0.36439E+17   -0.24749E+17   -0.34589E+17                0.6828
    27    3   -4    -48.    -32.   -0.15060E+17    0.58590E+16   -0.40107E+17   -0.37944E+17   -0.26725E+17   -0.37512E+17                0.7081
    27    3   -3    -47.    -32.   -0.15210E+17    0.37703E+16   -0.43108E+17   -0.39234E+17   -0.28576E+17   -0.40274E+17                0.7237
    27    3   -2    -46.    -33.   -0.15222E+17    0.16340E+16   -0.45680E+17   -0.40295E+17   -0.30283E+17   -0.42844E+17                0.7290
    27    3   -1    -45.    -33.   -0.15098E+17   -0.52892E+15   -0.47797E+17   -0.41119E+17   -0.31831E+17   -0.45201E+17                0.7239
    27    3    0    -44.    -33.   -0.14839E+17   -0.26962E+16   -0.49441E+17   -0.41693E+17   -0.33201E+17   -0.47313E+17                0.7085
    27    3    1    -44.    -34.   -0.14447E+17   -0.48462E+16   -0.50594E+17   -0.42013E+17   -0.34379E+17   -0.49160E+17                0.6836
    27    3    2    -43.    -34.   -0.13926E+17   -0.69571E+16   -0.51249E+17   -0.42074E+17   -0.35351E+17   -0.50721E+17                0.6498
    27    3    3    -42.    -35.   -0.13282E+17   -0.90079E+16   -0.51401E+17   -0.41874E+17   -0.36107E+17   -0.51978E+17                0.6083
    27    3    4    -42.    -35.   -0.12521E+17   -0.10977E+17   -0.51053E+17   -0.41409E+17   -0.36633E+17   -0.52908E+17                0.5606
    27    3    5    -42.    -36.   -0.11651E+17   -0.12846E+17   -0.50211E+17   -0.40682E+17   -0.36921E+17   -0.53500E+17                0.5083
    27    3    6    -42.    -36.   -0.10681E+17   -0.14594E+17   -0.48889E+17   -0.39696E+17   -0.36967E+17   -0.53744E+17                0.4530
    27    4   -6    -51.    -18.   -0.15185E+17    0.12894E+17   -0.23715E+17   -0.27571E+17   -0.14870E+17   -0.11651E+17                0.6351
    27    4   -5    -51.    -19.   -0.15611E+17    0.11092E+17   -0.26702E+17   -0.29078E+17   -0.16774E+17   -0.13879E+17                0.6684
    27    4   -4    -50.    -21.   -0.15897E+17    0.91726E+16   -0.29421E+17   -0.30422E+17   -0.18617E+17   -0.16088E+17                0.6938
    27    4   -3    -49.    -22.   -0.16041E+17    0.71548E+16   -0.31847E+17   -0.31593E+17   -0.20381E+17   -0.18256E+17                0.7104
    27    4   -2    -48.    -23.   -0.16042E+17    0.50578E+16   -0.33954E+17   -0.32578E+17   -0.22049E+17   -0.20363E+17                0.7177
    27    4   -1    -46.    -24.   -0.15898E+17    0.29016E+16   -0.35723E+17   -0.33369E+17   -0.23605E+17   -0.22387E+17                0.7155
    27    4    0    -45.    -25.   -0.15613E+17    0.70746E+15   -0.37137E+17   -0.33957E+17   -0.25032E+17   -0.24306E+17                0.7039
    27    4    1    -44.    -26.   -0.15188E+17   -0.15035E+16   -0.38183E+17   -0.34339E+17   -0.26318E+17   -0.26102E+17                0.6833
    27    4    2    -44.    -27.   -0.14629E+17   -0.37096E+16   -0.38853E+17   -0.34508E+17   -0.27446E+17   -0.27755E+17                0.6545
    27    4    3    -43.    -27.   -0.13940E+17   -0.58887E+16   -0.39143E+17   -0.34460E+17   -0.28403E+17   -0.29245E+17                0.6183
    27    4    4    -43.    -28.   -0.13129E+17   -0.80201E+16   -0.39052E+17   -0.34197E+17   -0.29181E+17   -0.30559E+17                0.5761
    27    4    5    -42.    -29.   -0.12204E+17   -0.10082E+17   -0.38585E+17   -0.33717E+17   -0.29767E+17   -0.31677E+17                0.5292
    27    4    6    -42.    -30.   -0.11175E+17   -0.12055E+17   -0.37751E+17   -0.33023E+17   -0.30155E+17   -0.32588E+17                0.4792
    27    5   -6    -50.      0.   -0.15935E+17    0.13255E+17   -0.18797E+17   -0.24005E+17   -0.10899E+17    0.99832E+14                0.6317
    27    5   -5    -51.     -3.   -0.16355E+17    0.11666E+17   -0.21235E+17   -0.25215E+17   -0.12546E+17   -0.13267E+16                0.6636
    27    5   -4    -50.     -5.   -0.16630E+17    0.99594E+16   -0.23458E+17   -0.26282E+17   -0.14155E+17   -0.28040E+16                0.6879
    27    5   -3    -49.     -7.   -0.16756E+17    0.81499E+16   -0.25445E+17   -0.27199E+17   -0.15712E+17   -0.43195E+16                0.7039
    27    5   -2    -48.     -9.   -0.16733E+17    0.62550E+16   -0.27176E+17   -0.27957E+17   -0.17202E+17   -0.58574E+16                0.7110
    27    5   -1    -47.    -11.   -0.16560E+17    0.42927E+16   -0.28634E+17   -0.28549E+17   -0.18609E+17   -0.74014E+16                0.7091
    27    5    0    -46.    -13.   -0.16239E+17    0.22817E+16   -0.29805E+17   -0.28970E+17   -0.19920E+17   -0.89361E+16                0.6983
    27    5    1    -45.    -14.   -0.15774E+17    0.24160E+15   -0.30680E+17   -0.29215E+17   -0.21121E+17   -0.10446E+17                0.6789
    27    5    2    -44.    -16.   -0.15169E+17   -0.18082E+16   -0.31252E+17   -0.29280E+17   -0.22199E+17   -0.11913E+17                0.6515
    27    5    3    -43.    -17.   -0.14430E+17   -0.38476E+16   -0.31516E+17   -0.29166E+17   -0.23141E+17   -0.13323E+17                0.6171
    27    5    4    -43.    -19.   -0.13565E+17   -0.58567E+16   -0.31473E+17   -0.28869E+17   -0.23937E+17   -0.14659E+17                0.5769
    27    5    5    -43.    -20.   -0.12582E+17   -0.78162E+16   -0.31126E+17   -0.28392E+17   -0.24576E+17   -0.15906E+17                0.5322
    27    5    6    -43.    -21.   -0.11492E+17   -0.97066E+16   -0.30482E+17   -0.27736E+17   -0.25050E+17   -0.17051E+17                0.4843
    27    6   -6    -26.     25.   -0.16596E+17    0.11859E+17   -0.15025E+17   -0.20308E+17   -0.69282E+16    0.10651E+17                0.6249
    27    6   -5    -28.     23.   -0.17010E+17    0.10532E+17   -0.17006E+17   -0.21248E+17   -0.83530E+16    0.99340E+16                0.6557
    27    6   -4    -30.     21.   -0.17273E+17    0.90995E+16   -0.18815E+17   -0.22070E+17   -0.97654E+16    0.91016E+16                0.6792
    27    6   -3    -32.     19.   -0.17382E+17    0.75759E+16   -0.20436E+17   -0.22766E+17   -0.11153E+17    0.81624E+16                0.6947
    27    6   -2    -33.     16.   -0.17337E+17    0.59751E+16   -0.21851E+17   -0.23331E+17   -0.12501E+17    0.71265E+16                0.7016
    27    6   -1    -35.     14.   -0.17136E+17    0.43125E+16   -0.23046E+17   -0.23759E+17   -0.13797E+17    0.60046E+16                0.6999
    27    6    0    -36.     11.   -0.16782E+17    0.26037E+16   -0.24012E+17   -0.24045E+17   -0.15027E+17    0.48087E+16                0.6896
    27    6    1    -38.      8.   -0.16280E+17    0.86522E+15   -0.24740E+17   -0.24188E+17   -0.16178E+17    0.35513E+16                0.6709
    27    6    2    -39.      5.   -0.15633E+17   -0.88631E+15   -0.25223E+17   -0.24185E+17   -0.17239E+17    0.22455E+16                0.6447
    27    6    3    -41.      2.   -0.14848E+17   -0.26339E+16   -0.25458E+17   -0.24035E+17   -0.18197E+17    0.90592E+15                0.6116
    27    6    4    -43.     -1.   -0.13934E+17   -0.43607E+16   -0.25447E+17   -0.23738E+17   -0.19041E+17   -0.45430E+15                0.5728
    27    6    5    -43.     -3.   -0.12898E+17   -0.60501E+16   -0.25190E+17   -0.23294E+17   -0.19760E+17   -0.18197E+16                0.5296
    27    6    6    -43.     -6.   -0.11753E+17   -0.76854E+16   -0.24693E+17   -0.22708E+17   -0.20347E+17   -0.31767E+16                0.4834
    28    3   -6    -51.    -22.   -0.12940E+17    0.52225E+16   -0.32113E+17   -0.23845E+17   -0.11095E+17   -0.14622E+17                0.5731
    28    3   -5    -44.    -23.   -0.13660E+17    0.18422E+16   -0.32509E+17   -0.24928E+17   -0.12509E+17   -0.16083E+17                0.6144
    28    3   -4    -39.    -24.   -0.14260E+17   -0.15947E+16   -0.32565E+17   -0.25834E+17   -0.13847E+17   -0.17444E+17                0.6497
    28    3   -3    -34.    -25.   -0.14733E+17   -0.50531E+16   -0.32282E+17   -0.26554E+17   -0.15094E+17   -0.18690E+17                0.6777
    28    3   -2    -29.    -26.   -0.15074E+17   -0.84979E+16   -0.31662E+17   -0.27083E+17   -0.16239E+17   -0.19814E+17                0.6976
    28    3   -1    -26.    -27.   -0.15280E+17   -0.11893E+17   -0.30716E+17   -0.27416E+17   -0.17271E+17   -0.20804E+17                0.7086
    28    3    0    -23.    -27.   -0.15347E+17   -0.15204E+17   -0.29454E+17   -0.27550E+17   -0.18178E+17   -0.21651E+17                0.7105
    28    3    1    -22.    -28.   -0.15274E+17   -0.18395E+17   -0.27892E+17   -0.27484E+17   -0.18952E+17   -0.22348E+17                0.7030
    28    3    2    -21.    -28.   -0.15062E+17   -0.21433E+17   -0.26050E+17   -0.27219E+17   -0.19584E+17   -0.22887E+17                0.6865
    28    3    3    -21.    -28.   -0.14714E+17   -0.24284E+17   -0.23949E+17   -0.26756E+17   -0.20068E+17   -0.23267E+17                0.6615
    28    3    4    -21.    -29.   -0.14231E+17   -0.26919E+17   -0.21616E+17   -0.26101E+17   -0.20397E+17   -0.23482E+17                0.6289
    28    3    5    -23.    -29.   -0.13618E+17   -0.29309E+17   -0.19078E+17   -0.25259E+17   -0.20569E+17   -0.23530E+17                0.5898
    28    3    6    -25.    -29.   -0.12882E+17   -0.31428E+17   -0.16363E+17   -0.24238E+17   -0.20581E+17   -0.23413E+17                0.5454
    28    4   -6    -32.    -10.   -0.13837E+17    0.14801E+16   -0.20461E+17   -0.19691E+17   -0.68510E+16   -0.40006E+16                0.5490
    28    4   -5    -26.    -11.   -0.14591E+17   -0.10742E+16   -0.21096E+17   -0.20618E+17   -0.81355E+16   -0.49174E+16                0.5919
    28    4   -4    -20.    -13.   -0.15217E+17   -0.36422E+16   -0.21517E+17   -0.21395E+17   -0.93708E+16   -0.58056E+16                0.6291
    28    4   -3    -16.    -14.   -0.15707E+17   -0.61977E+16   -0.21720E+17   -0.22016E+17   -0.10545E+17   -0.66577E+16                0.6592
    28    4   -2    -13.    -15.   -0.16057E+17   -0.87147E+16   -0.21706E+17   -0.22477E+17   -0.11648E+17   -0.74680E+16                0.6812
    28    4   -1    -11.    -16.   -0.16262E+17   -0.11167E+17   -0.21475E+17   -0.22774E+17   -0.12667E+17   -0.82291E+16                0.6945
    28    4    0    -10.    -17.   -0.16321E+17   -0.13531E+17   -0.21032E+17   -0.22904E+17   -0.13594E+17   -0.89351E+16                0.6984
    28    4    1     -9.    -17.   -0.16231E+17   -0.15779E+17   -0.20384E+17   -0.22868E+17   -0.14419E+17   -0.95816E+16                0.6928
    28    4    2    -10.    -18.   -0.15993E+17   -0.17890E+17   -0.19539E+17   -0.22665E+17   -0.15134E+17   -0.10163E+17                0.6780
    28    4    3    -11.    -18.   -0.15611E+17   -0.19841E+17   -0.18509E+17   -0.22299E+17   -0.15732E+17   -0.10675E+17                0.6543
    28    4    4    -13.    -19.   -0.15085E+17   -0.21612E+17   -0.17306E+17   -0.21775E+17   -0.16208E+17   -0.11115E+17                0.6226
    28    4    5    -15.    -19.   -0.14423E+17   -0.23183E+17   -0.15947E+17   -0.21096E+17   -0.16557E+17   -0.11481E+17                0.5840
    28    4    6    -18.    -20.   -0.13631E+17   -0.24539E+17   -0.14445E+17   -0.20271E+17   -0.16776E+17   -0.11770E+17                0.5396
    28    5   -6    -12.      3.   -0.14641E+17    0.85763E+15   -0.14888E+17   -0.18532E+17   -0.56319E+16    0.80719E+15                0.5446
    28    5   -5     -8.      1.   -0.15419E+17   -0.11773E+16   -0.15530E+17   -0.19238E+17   -0.67274E+16    0.39759E+15                0.5875
    28    5   -4     -3.     -0.   -0.16062E+17   -0.32172E+16   -0.16016E+17   -0.19802E+17   -0.77822E+16   -0.17352E+14                0.6244
    28    5   -3      0.     -1.   -0.16563E+17   -0.52415E+16   -0.16342E+17   -0.20220E+17   -0.87856E+16   -0.43409E+15                0.6541
    28    5   -2      2.     -2.   -0.16916E+17   -0.72296E+16   -0.16507E+17   -0.20490E+17   -0.97285E+16   -0.85065E+15                0.6755
    28    5   -1      4.     -3.   -0.17117E+17   -0.91611E+16   -0.16509E+17   -0.20609E+17   -0.10601E+17   -0.12630E+16                0.6879
    28    5    0      4.     -4.   -0.17163E+17   -0.11016E+17   -0.16351E+17   -0.20578E+17   -0.11394E+17   -0.16691E+16                0.6909
    28    5    1      4.     -5.   -0.17054E+17   -0.12776E+17   -0.16036E+17   -0.20396E+17   -0.12100E+17   -0.20661E+16                0.6842
    28    5    2      3.     -6.   -0.16790E+17   -0.14421E+17   -0.15569E+17   -0.20065E+17   -0.12712E+17   -0.24513E+16                0.6681
    28    5    3      1.     -7.   -0.16373E+17   -0.15936E+17   -0.14957E+17   -0.19591E+17   -0.13225E+17   -0.28227E+16                0.6431
    28    5    4     -1.     -7.   -0.15808E+17   -0.17303E+17   -0.14208E+17   -0.18976E+17   -0.13631E+17   -0.31780E+16                0.6100
    28    5    5     -4.     -8.   -0.15099E+17   -0.18510E+17   -0.13331E+17   -0.18229E+17   -0.13929E+17   -0.35157E+16                0.5699
    28    5    6     -8.     -9.   -0.14254E+17   -0.19544E+17   -0.12338E+17   -0.17355E+17   -0.14114E+17   -0.38343E+16                0.5241
    28    6   -6      8.     17.   -0.15335E+17    0.64394E+15   -0.11398E+17   -0.17090E+17   -0.41656E+16    0.55360E+16                0.5409
    28    6   -5     12.     16.   -0.16130E+17   -0.96515E+15   -0.11962E+17   -0.17650E+17   -0.51438E+16    0.55026E+16                0.5834
    28    6   -4     14.     15.   -0.16784E+17   -0.25771E+16   -0.12407E+17   -0.18080E+17   -0.60914E+16    0.54304E+16                0.6199
    28    6   -3     16.     14.   -0.17290E+17   -0.41755E+16   -0.12729E+17   -0.18376E+17   -0.69995E+16    0.53191E+16                0.6490
    28    6   -2     18.     13.   -0.17641E+17   -0.57442E+16   -0.12927E+17   -0.18536E+17   -0.78585E+16    0.51694E+16                0.6698
    28    6   -1     18.     12.   -0.17835E+17   -0.72671E+16   -0.13000E+17   -0.18560E+17   -0.86601E+16    0.49814E+16                0.6814
    28    6    0     18.     12.   -0.17867E+17   -0.87286E+16   -0.12948E+17   -0.18447E+17   -0.93957E+16    0.47562E+16                0.6836
    28    6    1     18.     11.   -0.17738E+17   -0.10113E+17   -0.12773E+17   -0.18200E+17   -0.10058E+17    0.44947E+16                0.6761
    28    6    2     17.     10.   -0.17448E+17   -0.11408E+17   -0.12478E+17   -0.17820E+17   -0.10641E+17    0.41980E+16                0.6592
    28    6    3     15.     10.   -0.17000E+17   -0.12597E+17   -0.12068E+17   -0.17312E+17   -0.11137E+17    0.38674E+16                0.6334
    28    6    4     13.      9.   -0.16397E+17   -0.13671E+17   -0.11549E+17   -0.16681E+17   -0.11543E+17    0.35050E+16                0.5996
    28    6    5     10.      8.   -0.15645E+17   -0.14616E+17   -0.10927E+17   -0.15934E+17   -0.11853E+17    0.31125E+16                0.5588
    28    6    6      6.      7.   -0.14752E+17   -0.15424E+17   -0.10211E+17   -0.15077E+17   -0.12066E+17    0.26914E+16                0.5125
    29    3   -6    -38.    -23.   -0.13634E+17    0.20753E+17   -0.21781E+17   -0.41088E+17   -0.96966E+16   -0.18887E+17                0.6717
    29    3   -5    -43.    -24.   -0.14493E+17    0.18725E+17   -0.26835E+17   -0.42738E+17   -0.11444E+17   -0.21148E+17                0.7066
    29    3   -4    -47.    -24.   -0.15226E+17    0.16541E+17   -0.31615E+17   -0.44104E+17   -0.13169E+17   -0.23336E+17                0.7328
    29    3   -3    -50.    -25.   -0.15824E+17    0.14225E+17   -0.36073E+17   -0.45171E+17   -0.14859E+17   -0.25434E+17                0.7494
    29    3   -2    -51.    -25.   -0.16281E+17    0.11799E+17   -0.40167E+17   -0.45929E+17   -0.16495E+17   -0.27421E+17                0.7558
    29    3   -1    -52.    -26.   -0.16593E+17    0.92901E+16   -0.43856E+17   -0.46364E+17   -0.18061E+17   -0.29272E+17                0.7515
    29    3    0    -52.    -26.   -0.16755E+17    0.67240E+16   -0.47106E+17   -0.46468E+17   -0.19538E+17   -0.30966E+17                0.7367
    29    3    1    -51.    -26.   -0.16767E+17    0.41276E+16   -0.49889E+17   -0.46236E+17   -0.20911E+17   -0.32484E+17                0.7117
    29    3    2    -50.    -27.   -0.16627E+17    0.15277E+16   -0.52178E+17   -0.45666E+17   -0.22163E+17   -0.33804E+17                0.6773
    29    3    3    -49.    -27.   -0.16338E+17   -0.10477E+16   -0.53952E+17   -0.44760E+17   -0.23281E+17   -0.34913E+17                0.6346
    29    3    4    -47.    -28.   -0.15901E+17   -0.35727E+16   -0.55200E+17   -0.43520E+17   -0.24250E+17   -0.35793E+17                0.5850
    29    3    5    -46.    -28.   -0.15321E+17   -0.60204E+16   -0.55912E+17   -0.41954E+17   -0.25057E+17   -0.36430E+17                0.5301
    29    3    6    -44.    -28.   -0.14604E+17   -0.83648E+16   -0.56085E+17   -0.40068E+17   -0.25687E+17   -0.36808E+17                0.4718
    29    4   -6    -38.    -13.   -0.14241E+17    0.18125E+17   -0.21303E+17   -0.39418E+17   -0.67048E+16   -0.87206E+16                0.6800
    29    4   -5    -42.    -14.   -0.15069E+17    0.16537E+17   -0.24577E+17   -0.40978E+17   -0.83111E+16   -0.10275E+17                0.7146
    29    4   -4    -45.    -15.   -0.15765E+17    0.14797E+17   -0.27603E+17   -0.42259E+17   -0.99068E+16   -0.11809E+17                0.7401
    29    4   -3    -47.    -16.   -0.16320E+17    0.12921E+17   -0.30353E+17   -0.43243E+17   -0.11474E+17   -0.13302E+17                0.7553
    29    4   -2    -48.    -17.   -0.16729E+17    0.10926E+17   -0.32799E+17   -0.43922E+17   -0.12999E+17   -0.14744E+17                0.7598
    29    4   -1    -49.    -18.   -0.16988E+17    0.88330E+16   -0.34920E+17   -0.44284E+17   -0.14466E+17   -0.16116E+17                0.7533
    29    4    0    -49.    -19.   -0.17093E+17    0.66620E+16   -0.36696E+17   -0.44325E+17   -0.15860E+17   -0.17406E+17                0.7359
    29    4    1    -49.    -19.   -0.17043E+17    0.44343E+16   -0.38111E+17   -0.44039E+17   -0.17166E+17   -0.18599E+17                0.7081
    29    4    2    -48.    -20.   -0.16839E+17    0.21730E+16   -0.39155E+17   -0.43426E+17   -0.18369E+17   -0.19679E+17                0.6709
    29    4    3    -48.    -21.   -0.16482E+17   -0.10041E+15   -0.39820E+17   -0.42489E+17   -0.19456E+17   -0.20635E+17                0.6254
    29    4    4    -47.    -22.   -0.15976E+17   -0.23624E+16   -0.40102E+17   -0.41234E+17   -0.20416E+17   -0.21458E+17                0.5731
    29    4    5    -46.    -22.   -0.15325E+17   -0.45914E+16   -0.40002E+17   -0.39668E+17   -0.21236E+17   -0.22136E+17                0.5159
    29    4    6    -44.    -23.   -0.14537E+17   -0.67638E+16   -0.39526E+17   -0.37801E+17   -0.21905E+17   -0.22657E+17                0.4555
    29    5   -6    -32.      0.   -0.14615E+17    0.14817E+17   -0.18526E+17   -0.38538E+17   -0.44365E+16    0.81768E+14                0.6799
    29    5   -5    -36.     -1.   -0.15430E+17    0.13610E+17   -0.20890E+17   -0.39862E+17   -0.58424E+16   -0.74628E+15                0.7135
    29    5   -4    -39.     -3.   -0.16109E+17    0.12274E+17   -0.23041E+17   -0.40906E+17   -0.72461E+16   -0.16012E+16                0.7376
    29    5   -3    -41.     -4.   -0.16645E+17    0.10820E+17   -0.24958E+17   -0.41656E+17   -0.86323E+16   -0.24720E+16                0.7512
    29    5   -2    -43.     -5.   -0.17032E+17    0.92651E+16   -0.26624E+17   -0.42104E+17   -0.99887E+16   -0.33517E+16                0.7539
    29    5   -1    -44.     -6.   -0.17265E+17    0.76205E+16   -0.28023E+17   -0.42243E+17   -0.11302E+17   -0.42309E+16                0.7454
    29    5    0    -45.     -7.   -0.17342E+17    0.59035E+16   -0.29142E+17   -0.42068E+17   -0.12558E+17   -0.51004E+16                0.7260
    29    5    1    -45.     -8.   -0.17262E+17    0.41304E+16   -0.29972E+17   -0.41580E+17   -0.13744E+17   -0.59514E+16                0.6962
    29    5    2    -45.     -9.   -0.17025E+17    0.23183E+16   -0.30509E+17   -0.40781E+17   -0.14849E+17   -0.67754E+16                0.6571
    29    5    3    -45.    -10.   -0.16633E+17    0.48496E+15   -0.30747E+17   -0.39674E+17   -0.15861E+17   -0.75645E+16                0.6099
    29    5    4    -45.    -11.   -0.16091E+17   -0.13517E+16   -0.30689E+17   -0.38269E+17   -0.16768E+17   -0.83103E+16                0.5561
    29    5    5    -45.    -12.   -0.15403E+17   -0.31734E+16   -0.30337E+17   -0.36576E+17   -0.17562E+17   -0.90059E+16                0.4976
    29    5    6    -44.    -13.   -0.14576E+17   -0.49622E+16   -0.29699E+17   -0.34606E+17   -0.18232E+17   -0.96423E+16                0.4364
    29    6   -6    -14.     19.   -0.14932E+17    0.11816E+17   -0.15630E+17   -0.36248E+17   -0.10651E+16    0.98198E+16                0.6742
    29    6   -5    -18.     18.   -0.15749E+17    0.11051E+17   -0.17405E+17   -0.37224E+17   -0.22350E+16    0.96813E+16                0.7059
    29    6   -4    -21.     18.   -0.16427E+17    0.10185E+17   -0.19001E+17   -0.37930E+17   -0.34215E+16    0.94560E+16                0.7280
    29    6   -3    -24.     17.   -0.16959E+17    0.92264E+16   -0.20404E+17   -0.38358E+17   -0.46147E+16    0.91452E+16                0.7395
    29    6   -2    -26.     16.   -0.17339E+17    0.81838E+16   -0.21598E+17   -0.38502E+17   -0.58023E+16    0.87526E+16                0.7400
    29    6   -1    -28.     15.   -0.17563E+17    0.70668E+16   -0.22575E+17   -0.38357E+17   -0.69735E+16    0.82810E+16                0.7293
    29    6    0    -30.     14.   -0.17628E+17    0.58861E+16   -0.23325E+17   -0.37924E+17   -0.81172E+16    0.77346E+16                0.7079
    29    6    1    -32.     13.   -0.17533E+17    0.46530E+16   -0.23842E+17   -0.37205E+17   -0.92216E+16    0.71186E+16                0.6762
    29    6    2    -33.     12.   -0.17280E+17    0.33796E+16   -0.24124E+17   -0.36203E+17   -0.10276E+17    0.64383E+16                0.6355
    29    6    3    -35.     11.   -0.16870E+17    0.20789E+16   -0.24168E+17   -0.34926E+17   -0.11269E+17    0.56995E+16                0.5869
    29    6    4    -36.     10.   -0.16306E+17    0.76260E+15   -0.23977E+17   -0.33385E+17   -0.12192E+17    0.49085E+16                0.5322
    29    6    5    -38.      8.   -0.15596E+17   -0.55571E+15   -0.23555E+17   -0.31589E+17   -0.13034E+17    0.40732E+16                0.4731
    29    6    6    -39.      7.   -0.14745E+17   -0.18632E+16   -0.22909E+17   -0.29555E+17   -0.13787E+17    0.31997E+16                0.4116
    30    3   -6    -46.    -31.   -0.13122E+17    0.11720E+17   -0.22620E+17   -0.30991E+17   -0.17815E+17   -0.25892E+17                0.6201
    30    3   -5    -45.    -31.   -0.13443E+17    0.81373E+16   -0.25713E+17   -0.32189E+17   -0.19095E+17   -0.27546E+17                0.6504
    30    3   -4    -44.    -31.   -0.13640E+17    0.44268E+16   -0.28548E+17   -0.33192E+17   -0.20286E+17   -0.29079E+17                0.6726
    30    3   -3    -42.    -31.   -0.13712E+17    0.62503E+15   -0.31093E+17   -0.33991E+17   -0.21375E+17   -0.30476E+17                0.6858
    30    3   -2    -41.    -31.   -0.13657E+17   -0.32295E+16   -0.33324E+17   -0.34581E+17   -0.22355E+17   -0.31727E+17                0.6896
    30    3   -1    -39.    -32.   -0.13473E+17   -0.70968E+16   -0.35217E+17   -0.34955E+17   -0.23213E+17   -0.32815E+17                0.6839
    30    3    0    -38.    -32.   -0.13164E+17   -0.10937E+17   -0.36753E+17   -0.35111E+17   -0.23942E+17   -0.33732E+17                0.6690
    30    3    1    -37.    -32.   -0.12730E+17   -0.14710E+17   -0.37918E+17   -0.35047E+17   -0.24533E+17   -0.34466E+17                0.6454
    30    3    2    -36.    -31.   -0.12176E+17   -0.18375E+17   -0.38699E+17   -0.34761E+17   -0.24978E+17   -0.35007E+17                0.6139
    30    3    3    -36.    -31.   -0.11508E+17   -0.21893E+17   -0.39092E+17   -0.34256E+17   -0.25272E+17   -0.35348E+17                0.5757
    30    3    4    -35.    -31.   -0.10731E+17   -0.25227E+17   -0.39095E+17   -0.33536E+17   -0.25409E+17   -0.35483E+17                0.5322
    30    3    5    -35.    -31.   -0.98523E+16   -0.28341E+17   -0.38709E+17   -0.32604E+17   -0.25386E+17   -0.35405E+17                0.4847
    30    3    6    -35.    -31.   -0.88816E+16   -0.31199E+17   -0.37943E+17   -0.31466E+17   -0.25198E+17   -0.35110E+17                0.4351
    30    4   -6    -40.    -17.   -0.13540E+17    0.94979E+16   -0.16624E+17   -0.25029E+17   -0.11283E+17   -0.93118E+16                0.6065
    30    4   -5    -39.    -18.   -0.13866E+17    0.67367E+16   -0.18484E+17   -0.26028E+17   -0.12363E+17   -0.10308E+17                0.6373
    30    4   -4    -38.    -19.   -0.14066E+17    0.38714E+16   -0.20149E+17   -0.26870E+17   -0.13395E+17   -0.11288E+17                0.6600
    30    4   -3    -37.    -20.   -0.14135E+17    0.93006E+15   -0.21602E+17   -0.27548E+17   -0.14370E+17   -0.12243E+17                0.6738
    30    4   -2    -36.    -20.   -0.14074E+17   -0.20577E+16   -0.22828E+17   -0.28056E+17   -0.15278E+17   -0.13162E+17                0.6784
    30    4   -1    -34.    -21.   -0.13881E+17   -0.50617E+16   -0.23814E+17   -0.28391E+17   -0.16110E+17   -0.14039E+17                0.6735
    30    4    0    -33.    -22.   -0.13558E+17   -0.80514E+16   -0.24552E+17   -0.28549E+17   -0.16858E+17   -0.14862E+17                0.6595
    30    4    1    -33.    -22.   -0.13107E+17   -0.10996E+17   -0.25034E+17   -0.28529E+17   -0.17515E+17   -0.15625E+17                0.6367
    30    4    2    -32.    -23.   -0.12533E+17   -0.13864E+17   -0.25258E+17   -0.28331E+17   -0.18071E+17   -0.16317E+17                0.6061
    30    4    3    -32.    -23.   -0.11841E+17   -0.16627E+17   -0.25222E+17   -0.27957E+17   -0.18521E+17   -0.16932E+17                0.5687
    30    4    4    -33.    -23.   -0.11037E+17   -0.19254E+17   -0.24928E+17   -0.27408E+17   -0.18860E+17   -0.17461E+17                0.5258
    30    4    5    -33.    -24.   -0.10129E+17   -0.21717E+17   -0.24384E+17   -0.26689E+17   -0.19081E+17   -0.17896E+17                0.4791
    30    4    6    -34.    -24.   -0.91266E+16   -0.23991E+17   -0.23595E+17   -0.25804E+17   -0.19181E+17   -0.18232E+17                0.4300
    30    5   -6    -30.      2.   -0.13928E+17    0.77379E+16   -0.12851E+17   -0.21633E+17   -0.75134E+16    0.83043E+15                0.5954
    30    5   -5    -30.      1.   -0.14256E+17    0.54799E+16   -0.14175E+17   -0.22431E+17   -0.84042E+16    0.36771E+15                0.6262
    30    5   -4    -29.     -0.   -0.14454E+17    0.31368E+16   -0.15344E+17   -0.23094E+17   -0.92723E+16   -0.14415E+15                0.6491
    30    5   -3    -28.     -2.   -0.14519E+17    0.73167E+15   -0.16348E+17   -0.23617E+17   -0.10110E+17   -0.70027E+15                0.6631
    30    5   -2    -27.     -3.   -0.14449E+17   -0.17118E+16   -0.17174E+17   -0.23997E+17   -0.10908E+17   -0.12953E+16                0.6679
    30    5   -1    -26.     -4.   -0.14245E+17   -0.41692E+16   -0.17816E+17   -0.24230E+17   -0.11661E+17   -0.19234E+16                0.6632
    30    5    0    -26.     -6.   -0.13907E+17   -0.66156E+16   -0.18267E+17   -0.24314E+17   -0.12359E+17   -0.25784E+16                0.6494
    30    5    1    -26.     -7.   -0.13439E+17   -0.90260E+16   -0.18524E+17   -0.24250E+17   -0.12996E+17   -0.32528E+16                0.6269
    30    5    2    -26.     -8.   -0.12844E+17   -0.11375E+17   -0.18585E+17   -0.24038E+17   -0.13564E+17   -0.39395E+16                0.5964
    30    5    3    -27.     -9.   -0.12127E+17   -0.13640E+17   -0.18451E+17   -0.23678E+17   -0.14057E+17   -0.46307E+16                0.5592
    30    5    4    -29.    -10.   -0.11297E+17   -0.15795E+17   -0.18125E+17   -0.23173E+17   -0.14469E+17   -0.53185E+16                0.5164
    30    5    5    -30.    -12.   -0.10360E+17   -0.17818E+17   -0.17614E+17   -0.22528E+17   -0.14795E+17   -0.59952E+16                0.4697
    30    5    6    -33.    -13.   -0.93255E+16   -0.19688E+17   -0.16924E+17   -0.21746E+17   -0.15028E+17   -0.66516E+16                0.4206
    30    6   -6     -6.     25.   -0.14288E+17    0.61528E+16   -0.10028E+17   -0.18621E+17   -0.43396E+16    0.92095E+16                0.5841
    30    6   -5     -6.     24.   -0.14619E+17    0.43440E+16   -0.11040E+17   -0.19250E+17   -0.50817E+16    0.91891E+16                0.6148
    30    6   -4     -6.     23.   -0.14817E+17    0.24680E+16   -0.11930E+17   -0.19763E+17   -0.58214E+16    0.90681E+16                0.6376
    30    6   -3     -5.     22.   -0.14878E+17    0.54294E+15   -0.12690E+17   -0.20158E+17   -0.65519E+16    0.88478E+16                0.6518
    30    6   -2     -5.     21.   -0.14802E+17   -0.14122E+16   -0.13310E+17   -0.20431E+17   -0.72664E+16    0.85305E+16                0.6568
    30    6   -1     -6.     20.   -0.14588E+17   -0.33780E+16   -0.13787E+17   -0.20581E+17   -0.79581E+16    0.81192E+16                0.6524
    30    6    0     -6.     19.   -0.14237E+17   -0.53347E+16   -0.14114E+17   -0.20607E+17   -0.86197E+16    0.76185E+16                0.6389
    30    6    1     -8.     18.   -0.13752E+17   -0.72623E+16   -0.14290E+17   -0.20508E+17   -0.92443E+16    0.70340E+16                0.6168
    30    6    2    -10.     16.   -0.13138E+17   -0.91413E+16   -0.14314E+17   -0.20285E+17   -0.98252E+16    0.63715E+16                0.5868
    30    6    3    -12.     15.   -0.12400E+17   -0.10952E+17   -0.14187E+17   -0.19941E+17   -0.10356E+17    0.56381E+16                0.5499
    30    6    4    -15.     13.   -0.11545E+17   -0.12676E+17   -0.13911E+17   -0.19478E+17   -0.10830E+17    0.48418E+16                0.5076
    30    6    5    -19.     11.   -0.10581E+17   -0.14295E+17   -0.13492E+17   -0.18898E+17   -0.11242E+17    0.39907E+16                0.4613
    30    6    6    -24.      9.   -0.95177E+16   -0.15792E+17   -0.12935E+17   -0.18207E+17   -0.11586E+17    0.30939E+16                0.4126
    31    3   -6    -53.    -22.   -0.12825E+17    0.10378E+17   -0.63921E+17   -0.28596E+17   -0.17132E+17   -0.24212E+17                0.5037
    31    3   -5    -53.    -23.   -0.14148E+17    0.10330E+17   -0.64137E+17   -0.31260E+17   -0.19597E+17   -0.27282E+17                0.5616
    31    3   -4    -53.    -24.   -0.15357E+17    0.10191E+17   -0.63749E+17   -0.33734E+17   -0.21961E+17   -0.30212E+17                0.6153
    31    3   -3    -53.    -26.   -0.16439E+17    0.99589E+16   -0.62762E+17   -0.35995E+17   -0.24200E+17   -0.32975E+17                0.6631
    31    3   -2    -52.    -27.   -0.17385E+17    0.96349E+16   -0.61182E+17   -0.38023E+17   -0.26295E+17   -0.35547E+17                0.7033
    31    3   -1    -51.    -28.   -0.18183E+17    0.92195E+16   -0.59025E+17   -0.39803E+17   -0.28231E+17   -0.37910E+17                0.7348
    31    3    0    -50.    -29.   -0.18827E+17    0.87148E+16   -0.56313E+17   -0.41316E+17   -0.29988E+17   -0.40040E+17                0.7566
    31    3    1    -48.    -30.   -0.19309E+17    0.81237E+16   -0.53073E+17   -0.42548E+17   -0.31547E+17   -0.41913E+17                0.7679
    31    3    2    -46.    -31.   -0.19625E+17    0.74500E+16   -0.49338E+17   -0.43488E+17   -0.32898E+17   -0.43519E+17                0.7684
    31    3    3    -44.    -32.   -0.19772E+17    0.66986E+16   -0.45145E+17   -0.44128E+17   -0.34026E+17   -0.44840E+17                0.7583
    31    3    4    -43.    -33.   -0.19747E+17    0.58749E+16   -0.40540E+17   -0.44461E+17   -0.34923E+17   -0.45866E+17                0.7378
    31    3    5    -41.    -34.   -0.19550E+17    0.49856E+16   -0.35569E+17   -0.44482E+17   -0.35577E+17   -0.46584E+17                0.7077
    31    3    6    -39.    -35.   -0.19185E+17    0.40381E+16   -0.30284E+17   -0.44190E+17   -0.35983E+17   -0.46988E+17                0.6691
    31    4   -6    -61.    -12.   -0.13609E+17    0.93147E+16   -0.47719E+17   -0.23280E+17   -0.11407E+17   -0.92638E+16                0.4686
    31    4   -5    -60.    -14.   -0.15043E+17    0.88931E+16   -0.48367E+17   -0.25553E+17   -0.13466E+17   -0.11027E+17                0.5293
    31    4   -4    -57.    -15.   -0.16355E+17    0.83892E+16   -0.48569E+17   -0.27664E+17   -0.15453E+17   -0.12740E+17                0.5869
    31    4   -3    -55.    -16.   -0.17533E+17    0.78056E+16   -0.48322E+17   -0.29597E+17   -0.17352E+17   -0.14388E+17                0.6393
    31    4   -2    -52.    -17.   -0.18565E+17    0.71456E+16   -0.47628E+17   -0.31335E+17   -0.19149E+17   -0.15961E+17                0.6849
    31    4   -1    -50.    -18.   -0.19441E+17    0.64136E+16   -0.46494E+17   -0.32863E+17   -0.20826E+17   -0.17445E+17                0.7224
    31    4    0    -47.    -19.   -0.20151E+17    0.56144E+16   -0.44931E+17   -0.34169E+17   -0.22370E+17   -0.18828E+17                0.7504
    31    4    1    -45.    -20.   -0.20690E+17    0.47539E+16   -0.42955E+17   -0.35242E+17   -0.23769E+17   -0.20099E+17                0.7681
    31    4    2    -42.    -21.   -0.21051E+17    0.38384E+16   -0.40586E+17   -0.36071E+17   -0.25009E+17   -0.21247E+17                0.7750
    31    4    3    -40.    -22.   -0.21230E+17    0.28751E+16   -0.37849E+17   -0.36652E+17   -0.26082E+17   -0.22266E+17                0.7709
    31    4    4    -38.    -23.   -0.21226E+17    0.18717E+16   -0.34774E+17   -0.36976E+17   -0.26976E+17   -0.23143E+17                0.7559
    31    4    5    -36.    -24.   -0.21037E+17    0.83643E+15   -0.31390E+17   -0.37044E+17   -0.27686E+17   -0.23877E+17                0.7307
    31    4    6    -34.    -25.   -0.20667E+17   -0.22203E+15   -0.27734E+17   -0.36853E+17   -0.28204E+17   -0.24458E+17                0.6960
    31    5   -6    -67.     -4.   -0.14444E+17    0.86941E+16   -0.37019E+17   -0.21850E+17   -0.10009E+17   -0.21640E+16                0.4528
    31    5   -5    -62.     -5.   -0.15971E+17    0.83032E+16   -0.37753E+17   -0.23696E+17   -0.11645E+17   -0.28241E+16                0.5155
    31    5   -4    -58.     -5.   -0.17370E+17    0.78376E+16   -0.38142E+17   -0.25389E+17   -0.13218E+17   -0.34812E+16                0.5753
    31    5   -3    -54.     -6.   -0.18628E+17    0.72998E+16   -0.38181E+17   -0.26916E+17   -0.14714E+17   -0.41303E+16                0.6304
    31    5   -2    -51.     -7.   -0.19731E+17    0.66931E+16   -0.37870E+17   -0.28262E+17   -0.16122E+17   -0.47658E+16                0.6790
    31    5   -1    -47.     -8.   -0.20669E+17    0.60215E+16   -0.37211E+17   -0.29418E+17   -0.17428E+17   -0.53842E+16                0.7196
    31    5    0    -44.     -8.   -0.21431E+17    0.52895E+16   -0.36213E+17   -0.30373E+17   -0.18622E+17   -0.59797E+16                0.7507
    31    5    1    -41.     -9.   -0.22011E+17    0.45025E+16   -0.34884E+17   -0.31117E+17   -0.19692E+17   -0.65475E+16                0.7714
    31    5    2    -38.    -10.   -0.22402E+17    0.36664E+16   -0.33238E+17   -0.31646E+17   -0.20631E+17   -0.70841E+16                0.7811
    31    5    3    -35.    -10.   -0.22601E+17    0.27878E+16   -0.31294E+17   -0.31954E+17   -0.21429E+17   -0.75850E+16                0.7795
    31    5    4    -32.    -11.   -0.22604E+17    0.18735E+16   -0.29070E+17   -0.32037E+17   -0.22079E+17   -0.80460E+16                0.7665
    31    5    5    -30.    -12.   -0.22412E+17    0.93117E+15   -0.26590E+17   -0.31897E+17   -0.22576E+17   -0.84642E+16                0.7428
    31    5    6    -27.    -13.   -0.22026E+17   -0.31500E+14   -0.23880E+17   -0.31532E+17   -0.22916E+17   -0.88364E+16                0.7091
    31    6   -6    -51.     14.   -0.15128E+17    0.72134E+16   -0.28886E+17   -0.19197E+17   -0.74180E+16    0.57406E+16                0.4395
    31    6   -5    -46.     14.   -0.16738E+17    0.69045E+16   -0.29575E+17   -0.20709E+17   -0.87318E+16    0.59463E+16                0.5029
    31    6   -4    -42.     14.   -0.18214E+17    0.65342E+16   -0.29997E+17   -0.22087E+17   -0.99998E+16    0.61020E+16                0.5637
    31    6   -3    -39.     13.   -0.19542E+17    0.61045E+16   -0.30147E+17   -0.23319E+17   -0.11212E+17    0.62051E+16                0.6201
    31    6   -2    -35.     13.   -0.20708E+17    0.56180E+16   -0.30023E+17   -0.24395E+17   -0.12358E+17    0.62541E+16                0.6702
    31    6   -1    -32.     12.   -0.21700E+17    0.50780E+16   -0.29626E+17   -0.25306E+17   -0.13427E+17    0.62482E+16                0.7124
    31    6    0    -28.     12.   -0.22509E+17    0.44883E+16   -0.28960E+17   -0.26043E+17   -0.14410E+17    0.61874E+16                0.7453
    31    6    1    -25.     11.   -0.23126E+17    0.38529E+16   -0.28033E+17   -0.26599E+17   -0.15298E+17    0.60718E+16                0.7679
    31    6    2    -22.     11.   -0.23545E+17    0.31770E+16   -0.26853E+17   -0.26971E+17   -0.16084E+17    0.59012E+16                0.7794
    31    6    3    -20.     10.   -0.23762E+17    0.24657E+16   -0.25434E+17   -0.27155E+17   -0.16760E+17    0.56767E+16                0.7795
    31    6    4    -17.     10.   -0.23773E+17    0.17245E+16   -0.23789E+17   -0.27148E+17   -0.17321E+17    0.54001E+16                0.7681
    31    6    5    -14.      9.   -0.23580E+17    0.95983E+15   -0.21936E+17   -0.26950E+17   -0.17761E+17    0.50732E+16                0.7457
    31    6    6    -12.      9.   -0.23182E+17    0.17787E+15   -0.19894E+17   -0.26563E+17   -0.18076E+17    0.46976E+16                0.7130
    32    3   -6     -1.     -5.   -0.11449E+17    0.17601E+17   -0.90377E+16   -0.27233E+17    0.24538E+16   -0.17393E+16                0.5633
    32    3   -5     -9.    -10.   -0.11659E+17    0.12706E+17   -0.11558E+17   -0.29201E+17    0.12441E+16   -0.38833E+16                0.5766
    32    3   -4    -14.    -14.   -0.11759E+17    0.76318E+16   -0.13989E+17   -0.30970E+17   -0.23193E+13   -0.60442E+16                0.5844
    32    3   -3    -17.    -17.   -0.11745E+17    0.24308E+16   -0.16306E+17   -0.32525E+17   -0.12758E+16   -0.82059E+16                0.5865
    32    3   -2    -19.    -19.   -0.11616E+17   -0.28428E+16   -0.18484E+17   -0.33847E+17   -0.25614E+16   -0.10343E+17                0.5828
    32    3   -1    -19.    -21.   -0.11373E+17   -0.81337E+16   -0.20500E+17   -0.34924E+17   -0.38481E+16   -0.12439E+17                0.5735
    32    3    0    -20.    -22.   -0.11016E+17   -0.13386E+17   -0.22334E+17   -0.35744E+17   -0.51225E+16   -0.14471E+17                0.5591
    32    3    1    -21.    -23.   -0.10548E+17   -0.18542E+17   -0.23966E+17   -0.36297E+17   -0.63714E+16   -0.16419E+17                0.5401
    32    3    2    -21.    -24.   -0.99739E+16   -0.23547E+17   -0.25380E+17   -0.36574E+17   -0.75806E+16   -0.18261E+17                0.5172
    32    3    3    -22.    -24.   -0.92977E+16   -0.28346E+17   -0.26561E+17   -0.36571E+17   -0.87389E+16   -0.19979E+17                0.4911
    32    3    4    -23.    -25.   -0.85259E+16   -0.32886E+17   -0.27496E+17   -0.36285E+17   -0.98333E+16   -0.21555E+17                0.4630
    32    3    5    -24.    -25.   -0.76658E+16   -0.37116E+17   -0.28177E+17   -0.35715E+17   -0.10851E+17   -0.22971E+17                0.4337
    32    3    6    -25.    -25.   -0.67257E+16   -0.40988E+17   -0.28597E+17   -0.34864E+17   -0.11782E+17   -0.24210E+17                0.4042
    32    4   -6     28.     12.   -0.11717E+17    0.14603E+17   -0.52576E+16   -0.26985E+17    0.60796E+16    0.47935E+16                0.5564
    32    4   -5     26.     10.   -0.11893E+17    0.10532E+17   -0.64423E+16   -0.28632E+17    0.53405E+16    0.36566E+16                0.5698
    32    4   -4     24.      7.   -0.11955E+17    0.63035E+16   -0.75724E+16   -0.30081E+17    0.45406E+16    0.24611E+16                0.5772
    32    4   -3     22.      3.   -0.11902E+17    0.19609E+16   -0.86361E+16   -0.31317E+17    0.36884E+16    0.12190E+16                0.5783
    32    4   -2     20.     -0.   -0.11732E+17   -0.24520E+16   -0.96225E+16   -0.32326E+17    0.27915E+16   -0.59240E+14                0.5733
    32    4   -1     16.     -4.   -0.11445E+17   -0.68896E+16   -0.10521E+17   -0.33100E+17    0.18584E+16   -0.13619E+16                0.5623
    32    4    0     12.     -7.   -0.11045E+17   -0.11305E+17   -0.11323E+17   -0.33629E+17    0.89826E+15   -0.26768E+16                0.5458
    32    4    1      7.     -9.   -0.10533E+17   -0.15652E+17   -0.12021E+17   -0.33906E+17   -0.78989E+14   -0.39908E+16                0.5245
    32    4    2      3.    -11.   -0.99140E+16   -0.19884E+17   -0.12606E+17   -0.33927E+17   -0.10636E+16   -0.52912E+16                0.4992
    32    4    3     -1.    -13.   -0.91936E+16   -0.23954E+17   -0.13074E+17   -0.33691E+17   -0.20463E+16   -0.65662E+16                0.4708
    32    4    4     -5.    -14.   -0.83783E+16   -0.27819E+17   -0.13419E+17   -0.33198E+17   -0.30167E+16   -0.78027E+16                0.4405
    32    4    5     -9.    -15.   -0.74759E+16   -0.31436E+17   -0.13640E+17   -0.32449E+17   -0.39648E+16   -0.89880E+16                0.4093
    32    4    6    -12.    -16.   -0.64951E+16   -0.34764E+17   -0.13734E+17   -0.31450E+17   -0.48808E+16   -0.10110E+17                0.3783
    32    5   -6     43.     21.   -0.11997E+17    0.12256E+17   -0.30479E+16   -0.27561E+17    0.86176E+16    0.88758E+16                0.5517
    32    5   -5     43.     20.   -0.12146E+17    0.89265E+16   -0.37578E+16   -0.28944E+17    0.81669E+16    0.83403E+16                0.5654
    32    5   -4     42.     19.   -0.12180E+17    0.54605E+16   -0.44333E+16   -0.30123E+17    0.76388E+16    0.77209E+16                0.5724
    32    5   -3     42.     17.   -0.12095E+17    0.18923E+16   -0.50672E+16   -0.31085E+17    0.70391E+16    0.70242E+16                0.5724
    32    5   -2     40.     15.   -0.11891E+17   -0.17420E+16   -0.56530E+16   -0.31820E+17    0.63730E+16    0.62553E+16                0.5655
    32    5   -1     38.     13.   -0.11570E+17   -0.54048E+16   -0.61848E+16   -0.32321E+17    0.56466E+16    0.54209E+16                0.5520
    32    5    0     35.     11.   -0.11133E+17   -0.90585E+16   -0.66570E+16   -0.32583E+17    0.48673E+16    0.45285E+16                0.5326
    32    5    1     31.      9.   -0.10583E+17   -0.12664E+17   -0.70652E+16   -0.32601E+17    0.40416E+16    0.35852E+16                0.5078
    32    5    2     26.      6.   -0.99260E+16   -0.16184E+17   -0.74052E+16   -0.32373E+17    0.31786E+16    0.26005E+16                0.4787
    32    5    3     21.      4.   -0.91669E+16   -0.19578E+17   -0.76740E+16   -0.31902E+17    0.22856E+16    0.15825E+16                0.4465
    32    5    4     16.      1.   -0.83128E+16   -0.22812E+17   -0.78695E+16   -0.31189E+17    0.13719E+16    0.54103E+15                0.4122
    32    5    5     10.     -1.   -0.73718E+16   -0.25849E+17   -0.79898E+16   -0.30238E+17    0.44689E+15   -0.51354E+15                0.3772
    32    5    6      4.     -4.   -0.63532E+16   -0.28656E+17   -0.80347E+16   -0.29058E+17   -0.48145E+15   -0.15726E+16                0.3427
    32    6   -6     51.     27.   -0.12269E+17    0.10285E+17   -0.18127E+16   -0.27597E+17    0.10897E+17    0.12349E+17                0.5453
    32    6   -5     51.     27.   -0.12398E+17    0.77305E+16   -0.22986E+16   -0.28746E+17    0.10617E+17    0.12219E+17                0.5579
    32    6   -4     52.     26.   -0.12408E+17    0.50620E+16   -0.27620E+16   -0.29689E+17    0.10245E+17    0.11985E+17                0.5633
    32    6   -3     51.     26.   -0.12298E+17    0.23055E+16   -0.31979E+16   -0.30415E+17    0.97836E+16    0.11648E+17                0.5612
    32    6   -2     51.     25.   -0.12067E+17   -0.51112E+15   -0.36020E+16   -0.30918E+17    0.92376E+16    0.11209E+17                0.5518
    32    6   -1     49.     24.   -0.11717E+17   -0.33590E+16   -0.39700E+16   -0.31192E+17    0.86116E+16    0.10672E+17                0.5354
    32    6    0     46.     22.   -0.11249E+17   -0.62087E+16   -0.42983E+16   -0.31233E+17    0.79117E+16    0.10041E+17                0.5128
    32    6    1     43.     21.   -0.10667E+17   -0.90301E+16   -0.45837E+16   -0.31039E+17    0.71442E+16    0.93221E+16                0.4847
    32    6    2     39.     19.   -0.99766E+16   -0.11793E+17   -0.48236E+16   -0.30612E+17    0.63163E+16    0.85204E+16                0.4523
    32    6    3     35.     17.   -0.91834E+16   -0.14468E+17   -0.50157E+16   -0.29954E+17    0.54359E+16    0.76427E+16                0.4167
    32    6    4     30.     16.   -0.82948E+16   -0.17027E+17   -0.51585E+16   -0.29069E+17    0.45110E+16    0.66967E+16                0.3793
    32    6    5     25.     14.   -0.73192E+16   -0.19440E+17   -0.52509E+16   -0.27965E+17    0.35512E+16    0.56912E+16                0.3414
    32    6    6     19.     11.   -0.62660E+16   -0.21681E+17   -0.52927E+16   -0.26649E+17    0.25650E+16    0.46347E+16                0.3046
    33    3   -6    -61.    -25.   -0.12444E+17    0.29453E+17   -0.31477E+17   -0.31171E+17   -0.14842E+17   -0.22956E+17                0.5043
    33    3   -5    -64.    -27.   -0.13345E+17    0.26965E+17   -0.35836E+17   -0.33328E+17   -0.17737E+17   -0.26950E+17                0.5386
    33    3   -4    -65.    -28.   -0.14133E+17    0.24216E+17   -0.39846E+17   -0.35307E+17   -0.20579E+17   -0.30868E+17                0.5679
    33    3   -3    -62.    -29.   -0.14799E+17    0.21233E+17   -0.43466E+17   -0.37086E+17   -0.23339E+17   -0.34668E+17                0.5914
    33    3   -2    -58.    -30.   -0.15337E+17    0.18040E+17   -0.46661E+17   -0.38653E+17   -0.25994E+17   -0.38321E+17                0.6083
    33    3   -1    -55.    -31.   -0.15741E+17    0.14668E+17   -0.49404E+17   -0.39989E+17   -0.28514E+17   -0.41782E+17                0.6179
    33    3    0    -52.    -32.   -0.16007E+17    0.11148E+17   -0.51667E+17   -0.41082E+17   -0.30877E+17   -0.45022E+17                0.6200
    33    3    1    -49.    -33.   -0.16131E+17    0.75147E+16   -0.53432E+17   -0.41922E+17   -0.33057E+17   -0.48007E+17                0.6144
    33    3    2    -46.    -34.   -0.16113E+17    0.38008E+16   -0.54684E+17   -0.42498E+17   -0.35033E+17   -0.50703E+17                0.6014
    33    3    3    -44.    -34.   -0.15952E+17    0.42725E+14   -0.55414E+17   -0.42801E+17   -0.36781E+17   -0.53081E+17                0.5814
    33    3    4    -42.    -35.   -0.15650E+17   -0.37234E+16   -0.55619E+17   -0.42826E+17   -0.38283E+17   -0.55112E+17                0.5550
    33    3    5    -41.    -35.   -0.15209E+17   -0.74610E+16   -0.55304E+17   -0.42570E+17   -0.39522E+17   -0.56774E+17                0.5230
    33    3    6    -39.    -36.   -0.14633E+17   -0.11134E+17   -0.54474E+17   -0.42033E+17   -0.40482E+17   -0.58045E+17                0.4867
    33    4   -6    -67.    -13.   -0.13074E+17    0.26027E+17   -0.27961E+17   -0.26847E+17   -0.98969E+16   -0.89941E+16                0.5008
    33    4   -5    -69.    -16.   -0.14011E+17    0.24037E+17   -0.30969E+17   -0.28654E+17   -0.12446E+17   -0.11736E+17                0.5355
    33    4   -4    -68.    -18.   -0.14829E+17    0.21813E+17   -0.33676E+17   -0.30299E+17   -0.14963E+17   -0.14471E+17                0.5656
    33    4   -3    -65.    -20.   -0.15520E+17    0.19375E+17   -0.36055E+17   -0.31766E+17   -0.17424E+17   -0.17170E+17                0.5900
    33    4   -2    -62.    -21.   -0.16076E+17    0.16742E+17   -0.38083E+17   -0.33045E+17   -0.19806E+17   -0.19811E+17                0.6079
    33    4   -1    -58.    -23.   -0.16493E+17    0.13941E+17   -0.39741E+17   -0.34123E+17   -0.22087E+17   -0.22367E+17                0.6188
    33    4    0    -54.    -24.   -0.16764E+17    0.10996E+17   -0.41014E+17   -0.34989E+17   -0.24244E+17   -0.24813E+17                0.6223
    33    4    1    -51.    -25.   -0.16888E+17    0.79341E+16   -0.41892E+17   -0.35636E+17   -0.26257E+17   -0.27125E+17                0.6182
    33    4    2    -48.    -26.   -0.16863E+17    0.47847E+16   -0.42367E+17   -0.36054E+17   -0.28102E+17   -0.29276E+17                0.6068
    33    4    3    -45.    -27.   -0.16688E+17    0.15775E+16   -0.42440E+17   -0.36240E+17   -0.29763E+17   -0.31248E+17                0.5883
    33    4    4    -43.    -28.   -0.16365E+17   -0.16569E+16   -0.42111E+17   -0.36191E+17   -0.31222E+17   -0.33017E+17                0.5635
    33    4    5    -41.    -29.   -0.15898E+17   -0.48878E+16   -0.41387E+17   -0.35904E+17   -0.32463E+17   -0.34565E+17                0.5331
    33    4    6    -39.    -30.   -0.15290E+17   -0.80837E+16   -0.40280E+17   -0.35380E+17   -0.33470E+17   -0.35872E+17                0.4981
    33    5   -6    -70.      0.   -0.13633E+17    0.22921E+17   -0.24001E+17   -0.24598E+17   -0.72373E+16    0.17429E+14                0.4948
    33    5   -5    -71.     -3.   -0.14597E+17    0.21299E+17   -0.26310E+17   -0.26003E+17   -0.94133E+16   -0.16378E+16                0.5298
    33    5   -4    -70.     -5.   -0.15437E+17    0.19473E+17   -0.28362E+17   -0.27255E+17   -0.11570E+17   -0.33353E+16                0.5602
    33    5   -3    -67.     -8.   -0.16146E+17    0.17457E+17   -0.30137E+17   -0.28344E+17   -0.13687E+17   -0.50588E+16                0.5851
    33    5   -2    -63.    -10.   -0.16715E+17    0.15269E+17   -0.31618E+17   -0.29262E+17   -0.15746E+17   -0.67931E+16                0.6035
    33    5   -1    -59.    -12.   -0.17139E+17    0.12929E+17   -0.32791E+17   -0.29999E+17   -0.17725E+17   -0.85199E+16                0.6150
    33    5    0    -55.    -13.   -0.17412E+17    0.10457E+17   -0.33645E+17   -0.30549E+17   -0.19606E+17   -0.10222E+17                0.6191
    33    5    1    -51.    -15.   -0.17532E+17    0.78771E+16   -0.34174E+17   -0.30906E+17   -0.21370E+17   -0.11881E+17                0.6156
    33    5    2    -48.    -16.   -0.17497E+17    0.52119E+16   -0.34373E+17   -0.31066E+17   -0.22999E+17   -0.13482E+17                0.6048
    33    5    3    -45.    -18.   -0.17308E+17    0.24869E+16   -0.34244E+17   -0.31027E+17   -0.24476E+17   -0.15007E+17                0.5868
    33    5    4    -42.    -19.   -0.16964E+17   -0.27232E+15   -0.33789E+17   -0.30786E+17   -0.25786E+17   -0.16440E+17                0.5624
    33    5    5    -40.    -21.   -0.16471E+17   -0.30394E+16   -0.33017E+17   -0.30346E+17   -0.26914E+17   -0.17766E+17                0.5324
    33    5    6    -38.    -22.   -0.15832E+17   -0.57880E+16   -0.31938E+17   -0.29707E+17   -0.27848E+17   -0.18970E+17                0.4976
    33    6   -6    -46.     22.   -0.14129E+17    0.19004E+17   -0.19756E+17   -0.21647E+17   -0.40358E+16    0.89214E+16                0.4856
    33    6   -5    -49.     20.   -0.15125E+17    0.17743E+17   -0.21593E+17   -0.22676E+17   -0.58840E+16    0.82087E+16                0.5208
    33    6   -4    -51.     18.   -0.15994E+17    0.16314E+17   -0.23220E+17   -0.23571E+17   -0.77324E+16    0.74001E+16                0.5515
    33    6   -3    -52.     15.   -0.16727E+17    0.14729E+17   -0.24622E+17   -0.24324E+17   -0.95637E+16    0.65039E+16                0.5768
    33    6   -2    -51.     12.   -0.17315E+17    0.13002E+17   -0.25783E+17   -0.24929E+17   -0.11361E+17    0.55290E+16                0.5957
    33    6   -1    -50.      9.   -0.17753E+17    0.11147E+17   -0.26694E+17   -0.25380E+17   -0.13106E+17    0.44855E+16                0.6077
    33    6    0    -49.      7.   -0.18036E+17    0.91817E+16   -0.27347E+17   -0.25674E+17   -0.14783E+17    0.33834E+16                0.6124
    33    6    1    -47.      4.   -0.18160E+17    0.71237E+16   -0.27735E+17   -0.25807E+17   -0.16374E+17    0.22352E+16                0.6096
    33    6    2    -46.      2.   -0.18124E+17    0.49919E+16   -0.27857E+17   -0.25777E+17   -0.17864E+17    0.10522E+16                0.5994
    33    6    3    -44.     -0.   -0.17927E+17    0.28062E+16   -0.27712E+17   -0.25584E+17   -0.19237E+17   -0.15417E+15                0.5820
    33    6    4    -40.     -2.   -0.17571E+17    0.58693E+15   -0.27305E+17   -0.25228E+17   -0.20479E+17   -0.13705E+16                0.5582
    33    6    5    -38.     -4.   -0.17060E+17   -0.16450E+16   -0.26641E+17   -0.24712E+17   -0.21577E+17   -0.25851E+16                0.5285
    33    6    6    -35.     -6.   -0.16397E+17   -0.38683E+16   -0.25730E+17   -0.24037E+17   -0.22518E+17   -0.37846E+16                0.4941
    34    3   -6    -51.     -7.   -0.15902E+17    0.21701E+17   -0.82489E+17   -0.21634E+17    0.61717E+16   -0.72571E+16                0.6350
    34    3   -5    -55.    -12.   -0.17216E+17    0.20665E+17   -0.81477E+17   -0.25606E+17    0.72758E+15   -0.13427E+17                0.6874
    34    3   -4    -57.    -16.   -0.18383E+17    0.19421E+17   -0.79700E+17   -0.29457E+17   -0.48192E+16   -0.19601E+17                0.7355
    34    3   -3    -57.    -20.   -0.19393E+17    0.17979E+17   -0.77173E+17   -0.33151E+17   -0.10415E+17   -0.25721E+17                0.7777
    34    3   -2    -56.    -23.   -0.20235E+17    0.16348E+17   -0.73924E+17   -0.36656E+17   -0.16012E+17   -0.31737E+17                0.8129
    34    3   -1    -54.    -26.   -0.20899E+17    0.14542E+17   -0.69984E+17   -0.39941E+17   -0.21557E+17   -0.37593E+17                0.8398
    34    3    0    -51.    -29.   -0.21381E+17    0.12576E+17   -0.65395E+17   -0.42974E+17   -0.26996E+17   -0.43235E+17                0.8578
    34    3    1    -48.    -31.   -0.21674E+17    0.10467E+17   -0.60204E+17   -0.45727E+17   -0.32279E+17   -0.48610E+17                0.8663
    34    3    2    -45.    -33.   -0.21776E+17    0.82334E+16   -0.54467E+17   -0.48172E+17   -0.37351E+17   -0.53664E+17                0.8650
    34    3    3    -42.    -35.   -0.21685E+17    0.58954E+16   -0.48240E+17   -0.50291E+17   -0.42170E+17   -0.58360E+17                0.8541
    34    3    4    -41.    -36.   -0.21403E+17    0.34747E+16   -0.41589E+17   -0.52060E+17   -0.46686E+17   -0.62649E+17                0.8339
    34    3    5    -40.    -37.   -0.20933E+17    0.99441E+15   -0.34583E+17   -0.53460E+17   -0.50855E+17   -0.66489E+17                0.8052
    34    3    6    -40.    -38.   -0.20279E+17   -0.15224E+16   -0.27296E+17   -0.54479E+17   -0.54637E+17   -0.69845E+17                0.7687
    34    4   -6    -55.      5.   -0.17308E+17    0.25469E+17   -0.69086E+17   -0.17695E+17    0.13241E+17    0.39024E+16                0.6178
    34    4   -5    -66.      0.   -0.18625E+17    0.24008E+17   -0.68727E+17   -0.20827E+17    0.85508E+16    0.17869E+15                0.6692
    34    4   -4    -69.     -4.   -0.19782E+17    0.22308E+17   -0.67736E+17   -0.23846E+17    0.37290E+16   -0.35903E+16                0.7169
    34    4   -3    -70.     -8.   -0.20769E+17    0.20380E+17   -0.66122E+17   -0.26730E+17   -0.11851E+16   -0.73782E+16                0.7594
    34    4   -2    -67.    -11.   -0.21576E+17    0.18240E+17   -0.63903E+17   -0.29454E+17   -0.61462E+16   -0.11152E+17                0.7955
    34    4   -1    -63.    -14.   -0.22194E+17    0.15906E+17   -0.61100E+17   -0.31996E+17   -0.11112E+17   -0.14883E+17                0.8241
    34    4    0    -57.    -17.   -0.22617E+17    0.13399E+17   -0.57744E+17   -0.34332E+17   -0.16035E+17   -0.18535E+17                0.8442
    34    4    1    -51.    -20.   -0.22841E+17    0.10739E+17   -0.53868E+17   -0.36446E+17   -0.20872E+17   -0.22084E+17                0.8554
    34    4    2    -46.    -22.   -0.22864E+17    0.79518E+16   -0.49513E+17   -0.38317E+17   -0.25579E+17   -0.25496E+17                0.8573
    34    4    3    -42.    -25.   -0.22685E+17    0.50619E+16   -0.44725E+17   -0.39930E+17   -0.30113E+17   -0.28744E+17                0.8500
    34    4    4    -39.    -26.   -0.22306E+17    0.20963E+16   -0.39553E+17   -0.41271E+17   -0.34432E+17   -0.31803E+17                0.8336
    34    4    5    -38.    -28.   -0.21732E+17   -0.91695E+15   -0.34051E+17   -0.42329E+17   -0.38497E+17   -0.34645E+17                0.8089
    34    4    6    -38.    -29.   -0.20967E+17   -0.39494E+16   -0.28274E+17   -0.43093E+17   -0.42268E+17   -0.37244E+17                0.7766
    34    5   -6    -68.      8.   -0.18454E+17    0.24115E+17   -0.56330E+17   -0.19248E+17    0.12010E+17    0.54606E+16                0.6049
    34    5   -5    -76.      5.   -0.19773E+17    0.22955E+17   -0.56179E+17   -0.21545E+17    0.80500E+16    0.37413E+16                0.6588
    34    5   -4    -82.      3.   -0.20922E+17    0.21571E+17   -0.55511E+17   -0.23714E+17    0.39713E+16    0.19760E+16                0.7089
    34    5   -3    -83.      0.   -0.21892E+17    0.19972E+17   -0.54330E+17   -0.25738E+17   -0.18985E+15    0.17778E+15                0.7537
    34    5   -2    -77.     -2.   -0.22671E+17    0.18173E+17   -0.52651E+17   -0.27601E+17   -0.43965E+16   -0.16404E+16                0.7917
    34    5   -1    -69.     -4.   -0.23252E+17    0.16188E+17   -0.50492E+17   -0.29284E+17   -0.86084E+16   -0.34615E+16                0.8219
    34    5    0    -61.     -6.   -0.23629E+17    0.14035E+17   -0.47873E+17   -0.30776E+17   -0.12788E+17   -0.52724E+16                0.8432
    34    5    1    -54.     -9.   -0.23798E+17    0.11732E+17   -0.44824E+17   -0.32061E+17   -0.16894E+17   -0.70571E+16                0.8551
    34    5    2    -47.    -10.   -0.23758E+17    0.93016E+16   -0.41377E+17   -0.33131E+17   -0.20892E+17   -0.88036E+16                0.8573
    34    5    3    -42.    -12.   -0.23509E+17    0.67653E+16   -0.37566E+17   -0.33975E+17   -0.24741E+17   -0.10496E+17                0.8496
    34    5    4    -39.    -14.   -0.23053E+17    0.41468E+16   -0.33432E+17   -0.34587E+17   -0.28408E+17   -0.12122E+17                0.8323
    34    5    5    -37.    -15.   -0.22396E+17    0.14715E+16   -0.29018E+17   -0.34959E+17   -0.31855E+17   -0.13668E+17                0.8062
    34    5    6    -36.    -17.   -0.21543E+17   -0.12353E+16   -0.24370E+17   -0.35090E+17   -0.35052E+17   -0.15122E+17                0.7719
    34    6   -6    -69.     19.   -0.19461E+17    0.20615E+17   -0.44751E+17   -0.18071E+17    0.13676E+17    0.10165E+17                0.5937
    34    6   -5    -74.     18.   -0.20775E+17    0.19692E+17   -0.44825E+17   -0.19718E+17    0.10239E+17    0.99836E+16                0.6484
    34    6   -4    -73.     18.   -0.21912E+17    0.18579E+17   -0.44489E+17   -0.21245E+17    0.66727E+16    0.97288E+16                0.6993
    34    6   -3    -67.     17.   -0.22858E+17    0.17283E+17   -0.43747E+17   -0.22637E+17    0.30114E+16    0.94030E+16                0.7448
    34    6   -2    -60.     16.   -0.23606E+17    0.15815E+17   -0.42607E+17   -0.23884E+17   -0.71216E+15    0.90060E+16                0.7834
    34    6   -1    -54.     15.   -0.24147E+17    0.14189E+17   -0.41081E+17   -0.24974E+17   -0.44624E+16    0.85408E+16                0.8140
    34    6    0    -47.     14.   -0.24476E+17    0.12418E+17   -0.39185E+17   -0.25900E+17   -0.82040E+16    0.80099E+16                0.8357
    34    6    1    -42.     13.   -0.24590E+17    0.10519E+17   -0.36940E+17   -0.26652E+17   -0.11902E+17    0.74167E+16                0.8476
    34    6    2    -37.     12.   -0.24487E+17    0.85093E+16   -0.34369E+17   -0.27225E+17   -0.15522E+17    0.67632E+16                0.8496
    34    6    3    -32.     11.   -0.24168E+17    0.64073E+16   -0.31498E+17   -0.27614E+17   -0.19028E+17    0.60552E+16                0.8416
    34    6    4    -29.      9.   -0.23638E+17    0.42331E+16   -0.28359E+17   -0.27814E+17   -0.22388E+17    0.52965E+16                0.8237
    34    6    5    -28.      8.   -0.22900E+17    0.20076E+16   -0.24983E+17   -0.27825E+17   -0.25569E+17    0.44930E+16                0.7967
    34    6    6    -28.      6.   -0.21963E+17   -0.24766E+15   -0.21406E+17   -0.27646E+17   -0.28542E+17    0.36491E+16                0.7614
    35    3   -6    -54.    -30.   -0.13138E+17    0.11151E+17   -0.35409E+17   -0.34113E+17   -0.21858E+17   -0.31430E+17                0.6127
    35    3   -5    -52.    -31.   -0.13785E+17    0.88462E+16   -0.38135E+17   -0.35712E+17   -0.23962E+17   -0.33854E+17                0.6625
    35    3   -4    -50.    -31.   -0.14310E+17    0.64080E+16   -0.40462E+17   -0.37098E+17   -0.25951E+17   -0.36117E+17                0.7043
    35    3   -3    -48.    -32.   -0.14707E+17    0.38594E+16   -0.42366E+17   -0.38254E+17   -0.27803E+17   -0.38195E+17                0.7368
    35    3   -2    -46.    -32.   -0.14972E+17    0.12244E+16   -0.43828E+17   -0.39176E+17   -0.29503E+17   -0.40072E+17                0.7590
    35    3   -1    -44.    -32.   -0.15103E+17   -0.14713E+16   -0.44832E+17   -0.39857E+17   -0.31038E+17   -0.41735E+17                0.7701
    35    3    0    -43.    -33.   -0.15097E+17   -0.42010E+16   -0.45371E+17   -0.40288E+17   -0.32390E+17   -0.43162E+17                0.7697
    35    3    1    -42.    -33.   -0.14954E+17   -0.69374E+16   -0.45442E+17   -0.40467E+17   -0.33547E+17   -0.44342E+17                0.7579
    35    3    2    -41.    -33.   -0.14675E+17   -0.96527E+16   -0.45045E+17   -0.40393E+17   -0.34496E+17   -0.45263E+17                0.7353
    35    3    3    -40.    -33.   -0.14264E+17   -0.12319E+17   -0.44188E+17   -0.40064E+17   -0.35228E+17   -0.45914E+17                0.7025
    35    3    4    -39.    -34.   -0.13723E+17   -0.14908E+17   -0.42884E+17   -0.39485E+17   -0.35736E+17   -0.46291E+17                0.6607
    35    3    5    -39.    -34.   -0.13059E+17   -0.17394E+17   -0.41149E+17   -0.38656E+17   -0.36008E+17   -0.46380E+17                0.6114
    35    3    6    -38.    -34.   -0.12277E+17   -0.19749E+17   -0.39007E+17   -0.37587E+17   -0.36045E+17   -0.46184E+17                0.5564
    35    4   -6    -54.    -17.   -0.13764E+17    0.82516E+16   -0.27391E+17   -0.25942E+17   -0.13556E+17   -0.10945E+17                0.5974
    35    4   -5    -51.    -18.   -0.14465E+17    0.66317E+16   -0.29417E+17   -0.27248E+17   -0.15401E+17   -0.12412E+17                0.6490
    35    4   -4    -49.    -19.   -0.15037E+17    0.49086E+16   -0.31128E+17   -0.28394E+17   -0.17184E+17   -0.13850E+17                0.6932
    35    4   -3    -46.    -20.   -0.15477E+17    0.30980E+16   -0.32508E+17   -0.29371E+17   -0.18888E+17   -0.15244E+17                0.7284
    35    4   -2    -44.    -20.   -0.15777E+17    0.12168E+16   -0.33541E+17   -0.30169E+17   -0.20498E+17   -0.16582E+17                0.7535
    35    4   -1    -43.    -21.   -0.15936E+17   -0.71679E+15   -0.34220E+17   -0.30786E+17   -0.22001E+17   -0.17855E+17                0.7676
    35    4    0    -41.    -22.   -0.15951E+17   -0.26840E+16   -0.34537E+17   -0.31216E+17   -0.23381E+17   -0.19050E+17                0.7702
    35    4    1    -40.    -23.   -0.15821E+17   -0.46652E+16   -0.34492E+17   -0.31454E+17   -0.24625E+17   -0.20155E+17                0.7614
    35    4    2    -39.    -23.   -0.15548E+17   -0.66403E+16   -0.34088E+17   -0.31501E+17   -0.25722E+17   -0.21161E+17                0.7415
    35    4    3    -38.    -24.   -0.15135E+17   -0.85892E+16   -0.33330E+17   -0.31356E+17   -0.26662E+17   -0.22060E+17                0.7112
    35    4    4    -37.    -25.   -0.14585E+17   -0.10492E+17   -0.32231E+17   -0.31020E+17   -0.27433E+17   -0.22840E+17                0.6716
    35    4    5    -37.    -25.   -0.13903E+17   -0.12328E+17   -0.30804E+17   -0.30496E+17   -0.28029E+17   -0.23496E+17                0.6241
    35    4    6    -37.    -26.   -0.13097E+17   -0.14078E+17   -0.29069E+17   -0.29788E+17   -0.28442E+17   -0.24019E+17                0.5703
    35    5   -6    -51.     -1.   -0.14343E+17    0.67978E+16   -0.21975E+17   -0.22515E+17   -0.10283E+17   -0.31882E+15                0.5931
    35    5   -5    -49.     -2.   -0.15091E+17    0.56048E+16   -0.23625E+17   -0.23481E+17   -0.11827E+17   -0.94675E+15                0.6458
    35    5   -4    -46.     -3.   -0.15706E+17    0.43261E+16   -0.25018E+17   -0.24308E+17   -0.13329E+17   -0.16106E+16                0.6911
    35    5   -3    -44.     -4.   -0.16182E+17    0.29732E+16   -0.26140E+17   -0.24991E+17   -0.14775E+17   -0.23055E+16                0.7275
    35    5   -2    -42.     -5.   -0.16513E+17    0.15587E+16   -0.26980E+17   -0.25525E+17   -0.16152E+17   -0.30247E+16                0.7538
    35    5   -1    -40.     -6.   -0.16696E+17    0.96168E+14   -0.27531E+17   -0.25906E+17   -0.17448E+17   -0.37629E+16                0.7690
    35    5    0    -39.     -8.   -0.16729E+17   -0.14003E+16   -0.27787E+17   -0.26132E+17   -0.18650E+17   -0.45129E+16                0.7728
    35    5    1    -37.     -9.   -0.16610E+17   -0.29157E+16   -0.27747E+17   -0.26201E+17   -0.19747E+17   -0.52676E+16                0.7649
    35    5    2    -36.    -10.   -0.16342E+17   -0.44348E+16   -0.27415E+17   -0.26114E+17   -0.20728E+17   -0.60204E+16                0.7457
    35    5    3    -35.    -11.   -0.15925E+17   -0.59420E+16   -0.26796E+17   -0.25870E+17   -0.21583E+17   -0.67629E+16                0.7159
    35    5    4    -35.    -12.   -0.15364E+17   -0.74218E+16   -0.25899E+17   -0.25473E+17   -0.22303E+17   -0.74880E+16                0.6766
    35    5    5    -35.    -13.   -0.14665E+17   -0.88584E+16   -0.24736E+17   -0.24924E+17   -0.22880E+17   -0.81881E+16                0.6290
    35    5    6    -35.    -14.   -0.13835E+17   -0.10237E+17   -0.23322E+17   -0.24229E+17   -0.23308E+17   -0.88570E+16                0.5750
    35    6   -6    -26.     24.   -0.14887E+17    0.52735E+16   -0.17472E+17   -0.19077E+17   -0.70461E+16    0.91935E+16                0.5867
    35    6   -5    -25.     23.   -0.15678E+17    0.43791E+16   -0.18824E+17   -0.19786E+17   -0.83715E+16    0.92336E+16                0.6401
    35    6   -4    -25.     21.   -0.16331E+17    0.34166E+16   -0.19969E+17   -0.20379E+17   -0.96748E+16    0.91783E+16                0.6864
    35    6   -3    -24.     20.   -0.16839E+17    0.23947E+16   -0.20898E+17   -0.20852E+17   -0.10944E+17    0.90279E+16                0.7238
    35    6   -2    -23.     19.   -0.17197E+17    0.13230E+16   -0.21599E+17   -0.21203E+17   -0.12168E+17    0.87837E+16                0.7512
    35    6   -1    -22.     18.   -0.17402E+17    0.21178E+15   -0.22068E+17   -0.21429E+17   -0.13336E+17    0.84482E+16                0.7676
    35    6    0    -22.     17.   -0.17449E+17   -0.92823E+15   -0.22300E+17   -0.21529E+17   -0.14435E+17    0.80245E+16                0.7724
    35    6    1    -21.     16.   -0.17339E+17   -0.20857E+16   -0.22294E+17   -0.21503E+17   -0.15456E+17    0.75165E+16                0.7657
    35    6    2    -21.     15.   -0.17072E+17   -0.32488E+16   -0.22053E+17   -0.21351E+17   -0.16388E+17    0.69302E+16                0.7475
    35    6    3    -21.     14.   -0.16651E+17   -0.44057E+16   -0.21580E+17   -0.21076E+17   -0.17222E+17    0.62700E+16                0.7186
    35    6    4    -22.     12.   -0.16079E+17   -0.55442E+16   -0.20882E+17   -0.20678E+17   -0.17948E+17    0.55433E+16                0.6800
    35    6    5    -23.     11.   -0.15362E+17   -0.66523E+16   -0.19970E+17   -0.20161E+17   -0.18559E+17    0.47567E+16                0.6329
    35    6    6    -24.      9.   -0.14507E+17   -0.77182E+16   -0.18855E+17   -0.19530E+17   -0.19049E+17    0.39179E+16                0.5791
    36    3   -6    -79.     -8.   -0.12093E+17    0.19260E+17   -0.42476E+17   -0.29422E+17    0.78089E+16   -0.54607E+16                0.6391
    36    3   -5    -80.    -13.   -0.13543E+17    0.17968E+17   -0.47283E+17   -0.32682E+17    0.35430E+16   -0.10869E+17                0.6804
    36    3   -4    -76.    -17.   -0.14884E+17    0.16536E+17   -0.51646E+17   -0.35760E+17   -0.85171E+15   -0.16313E+17                0.7163
    36    3   -3    -69.    -21.   -0.16103E+17    0.14976E+17   -0.55528E+17   -0.38626E+17   -0.53310E+16   -0.21737E+17                0.7457
    36    3   -2    -64.    -23.   -0.17188E+17    0.13303E+17   -0.58891E+17   -0.41251E+17   -0.98527E+16   -0.27088E+17                0.7677
    36    3   -1    -59.    -25.   -0.18130E+17    0.11533E+17   -0.61707E+17   -0.43608E+17   -0.14374E+17   -0.32315E+17                0.7814
    36    3    0    -55.    -27.   -0.18920E+17    0.96806E+16   -0.63952E+17   -0.45674E+17   -0.18850E+17   -0.37365E+17                0.7864
    36    3    1    -52.    -28.   -0.19550E+17    0.77632E+16   -0.65607E+17   -0.47428E+17   -0.23238E+17   -0.42191E+17                0.7825
    36    3    2    -50.    -30.   -0.20014E+17    0.57991E+16   -0.66663E+17   -0.48846E+17   -0.27491E+17   -0.46736E+17                0.7698
    36    3    3    -47.    -31.   -0.20309E+17    0.38068E+16   -0.67112E+17   -0.49916E+17   -0.31568E+17   -0.50959E+17                0.7486
    36    3    4    -46.    -32.   -0.20432E+17    0.18046E+16   -0.66955E+17   -0.50620E+17   -0.35425E+17   -0.54811E+17                0.7197
    36    3    5    -44.    -33.   -0.20381E+17   -0.19003E+15   -0.66201E+17   -0.50950E+17   -0.39024E+17   -0.58254E+17                0.6838
    36    3    6    -42.    -34.   -0.20159E+17   -0.21573E+16   -0.64862E+17   -0.50897E+17   -0.42324E+17   -0.61246E+17                0.6421
    36    4   -6    -72.      2.   -0.13246E+17    0.20155E+17   -0.36279E+17   -0.29016E+17    0.10485E+17    0.91320E+15                0.6410
    36    4   -5    -78.     -5.   -0.14775E+17    0.18890E+17   -0.41021E+17   -0.31891E+17    0.65484E+16   -0.30832E+16                0.6818
    36    4   -4    -77.     -9.   -0.16181E+17    0.17449E+17   -0.45398E+17   -0.34569E+17    0.24864E+16   -0.71198E+16                0.7177
    36    4   -3    -72.    -13.   -0.17453E+17    0.15845E+17   -0.49369E+17   -0.37025E+17   -0.16629E+16   -0.11158E+17                0.7476
    36    4   -2    -67.    -16.   -0.18576E+17    0.14091E+17   -0.52899E+17   -0.39234E+17   -0.58598E+16   -0.15157E+17                0.7704
    36    4   -1    -62.    -18.   -0.19542E+17    0.12201E+17   -0.55961E+17   -0.41176E+17   -0.10065E+17   -0.19082E+17                0.7855
    36    4    0    -58.    -20.   -0.20340E+17    0.10193E+17   -0.58526E+17   -0.42831E+17   -0.14238E+17   -0.22894E+17                0.7923
    36    4    1    -55.    -21.   -0.20964E+17    0.80830E+16   -0.60575E+17   -0.44183E+17   -0.18340E+17   -0.26556E+17                0.7906
    36    4    2    -52.    -23.   -0.21407E+17    0.58909E+16   -0.62092E+17   -0.45217E+17   -0.22330E+17   -0.30035E+17                0.7804
    36    4    3    -49.    -24.   -0.21667E+17    0.36363E+16   -0.63067E+17   -0.45924E+17   -0.26170E+17   -0.33297E+17                0.7620
    36    4    4    -46.    -25.   -0.21742E+17    0.13402E+16   -0.63496E+17   -0.46291E+17   -0.29821E+17   -0.36306E+17                0.7361
    36    4    5    -44.    -26.   -0.21630E+17   -0.97676E+15   -0.63381E+17   -0.46316E+17   -0.33247E+17   -0.39037E+17                0.7033
    36    4    6    -43.    -27.   -0.21335E+17   -0.32924E+16   -0.62727E+17   -0.45997E+17   -0.36415E+17   -0.41463E+17                0.6646
    36    5   -6    -48.     11.   -0.14221E+17    0.18554E+17   -0.28427E+17   -0.30223E+17    0.98244E+16    0.50289E+16                0.6400
    36    5   -5    -59.      5.   -0.15794E+17    0.17647E+17   -0.32634E+17   -0.32447E+17    0.63055E+16    0.26146E+16                0.6795
    36    5   -4    -67.      0.   -0.17236E+17    0.16574E+17   -0.36544E+17   -0.34457E+17    0.26751E+16    0.15114E+15                0.7140
    36    5   -3    -67.     -3.   -0.18533E+17    0.15342E+17   -0.40124E+17   -0.36235E+17   -0.10344E+16   -0.23404E+16                0.7424
    36    5   -2    -65.     -6.   -0.19671E+17    0.13963E+17   -0.43341E+17   -0.37762E+17   -0.47852E+16   -0.48326E+16                0.7638
    36    5   -1    -62.     -9.   -0.20642E+17    0.12446E+17   -0.46168E+17   -0.39025E+17   -0.85450E+16   -0.73065E+16                0.7775
    36    5    0    -59.    -11.   -0.21436E+17    0.10805E+17   -0.48583E+17   -0.40009E+17   -0.12274E+17   -0.97335E+16                0.7829
    36    5    1    -56.    -12.   -0.22044E+17    0.90533E+16   -0.50564E+17   -0.40705E+17   -0.15938E+17   -0.12093E+17                0.7800
    36    5    2    -53.    -14.   -0.22463E+17    0.72077E+16   -0.52099E+17   -0.41105E+17   -0.19502E+17   -0.14363E+17                0.7688
    36    5    3    -51.    -15.   -0.22688E+17    0.52844E+16   -0.53177E+17   -0.41203E+17   -0.22929E+17   -0.16521E+17                0.7496
    36    5    4    -48.    -17.   -0.22718E+17    0.33008E+16   -0.53793E+17   -0.40997E+17   -0.26186E+17   -0.18547E+17                0.7231
    36    5    5    -46.    -18.   -0.22554E+17    0.12753E+16   -0.53945E+17   -0.40487E+17   -0.29241E+17   -0.20421E+17                0.6899
    36    5    6    -44.    -19.   -0.22197E+17   -0.77307E+15   -0.53639E+17   -0.39676E+17   -0.32064E+17   -0.22127E+17                0.6511
    36    6   -6    -28.     26.   -0.14930E+17    0.15633E+17   -0.22385E+17   -0.28488E+17    0.12083E+17    0.12555E+17                0.6337
    36    6   -5    -36.     24.   -0.16539E+17    0.15006E+17   -0.25997E+17   -0.30090E+17    0.89327E+16    0.11512E+17                0.6709
    36    6   -4    -41.     21.   -0.18008E+17    0.14239E+17   -0.29373E+17   -0.31485E+17    0.56587E+16    0.10377E+17                0.7031
    36    6   -3    -45.     18.   -0.19326E+17    0.13337E+17   -0.32481E+17   -0.32662E+17    0.22919E+16    0.91598E+16                0.7291
    36    6   -2    -48.     15.   -0.20478E+17    0.12307E+17   -0.35295E+17   -0.33607E+17   -0.11351E+16    0.78727E+16                0.7483
    36    6   -1    -50.     11.   -0.21455E+17    0.11158E+17   -0.37790E+17   -0.34312E+17   -0.45902E+16    0.65271E+16                0.7600
    36    6    0    -51.      8.   -0.22247E+17    0.98995E+16   -0.39947E+17   -0.34769E+17   -0.80394E+16    0.51363E+16                0.7637
    36    6    1    -52.      5.   -0.22846E+17    0.85425E+16   -0.41747E+17   -0.34972E+17   -0.11450E+17    0.37125E+16                0.7593
    36    6    2    -51.      3.   -0.23248E+17    0.70991E+16   -0.43177E+17   -0.34918E+17   -0.14787E+17    0.22696E+16                0.7469
    36    6    3    -51.      1.   -0.23450E+17    0.55825E+16   -0.44228E+17   -0.34607E+17   -0.18019E+17    0.81988E+15                0.7269
    36    6    4    -49.     -1.   -0.23449E+17    0.40067E+16   -0.44893E+17   -0.34040E+17   -0.21114E+17   -0.62394E+15                0.6999
    36    6    5    -46.     -3.   -0.23246E+17    0.23864E+16   -0.45171E+17   -0.33221E+17   -0.24041E+17   -0.20485E+16                0.6666
    36    6    6    -43.     -4.   -0.22845E+17    0.73690E+15   -0.45062E+17   -0.32156E+17   -0.26773E+17   -0.34424E+16                0.6281
    37    3   -6    -68.    -19.   -0.15805E+17    0.37849E+17   -0.53764E+17   -0.24966E+17   -0.16169E+17   -0.19983E+17                0.5113
    37    3   -5    -71.    -20.   -0.16790E+17    0.39463E+17   -0.53406E+17   -0.27651E+17   -0.18414E+17   -0.23184E+17                0.5660
    37    3   -4    -72.    -22.   -0.17636E+17    0.40661E+17   -0.52511E+17   -0.30189E+17   -0.20576E+17   -0.26302E+17                0.6143
    37    3   -3    -74.    -23.   -0.18333E+17    0.41427E+17   -0.51087E+17   -0.32554E+17   -0.22635E+17   -0.29308E+17                0.6546
    37    3   -2    -73.    -25.   -0.18875E+17    0.41747E+17   -0.49148E+17   -0.34729E+17   -0.24576E+17   -0.32179E+17                0.6856
    37    3   -1    -69.    -26.   -0.19256E+17    0.41616E+17   -0.46712E+17   -0.36693E+17   -0.26381E+17   -0.34890E+17                0.7063
    37    3    0    -65.    -28.   -0.19471E+17    0.41032E+17   -0.43806E+17   -0.38431E+17   -0.28036E+17   -0.37419E+17                0.7161
    37    3    1    -61.    -29.   -0.19519E+17    0.39998E+17   -0.40461E+17   -0.39925E+17   -0.29523E+17   -0.39739E+17                0.7146
    37    3    2    -57.    -30.   -0.19398E+17    0.38525E+17   -0.36712E+17   -0.41164E+17   -0.30832E+17   -0.41833E+17                0.7021
    37    3    3    -54.    -31.   -0.19109E+17    0.36627E+17   -0.32602E+17   -0.42133E+17   -0.31948E+17   -0.43678E+17                0.6791
    37    3    4    -50.    -33.   -0.18655E+17    0.34323E+17   -0.28174E+17   -0.42824E+17   -0.32861E+17   -0.45258E+17                0.6465
    37    3    5    -47.    -34.   -0.18039E+17    0.31639E+17   -0.23478E+17   -0.43230E+17   -0.33563E+17   -0.46558E+17                0.6054
    37    3    6    -44.    -35.   -0.17268E+17    0.28603E+17   -0.18566E+17   -0.43343E+17   -0.34044E+17   -0.47560E+17                0.5576
    37    4   -6    -90.     -6.   -0.16664E+17    0.28751E+17   -0.34882E+17   -0.18264E+17   -0.83888E+16   -0.36895E+16                0.4898
    37    4   -5    -86.     -8.   -0.17675E+17    0.29590E+17   -0.35074E+17   -0.20556E+17   -0.10181E+17   -0.55802E+16                0.5442
    37    4   -4    -80.    -10.   -0.18540E+17    0.30117E+17   -0.34915E+17   -0.22742E+17   -0.11941E+17   -0.74890E+16                0.5927
    37    4   -3    -75.    -12.   -0.19249E+17    0.30322E+17   -0.34408E+17   -0.24803E+17   -0.13656E+17   -0.94003E+16                0.6336
    37    4   -2    -70.    -14.   -0.19794E+17    0.30200E+17   -0.33557E+17   -0.26725E+17   -0.15311E+17   -0.11301E+17                0.6656
    37    4   -1    -65.    -16.   -0.20171E+17    0.29750E+17   -0.32371E+17   -0.28490E+17   -0.16895E+17   -0.13176E+17                0.6876
    37    4    0    -60.    -17.   -0.20375E+17    0.28973E+17   -0.30863E+17   -0.30084E+17   -0.18393E+17   -0.15010E+17                0.6991
    37    4    1    -56.    -19.   -0.20404E+17    0.27876E+17   -0.29049E+17   -0.31493E+17   -0.19793E+17   -0.16786E+17                0.6996
    37    4    2    -52.    -20.   -0.20257E+17    0.26469E+17   -0.26950E+17   -0.32707E+17   -0.21085E+17   -0.18492E+17                0.6894
    37    4    3    -49.    -22.   -0.19935E+17    0.24764E+17   -0.24589E+17   -0.33712E+17   -0.22254E+17   -0.20110E+17                0.6688
    37    4    4    -46.    -24.   -0.19441E+17    0.22780E+17   -0.21992E+17   -0.34501E+17   -0.23292E+17   -0.21627E+17                0.6386
    37    4    5    -43.    -25.   -0.18779E+17    0.20537E+17   -0.19188E+17   -0.35066E+17   -0.24190E+17   -0.23029E+17                0.6001
    37    4    6    -40.    -26.   -0.17955E+17    0.18059E+17   -0.16208E+17   -0.35402E+17   -0.24939E+17   -0.24305E+17                0.5547
    37    5   -6    -78.      4.   -0.17407E+17    0.23745E+17   -0.26257E+17   -0.17225E+17   -0.66473E+16    0.19805E+16                0.4838
    37    5   -5    -75.      2.   -0.18440E+17    0.24258E+17   -0.26558E+17   -0.19151E+17   -0.80475E+16    0.10765E+16                0.5383
    37    5   -4    -72.      0.   -0.19320E+17    0.24518E+17   -0.26596E+17   -0.20975E+17   -0.94252E+16    0.12407E+15                0.5869
    37    5   -3    -67.     -1.   -0.20037E+17    0.24521E+17   -0.26370E+17   -0.22681E+17   -0.10770E+17   -0.86997E+15                0.6281
    37    5   -2    -62.     -3.   -0.20585E+17    0.24264E+17   -0.25882E+17   -0.24255E+17   -0.12071E+17   -0.18972E+16                0.6605
    37    5   -1    -58.     -5.   -0.20958E+17    0.23746E+17   -0.25138E+17   -0.25684E+17   -0.13317E+17   -0.29501E+16                0.6831
    37    5    0    -53.     -6.   -0.21151E+17    0.22971E+17   -0.24145E+17   -0.26956E+17   -0.14498E+17   -0.40188E+16                0.6951
    37    5    1    -50.     -8.   -0.21163E+17    0.21944E+17   -0.22915E+17   -0.28059E+17   -0.15603E+17   -0.50951E+16                0.6963
    37    5    2    -46.     -9.   -0.20992E+17    0.20677E+17   -0.21461E+17   -0.28985E+17   -0.16623E+17   -0.61693E+16                0.6867
    37    5    3    -43.    -11.   -0.20641E+17    0.19179E+17   -0.19800E+17   -0.29725E+17   -0.17550E+17   -0.72328E+16                0.6667
    37    5    4    -40.    -12.   -0.20112E+17    0.17467E+17   -0.17950E+17   -0.30271E+17   -0.18374E+17   -0.82750E+16                0.6371
    37    5    5    -37.    -14.   -0.19409E+17    0.15558E+17   -0.15932E+17   -0.30618E+17   -0.19087E+17   -0.92848E+16                0.5989
    37    5    6    -35.    -15.   -0.18541E+17    0.13471E+17   -0.13768E+17   -0.30762E+17   -0.19683E+17   -0.10255E+17                0.5537
    37    6   -6    -50.     21.   -0.18087E+17    0.18793E+17   -0.20384E+17   -0.15248E+17   -0.42666E+16    0.79102E+16                0.4785
    37    6   -5    -47.     20.   -0.19139E+17    0.19113E+17   -0.20683E+17   -0.16882E+17   -0.53563E+16    0.78044E+16                0.5327
    37    6   -4    -44.     18.   -0.20031E+17    0.19235E+17   -0.20778E+17   -0.18425E+17   -0.64393E+16    0.76166E+16                0.5811
    37    6   -3    -41.     17.   -0.20756E+17    0.19155E+17   -0.20669E+17   -0.19863E+17   -0.75066E+16    0.73482E+16                0.6222
    37    6   -2    -39.     16.   -0.21305E+17    0.18873E+17   -0.20355E+17   -0.21186E+17   -0.85495E+16    0.70011E+16                0.6547
    37    6   -1    -36.     15.   -0.21674E+17    0.18388E+17   -0.19842E+17   -0.22382E+17   -0.95600E+16    0.65773E+16                0.6774
    37    6    0    -34.     13.   -0.21856E+17    0.17706E+17   -0.19133E+17   -0.23440E+17   -0.10529E+17    0.60811E+16                0.6898
    37    6    1    -31.     12.   -0.21852E+17    0.16831E+17   -0.18238E+17   -0.24352E+17   -0.11448E+17    0.55164E+16                0.6913
    37    6    2    -29.     11.   -0.21659E+17    0.15771E+17   -0.17166E+17   -0.25108E+17   -0.12309E+17    0.48880E+16                0.6822
    37    6    3    -27.      9.   -0.21280E+17    0.14536E+17   -0.15929E+17   -0.25703E+17   -0.13104E+17    0.42017E+16                0.6627
    37    6    4    -25.      8.   -0.20718E+17    0.13139E+17   -0.14542E+17   -0.26131E+17   -0.13826E+17    0.34640E+16                0.6337
    37    6    5    -24.      6.   -0.19978E+17    0.11593E+17   -0.13019E+17   -0.26386E+17   -0.14468E+17    0.26813E+16                0.5961
    37    6    6    -23.      4.   -0.19067E+17    0.99158E+16   -0.11378E+17   -0.26466E+17   -0.15024E+17    0.18612E+16                0.5515
    38    3   -6    -43.    -25.   -0.15964E+17   -0.16554E+16   -0.57340E+17   -0.32460E+17   -0.22045E+17   -0.28981E+17                0.6313
    38    3   -5    -46.    -26.   -0.16254E+17    0.11945E+16   -0.60191E+17   -0.34791E+17   -0.23623E+17   -0.31580E+17                0.6801
    38    3   -4    -49.    -26.   -0.16403E+17    0.40503E+16   -0.62449E+17   -0.36901E+17   -0.25068E+17   -0.34017E+17                0.7201
    38    3   -3    -51.    -27.   -0.16409E+17    0.68841E+16   -0.64088E+17   -0.38770E+17   -0.26365E+17   -0.36267E+17                0.7499
    38    3   -2    -53.    -27.   -0.16274E+17    0.96677E+16   -0.65086E+17   -0.40379E+17   -0.27501E+17   -0.38306E+17                0.7685
    38    3   -1    -56.    -28.   -0.16000E+17    0.12373E+17   -0.65433E+17   -0.41712E+17   -0.28465E+17   -0.40112E+17                0.7752
    38    3    0    -57.    -28.   -0.15588E+17    0.14974E+17   -0.65122E+17   -0.42757E+17   -0.29247E+17   -0.41669E+17                0.7699
    38    3    1    -59.    -29.   -0.15045E+17    0.17444E+17   -0.64156E+17   -0.43499E+17   -0.29838E+17   -0.42953E+17                0.7528
    38    3    2    -61.    -29.   -0.14375E+17    0.19759E+17   -0.62544E+17   -0.43929E+17   -0.30228E+17   -0.43949E+17                0.7245
    38    3    3    -63.    -30.   -0.13586E+17    0.21896E+17   -0.60305E+17   -0.44044E+17   -0.30416E+17   -0.44646E+17                0.6861
    38    3    4    -64.    -30.   -0.12686E+17    0.23833E+17   -0.57461E+17   -0.43835E+17   -0.30393E+17   -0.45027E+17                0.6390
    38    3    5    -66.    -31.   -0.11684E+17    0.25551E+17   -0.54047E+17   -0.43309E+17   -0.30164E+17   -0.45094E+17                0.5848
    38    3    6    -67.    -31.   -0.10590E+17    0.27035E+17   -0.50099E+17   -0.42462E+17   -0.29722E+17   -0.44834E+17                0.5254
    38    4   -6    -40.    -17.   -0.17374E+17   -0.50554E+15   -0.39256E+17   -0.26717E+17   -0.16724E+17   -0.13292E+17                0.6047
    38    4   -5    -43.    -18.   -0.17718E+17    0.96246E+15   -0.41740E+17   -0.28733E+17   -0.18018E+17   -0.14913E+17                0.6557
    38    4   -4    -46.    -19.   -0.17909E+17    0.24408E+16   -0.43814E+17   -0.30564E+17   -0.19211E+17   -0.16473E+17                0.6982
    38    4   -3    -49.    -19.   -0.17947E+17    0.39145E+16   -0.45456E+17   -0.32193E+17   -0.20292E+17   -0.17955E+17                0.7307
    38    4   -2    -51.    -20.   -0.17831E+17    0.53688E+16   -0.46647E+17   -0.33605E+17   -0.21249E+17   -0.19344E+17                0.7522
    38    4   -1    -53.    -20.   -0.17564E+17    0.67889E+16   -0.47372E+17   -0.34784E+17   -0.22075E+17   -0.20625E+17                0.7619
    38    4    0    -55.    -21.   -0.17148E+17    0.81600E+16   -0.47623E+17   -0.35720E+17   -0.22759E+17   -0.21782E+17                0.7595
    38    4    1    -57.    -22.   -0.16588E+17    0.94679E+16   -0.47398E+17   -0.36402E+17   -0.23296E+17   -0.22803E+17                0.7451
    38    4    2    -58.    -22.   -0.15889E+17    0.10699E+17   -0.46699E+17   -0.36823E+17   -0.23679E+17   -0.23678E+17                0.7193
    38    4    3    -60.    -23.   -0.15060E+17    0.11840E+17   -0.45533E+17   -0.36975E+17   -0.23902E+17   -0.24391E+17                0.6829
    38    4    4    -62.    -23.   -0.14108E+17    0.12879E+17   -0.43913E+17   -0.36859E+17   -0.23963E+17   -0.24937E+17                0.6374
    38    4    5    -63.    -24.   -0.13043E+17    0.13805E+17   -0.41859E+17   -0.36470E+17   -0.23859E+17   -0.25306E+17                0.5843
    38    4    6    -65.    -25.   -0.11876E+17    0.14608E+17   -0.39394E+17   -0.35813E+17   -0.23590E+17   -0.25492E+17                0.5254
    38    5   -6    -33.     -6.   -0.18749E+17    0.39154E+15   -0.29652E+17   -0.23351E+17   -0.13843E+17   -0.35336E+16                0.5873
    38    5   -5    -36.     -7.   -0.19158E+17    0.11925E+16   -0.31816E+17   -0.25094E+17   -0.14905E+17   -0.44238E+16                0.6389
    38    5   -4    -40.     -8.   -0.19404E+17    0.20026E+16   -0.33669E+17   -0.26676E+17   -0.15886E+17   -0.53186E+16                0.6824
    38    5   -3    -42.     -9.   -0.19486E+17    0.28133E+16   -0.35190E+17   -0.28081E+17   -0.16776E+17   -0.62069E+16                0.7161
    38    5   -2    -45.    -10.   -0.19402E+17    0.36164E+16   -0.36362E+17   -0.29298E+17   -0.17567E+17   -0.70801E+16                0.7391
    38    5   -1    -47.    -11.   -0.19156E+17    0.44031E+16   -0.37174E+17   -0.30311E+17   -0.18250E+17   -0.79260E+16                0.7505
    38    5    0    -50.    -11.   -0.18748E+17    0.51651E+16   -0.37614E+17   -0.31112E+17   -0.18820E+17   -0.87366E+16                0.7499
    38    5    1    -52.    -12.   -0.18184E+17    0.58937E+16   -0.37679E+17   -0.31692E+17   -0.19269E+17   -0.95014E+16                0.7374
    38    5    2    -53.    -13.   -0.17470E+17    0.65807E+16   -0.37368E+17   -0.32044E+17   -0.19591E+17   -0.10210E+17                0.7134
    38    5    3    -55.    -14.   -0.16613E+17    0.72182E+16   -0.36686E+17   -0.32163E+17   -0.19784E+17   -0.10855E+17                0.6788
    38    5    4    -57.    -14.   -0.15621E+17    0.77987E+16   -0.35639E+17   -0.32046E+17   -0.19843E+17   -0.11427E+17                0.6348
    38    5    5    -59.    -15.   -0.14505E+17    0.83154E+16   -0.34241E+17   -0.31694E+17   -0.19768E+17   -0.11919E+17                0.5829
    38    5    6    -61.    -16.   -0.13275E+17    0.87617E+16   -0.32507E+17   -0.31107E+17   -0.19556E+17   -0.12323E+17                0.5250
    38    6   -6    -14.     12.   -0.19978E+17    0.63675E+15   -0.22798E+17   -0.20148E+17   -0.11049E+17    0.52512E+16                0.5739
    38    6   -5    -18.     11.   -0.20460E+17    0.10930E+16   -0.24605E+17   -0.21644E+17   -0.11907E+17    0.50121E+16                0.6259
    38    6   -4    -22.     10.   -0.20770E+17    0.15573E+16   -0.26173E+17   -0.23000E+17   -0.12703E+17    0.47107E+16                0.6700
    38    6   -3    -26.      9.   -0.20905E+17    0.20246E+16   -0.27484E+17   -0.24205E+17   -0.13429E+17    0.43517E+16                0.7047
    38    6   -2    -30.      8.   -0.20866E+17    0.24901E+16   -0.28523E+17   -0.25245E+17   -0.14078E+17    0.39404E+16                0.7289
    38    6   -1    -33.      7.   -0.20653E+17    0.29483E+16   -0.29280E+17   -0.26111E+17   -0.14644E+17    0.34821E+16                0.7417
    38    6    0    -37.      6.   -0.20268E+17    0.33943E+16   -0.29746E+17   -0.26795E+17   -0.15121E+17    0.29825E+16                0.7427
    38    6    1    -40.      4.   -0.19716E+17    0.38225E+16   -0.29915E+17   -0.27286E+17   -0.15503E+17    0.24488E+16                0.7319
    38    6    2    -43.      3.   -0.19002E+17    0.42279E+16   -0.29788E+17   -0.27583E+17   -0.15787E+17    0.18870E+16                0.7096
    38    6    3    -47.      2.   -0.18133E+17    0.46052E+16   -0.29365E+17   -0.27678E+17   -0.15968E+17    0.13049E+16                0.6767
    38    6    4    -50.      1.   -0.17118E+17    0.49496E+16   -0.28651E+17   -0.27570E+17   -0.16043E+17    0.70948E+15                0.6343
    38    6    5    -54.      0.   -0.15967E+17    0.52565E+16   -0.27656E+17   -0.27259E+17   -0.16010E+17    0.10789E+15                0.5838
    38    6    6    -56.     -1.   -0.14692E+17    0.55216E+16   -0.26390E+17   -0.26747E+17   -0.15869E+17   -0.49268E+15                0.5271
    39    3   -6    -24.    -11.   -0.11548E+17    0.34071E+17   -0.18264E+17   -0.30411E+17    0.15073E+16   -0.65931E+16                0.5259
    39    3   -5    -38.    -16.   -0.13201E+17    0.32068E+17   -0.23909E+17   -0.33667E+17   -0.22439E+16   -0.11249E+17                0.5628
    39    3   -4    -48.    -19.   -0.14751E+17    0.29800E+17   -0.29337E+17   -0.36731E+17   -0.60665E+16   -0.15939E+17                0.5968
    39    3   -3    -53.    -22.   -0.16184E+17    0.27286E+17   -0.34496E+17   -0.39579E+17   -0.99287E+16   -0.20623E+17                0.6267
    39    3   -2    -56.    -24.   -0.17485E+17    0.24549E+17   -0.39343E+17   -0.42173E+17   -0.13786E+17   -0.25244E+17                0.6516
    39    3   -1    -57.    -25.   -0.18641E+17    0.21614E+17   -0.43830E+17   -0.44494E+17   -0.17609E+17   -0.29767E+17                0.6706
    39    3    0    -55.    -27.   -0.19641E+17    0.18508E+17   -0.47915E+17   -0.46511E+17   -0.21354E+17   -0.34137E+17                0.6831
    39    3    1    -53.    -28.   -0.20475E+17    0.15260E+17   -0.51564E+17   -0.48207E+17   -0.24988E+17   -0.38316E+17                0.6885
    39    3    2    -51.    -29.   -0.21133E+17    0.11898E+17   -0.54744E+17   -0.49560E+17   -0.28472E+17   -0.42260E+17                0.6866
    39    3    3    -48.    -30.   -0.21610E+17    0.84554E+16   -0.57427E+17   -0.50556E+17   -0.31775E+17   -0.45929E+17                0.6774
    39    3    4    -46.    -31.   -0.21901E+17    0.49633E+16   -0.59591E+17   -0.51177E+17   -0.34856E+17   -0.49278E+17                0.6611
    39    3    5    -44.    -31.   -0.22002E+17    0.14533E+16   -0.61220E+17   -0.51417E+17   -0.37687E+17   -0.52275E+17                0.6382
    39    3    6    -42.    -32.   -0.21912E+17   -0.20416E+16   -0.62302E+17   -0.51265E+17   -0.40235E+17   -0.54881E+17                0.6092
    39    4   -6    -33.     -4.   -0.12356E+17    0.27133E+17   -0.20914E+17   -0.31539E+17    0.25798E+16   -0.23347E+16                0.5293
    39    4   -5    -44.     -9.   -0.14063E+17    0.25564E+17   -0.25345E+17   -0.34476E+17   -0.85131E+15   -0.55936E+16                0.5674
    39    4   -4    -50.    -12.   -0.15658E+17    0.23765E+17   -0.29555E+17   -0.37202E+17   -0.43485E+16   -0.88870E+16                0.6024
    39    4   -3    -54.    -15.   -0.17128E+17    0.21753E+17   -0.33505E+17   -0.39691E+17   -0.78772E+16   -0.12180E+17                0.6331
    39    4   -2    -55.    -17.   -0.18457E+17    0.19542E+17   -0.37160E+17   -0.41915E+17   -0.11404E+17   -0.15440E+17                0.6586
    39    4   -1    -55.    -19.   -0.19631E+17    0.17152E+17   -0.40488E+17   -0.43855E+17   -0.14896E+17   -0.18637E+17                0.6780
    39    4    0    -53.    -20.   -0.20640E+17    0.14603E+17   -0.43458E+17   -0.45490E+17   -0.18321E+17   -0.21742E+17                0.6906
    39    4    1    -51.    -21.   -0.21473E+17    0.11917E+17   -0.46045E+17   -0.46800E+17   -0.21641E+17   -0.24717E+17                0.6960
    39    4    2    -49.    -23.   -0.22121E+17    0.91168E+16   -0.48228E+17   -0.47773E+17   -0.24828E+17   -0.27538E+17                0.6939
    39    4    3    -47.    -24.   -0.22578E+17    0.62285E+16   -0.49987E+17   -0.48397E+17   -0.27850E+17   -0.30177E+17                0.6844
    39    4    4    -45.    -25.   -0.22840E+17    0.32776E+16   -0.51312E+17   -0.48662E+17   -0.30675E+17   -0.32604E+17                0.6677
    39    4    5    -44.    -25.   -0.22903E+17    0.29129E+15   -0.52191E+17   -0.48563E+17   -0.33275E+17   -0.34795E+17                0.6443
    39    4    6    -42.    -26.   -0.22767E+17   -0.27038E+16   -0.52622E+17   -0.48097E+17   -0.35623E+17   -0.36727E+17                0.6148
    39    5   -6    -27.      5.   -0.12911E+17    0.21761E+17   -0.18900E+17   -0.32475E+17    0.32269E+16    0.24395E+16                0.5266
    39    5   -5    -39.      1.   -0.14652E+17    0.20657E+17   -0.22404E+17   -0.34913E+17    0.18800E+15    0.60337E+15                0.5650
    39    5   -4    -46.     -2.   -0.16278E+17    0.19365E+17   -0.25711E+17   -0.37125E+17   -0.29113E+16   -0.12793E+16                0.6000
    39    5   -3    -49.     -5.   -0.17772E+17    0.17896E+17   -0.28789E+17   -0.39087E+17   -0.60415E+16   -0.31892E+16                0.6304
    39    5   -2    -51.     -7.   -0.19120E+17    0.16259E+17   -0.31612E+17   -0.40779E+17   -0.91726E+16   -0.51068E+16                0.6554
    39    5   -1    -51.     -9.   -0.20309E+17    0.14470E+17   -0.34154E+17   -0.42186E+17   -0.12276E+17   -0.70150E+16                0.6739
    39    5    0    -50.    -10.   -0.21325E+17    0.12540E+17   -0.36393E+17   -0.43290E+17   -0.15322E+17   -0.88942E+16                0.6855
    39    5    1    -49.    -12.   -0.22160E+17    0.10488E+17   -0.38311E+17   -0.44083E+17   -0.18281E+17   -0.10728E+17                0.6897
    39    5    2    -48.    -13.   -0.22804E+17    0.83296E+16   -0.39891E+17   -0.44551E+17   -0.21124E+17   -0.12495E+17                0.6863
    39    5    3    -46.    -14.   -0.23251E+17    0.60847E+16   -0.41122E+17   -0.44691E+17   -0.23824E+17   -0.14181E+17                0.6753
    39    5    4    -45.    -15.   -0.23496E+17    0.37727E+16   -0.41995E+17   -0.44498E+17   -0.26353E+17   -0.15768E+17                0.6571
    39    5    5    -43.    -16.   -0.23537E+17    0.14142E+16   -0.42504E+17   -0.43970E+17   -0.28686E+17   -0.17241E+17                0.6322
    39    5    6    -41.    -17.   -0.23373E+17   -0.96987E+15   -0.42650E+17   -0.43110E+17   -0.30799E+17   -0.18582E+17                0.6014
    39    6   -6    -12.     21.   -0.13300E+17    0.17073E+17   -0.16102E+17   -0.30911E+17    0.59740E+16    0.99072E+16                0.5190
    39    6   -5    -20.     19.   -0.15075E+17    0.16406E+17   -0.18883E+17   -0.32776E+17    0.33478E+16    0.93910E+16                0.5563
    39    6   -4    -27.     17.   -0.16731E+17    0.15594E+17   -0.21496E+17   -0.34417E+17    0.64798E+15    0.87892E+16                0.5900
    39    6   -3    -31.     16.   -0.18252E+17    0.14642E+17   -0.23917E+17   -0.35820E+17   -0.21026E+16    0.81053E+16                0.6191
    39    6   -2    -35.     14.   -0.19623E+17    0.13555E+17   -0.26124E+17   -0.36969E+17   -0.48764E+16    0.73488E+16                0.6424
    39    6   -1    -37.     12.   -0.20830E+17    0.12344E+17   -0.28097E+17   -0.37854E+17   -0.76491E+16    0.65241E+16                0.6593
    39    6    0    -39.     10.   -0.21861E+17    0.11017E+17   -0.29820E+17   -0.38464E+17   -0.10394E+17    0.56405E+16                0.6692
    39    6    1    -40.      8.   -0.22705E+17    0.95845E+16   -0.31280E+17   -0.38791E+17   -0.13085E+17    0.47065E+16                0.6717
    39    6    2    -41.      6.   -0.23353E+17    0.80594E+16   -0.32461E+17   -0.38831E+17   -0.15695E+17    0.37303E+16                0.6667
    39    6    3    -41.      4.   -0.23800E+17    0.64542E+16   -0.33358E+17   -0.38582E+17   -0.18200E+17    0.27214E+16                0.6542
    39    6    4    -41.      2.   -0.24040E+17    0.47830E+16   -0.33963E+17   -0.38043E+17   -0.20576E+17    0.16886E+16                0.6347
    39    6    5    -41.      1.   -0.24071E+17    0.30603E+16   -0.34274E+17   -0.37218E+17   -0.22797E+17    0.64231E+15                0.6087
    39    6    6    -40.     -1.   -0.23892E+17    0.13014E+16   -0.34290E+17   -0.36112E+17   -0.24843E+17   -0.40886E+15                0.5770
    40    3   -6    -18.    -24.   -0.10896E+17    0.18850E+17   -0.80147E+16   -0.41572E+17   -0.68717E+16   -0.16848E+17                0.7132
    40    3   -5    -30.    -25.   -0.11968E+17    0.15627E+17   -0.17227E+17   -0.43472E+17   -0.92584E+16   -0.20527E+17                0.7311
    40    3   -4    -40.    -26.   -0.12942E+17    0.12306E+17   -0.26244E+17   -0.45098E+17   -0.11667E+17   -0.24178E+17                0.7431
    40    3   -3    -47.    -27.   -0.13808E+17    0.89226E+16   -0.34981E+17   -0.46432E+17   -0.14074E+17   -0.27763E+17                0.7489
    40    3   -2    -50.    -27.   -0.14558E+17    0.55146E+16   -0.43352E+17   -0.47453E+17   -0.16451E+17   -0.31236E+17                0.7481
    40    3   -1    -52.    -27.   -0.15185E+17    0.21158E+16   -0.51280E+17   -0.48147E+17   -0.18772E+17   -0.34561E+17                0.7406
    40    3    0    -51.    -28.   -0.15683E+17   -0.12400E+16   -0.58687E+17   -0.48510E+17   -0.21018E+17   -0.37705E+17                0.7267
    40    3    1    -49.    -28.   -0.16049E+17   -0.45141E+16   -0.65507E+17   -0.48524E+17   -0.23156E+17   -0.40622E+17                0.7066
    40    3    2    -47.    -28.   -0.16278E+17   -0.76762E+16   -0.71675E+17   -0.48192E+17   -0.25168E+17   -0.43285E+17                0.6810
    40    3    3    -44.    -28.   -0.16370E+17   -0.10692E+17   -0.77137E+17   -0.47503E+17   -0.27024E+17   -0.45652E+17                0.6504
    40    3    4    -42.    -28.   -0.16324E+17   -0.13534E+17   -0.81846E+17   -0.46462E+17   -0.28705E+17   -0.47696E+17                0.6159
    40    3    5    -40.    -29.   -0.16141E+17   -0.16172E+17   -0.85760E+17   -0.45073E+17   -0.30189E+17   -0.49389E+17                0.5783
    40    3    6    -37.    -29.   -0.15823E+17   -0.18584E+17   -0.88852E+17   -0.43340E+17   -0.31454E+17   -0.50705E+17                0.5387
    40    4   -6    -17.     -9.   -0.11942E+17    0.15600E+17   -0.12683E+17   -0.38817E+17   -0.23631E+16   -0.46016E+16                0.7168
    40    4   -5    -31.    -13.   -0.13105E+17    0.13434E+17   -0.19546E+17   -0.40923E+17   -0.50916E+16   -0.80817E+16                0.7370
    40    4   -4    -41.    -16.   -0.14159E+17    0.11158E+17   -0.26213E+17   -0.42765E+17   -0.78607E+16   -0.11591E+17                0.7511
    40    4   -3    -47.    -18.   -0.15093E+17    0.87943E+16   -0.32625E+17   -0.44322E+17   -0.10641E+17   -0.15091E+17                0.7586
    40    4   -2    -50.    -19.   -0.15899E+17    0.63660E+16   -0.38718E+17   -0.45577E+17   -0.13407E+17   -0.18547E+17                0.7591
    40    4   -1    -52.    -21.   -0.16569E+17    0.38967E+16   -0.44437E+17   -0.46516E+17   -0.16130E+17   -0.21921E+17                0.7527
    40    4    0    -52.    -22.   -0.17097E+17    0.14096E+16   -0.49731E+17   -0.47124E+17   -0.18779E+17   -0.25177E+17                0.7393
    40    4    1    -51.    -23.   -0.17479E+17   -0.10698E+16   -0.54551E+17   -0.47394E+17   -0.21330E+17   -0.28281E+17                0.7195
    40    4    2    -49.    -24.   -0.17711E+17   -0.35187E+16   -0.58855E+17   -0.47318E+17   -0.23753E+17   -0.31198E+17                0.6936
    40    4    3    -47.    -25.   -0.17792E+17   -0.59130E+16   -0.62605E+17   -0.46892E+17   -0.26022E+17   -0.33893E+17                0.6626
    40    4    4    -45.    -25.   -0.17722E+17   -0.82300E+16   -0.65772E+17   -0.46116E+17   -0.28110E+17   -0.36335E+17                0.6272
    40    4    5    -43.    -26.   -0.17501E+17   -0.10448E+17   -0.68329E+17   -0.44994E+17   -0.29996E+17   -0.38499E+17                0.5885
    40    4    6    -41.    -27.   -0.17133E+17   -0.12546E+17   -0.70259E+17   -0.43530E+17   -0.31658E+17   -0.40358E+17                0.5476
    40    5   -6     -7.     10.   -0.12693E+17    0.12328E+17   -0.11807E+17   -0.38029E+17   -0.46593E+15    0.46369E+16                0.7192
    40    5   -5    -23.      4.   -0.13894E+17    0.10824E+17   -0.17262E+17   -0.39784E+17   -0.30266E+16    0.21537E+16                0.7387
    40    5   -4    -36.     -1.   -0.14979E+17    0.92252E+16   -0.22543E+17   -0.41273E+17   -0.56323E+16   -0.40414E+15                0.7515
    40    5   -3    -43.     -5.   -0.15938E+17    0.75483E+16   -0.27599E+17   -0.42476E+17   -0.82546E+16   -0.30059E+16                0.7573
    40    5   -2    -48.     -8.   -0.16760E+17    0.58076E+16   -0.32385E+17   -0.43384E+17   -0.10870E+17   -0.56284E+16                0.7558
    40    5   -1    -50.    -10.   -0.17439E+17    0.40201E+16   -0.36855E+17   -0.43982E+17   -0.13450E+17   -0.82412E+16                0.7469
    40    5    0    -51.    -12.   -0.17968E+17    0.22024E+16   -0.40970E+17   -0.44263E+17   -0.15971E+17   -0.10818E+17                0.7310
    40    5    1    -51.    -14.   -0.18342E+17    0.37147E+15   -0.44693E+17   -0.44222E+17   -0.18404E+17   -0.13333E+17                0.7083
    40    5    2    -50.    -15.   -0.18559E+17   -0.14559E+16   -0.47992E+17   -0.43857E+17   -0.20727E+17   -0.15758E+17                0.6796
    40    5    3    -49.    -17.   -0.18617E+17   -0.32620E+16   -0.50840E+17   -0.43168E+17   -0.22915E+17   -0.18070E+17                0.6458
    40    5    4    -47.    -18.   -0.18516E+17   -0.50300E+16   -0.53212E+17   -0.42156E+17   -0.24941E+17   -0.20240E+17                0.6078
    40    5    5    -46.    -19.   -0.18258E+17   -0.67429E+16   -0.55092E+17   -0.40830E+17   -0.26788E+17   -0.22250E+17                0.5667
    40    5    6    -44.    -20.   -0.17845E+17   -0.83864E+16   -0.56468E+17   -0.39197E+17   -0.28433E+17   -0.24075E+17                0.5238
    40    6   -6      7.     27.   -0.13189E+17    0.97057E+16   -0.10304E+17   -0.35554E+17    0.28844E+16    0.15108E+17                0.7142
    40    6   -5     -6.     25.   -0.14438E+17    0.87429E+16   -0.14658E+17   -0.36809E+17    0.60289E+15    0.13686E+17                0.7314
    40    6   -4    -17.     22.   -0.15566E+17    0.77068E+16   -0.18863E+17   -0.37807E+17   -0.17403E+16    0.12130E+17                0.7417
    40    6   -3    -25.     19.   -0.16562E+17    0.66082E+16   -0.22877E+17   -0.38537E+17   -0.41226E+16    0.10457E+17                0.7447
    40    6   -2    -33.     16.   -0.17418E+17    0.54560E+16   -0.26665E+17   -0.38991E+17   -0.65206E+16    0.86843E+16                0.7403
    40    6   -1    -39.     12.   -0.18123E+17    0.42619E+16   -0.30190E+17   -0.39161E+17   -0.89107E+16    0.68300E+16                0.7285
    40    6    0    -44.      8.   -0.18673E+17    0.30366E+16   -0.33422E+17   -0.39045E+17   -0.11268E+17    0.49137E+16                0.7097
    40    6    1    -48.      4.   -0.19063E+17    0.17917E+16   -0.36332E+17   -0.38641E+17   -0.13571E+17    0.29536E+16                0.6844
    40    6    2    -50.      1.   -0.19289E+17    0.53933E+15   -0.38895E+17   -0.37950E+17   -0.15794E+17    0.97062E+15                0.6533
    40    6    3    -51.     -1.   -0.19349E+17   -0.70904E+15   -0.41090E+17   -0.36976E+17   -0.17915E+17   -0.10156E+16                0.6173
    40    6    4    -49.     -4.   -0.19245E+17   -0.19420E+16   -0.42900E+17   -0.35726E+17   -0.19913E+17   -0.29862E+16                0.5776
    40    6    5    -47.     -6.   -0.18976E+17   -0.31483E+16   -0.44311E+17   -0.34209E+17   -0.21765E+17   -0.49200E+16                0.5353
    40    6    6    -45.     -8.   -0.18547E+17   -0.43165E+16   -0.45315E+17   -0.32435E+17   -0.23452E+17   -0.67997E+16                0.4917
    41    3   -6    -36.    -32.   -0.10744E+17    0.12780E+17   -0.93538E+16   -0.33852E+17   -0.16476E+17   -0.25244E+17                0.4910
    41    3   -5    -40.    -32.   -0.11311E+17    0.13447E+17   -0.13947E+17   -0.35412E+17   -0.18074E+17   -0.26983E+17                0.5389
    41    3   -4    -44.    -31.   -0.11779E+17    0.13931E+17   -0.18391E+17   -0.36773E+17   -0.19619E+17   -0.28650E+17                0.5814
    41    3   -3    -48.    -31.   -0.12142E+17    0.14226E+17   -0.22642E+17   -0.37922E+17   -0.21094E+17   -0.30224E+17                0.6172
    41    3   -2    -51.    -31.   -0.12398E+17    0.14328E+17   -0.26656E+17   -0.38852E+17   -0.22491E+17   -0.31700E+17                0.6449
    41    3   -1    -53.    -30.   -0.12544E+17    0.14234E+17   -0.30390E+17   -0.39550E+17   -0.23789E+17   -0.33051E+17                0.6637
    41    3    0    -55.    -30.   -0.12578E+17    0.13946E+17   -0.33809E+17   -0.40012E+17   -0.24980E+17   -0.34268E+17                0.6727
    41    3    1    -57.    -30.   -0.12500E+17    0.13466E+17   -0.36877E+17   -0.40231E+17   -0.26047E+17   -0.35334E+17                0.6718
    41    3    2    -58.    -30.   -0.12310E+17    0.12801E+17   -0.39565E+17   -0.40205E+17   -0.26982E+17   -0.36239E+17                0.6609
    41    3    3    -58.    -30.   -0.12011E+17    0.11959E+17   -0.41847E+17   -0.39926E+17   -0.27767E+17   -0.36959E+17                0.6403
    41    3    4    -58.    -30.   -0.11605E+17    0.10950E+17   -0.43703E+17   -0.39400E+17   -0.28395E+17   -0.37491E+17                0.6109
    41    3    5    -58.    -30.   -0.11096E+17    0.97859E+16   -0.45117E+17   -0.38625E+17   -0.28856E+17   -0.37819E+17                0.5734
    41    3    6    -57.    -31.   -0.10490E+17    0.84829E+16   -0.46077E+17   -0.37605E+17   -0.29138E+17   -0.37932E+17                0.5293
    41    4   -6    -32.    -18.   -0.10844E+17    0.84677E+15   -0.12328E+17   -0.29345E+17   -0.10695E+17   -0.96029E+16                0.4853
    41    4   -5    -37.    -18.   -0.11440E+17    0.18947E+16   -0.15876E+17   -0.30558E+17   -0.12020E+17   -0.10426E+17                0.5344
    41    4   -4    -42.    -18.   -0.11936E+17    0.28776E+16   -0.19254E+17   -0.31595E+17   -0.13324E+17   -0.11262E+17                0.5784
    41    4   -3    -46.    -18.   -0.12327E+17    0.37852E+16   -0.22427E+17   -0.32444E+17   -0.14592E+17   -0.12100E+17                0.6158
    41    4   -2    -50.    -18.   -0.12609E+17    0.46079E+16   -0.25362E+17   -0.33100E+17   -0.15814E+17   -0.12933E+17                0.6452
    41    4   -1    -53.    -18.   -0.12779E+17    0.53373E+16   -0.28029E+17   -0.33557E+17   -0.16979E+17   -0.13753E+17                0.6655
    41    4    0    -56.    -18.   -0.12835E+17    0.59669E+16   -0.30402E+17   -0.33809E+17   -0.18072E+17   -0.14548E+17                0.6762
    41    4    1    -58.    -19.   -0.12778E+17    0.64910E+16   -0.32457E+17   -0.33854E+17   -0.19083E+17   -0.15308E+17                0.6767
    41    4    2    -59.    -19.   -0.12606E+17    0.69055E+16   -0.34175E+17   -0.33690E+17   -0.20001E+17   -0.16027E+17                0.6670
    41    4    3    -60.    -19.   -0.12323E+17    0.72081E+16   -0.35540E+17   -0.33316E+17   -0.20814E+17   -0.16690E+17                0.6474
    41    4    4    -61.    -20.   -0.11930E+17    0.73973E+16   -0.36541E+17   -0.32736E+17   -0.21513E+17   -0.17290E+17                0.6186
    41    4    5    -62.    -20.   -0.11432E+17    0.74743E+16   -0.37170E+17   -0.31949E+17   -0.22086E+17   -0.17814E+17                0.5815
    41    4    6    -62.    -21.   -0.10834E+17    0.74406E+16   -0.37424E+17   -0.30959E+17   -0.22523E+17   -0.18251E+17                0.5373
    41    5   -6    -21.      4.   -0.10961E+17   -0.36312E+16   -0.12030E+17   -0.26341E+17   -0.65827E+16    0.13391E+16                0.4863
    41    5   -5    -29.      3.   -0.11585E+17   -0.25189E+16   -0.14941E+17   -0.27303E+17   -0.77431E+16    0.11547E+16                0.5352
    41    5   -4    -36.      2.   -0.12109E+17   -0.14236E+16   -0.17691E+17   -0.28102E+17   -0.89045E+16    0.89612E+15                0.5790
    41    5   -3    -42.      1.   -0.12526E+17   -0.35634E+15   -0.20251E+17   -0.28732E+17   -0.10056E+17    0.56637E+15                0.6161
    41    5   -2    -48.      0.   -0.12833E+17    0.67201E+15   -0.22595E+17   -0.29188E+17   -0.11188E+17    0.16874E+15                0.6453
    41    5   -1    -53.     -1.   -0.13027E+17    0.16519E+16   -0.24700E+17   -0.29466E+17   -0.12288E+17   -0.29091E+15                0.6655
    41    5    0    -56.     -1.   -0.13105E+17    0.25739E+16   -0.26544E+17   -0.29564E+17   -0.13346E+17   -0.80785E+15                0.6760
    41    5    1    -59.     -2.   -0.13067E+17    0.34302E+16   -0.28110E+17   -0.29478E+17   -0.14348E+17   -0.13728E+16                0.6765
    41    5    2    -62.     -3.   -0.12913E+17    0.42129E+16   -0.29383E+17   -0.29210E+17   -0.15286E+17   -0.19802E+16                0.6668
    41    5    3    -64.     -4.   -0.12644E+17    0.49163E+16   -0.30352E+17   -0.28761E+17   -0.16148E+17   -0.26215E+16                0.6473
    41    5    4    -65.     -5.   -0.12264E+17    0.55350E+16   -0.31009E+17   -0.28132E+17   -0.16923E+17   -0.32870E+16                0.6186
    41    5    5    -67.     -6.   -0.11775E+17    0.60652E+16   -0.31351E+17   -0.27327E+17   -0.17600E+17   -0.39665E+16                0.5816
    41    5    6    -67.     -7.   -0.11183E+17    0.65034E+16   -0.31376E+17   -0.26354E+17   -0.18173E+17   -0.46531E+16                0.5376
    41    6   -6     -1.     26.   -0.11113E+17   -0.48624E+16   -0.10442E+17   -0.23646E+17   -0.29721E+16    0.10622E+17                0.4859
    41    6   -5     -8.     26.   -0.11770E+17   -0.38372E+16   -0.12792E+17   -0.24365E+17   -0.39931E+16    0.11003E+17                0.5342
    41    6   -4    -14.     26.   -0.12324E+17   -0.28097E+16   -0.15003E+17   -0.24938E+17   -0.50367E+16    0.11256E+17                0.5774
    41    6   -3    -20.     26.   -0.12771E+17   -0.17899E+16   -0.17053E+17   -0.25357E+17   -0.60926E+16    0.11382E+17                0.6141
    41    6   -2    -25.     25.   -0.13106E+17   -0.78786E+15   -0.18921E+17   -0.25621E+17   -0.71514E+16    0.11379E+17                0.6429
    41    6   -1    -29.     25.   -0.13325E+17    0.18710E+15   -0.20589E+17   -0.25727E+17   -0.82024E+16    0.11250E+17                0.6628
    41    6    0    -33.     24.   -0.13426E+17    0.11258E+16   -0.22039E+17   -0.25674E+17   -0.92348E+16    0.10996E+17                0.6732
    41    6    1    -37.     23.   -0.13408E+17    0.20199E+16   -0.23259E+17   -0.25463E+17   -0.10238E+17    0.10622E+17                0.6737
    41    6    2    -41.     22.   -0.13272E+17    0.28619E+16   -0.24236E+17   -0.25093E+17   -0.11200E+17    0.10134E+17                0.6641
    41    6    3    -44.     22.   -0.13018E+17    0.36447E+16   -0.24963E+17   -0.24568E+17   -0.12111E+17    0.95373E+16                0.6448
    41    6    4    -47.     21.   -0.12649E+17    0.43620E+16   -0.25434E+17   -0.23891E+17   -0.12960E+17    0.88399E+16                0.6165
    41    6    5    -50.     19.   -0.12168E+17    0.50089E+16   -0.25647E+17   -0.23068E+17   -0.13737E+17    0.80502E+16                0.5800
    41    6    6    -54.     17.   -0.11581E+17    0.55806E+16   -0.25601E+17   -0.22102E+17   -0.14431E+17    0.71786E+16                0.5365
    42    3   -6      4.    -19.   -0.86376E+16    0.23518E+17    0.12299E+17   -0.43360E+17    0.73351E+15   -0.12201E+17                0.8209
    42    3   -5     -0.    -24.   -0.10149E+17    0.16735E+17   -0.15131E+16   -0.46192E+17   -0.18738E+16   -0.16306E+17                0.8245
    42    3   -4    -17.    -26.   -0.11585E+17    0.98792E+16   -0.15271E+17   -0.48710E+17   -0.45575E+16   -0.20389E+17                0.8237
    42    3   -3    -32.    -26.   -0.12933E+17    0.30233E+16   -0.28842E+17   -0.50884E+17   -0.72904E+16   -0.24406E+17                0.8184
    42    3   -2    -41.    -26.   -0.14180E+17   -0.37606E+16   -0.42102E+17   -0.52677E+17   -0.10032E+17   -0.28295E+17                0.8088
    42    3   -1    -44.    -25.   -0.15313E+17   -0.10396E+17   -0.54913E+17   -0.54070E+17   -0.12761E+17   -0.32020E+17                0.7951
    42    3    0    -44.    -25.   -0.16320E+17   -0.16814E+17   -0.67158E+17   -0.55033E+17   -0.15436E+17   -0.35522E+17                0.7774
    42    3    1    -42.    -24.   -0.17194E+17   -0.22954E+17   -0.78719E+17   -0.55565E+17   -0.18041E+17   -0.38782E+17                0.7563
    42    3    2    -40.    -24.   -0.17924E+17   -0.28745E+17   -0.89487E+17   -0.55636E+17   -0.20531E+17   -0.41735E+17                0.7321
    42    3    3    -37.    -24.   -0.18504E+17   -0.34128E+17   -0.99357E+17   -0.55246E+17   -0.22885E+17   -0.44355E+17                0.7055
    42    3    4    -35.    -24.   -0.18927E+17   -0.39050E+17   -0.10824E+18   -0.54386E+17   -0.25069E+17   -0.46600E+17                0.6770
    42    3    5    -33.    -23.   -0.19190E+17   -0.43466E+17   -0.11606E+18   -0.53059E+17   -0.27057E+17   -0.48441E+17                0.6474
    42    3    6    -30.    -23.   -0.19291E+17   -0.47328E+17   -0.12274E+18   -0.51272E+17   -0.28828E+17   -0.49856E+17                0.6174
    42    4   -6     33.     -3.   -0.93668E+16    0.15102E+17    0.54660E+15   -0.41816E+17    0.63325E+16   -0.13970E+16                0.8238
    42    4   -5      8.    -10.   -0.10984E+17    0.98220E+16   -0.10521E+17   -0.44843E+17    0.34182E+16   -0.52244E+16                0.8324
    42    4   -4    -17.    -14.   -0.12519E+17    0.44702E+16   -0.21495E+17   -0.47570E+17    0.39050E+15   -0.90957E+16                0.8362
    42    4   -3    -32.    -16.   -0.13958E+17   -0.90082E+15   -0.32274E+17   -0.49965E+17   -0.27189E+16   -0.12968E+17                0.8351
    42    4   -2    -40.    -17.   -0.15287E+17   -0.62374E+16   -0.42755E+17   -0.52004E+17   -0.58802E+16   -0.16801E+17                0.8291
    42    4   -1    -43.    -18.   -0.16492E+17   -0.11487E+17   -0.52841E+17   -0.53657E+17   -0.90561E+16   -0.20548E+17                0.8182
    42    4    0    -43.    -19.   -0.17562E+17   -0.16602E+17   -0.62442E+17   -0.54906E+17   -0.12216E+17   -0.24173E+17                0.8028
    42    4    1    -42.    -20.   -0.18487E+17   -0.21530E+17   -0.71469E+17   -0.55733E+17   -0.15328E+17   -0.27636E+17                0.7831
    42    4    2    -40.    -20.   -0.19257E+17   -0.26225E+17   -0.79840E+17   -0.56122E+17   -0.18353E+17   -0.30892E+17                0.7597
    42    4    3    -39.    -21.   -0.19865E+17   -0.30642E+17   -0.87480E+17   -0.56065E+17   -0.21260E+17   -0.33909E+17                0.7332
    42    4    4    -37.    -21.   -0.20306E+17   -0.34741E+17   -0.94322E+17   -0.55558E+17   -0.24020E+17   -0.36655E+17                0.7042
    42    4    5    -35.    -21.   -0.20574E+17   -0.38480E+17   -0.10030E+18   -0.54600E+17   -0.26600E+17   -0.39094E+17                0.6735
    42    4    6    -33.    -22.   -0.20668E+17   -0.41827E+17   -0.10538E+18   -0.53189E+17   -0.28968E+17   -0.41195E+17                0.6419
    42    5   -6     34.     13.   -0.10775E+17    0.89120E+16   -0.29793E+16   -0.42830E+17    0.76440E+16    0.70564E+16                0.8275
    42    5   -5     12.      8.   -0.12506E+17    0.46351E+16   -0.12278E+17   -0.45532E+17    0.47622E+16    0.43407E+16                0.8368
    42    5   -4    -11.      3.   -0.14145E+17    0.32088E+15   -0.21465E+17   -0.47922E+17    0.17645E+16    0.15438E+16                0.8405
    42    5   -3    -27.     -2.   -0.15675E+17   -0.39916E+16   -0.30455E+17   -0.49969E+17   -0.13163E+16   -0.13031E+16                0.8384
    42    5   -2    -35.     -5.   -0.17081E+17   -0.82620E+16   -0.39167E+17   -0.51652E+17   -0.44513E+16   -0.41708E+16                0.8305
    42    5   -1    -39.     -8.   -0.18349E+17   -0.12451E+17   -0.47520E+17   -0.52949E+17   -0.76075E+16   -0.70292E+16                0.8169
    42    5    0    -41.     -9.   -0.19468E+17   -0.16519E+17   -0.55443E+17   -0.53845E+17   -0.10753E+17   -0.98488E+16                0.7981
    42    5    1    -41.    -11.   -0.20426E+17   -0.20429E+17   -0.62862E+17   -0.54329E+17   -0.13858E+17   -0.12602E+17                0.7744
    42    5    2    -40.    -12.   -0.21213E+17   -0.24144E+17   -0.69712E+17   -0.54387E+17   -0.16885E+17   -0.15256E+17                0.7467
    42    5    3    -39.    -13.   -0.21822E+17   -0.27631E+17   -0.75933E+17   -0.54019E+17   -0.19807E+17   -0.17787E+17                0.7156
    42    5    4    -37.    -14.   -0.22247E+17   -0.30857E+17   -0.81472E+17   -0.53223E+17   -0.22592E+17   -0.20169E+17                0.6820
    42    5    5    -35.    -15.   -0.22484E+17   -0.33795E+17   -0.86283E+17   -0.52000E+17   -0.25207E+17   -0.22373E+17                0.6468
    42    5    6    -34.    -16.   -0.22533E+17   -0.36416E+17   -0.90325E+17   -0.50362E+17   -0.27631E+17   -0.24383E+17                0.6111
    42    6   -6     37.     28.   -0.11559E+17    0.51302E+16   -0.48155E+16   -0.41547E+17    0.10703E+17    0.17059E+17                0.8229
    42    6   -5     19.     25.   -0.13353E+17    0.19245E+16   -0.12439E+17   -0.43616E+17    0.81203E+16    0.15628E+17                0.8292
    42    6   -4      2.     22.   -0.15047E+17   -0.12886E+16   -0.19940E+17   -0.45370E+17    0.54070E+16    0.14061E+17                0.8292
    42    6   -3    -12.     19.   -0.16625E+17   -0.44791E+16   -0.27250E+17   -0.46791E+17    0.25889E+16    0.12376E+17                0.8226
    42    6   -2    -21.     16.   -0.18071E+17   -0.76164E+16   -0.34300E+17   -0.47861E+17   -0.30541E+15    0.10586E+17                0.8096
    42    6   -1    -28.     12.   -0.19370E+17   -0.10673E+17   -0.41029E+17   -0.48564E+17   -0.32471E+16    0.87144E+16                0.7906
    42    6    0    -33.      9.   -0.20510E+17   -0.13620E+17   -0.47375E+17   -0.48892E+17   -0.62062E+16    0.67764E+16                0.7661
    42    6    1    -36.      6.   -0.21480E+17   -0.16430E+17   -0.53284E+17   -0.48838E+17   -0.91533E+16    0.47919E+16                0.7367
    42    6    2    -37.      3.   -0.22270E+17   -0.19078E+17   -0.58701E+17   -0.48398E+17   -0.12059E+17    0.27798E+16                0.7033
    42    6    3    -38.      1.   -0.22872E+17   -0.21540E+17   -0.63583E+17   -0.47573E+17   -0.14893E+17    0.75989E+15                0.6669
    42    6    4    -37.     -1.   -0.23281E+17   -0.23794E+17   -0.67886E+17   -0.46367E+17   -0.17626E+17   -0.12485E+16                0.6285
    42    6    5    -35.     -3.   -0.23494E+17   -0.25820E+17   -0.71574E+17   -0.44790E+17   -0.20231E+17   -0.32277E+16                0.5892
    42    6    6    -33.     -5.   -0.23507E+17   -0.27603E+17   -0.74624E+17   -0.42851E+17   -0.22679E+17   -0.51573E+16                0.5502
    43    3   -6    -26.    -24.   -0.95039E+16    0.32477E+17   -0.77813E+16   -0.30814E+17   -0.81052E+16   -0.16549E+17                0.4358
    43    3   -5    -34.    -25.   -0.10695E+17    0.30877E+17   -0.12617E+17   -0.33159E+17   -0.10604E+17   -0.19429E+17                0.4766
    43    3   -4    -40.    -26.   -0.11798E+17    0.28991E+17   -0.17342E+17   -0.35322E+17   -0.13110E+17   -0.22293E+17                0.5145
    43    3   -3    -46.    -27.   -0.12804E+17    0.26835E+17   -0.21913E+17   -0.37277E+17   -0.15595E+17   -0.25102E+17                0.5485
    43    3   -2    -50.    -28.   -0.13701E+17    0.24430E+17   -0.26284E+17   -0.39008E+17   -0.18038E+17   -0.27836E+17                0.5773
    43    3   -1    -52.    -28.   -0.14481E+17    0.21797E+17   -0.30414E+17   -0.40493E+17   -0.20413E+17   -0.30460E+17                0.6001
    43    3    0    -54.    -29.   -0.15137E+17    0.18960E+17   -0.34262E+17   -0.41721E+17   -0.22698E+17   -0.32952E+17                0.6159
    43    3    1    -54.    -30.   -0.15660E+17    0.15946E+17   -0.37790E+17   -0.42678E+17   -0.24870E+17   -0.35285E+17                0.6244
    43    3    2    -53.    -30.   -0.16048E+17    0.12784E+17   -0.40967E+17   -0.43351E+17   -0.26907E+17   -0.37432E+17                0.6250
    43    3    3    -51.    -30.   -0.16295E+17    0.95050E+16   -0.43761E+17   -0.43730E+17   -0.28786E+17   -0.39367E+17                0.6179
    43    3    4    -50.    -31.   -0.16398E+17    0.61383E+16   -0.46149E+17   -0.43810E+17   -0.30486E+17   -0.41068E+17                0.6032
    43    3    5    -48.    -31.   -0.16358E+17    0.27182E+16   -0.48108E+17   -0.43583E+17   -0.31987E+17   -0.42511E+17                0.5812
    43    3    6    -46.    -31.   -0.16174E+17   -0.72165E+15   -0.49622E+17   -0.43048E+17   -0.33271E+17   -0.43674E+17                0.5528
    43    4   -6    -37.    -15.   -0.96869E+16    0.18171E+17   -0.14867E+17   -0.30386E+17   -0.56993E+16   -0.81594E+16                0.4204
    43    4   -5    -43.    -16.   -0.10915E+17    0.17237E+17   -0.18430E+17   -0.32370E+17   -0.78404E+16   -0.98496E+16                0.4643
    43    4   -4    -48.    -17.   -0.12055E+17    0.16132E+17   -0.21829E+17   -0.34160E+17   -0.99898E+16   -0.11547E+17                0.5054
    43    4   -3    -51.    -18.   -0.13094E+17    0.14864E+17   -0.25033E+17   -0.35737E+17   -0.12127E+17   -0.13233E+17                0.5424
    43    4   -2    -53.    -19.   -0.14022E+17    0.13443E+17   -0.28009E+17   -0.37087E+17   -0.14233E+17   -0.14894E+17                0.5740
    43    4   -1    -53.    -19.   -0.14831E+17    0.11882E+17   -0.30730E+17   -0.38198E+17   -0.16289E+17   -0.16514E+17                0.5992
    43    4    0    -53.    -20.   -0.15512E+17    0.10194E+17   -0.33169E+17   -0.39058E+17   -0.18274E+17   -0.18076E+17                0.6171
    43    4    1    -53.    -21.   -0.16058E+17    0.83947E+16   -0.35303E+17   -0.39655E+17   -0.20167E+17   -0.19559E+17                0.6271
    43    4    2    -52.    -21.   -0.16464E+17    0.65015E+16   -0.37114E+17   -0.39981E+17   -0.21948E+17   -0.20947E+17                0.6288
    43    4    3    -50.    -22.   -0.16727E+17    0.45316E+16   -0.38584E+17   -0.40032E+17   -0.23599E+17   -0.22225E+17                0.6221
    43    4    4    -49.    -23.   -0.16842E+17    0.25037E+16   -0.39701E+17   -0.39804E+17   -0.25102E+17   -0.23378E+17                0.6073
    43    4    5    -47.    -23.   -0.16810E+17    0.43737E+15   -0.40457E+17   -0.39297E+17   -0.26440E+17   -0.24390E+17                0.5847
    43    4    6    -46.    -24.   -0.16629E+17   -0.16481E+16   -0.40847E+17   -0.38511E+17   -0.27597E+17   -0.25247E+17                0.5552
    43    5   -6    -39.      1.   -0.97861E+16    0.10306E+17   -0.16163E+17   -0.29214E+17   -0.29476E+16    0.32315E+15                0.4117
    43    5   -5    -45.     -1.   -0.11047E+17    0.97656E+16   -0.18938E+17   -0.30896E+17   -0.48400E+16   -0.45756E+15                0.4567
    43    5   -4    -49.     -3.   -0.12219E+17    0.91207E+16   -0.21544E+17   -0.32385E+17   -0.67545E+16   -0.12909E+16                0.4988
    43    5   -3    -51.     -4.   -0.13289E+17    0.83763E+16   -0.23954E+17   -0.33664E+17   -0.86710E+16   -0.21642E+16                0.5366
    43    5   -2    -52.     -5.   -0.14247E+17    0.75377E+16   -0.26147E+17   -0.34722E+17   -0.10573E+17   -0.30699E+16                0.5689
    43    5   -1    -52.     -6.   -0.15084E+17    0.66118E+16   -0.28101E+17   -0.35548E+17   -0.12442E+17   -0.39993E+16                0.5947
    43    5    0    -52.     -7.   -0.15791E+17    0.56070E+16   -0.29797E+17   -0.36132E+17   -0.14259E+17   -0.49400E+16                0.6129
    43    5    1    -52.     -8.   -0.16362E+17    0.45317E+16   -0.31221E+17   -0.36469E+17   -0.16008E+17   -0.58839E+16                0.6231
    43    5    2    -51.     -9.   -0.16791E+17    0.33955E+16   -0.32358E+17   -0.36554E+17   -0.17671E+17   -0.68199E+16                0.6248
    43    5    3    -50.    -10.   -0.17072E+17    0.22090E+16   -0.33200E+17   -0.36383E+17   -0.19229E+17   -0.77363E+16                0.6179
    43    5    4    -49.    -11.   -0.17205E+17    0.98331E+15   -0.33740E+17   -0.35956E+17   -0.20667E+17   -0.86226E+16                0.6027
    43    5    5    -47.    -12.   -0.17186E+17   -0.26979E+15   -0.33974E+17   -0.35274E+17   -0.21968E+17   -0.94689E+16                0.5797
    43    5    6    -46.    -13.   -0.17017E+17   -0.15386E+16   -0.33903E+17   -0.34342E+17   -0.23120E+17   -0.10264E+17                0.5495
    43    6   -6    -21.     23.   -0.99194E+16    0.61464E+16   -0.14870E+17   -0.27121E+17    0.28280E+15    0.88925E+16                0.4051
    43    6   -5    -25.     22.   -0.11213E+17    0.59093E+16   -0.17033E+17   -0.28432E+17   -0.13331E+16    0.89944E+16                0.4496
    43    6   -4    -29.     21.   -0.12416E+17    0.56071E+16   -0.19042E+17   -0.29557E+17   -0.29881E+16    0.89973E+16                0.4912
    43    6   -3    -32.     20.   -0.13516E+17    0.52421E+16   -0.20879E+17   -0.30485E+17   -0.46670E+16    0.89028E+16                0.5284
    43    6   -2    -34.     19.   -0.14503E+17    0.48163E+16   -0.22526E+17   -0.31208E+17   -0.63546E+16    0.87122E+16                0.5601
    43    6   -1    -36.     17.   -0.15367E+17    0.43335E+16   -0.23966E+17   -0.31717E+17   -0.80347E+16    0.84286E+16                0.5852
    43    6    0    -37.     16.   -0.16100E+17    0.37970E+16   -0.25187E+17   -0.32007E+17   -0.96912E+16    0.80556E+16                0.6029
    43    6    1    -38.     15.   -0.16693E+17    0.32120E+16   -0.26177E+17   -0.32075E+17   -0.11308E+17    0.75974E+16                0.6125
    43    6    2    -38.     14.   -0.17141E+17    0.25830E+16   -0.26928E+17   -0.31918E+17   -0.12870E+17    0.70589E+16                0.6137
    43    6    3    -39.     13.   -0.17440E+17    0.19163E+16   -0.27433E+17   -0.31535E+17   -0.14359E+17    0.64476E+16                0.6064
    43    6    4    -39.     11.   -0.17587E+17    0.12179E+16   -0.27689E+17   -0.30929E+17   -0.15762E+17    0.57693E+16                0.5908
    43    6    5    -39.     10.   -0.17579E+17    0.49449E+15   -0.27694E+17   -0.30102E+17   -0.17063E+17    0.50325E+16                0.5674
    43    6    6    -40.      8.   -0.17418E+17   -0.24706E+15   -0.27451E+17   -0.29062E+17   -0.18248E+17    0.42447E+16                0.5371
    44    3   -6    -51.    -28.   -0.11869E+17    0.14396E+17   -0.26948E+17   -0.38052E+17   -0.18211E+17   -0.26990E+17                0.6186
    44    3   -5    -53.    -29.   -0.12680E+17    0.12494E+17   -0.32913E+17   -0.39947E+17   -0.20662E+17   -0.30725E+17                0.6482
    44    3   -4    -54.    -30.   -0.13383E+17    0.10503E+17   -0.38540E+17   -0.41607E+17   -0.23041E+17   -0.34352E+17                0.6715
    44    3   -3    -54.    -30.   -0.13973E+17    0.84410E+16   -0.43778E+17   -0.43016E+17   -0.25325E+17   -0.37838E+17                0.6878
    44    3   -2    -53.    -31.   -0.14443E+17    0.63322E+16   -0.48576E+17   -0.44154E+17   -0.27486E+17   -0.41138E+17                0.6964
    44    3   -1    -51.    -31.   -0.14789E+17    0.41954E+16   -0.52890E+17   -0.45014E+17   -0.29506E+17   -0.44225E+17                0.6971
    44    3    0    -50.    -32.   -0.15010E+17    0.20518E+16   -0.56680E+17   -0.45583E+17   -0.31364E+17   -0.47063E+17                0.6898
    44    3    1    -48.    -32.   -0.15103E+17   -0.76736E+14   -0.59915E+17   -0.45851E+17   -0.33036E+17   -0.49618E+17                0.6746
    44    3    2    -47.    -32.   -0.15067E+17   -0.21711E+16   -0.62568E+17   -0.45814E+17   -0.34504E+17   -0.51860E+17                0.6520
    44    3    3    -45.    -33.   -0.14905E+17   -0.42107E+16   -0.64616E+17   -0.45469E+17   -0.35753E+17   -0.53766E+17                0.6226
    44    3    4    -44.    -33.   -0.14618E+17   -0.61762E+16   -0.66047E+17   -0.44810E+17   -0.36761E+17   -0.55304E+17                0.5873
    44    3    5    -42.    -34.   -0.14209E+17   -0.80493E+16   -0.66852E+17   -0.43843E+17   -0.37518E+17   -0.56456E+17                0.5471
    44    3    6    -41.    -34.   -0.13683E+17   -0.98142E+16   -0.67030E+17   -0.42574E+17   -0.38013E+17   -0.57208E+17                0.5033
    44    4   -6    -54.    -16.   -0.13077E+17    0.15541E+17   -0.23989E+17   -0.33304E+17   -0.12952E+17   -0.11105E+17                0.6194
    44    4   -5    -56.    -18.   -0.13961E+17    0.14047E+17   -0.28786E+17   -0.35137E+17   -0.15386E+17   -0.14167E+17                0.6498
    44    4   -4    -57.    -20.   -0.14727E+17    0.12431E+17   -0.33301E+17   -0.36755E+17   -0.17769E+17   -0.17202E+17                0.6744
    44    4   -3    -57.    -21.   -0.15367E+17    0.10710E+17   -0.37490E+17   -0.38143E+17   -0.20079E+17   -0.20182E+17                0.6925
    44    4   -2    -56.    -22.   -0.15875E+17    0.88983E+16   -0.41316E+17   -0.39286E+17   -0.22293E+17   -0.23074E+17                0.7033
    44    4   -1    -54.    -23.   -0.16247E+17    0.70130E+16   -0.44742E+17   -0.40174E+17   -0.24388E+17   -0.25851E+17                0.7065
    44    4    0    -53.    -24.   -0.16479E+17    0.50722E+16   -0.47740E+17   -0.40794E+17   -0.26343E+17   -0.28483E+17                0.7019
    44    4    1    -51.    -25.   -0.16571E+17    0.30940E+16   -0.50282E+17   -0.41140E+17   -0.28137E+17   -0.30940E+17                0.6896
    44    4    2    -49.    -26.   -0.16522E+17    0.10968E+16   -0.52348E+17   -0.41207E+17   -0.29752E+17   -0.33200E+17                0.6699
    44    4    3    -48.    -27.   -0.16333E+17   -0.90036E+15   -0.53923E+17   -0.40990E+17   -0.31168E+17   -0.35234E+17                0.6435
    44    4    4    -46.    -28.   -0.16007E+17   -0.28795E+16   -0.54995E+17   -0.40489E+17   -0.32371E+17   -0.37022E+17                0.6110
    44    4    5    -44.    -28.   -0.15547E+17   -0.48220E+16   -0.55561E+17   -0.39705E+17   -0.33344E+17   -0.38540E+17                0.5735
    44    4    6    -43.    -29.   -0.14959E+17   -0.67098E+16   -0.55619E+17   -0.38643E+17   -0.34076E+17   -0.39773E+17                0.5321
    44    5   -6    -54.     -0.   -0.13998E+17    0.14504E+17   -0.20316E+17   -0.30922E+17   -0.10363E+17   -0.34016E+14                0.6213
    44    5   -5    -57.     -4.   -0.14920E+17    0.13376E+17   -0.24312E+17   -0.32413E+17   -0.12536E+17   -0.21457E+16                0.6510
    44    5   -4    -58.     -6.   -0.15716E+17    0.12129E+17   -0.28067E+17   -0.33700E+17   -0.14671E+17   -0.42950E+16                0.6750
    44    5   -3    -58.     -9.   -0.16376E+17    0.10775E+17   -0.31548E+17   -0.34770E+17   -0.16745E+17   -0.64594E+16                0.6924
    44    5   -2    -58.    -11.   -0.16897E+17    0.93264E+16   -0.34722E+17   -0.35613E+17   -0.18740E+17   -0.86178E+16                0.7027
    44    5   -1    -56.    -13.   -0.17273E+17    0.77957E+16   -0.37559E+17   -0.36220E+17   -0.20634E+17   -0.10747E+17                0.7054
    44    5    0    -55.    -14.   -0.17501E+17    0.61974E+16   -0.40036E+17   -0.36584E+17   -0.22409E+17   -0.12825E+17                0.7005
    44    5    1    -53.    -16.   -0.17579E+17    0.45459E+16   -0.42130E+17   -0.36700E+17   -0.24046E+17   -0.14832E+17                0.6880
    44    5    2    -51.    -17.   -0.17508E+17    0.28569E+16   -0.43825E+17   -0.36565E+17   -0.25528E+17   -0.16745E+17                0.6682
    44    5    3    -50.    -18.   -0.17288E+17    0.11458E+16   -0.45108E+17   -0.36177E+17   -0.26838E+17   -0.18544E+17                0.6418
    44    5    4    -48.    -20.   -0.16922E+17   -0.57150E+15   -0.45971E+17   -0.35539E+17   -0.27961E+17   -0.20209E+17                0.6094
    44    5    5    -46.    -21.   -0.16416E+17   -0.22791E+16   -0.46410E+17   -0.34653E+17   -0.28886E+17   -0.21724E+17                0.5721
    44    5    6    -44.    -22.   -0.15773E+17   -0.39612E+16   -0.46425E+17   -0.33527E+17   -0.29600E+17   -0.23073E+17                0.5310
    44    6   -6    -30.     25.   -0.14748E+17    0.12483E+17   -0.16847E+17   -0.27424E+17   -0.66733E+16    0.11532E+17                0.6168
    44    6   -5    -36.     22.   -0.15712E+17    0.11677E+17   -0.20138E+17   -0.28525E+17   -0.85566E+16    0.10339E+17                0.6454
    44    6   -4    -41.     19.   -0.16543E+17    0.10768E+17   -0.23231E+17   -0.29444E+17   -0.10423E+17    0.90353E+16                0.6683
    44    6   -3    -44.     16.   -0.17232E+17    0.97654E+16   -0.26096E+17   -0.30171E+17   -0.12255E+17    0.76371E+16                0.6847
    44    6   -2    -48.     12.   -0.17774E+17    0.86779E+16   -0.28708E+17   -0.30698E+17   -0.14033E+17    0.61584E+16                0.6941
    44    6   -1    -50.      8.   -0.18164E+17    0.75155E+16   -0.31043E+17   -0.31019E+17   -0.15741E+17    0.46139E+16                0.6960
    44    6    0    -52.      5.   -0.18399E+17    0.62889E+16   -0.33079E+17   -0.31131E+17   -0.17360E+17    0.30199E+16                0.6904
    44    6    1    -53.      2.   -0.18476E+17    0.50095E+16   -0.34801E+17   -0.31031E+17   -0.18874E+17    0.13923E+16                0.6774
    44    6    2    -54.     -0.   -0.18396E+17    0.36887E+16   -0.36193E+17   -0.30719E+17   -0.20267E+17   -0.25159E+15                0.6574
    44    6    3    -51.     -3.   -0.18161E+17    0.23391E+16   -0.37246E+17   -0.30195E+17   -0.21524E+17   -0.18962E+16                0.6308
    44    6    4    -49.     -5.   -0.17773E+17    0.97328E+15   -0.37952E+17   -0.29463E+17   -0.22631E+17   -0.35233E+16                0.5986
    44    6    5    -47.     -7.   -0.17236E+17   -0.39632E+15   -0.38309E+17   -0.28527E+17   -0.23576E+17   -0.51180E+16                0.5616
    44    6    6    -45.     -9.   -0.16557E+17   -0.17569E+16   -0.38318E+17   -0.27394E+17   -0.24348E+17   -0.66637E+16                0.5208
    45    3   -6    -29.    -30.   -0.89944E+16    0.12978E+17   -0.11928E+17   -0.37621E+17   -0.96383E+16   -0.22368E+17                0.5685
    45    3   -5    -35.    -30.   -0.99796E+16    0.11861E+17   -0.16901E+17   -0.39522E+17   -0.11660E+17   -0.24836E+17                0.6071
    45    3   -4    -40.    -30.   -0.10881E+17    0.10654E+17   -0.21723E+17   -0.41158E+17   -0.13654E+17   -0.27191E+17                0.6401
    45    3   -3    -43.    -30.   -0.11689E+17    0.93676E+16   -0.26346E+17   -0.42514E+17   -0.15603E+17   -0.29414E+17                0.6664
    45    3   -2    -46.    -30.   -0.12398E+17    0.80181E+16   -0.30727E+17   -0.43571E+17   -0.17483E+17   -0.31471E+17                0.6851
    45    3   -1    -48.    -30.   -0.13000E+17    0.66177E+16   -0.34824E+17   -0.44320E+17   -0.19280E+17   -0.33348E+17                0.6955
    45    3    0    -50.    -30.   -0.13489E+17    0.51827E+16   -0.38598E+17   -0.44750E+17   -0.20971E+17   -0.35017E+17                0.6974
    45    3    1    -50.    -30.   -0.13863E+17    0.37272E+16   -0.42014E+17   -0.44853E+17   -0.22540E+17   -0.36460E+17                0.6904
    45    3    2    -50.    -30.   -0.14117E+17    0.22673E+16   -0.45042E+17   -0.44624E+17   -0.23967E+17   -0.37655E+17                0.6749
    45    3    3    -50.    -30.   -0.14249E+17    0.81915E+15   -0.47652E+17   -0.44059E+17   -0.25235E+17   -0.38582E+17                0.6512
    45    3    4    -49.    -30.   -0.14259E+17   -0.60504E+15   -0.49821E+17   -0.43168E+17   -0.26335E+17   -0.39241E+17                0.6201
    45    3    5    -48.    -30.   -0.14148E+17   -0.19879E+16   -0.51532E+17   -0.41947E+17   -0.27246E+17   -0.39605E+17                0.5825
    45    3    6    -47.    -30.   -0.13916E+17   -0.33175E+16   -0.52771E+17   -0.40405E+17   -0.27958E+17   -0.39669E+17                0.5397
    45    4   -6    -26.    -17.   -0.91128E+16    0.67705E+16   -0.14278E+17   -0.34489E+17   -0.43614E+16   -0.92462E+16                0.5634
    45    4   -5    -34.    -18.   -0.10115E+17    0.58589E+16   -0.18430E+17   -0.36278E+17   -0.62606E+16   -0.11050E+17                0.6029
    45    4   -4    -39.    -19.   -0.11031E+17    0.48853E+16   -0.22425E+17   -0.37819E+17   -0.81638E+16   -0.12821E+17                0.6367
    45    4   -3    -43.    -20.   -0.11852E+17    0.38582E+16   -0.26222E+17   -0.39102E+17   -0.10056E+17   -0.14547E+17                0.6637
    45    4   -2    -46.    -20.   -0.12570E+17    0.27882E+16   -0.29789E+17   -0.40109E+17   -0.11915E+17   -0.16204E+17                0.6830
    45    4   -1    -48.    -21.   -0.13179E+17    0.16843E+16   -0.33092E+17   -0.40831E+17   -0.13726E+17   -0.17777E+17                0.6939
    45    4    0    -49.    -21.   -0.13673E+17    0.55753E+15   -0.36101E+17   -0.41259E+17   -0.15469E+17   -0.19248E+17                0.6961
    45    4    1    -50.    -22.   -0.14048E+17   -0.58106E+15   -0.38789E+17   -0.41385E+17   -0.17124E+17   -0.20598E+17                0.6895
    45    4    2    -50.    -22.   -0.14300E+17   -0.17204E+16   -0.41132E+17   -0.41206E+17   -0.18676E+17   -0.21813E+17                0.6741
    45    4    3    -50.    -22.   -0.14429E+17   -0.28488E+16   -0.43110E+17   -0.40720E+17   -0.20106E+17   -0.22876E+17                0.6505
    45    4    4    -49.    -23.   -0.14432E+17   -0.39562E+16   -0.44706E+17   -0.39933E+17   -0.21402E+17   -0.23781E+17                0.6194
    45    4    5    -48.    -23.   -0.14311E+17   -0.50307E+16   -0.45908E+17   -0.38845E+17   -0.22545E+17   -0.24507E+17                0.5818
    45    4    6    -47.    -23.   -0.14068E+17   -0.60628E+16   -0.46708E+17   -0.37465E+17   -0.23525E+17   -0.25049E+17                0.5388
    45    5   -6    -20.      1.   -0.93790E+16    0.30592E+16   -0.13876E+17   -0.32699E+17   -0.13670E+16    0.46947E+15                0.5633
    45    5   -5    -30.     -1.   -0.10394E+17    0.24140E+16   -0.17326E+17   -0.34226E+17   -0.31075E+16   -0.58906E+15                0.6019
    45    5   -4    -36.     -3.   -0.11320E+17    0.17325E+16   -0.20626E+17   -0.35517E+17   -0.48716E+16   -0.16779E+16                0.6346
    45    5   -3    -41.     -5.   -0.12148E+17    0.10214E+16   -0.23746E+17   -0.36558E+17   -0.66400E+16   -0.27819E+16                0.6602
    45    5   -2    -45.     -6.   -0.12871E+17    0.28668E+15   -0.26655E+17   -0.37338E+17   -0.83972E+16   -0.38914E+16                0.6780
    45    5   -1    -47.     -8.   -0.13482E+17   -0.46529E+15   -0.29330E+17   -0.37849E+17   -0.10126E+17   -0.49935E+16                0.6873
    45    5    0    -49.     -9.   -0.13975E+17   -0.12276E+16   -0.31746E+17   -0.38084E+17   -0.11809E+17   -0.60773E+16                0.6878
    45    5    1    -50.    -10.   -0.14347E+17   -0.19931E+16   -0.33881E+17   -0.38038E+17   -0.13428E+17   -0.71291E+16                0.6795
    45    5    2    -50.    -11.   -0.14594E+17   -0.27547E+16   -0.35717E+17   -0.37711E+17   -0.14968E+17   -0.81376E+16                0.6625
    45    5    3    -50.    -12.   -0.14714E+17   -0.35049E+16   -0.37240E+17   -0.37102E+17   -0.16411E+17   -0.90918E+16                0.6374
    45    5    4    -50.    -12.   -0.14706E+17   -0.42366E+16   -0.38437E+17   -0.36217E+17   -0.17744E+17   -0.99806E+16                0.6050
    45    5    5    -49.    -13.   -0.14572E+17   -0.49428E+16   -0.39300E+17   -0.35061E+17   -0.18951E+17   -0.10794E+17                0.5662
    45    5    6    -49.    -14.   -0.14313E+17   -0.56167E+16   -0.39823E+17   -0.33642E+17   -0.20019E+17   -0.11525E+17                0.5223
    45    6   -6     -3.     23.   -0.95862E+16    0.11991E+16   -0.12796E+17   -0.30080E+17    0.21957E+16    0.10010E+17                0.5585
    45    6   -5    -12.     22.   -0.10612E+17    0.82952E+15   -0.15562E+17   -0.31253E+17    0.66082E+15    0.97162E+16                0.5948
    45    6   -4    -19.     20.   -0.11547E+17    0.44122E+15   -0.18192E+17   -0.32206E+17   -0.91889E+15    0.93328E+16                0.6251
    45    6   -3    -25.     19.   -0.12383E+17    0.37632E+14   -0.20661E+17   -0.32928E+17   -0.25290E+16    0.88649E+16                0.6483
    45    6   -2    -29.     17.   -0.13111E+17   -0.37772E+15   -0.22948E+17   -0.33410E+17   -0.41534E+16    0.83191E+16                0.6636
    45    6   -1    -33.     16.   -0.13725E+17   -0.80121E+15   -0.25031E+17   -0.33647E+17   -0.57759E+16    0.77019E+16                0.6704
    45    6    0    -36.     14.   -0.14219E+17   -0.12290E+16   -0.26893E+17   -0.33635E+17   -0.73815E+16    0.70186E+16                0.6687
    45    6    1    -39.     13.   -0.14589E+17   -0.16573E+16   -0.28517E+17   -0.33373E+17   -0.89539E+16    0.62772E+16                0.6583
    45    6    2    -42.     11.   -0.14832E+17   -0.20821E+16   -0.29891E+17   -0.32861E+17   -0.10477E+17    0.54864E+16                0.6395
    45    6    3    -44.      9.   -0.14946E+17   -0.24990E+16   -0.31003E+17   -0.32102E+17   -0.11935E+17    0.46541E+16                0.6130
    45    6    4    -46.      7.   -0.14931E+17   -0.29043E+16   -0.31844E+17   -0.31103E+17   -0.13313E+17    0.37879E+16                0.5796
    45    6    5    -47.      5.   -0.14787E+17   -0.32937E+16   -0.32409E+17   -0.29871E+17   -0.14598E+17    0.28969E+16                0.5403
    45    6    6    -48.      4.   -0.14516E+17   -0.36633E+16   -0.32695E+17   -0.28415E+17   -0.15775E+17    0.19904E+16                0.4963
    46    3   -6    -68.    -26.   -0.11643E+17    0.31901E+17   -0.44732E+17   -0.29625E+17   -0.20687E+17   -0.28338E+17                0.3921
    46    3   -5    -70.    -26.   -0.12797E+17    0.30821E+17   -0.46501E+17   -0.31542E+17   -0.22533E+17   -0.30523E+17                0.4413
    46    3   -4    -69.    -27.   -0.13851E+17    0.29432E+17   -0.47809E+17   -0.33264E+17   -0.24255E+17   -0.32554E+17                0.4872
    46    3   -3    -67.    -28.   -0.14793E+17    0.27746E+17   -0.48641E+17   -0.34776E+17   -0.25838E+17   -0.34412E+17                0.5282
    46    3   -2    -64.    -28.   -0.15615E+17    0.25777E+17   -0.48990E+17   -0.36065E+17   -0.27268E+17   -0.36082E+17                0.5630
    46    3   -1    -61.    -29.   -0.16308E+17    0.23539E+17   -0.48852E+17   -0.37125E+17   -0.28537E+17   -0.37555E+17                0.5905
    46    3    0    -58.    -30.   -0.16864E+17    0.21053E+17   -0.48228E+17   -0.37944E+17   -0.29631E+17   -0.38814E+17                0.6097
    46    3    1    -55.    -30.   -0.17278E+17    0.18340E+17   -0.47128E+17   -0.38514E+17   -0.30539E+17   -0.39847E+17                0.6202
    46    3    2    -52.    -31.   -0.17544E+17    0.15427E+17   -0.45564E+17   -0.38833E+17   -0.31255E+17   -0.40647E+17                0.6216
    46    3    3    -49.    -32.   -0.17661E+17    0.12341E+17   -0.43553E+17   -0.38895E+17   -0.31768E+17   -0.41201E+17                0.6138
    46    3    4    -46.    -32.   -0.17624E+17    0.91099E+16   -0.41120E+17   -0.38702E+17   -0.32078E+17   -0.41509E+17                0.5974
    46    3    5    -43.    -33.   -0.17436E+17    0.57664E+16   -0.38293E+17   -0.38253E+17   -0.32178E+17   -0.41563E+17                0.5728
    46    3    6    -40.    -34.   -0.17096E+17    0.23430E+16   -0.35104E+17   -0.37551E+17   -0.32064E+17   -0.41358E+17                0.5409
    46    4   -6    -78.    -17.   -0.12404E+17    0.20840E+17   -0.33504E+17   -0.23564E+17   -0.14727E+17   -0.12551E+17                0.3738
    46    4   -5    -72.    -18.   -0.13689E+17    0.19767E+17   -0.35011E+17   -0.25150E+17   -0.16251E+17   -0.13712E+17                0.4257
    46    4   -4    -68.    -18.   -0.14867E+17    0.18500E+17   -0.36174E+17   -0.26580E+17   -0.17690E+17   -0.14820E+17                0.4749
    46    4   -3    -63.    -19.   -0.15927E+17    0.17049E+17   -0.36983E+17   -0.27846E+17   -0.19034E+17   -0.15872E+17                0.5200
    46    4   -2    -59.    -19.   -0.16858E+17    0.15426E+17   -0.37427E+17   -0.28934E+17   -0.20271E+17   -0.16854E+17                0.5594
    46    4   -1    -55.    -20.   -0.17650E+17    0.13643E+17   -0.37503E+17   -0.29839E+17   -0.21390E+17   -0.17760E+17                0.5919
    46    4    0    -52.    -21.   -0.18296E+17    0.11718E+17   -0.37210E+17   -0.30551E+17   -0.22382E+17   -0.18583E+17                0.6164
    46    4    1    -48.    -21.   -0.18787E+17    0.96658E+16   -0.36553E+17   -0.31067E+17   -0.23238E+17   -0.19316E+17                0.6321
    46    4    2    -45.    -22.   -0.19119E+17    0.75065E+16   -0.35539E+17   -0.31382E+17   -0.23951E+17   -0.19951E+17                0.6385
    46    4    3    -41.    -23.   -0.19287E+17    0.52595E+16   -0.34181E+17   -0.31492E+17   -0.24514E+17   -0.20483E+17                0.6355
    46    4    4    -38.    -23.   -0.19289E+17    0.29459E+16   -0.32494E+17   -0.31397E+17   -0.24921E+17   -0.20907E+17                0.6232
    46    4    5    -35.    -24.   -0.19125E+17    0.58738E+15   -0.30497E+17   -0.31098E+17   -0.25167E+17   -0.21216E+17                0.6021
    46    4    6    -32.    -25.   -0.18794E+17   -0.17935E+16   -0.28215E+17   -0.30597E+17   -0.25251E+17   -0.21407E+17                0.5730
    46    5   -6    -75.     -6.   -0.13077E+17    0.15113E+17   -0.27030E+17   -0.20250E+17   -0.11507E+17   -0.33046E+16                0.3602
    46    5   -5    -69.     -7.   -0.14487E+17    0.14112E+17   -0.28310E+17   -0.21568E+17   -0.12777E+17   -0.37079E+16                0.4138
    46    5   -4    -63.     -7.   -0.15784E+17    0.12975E+17   -0.29315E+17   -0.22754E+17   -0.13984E+17   -0.41211E+16                0.4654
    46    5   -3    -58.     -7.   -0.16957E+17    0.11712E+17   -0.30035E+17   -0.23798E+17   -0.15119E+17   -0.45419E+16                0.5134
    46    5   -2    -53.     -8.   -0.17994E+17    0.10332E+17   -0.30462E+17   -0.24694E+17   -0.16173E+17   -0.49668E+16                0.5561
    46    5   -1    -48.     -8.   -0.18884E+17    0.88476E+16   -0.30591E+17   -0.25432E+17   -0.17136E+17   -0.53914E+16                0.5922
    46    5    0    -44.     -9.   -0.19617E+17    0.72714E+16   -0.30423E+17   -0.26008E+17   -0.18000E+17   -0.58128E+16                0.6205
    46    5    1    -40.    -10.   -0.20186E+17    0.56174E+16   -0.29960E+17   -0.26418E+17   -0.18757E+17   -0.62267E+16                0.6400
    46    5    2    -36.    -10.   -0.20583E+17    0.39002E+16   -0.29206E+17   -0.26656E+17   -0.19400E+17   -0.66290E+16                0.6502
    46    5    3    -32.    -11.   -0.20806E+17    0.21355E+16   -0.28171E+17   -0.26723E+17   -0.19924E+17   -0.70160E+16                0.6507
    46    5    4    -28.    -11.   -0.20849E+17    0.33920E+15   -0.26868E+17   -0.26617E+17   -0.20322E+17   -0.73834E+16                0.6416
    46    5    5    -24.    -12.   -0.20712E+17   -0.14721E+16   -0.25310E+17   -0.26339E+17   -0.20591E+17   -0.77271E+16                0.6231
    46    5    6    -21.    -13.   -0.20396E+17   -0.32814E+16   -0.23516E+17   -0.25889E+17   -0.20727E+17   -0.80420E+16                0.5959
    46    6   -6    -56.     13.   -0.13633E+17    0.11168E+17   -0.21582E+17   -0.17267E+17   -0.86032E+16    0.46569E+16                0.3490
    46    6   -5    -50.     13.   -0.15158E+17    0.10304E+17   -0.22626E+17   -0.18356E+17   -0.96569E+16    0.49017E+16                0.4037
    46    6   -4    -44.     13.   -0.16568E+17    0.93429E+16   -0.23451E+17   -0.19334E+17   -0.10668E+17    0.50854E+16                0.4569
    46    6   -3    -39.     13.   -0.17848E+17    0.82913E+16   -0.24050E+17   -0.20193E+17   -0.11629E+17    0.52060E+16                0.5068
    46    6   -2    -35.     12.   -0.18986E+17    0.71587E+16   -0.24415E+17   -0.20925E+17   -0.12531E+17    0.52624E+16                0.5519
    46    6   -1    -30.     12.   -0.19969E+17    0.59544E+16   -0.24544E+17   -0.21526E+17   -0.13366E+17    0.52539E+16                0.5906
    46    6    0    -25.     11.   -0.20788E+17    0.46890E+16   -0.24436E+17   -0.21991E+17   -0.14127E+17    0.51813E+16                0.6217
    46    6    1    -21.     11.   -0.21433E+17    0.33734E+16   -0.24091E+17   -0.22316E+17   -0.14808E+17    0.50454E+16                0.6442
    46    6    2    -17.     10.   -0.21897E+17    0.20194E+16   -0.23514E+17   -0.22498E+17   -0.15401E+17    0.48476E+16                0.6573
    46    6    3    -13.      9.   -0.22175E+17    0.63898E+15   -0.22713E+17   -0.22536E+17   -0.15901E+17    0.45902E+16                0.6607
    46    6    4     -9.      9.   -0.22263E+17   -0.75548E+15   -0.21696E+17   -0.22430E+17   -0.16304E+17    0.42762E+16                0.6541
    46    6    5     -5.      8.   -0.22158E+17   -0.21512E+16   -0.20475E+17   -0.22180E+17   -0.16605E+17    0.39089E+16                0.6379
    46    6    6     -2.      7.   -0.21862E+17   -0.35354E+16   -0.19065E+17   -0.21788E+17   -0.16799E+17    0.34928E+16                0.6126
    47    3   -6    -40.    -22.   -0.12907E+17    0.29052E+17   -0.17610E+17   -0.34242E+17   -0.11075E+17   -0.17543E+17                0.5439
    47    3   -5    -45.    -24.   -0.13934E+17    0.26773E+17   -0.21979E+17   -0.36082E+17   -0.13271E+17   -0.20060E+17                0.5712
    47    3   -4    -49.    -25.   -0.14842E+17    0.24266E+17   -0.26128E+17   -0.37686E+17   -0.15423E+17   -0.22501E+17                0.5932
    47    3   -3    -52.    -25.   -0.15623E+17    0.21557E+17   -0.30015E+17   -0.39036E+17   -0.17511E+17   -0.24842E+17                0.6090
    47    3   -2    -53.    -26.   -0.16267E+17    0.18673E+17   -0.33607E+17   -0.40116E+17   -0.19510E+17   -0.27056E+17                0.6182
    47    3   -1    -53.    -27.   -0.16768E+17    0.15641E+17   -0.36868E+17   -0.40914E+17   -0.21401E+17   -0.29121E+17                0.6202
    47    3    0    -52.    -27.   -0.17121E+17    0.12495E+17   -0.39770E+17   -0.41418E+17   -0.23162E+17   -0.31011E+17                0.6151
    47    3    1    -51.    -28.   -0.17322E+17    0.92628E+16   -0.42287E+17   -0.41621E+17   -0.24775E+17   -0.32707E+17                0.6027
    47    3    2    -49.    -28.   -0.17368E+17    0.59787E+16   -0.44398E+17   -0.41515E+17   -0.26221E+17   -0.34187E+17                0.5835
    47    3    3    -47.    -29.   -0.17260E+17    0.26743E+16   -0.46086E+17   -0.41100E+17   -0.27483E+17   -0.35435E+17                0.5581
    47    3    4    -45.    -29.   -0.16998E+17   -0.61704E+15   -0.47338E+17   -0.40374E+17   -0.28546E+17   -0.36431E+17                0.5271
    47    3    5    -43.    -30.   -0.16584E+17   -0.38629E+16   -0.48147E+17   -0.39340E+17   -0.29395E+17   -0.37163E+17                0.4915
    47    3    6    -41.    -30.   -0.16022E+17   -0.70312E+16   -0.48509E+17   -0.38004E+17   -0.30019E+17   -0.37618E+17                0.4526
    47    4   -6    -40.    -15.   -0.13406E+17    0.23216E+17   -0.16339E+17   -0.33441E+17   -0.93951E+16   -0.94225E+16                0.5405
    47    4   -5    -44.    -16.   -0.14427E+17    0.21149E+17   -0.19345E+17   -0.35071E+17   -0.11360E+17   -0.11020E+17                0.5673
    47    4   -4    -46.    -17.   -0.15326E+17    0.18895E+17   -0.22157E+17   -0.36460E+17   -0.13283E+17   -0.12580E+17                0.5885
    47    4   -3    -48.    -18.   -0.16093E+17    0.16474E+17   -0.24749E+17   -0.37596E+17   -0.15145E+17   -0.14086E+17                0.6034
    47    4   -2    -48.    -19.   -0.16720E+17    0.13912E+17   -0.27096E+17   -0.38465E+17   -0.16926E+17   -0.15522E+17                0.6113
    47    4   -1    -48.    -19.   -0.17201E+17    0.11230E+17   -0.29179E+17   -0.39055E+17   -0.18609E+17   -0.16873E+17                0.6121
    47    4    0    -47.    -20.   -0.17529E+17    0.84566E+16   -0.30978E+17   -0.39360E+17   -0.20176E+17   -0.18125E+17                0.6056
    47    4    1    -46.    -21.   -0.17703E+17    0.56176E+16   -0.32479E+17   -0.39373E+17   -0.21608E+17   -0.19263E+17                0.5919
    47    4    2    -45.    -21.   -0.17718E+17    0.27417E+16   -0.33670E+17   -0.39091E+17   -0.22890E+17   -0.20273E+17                0.5714
    47    4    3    -43.    -22.   -0.17576E+17   -0.14387E+15   -0.34542E+17   -0.38516E+17   -0.24010E+17   -0.21148E+17                0.5448
    47    4    4    -42.    -23.   -0.17278E+17   -0.30111E+16   -0.35091E+17   -0.37650E+17   -0.24954E+17   -0.21876E+17                0.5128
    47    4    5    -40.    -23.   -0.16825E+17   -0.58314E+16   -0.35314E+17   -0.36496E+17   -0.25709E+17   -0.22446E+17                0.4765
    47    4    6    -39.    -24.   -0.16223E+17   -0.85783E+16   -0.35215E+17   -0.35063E+17   -0.26266E+17   -0.22852E+17                0.4371
    47    5   -6    -36.     -3.   -0.13812E+17    0.18317E+17   -0.14303E+17   -0.32414E+17   -0.74819E+16   -0.14641E+16                0.5310
    47    5   -5    -40.     -4.   -0.14846E+17    0.16564E+17   -0.16600E+17   -0.33805E+17   -0.92456E+16   -0.22999E+16                0.5576
    47    5   -4    -42.     -5.   -0.15753E+17    0.14664E+17   -0.18730E+17   -0.34957E+17   -0.10974E+17   -0.31416E+16                0.5786
    47    5   -3    -44.     -6.   -0.16526E+17    0.12635E+17   -0.20674E+17   -0.35858E+17   -0.12651E+17   -0.39832E+16                0.5930
    47    5   -2    -44.     -7.   -0.17155E+17    0.10496E+17   -0.22412E+17   -0.36499E+17   -0.14261E+17   -0.48158E+16                0.6006
    47    5   -1    -44.     -8.   -0.17635E+17    0.82661E+16   -0.23931E+17   -0.36872E+17   -0.15786E+17   -0.56311E+16                0.6008
    47    5    0    -43.     -9.   -0.17960E+17    0.59689E+16   -0.25216E+17   -0.36971E+17   -0.17211E+17   -0.64202E+16                0.5938
    47    5    1    -43.    -10.   -0.18126E+17    0.36251E+16   -0.26257E+17   -0.36792E+17   -0.18521E+17   -0.71752E+16                0.5795
    47    5    2    -42.    -11.   -0.18132E+17    0.12565E+16   -0.27048E+17   -0.36337E+17   -0.19702E+17   -0.78891E+16                0.5585
    47    5    3    -41.    -12.   -0.17976E+17   -0.11123E+16   -0.27583E+17   -0.35605E+17   -0.20740E+17   -0.85538E+16                0.5314
    47    5    4    -39.    -12.   -0.17661E+17   -0.34600E+16   -0.27859E+17   -0.34604E+17   -0.21626E+17   -0.91638E+16                0.4990
    47    5    5    -38.    -13.   -0.17189E+17   -0.57635E+16   -0.27877E+17   -0.33340E+17   -0.22347E+17   -0.97118E+16                0.4623
    47    5    6    -37.    -14.   -0.16565E+17   -0.80012E+16   -0.27640E+17   -0.31822E+17   -0.22897E+17   -0.10193E+17                0.4226
    47    6   -6    -20.     16.   -0.14227E+17    0.14497E+17   -0.12167E+17   -0.30230E+17   -0.46780E+16    0.72167E+16                0.5218
    47    6   -5    -24.     15.   -0.15273E+17    0.13217E+17   -0.13951E+17   -0.31281E+17   -0.61836E+16    0.71272E+16                0.5476
    47    6   -4    -26.     15.   -0.16190E+17    0.11824E+17   -0.15594E+17   -0.32106E+17   -0.76722E+16    0.69743E+16                0.5676
    47    6   -3    -28.     14.   -0.16969E+17    0.10331E+17   -0.17079E+17   -0.32696E+17   -0.91296E+16    0.67586E+16                0.5811
    47    6   -2    -30.     13.   -0.17601E+17    0.87513E+16   -0.18395E+17   -0.33044E+17   -0.10541E+17    0.64824E+16                0.5875
    47    6   -1    -31.     12.   -0.18080E+17    0.71017E+16   -0.19529E+17   -0.33144E+17   -0.11893E+17    0.61481E+16                0.5865
    47    6    0    -31.     11.   -0.18401E+17    0.53971E+16   -0.20472E+17   -0.32995E+17   -0.13170E+17    0.57582E+16                0.5783
    47    6    1    -31.     11.   -0.18561E+17    0.36532E+16   -0.21217E+17   -0.32596E+17   -0.14362E+17    0.53156E+16                0.5628
    47    6    2    -32.     10.   -0.18556E+17    0.18878E+16   -0.21757E+17   -0.31949E+17   -0.15454E+17    0.48248E+16                0.5408
    47    6    3    -32.      8.   -0.18387E+17    0.11686E+15   -0.22090E+17   -0.31059E+17   -0.16435E+17    0.42896E+16                0.5127
    47    6    4    -31.      7.   -0.18055E+17   -0.16421E+16   -0.22215E+17   -0.29932E+17   -0.17295E+17    0.37145E+16                0.4794
    47    6    5    -31.      6.   -0.17563E+17   -0.33734E+16   -0.22134E+17   -0.28576E+17   -0.18025E+17    0.31040E+16                0.4422
    47    6    6    -31.      5.   -0.16915E+17   -0.50601E+16   -0.21849E+17   -0.27003E+17   -0.18615E+17    0.24635E+16                0.4020
    48    3   -6      7.      7.   -0.11976E+17    0.93129E+17   -0.11376E+17   -0.13374E+17    0.68589E+16    0.72263E+16                0.4622
    48    3   -5     -2.      4.   -0.13828E+17    0.89527E+17   -0.14775E+17   -0.17154E+17    0.37178E+16    0.34980E+16                0.4914
    48    3   -4    -12.     -0.   -0.15575E+17    0.85059E+17   -0.18050E+17   -0.20915E+17    0.44919E+15   -0.41641E+15                0.5206
    48    3   -3    -22.     -5.   -0.17199E+17    0.79757E+17   -0.21172E+17   -0.24628E+17   -0.29223E+16   -0.44897E+16                0.5489
    48    3   -2    -31.     -9.   -0.18682E+17    0.73666E+17   -0.24112E+17   -0.28258E+17   -0.63674E+16   -0.86874E+16                0.5755
    48    3   -1    -39.    -12.   -0.20010E+17    0.66838E+17   -0.26847E+17   -0.31775E+17   -0.98606E+16   -0.12981E+17                0.5997
    48    3    0    -46.    -16.   -0.21167E+17    0.59330E+17   -0.29352E+17   -0.35148E+17   -0.13373E+17   -0.17337E+17                0.6207
    48    3    1    -51.    -19.   -0.22141E+17    0.51214E+17   -0.31606E+17   -0.38343E+17   -0.16869E+17   -0.21710E+17                0.6378
    48    3    2    -52.    -22.   -0.22922E+17    0.42564E+17   -0.33591E+17   -0.41330E+17   -0.20320E+17   -0.26066E+17                0.6507
    48    3    3    -51.    -25.   -0.23501E+17    0.33461E+17   -0.35291E+17   -0.44077E+17   -0.23692E+17   -0.30361E+17                0.6589
    48    3    4    -47.    -27.   -0.23870E+17    0.23991E+17   -0.36693E+17   -0.46558E+17   -0.26954E+17   -0.34557E+17                0.6621
    48    3    5    -42.    -29.   -0.24026E+17    0.14248E+17   -0.37789E+17   -0.48743E+17   -0.30074E+17   -0.38611E+17                0.6604
    48    3    6    -38.    -31.   -0.23964E+17    0.43260E+16   -0.38570E+17   -0.50612E+17   -0.33024E+17   -0.42486E+17                0.6538
    48    4   -6     -7.      2.   -0.12892E+17    0.81187E+17   -0.18502E+17   -0.18158E+17    0.30458E+16    0.15671E+16                0.4587
    48    4   -5    -15.      0.   -0.14730E+17    0.78123E+17   -0.20194E+17   -0.21289E+17    0.82263E+15    0.32367E+14                0.4891
    48    4   -4    -22.     -2.   -0.16454E+17    0.74301E+17   -0.21702E+17   -0.24345E+17   -0.14749E+16   -0.15920E+16                0.5193
    48    4   -3    -29.     -4.   -0.18047E+17    0.69746E+17   -0.23013E+17   -0.27300E+17   -0.38295E+16   -0.32962E+16                0.5483
    48    4   -2    -36.     -6.   -0.19492E+17    0.64498E+17   -0.24116E+17   -0.30131E+17   -0.62232E+16   -0.50702E+16                0.5753
    48    4   -1    -41.     -8.   -0.20774E+17    0.58600E+17   -0.25001E+17   -0.32809E+17   -0.86362E+16   -0.69007E+16                0.5996
    48    4    0    -45.    -10.   -0.21879E+17    0.52102E+17   -0.25662E+17   -0.35314E+17   -0.11049E+17   -0.87758E+16                0.6203
    48    4    1    -47.    -12.   -0.22794E+17    0.45063E+17   -0.26094E+17   -0.37622E+17   -0.13445E+17   -0.10684E+17                0.6369
    48    4    2    -47.    -14.   -0.23511E+17    0.37548E+17   -0.26295E+17   -0.39707E+17   -0.15797E+17   -0.12604E+17                0.6490
    48    4    3    -44.    -16.   -0.24020E+17    0.29628E+17   -0.26265E+17   -0.41551E+17   -0.18088E+17   -0.14524E+17                0.6562
    48    4    4    -39.    -18.   -0.24315E+17    0.21377E+17   -0.26009E+17   -0.43134E+17   -0.20296E+17   -0.16425E+17                0.6582
    48    4    5    -34.    -19.   -0.24393E+17    0.12875E+17   -0.25531E+17   -0.44440E+17   -0.22403E+17   -0.18292E+17                0.6552
    48    4    6    -30.    -21.   -0.24250E+17    0.42057E+16   -0.24839E+17   -0.45451E+17   -0.24385E+17   -0.20103E+17                0.6472
    48    5   -6     -9.      2.   -0.13590E+17    0.71429E+17   -0.17628E+17   -0.20558E+17    0.26581E+16    0.17432E+16                0.4395
    48    5   -5    -16.      2.   -0.15429E+17    0.68793E+17   -0.18696E+17   -0.23268E+17    0.98114E+15    0.15668E+16                0.4717
    48    5   -4    -22.      2.   -0.17148E+17    0.65490E+17   -0.19593E+17   -0.25872E+17   -0.75370E+15    0.13294E+16                0.5038
    48    5   -3    -28.      1.   -0.18730E+17    0.61544E+17   -0.20310E+17   -0.28349E+17   -0.25341E+16    0.10289E+16                0.5347
    48    5   -2    -34.      1.   -0.20158E+17    0.56986E+17   -0.20842E+17   -0.30676E+17   -0.43464E+16    0.66466E+15                0.5636
    48    5   -1    -38.      0.   -0.21418E+17    0.51854E+17   -0.21183E+17   -0.32834E+17   -0.61764E+16    0.23737E+15                0.5895
    48    5    0    -41.     -0.   -0.22495E+17    0.46192E+17   -0.21333E+17   -0.34804E+17   -0.80109E+16   -0.25438E+15                0.6118
    48    5    1    -42.     -1.   -0.23377E+17    0.40050E+17   -0.21292E+17   -0.36566E+17   -0.98330E+16   -0.80629E+15                0.6297
    48    5    2    -40.     -2.   -0.24056E+17    0.33484E+17   -0.21060E+17   -0.38102E+17   -0.11628E+17   -0.14164E+16                0.6427
    48    5    3    -36.     -3.   -0.24522E+17    0.26555E+17   -0.20644E+17   -0.39399E+17   -0.13383E+17   -0.20822E+16                0.6504
    48    5    4    -31.     -4.   -0.24770E+17    0.19328E+17   -0.20047E+17   -0.40441E+17   -0.15079E+17   -0.27979E+16                0.6527
    48    5    5    -26.     -5.   -0.24796E+17    0.11873E+17   -0.19279E+17   -0.41216E+17   -0.16702E+17   -0.35568E+16                0.6494
    48    5    6    -21.     -6.   -0.24599E+17    0.42618E+16   -0.18350E+17   -0.41714E+17   -0.18237E+17   -0.43530E+16                0.6408
    48    6   -6     -7.      7.   -0.14180E+17    0.58804E+17   -0.14850E+17   -0.21086E+17    0.40053E+16    0.45833E+16                0.4208
    48    6   -5    -12.      8.   -0.16032E+17    0.56830E+17   -0.15600E+17   -0.23338E+17    0.27273E+16    0.54696E+16                0.4549
    48    6   -4    -17.      9.   -0.17760E+17    0.54310E+17   -0.16206E+17   -0.25471E+17    0.13883E+16    0.62930E+16                0.4888
    48    6   -3    -20.     11.   -0.19346E+17    0.51264E+17   -0.16664E+17   -0.27467E+17   -0.33028E+13    0.70423E+16                0.5215
    48    6   -2    -23.     12.   -0.20774E+17    0.47713E+17   -0.16969E+17   -0.29309E+17   -0.14368E+16    0.77087E+16                0.5521
    48    6   -1    -25.     13.   -0.22027E+17    0.43688E+17   -0.17120E+17   -0.30979E+17   -0.29022E+16    0.82831E+16                0.5795
    48    6    0    -25.     14.   -0.23093E+17    0.39222E+17   -0.17115E+17   -0.32464E+17   -0.43882E+16    0.87576E+16                0.6030
    48    6    1    -24.     15.   -0.23959E+17    0.34356E+17   -0.16956E+17   -0.33748E+17   -0.58833E+16    0.91250E+16                0.6217
    48    6    2    -22.     15.   -0.24617E+17    0.29132E+17   -0.16647E+17   -0.34819E+17   -0.73750E+16    0.93806E+16                0.6352
    48    6    3    -18.     15.   -0.25057E+17    0.23600E+17   -0.16190E+17   -0.35666E+17   -0.88509E+16    0.95197E+16                0.6430
    48    6    4    -14.     15.   -0.25274E+17    0.17811E+17   -0.15593E+17   -0.36278E+17   -0.10298E+17    0.95396E+16                0.6448
    48    6    5     -9.     15.   -0.25266E+17    0.11819E+17   -0.14862E+17   -0.36647E+17   -0.11705E+17    0.94385E+16                0.6406
    48    6    6     -5.     15.   -0.25030E+17    0.56826E+16   -0.14007E+17   -0.36767E+17   -0.13057E+17    0.92169E+16                0.6307
    49    3   -6    -61.    -14.   -0.14031E+17    0.20177E+17   -0.64697E+17   -0.24981E+17   -0.54336E+16   -0.14169E+17                0.5496
    49    3   -5    -62.    -18.   -0.15268E+17    0.18714E+17   -0.64828E+17   -0.28226E+17   -0.95710E+16   -0.19143E+17                0.6027
    49    3   -4    -60.    -21.   -0.16375E+17    0.17055E+17   -0.64346E+17   -0.31316E+17   -0.13703E+17   -0.24058E+17                0.6519
    49    3   -3    -58.    -24.   -0.17343E+17    0.15211E+17   -0.63255E+17   -0.34226E+17   -0.17797E+17   -0.28879E+17                0.6956
    49    3   -2    -55.    -26.   -0.18160E+17    0.13197E+17   -0.61568E+17   -0.36931E+17   -0.21813E+17   -0.33557E+17                0.7325
    49    3   -1    -52.    -28.   -0.18820E+17    0.11032E+17   -0.59301E+17   -0.39409E+17   -0.25717E+17   -0.38057E+17                0.7615
    49    3    0    -48.    -30.   -0.19315E+17    0.87334E+16   -0.56479E+17   -0.41630E+17   -0.29465E+17   -0.42326E+17                0.7815
    49    3    1    -46.    -32.   -0.19639E+17    0.63225E+16   -0.53131E+17   -0.43583E+17   -0.33030E+17   -0.46340E+17                0.7921
    49    3    2    -43.    -33.   -0.19790E+17    0.38217E+16   -0.49294E+17   -0.45244E+17   -0.36374E+17   -0.50052E+17                0.7929
    49    3    3    -41.    -35.   -0.19766E+17    0.12543E+16   -0.45009E+17   -0.46598E+17   -0.39464E+17   -0.53429E+17                0.7838
    49    3    4    -40.    -36.   -0.19567E+17   -0.13560E+16   -0.40319E+17   -0.47638E+17   -0.42277E+17   -0.56450E+17                0.7653
    49    3    5    -39.    -37.   -0.19195E+17   -0.39832E+16   -0.35276E+17   -0.48345E+17   -0.44777E+17   -0.59071E+17                0.7380
    49    3    6    -38.    -38.   -0.18654E+17   -0.66020E+16   -0.29934E+17   -0.48712E+17   -0.46940E+17   -0.61270E+17                0.7027
    49    4   -6    -78.      0.   -0.14917E+17    0.19806E+17   -0.49889E+17   -0.19598E+17    0.16659E+16    0.19940E+15                0.5217
    49    4   -5    -79.     -4.   -0.16191E+17    0.18281E+17   -0.50299E+17   -0.22236E+17   -0.19156E+16   -0.29075E+16                0.5744
    49    4   -4    -74.     -8.   -0.17328E+17    0.16565E+17   -0.50240E+17   -0.24748E+17   -0.55320E+16   -0.60376E+16                0.6241
    49    4   -3    -68.    -11.   -0.18317E+17    0.14671E+17   -0.49714E+17   -0.27112E+17   -0.91526E+16   -0.91667E+16                0.6692
    49    4   -2    -61.    -14.   -0.19148E+17    0.12615E+17   -0.48726E+17   -0.29311E+17   -0.12745E+17   -0.12269E+17                0.7083
    49    4   -1    -55.    -17.   -0.19812E+17    0.10413E+17   -0.47287E+17   -0.31326E+17   -0.16278E+17   -0.15319E+17                0.7401
    49    4    0    -49.    -19.   -0.20303E+17    0.80864E+16   -0.45414E+17   -0.33141E+17   -0.19720E+17   -0.18291E+17                0.7638
    49    4    1    -45.    -21.   -0.20615E+17    0.56552E+16   -0.43124E+17   -0.34740E+17   -0.23040E+17   -0.21161E+17                0.7785
    49    4    2    -41.    -23.   -0.20745E+17    0.31414E+16   -0.40445E+17   -0.36111E+17   -0.26208E+17   -0.23906E+17                0.7839
    49    4    3    -38.    -25.   -0.20692E+17    0.56870E+15   -0.37405E+17   -0.37241E+17   -0.29195E+17   -0.26502E+17                0.7798
    49    4    4    -37.    -26.   -0.20456E+17   -0.20388E+16   -0.34035E+17   -0.38122E+17   -0.31974E+17   -0.28927E+17                0.7664
    49    4    5    -36.    -28.   -0.20039E+17   -0.46561E+16   -0.30373E+17   -0.38746E+17   -0.34520E+17   -0.31161E+17                0.7441
    49    4    6    -35.    -29.   -0.19447E+17   -0.72584E+16   -0.26456E+17   -0.39107E+17   -0.36809E+17   -0.33186E+17                0.7138
    49    5   -6    -87.      8.   -0.15764E+17    0.17930E+17   -0.38646E+17   -0.19877E+17    0.17662E+16    0.42133E+16                0.5106
    49    5   -5    -83.      5.   -0.17066E+17    0.16761E+17   -0.39108E+17   -0.21837E+17   -0.11965E+16    0.27232E+16                0.5650
    49    5   -4    -78.      2.   -0.18224E+17    0.15420E+17   -0.39205E+17   -0.23666E+17   -0.41926E+16    0.11870E+16                0.6164
    49    5   -3    -71.     -1.   -0.19226E+17    0.13920E+17   -0.38937E+17   -0.25348E+17   -0.71933E+16   -0.38004E+15                0.6631
    49    5   -2    -62.     -3.   -0.20062E+17    0.12273E+17   -0.38308E+17   -0.26869E+17   -0.10173E+17   -0.19670E+16                0.7037
    49    5   -1    -55.     -5.   -0.20724E+17    0.10492E+17   -0.37324E+17   -0.28218E+17   -0.13104E+17   -0.35609E+16                0.7369
    49    5    0    -49.     -7.   -0.21205E+17    0.85936E+16   -0.35996E+17   -0.29382E+17   -0.15959E+17   -0.51486E+16                0.7617
    49    5    1    -43.     -9.   -0.21499E+17    0.65948E+16   -0.34340E+17   -0.30353E+17   -0.18713E+17   -0.67170E+16                0.7772
    49    5    2    -39.    -11.   -0.21605E+17    0.45137E+16   -0.32373E+17   -0.31121E+17   -0.21339E+17   -0.82528E+16                0.7830
    49    5    3    -36.    -13.   -0.21519E+17    0.23698E+16   -0.30117E+17   -0.31681E+17   -0.23813E+17   -0.97440E+16                0.7789
    49    5    4    -34.    -14.   -0.21244E+17    0.18324E+15   -0.27597E+17   -0.32027E+17   -0.26112E+17   -0.11178E+17                0.7651
    49    5    5    -32.    -16.   -0.20782E+17   -0.20248E+16   -0.24839E+17   -0.32159E+17   -0.28215E+17   -0.12544E+17                0.7420
    49    5    6    -32.    -17.   -0.20137E+17   -0.42335E+16   -0.21872E+17   -0.32072E+17   -0.30103E+17   -0.13829E+17                0.7105
    49    6   -6    -62.     27.   -0.16524E+17    0.14912E+17   -0.30064E+17   -0.18065E+17    0.39029E+16    0.10229E+17                0.5009
    49    6   -5    -57.     25.   -0.17845E+17    0.14012E+17   -0.30555E+17   -0.19517E+17    0.13675E+16    0.99660E+16                0.5559
    49    6   -4    -52.     22.   -0.19016E+17    0.12971E+17   -0.30764E+17   -0.20850E+17   -0.12142E+16    0.96198E+16                0.6078
    49    6   -3    -47.     20.   -0.20023E+17    0.11797E+17   -0.30688E+17   -0.22050E+17   -0.38176E+16    0.91944E+16                0.6551
    49    6   -2    -42.     18.   -0.20857E+17    0.10501E+17   -0.30330E+17   -0.23109E+17   -0.64195E+16    0.86918E+16                0.6963
    49    6   -1    -37.     17.   -0.21510E+17    0.90933E+16   -0.29694E+17   -0.24021E+17   -0.89965E+16    0.81146E+16                0.7299
    49    6    0    -33.     15.   -0.21975E+17    0.75864E+16   -0.28787E+17   -0.24774E+17   -0.11523E+17    0.74689E+16                0.7551
    49    6    1    -29.     13.   -0.22247E+17    0.59943E+16   -0.27619E+17   -0.25364E+17   -0.13976E+17    0.67582E+16                0.7709
    49    6    2    -26.     11.   -0.22322E+17    0.43315E+16   -0.26204E+17   -0.25787E+17   -0.16333E+17    0.59875E+16                0.7769
    49    6    3    -24.     10.   -0.22201E+17    0.26134E+16   -0.24556E+17   -0.26039E+17   -0.18571E+17    0.51632E+16                0.7728
    49    6    4    -22.      8.   -0.21884E+17    0.85676E+15   -0.22693E+17   -0.26117E+17   -0.20669E+17    0.42914E+16                0.7588
    49    6    5    -22.      7.   -0.21374E+17   -0.92182E+15   -0.20636E+17   -0.26021E+17   -0.22607E+17    0.33795E+16                0.7354
    49    6    6    -23.      5.   -0.20677E+17   -0.27051E+16   -0.18407E+17   -0.25751E+17   -0.24367E+17    0.24337E+16                0.7033
    50    3   -6    -57.    -26.   -0.12704E+17    0.44289E+17   -0.32204E+17   -0.30883E+17   -0.19728E+17   -0.28016E+17                0.4747
    50    3   -5    -62.    -27.   -0.13933E+17    0.41875E+17   -0.36394E+17   -0.32417E+17   -0.22360E+17   -0.31527E+17                0.5103
    50    3   -4    -66.    -28.   -0.15052E+17    0.39058E+17   -0.40208E+17   -0.33781E+17   -0.24909E+17   -0.34941E+17                0.5421
    50    3   -3    -68.    -29.   -0.16051E+17    0.35860E+17   -0.43608E+17   -0.34967E+17   -0.27354E+17   -0.38230E+17                0.5692
    50    3   -2    -64.    -30.   -0.16919E+17    0.32309E+17   -0.46563E+17   -0.35966E+17   -0.29674E+17   -0.41364E+17                0.5905
    50    3   -1    -59.    -31.   -0.17648E+17    0.28437E+17   -0.49046E+17   -0.36766E+17   -0.31841E+17   -0.44306E+17                0.6055
    50    3    0    -55.    -32.   -0.18229E+17    0.24279E+17   -0.51034E+17   -0.37365E+17   -0.33840E+17   -0.47034E+17                0.6137
    50    3    1    -50.    -33.   -0.18656E+17    0.19873E+17   -0.52512E+17   -0.37753E+17   -0.35646E+17   -0.49514E+17                0.6148
    50    3    2    -47.    -34.   -0.18925E+17    0.15260E+17   -0.53470E+17   -0.37929E+17   -0.37244E+17   -0.51726E+17                0.6088
    50    3    3    -43.    -35.   -0.19032E+17    0.10485E+17   -0.53903E+17   -0.37891E+17   -0.38617E+17   -0.53644E+17                0.5960
    50    3    4    -40.    -36.   -0.18976E+17    0.55926E+16   -0.53814E+17   -0.37635E+17   -0.39747E+17   -0.55244E+17                0.5768
    50    3    5    -37.    -36.   -0.18756E+17    0.62941E+15   -0.53209E+17   -0.37163E+17   -0.40622E+17   -0.56504E+17                0.5518
    50    3    6    -34.    -37.   -0.18374E+17   -0.43559E+16   -0.52101E+17   -0.36474E+17   -0.41227E+17   -0.57406E+17                0.5218
    50    4   -6    -67.    -15.   -0.13527E+17    0.36894E+17   -0.30540E+17   -0.25536E+17   -0.14219E+17   -0.12417E+17                0.4737
    50    4   -5    -72.    -17.   -0.14864E+17    0.34732E+17   -0.33381E+17   -0.26714E+17   -0.16499E+17   -0.14790E+17                0.5113
    50    4   -4    -74.    -19.   -0.16085E+17    0.32236E+17   -0.35883E+17   -0.27751E+17   -0.18725E+17   -0.17148E+17                0.5456
    50    4   -3    -72.    -20.   -0.17179E+17    0.29430E+17   -0.38023E+17   -0.28637E+17   -0.20876E+17   -0.19471E+17                0.5755
    50    4   -2    -66.    -22.   -0.18133E+17    0.26336E+17   -0.39780E+17   -0.29366E+17   -0.22933E+17   -0.21735E+17                0.6000
    50    4   -1    -60.    -23.   -0.18938E+17    0.22984E+17   -0.41138E+17   -0.29935E+17   -0.24877E+17   -0.23920E+17                0.6184
    50    4    0    -55.    -24.   -0.19587E+17    0.19403E+17   -0.42085E+17   -0.30338E+17   -0.26688E+17   -0.26005E+17                0.6300
    50    4    1    -49.    -26.   -0.20070E+17    0.15628E+17   -0.42613E+17   -0.30573E+17   -0.28351E+17   -0.27968E+17                0.6345
    50    4    2    -44.    -27.   -0.20384E+17    0.11693E+17   -0.42720E+17   -0.30636E+17   -0.29846E+17   -0.29788E+17                0.6318
    50    4    3    -40.    -28.   -0.20524E+17    0.76359E+16   -0.42410E+17   -0.30527E+17   -0.31159E+17   -0.31446E+17                0.6219
    50    4    4    -35.    -29.   -0.20488E+17    0.34949E+16   -0.41688E+17   -0.30245E+17   -0.32274E+17   -0.32922E+17                0.6052
    50    4    5    -32.    -30.   -0.20276E+17   -0.68994E+15   -0.40566E+17   -0.29791E+17   -0.33179E+17   -0.34199E+17                0.5823
    50    4    6    -29.    -31.   -0.19888E+17   -0.48782E+16   -0.39061E+17   -0.29169E+17   -0.33863E+17   -0.35262E+17                0.5539
    50    5   -6    -76.     -3.   -0.14282E+17    0.32361E+17   -0.27548E+17   -0.21826E+17   -0.10410E+17   -0.17224E+16                0.4659
    50    5   -5    -80.     -5.   -0.15720E+17    0.30345E+17   -0.29695E+17   -0.22720E+17   -0.12407E+17   -0.32400E+16                0.5047
    50    5   -4    -80.     -7.   -0.17037E+17    0.28042E+17   -0.31547E+17   -0.23494E+17   -0.14371E+17   -0.48045E+16                0.5407
    50    5   -3    -75.     -9.   -0.18219E+17    0.25472E+17   -0.33083E+17   -0.24140E+17   -0.16284E+17   -0.64004E+16                0.5727
    50    5   -2    -68.    -11.   -0.19254E+17    0.22658E+17   -0.34291E+17   -0.24657E+17   -0.18130E+17   -0.80127E+16                0.5997
    50    5   -1    -61.    -12.   -0.20132E+17    0.19625E+17   -0.35157E+17   -0.25039E+17   -0.19890E+17   -0.96260E+16                0.6207
    50    5    0    -54.    -14.   -0.20843E+17    0.16401E+17   -0.35676E+17   -0.25284E+17   -0.21548E+17   -0.11223E+17                0.6352
    50    5    1    -47.    -16.   -0.21380E+17    0.13016E+17   -0.35842E+17   -0.25392E+17   -0.23087E+17   -0.12788E+17                0.6427
    50    5    2    -40.    -18.   -0.21736E+17    0.95007E+16   -0.35657E+17   -0.25360E+17   -0.24491E+17   -0.14304E+17                0.6428
    50    5    3    -34.    -19.   -0.21907E+17    0.58889E+16   -0.35126E+17   -0.25189E+17   -0.25747E+17   -0.15755E+17                0.6357
    50    5    4    -29.    -21.   -0.21891E+17    0.22148E+16   -0.34255E+17   -0.24879E+17   -0.26839E+17   -0.17124E+17                0.6215
    50    5    5    -24.    -22.   -0.21687E+17   -0.14865E+16   -0.33058E+17   -0.24431E+17   -0.27757E+17   -0.18395E+17                0.6007
    50    5    6    -20.    -24.   -0.21295E+17   -0.51799E+16   -0.31549E+17   -0.23850E+17   -0.28488E+17   -0.19556E+17                0.5739
    50    6   -6    -62.     17.   -0.14949E+17    0.27130E+17   -0.23214E+17   -0.18481E+17   -0.70014E+16    0.73943E+16                0.4564
    50    6   -5    -66.     14.   -0.16483E+17    0.25392E+17   -0.24884E+17   -0.19086E+17   -0.87129E+16    0.66835E+16                0.4963
    50    6   -4    -67.     12.   -0.17891E+17    0.23417E+17   -0.26308E+17   -0.19589E+17   -0.10412E+17    0.58752E+16                0.5336
    50    6   -3    -64.     10.   -0.19158E+17    0.21222E+17   -0.27472E+17   -0.19988E+17   -0.12082E+17    0.49775E+16                0.5673
    50    6   -2    -60.      8.   -0.20272E+17    0.18828E+17   -0.28365E+17   -0.20281E+17   -0.13710E+17    0.39998E+16                0.5963
    50    6   -1    -54.      6.   -0.21221E+17    0.16255E+17   -0.28978E+17   -0.20466E+17   -0.15278E+17    0.29523E+16                0.6196
    50    6    0    -48.      3.   -0.21995E+17    0.13526E+17   -0.29306E+17   -0.20543E+17   -0.16773E+17    0.18456E+16                0.6364
    50    6    1    -41.      1.   -0.22585E+17    0.10668E+17   -0.29347E+17   -0.20511E+17   -0.18179E+17    0.69201E+15                0.6463
    50    6    2    -33.     -1.   -0.22986E+17    0.77063E+16   -0.29103E+17   -0.20372E+17   -0.19483E+17   -0.49630E+15                0.6489
    50    6    3    -25.     -3.   -0.23191E+17    0.46689E+16   -0.28577E+17   -0.20126E+17   -0.20670E+17   -0.17065E+16                0.6440
    50    6    4    -18.     -5.   -0.23198E+17    0.15844E+16   -0.27777E+17   -0.19775E+17   -0.21729E+17   -0.29253E+16                0.6319
    50    6    5    -11.     -7.   -0.23006E+17   -0.15180E+16   -0.26713E+17   -0.19321E+17   -0.22646E+17   -0.41398E+16                0.6128
    50    6    6     -6.     -9.   -0.22615E+17   -0.46090E+16   -0.25399E+17   -0.18768E+17   -0.23413E+17   -0.53357E+16                0.5875
    51    3   -6    -46.    -32.   -0.11359E+17    0.12001E+17   -0.20275E+17   -0.42967E+17   -0.23933E+17   -0.33985E+17                0.6703
    51    3   -5    -49.    -32.   -0.12136E+17    0.91390E+16   -0.27547E+17   -0.44602E+17   -0.26080E+17   -0.37358E+17                0.6946
    51    3   -4    -50.    -32.   -0.12809E+17    0.62233E+16   -0.34519E+17   -0.45970E+17   -0.28121E+17   -0.40586E+17                0.7127
    51    3   -3    -50.    -32.   -0.13372E+17    0.32831E+16   -0.41122E+17   -0.47058E+17   -0.30036E+17   -0.43639E+17                0.7240
    51    3   -2    -50.    -32.   -0.13821E+17    0.34791E+15   -0.47295E+17   -0.47857E+17   -0.31809E+17   -0.46487E+17                0.7282
    51    3   -1    -49.    -32.   -0.14152E+17   -0.25502E+16   -0.52977E+17   -0.48349E+17   -0.33414E+17   -0.49090E+17                0.7250
    51    3    0    -47.    -32.   -0.14361E+17   -0.53833E+16   -0.58117E+17   -0.48533E+17   -0.34837E+17   -0.51423E+17                0.7144
    51    3    1    -46.    -32.   -0.14449E+17   -0.81232E+16   -0.62666E+17   -0.48402E+17   -0.36061E+17   -0.53461E+17                0.6967
    51    3    2    -44.    -33.   -0.14415E+17   -0.10743E+17   -0.66586E+17   -0.47956E+17   -0.37072E+17   -0.55178E+17                0.6722
    51    3    3    -43.    -33.   -0.14259E+17   -0.13216E+17   -0.69841E+17   -0.47193E+17   -0.37856E+17   -0.56551E+17                0.6418
    51    3    4    -41.    -33.   -0.13985E+17   -0.15520E+17   -0.72407E+17   -0.46114E+17   -0.38397E+17   -0.57554E+17                0.6062
    51    3    5    -40.    -33.   -0.13595E+17   -0.17632E+17   -0.74266E+17   -0.44727E+17   -0.38689E+17   -0.58176E+17                0.5664
    51    3    6    -38.    -33.   -0.13095E+17   -0.19535E+17   -0.75406E+17   -0.43037E+17   -0.38720E+17   -0.58397E+17                0.5236
    51    4   -6    -49.    -19.   -0.12821E+17    0.13758E+17   -0.19810E+17   -0.36763E+17   -0.17365E+17   -0.14773E+17                0.6738
    51    4   -5    -52.    -21.   -0.13686E+17    0.11862E+17   -0.25358E+17   -0.38363E+17   -0.19529E+17   -0.17600E+17                0.6996
    51    4   -4    -53.    -22.   -0.14435E+17    0.98652E+16   -0.30646E+17   -0.39729E+17   -0.21619E+17   -0.20387E+17                0.7198
    51    4   -3    -54.    -23.   -0.15059E+17    0.77885E+16   -0.35623E+17   -0.40849E+17   -0.23618E+17   -0.23109E+17                0.7334
    51    4   -2    -53.    -24.   -0.15555E+17    0.56518E+16   -0.40242E+17   -0.41712E+17   -0.25505E+17   -0.25738E+17                0.7402
    51    4   -1    -52.    -24.   -0.15917E+17    0.34760E+16   -0.44460E+17   -0.42307E+17   -0.27260E+17   -0.28246E+17                0.7397
    51    4    0    -51.    -25.   -0.16142E+17    0.12820E+16   -0.48238E+17   -0.42626E+17   -0.28864E+17   -0.30605E+17                0.7319
    51    4    1    -49.    -26.   -0.16230E+17   -0.90839E+15   -0.51544E+17   -0.42662E+17   -0.30298E+17   -0.32786E+17                0.7169
    51    4    2    -48.    -26.   -0.16180E+17   -0.30749E+16   -0.54347E+17   -0.42417E+17   -0.31550E+17   -0.34772E+17                0.6952
    51    4    3    -46.    -27.   -0.15994E+17   -0.51968E+16   -0.56627E+17   -0.41886E+17   -0.32600E+17   -0.36534E+17                0.6673
    51    4    4    -44.    -28.   -0.15674E+17   -0.72534E+16   -0.58365E+17   -0.41072E+17   -0.33437E+17   -0.38053E+17                0.6340
    51    4    5    -43.    -28.   -0.15224E+17   -0.92257E+16   -0.59550E+17   -0.39978E+17   -0.34050E+17   -0.39309E+17                0.5963
    51    4    6    -41.    -29.   -0.14649E+17   -0.11096E+17   -0.60177E+17   -0.38611E+17   -0.34426E+17   -0.40284E+17                0.5552
    51    5   -6    -51.     -2.   -0.13808E+17    0.13021E+17   -0.17600E+17   -0.33203E+17   -0.13665E+17   -0.10556E+16                0.6773
    51    5   -5    -54.     -5.   -0.14719E+17    0.11684E+17   -0.22176E+17   -0.34500E+17   -0.15604E+17   -0.30420E+16                0.7029
    51    5   -4    -56.     -7.   -0.15504E+17    0.10244E+17   -0.26523E+17   -0.35583E+17   -0.17491E+17   -0.50707E+16                0.7228
    51    5   -3    -57.     -9.   -0.16155E+17    0.87135E+16   -0.30602E+17   -0.36440E+17   -0.19305E+17   -0.71194E+16                0.7361
    51    5   -2    -56.    -11.   -0.16667E+17    0.71078E+16   -0.34372E+17   -0.37065E+17   -0.21030E+17   -0.91698E+16                0.7425
    51    5   -1    -55.    -13.   -0.17036E+17    0.54426E+16   -0.37800E+17   -0.37448E+17   -0.22648E+17   -0.11198E+17                0.7417
    51    5    0    -54.    -14.   -0.17259E+17    0.37333E+16   -0.40853E+17   -0.37586E+17   -0.24143E+17   -0.13184E+17                0.7335
    51    5    1    -52.    -16.   -0.17334E+17    0.19962E+16   -0.43506E+17   -0.37474E+17   -0.25497E+17   -0.15107E+17                0.7182
    51    5    2    -50.    -17.   -0.17261E+17    0.24826E+15   -0.45736E+17   -0.37113E+17   -0.26695E+17   -0.16944E+17                0.6962
    51    5    3    -49.    -18.   -0.17043E+17   -0.14940E+16   -0.47525E+17   -0.36503E+17   -0.27725E+17   -0.18677E+17                0.6680
    51    5    4    -47.    -19.   -0.16681E+17   -0.32143E+16   -0.48859E+17   -0.35647E+17   -0.28573E+17   -0.20287E+17                0.6345
    51    5    5    -45.    -20.   -0.16182E+17   -0.48962E+16   -0.49732E+17   -0.34550E+17   -0.29228E+17   -0.21753E+17                0.5965
    51    5    6    -43.    -21.   -0.15549E+17   -0.65240E+16   -0.50139E+17   -0.33219E+17   -0.29680E+17   -0.23061E+17                0.5553
    51    6   -6    -29.     25.   -0.14635E+17    0.11402E+17   -0.14941E+17   -0.29072E+17   -0.93911E+16    0.12275E+17                0.6744
    51    6   -5    -35.     22.   -0.15595E+17    0.10481E+17   -0.18707E+17   -0.29999E+17   -0.11054E+17    0.11129E+17                0.6992
    51    6   -4    -39.     20.   -0.16421E+17    0.94679E+16   -0.22281E+17   -0.30737E+17   -0.12689E+17    0.98588E+16                0.7181
    51    6   -3    -43.     17.   -0.17107E+17    0.83727E+16   -0.25630E+17   -0.31278E+17   -0.14280E+17    0.84791E+16                0.7305
    51    6   -2    -46.     13.   -0.17645E+17    0.72054E+16   -0.28721E+17   -0.31616E+17   -0.15813E+17    0.70038E+16                0.7360
    51    6   -1    -49.      9.   -0.18032E+17    0.59775E+16   -0.31526E+17   -0.31748E+17   -0.17271E+17    0.54481E+16                0.7343
    51    6    0    -51.      6.   -0.18264E+17    0.47008E+16   -0.34020E+17   -0.31670E+17   -0.18639E+17    0.38283E+16                0.7254
    51    6    1    -52.      3.   -0.18340E+17    0.33874E+16   -0.36182E+17   -0.31383E+17   -0.19902E+17    0.21611E+16                0.7094
    51    6    2    -53.      1.   -0.18260E+17    0.20501E+16   -0.37992E+17   -0.30887E+17   -0.21047E+17    0.46418E+15                0.6869
    51    6    3    -51.     -2.   -0.18027E+17    0.70141E+15   -0.39437E+17   -0.30185E+17   -0.22061E+17   -0.12456E+16                0.6583
    51    6    4    -49.     -4.   -0.17642E+17   -0.64564E+15   -0.40506E+17   -0.29280E+17   -0.22931E+17   -0.29498E+16                0.6245
    51    6    5    -46.     -6.   -0.17111E+17   -0.19783E+16   -0.41193E+17   -0.28180E+17   -0.23647E+17   -0.46312E+16                0.5865
    51    6    6    -44.     -8.   -0.16439E+17   -0.32844E+16   -0.41496E+17   -0.26892E+17   -0.24200E+17   -0.62727E+16                0.5453
    52    3   -6     26.     -8.   -0.87067E+16    0.27453E+17    0.15787E+17   -0.42261E+17    0.89721E+16   -0.40608E+16                0.8557
    52    3   -5     24.    -17.   -0.10611E+17    0.19272E+17    0.66457E+15   -0.45979E+17    0.55876E+16   -0.88231E+16                0.8597
    52    3   -4     -2.    -20.   -0.12437E+17    0.10987E+17   -0.14437E+17   -0.49379E+17    0.20704E+16   -0.13614E+17                0.8594
    52    3   -3    -25.    -21.   -0.14168E+17    0.26843E+16   -0.29369E+17   -0.52425E+17   -0.15482E+16   -0.18390E+17                0.8547
    52    3   -2    -37.    -22.   -0.15784E+17   -0.55498E+16   -0.43992E+17   -0.55073E+17   -0.52229E+16   -0.23087E+17                0.8459
    52    3   -1    -41.    -22.   -0.17271E+17   -0.13626E+17   -0.58159E+17   -0.57294E+17   -0.89177E+16   -0.27656E+17                0.8329
    52    3    0    -41.    -22.   -0.18611E+17   -0.21460E+17   -0.71734E+17   -0.59053E+17   -0.12590E+17   -0.32042E+17                0.8160
    52    3    1    -39.    -22.   -0.19791E+17   -0.28966E+17   -0.84584E+17   -0.60322E+17   -0.16195E+17   -0.36186E+17                0.7955
    52    3    2    -37.    -22.   -0.20799E+17   -0.36072E+17   -0.96587E+17   -0.61085E+17   -0.19699E+17   -0.40049E+17                0.7720
    52    3    3    -35.    -22.   -0.21624E+17   -0.42701E+17   -0.10763E+18   -0.61320E+17   -0.23056E+17   -0.43577E+17                0.7459
    52    3    4    -33.    -22.   -0.22257E+17   -0.48782E+17   -0.11760E+18   -0.61015E+17   -0.26226E+17   -0.46722E+17                0.7178
    52    3    5    -31.    -22.   -0.22693E+17   -0.54260E+17   -0.12642E+18   -0.60171E+17   -0.29182E+17   -0.49458E+17                0.6884
    52    3    6    -29.    -22.   -0.22925E+17   -0.59078E+17   -0.13399E+18   -0.58785E+17   -0.31883E+17   -0.51743E+17                0.6583
    52    4   -6     64.      8.   -0.90416E+16    0.15476E+17    0.76842E+15   -0.42425E+17    0.15106E+17    0.39997E+16                0.8652
    52    4   -5     33.      0.   -0.10895E+17    0.93055E+16   -0.10825E+17   -0.45941E+17    0.11808E+17    0.13064E+15                0.8753
    52    4   -4     -4.     -7.   -0.12668E+17    0.30561E+16   -0.22333E+17   -0.49148E+17    0.83295E+16   -0.38218E+16                0.8800
    52    4   -3    -25.    -11.   -0.14342E+17   -0.32117E+16   -0.33648E+17   -0.52010E+17    0.47052E+16   -0.78163E+16                0.8791
    52    4   -2    -35.    -13.   -0.15901E+17   -0.94376E+16   -0.44664E+17   -0.54494E+17    0.97207E+15   -0.11812E+17                0.8725
    52    4   -1    -38.    -15.   -0.17327E+17   -0.15562E+17   -0.55282E+17   -0.56570E+17   -0.28297E+16   -0.15762E+17                0.8605
    52    4    0    -39.    -16.   -0.18608E+17   -0.21523E+17   -0.65399E+17   -0.58210E+17   -0.66614E+16   -0.19626E+17                0.8432
    52    4    1    -39.    -17.   -0.19729E+17   -0.27266E+17   -0.74925E+17   -0.59395E+17   -0.10483E+17   -0.23363E+17                0.8212
    52    4    2    -37.    -18.   -0.20678E+17   -0.32733E+17   -0.83770E+17   -0.60106E+17   -0.14255E+17   -0.26932E+17                0.7949
    52    4    3    -36.    -18.   -0.21447E+17   -0.37870E+17   -0.91854E+17   -0.60327E+17   -0.17934E+17   -0.30292E+17                0.7651
    52    4    4    -34.    -19.   -0.22025E+17   -0.42630E+17   -0.99106E+17   -0.60048E+17   -0.21479E+17   -0.33402E+17                0.7326
    52    4    5    -33.    -19.   -0.22410E+17   -0.46966E+17   -0.10546E+18   -0.59273E+17   -0.24858E+17   -0.36236E+17                0.6983
    52    4    6    -31.    -20.   -0.22596E+17   -0.50840E+17   -0.11086E+18   -0.58001E+17   -0.28033E+17   -0.38762E+17                0.6630
    52    5   -6     57.     18.   -0.98189E+16    0.70612E+16   -0.44450E+16   -0.44642E+17    0.17401E+17    0.10183E+17                0.8738
    52    5   -5     29.     13.   -0.11710E+17    0.20932E+16   -0.13895E+17   -0.47702E+17    0.14236E+17    0.76558E+16                0.8853
    52    5   -4      4.      9.   -0.13515E+17   -0.29041E+16   -0.23229E+17   -0.50429E+17    0.10880E+17    0.50261E+16                0.8900
    52    5   -3    -15.      4.   -0.15213E+17   -0.78854E+16   -0.32362E+17   -0.52790E+17    0.73716E+16    0.23234E+16                0.8878
    52    5   -2    -27.     -1.   -0.16789E+17   -0.12804E+17   -0.41210E+17   -0.54762E+17    0.37410E+16   -0.42838E+15                0.8786
    52    5   -1    -33.     -4.   -0.18226E+17   -0.17614E+17   -0.49693E+17   -0.56317E+17    0.27471E+14   -0.31985E+16                0.8627
    52    5    0    -35.     -6.   -0.19509E+17   -0.22272E+17   -0.57733E+17   -0.57439E+17   -0.37331E+16   -0.59604E+16                0.8405
    52    5    1    -36.     -8.   -0.20625E+17   -0.26733E+17   -0.65259E+17   -0.58111E+17   -0.75017E+16   -0.86853E+16                0.8127
    52    5    2    -36.     -9.   -0.21562E+17   -0.30956E+17   -0.72204E+17   -0.58321E+17   -0.11239E+17   -0.11345E+17                0.7800
    52    5    3    -35.    -10.   -0.22310E+17   -0.34903E+17   -0.78506E+17   -0.58062E+17   -0.14906E+17   -0.13912E+17                0.7434
    52    5    4    -34.    -11.   -0.22861E+17   -0.38534E+17   -0.84108E+17   -0.57330E+17   -0.18465E+17   -0.16361E+17                0.7040
    52    5    5    -33.    -12.   -0.23210E+17   -0.41820E+17   -0.88967E+17   -0.56134E+17   -0.21884E+17   -0.18672E+17                0.6628
    52    5    6    -32.    -13.   -0.23353E+17   -0.44726E+17   -0.93038E+17   -0.54474E+17   -0.25121E+17   -0.20816E+17                0.6212
    52    6   -6     48.     28.   -0.99732E+16    0.17720E+16   -0.73406E+16   -0.44415E+17    0.21241E+17    0.17834E+17                0.8728
    52    6   -5     29.     25.   -0.11856E+17   -0.18803E+16   -0.14907E+17   -0.46701E+17    0.18446E+17    0.16708E+17                0.8810
    52    6   -4     12.     23.   -0.13649E+17   -0.55146E+16   -0.22333E+17   -0.48643E+17    0.15441E+17    0.15444E+17                0.8814
    52    6   -3     -2.     20.   -0.15335E+17   -0.90991E+16   -0.29552E+17   -0.50222E+17    0.12252E+17    0.14052E+17                0.8738
    52    6   -2    -12.     17.   -0.16895E+17   -0.12599E+17   -0.36499E+17   -0.51416E+17    0.89116E+16    0.12545E+17                0.8584
    52    6   -1    -20.     14.   -0.18315E+17   -0.15983E+17   -0.43110E+17   -0.52210E+17    0.54529E+16    0.10939E+17                0.8356
    52    6    0    -25.     12.   -0.19579E+17   -0.19221E+17   -0.49327E+17   -0.52593E+17    0.19096E+16    0.92480E+16                0.8061
    52    6    1    -28.      9.   -0.20674E+17   -0.22282E+17   -0.55094E+17   -0.52556E+17   -0.16826E+16    0.74887E+16                0.7707
    52    6    2    -31.      6.   -0.21589E+17   -0.25138E+17   -0.60360E+17   -0.52096E+17   -0.52868E+16    0.56776E+16                0.7305
    52    6    3    -32.      4.   -0.22314E+17   -0.27761E+17   -0.65076E+17   -0.51210E+17   -0.88669E+16    0.38314E+16                0.6867
    52    6    4    -33.      2.   -0.22841E+17   -0.30132E+17   -0.69209E+17   -0.49908E+17   -0.12389E+17    0.19647E+16                0.6406
    52    6    5    -33.      0.   -0.23165E+17   -0.32225E+17   -0.72720E+17   -0.48193E+17   -0.15813E+17    0.97187E+14                0.5937
    52    6    6    -32.     -2.   -0.23282E+17   -0.34024E+17   -0.75582E+17   -0.46079E+17   -0.19108E+17   -0.17561E+16                0.5472
    53    3   -6    -33.    -23.   -0.10292E+17    0.15974E+17   -0.18819E+17   -0.35914E+17   -0.45730E+16   -0.15218E+17                0.6314
    53    3   -5    -41.    -24.   -0.11617E+17    0.13821E+17   -0.24797E+17   -0.38375E+17   -0.74608E+16   -0.18721E+17                0.6605
    53    3   -4    -47.    -25.   -0.12852E+17    0.11586E+17   -0.30538E+17   -0.40582E+17   -0.10359E+17   -0.22156E+17                0.6843
    53    3   -3    -50.    -26.   -0.13985E+17    0.92920E+16   -0.35991E+17   -0.42509E+17   -0.13238E+17   -0.25483E+17                0.7019
    53    3   -2    -51.    -27.   -0.15005E+17    0.69646E+16   -0.41106E+17   -0.44132E+17   -0.16065E+17   -0.28663E+17                0.7127
    53    3   -1    -51.    -27.   -0.15902E+17    0.46271E+16   -0.45837E+17   -0.45433E+17   -0.18809E+17   -0.31660E+17                0.7163
    53    3    0    -50.    -27.   -0.16668E+17    0.23039E+16   -0.50140E+17   -0.46396E+17   -0.21444E+17   -0.34444E+17                0.7125
    53    3    1    -48.    -28.   -0.17296E+17    0.18254E+14   -0.53977E+17   -0.47006E+17   -0.23941E+17   -0.36981E+17                0.7013
    53    3    2    -47.    -28.   -0.17779E+17   -0.22068E+16   -0.57317E+17   -0.47253E+17   -0.26270E+17   -0.39238E+17                0.6830
    53    3    3    -45.    -29.   -0.18114E+17   -0.43480E+16   -0.60128E+17   -0.47131E+17   -0.28406E+17   -0.41193E+17                0.6580
    53    3    4    -44.    -29.   -0.18296E+17   -0.63867E+16   -0.62391E+17   -0.46636E+17   -0.30327E+17   -0.42820E+17                0.6271
    53    3    5    -42.    -29.   -0.18326E+17   -0.83026E+16   -0.64086E+17   -0.45770E+17   -0.32010E+17   -0.44100E+17                0.5911
    53    3    6    -41.    -29.   -0.18203E+17   -0.10078E+17   -0.65203E+17   -0.44538E+17   -0.33437E+17   -0.45019E+17                0.5512
    53    4   -6    -27.    -11.   -0.10859E+17    0.13855E+17   -0.16815E+17   -0.34322E+17   -0.13249E+16   -0.57298E+16                0.6285
    53    4   -5    -38.    -14.   -0.12192E+17    0.11746E+17   -0.22027E+17   -0.36639E+17   -0.40485E+16   -0.83817E+16                0.6569
    53    4   -4    -44.    -16.   -0.13426E+17    0.95407E+16   -0.27042E+17   -0.38707E+17   -0.67973E+16   -0.11017E+17                0.6800
    53    4   -3    -47.    -17.   -0.14551E+17    0.72580E+16   -0.31817E+17   -0.40503E+17   -0.95396E+16   -0.13602E+17                0.6971
    53    4   -2    -49.    -18.   -0.15555E+17    0.49205E+16   -0.36309E+17   -0.42006E+17   -0.12249E+17   -0.16111E+17                0.7077
    53    4   -1    -49.    -19.   -0.16429E+17    0.25480E+16   -0.40479E+17   -0.43203E+17   -0.14901E+17   -0.18522E+17                0.7112
    53    4    0    -49.    -20.   -0.17165E+17    0.16451E+15   -0.44290E+17   -0.44076E+17   -0.17464E+17   -0.20805E+17                0.7076
    53    4    1    -48.    -21.   -0.17755E+17   -0.22090E+16   -0.47711E+17   -0.44617E+17   -0.19915E+17   -0.22939E+17                0.6969
    53    4    2    -46.    -22.   -0.18195E+17   -0.45498E+16   -0.50712E+17   -0.44818E+17   -0.22227E+17   -0.24901E+17                0.6793
    53    4    3    -45.    -22.   -0.18480E+17   -0.68361E+16   -0.53270E+17   -0.44672E+17   -0.24375E+17   -0.26669E+17                0.6553
    53    4    4    -43.    -23.   -0.18608E+17   -0.90473E+16   -0.55365E+17   -0.44179E+17   -0.26338E+17   -0.28224E+17                0.6256
    53    4    5    -42.    -23.   -0.18579E+17   -0.11163E+17   -0.56980E+17   -0.43342E+17   -0.28095E+17   -0.29552E+17                0.5911
    53    4    6    -40.    -24.   -0.18392E+17   -0.13163E+17   -0.58107E+17   -0.42163E+17   -0.29625E+17   -0.30635E+17                0.5528
    53    5   -6    -15.      4.   -0.11661E+17    0.11720E+17   -0.13102E+17   -0.34078E+17   -0.34960E+15    0.17708E+16                0.6272
    53    5   -5    -29.      0.   -0.13008E+17    0.99463E+16   -0.17570E+17   -0.36021E+17   -0.28168E+16    0.14519E+15                0.6539
    53    5   -4    -37.     -3.   -0.14251E+17    0.80835E+16   -0.21880E+17   -0.37710E+17   -0.53076E+16   -0.15014E+16                0.6751
    53    5   -3    -42.     -5.   -0.15376E+17    0.61480E+16   -0.25994E+17   -0.39127E+17   -0.77975E+16   -0.31528E+16                0.6900
    53    5   -2    -45.     -7.   -0.16374E+17    0.41572E+16   -0.29877E+17   -0.40259E+17   -0.10263E+17   -0.47928E+16                0.6982
    53    5   -1    -46.     -9.   -0.17234E+17    0.21288E+16   -0.33495E+17   -0.41092E+17   -0.12677E+17   -0.64036E+16                0.6993
    53    5    0    -47.    -10.   -0.17949E+17    0.80127E+14   -0.36819E+17   -0.41617E+17   -0.15019E+17   -0.79712E+16                0.6933
    53    5    1    -47.    -11.   -0.18511E+17   -0.19701E+16   -0.39820E+17   -0.41826E+17   -0.17261E+17   -0.94770E+16                0.6803
    53    5    2    -46.    -12.   -0.18916E+17   -0.40029E+16   -0.42475E+17   -0.41716E+17   -0.19383E+17   -0.10909E+17                0.6607
    53    5    3    -45.    -13.   -0.19159E+17   -0.60008E+16   -0.44762E+17   -0.41283E+17   -0.21361E+17   -0.12249E+17                0.6350
    53    5    4    -43.    -14.   -0.19239E+17   -0.79454E+16   -0.46664E+17   -0.40532E+17   -0.23176E+17   -0.13488E+17                0.6040
    53    5    5    -42.    -15.   -0.19155E+17   -0.98190E+16   -0.48168E+17   -0.39467E+17   -0.24808E+17   -0.14613E+17                0.5686
    53    5    6    -40.    -15.   -0.18909E+17   -0.11605E+17   -0.49264E+17   -0.38096E+17   -0.26241E+17   -0.15611E+17                0.5298
    53    6   -6      2.     23.   -0.12146E+17    0.95668E+16   -0.10755E+17   -0.31851E+17    0.25171E+16    0.10822E+17                0.6194
    53    6   -5     -9.     21.   -0.13498E+17    0.82484E+16   -0.14451E+17   -0.33325E+17    0.36575E+15    0.10179E+17                0.6432
    53    6   -4    -18.     19.   -0.14740E+17    0.68585E+16   -0.18014E+17   -0.34557E+17   -0.18265E+16    0.94562E+16                0.6613
    53    6   -3    -25.     17.   -0.15861E+17    0.54089E+16   -0.21414E+17   -0.35536E+17   -0.40383E+16    0.86618E+16                0.6729
    53    6   -2    -30.     15.   -0.16849E+17    0.39109E+16   -0.24622E+17   -0.36250E+17   -0.62490E+16    0.78016E+16                0.6778
    53    6   -1    -34.     13.   -0.17695E+17    0.23785E+16   -0.27611E+17   -0.36691E+17   -0.84346E+16    0.68869E+16                0.6757
    53    6    0    -37.     11.   -0.18391E+17    0.82503E+15   -0.30355E+17   -0.36852E+17   -0.10575E+17    0.59241E+16                0.6666
    53    6    1    -39.      8.   -0.18931E+17   -0.73587E+15   -0.32833E+17   -0.36732E+17   -0.12648E+17    0.49226E+16                0.6507
    53    6    2    -40.      6.   -0.19308E+17   -0.22906E+16   -0.35025E+17   -0.36328E+17   -0.14632E+17    0.38921E+16                0.6286
    53    6    3    -41.      4.   -0.19521E+17   -0.38245E+16   -0.36913E+17   -0.35643E+17   -0.16507E+17    0.28417E+16                0.6008
    53    6    4    -41.      3.   -0.19566E+17   -0.53248E+16   -0.38483E+17   -0.34682E+17   -0.18254E+17    0.17803E+16                0.5682
    53    6    5    -41.      1.   -0.19445E+17   -0.67773E+16   -0.39725E+17   -0.33451E+17   -0.19856E+17    0.71687E+15                0.5317
    53    6    6    -40.     -0.   -0.19158E+17   -0.81704E+16   -0.40632E+17   -0.31961E+17   -0.21296E+17   -0.33880E+15                0.4925
    54    3   -6    -14.    -26.   -0.97470E+16    0.18622E+17   -0.93724E+16   -0.39683E+17   -0.37189E+16   -0.17507E+17                0.6625
    54    3   -5    -25.    -27.   -0.10779E+17    0.15969E+17   -0.16187E+17   -0.41815E+17   -0.60824E+16   -0.20635E+17                0.6950
    54    3   -4    -34.    -28.   -0.11719E+17    0.13185E+17   -0.22844E+17   -0.43680E+17   -0.84835E+16   -0.23714E+17                0.7209
    54    3   -3    -41.    -28.   -0.12558E+17    0.10296E+17   -0.29283E+17   -0.45253E+17   -0.10896E+17   -0.26709E+17                0.7395
    54    3   -2    -45.    -28.   -0.13289E+17    0.73347E+16   -0.35437E+17   -0.46520E+17   -0.13299E+17   -0.29590E+17                0.7500
    54    3   -1    -48.    -28.   -0.13904E+17    0.43295E+16   -0.41251E+17   -0.47463E+17   -0.15666E+17   -0.32324E+17                0.7520
    54    3    0    -49.    -29.   -0.14397E+17    0.13130E+16   -0.46666E+17   -0.48068E+17   -0.17970E+17   -0.34878E+17                0.7454
    54    3    1    -49.    -29.   -0.14764E+17   -0.16858E+16   -0.51634E+17   -0.48329E+17   -0.20191E+17   -0.37226E+17                0.7303
    54    3    2    -48.    -29.   -0.15001E+17   -0.46334E+16   -0.56106E+17   -0.48234E+17   -0.22300E+17   -0.39336E+17                0.7071
    54    3    3    -47.    -29.   -0.15107E+17   -0.75010E+16   -0.60041E+17   -0.47783E+17   -0.24278E+17   -0.41185E+17                0.6766
    54    3    4    -45.    -29.   -0.15079E+17   -0.10258E+17   -0.63403E+17   -0.46973E+17   -0.26099E+17   -0.42745E+17                0.6396
    54    3    5    -44.    -29.   -0.14920E+17   -0.12878E+17   -0.66162E+17   -0.45809E+17   -0.27744E+17   -0.44000E+17                0.5972
    54    3    6    -42.    -29.   -0.14631E+17   -0.15335E+17   -0.68297E+17   -0.44294E+17   -0.29191E+17   -0.44927E+17                0.5509
    54    4   -6    -12.    -11.   -0.10019E+17    0.11510E+17   -0.14736E+17   -0.37518E+17    0.19355E+16   -0.55353E+16                0.6660
    54    4   -5    -25.    -14.   -0.11080E+17    0.97927E+16   -0.19850E+17   -0.39467E+17   -0.31084E+15   -0.78565E+16                0.7007
    54    4   -4    -35.    -15.   -0.12044E+17    0.79751E+16   -0.24782E+17   -0.41156E+17   -0.26244E+16   -0.10190E+17                0.7283
    54    4   -3    -41.    -17.   -0.12903E+17    0.60723E+16   -0.29484E+17   -0.42567E+17   -0.49855E+16   -0.12514E+17                0.7480
    54    4   -2    -45.    -18.   -0.13649E+17    0.41030E+16   -0.33915E+17   -0.43683E+17   -0.73676E+16   -0.14800E+17                0.7592
    54    4   -1    -48.    -19.   -0.14274E+17    0.20869E+16   -0.38031E+17   -0.44491E+17   -0.97478E+16   -0.17024E+17                0.7612
    54    4    0    -49.    -20.   -0.14772E+17    0.41665E+14   -0.41794E+17   -0.44984E+17   -0.12105E+17   -0.19168E+17                0.7541
    54    4    1    -49.    -21.   -0.15139E+17   -0.20114E+16   -0.45171E+17   -0.45150E+17   -0.14412E+17   -0.21202E+17                0.7380
    54    4    2    -49.    -21.   -0.15371E+17   -0.40526E+16   -0.48132E+17   -0.44985E+17   -0.16645E+17   -0.23105E+17                0.7133
    54    4    3    -48.    -22.   -0.15466E+17   -0.60625E+16   -0.50651E+17   -0.44489E+17   -0.18783E+17   -0.24857E+17                0.6809
    54    4    4    -47.    -23.   -0.15423E+17   -0.80203E+16   -0.52705E+17   -0.43661E+17   -0.20800E+17   -0.26437E+17                0.6417
    54    4    5    -46.    -23.   -0.15244E+17   -0.99063E+16   -0.54279E+17   -0.42507E+17   -0.22676E+17   -0.27826E+17                0.5970
    54    4    6    -44.    -24.   -0.14931E+17   -0.11703E+17   -0.55363E+17   -0.41033E+17   -0.24390E+17   -0.29009E+17                0.5482
    54    5   -6      0.      8.   -0.10218E+17    0.70201E+16   -0.14238E+17   -0.36674E+17    0.51296E+16    0.34868E+16                0.6699
    54    5   -5    -15.      5.   -0.11293E+17    0.59282E+16   -0.18235E+17   -0.38255E+17    0.30677E+16    0.20950E+16                0.7040
    54    5   -4    -27.      1.   -0.12270E+17    0.47662E+16   -0.22058E+17   -0.39574E+17    0.92229E+15    0.64402E+15                0.7305
    54    5   -3    -35.     -2.   -0.13140E+17    0.35446E+16   -0.25673E+17   -0.40616E+17   -0.12858E+16   -0.85000E+15                0.7486
    54    5   -2    -41.     -4.   -0.13892E+17    0.22744E+16   -0.29045E+17   -0.41370E+17   -0.35355E+16   -0.23716E+16                0.7576
    54    5   -1    -45.     -6.   -0.14522E+17    0.96686E+15   -0.32143E+17   -0.41827E+17   -0.58056E+16   -0.39053E+16                0.7573
    54    5    0    -47.     -8.   -0.15022E+17   -0.36571E+15   -0.34940E+17   -0.41982E+17   -0.80743E+16   -0.54363E+16                0.7474
    54    5    1    -49.     -9.   -0.15387E+17   -0.17110E+16   -0.37412E+17   -0.41829E+17   -0.10318E+17   -0.69465E+16                0.7284
    54    5    2    -49.    -10.   -0.15615E+17   -0.30558E+16   -0.39536E+17   -0.41368E+17   -0.12514E+17   -0.84210E+16                0.7008
    54    5    3    -49.    -12.   -0.15703E+17   -0.43873E+16   -0.41294E+17   -0.40601E+17   -0.14641E+17   -0.98447E+16                0.6654
    54    5    4    -49.    -13.   -0.15651E+17   -0.56919E+16   -0.42674E+17   -0.39531E+17   -0.16676E+17   -0.11200E+17                0.6233
    54    5    5    -48.    -14.   -0.15460E+17   -0.69580E+16   -0.43665E+17   -0.38166E+17   -0.18598E+17   -0.12475E+17                0.5760
    54    5    6    -47.    -15.   -0.15132E+17   -0.81725E+16   -0.44261E+17   -0.36518E+17   -0.20390E+17   -0.13657E+17                0.5249
    54    6   -6     14.     26.   -0.10345E+17    0.43700E+16   -0.12686E+17   -0.34627E+17    0.90351E+16    0.12755E+17                0.6673
    54    6   -5      2.     24.   -0.11439E+17    0.37552E+16   -0.15815E+17   -0.35748E+17    0.71961E+16    0.12273E+17                0.6989
    54    6   -4     -7.     23.   -0.12434E+17    0.30949E+16   -0.18790E+17   -0.36616E+17    0.52502E+16    0.11679E+17                0.7227
    54    6   -3    -16.     21.   -0.13318E+17    0.23946E+16   -0.21584E+17   -0.37221E+17    0.32157E+16    0.10979E+17                0.7379
    54    6   -2    -22.     19.   -0.14085E+17    0.16606E+16   -0.24172E+17   -0.37557E+17    0.11109E+16    0.10181E+17                0.7438
    54    6   -1    -28.     18.   -0.14726E+17    0.89977E+15   -0.26529E+17   -0.37616E+17   -0.10430E+16    0.92918E+16                0.7403
    54    6    0    -32.     16.   -0.15235E+17    0.11894E+15   -0.28635E+17   -0.37398E+17   -0.32258E+16    0.83225E+16                0.7274
    54    6    1    -36.     14.   -0.15607E+17   -0.67485E+15   -0.30471E+17   -0.36903E+17   -0.54172E+16    0.72807E+16                0.7056
    54    6    2    -40.     12.   -0.15839E+17   -0.14737E+16   -0.32022E+17   -0.36133E+17   -0.75942E+16    0.61788E+16                0.6754
    54    6    3    -43.      9.   -0.15929E+17   -0.22693E+16   -0.33274E+17   -0.35092E+17   -0.97353E+16    0.50274E+16                0.6377
    54    6    4    -45.      7.   -0.15877E+17   -0.30544E+16   -0.34219E+17   -0.33788E+17   -0.11819E+17    0.38376E+16                0.5939
    54    6    5    -47.      4.   -0.15684E+17   -0.38213E+16   -0.34851E+17   -0.32232E+17   -0.13826E+17    0.26204E+16                0.5453
    54    6    6    -48.      2.   -0.15352E+17   -0.45621E+16   -0.35167E+17   -0.30435E+17   -0.15734E+17    0.13876E+16                0.4935
    55    3   -6    -41.    -15.   -0.11263E+17    0.68828E+17   -0.39069E+17   -0.22214E+17   -0.11179E+17   -0.16113E+17                0.4266
    55    3   -5    -47.    -16.   -0.12972E+17    0.64032E+17   -0.39405E+17   -0.23440E+17   -0.12824E+17   -0.17144E+17                0.4512
    55    3   -4    -54.    -17.   -0.14582E+17    0.58585E+17   -0.39325E+17   -0.24521E+17   -0.14412E+17   -0.18098E+17                0.4769
    55    3   -3    -60.    -18.   -0.16075E+17    0.52533E+17   -0.38830E+17   -0.25451E+17   -0.15930E+17   -0.18973E+17                0.5029
    55    3   -2    -67.    -19.   -0.17436E+17    0.45932E+17   -0.37926E+17   -0.26224E+17   -0.17367E+17   -0.19765E+17                0.5286
    55    3   -1    -70.    -20.   -0.18651E+17    0.38842E+17   -0.36625E+17   -0.26837E+17   -0.18712E+17   -0.20473E+17                0.5532
    55    3    0    -65.    -22.   -0.19707E+17    0.31330E+17   -0.34941E+17   -0.27285E+17   -0.19955E+17   -0.21094E+17                0.5761
    55    3    1    -55.    -23.   -0.20591E+17    0.23469E+17   -0.32896E+17   -0.27567E+17   -0.21084E+17   -0.21626E+17                0.5966
    55    3    2    -43.    -25.   -0.21295E+17    0.15334E+17   -0.30512E+17   -0.27684E+17   -0.22094E+17   -0.22072E+17                0.6141
    55    3    3    -30.    -27.   -0.21811E+17    0.70057E+16   -0.27819E+17   -0.27632E+17   -0.22970E+17   -0.22422E+17                0.6281
    55    3    4    -19.    -28.   -0.22131E+17   -0.14340E+16   -0.24849E+17   -0.27415E+17   -0.23708E+17   -0.22682E+17                0.6381
    55    3    5    -11.    -29.   -0.22252E+17   -0.99008E+16   -0.21636E+17   -0.27037E+17   -0.24303E+17   -0.22850E+17                0.6438
    55    3    6     -9.    -28.   -0.22172E+17   -0.18309E+17   -0.18219E+17   -0.26500E+17   -0.24748E+17   -0.22927E+17                0.6451
    55    4   -6    -45.     -9.   -0.11976E+17    0.51560E+17   -0.25625E+17   -0.19098E+17   -0.78510E+16   -0.72432E+16                0.3888
    55    4   -5    -53.    -10.   -0.13757E+17    0.47529E+17   -0.25993E+17   -0.20034E+17   -0.92796E+16   -0.74952E+16                0.4181
    55    4   -4    -60.    -10.   -0.15433E+17    0.43016E+17   -0.26092E+17   -0.20844E+17   -0.10672E+17   -0.77244E+16                0.4490
    55    4   -3    -65.    -11.   -0.16986E+17    0.38064E+17   -0.25922E+17   -0.21523E+17   -0.12016E+17   -0.79322E+16                0.4808
    55    4   -2    -66.    -11.   -0.18400E+17    0.32717E+17   -0.25485E+17   -0.22067E+17   -0.13303E+17   -0.81209E+16                0.5125
    55    4   -1    -61.    -12.   -0.19660E+17    0.27024E+17   -0.24785E+17   -0.22474E+17   -0.14522E+17   -0.82925E+16                0.5431
    55    4    0    -51.    -13.   -0.20753E+17    0.21039E+17   -0.23834E+17   -0.22743E+17   -0.15663E+17   -0.84489E+16                0.5717
    55    4    1    -38.    -14.   -0.21666E+17    0.14820E+17   -0.22640E+17   -0.22874E+17   -0.16718E+17   -0.85932E+16                0.5974
    55    4    2    -24.    -15.   -0.22390E+17    0.84264E+16   -0.21220E+17   -0.22866E+17   -0.17678E+17   -0.87256E+16                0.6194
    55    4    3    -10.    -16.   -0.22915E+17    0.19210E+16   -0.19589E+17   -0.22722E+17   -0.18534E+17   -0.88490E+16                0.6370
    55    4    4      1.    -16.   -0.23237E+17   -0.46320E+16   -0.17767E+17   -0.22444E+17   -0.19280E+17   -0.89636E+16                0.6495
    55    4    5      7.    -16.   -0.23350E+17   -0.11168E+17   -0.15776E+17   -0.22035E+17   -0.19908E+17   -0.90710E+16                0.6565
    55    4    6      7.    -16.   -0.23252E+17   -0.17621E+17   -0.13639E+17   -0.21499E+17   -0.20413E+17   -0.91709E+16                0.6579
    55    5   -6    -50.     -3.   -0.12665E+17    0.40869E+17   -0.20000E+17   -0.17462E+17   -0.60353E+16   -0.19666E+16                0.3608
    55    5   -5    -58.     -3.   -0.14508E+17    0.37376E+17   -0.20364E+17   -0.18196E+17   -0.73229E+16   -0.16744E+16                0.3941
    55    5   -4    -63.     -2.   -0.16240E+17    0.33508E+17   -0.20521E+17   -0.18811E+17   -0.85842E+16   -0.13892E+16                0.4294
    55    5   -3    -64.     -2.   -0.17844E+17    0.29300E+17   -0.20469E+17   -0.19306E+17   -0.98095E+16   -0.11168E+16                0.4657
    55    5   -2    -59.     -2.   -0.19302E+17    0.24790E+17   -0.20211E+17   -0.19677E+17   -0.10989E+17   -0.86337E+15                0.5020
    55    5   -1    -50.     -1.   -0.20599E+17    0.20021E+17   -0.19749E+17   -0.19923E+17   -0.12114E+17   -0.63304E+15                0.5370
    55    5    0    -36.     -1.   -0.21722E+17    0.15037E+17   -0.19089E+17   -0.20045E+17   -0.13174E+17   -0.43147E+15                0.5696
    55    5    1    -21.     -1.   -0.22657E+17    0.98868E+16   -0.18239E+17   -0.20042E+17   -0.14162E+17   -0.26294E+15                0.5989
    55    5    2     -3.     -0.   -0.23395E+17    0.46191E+16   -0.17209E+17   -0.19918E+17   -0.15069E+17   -0.13236E+15                0.6237
    55    5    3     12.     -0.   -0.23927E+17   -0.71464E+15   -0.16012E+17   -0.19673E+17   -0.15886E+17   -0.42202E+14                0.6434
    55    5    4     23.      0.   -0.24246E+17   -0.60621E+16   -0.14662E+17   -0.19313E+17   -0.16609E+17    0.34510E+13                0.6571
    55    5    5     27.      0.   -0.24348E+17   -0.11371E+17   -0.13174E+17   -0.18838E+17   -0.17227E+17    0.48404E+13                0.6643
    55    5    6     25.     -0.   -0.24231E+17   -0.16588E+17   -0.11566E+17   -0.18256E+17   -0.17738E+17   -0.42031E+14                0.6649
    55    6   -6    -48.      6.   -0.13293E+17    0.31948E+17   -0.16074E+17   -0.15974E+17   -0.44215E+16    0.27145E+16                0.3450
    55    6   -5    -52.      8.   -0.15192E+17    0.29074E+17   -0.16395E+17   -0.16540E+17   -0.55860E+16    0.34756E+16                0.3809
    55    6   -4    -51.     10.   -0.16975E+17    0.25910E+17   -0.16551E+17   -0.16997E+17   -0.67346E+16    0.42017E+16                0.4190
    55    6   -3    -45.     12.   -0.18625E+17    0.22485E+17   -0.16541E+17   -0.17341E+17   -0.78579E+16    0.48844E+16                0.4580
    55    6   -2    -37.     14.   -0.20124E+17    0.18831E+17   -0.16366E+17   -0.17573E+17   -0.89471E+16    0.55149E+16                0.4969
    55    6   -1    -25.     15.   -0.21455E+17    0.14982E+17   -0.16027E+17   -0.17692E+17   -0.99935E+16    0.60853E+16                0.5343
    55    6    0    -12.     15.   -0.22605E+17    0.10975E+17   -0.15530E+17   -0.17699E+17   -0.10988E+17    0.65885E+16                0.5691
    55    6    1      3.     15.   -0.23561E+17    0.68463E+16   -0.14879E+17   -0.17595E+17   -0.11923E+17    0.70179E+16                0.6001
    55    6    2     17.     15.   -0.24313E+17    0.26370E+16   -0.14084E+17   -0.17383E+17   -0.12790E+17    0.73670E+16                0.6263
    55    6    3     28.     15.   -0.24851E+17   -0.16123E+16   -0.13153E+17   -0.17066E+17   -0.13581E+17    0.76310E+16                0.6467
    55    6    4     35.     15.   -0.25168E+17   -0.58602E+16   -0.12097E+17   -0.16648E+17   -0.14290E+17    0.78055E+16                0.6606
    55    6    5     38.     15.   -0.25261E+17   -0.10065E+17   -0.10928E+17   -0.16133E+17   -0.14910E+17    0.78877E+16                0.6675
    55    6    6     35.     15.   -0.25128E+17   -0.14186E+17   -0.96604E+16   -0.15526E+17   -0.15435E+17    0.78754E+16                0.6671
    56    3   -6    -15.    -20.   -0.11834E+17    0.24043E+17   -0.10550E+17   -0.40142E+17   -0.34775E+16   -0.13510E+17                0.6992
    56    3   -5    -28.    -22.   -0.12954E+17    0.20325E+17   -0.18254E+17   -0.42488E+17   -0.61728E+16   -0.17187E+17                0.7243
    56    3   -4    -38.    -24.   -0.13964E+17    0.16447E+17   -0.25766E+17   -0.44559E+17   -0.89018E+16   -0.20838E+17                0.7429
    56    3   -3    -44.    -25.   -0.14855E+17    0.12450E+17   -0.33015E+17   -0.46332E+17   -0.11640E+17   -0.24429E+17                0.7542
    56    3   -2    -48.    -26.   -0.15617E+17    0.83730E+16   -0.39929E+17   -0.47784E+17   -0.14356E+17   -0.27917E+17                0.7577
    56    3   -1    -50.    -26.   -0.16243E+17    0.42578E+16   -0.46444E+17   -0.48903E+17   -0.17028E+17   -0.31274E+17                0.7534
    56    3    0    -49.    -27.   -0.16727E+17    0.14737E+15   -0.52500E+17   -0.49667E+17   -0.19621E+17   -0.34453E+17                0.7411
    56    3    1    -48.    -27.   -0.17063E+17   -0.39178E+16   -0.58040E+17   -0.50068E+17   -0.22113E+17   -0.37426E+17                0.7212
    56    3    2    -46.    -28.   -0.17247E+17   -0.78951E+16   -0.63013E+17   -0.50093E+17   -0.24471E+17   -0.40152E+17                0.6942
    56    3    3    -44.    -28.   -0.17279E+17   -0.11746E+17   -0.67374E+17   -0.49741E+17   -0.26673E+17   -0.42605E+17                0.6609
    56    3    4    -42.    -28.   -0.17157E+17   -0.15429E+17   -0.71084E+17   -0.49005E+17   -0.28692E+17   -0.44751E+17                0.6222
    56    3    5    -40.    -29.   -0.16882E+17   -0.18909E+17   -0.74113E+17   -0.47885E+17   -0.30502E+17   -0.46561E+17                0.5793
    56    3    6    -38.    -29.   -0.16459E+17   -0.22154E+17   -0.76436E+17   -0.46395E+17   -0.32090E+17   -0.48023E+17                0.5335
    56    4   -6    -18.     -8.   -0.12794E+17    0.19236E+17   -0.16002E+17   -0.38969E+17    0.81759E+14   -0.41930E+16                0.7081
    56    4   -5    -30.    -11.   -0.13902E+17    0.16686E+17   -0.21146E+17   -0.41133E+17   -0.24797E+16   -0.69127E+16                0.7352
    56    4   -4    -38.    -13.   -0.14891E+17    0.13983E+17   -0.26081E+17   -0.43020E+17   -0.50879E+16   -0.96463E+16                0.7548
    56    4   -3    -43.    -15.   -0.15751E+17    0.11151E+17   -0.30763E+17   -0.44612E+17   -0.77171E+16   -0.12366E+17                0.7663
    56    4   -2    -46.    -17.   -0.16473E+17    0.82175E+16   -0.35148E+17   -0.45892E+17   -0.10345E+17   -0.15049E+17                0.7691
    56    4   -1    -48.    -18.   -0.17049E+17    0.52102E+16   -0.39195E+17   -0.46844E+17   -0.12942E+17   -0.17663E+17                0.7632
    56    4    0    -48.    -20.   -0.17474E+17    0.21578E+16   -0.42870E+17   -0.47456E+17   -0.15484E+17   -0.20185E+17                0.7486
    56    4    1    -48.    -21.   -0.17743E+17   -0.91075E+15   -0.46139E+17   -0.47715E+17   -0.17942E+17   -0.22582E+17                0.7257
    56    4    2    -47.    -22.   -0.17852E+17   -0.39641E+16   -0.48973E+17   -0.47618E+17   -0.20291E+17   -0.24834E+17                0.6952
    56    4    3    -45.    -23.   -0.17802E+17   -0.69745E+16   -0.51351E+17   -0.47162E+17   -0.22508E+17   -0.26914E+17                0.6580
    56    4    4    -44.    -23.   -0.17593E+17   -0.99111E+16   -0.53252E+17   -0.46346E+17   -0.24569E+17   -0.28801E+17                0.6153
    56    4    5    -43.    -24.   -0.17226E+17   -0.12747E+17   -0.54663E+17   -0.45175E+17   -0.26450E+17   -0.30474E+17                0.5683
    56    4    6    -41.    -25.   -0.16706E+17   -0.15454E+17   -0.55575E+17   -0.43656E+17   -0.28134E+17   -0.31917E+17                0.5186
    56    5   -6    -10.      7.   -0.13439E+17    0.15142E+17   -0.15052E+17   -0.39031E+17    0.18078E+16    0.34702E+16                0.7114
    56    5   -5    -22.      4.   -0.14539E+17    0.13339E+17   -0.18828E+17   -0.40775E+17   -0.46498E+15    0.18696E+16                0.7383
    56    5   -4    -31.      0.   -0.15513E+17    0.11407E+17   -0.22414E+17   -0.42235E+17   -0.27882E+16    0.21826E+15                0.7570
    56    5   -3    -37.     -2.   -0.16353E+17    0.93637E+16   -0.25778E+17   -0.43397E+17   -0.51400E+16   -0.14675E+16                0.7669
    56    5   -2    -41.     -5.   -0.17048E+17    0.72271E+16   -0.28888E+17   -0.44245E+17   -0.74964E+16   -0.31696E+16                0.7676
    56    5   -1    -43.     -7.   -0.17592E+17    0.50166E+16   -0.31717E+17   -0.44770E+17   -0.98353E+16   -0.48723E+16                0.7590
    56    5    0    -45.     -8.   -0.17978E+17    0.27533E+16   -0.34240E+17   -0.44964E+17   -0.12134E+17   -0.65594E+16                0.7412
    56    5    1    -46.    -10.   -0.18204E+17    0.45808E+15   -0.36436E+17   -0.44824E+17   -0.14370E+17   -0.82143E+16                0.7149
    56    5    2    -46.    -11.   -0.18265E+17   -0.18470E+16   -0.38285E+17   -0.44345E+17   -0.16518E+17   -0.98181E+16                0.6807
    56    5    3    -45.    -13.   -0.18163E+17   -0.41406E+16   -0.39775E+17   -0.43532E+17   -0.18559E+17   -0.11357E+17                0.6399
    56    5    4    -45.    -14.   -0.17897E+17   -0.64003E+16   -0.40894E+17   -0.42389E+17   -0.20472E+17   -0.12817E+17                0.5935
    56    5    5    -44.    -15.   -0.17470E+17   -0.86047E+16   -0.41636E+17   -0.40920E+17   -0.22234E+17   -0.14179E+17                0.5432
    56    5    6    -43.    -16.   -0.16886E+17   -0.10732E+17   -0.41998E+17   -0.39139E+17   -0.23829E+17   -0.15433E+17                0.4905
    56    6   -6      5.     23.   -0.13876E+17    0.11792E+17   -0.13166E+17   -0.37130E+17    0.50649E+16    0.12801E+17                0.7065
    56    6   -5     -4.     22.   -0.14983E+17    0.10646E+17   -0.16045E+17   -0.38355E+17    0.31149E+16    0.12224E+17                0.7315
    56    6   -4    -12.     20.   -0.15960E+17    0.94009E+16   -0.18761E+17   -0.39304E+17    0.10961E+16    0.11539E+17                0.7479
    56    6   -3    -18.     19.   -0.16798E+17    0.80669E+16   -0.21288E+17   -0.39966E+17   -0.97273E+15    0.10755E+17                0.7551
    56    6   -2    -23.     17.   -0.17487E+17    0.66561E+16   -0.23601E+17   -0.40335E+17   -0.30724E+16    0.98788E+16                0.7529
    56    6   -1    -28.     16.   -0.18021E+17    0.51810E+16   -0.25683E+17   -0.40403E+17   -0.51828E+16    0.89172E+16                0.7412
    56    6    0    -31.     14.   -0.18394E+17    0.36555E+16   -0.27513E+17   -0.40167E+17   -0.72825E+16    0.78808E+16                0.7203
    56    6    1    -34.     12.   -0.18601E+17    0.20943E+16   -0.29077E+17   -0.39627E+17   -0.93519E+16    0.67779E+16                0.6908
    56    6    2    -37.     10.   -0.18640E+17    0.51139E+15   -0.30362E+17   -0.38786E+17   -0.11370E+17    0.56191E+16                0.6537
    56    6    3    -39.      7.   -0.18512E+17   -0.10782E+16   -0.31359E+17   -0.37650E+17   -0.13318E+17    0.44141E+16                0.6101
    56    6    4    -41.      5.   -0.18217E+17   -0.26591E+16   -0.32061E+17   -0.36226E+17   -0.15175E+17    0.31744E+16                0.5614
    56    6    5    -42.      3.   -0.17757E+17   -0.42163E+16   -0.32465E+17   -0.34524E+17   -0.16923E+17    0.19110E+16                0.5091
    56    6    6    -43.      1.   -0.17139E+17   -0.57350E+16   -0.32571E+17   -0.32559E+17   -0.18543E+17    0.63551E+15                0.4550
    57    3   -6    -44.    -20.   -0.97718E+16    0.13559E+17   -0.26457E+17   -0.34816E+17   -0.65436E+15   -0.13124E+17                0.6169
    57    3   -5    -50.    -22.   -0.11203E+17    0.11738E+17   -0.32303E+17   -0.37611E+17   -0.35394E+16   -0.16886E+17                0.6567
    57    3   -4    -54.    -23.   -0.12550E+17    0.98578E+16   -0.37851E+17   -0.40164E+17   -0.64715E+16   -0.20603E+17                0.6909
    57    3   -3    -55.    -24.   -0.13798E+17    0.79385E+16   -0.43049E+17   -0.42443E+17   -0.94176E+16   -0.24230E+17                0.7183
    57    3   -2    -54.    -25.   -0.14935E+17    0.59991E+16   -0.47846E+17   -0.44429E+17   -0.12354E+17   -0.27737E+17                0.7379
    57    3   -1    -53.    -26.   -0.15952E+17    0.40597E+16   -0.52198E+17   -0.46098E+17   -0.15250E+17   -0.31086E+17                0.7491
    57    3    0    -51.    -27.   -0.16838E+17    0.21409E+16   -0.56065E+17   -0.47429E+17   -0.18074E+17   -0.34235E+17                0.7514
    57    3    1    -50.    -27.   -0.17585E+17    0.26112E+15   -0.59412E+17   -0.48403E+17   -0.20796E+17   -0.37149E+17                0.7446
    57    3    2    -48.    -28.   -0.18186E+17   -0.15612E+16   -0.62208E+17   -0.49014E+17   -0.23393E+17   -0.39803E+17                0.7289
    57    3    3    -47.    -28.   -0.18634E+17   -0.33084E+16   -0.64428E+17   -0.49247E+17   -0.25834E+17   -0.42162E+17                0.7046
    57    3    4    -45.    -29.   -0.18927E+17   -0.49635E+16   -0.66056E+17   -0.49096E+17   -0.28094E+17   -0.44199E+17                0.6726
    57    3    5    -44.    -29.   -0.19061E+17   -0.65113E+16   -0.67080E+17   -0.48558E+17   -0.30146E+17   -0.45889E+17                0.6336
    57    3    6    -42.    -30.   -0.19036E+17   -0.79386E+16   -0.67491E+17   -0.47638E+17   -0.31974E+17   -0.47217E+17                0.5891
    57    4   -6    -40.    -10.   -0.10514E+17    0.12519E+17   -0.23738E+17   -0.34236E+17    0.17681E+16   -0.56473E+16                0.6188
    57    4   -5    -47.    -13.   -0.11990E+17    0.10737E+17   -0.29042E+17   -0.36918E+17   -0.94859E+15   -0.85529E+16                0.6589
    57    4   -4    -51.    -15.   -0.13372E+17    0.88695E+16   -0.34095E+17   -0.39352E+17   -0.37159E+16   -0.11444E+17                0.6936
    57    4   -3    -53.    -17.   -0.14645E+17    0.69310E+16   -0.38853E+17   -0.41515E+17   -0.65082E+16   -0.14293E+17                0.7216
    57    4   -2    -53.    -18.   -0.15798E+17    0.49380E+16   -0.43272E+17   -0.43383E+17   -0.92979E+16   -0.17070E+17                0.7421
    57    4   -1    -52.    -19.   -0.16819E+17    0.29095E+16   -0.47312E+17   -0.44938E+17   -0.12059E+17   -0.19748E+17                0.7543
    57    4    0    -51.    -20.   -0.17699E+17    0.86326E+15   -0.50938E+17   -0.46161E+17   -0.14763E+17   -0.22297E+17                0.7577
    57    4    1    -49.    -21.   -0.18429E+17   -0.11825E+16   -0.54117E+17   -0.47038E+17   -0.17384E+17   -0.24691E+17                0.7522
    57    4    2    -48.    -22.   -0.19003E+17   -0.32097E+16   -0.56823E+17   -0.47560E+17   -0.19896E+17   -0.26908E+17                0.7379
    57    4    3    -46.    -23.   -0.19414E+17   -0.51989E+16   -0.59033E+17   -0.47713E+17   -0.22270E+17   -0.28917E+17                0.7151
    57    4    4    -45.    -23.   -0.19660E+17   -0.71342E+16   -0.60731E+17   -0.47501E+17   -0.24488E+17   -0.30707E+17                0.6845
    57    4    5    -43.    -24.   -0.19738E+17   -0.89964E+16   -0.61901E+17   -0.46917E+17   -0.26522E+17   -0.32251E+17                0.6470
    57    4    6    -42.    -24.   -0.19648E+17   -0.10770E+17   -0.62538E+17   -0.45967E+17   -0.28355E+17   -0.33537E+17                0.6039
    57    5   -6    -27.      3.   -0.11309E+17    0.10820E+17   -0.19335E+17   -0.34142E+17    0.26565E+16    0.12917E+16                0.6178
    57    5   -5    -39.     -1.   -0.12825E+17    0.93807E+16   -0.23911E+17   -0.36429E+17    0.21184E+15   -0.49437E+15                0.6563
    57    5   -4    -45.     -4.   -0.14237E+17    0.78589E+16   -0.28279E+17   -0.38462E+17   -0.22810E+16   -0.22999E+16                0.6891
    57    5   -3    -48.     -6.   -0.15534E+17    0.62656E+16   -0.32403E+17   -0.40225E+17   -0.48027E+16   -0.41111E+16                0.7152
    57    5   -2    -50.     -8.   -0.16703E+17    0.46149E+16   -0.36245E+17   -0.41695E+17   -0.73264E+16   -0.59070E+16                0.7336
    57    5   -1    -50.    -10.   -0.17731E+17    0.29205E+16   -0.39770E+17   -0.42860E+17   -0.98300E+16   -0.76719E+16                0.7436
    57    5    0    -50.    -11.   -0.18610E+17    0.11968E+16   -0.42948E+17   -0.43704E+17   -0.12287E+17   -0.93843E+16                0.7450
    57    5    1    -49.    -12.   -0.19330E+17   -0.54243E+15   -0.45752E+17   -0.44218E+17   -0.14674E+17   -0.11030E+17                0.7375
    57    5    2    -48.    -13.   -0.19886E+17   -0.22809E+16   -0.48159E+17   -0.44395E+17   -0.16968E+17   -0.12590E+17                0.7214
    57    5    3    -47.    -14.   -0.20271E+17   -0.40043E+16   -0.50149E+17   -0.44231E+17   -0.19146E+17   -0.14051E+17                0.6971
    57    5    4    -45.    -15.   -0.20482E+17   -0.56981E+16   -0.51709E+17   -0.43725E+17   -0.21186E+17   -0.15397E+17                0.6654
    57    5    5    -44.    -16.   -0.20517E+17   -0.73469E+16   -0.52825E+17   -0.42879E+17   -0.23068E+17   -0.16615E+17                0.6271
    57    5    6    -42.    -16.   -0.20377E+17   -0.89370E+16   -0.53492E+17   -0.41701E+17   -0.24773E+17   -0.17693E+17                0.5836
    57    6   -6     -8.     22.   -0.11772E+17    0.87216E+16   -0.15935E+17   -0.31996E+17    0.54844E+16    0.10053E+17                0.6102
    57    6   -5    -18.     20.   -0.13310E+17    0.76997E+16   -0.19718E+17   -0.33788E+17    0.33644E+16    0.93504E+16                0.6458
    57    6   -4    -26.     17.   -0.14742E+17    0.66106E+16   -0.23328E+17   -0.35339E+17    0.11780E+16    0.85713E+16                0.6754
    57    6   -3    -32.     15.   -0.16053E+17    0.54631E+16   -0.26734E+17   -0.36634E+17   -0.10553E+16    0.77236E+16                0.6981
    57    6   -2    -36.     13.   -0.17230E+17    0.42672E+16   -0.29904E+17   -0.37658E+17   -0.33138E+16    0.68160E+16                0.7131
    57    6   -1    -39.     11.   -0.18263E+17    0.30314E+16   -0.32811E+17   -0.38400E+17   -0.55762E+16    0.58583E+16                0.7198
    57    6    0    -42.      8.   -0.19140E+17    0.17669E+16   -0.35431E+17   -0.38851E+17   -0.78204E+16    0.48596E+16                0.7179
    57    6    1    -43.      6.   -0.19854E+17    0.48372E+15   -0.37741E+17   -0.39006E+17   -0.10025E+17    0.38298E+16                0.7076
    57    6    2    -44.      4.   -0.20397E+17   -0.80710E+15   -0.39723E+17   -0.38859E+17   -0.12168E+17    0.27789E+16                0.6889
    57    6    3    -45.      2.   -0.20766E+17   -0.20948E+16   -0.41360E+17   -0.38412E+17   -0.14229E+17    0.17157E+16                0.6626
    57    6    4    -45.      1.   -0.20955E+17   -0.33682E+16   -0.42639E+17   -0.37665E+17   -0.16186E+17    0.65177E+15                0.6293
    57    6    5    -44.     -1.   -0.20965E+17   -0.46166E+16   -0.43554E+17   -0.36624E+17   -0.18023E+17   -0.40495E+15                0.5901
    57    6    6    -42.     -2.   -0.20794E+17   -0.58287E+16   -0.44097E+17   -0.35298E+17   -0.19719E+17   -0.14437E+16                0.5461
    58    3   -6    -40.    -26.   -0.12356E+17   -0.65490E+15   -0.26420E+17   -0.25882E+17   -0.14473E+17   -0.17809E+17                0.5387
    58    3   -5    -38.    -27.   -0.13228E+17   -0.24985E+16   -0.27590E+17   -0.27482E+17   -0.16533E+17   -0.19905E+17                0.5927
    58    3   -4    -36.    -27.   -0.13987E+17   -0.43506E+16   -0.28469E+17   -0.28896E+17   -0.18498E+17   -0.21888E+17                0.6412
    58    3   -3    -34.    -28.   -0.14627E+17   -0.61927E+16   -0.29050E+17   -0.30113E+17   -0.20353E+17   -0.23742E+17                0.6827
    58    3   -2    -33.    -29.   -0.15141E+17   -0.80055E+16   -0.29328E+17   -0.31123E+17   -0.22079E+17   -0.25450E+17                0.7157
    58    3   -1    -32.    -29.   -0.15525E+17   -0.97708E+16   -0.29304E+17   -0.31915E+17   -0.23656E+17   -0.26993E+17                0.7392
    58    3    0    -32.    -30.   -0.15775E+17   -0.11469E+17   -0.28978E+17   -0.32481E+17   -0.25069E+17   -0.28355E+17                0.7524
    58    3    1    -31.    -30.   -0.15889E+17   -0.13084E+17   -0.28358E+17   -0.32818E+17   -0.26305E+17   -0.29527E+17                0.7549
    58    3    2    -31.    -31.   -0.15866E+17   -0.14596E+17   -0.27454E+17   -0.32919E+17   -0.27347E+17   -0.30491E+17                0.7465
    58    3    3    -31.    -31.   -0.15707E+17   -0.15991E+17   -0.26279E+17   -0.32784E+17   -0.28186E+17   -0.31240E+17                0.7277
    58    3    4    -31.    -31.   -0.15413E+17   -0.17252E+17   -0.24847E+17   -0.32415E+17   -0.28813E+17   -0.31767E+17                0.6989
    58    3    5    -31.    -32.   -0.14989E+17   -0.18367E+17   -0.23178E+17   -0.31812E+17   -0.29218E+17   -0.32063E+17                0.6612
    58    3    6    -32.    -32.   -0.14437E+17   -0.19322E+17   -0.21292E+17   -0.30981E+17   -0.29398E+17   -0.32126E+17                0.6157
    58    4   -6    -24.    -11.   -0.13365E+17   -0.28036E+16   -0.18712E+17   -0.20700E+17   -0.90684E+16   -0.44591E+16                0.5212
    58    4   -5    -23.    -12.   -0.14297E+17   -0.42243E+16   -0.19839E+17   -0.22043E+17   -0.10884E+17   -0.56913E+16                0.5761
    58    4   -4    -22.    -14.   -0.15109E+17   -0.56263E+16   -0.20764E+17   -0.23236E+17   -0.12642E+17   -0.69013E+16                0.6259
    58    4   -3    -22.    -15.   -0.15792E+17   -0.69954E+16   -0.21480E+17   -0.24267E+17   -0.14324E+17   -0.80765E+16                0.6692
    58    4   -2    -21.    -16.   -0.16340E+17   -0.83174E+16   -0.21981E+17   -0.25129E+17   -0.15916E+17   -0.92077E+16                0.7045
    58    4   -1    -21.    -17.   -0.16748E+17   -0.95786E+16   -0.22265E+17   -0.25814E+17   -0.17401E+17   -0.10284E+17                0.7305
    58    4    0    -21.    -18.   -0.17012E+17   -0.10766E+17   -0.22331E+17   -0.26317E+17   -0.18767E+17   -0.11298E+17                0.7465
    58    4    1    -22.    -19.   -0.17130E+17   -0.11867E+17   -0.22181E+17   -0.26634E+17   -0.19997E+17   -0.12238E+17                0.7520
    58    4    2    -22.    -19.   -0.17101E+17   -0.12870E+17   -0.21819E+17   -0.26761E+17   -0.21080E+17   -0.13097E+17                0.7467
    58    4    3    -23.    -20.   -0.16926E+17   -0.13764E+17   -0.21254E+17   -0.26697E+17   -0.22004E+17   -0.13867E+17                0.7308
    58    4    4    -24.    -21.   -0.16606E+17   -0.14540E+17   -0.20492E+17   -0.26445E+17   -0.22763E+17   -0.14542E+17                0.7048
    58    4    5    -25.    -21.   -0.16146E+17   -0.15189E+17   -0.19545E+17   -0.26006E+17   -0.23345E+17   -0.15116E+17                0.6696
    58    4    6    -26.    -22.   -0.15549E+17   -0.15705E+17   -0.18426E+17   -0.25385E+17   -0.23746E+17   -0.15585E+17                0.6264
    58    5   -6     -8.      5.   -0.14258E+17   -0.26434E+16   -0.14368E+17   -0.19166E+17   -0.74375E+16    0.17572E+16                0.5204
    58    5   -5     -8.      4.   -0.15240E+17   -0.37549E+16   -0.15398E+17   -0.20219E+17   -0.89817E+16    0.12466E+16                0.5753
    58    5   -4     -8.      2.   -0.16093E+17   -0.48463E+16   -0.16273E+17   -0.21131E+17   -0.10478E+17    0.71797E+15                0.6252
    58    5   -3     -9.      0.   -0.16810E+17   -0.59068E+16   -0.16988E+17   -0.21896E+17   -0.11913E+17    0.17395E+15                0.6685
    58    5   -2     -9.     -1.   -0.17384E+17   -0.69253E+16   -0.17536E+17   -0.22506E+17   -0.13273E+17   -0.37952E+15                0.7038
    58    5   -1    -10.     -2.   -0.17809E+17   -0.78912E+16   -0.17915E+17   -0.22957E+17   -0.14543E+17   -0.93720E+15                0.7298
    58    5    0    -11.     -3.   -0.18082E+17   -0.87943E+16   -0.18123E+17   -0.23245E+17   -0.15710E+17   -0.14948E+16                0.7458
    58    5    1    -11.     -4.   -0.18201E+17   -0.96252E+16   -0.18161E+17   -0.23367E+17   -0.16762E+17   -0.20464E+16                0.7512
    58    5    2    -12.     -5.   -0.18163E+17   -0.10375E+17   -0.18030E+17   -0.23324E+17   -0.17690E+17   -0.25888E+16                0.7457
    58    5    3    -13.     -6.   -0.17971E+17   -0.11036E+17   -0.17735E+17   -0.23114E+17   -0.18483E+17   -0.31164E+16                0.7297
    58    5    4    -14.     -7.   -0.17626E+17   -0.11601E+17   -0.17281E+17   -0.22740E+17   -0.19132E+17   -0.36247E+16                0.7035
    58    5    5    -16.     -8.   -0.17132E+17   -0.12064E+17   -0.16675E+17   -0.22206E+17   -0.19631E+17   -0.41107E+16                0.6680
    58    5    6    -17.     -9.   -0.16494E+17   -0.12420E+17   -0.15927E+17   -0.21516E+17   -0.19975E+17   -0.45700E+16                0.6244
    58    6   -6     10.     21.   -0.14994E+17   -0.22574E+16   -0.11319E+17   -0.17339E+17   -0.55488E+16    0.76873E+16                0.5160
    58    6   -5     10.     20.   -0.16014E+17   -0.31272E+16   -0.12201E+17   -0.18185E+17   -0.69066E+16    0.77331E+16                0.5707
    58    6   -4      9.     19.   -0.16899E+17   -0.39799E+16   -0.12962E+17   -0.18905E+17   -0.82305E+16    0.77191E+16                0.6204
    58    6   -3      9.     18.   -0.17642E+17   -0.48068E+16   -0.13598E+17   -0.19491E+17   -0.95068E+16    0.76458E+16                0.6635
    58    6   -2      8.     17.   -0.18234E+17   -0.55993E+16   -0.14103E+17   -0.19940E+17   -0.10723E+17    0.75138E+16                0.6987
    58    6   -1      7.     16.   -0.18672E+17   -0.63491E+16   -0.14475E+17   -0.20246E+17   -0.11866E+17    0.73242E+16                0.7248
    58    6    0      6.     15.   -0.18949E+17   -0.70484E+16   -0.14711E+17   -0.20408E+17   -0.12925E+17    0.70784E+16                0.7409
    58    6    1      5.     15.   -0.19065E+17   -0.76896E+16   -0.14812E+17   -0.20425E+17   -0.13889E+17    0.67777E+16                0.7464
    58    6    2      4.     14.   -0.19019E+17   -0.82659E+16   -0.14777E+17   -0.20297E+17   -0.14747E+17    0.64250E+16                0.7412
    58    6    3      2.     13.   -0.18811E+17   -0.87712E+16   -0.14611E+17   -0.20024E+17   -0.15490E+17    0.60225E+16                0.7254
    58    6    4      1.     12.   -0.18443E+17   -0.91999E+16   -0.14317E+17   -0.19610E+17   -0.16112E+17    0.55734E+16                0.6995
    58    6    5     -1.     11.   -0.17919E+17   -0.95475E+16   -0.13899E+17   -0.19059E+17   -0.16604E+17    0.50809E+16                0.6644
    58    6    6     -3.     11.   -0.17245E+17   -0.98101E+16   -0.13365E+17   -0.18376E+17   -0.16961E+17    0.45482E+16                0.6211
    59    3   -6    -46.    -25.   -0.14866E+17    0.13701E+16   -0.45819E+17   -0.29313E+17   -0.15995E+17   -0.23935E+17                0.6425
    59    3   -5    -47.    -27.   -0.15432E+17    0.18712E+16   -0.49700E+17   -0.32168E+17   -0.19389E+17   -0.28553E+17                0.6964
    59    3   -4    -47.    -28.   -0.15861E+17    0.23101E+16   -0.53075E+17   -0.34853E+17   -0.22717E+17   -0.33077E+17                0.7421
    59    3   -3    -47.    -29.   -0.16150E+17    0.26814E+16   -0.55909E+17   -0.37345E+17   -0.25953E+17   -0.37468E+17                0.7781
    59    3   -2    -47.    -30.   -0.16296E+17    0.29806E+16   -0.58172E+17   -0.39623E+17   -0.29065E+17   -0.41685E+17                0.8031
    59    3   -1    -47.    -31.   -0.16299E+17    0.32043E+16   -0.59840E+17   -0.41666E+17   -0.32025E+17   -0.45691E+17                0.8163
    59    3    0    -47.    -32.   -0.16158E+17    0.33502E+16   -0.60899E+17   -0.43453E+17   -0.34802E+17   -0.49441E+17                0.8174
    59    3    1    -48.    -33.   -0.15875E+17    0.34171E+16   -0.61338E+17   -0.44969E+17   -0.37369E+17   -0.52901E+17                0.8063
    59    3    2    -48.    -33.   -0.15453E+17    0.34052E+16   -0.61158E+17   -0.46196E+17   -0.39697E+17   -0.56030E+17                0.7835
    59    3    3    -48.    -34.   -0.14897E+17    0.33157E+16   -0.60362E+17   -0.47122E+17   -0.41764E+17   -0.58801E+17                0.7498
    59    3    4    -48.    -35.   -0.14213E+17    0.31509E+16   -0.58963E+17   -0.47735E+17   -0.43546E+17   -0.61177E+17                0.7064
    59    3    5    -48.    -36.   -0.13407E+17    0.29141E+16   -0.56980E+17   -0.48029E+17   -0.45026E+17   -0.63138E+17                0.6548
    59    3    6    -48.    -36.   -0.12488E+17    0.26100E+16   -0.54438E+17   -0.47995E+17   -0.46182E+17   -0.64654E+17                0.5966
    59    4   -6    -50.     -7.   -0.15872E+17    0.47594E+16   -0.31731E+17   -0.20649E+17   -0.68642E+16   -0.37636E+16                0.6146
    59    4   -5    -50.    -11.   -0.16479E+17    0.48707E+16   -0.35580E+17   -0.22999E+17   -0.98658E+16   -0.68444E+16                0.6691
    59    4   -4    -50.    -14.   -0.16941E+17    0.48995E+16   -0.39060E+17   -0.25233E+17   -0.12860E+17   -0.99543E+16                0.7167
    59    4   -3    -49.    -16.   -0.17253E+17    0.48441E+16   -0.42136E+17   -0.27335E+17   -0.15823E+17   -0.13069E+17                0.7557
    59    4   -2    -49.    -18.   -0.17414E+17    0.47042E+16   -0.44776E+17   -0.29285E+17   -0.18726E+17   -0.16157E+17                0.7848
    59    4   -1    -49.    -20.   -0.17421E+17    0.44807E+16   -0.46956E+17   -0.31068E+17   -0.21542E+17   -0.19192E+17                0.8032
    59    4    0    -49.    -22.   -0.17274E+17    0.41754E+16   -0.48654E+17   -0.32668E+17   -0.24245E+17   -0.22145E+17                0.8102
    59    4    1    -49.    -23.   -0.16976E+17    0.37913E+16   -0.49854E+17   -0.34070E+17   -0.26809E+17   -0.24987E+17                0.8057
    59    4    2    -49.    -24.   -0.16529E+17    0.33329E+16   -0.50549E+17   -0.35262E+17   -0.29208E+17   -0.27692E+17                0.7898
    59    4    3    -49.    -25.   -0.15939E+17    0.28052E+16   -0.50733E+17   -0.36233E+17   -0.31420E+17   -0.30231E+17                0.7632
    59    4    4    -49.    -26.   -0.15210E+17    0.22145E+16   -0.50410E+17   -0.36972E+17   -0.33421E+17   -0.32580E+17                0.7267
    59    4    5    -49.    -27.   -0.14352E+17    0.15682E+16   -0.49587E+17   -0.37473E+17   -0.35193E+17   -0.34716E+17                0.6817
    59    4    6    -49.    -28.   -0.13372E+17    0.87405E+15   -0.48278E+17   -0.37728E+17   -0.36715E+17   -0.36616E+17                0.6298
    59    5   -6    -37.     13.   -0.16653E+17    0.57415E+16   -0.23781E+17   -0.18271E+17   -0.45849E+16    0.46564E+16                0.6094
    59    5   -5    -44.      7.   -0.17307E+17    0.59031E+16   -0.27341E+17   -0.20092E+17   -0.71701E+16    0.28482E+16                0.6641
    59    5   -4    -49.      2.   -0.17808E+17    0.59809E+16   -0.30613E+17   -0.21813E+17   -0.97642E+16    0.95797E+15                0.7122
    59    5   -3    -51.     -2.   -0.18153E+17    0.59733E+16   -0.33563E+17   -0.23421E+17   -0.12342E+17   -0.99568E+15                0.7521
    59    5   -2    -51.     -5.   -0.18337E+17    0.58793E+16   -0.36161E+17   -0.24901E+17   -0.14880E+17   -0.29936E+16                0.7826
    59    5   -1    -51.     -7.   -0.18360E+17    0.56998E+16   -0.38383E+17   -0.26239E+17   -0.17353E+17   -0.50165E+16                0.8027
    59    5    0    -51.     -9.   -0.18221E+17    0.54363E+16   -0.40206E+17   -0.27425E+17   -0.19737E+17   -0.70437E+16                0.8117
    59    5    1    -51.    -11.   -0.17923E+17    0.50912E+16   -0.41616E+17   -0.28447E+17   -0.22008E+17   -0.90558E+16                0.8093
    59    5    2    -51.    -13.   -0.17467E+17    0.46686E+16   -0.42600E+17   -0.29295E+17   -0.24144E+17   -0.11032E+17                0.7957
    59    5    3    -51.    -15.   -0.16859E+17    0.41732E+16   -0.43152E+17   -0.29961E+17   -0.26122E+17   -0.12952E+17                0.7714
    59    5    4    -51.    -16.   -0.16106E+17    0.36109E+16   -0.43270E+17   -0.30438E+17   -0.27923E+17   -0.14796E+17                0.7371
    59    5    5    -51.    -17.   -0.15214E+17    0.29884E+16   -0.42957E+17   -0.30721E+17   -0.29527E+17   -0.16546E+17                0.6940
    59    5    6    -51.    -19.   -0.14194E+17    0.23130E+16   -0.42221E+17   -0.30805E+17   -0.30917E+17   -0.18182E+17                0.6437
    59    6   -6    -16.     31.   -0.17397E+17    0.49454E+16   -0.17894E+17   -0.15326E+17   -0.17773E+16    0.12668E+17                0.6045
    59    6   -5    -21.     28.   -0.18088E+17    0.51022E+16   -0.20971E+17   -0.16724E+17   -0.40439E+16    0.11923E+17                0.6588
    59    6   -4    -25.     25.   -0.18621E+17    0.51877E+16   -0.23825E+17   -0.18040E+17   -0.63356E+16    0.11050E+17                0.7068
    59    6   -3    -29.     22.   -0.18989E+17    0.52004E+16   -0.26426E+17   -0.19263E+17   -0.86303E+16    0.10061E+17                0.7471
    59    6   -2    -32.     19.   -0.19191E+17    0.51396E+16   -0.28749E+17   -0.20385E+17   -0.10907E+17    0.89634E+16                0.7783
    59    6   -1    -36.     16.   -0.19223E+17    0.50057E+16   -0.30772E+17   -0.21393E+17   -0.13142E+17    0.77703E+16                0.7994
    59    6    0    -39.     13.   -0.19086E+17    0.48002E+16   -0.32475E+17   -0.22280E+17   -0.15313E+17    0.64940E+16                0.8097
    59    6    1    -42.     10.   -0.18781E+17    0.45251E+16   -0.33843E+17   -0.23036E+17   -0.17399E+17    0.51475E+16                0.8089
    59    6    2    -45.      7.   -0.18312E+17    0.41838E+16   -0.34865E+17   -0.23656E+17   -0.19378E+17    0.37448E+16                0.7970
    59    6    3    -48.      4.   -0.17683E+17    0.37802E+16   -0.35534E+17   -0.24132E+17   -0.21229E+17    0.23004E+16                0.7745
    59    6    4    -50.      1.   -0.16901E+17    0.33193E+16   -0.35845E+17   -0.24460E+17   -0.22934E+17    0.82956E+15                0.7420
    59    6    5    -52.     -1.   -0.15974E+17    0.28067E+16   -0.35800E+17   -0.24633E+17   -0.24473E+17   -0.65223E+15                0.7008
    59    6    6    -52.     -3.   -0.14911E+17    0.22487E+16   -0.35403E+17   -0.24651E+17   -0.25831E+17   -0.21303E+16                0.6521
    60    3   -6     26.    -15.   -0.91825E+16    0.20972E+17   -0.93001E+15   -0.39164E+17    0.60760E+16   -0.66456E+16                0.7671
    60    3   -5      3.    -19.   -0.10392E+17    0.15930E+17   -0.11340E+17   -0.41836E+17    0.35514E+16   -0.10606E+17                0.7831
    60    3   -4    -21.    -21.   -0.11518E+17    0.10793E+17   -0.21645E+17   -0.44216E+17    0.93201E+15   -0.14564E+17                0.7932
    60    3   -3    -36.    -22.   -0.12549E+17    0.56131E+16   -0.31745E+17   -0.46279E+17   -0.17557E+16   -0.18481E+17                0.7970
    60    3   -2    -44.    -23.   -0.13475E+17    0.44600E+15   -0.41546E+17   -0.47993E+17   -0.44796E+16   -0.22304E+17                0.7944
    60    3   -1    -47.    -23.   -0.14285E+17   -0.46552E+16   -0.50952E+17   -0.49344E+17   -0.72163E+16   -0.26003E+17                0.7853
    60    3    0    -47.    -24.   -0.14973E+17   -0.96362E+16   -0.59874E+17   -0.50304E+17   -0.99302E+16   -0.29523E+17                0.7699
    60    3    1    -46.    -24.   -0.15531E+17   -0.14446E+17   -0.68225E+17   -0.50865E+17   -0.12597E+17   -0.32834E+17                0.7484
    60    3    2    -43.    -24.   -0.15952E+17   -0.19032E+17   -0.75928E+17   -0.51003E+17   -0.15177E+17   -0.35879E+17                0.7215
    60    3    3    -41.    -24.   -0.16234E+17   -0.23351E+17   -0.82907E+17   -0.50725E+17   -0.17655E+17   -0.38645E+17                0.6899
    60    3    4    -39.    -25.   -0.16373E+17   -0.27357E+17   -0.89103E+17   -0.50015E+17   -0.19992E+17   -0.41080E+17                0.6543
    60    3    5    -37.    -25.   -0.16367E+17   -0.31009E+17   -0.94456E+17   -0.48877E+17   -0.22163E+17   -0.43156E+17                0.6159
    60    3    6    -35.    -25.   -0.16218E+17   -0.34274E+17   -0.98919E+17   -0.47319E+17   -0.24147E+17   -0.44853E+17                0.5756
    60    4   -6     42.      2.   -0.96892E+16    0.16398E+17   -0.49747E+16   -0.39001E+17    0.10249E+17    0.75469E+15                0.7764
    60    4   -5     11.     -6.   -0.10886E+17    0.12327E+17   -0.13200E+17   -0.41723E+17    0.76427E+16   -0.27514E+16                0.7939
    60    4   -4    -14.    -11.   -0.11993E+17    0.81450E+16   -0.21323E+17   -0.44160E+17    0.49112E+16   -0.63060E+16                0.8050
    60    4   -3    -30.    -14.   -0.12998E+17    0.38908E+16   -0.29271E+17   -0.46280E+17    0.20880E+16   -0.98633E+16                0.8093
    60    4   -2    -38.    -16.   -0.13892E+17   -0.39571E+15   -0.36972E+17   -0.48063E+17   -0.80254E+15   -0.13392E+17                0.8067
    60    4   -1    -43.    -18.   -0.14665E+17   -0.46715E+16   -0.44351E+17   -0.49487E+17   -0.37300E+16   -0.16855E+17                0.7971
    60    4    0    -45.    -19.   -0.15309E+17   -0.88977E+16   -0.51345E+17   -0.50530E+17   -0.66605E+16   -0.20209E+17                0.7809
    60    4    1    -45.    -20.   -0.15817E+17   -0.13031E+17   -0.57886E+17   -0.51178E+17   -0.95656E+16   -0.23421E+17                0.7584
    60    4    2    -44.    -21.   -0.16186E+17   -0.17036E+17   -0.63919E+17   -0.51427E+17   -0.12419E+17   -0.26463E+17                0.7302
    60    4    3    -42.    -22.   -0.16410E+17   -0.20869E+17   -0.69385E+17   -0.51260E+17   -0.15183E+17   -0.29291E+17                0.6972
    60    4    4    -41.    -22.   -0.16488E+17   -0.24497E+17   -0.74240E+17   -0.50679E+17   -0.17833E+17   -0.31880E+17                0.6603
    60    4    5    -39.    -23.   -0.16418E+17   -0.27885E+17   -0.78441E+17   -0.49683E+17   -0.20339E+17   -0.34200E+17                0.6206
    60    4    6    -37.    -23.   -0.16203E+17   -0.31000E+17   -0.81948E+17   -0.48278E+17   -0.22675E+17   -0.36227E+17                0.5792
    60    5   -6     46.     14.   -0.10293E+17    0.12646E+17   -0.44363E+16   -0.39873E+17    0.12187E+17    0.70137E+16                0.7812
    60    5   -5     25.      9.   -0.11467E+17    0.94388E+16   -0.11103E+17   -0.42119E+17    0.98434E+16    0.46379E+16                0.7970
    60    5   -4      3.      4.   -0.12545E+17    0.61357E+16   -0.17682E+17   -0.44064E+17    0.73725E+16    0.21921E+16                0.8055
    60    5   -3    -17.     -1.   -0.13516E+17    0.27664E+16   -0.24114E+17   -0.45689E+17    0.47972E+16   -0.30051E+15                0.8065
    60    5   -2    -29.     -4.   -0.14370E+17   -0.63916E+15   -0.30341E+17   -0.46973E+17    0.21431E+16   -0.28141E+16                0.7998
    60    5   -1    -36.     -7.   -0.15098E+17   -0.40480E+16   -0.36307E+17   -0.47900E+17   -0.56213E+15   -0.53217E+16                0.7856
    60    5    0    -40.     -9.   -0.15692E+17   -0.74313E+16   -0.41958E+17   -0.48460E+17   -0.32928E+16   -0.78000E+16                0.7643
    60    5    1    -42.    -11.   -0.16147E+17   -0.10757E+17   -0.47245E+17   -0.48641E+17   -0.60195E+16   -0.10222E+17                0.7365
    60    5    2    -43.    -13.   -0.16456E+17   -0.13993E+17   -0.52121E+17   -0.48439E+17   -0.87150E+16   -0.12563E+17                0.7030
    60    5    3    -43.    -14.   -0.16618E+17   -0.17112E+17   -0.56543E+17   -0.47852E+17   -0.11352E+17   -0.14801E+17                0.6649
    60    5    4    -42.    -15.   -0.16630E+17   -0.20082E+17   -0.60472E+17   -0.46882E+17   -0.13904E+17   -0.16911E+17                0.6232
    60    5    5    -40.    -16.   -0.16493E+17   -0.22878E+17   -0.63878E+17   -0.45534E+17   -0.16344E+17   -0.18875E+17                0.5793
    60    5    6    -39.    -17.   -0.16208E+17   -0.25474E+17   -0.66731E+17   -0.43819E+17   -0.18647E+17   -0.20670E+17                0.5344
    60    6   -6     51.     26.   -0.10518E+17    0.96565E+16   -0.40331E+16   -0.38650E+17    0.15563E+17    0.14676E+17                0.7758
    60    6   -5     34.     24.   -0.11666E+17    0.73432E+16   -0.93236E+16   -0.40290E+17    0.13529E+17    0.13361E+17                0.7875
    60    6   -4     18.     21.   -0.12714E+17    0.49590E+16   -0.14533E+17   -0.41633E+17    0.11347E+17    0.11931E+17                0.7914
    60    6   -3      3.     18.   -0.13653E+17    0.25245E+16   -0.19616E+17   -0.42663E+17    0.90372E+16    0.10400E+17                0.7870
    60    6   -2    -11.     16.   -0.14472E+17    0.61802E+14   -0.24526E+17   -0.43367E+17    0.66219E+16    0.87831E+16                0.7747
    60    6   -1    -21.     13.   -0.15163E+17   -0.24068E+16   -0.29219E+17   -0.43735E+17    0.41262E+16    0.70965E+16                0.7546
    60    6    0    -29.      9.   -0.15718E+17   -0.48595E+16   -0.33653E+17   -0.43761E+17    0.15739E+16    0.53558E+16                0.7274
    60    6    1    -35.      6.   -0.16132E+17   -0.72736E+16   -0.37790E+17   -0.43441E+17   -0.10097E+16    0.35781E+16                0.6938
    60    6    2    -40.      3.   -0.16400E+17   -0.96271E+16   -0.41594E+17   -0.42776E+17   -0.35987E+16    0.17798E+16                0.6549
    60    6    3    -43.     -0.   -0.16519E+17   -0.11899E+17   -0.45031E+17   -0.41766E+17   -0.61666E+16   -0.20908E+14                0.6119
    60    6    4    -43.     -2.   -0.16488E+17   -0.14068E+17   -0.48073E+17   -0.40420E+17   -0.86883E+16   -0.18082E+16                0.5661
    60    6    5    -42.     -4.   -0.16308E+17   -0.16115E+17   -0.50695E+17   -0.38749E+17   -0.11139E+17   -0.35658E+16                0.5189
    60    6    6    -41.     -6.   -0.15980E+17   -0.18020E+17   -0.52876E+17   -0.36763E+17   -0.13494E+17   -0.52772E+16                0.4718
    61    3   -6    -31.    -26.   -0.18659E+17    0.17281E+17   -0.14103E+17   -0.48939E+17   -0.19848E+17   -0.26054E+17                0.7360
    61    3   -5    -33.    -26.   -0.18911E+17    0.20507E+17   -0.16599E+17   -0.48771E+17   -0.20058E+17   -0.26933E+17                0.7551
    61    3   -4    -36.    -26.   -0.18998E+17    0.23567E+17   -0.18923E+17   -0.48277E+17   -0.20187E+17   -0.27718E+17                0.7649
    61    3   -3    -38.    -26.   -0.18919E+17    0.26432E+17   -0.21056E+17   -0.47462E+17   -0.20232E+17   -0.28400E+17                0.7651
    61    3   -2    -41.    -26.   -0.18677E+17    0.29075E+17   -0.22979E+17   -0.46328E+17   -0.20192E+17   -0.28966E+17                0.7556
    61    3   -1    -43.    -27.   -0.18272E+17    0.31473E+17   -0.24677E+17   -0.44881E+17   -0.20061E+17   -0.29402E+17                0.7368
    61    3    0    -46.    -27.   -0.17710E+17    0.33602E+17   -0.26136E+17   -0.43132E+17   -0.19842E+17   -0.29702E+17                0.7092
    61    3    1    -48.    -27.   -0.16996E+17    0.35445E+17   -0.27345E+17   -0.41090E+17   -0.19531E+17   -0.29853E+17                0.6738
    61    3    2    -50.    -27.   -0.16138E+17    0.36985E+17   -0.28298E+17   -0.38769E+17   -0.19126E+17   -0.29845E+17                0.6318
    61    3    3    -52.    -27.   -0.15145E+17    0.38209E+17   -0.28988E+17   -0.36183E+17   -0.18625E+17   -0.29668E+17                0.5845
    61    3    4    -54.    -27.   -0.14026E+17    0.39108E+17   -0.29413E+17   -0.33353E+17   -0.18030E+17   -0.29315E+17                0.5335
    61    3    5    -55.    -28.   -0.12792E+17    0.39674E+17   -0.29573E+17   -0.30299E+17   -0.17343E+17   -0.28786E+17                0.4803
    61    3    6    -55.    -28.   -0.11457E+17    0.39905E+17   -0.29471E+17   -0.27042E+17   -0.16561E+17   -0.28070E+17                0.4268
    61    4   -6    -26.    -13.   -0.19721E+17    0.16035E+17   -0.13919E+17   -0.45459E+17   -0.14114E+17   -0.98826E+16                0.7477
    61    4   -5    -30.    -15.   -0.19964E+17    0.18254E+17   -0.16034E+17   -0.45970E+17   -0.14978E+17   -0.11669E+17                0.7665
    61    4   -4    -33.    -16.   -0.20033E+17    0.20311E+17   -0.17988E+17   -0.46171E+17   -0.15788E+17   -0.13447E+17                0.7754
    61    4   -3    -36.    -17.   -0.19928E+17    0.22185E+17   -0.19766E+17   -0.46055E+17   -0.16535E+17   -0.15194E+17                0.7740
    61    4   -2    -39.    -18.   -0.19650E+17    0.23856E+17   -0.21352E+17   -0.45623E+17   -0.17211E+17   -0.16893E+17                0.7623
    61    4   -1    -41.    -20.   -0.19202E+17    0.25310E+17   -0.22733E+17   -0.44871E+17   -0.17805E+17   -0.18518E+17                0.7407
    61    4    0    -44.    -21.   -0.18588E+17    0.26531E+17   -0.23899E+17   -0.43806E+17   -0.18312E+17   -0.20055E+17                0.7099
    61    4    1    -47.    -22.   -0.17816E+17    0.27510E+17   -0.24842E+17   -0.42433E+17   -0.18723E+17   -0.21480E+17                0.6710
    61    4    2    -49.    -23.   -0.16892E+17    0.28236E+17   -0.25555E+17   -0.40760E+17   -0.19031E+17   -0.22778E+17                0.6251
    61    4    3    -51.    -24.   -0.15827E+17    0.28703E+17   -0.26036E+17   -0.38798E+17   -0.19230E+17   -0.23927E+17                0.5738
    61    4    4    -53.    -25.   -0.14631E+17    0.28910E+17   -0.26283E+17   -0.36560E+17   -0.19313E+17   -0.24912E+17                0.5186
    61    4    5    -56.    -27.   -0.13316E+17    0.28852E+17   -0.26299E+17   -0.34064E+17   -0.19278E+17   -0.25721E+17                0.4615
    61    4    6    -58.    -28.   -0.11894E+17    0.28534E+17   -0.26086E+17   -0.31327E+17   -0.19120E+17   -0.26337E+17                0.4041
    61    5   -6    -17.      3.   -0.20706E+17    0.13420E+17   -0.12096E+17   -0.44520E+17   -0.10719E+17    0.18309E+16                0.7574
    61    5   -5    -23.      0.   -0.20912E+17    0.15159E+17   -0.13833E+17   -0.45050E+17   -0.11657E+17    0.14072E+15                0.7735
    61    5   -4    -27.     -2.   -0.20937E+17    0.16757E+17   -0.15432E+17   -0.45266E+17   -0.12555E+17   -0.16017E+16                0.7793
    61    5   -3    -30.     -5.   -0.20781E+17    0.18200E+17   -0.16877E+17   -0.45163E+17   -0.13405E+17   -0.33788E+16                0.7745
    61    5   -2    -34.     -7.   -0.20444E+17    0.19472E+17   -0.18158E+17   -0.44740E+17   -0.14196E+17   -0.51699E+16                0.7592
    61    5   -1    -37.     -9.   -0.19932E+17    0.20561E+17   -0.19264E+17   -0.43997E+17   -0.14921E+17   -0.69561E+16                0.7341
    61    5    0    -40.    -11.   -0.19248E+17    0.21457E+17   -0.20186E+17   -0.42939E+17   -0.15569E+17   -0.87165E+16                0.6998
    61    5    1    -43.    -13.   -0.18399E+17    0.22149E+17   -0.20918E+17   -0.41572E+17   -0.16135E+17   -0.10434E+17                0.6575
    61    5    2    -46.    -15.   -0.17396E+17    0.22632E+17   -0.21457E+17   -0.39906E+17   -0.16610E+17   -0.12085E+17                0.6085
    61    5    3    -49.    -17.   -0.16247E+17    0.22902E+17   -0.21798E+17   -0.37952E+17   -0.16987E+17   -0.13655E+17                0.5546
    61    5    4    -51.    -19.   -0.14963E+17    0.22956E+17   -0.21944E+17   -0.35727E+17   -0.17262E+17   -0.15125E+17                0.4972
    61    5    5    -54.    -20.   -0.13559E+17    0.22795E+17   -0.21896E+17   -0.33246E+17   -0.17427E+17   -0.16476E+17                0.4384
    61    5    6    -57.    -22.   -0.12048E+17    0.22420E+17   -0.21657E+17   -0.30529E+17   -0.17479E+17   -0.17694E+17                0.3800
    61    6   -6     -1.     21.   -0.21535E+17    0.11333E+17   -0.10477E+17   -0.41978E+17   -0.63221E+16    0.14129E+17                0.7583
    61    6   -5     -5.     19.   -0.21705E+17    0.12786E+17   -0.11837E+17   -0.42282E+17   -0.71914E+16    0.12756E+17                0.7713
    61    6   -4    -10.     17.   -0.21687E+17    0.14124E+17   -0.13077E+17   -0.42283E+17   -0.80471E+16    0.11255E+17                0.7738
    61    6   -3    -15.     15.   -0.21481E+17    0.15334E+17   -0.14188E+17   -0.41978E+17   -0.88812E+16    0.96420E+16                0.7658
    61    6   -2    -19.     13.   -0.21090E+17    0.16404E+17   -0.15158E+17   -0.41368E+17   -0.96854E+16    0.79332E+16                0.7476
    61    6   -1    -24.     11.   -0.20516E+17    0.17323E+17   -0.15981E+17   -0.40456E+17   -0.10450E+17    0.61476E+16                0.7196
    61    6    0    -30.      8.   -0.19766E+17    0.18083E+17   -0.16651E+17   -0.39248E+17   -0.11168E+17    0.43032E+16                0.6829
    61    6    1    -35.      4.   -0.18848E+17    0.18676E+17   -0.17163E+17   -0.37752E+17   -0.11831E+17    0.24194E+16                0.6385
    61    6    2    -42.      1.   -0.17770E+17    0.19096E+17   -0.17515E+17   -0.35980E+17   -0.12431E+17    0.51594E+15                0.5881
    61    6    3    -46.     -2.   -0.16544E+17    0.19340E+17   -0.17706E+17   -0.33944E+17   -0.12961E+17   -0.13882E+16                0.5331
    61    6    4    -50.     -6.   -0.15182E+17    0.19406E+17   -0.17736E+17   -0.31663E+17   -0.13414E+17   -0.32731E+16                0.4754
    61    6    5    -54.     -9.   -0.13697E+17    0.19293E+17   -0.17608E+17   -0.29152E+17   -0.13783E+17   -0.51196E+16                0.4168
    61    6    6    -57.    -12.   -0.12105E+17    0.19004E+17   -0.17326E+17   -0.26433E+17   -0.14063E+17   -0.69093E+16                0.3591
    62    3   -6    -52.    -26.   -0.12779E+17    0.63189E+16   -0.34258E+17   -0.28094E+17   -0.17213E+17   -0.22189E+17                0.5288
    62    3   -5    -48.    -27.   -0.13604E+17    0.44019E+16   -0.35952E+17   -0.29921E+17   -0.19400E+17   -0.24771E+17                0.5817
    62    3   -4    -46.    -28.   -0.14312E+17    0.24126E+16   -0.37281E+17   -0.31564E+17   -0.21491E+17   -0.27238E+17                0.6286
    62    3   -3    -44.    -29.   -0.14897E+17    0.37001E+15   -0.38230E+17   -0.33010E+17   -0.23466E+17   -0.29569E+17                0.6681
    62    3   -2    -42.    -30.   -0.15353E+17   -0.17063E+16   -0.38793E+17   -0.34245E+17   -0.25307E+17   -0.31742E+17                0.6989
    62    3   -1    -40.    -30.   -0.15676E+17   -0.37960E+16   -0.38962E+17   -0.35259E+17   -0.26997E+17   -0.33736E+17                0.7199
    62    3    0    -39.    -31.   -0.15862E+17   -0.58785E+16   -0.38739E+17   -0.36043E+17   -0.28517E+17   -0.35534E+17                0.7306
    62    3    1    -38.    -32.   -0.15910E+17   -0.79331E+16   -0.38128E+17   -0.36591E+17   -0.29856E+17   -0.37118E+17                0.7305
    62    3    2    -37.    -32.   -0.15820E+17   -0.99392E+16   -0.37136E+17   -0.36896E+17   -0.30997E+17   -0.38473E+17                0.7198
    62    3    3    -36.    -33.   -0.15593E+17   -0.11876E+17   -0.35777E+17   -0.36955E+17   -0.31929E+17   -0.39583E+17                0.6988
    62    3    4    -36.    -33.   -0.15230E+17   -0.13725E+17   -0.34068E+17   -0.36766E+17   -0.32641E+17   -0.40436E+17                0.6682
    62    3    5    -35.    -34.   -0.14736E+17   -0.15467E+17   -0.32030E+17   -0.36330E+17   -0.33125E+17   -0.41024E+17                0.6292
    62    3    6    -35.    -34.   -0.14117E+17   -0.17083E+17   -0.29687E+17   -0.35650E+17   -0.33375E+17   -0.41339E+17                0.5830
    62    4   -6    -45.    -12.   -0.13818E+17    0.38463E+16   -0.24060E+17   -0.21648E+17   -0.10555E+17   -0.60366E+16                0.5078
    62    4   -5    -41.    -14.   -0.14722E+17    0.22198E+16   -0.25635E+17   -0.23187E+17   -0.12468E+17   -0.76393E+16                0.5624
    62    4   -4    -38.    -15.   -0.15501E+17    0.55084E+15   -0.26952E+17   -0.24584E+17   -0.14327E+17   -0.92294E+16                0.6119
    62    4   -3    -35.    -17.   -0.16148E+17   -0.11449E+16   -0.27999E+17   -0.25825E+17   -0.16114E+17   -0.10792E+17                0.6547
    62    4   -2    -34.    -18.   -0.16655E+17   -0.28511E+16   -0.28765E+17   -0.26903E+17   -0.17813E+17   -0.12316E+17                0.6895
    62    4   -1    -32.    -19.   -0.17019E+17   -0.45510E+16   -0.29244E+17   -0.27808E+17   -0.19409E+17   -0.13787E+17                0.7150
    62    4    0    -31.    -20.   -0.17236E+17   -0.62281E+16   -0.29433E+17   -0.28534E+17   -0.20888E+17   -0.15193E+17                0.7304
    62    4    1    -30.    -21.   -0.17303E+17   -0.78659E+16   -0.29332E+17   -0.29074E+17   -0.22234E+17   -0.16521E+17                0.7353
    62    4    2    -30.    -22.   -0.17220E+17   -0.94480E+16   -0.28944E+17   -0.29423E+17   -0.23435E+17   -0.17757E+17                0.7296
    62    4    3    -30.    -23.   -0.16988E+17   -0.10959E+17   -0.28276E+17   -0.29579E+17   -0.24480E+17   -0.18893E+17                0.7134
    62    4    4    -30.    -24.   -0.16610E+17   -0.12383E+17   -0.27337E+17   -0.29539E+17   -0.25357E+17   -0.19915E+17                0.6873
    62    4    5    -30.    -25.   -0.16090E+17   -0.13707E+17   -0.26140E+17   -0.29305E+17   -0.26057E+17   -0.20814E+17                0.6523
    62    4    6    -30.    -25.   -0.15432E+17   -0.14917E+17   -0.24699E+17   -0.28880E+17   -0.26574E+17   -0.21585E+17                0.6095
    62    5   -6    -31.      5.   -0.14744E+17    0.31796E+16   -0.18163E+17   -0.19478E+17   -0.83378E+16    0.16897E+16                0.5029
    62    5   -5    -29.      2.   -0.15719E+17    0.18546E+16   -0.19581E+17   -0.20680E+17   -0.99347E+16    0.93593E+15                0.5584
    62    5   -4    -28.      0.   -0.16562E+17    0.49696E+15   -0.20803E+17   -0.21753E+17   -0.11491E+17    0.14528E+15                0.6091
    62    5   -3    -26.     -1.   -0.17263E+17   -0.88011E+15   -0.21816E+17   -0.22689E+17   -0.12993E+17   -0.67552E+15                0.6533
    62    5   -2    -24.     -3.   -0.17817E+17   -0.22634E+16   -0.22612E+17   -0.23480E+17   -0.14425E+17   -0.15193E+16                0.6896
    62    5   -1    -23.     -5.   -0.18218E+17   -0.36394E+16   -0.23184E+17   -0.24120E+17   -0.15775E+17   -0.23779E+16                0.7167
    62    5    0    -22.     -6.   -0.18461E+17   -0.49946E+16   -0.23527E+17   -0.24604E+17   -0.17030E+17   -0.32446E+16                0.7338
    62    5    1    -22.     -7.   -0.18546E+17   -0.63158E+16   -0.23641E+17   -0.24927E+17   -0.18178E+17   -0.41109E+16                0.7403
    62    5    2    -21.     -9.   -0.18470E+17   -0.75899E+16   -0.23525E+17   -0.25088E+17   -0.19207E+17   -0.49690E+16                0.7361
    62    5    3    -21.    -10.   -0.18235E+17   -0.88041E+16   -0.23183E+17   -0.25084E+17   -0.20105E+17   -0.58097E+16                0.7213
    62    5    4    -22.    -11.   -0.17844E+17   -0.99466E+16   -0.22622E+17   -0.24916E+17   -0.20866E+17   -0.66269E+16                0.6964
    62    5    5    -22.    -12.   -0.17300E+17   -0.11006E+17   -0.21848E+17   -0.24585E+17   -0.21479E+17   -0.74117E+16                0.6621
    62    5    6    -23.    -13.   -0.16609E+17   -0.11972E+17   -0.20874E+17   -0.24094E+17   -0.21940E+17   -0.81574E+16                0.6198
    62    6   -6     -7.     24.   -0.15526E+17    0.25290E+16   -0.14024E+17   -0.17035E+17   -0.58854E+16    0.89368E+16                0.4959
    62    6   -5     -6.     22.   -0.16562E+17    0.14734E+16   -0.15235E+17   -0.17989E+17   -0.72557E+16    0.88522E+16                0.5519
    62    6   -4     -5.     21.   -0.17458E+17    0.39265E+15   -0.16293E+17   -0.18830E+17   -0.86009E+16    0.86853E+16                0.6032
    62    6   -3     -4.     19.   -0.18207E+17   -0.70302E+15   -0.17190E+17   -0.19551E+17   -0.99088E+16    0.84370E+16                0.6482
    62    6   -2     -4.     18.   -0.18801E+17   -0.18028E+16   -0.17916E+17   -0.20148E+17   -0.11167E+17    0.81096E+16                0.6855
    62    6   -1     -3.     17.   -0.19234E+17   -0.28961E+16   -0.18466E+17   -0.20616E+17   -0.12364E+17    0.77061E+16                0.7138
    62    6    0     -3.     15.   -0.19501E+17   -0.39721E+16   -0.18836E+17   -0.20949E+17   -0.13486E+17    0.72309E+16                0.7322
    62    6    1     -4.     14.   -0.19601E+17   -0.50201E+16   -0.19023E+17   -0.21147E+17   -0.14525E+17    0.66874E+16                0.7401
    62    6    2     -4.     13.   -0.19532E+17   -0.60298E+16   -0.19028E+17   -0.21208E+17   -0.15468E+17    0.60809E+16                0.7373
    62    6    3     -5.     11.   -0.19296E+17   -0.69911E+16   -0.18851E+17   -0.21131E+17   -0.16306E+17    0.54173E+16                0.7237
    62    6    4     -6.     10.   -0.18894E+17   -0.78946E+16   -0.18497E+17   -0.20916E+17   -0.17031E+17    0.47024E+16                0.7000
    62    6    5     -7.      9.   -0.18330E+17   -0.87311E+16   -0.17972E+17   -0.20566E+17   -0.17635E+17    0.39426E+16                0.6668
    62    6    6     -9.      7.   -0.17611E+17   -0.94926E+16   -0.17283E+17   -0.20083E+17   -0.18112E+17    0.31450E+16                0.6252
    63    3   -6    -62.    -25.   -0.12195E+17    0.10440E+17   -0.46157E+17   -0.33835E+17   -0.15844E+17   -0.25419E+17                0.5266
    63    3   -5    -60.    -25.   -0.13114E+17    0.89043E+16   -0.47829E+17   -0.35833E+17   -0.16864E+17   -0.26621E+17                0.5797
    63    3   -4    -58.    -25.   -0.13918E+17    0.73049E+16   -0.49053E+17   -0.37582E+17   -0.17783E+17   -0.27659E+17                0.6267
    63    3   -3    -55.    -25.   -0.14599E+17    0.56584E+16   -0.49814E+17   -0.39060E+17   -0.18589E+17   -0.28518E+17                0.6660
    63    3   -2    -53.    -26.   -0.15147E+17    0.39810E+16   -0.50102E+17   -0.40254E+17   -0.19277E+17   -0.29194E+17                0.6960
    63    3   -1    -52.    -26.   -0.15558E+17    0.22898E+16   -0.49913E+17   -0.41154E+17   -0.19843E+17   -0.29685E+17                0.7158
    63    3    0    -50.    -26.   -0.15826E+17    0.60176E+15   -0.49247E+17   -0.41746E+17   -0.20277E+17   -0.29978E+17                0.7245
    63    3    1    -48.    -26.   -0.15947E+17   -0.10660E+16   -0.48111E+17   -0.42023E+17   -0.20576E+17   -0.30072E+17                0.7218
    63    3    2    -46.    -26.   -0.15920E+17   -0.26974E+16   -0.46513E+17   -0.41983E+17   -0.20737E+17   -0.29969E+17                0.7076
    63    3    3    -44.    -27.   -0.15744E+17   -0.42764E+16   -0.44472E+17   -0.41623E+17   -0.20757E+17   -0.29666E+17                0.6824
    63    3    4    -43.    -27.   -0.15421E+17   -0.57868E+16   -0.42007E+17   -0.40944E+17   -0.20636E+17   -0.29167E+17                0.6470
    63    3    5    -41.    -27.   -0.14953E+17   -0.72145E+16   -0.39143E+17   -0.39951E+17   -0.20373E+17   -0.28474E+17                0.6026
    63    3    6    -39.    -28.   -0.14344E+17   -0.85451E+16   -0.35910E+17   -0.38650E+17   -0.19970E+17   -0.27591E+17                0.5508
    63    4   -6    -61.    -20.   -0.12291E+17    0.87788E+16   -0.35584E+17   -0.32109E+17   -0.13412E+17   -0.15697E+17                0.5175
    63    4   -5    -59.    -19.   -0.13204E+17    0.74734E+16   -0.36769E+17   -0.33799E+17   -0.14026E+17   -0.15980E+17                0.5690
    63    4   -4    -56.    -19.   -0.14000E+17    0.61077E+16   -0.37608E+17   -0.35245E+17   -0.14550E+17   -0.16159E+17                0.6146
    63    4   -3    -54.    -19.   -0.14670E+17    0.46942E+16   -0.38092E+17   -0.36432E+17   -0.14977E+17   -0.16230E+17                0.6527
    63    4   -2    -52.    -19.   -0.15208E+17    0.32459E+16   -0.38215E+17   -0.37348E+17   -0.15305E+17   -0.16193E+17                0.6818
    63    4   -1    -50.    -18.   -0.15607E+17    0.17762E+16   -0.37974E+17   -0.37985E+17   -0.15530E+17   -0.16051E+17                0.7010
    63    4    0    -47.    -18.   -0.15861E+17    0.29883E+15   -0.37372E+17   -0.38332E+17   -0.15650E+17   -0.15803E+17                0.7094
    63    4    1    -45.    -18.   -0.15968E+17   -0.11727E+16   -0.36413E+17   -0.38388E+17   -0.15665E+17   -0.15454E+17                0.7068
    63    4    2    -43.    -18.   -0.15926E+17   -0.26244E+16   -0.35107E+17   -0.38152E+17   -0.15574E+17   -0.15009E+17                0.6931
    63    4    3    -41.    -18.   -0.15735E+17   -0.40428E+16   -0.33467E+17   -0.37621E+17   -0.15378E+17   -0.14470E+17                0.6688
    63    4    4    -39.    -18.   -0.15395E+17   -0.54150E+16   -0.31510E+17   -0.36800E+17   -0.15078E+17   -0.13842E+17                0.6347
    63    4    5    -37.    -18.   -0.14910E+17   -0.67278E+16   -0.29257E+17   -0.35696E+17   -0.14675E+17   -0.13132E+17                0.5919
    63    4    6    -35.    -17.   -0.14284E+17   -0.79696E+16   -0.26730E+17   -0.34317E+17   -0.14175E+17   -0.12346E+17                0.5420
    63    5   -6    -59.    -11.   -0.12406E+17    0.69989E+16   -0.28548E+17   -0.30182E+17   -0.10902E+17   -0.69995E+16                0.5047
    63    5   -5    -56.    -11.   -0.13318E+17    0.60126E+16   -0.29419E+17   -0.31680E+17   -0.11288E+17   -0.67295E+16                0.5551
    63    5   -4    -54.    -10.   -0.14112E+17    0.49782E+16   -0.30013E+17   -0.32946E+17   -0.11598E+17   -0.64136E+16                0.5996
    63    5   -3    -51.     -9.   -0.14780E+17    0.39041E+16   -0.30321E+17   -0.33967E+17   -0.11830E+17   -0.60553E+16                0.6367
    63    5   -2    -49.     -9.   -0.15314E+17    0.28003E+16   -0.30340E+17   -0.34731E+17   -0.11981E+17   -0.56575E+16                0.6650
    63    5   -1    -47.     -8.   -0.15708E+17    0.16758E+16   -0.30070E+17   -0.35234E+17   -0.12053E+17   -0.52280E+16                0.6836
    63    5    0    -44.     -7.   -0.15957E+17    0.54135E+15   -0.29512E+17   -0.35467E+17   -0.12043E+17   -0.47687E+16                0.6917
    63    5    1    -42.     -7.   -0.16057E+17   -0.59361E+15   -0.28672E+17   -0.35427E+17   -0.11951E+17   -0.42851E+16                0.6889
    63    5    2    -40.     -6.   -0.16008E+17   -0.17186E+16   -0.27558E+17   -0.35114E+17   -0.11780E+17   -0.37841E+16                0.6754
    63    5    3    -37.     -5.   -0.15808E+17   -0.28237E+16   -0.26181E+17   -0.34529E+17   -0.11530E+17   -0.32703E+16                0.6515
    63    5    4    -35.     -5.   -0.15458E+17   -0.38992E+16   -0.24555E+17   -0.33677E+17   -0.11204E+17   -0.27485E+16                0.6181
    63    5    5    -32.     -4.   -0.14963E+17   -0.49355E+16   -0.22698E+17   -0.32564E+17   -0.10805E+17   -0.22257E+16                0.5763
    63    5    6    -30.     -3.   -0.14327E+17   -0.59236E+16   -0.20628E+17   -0.31200E+17   -0.10335E+17   -0.17064E+16                0.5275
    63    6   -6    -51.      4.   -0.12564E+17    0.54717E+16   -0.22994E+17   -0.27456E+17   -0.77499E+16    0.19602E+16                0.4937
    63    6   -5    -47.      6.   -0.13473E+17    0.48198E+16   -0.23623E+17   -0.28764E+17   -0.79393E+16    0.26757E+16                0.5425
    63    6   -4    -44.      7.   -0.14262E+17    0.41316E+16   -0.24029E+17   -0.29858E+17   -0.80752E+16    0.33732E+16                0.5853
    63    6   -3    -40.      9.   -0.14924E+17    0.34132E+16   -0.24205E+17   -0.30728E+17   -0.81571E+16    0.40450E+16                0.6208
    63    6   -2    -37.     10.   -0.15451E+17    0.26702E+16   -0.24150E+17   -0.31365E+17   -0.81849E+16    0.46835E+16                0.6476
    63    6   -1    -34.     11.   -0.15837E+17    0.19093E+16   -0.23863E+17   -0.31761E+17   -0.81583E+16    0.52827E+16                0.6648
    63    6    0    -31.     12.   -0.16076E+17    0.11368E+16   -0.23347E+17   -0.31913E+17   -0.80781E+16    0.58354E+16                0.6717
    63    6    1    -28.     13.   -0.16165E+17    0.35971E+15   -0.22607E+17   -0.31817E+17   -0.79456E+16    0.63355E+16                0.6680
    63    6    2    -25.     14.   -0.16104E+17   -0.41559E+15   -0.21649E+17   -0.31474E+17   -0.77623E+16    0.67769E+16                0.6538
    63    6    3    -22.     15.   -0.15891E+17   -0.11824E+16   -0.20484E+17   -0.30886E+17   -0.75298E+16    0.71549E+16                0.6295
    63    6    4    -19.     16.   -0.15528E+17   -0.19340E+16   -0.19124E+17   -0.30056E+17   -0.72506E+16    0.74646E+16                0.5961
    63    6    5    -16.     17.   -0.15019E+17   -0.26643E+16   -0.17582E+17   -0.28992E+17   -0.69276E+16    0.77019E+16                0.5545
    63    6    6    -13.     18.   -0.14368E+17   -0.33666E+16   -0.15874E+17   -0.27702E+17   -0.65635E+16    0.78639E+16                0.5062
    64    3   -6    -64.    -13.   -0.14630E+17    0.38202E+17   -0.59392E+17   -0.25177E+17   -0.41020E+16   -0.12641E+17                0.4939
    64    3   -5    -68.    -17.   -0.16117E+17    0.36864E+17   -0.60559E+17   -0.28623E+17   -0.85519E+16   -0.18244E+17                0.5439
    64    3   -4    -71.    -20.   -0.17473E+17    0.35167E+17   -0.61155E+17   -0.31926E+17   -0.13019E+17   -0.23825E+17                0.5914
    64    3   -3    -72.    -23.   -0.18683E+17    0.33122E+17   -0.61176E+17   -0.35061E+17   -0.17467E+17   -0.29341E+17                0.6351
    64    3   -2    -68.    -25.   -0.19735E+17    0.30744E+17   -0.60623E+17   -0.38002E+17   -0.21857E+17   -0.34744E+17                0.6735
    64    3   -1    -63.    -28.   -0.20618E+17    0.28052E+17   -0.59502E+17   -0.40719E+17   -0.26147E+17   -0.39981E+17                0.7054
    64    3    0    -58.    -30.   -0.21323E+17    0.25067E+17   -0.57828E+17   -0.43192E+17   -0.30300E+17   -0.45011E+17                0.7298
    64    3    1    -53.    -32.   -0.21843E+17    0.21816E+17   -0.55620E+17   -0.45395E+17   -0.34274E+17   -0.49781E+17                0.7459
    64    3    2    -49.    -33.   -0.22172E+17    0.18327E+17   -0.52903E+17   -0.47310E+17   -0.38035E+17   -0.54253E+17                0.7533
    64    3    3    -45.    -35.   -0.22306E+17    0.14631E+17   -0.49708E+17   -0.48914E+17   -0.41544E+17   -0.58378E+17                0.7517
    64    3    4    -43.    -36.   -0.22243E+17    0.10763E+17   -0.46069E+17   -0.50196E+17   -0.44770E+17   -0.62123E+17                0.7412
    64    3    5    -41.    -37.   -0.21984E+17    0.67589E+16   -0.42028E+17   -0.51139E+17   -0.47679E+17   -0.65447E+17                0.7222
    64    3    6    -39.    -38.   -0.21531E+17    0.26562E+16   -0.37629E+17   -0.51734E+17   -0.50244E+17   -0.68320E+17                0.6953
    64    4   -6    -72.      0.   -0.15377E+17    0.34446E+17   -0.49293E+17   -0.20965E+17    0.23760E+16    0.36739E+15                0.4867
    64    4   -5    -80.     -4.   -0.16899E+17    0.32967E+17   -0.50442E+17   -0.23756E+17   -0.14758E+16   -0.31977E+16                0.5356
    64    4   -4    -85.     -8.   -0.18282E+17    0.31164E+17   -0.51120E+17   -0.26424E+17   -0.53801E+16   -0.68082E+16                0.5826
    64    4   -3    -86.    -11.   -0.19513E+17    0.29051E+17   -0.51321E+17   -0.28945E+17   -0.93022E+16   -0.10432E+17                0.6262
    64    4   -2    -77.    -14.   -0.20579E+17    0.26644E+17   -0.51044E+17   -0.31300E+17   -0.13209E+17   -0.14042E+17                0.6650
    64    4   -1    -68.    -17.   -0.21469E+17    0.23961E+17   -0.50294E+17   -0.33468E+17   -0.17065E+17   -0.17605E+17                0.6978
    64    4    0    -61.    -20.   -0.22173E+17    0.21026E+17   -0.49077E+17   -0.35432E+17   -0.20840E+17   -0.21094E+17                0.7236
    64    4    1    -54.    -22.   -0.22686E+17    0.17864E+17   -0.47409E+17   -0.37175E+17   -0.24495E+17   -0.24476E+17                0.7416
    64    4    2    -49.    -24.   -0.22999E+17    0.14502E+17   -0.45308E+17   -0.38682E+17   -0.27999E+17   -0.27722E+17                0.7513
    64    4    3    -45.    -26.   -0.23111E+17    0.10972E+17   -0.42797E+17   -0.39940E+17   -0.31322E+17   -0.30807E+17                0.7524
    64    4    4    -41.    -27.   -0.23020E+17    0.73062E+16   -0.39904E+17   -0.40938E+17   -0.34433E+17   -0.33701E+17                0.7449
    64    4    5    -38.    -29.   -0.22726E+17    0.35382E+16   -0.36661E+17   -0.41666E+17   -0.37302E+17   -0.36379E+17                0.7292
    64    4    6    -36.    -30.   -0.22232E+17   -0.29581E+15   -0.33103E+17   -0.42118E+17   -0.39904E+17   -0.38819E+17                0.7057
    64    5   -6    -75.      6.   -0.16155E+17    0.30158E+17   -0.40409E+17   -0.21798E+17    0.25990E+16    0.38612E+16                0.4815
    64    5   -5    -86.      3.   -0.17701E+17    0.28988E+17   -0.41399E+17   -0.23867E+17   -0.60605E+15    0.20560E+16                0.5318
    64    5   -4    -92.      0.   -0.19103E+17    0.27540E+17   -0.42003E+17   -0.25799E+17   -0.38579E+16    0.19611E+15                0.5802
    64    5   -3    -86.     -2.   -0.20345E+17    0.25822E+17   -0.42215E+17   -0.27577E+17   -0.71279E+16   -0.17027E+16                0.6250
    64    5   -2    -77.     -5.   -0.21416E+17    0.23848E+17   -0.42032E+17   -0.29187E+17   -0.10388E+17   -0.36263E+16                0.6650
    64    5   -1    -69.     -7.   -0.22304E+17    0.21634E+17   -0.41458E+17   -0.30616E+17   -0.13608E+17   -0.55563E+16                0.6987
    64    5    0    -61.     -9.   -0.22999E+17    0.19198E+17   -0.40499E+17   -0.31853E+17   -0.16761E+17   -0.74785E+16                0.7253
    64    5    1    -55.    -11.   -0.23495E+17    0.16561E+17   -0.39165E+17   -0.32885E+17   -0.19816E+17   -0.93755E+16                0.7437
    64    5    2    -49.    -13.   -0.23787E+17    0.13748E+17   -0.37471E+17   -0.33706E+17   -0.22747E+17   -0.11232E+17                0.7536
    64    5    3    -44.    -15.   -0.23869E+17    0.10783E+17   -0.35436E+17   -0.34307E+17   -0.25525E+17   -0.13030E+17                0.7545
    64    5    4    -39.    -16.   -0.23742E+17    0.76941E+16   -0.33082E+17   -0.34684E+17   -0.28128E+17   -0.14757E+17                0.7465
    64    5    5    -36.    -18.   -0.23407E+17    0.45100E+16   -0.30435E+17   -0.34831E+17   -0.30527E+17   -0.16395E+17                0.7299
    64    5    6    -34.    -19.   -0.22865E+17    0.12605E+16   -0.27523E+17   -0.34747E+17   -0.32702E+17   -0.17930E+17                0.7052
    64    6   -6    -62.     22.   -0.16851E+17    0.24723E+17   -0.32394E+17   -0.20033E+17    0.52202E+16    0.10032E+17                0.4724
    64    6   -5    -66.     20.   -0.18422E+17    0.23826E+17   -0.33265E+17   -0.21533E+17    0.24894E+16    0.96029E+16                0.5234
    64    6   -4    -66.     18.   -0.19843E+17    0.22703E+17   -0.33828E+17   -0.22904E+17   -0.30439E+15    0.90840E+16                0.5725
    64    6   -3    -63.     17.   -0.21099E+17    0.21360E+17   -0.34077E+17   -0.24136E+17   -0.31366E+16    0.84789E+16                0.6180
    64    6   -2    -59.     15.   -0.22176E+17    0.19808E+17   -0.34010E+17   -0.25218E+17   -0.59827E+16    0.77914E+16                0.6586
    64    6   -1    -54.     13.   -0.23064E+17    0.18059E+17   -0.33627E+17   -0.26143E+17   -0.88161E+16    0.70282E+16                0.6930
    64    6    0    -49.     11.   -0.23753E+17    0.16128E+17   -0.32933E+17   -0.26903E+17   -0.11612E+17    0.61943E+16                0.7200
    64    6    1    -44.      9.   -0.24236E+17    0.14032E+17   -0.31935E+17   -0.27490E+17   -0.14344E+17    0.52969E+16                0.7389
    64    6    2    -40.      8.   -0.24508E+17    0.11790E+17   -0.30646E+17   -0.27902E+17   -0.16988E+17    0.43436E+16                0.7490
    64    6    3    -35.      6.   -0.24565E+17    0.94215E+16   -0.29079E+17   -0.28132E+17   -0.19518E+17    0.33421E+16                0.7500
    64    6    4    -32.      4.   -0.24406E+17    0.69487E+16   -0.27250E+17   -0.28181E+17   -0.21912E+17    0.23004E+16                0.7419
    64    6    5    -29.      2.   -0.24032E+17    0.43953E+16   -0.25179E+17   -0.28046E+17   -0.24146E+17    0.12281E+16                0.7250
    64    6    6    -27.      0.   -0.23447E+17    0.17849E+16   -0.22890E+17   -0.27729E+17   -0.26199E+17    0.13413E+15                0.6998
    65    3   -6    -53.    -24.   -0.11326E+17    0.15521E+17   -0.29901E+17   -0.36233E+17   -0.10046E+17   -0.20177E+17                0.5491
    65    3   -5    -55.    -25.   -0.12404E+17    0.13269E+17   -0.34051E+17   -0.38495E+17   -0.11681E+17   -0.22193E+17                0.5956
    65    3   -4    -55.    -25.   -0.13377E+17    0.10928E+17   -0.37880E+17   -0.40491E+17   -0.13271E+17   -0.24099E+17                0.6361
    65    3   -3    -54.    -25.   -0.14232E+17    0.85235E+16   -0.41348E+17   -0.42198E+17   -0.14799E+17   -0.25873E+17                0.6691
    65    3   -2    -53.    -25.   -0.14961E+17    0.60795E+16   -0.44421E+17   -0.43596E+17   -0.16250E+17   -0.27494E+17                0.6933
    65    3   -1    -52.    -25.   -0.15556E+17    0.36213E+16   -0.47068E+17   -0.44672E+17   -0.17610E+17   -0.28949E+17                0.7079
    65    3    0    -50.    -26.   -0.16011E+17    0.11750E+16   -0.49262E+17   -0.45408E+17   -0.18863E+17   -0.30218E+17                0.7121
    65    3    1    -49.    -26.   -0.16320E+17   -0.12338E+16   -0.50981E+17   -0.45796E+17   -0.19995E+17   -0.31287E+17                0.7057
    65    3    2    -47.    -26.   -0.16479E+17   -0.35818E+16   -0.52210E+17   -0.45828E+17   -0.20995E+17   -0.32142E+17                0.6888
    65    3    3    -46.    -26.   -0.16487E+17   -0.58442E+16   -0.52937E+17   -0.45499E+17   -0.21849E+17   -0.32771E+17                0.6618
    65    3    4    -44.    -26.   -0.16342E+17   -0.79981E+16   -0.53154E+17   -0.44810E+17   -0.22548E+17   -0.33165E+17                0.6255
    65    3    5    -43.    -27.   -0.16047E+17   -0.10024E+17   -0.52864E+17   -0.43761E+17   -0.23083E+17   -0.33317E+17                0.5811
    65    3    6    -42.    -27.   -0.15603E+17   -0.11900E+17   -0.52071E+17   -0.42362E+17   -0.23446E+17   -0.33222E+17                0.5300
    65    4   -6    -50.    -18.   -0.11530E+17    0.12554E+17   -0.26394E+17   -0.35764E+17   -0.84115E+16   -0.12627E+17                0.5542
    65    4   -5    -51.    -18.   -0.12573E+17    0.10658E+17   -0.29362E+17   -0.37733E+17   -0.96461E+16   -0.13624E+17                0.5998
    65    4   -4    -52.    -18.   -0.13506E+17    0.86784E+16   -0.32054E+17   -0.39434E+17   -0.10841E+17   -0.14553E+17                0.6390
    65    4   -3    -51.    -18.   -0.14321E+17    0.66323E+16   -0.34444E+17   -0.40850E+17   -0.11984E+17   -0.15402E+17                0.6704
    65    4   -2    -50.    -18.   -0.15007E+17    0.45403E+16   -0.36508E+17   -0.41964E+17   -0.13063E+17   -0.16162E+17                0.6927
    65    4   -1    -49.    -18.   -0.15559E+17    0.24216E+16   -0.38225E+17   -0.42763E+17   -0.14066E+17   -0.16825E+17                0.7052
    65    4    0    -48.    -19.   -0.15968E+17    0.29712E+15   -0.39580E+17   -0.43237E+17   -0.14985E+17   -0.17384E+17                0.7073
    65    4    1    -47.    -19.   -0.16231E+17   -0.18135E+16   -0.40559E+17   -0.43378E+17   -0.15809E+17   -0.17831E+17                0.6988
    65    4    2    -45.    -19.   -0.16345E+17   -0.38895E+16   -0.41154E+17   -0.43184E+17   -0.16529E+17   -0.18163E+17                0.6799
    65    4    3    -44.    -19.   -0.16307E+17   -0.59114E+16   -0.41360E+17   -0.42650E+17   -0.17136E+17   -0.18370E+17                0.6512
    65    4    4    -43.    -19.   -0.16117E+17   -0.78602E+16   -0.41177E+17   -0.41781E+17   -0.17623E+17   -0.18454E+17                0.6134
    65    4    5    -41.    -19.   -0.15777E+17   -0.97173E+16   -0.40609E+17   -0.40582E+17   -0.17985E+17   -0.18410E+17                0.5680
    65    4    6    -40.    -20.   -0.15291E+17   -0.11465E+17   -0.39663E+17   -0.39060E+17   -0.18215E+17   -0.18236E+17                0.5162
    65    5   -6    -47.     -7.   -0.11575E+17    0.91989E+16   -0.22840E+17   -0.34497E+17   -0.59419E+16   -0.41898E+16                0.5491
    65    5   -5    -48.     -8.   -0.12608E+17    0.77273E+16   -0.25068E+17   -0.36241E+17   -0.69475E+16   -0.44929E+16                0.5936
    65    5   -4    -48.     -8.   -0.13531E+17    0.61930E+16   -0.27060E+17   -0.37723E+17   -0.79257E+16   -0.47788E+16                0.6314
    65    5   -3    -47.     -8.   -0.14336E+17    0.46104E+16   -0.28793E+17   -0.38925E+17   -0.88667E+16   -0.50436E+16                0.6611
    65    5   -2    -47.     -8.   -0.15012E+17    0.29930E+16   -0.30253E+17   -0.39836E+17   -0.97624E+16   -0.52861E+16                0.6817
    65    5   -1    -46.     -8.   -0.15552E+17    0.13560E+16   -0.31425E+17   -0.40445E+17   -0.10604E+17   -0.55033E+16                0.6924
    65    5    0    -45.     -8.   -0.15950E+17   -0.28554E+15   -0.32297E+17   -0.40741E+17   -0.11381E+17   -0.56915E+16                0.6928
    65    5    1    -44.     -8.   -0.16202E+17   -0.19165E+16   -0.32862E+17   -0.40723E+17   -0.12088E+17   -0.58503E+16                0.6826
    65    5    2    -43.     -8.   -0.16304E+17   -0.35225E+16   -0.33116E+17   -0.40386E+17   -0.12716E+17   -0.59771E+16                0.6622
    65    5    3    -42.     -8.   -0.16255E+17   -0.50878E+16   -0.33057E+17   -0.39732E+17   -0.13259E+17   -0.60706E+16                0.6321
    65    5    4    -41.     -9.   -0.16054E+17   -0.65996E+16   -0.32688E+17   -0.38766E+17   -0.13710E+17   -0.61306E+16                0.5934
    65    5    5    -39.     -9.   -0.15704E+17   -0.80425E+16   -0.32013E+17   -0.37491E+17   -0.14065E+17   -0.61541E+16                0.5472
    65    5    6    -38.     -9.   -0.15207E+17   -0.94048E+16   -0.31042E+17   -0.35920E+17   -0.14318E+17   -0.61423E+16                0.4952
    65    6   -6    -33.     12.   -0.11613E+17    0.66382E+16   -0.19271E+17   -0.32123E+17   -0.26059E+16    0.48636E+16                0.5413
    65    6   -5    -33.     12.   -0.12639E+17    0.56736E+16   -0.20926E+17   -0.33557E+17   -0.33623E+16    0.52045E+16                0.5836
    65    6   -4    -34.     12.   -0.13556E+17    0.46675E+16   -0.22381E+17   -0.34743E+17   -0.41134E+16    0.55014E+16                0.6190
    65    6   -3    -33.     12.   -0.14353E+17    0.36285E+16   -0.23620E+17   -0.35668E+17   -0.48531E+16    0.57505E+16                0.6462
    65    6   -2    -33.     12.   -0.15022E+17    0.25660E+16   -0.24632E+17   -0.36320E+17   -0.55734E+16    0.59505E+16                0.6641
    65    6   -1    -33.     12.   -0.15554E+17    0.14894E+16   -0.25407E+17   -0.36693E+17   -0.62683E+16    0.60981E+16                0.6722
    65    6    0    -32.     12.   -0.15945E+17    0.40916E+15   -0.25938E+17   -0.36779E+17   -0.69306E+16    0.61919E+16                0.6699
    65    6    1    -32.     12.   -0.16189E+17   -0.66603E+15   -0.26219E+17   -0.36578E+17   -0.75541E+16    0.62304E+16                0.6574
    65    6    2    -31.     12.   -0.16283E+17   -0.17259E+16   -0.26250E+17   -0.36087E+17   -0.81319E+16    0.62136E+16                0.6348
    65    6    3    -30.     12.   -0.16226E+17   -0.27611E+16   -0.26031E+17   -0.35311E+17   -0.86593E+16    0.61395E+16                0.6030
    65    6    4    -30.     12.   -0.16017E+17   -0.37630E+16   -0.25565E+17   -0.34254E+17   -0.91293E+16    0.60099E+16                0.5630
    65    6    5    -29.     12.   -0.15659E+17   -0.47220E+16   -0.24858E+17   -0.32924E+17   -0.95383E+16    0.58241E+16                0.5160
    65    6    6    -28.     12.   -0.15155E+17   -0.56303E+16   -0.23919E+17   -0.31332E+17   -0.98811E+16    0.55840E+16                0.4636
    66    3   -6    -54.    -22.   -0.11789E+17    0.15480E+17   -0.30788E+17   -0.35423E+17   -0.75813E+16   -0.17122E+17                0.5940
    66    3   -5    -56.    -23.   -0.13003E+17    0.13657E+17   -0.35414E+17   -0.37844E+17   -0.10098E+17   -0.20225E+17                0.6363
    66    3   -4    -57.    -24.   -0.14109E+17    0.11744E+17   -0.39704E+17   -0.40016E+17   -0.12597E+17   -0.23249E+17                0.6724
    66    3   -3    -56.    -25.   -0.15096E+17    0.97582E+16   -0.43614E+17   -0.41916E+17   -0.15055E+17   -0.26162E+17                0.7010
    66    3   -2    -54.    -25.   -0.15955E+17    0.77220E+16   -0.47108E+17   -0.43523E+17   -0.17448E+17   -0.28936E+17                0.7212
    66    3   -1    -53.    -26.   -0.16677E+17    0.56544E+16   -0.50153E+17   -0.44820E+17   -0.19750E+17   -0.31540E+17                0.7320
    66    3    0    -51.    -27.   -0.17254E+17    0.35763E+16   -0.52720E+17   -0.45792E+17   -0.21941E+17   -0.33951E+17                0.7331
    66    3    1    -49.    -27.   -0.17681E+17    0.15098E+16   -0.54787E+17   -0.46424E+17   -0.23992E+17   -0.36134E+17                0.7244
    66    3    2    -48.    -28.   -0.17953E+17   -0.52789E+15   -0.56335E+17   -0.46713E+17   -0.25890E+17   -0.38078E+17                0.7060
    66    3    3    -46.    -28.   -0.18068E+17   -0.25132E+16   -0.57355E+17   -0.46642E+17   -0.27604E+17   -0.39743E+17                0.6784
    66    3    4    -45.    -29.   -0.18025E+17   -0.44284E+16   -0.57835E+17   -0.46215E+17   -0.29121E+17   -0.41121E+17                0.6425
    66    3    5    -43.    -29.   -0.17824E+17   -0.62561E+16   -0.57778E+17   -0.45432E+17   -0.30423E+17   -0.42192E+17                0.5994
    66    3    6    -42.    -30.   -0.17467E+17   -0.79799E+16   -0.57187E+17   -0.44299E+17   -0.31498E+17   -0.42948E+17                0.5505
    66    4   -6    -51.    -13.   -0.12284E+17    0.13953E+17   -0.26474E+17   -0.34153E+17   -0.50873E+16   -0.82868E+16                0.5941
    66    4   -5    -53.    -15.   -0.13514E+17    0.12312E+17   -0.30141E+17   -0.36351E+17   -0.73465E+16   -0.10373E+17                0.6356
    66    4   -4    -54.    -16.   -0.14632E+17    0.10568E+17   -0.33528E+17   -0.38301E+17   -0.95959E+16   -0.12424E+17                0.6709
    66    4   -3    -54.    -17.   -0.15624E+17    0.87381E+16   -0.36601E+17   -0.39983E+17   -0.11814E+17   -0.14419E+17                0.6987
    66    4   -2    -53.    -18.   -0.16482E+17    0.68381E+16   -0.39335E+17   -0.41377E+17   -0.13978E+17   -0.16335E+17                0.7179
    66    4   -1    -51.    -19.   -0.17197E+17    0.48855E+16   -0.41702E+17   -0.42473E+17   -0.16070E+17   -0.18159E+17                0.7280
    66    4    0    -50.    -20.   -0.17761E+17    0.28982E+16   -0.43683E+17   -0.43255E+17   -0.18066E+17   -0.19870E+17                0.7284
    66    4    1    -49.    -20.   -0.18168E+17    0.89494E+15   -0.45260E+17   -0.43714E+17   -0.19946E+17   -0.21447E+17                0.7191
    66    4    2    -47.    -21.   -0.18416E+17   -0.11071E+16   -0.46421E+17   -0.43846E+17   -0.21693E+17   -0.22880E+17                0.7004
    66    4    3    -46.    -22.   -0.18500E+17   -0.30883E+16   -0.47158E+17   -0.43643E+17   -0.23287E+17   -0.24147E+17                0.6726
    66    4    4    -44.    -22.   -0.18421E+17   -0.50298E+16   -0.47467E+17   -0.43104E+17   -0.24709E+17   -0.25236E+17                0.6369
    66    4    5    -43.    -23.   -0.18179E+17   -0.69160E+16   -0.47348E+17   -0.42237E+17   -0.25950E+17   -0.26141E+17                0.5941
    66    4    6    -42.    -24.   -0.17777E+17   -0.87288E+16   -0.46806E+17   -0.41045E+17   -0.26992E+17   -0.26847E+17                0.5458
    66    5   -6    -45.     -1.   -0.12746E+17    0.11802E+17   -0.21735E+17   -0.33489E+17   -0.36773E+16   -0.72560E+15                0.5912
    66    5   -5    -48.     -3.   -0.13998E+17    0.10520E+17   -0.24667E+17   -0.35348E+17   -0.56608E+16   -0.18298E+16                0.6314
    66    5   -4    -49.     -5.   -0.15132E+17    0.91472E+16   -0.27367E+17   -0.36960E+17   -0.76395E+16   -0.29422E+16                0.6650
    66    5   -3    -50.     -6.   -0.16138E+17    0.76952E+16   -0.29810E+17   -0.38306E+17   -0.95934E+16   -0.40505E+16                0.6910
    66    5   -2    -49.     -7.   -0.17004E+17    0.61768E+16   -0.31972E+17   -0.39375E+17   -0.11506E+17   -0.51471E+16                0.7084
    66    5   -1    -49.     -8.   -0.17722E+17    0.46048E+16   -0.33837E+17   -0.40151E+17   -0.13354E+17   -0.62157E+16                0.7166
    66    5    0    -48.     -9.   -0.18285E+17    0.29932E+16   -0.35387E+17   -0.40628E+17   -0.15124E+17   -0.72501E+16                0.7152
    66    5    1    -47.    -10.   -0.18687E+17    0.13565E+16   -0.36609E+17   -0.40799E+17   -0.16796E+17   -0.82388E+16                0.7042
    66    5    2    -46.    -11.   -0.18923E+17   -0.29116E+15   -0.37495E+17   -0.40660E+17   -0.18353E+17   -0.91718E+16                0.6839
    66    5    3    -45.    -12.   -0.18992E+17   -0.19351E+16   -0.38038E+17   -0.40212E+17   -0.19780E+17   -0.10040E+17                0.6550
    66    5    4    -44.    -13.   -0.18892E+17   -0.35603E+16   -0.38236E+17   -0.39456E+17   -0.21062E+17   -0.10836E+17                0.6182
    66    5    5    -43.    -13.   -0.18625E+17   -0.51525E+16   -0.38091E+17   -0.38398E+17   -0.22186E+17   -0.11552E+17                0.5748
    66    5    6    -41.    -14.   -0.18194E+17   -0.66977E+16   -0.37608E+17   -0.37044E+17   -0.23140E+17   -0.12179E+17                0.5262
    66    6   -6    -24.     19.   -0.13061E+17    0.95258E+16   -0.17893E+17   -0.31102E+17   -0.67470E+15    0.82714E+16                0.5831
    66    6   -5    -28.     17.   -0.14334E+17    0.86581E+16   -0.20216E+17   -0.32560E+17   -0.23601E+16    0.80765E+16                0.6211
    66    6   -4    -31.     16.   -0.15486E+17    0.77181E+16   -0.22347E+17   -0.33783E+17   -0.40592E+16    0.78148E+16                0.6525
    66    6   -3    -33.     15.   -0.16506E+17    0.67134E+16   -0.24266E+17   -0.34759E+17   -0.57548E+16    0.74902E+16                0.6760
    66    6   -2    -35.     14.   -0.17383E+17    0.56522E+16   -0.25957E+17   -0.35477E+17   -0.74321E+16    0.71040E+16                0.6909
    66    6   -1    -36.     13.   -0.18109E+17    0.45441E+16   -0.27403E+17   -0.35930E+17   -0.90740E+16    0.66612E+16                0.6967
    66    6    0    -37.     12.   -0.18675E+17    0.33981E+16   -0.28593E+17   -0.36111E+17   -0.10665E+17    0.61648E+16                0.6930
    66    6    1    -37.     10.   -0.19077E+17    0.22247E+16   -0.29517E+17   -0.36017E+17   -0.12189E+17    0.56194E+16                0.6799
    66    6    2    -38.      9.   -0.19311E+17    0.10338E+16   -0.30168E+17   -0.35647E+17   -0.13631E+17    0.50306E+16                0.6578
    66    6    3    -38.      8.   -0.19373E+17   -0.16428E+15   -0.30543E+17   -0.35004E+17   -0.14977E+17    0.44023E+16                0.6274
    66    6    4    -38.      6.   -0.19263E+17   -0.13587E+16   -0.30640E+17   -0.34092E+17   -0.16213E+17    0.37403E+16                0.5895
    66    6    5    -38.      5.   -0.18982E+17   -0.25390E+16   -0.30461E+17   -0.32917E+17   -0.17327E+17    0.30496E+16                0.5455
    66    6    6    -38.      4.   -0.18533E+17   -0.36947E+16   -0.30010E+17   -0.31489E+17   -0.18308E+17    0.23364E+16                0.4967
    67    3   -6    -16.    -25.   -0.87734E+16    0.15950E+17   -0.13344E+17   -0.36721E+17   -0.11563E+16   -0.15220E+17                0.6454
    67    3   -5    -29.    -26.   -0.98989E+16    0.13516E+17   -0.19817E+17   -0.39057E+17   -0.37583E+16   -0.18628E+17                0.6756
    67    3   -4    -38.    -27.   -0.10943E+17    0.10986E+17   -0.26113E+17   -0.41130E+17   -0.63963E+16   -0.21970E+17                0.7000
    67    3   -3    -44.    -27.   -0.11896E+17    0.83887E+16   -0.32170E+17   -0.42919E+17   -0.90469E+16   -0.25214E+17                0.7178
    67    3   -2    -48.    -28.   -0.12748E+17    0.57481E+16   -0.37933E+17   -0.44404E+17   -0.11683E+17   -0.28325E+17                0.7284
    67    3   -1    -50.    -28.   -0.13492E+17    0.30945E+16   -0.43346E+17   -0.45567E+17   -0.14276E+17   -0.31267E+17                0.7313
    67    3    0    -50.    -28.   -0.14121E+17    0.45311E+15   -0.48359E+17   -0.46392E+17   -0.16799E+17   -0.34007E+17                0.7264
    67    3    1    -49.    -29.   -0.14628E+17   -0.21467E+16   -0.52926E+17   -0.46867E+17   -0.19224E+17   -0.36513E+17                0.7137
    67    3    2    -48.    -29.   -0.15010E+17   -0.46813E+16   -0.57003E+17   -0.46989E+17   -0.21532E+17   -0.38764E+17                0.6937
    67    3    3    -47.    -29.   -0.15262E+17   -0.71216E+16   -0.60555E+17   -0.46745E+17   -0.23689E+17   -0.40722E+17                0.6667
    67    3    4    -45.    -29.   -0.15383E+17   -0.94452E+16   -0.63551E+17   -0.46134E+17   -0.25672E+17   -0.42363E+17                0.6336
    67    3    5    -43.    -29.   -0.15373E+17   -0.11629E+17   -0.65965E+17   -0.45160E+17   -0.27463E+17   -0.43673E+17                0.5955
    67    3    6    -42.    -29.   -0.15230E+17   -0.13651E+17   -0.67776E+17   -0.43828E+17   -0.29038E+17   -0.44629E+17                0.5533
    67    4   -6     -9.    -11.   -0.90787E+16    0.11770E+17   -0.14071E+17   -0.34994E+17    0.32186E+16   -0.51835E+16                0.6446
    67    4   -5    -25.    -14.   -0.10226E+17    0.97554E+16   -0.19503E+17   -0.37196E+17    0.73746E+15   -0.78268E+16                0.6752
    67    4   -4    -36.    -16.   -0.11286E+17    0.76476E+16   -0.24771E+17   -0.39147E+17   -0.18067E+16   -0.10465E+17                0.6999
    67    4   -3    -42.    -18.   -0.12250E+17    0.54660E+16   -0.29827E+17   -0.40822E+17   -0.43875E+16   -0.13068E+17                0.7179
    67    4   -2    -46.    -19.   -0.13108E+17    0.32305E+16   -0.34626E+17   -0.42207E+17   -0.69807E+16   -0.15611E+17                0.7286
    67    4   -1    -48.    -20.   -0.13853E+17    0.96128E+15   -0.39124E+17   -0.43287E+17   -0.95623E+16   -0.18071E+17                0.7317
    67    4    0    -49.    -21.   -0.14476E+17   -0.13186E+16   -0.43280E+17   -0.44048E+17   -0.12104E+17   -0.20418E+17                0.7269
    67    4    1    -49.    -22.   -0.14973E+17   -0.35883E+16   -0.47058E+17   -0.44477E+17   -0.14579E+17   -0.22626E+17                0.7144
    67    4    2    -48.    -22.   -0.15339E+17   -0.58262E+16   -0.50423E+17   -0.44572E+17   -0.16964E+17   -0.24674E+17                0.6945
    67    4    3    -47.    -23.   -0.15570E+17   -0.80102E+16   -0.53349E+17   -0.44325E+17   -0.19232E+17   -0.26536E+17                0.6677
    67    4    4    -46.    -23.   -0.15666E+17   -0.10120E+17   -0.55808E+17   -0.43739E+17   -0.21361E+17   -0.28196E+17                0.6350
    67    4    5    -44.    -24.   -0.15625E+17   -0.12135E+17   -0.57783E+17   -0.42813E+17   -0.23328E+17   -0.29632E+17                0.5972
    67    4    6    -43.    -24.   -0.15448E+17   -0.14037E+17   -0.59258E+17   -0.41555E+17   -0.25112E+17   -0.30830E+17                0.5556
    67    5   -6      6.      7.   -0.94950E+16    0.86932E+16   -0.11863E+17   -0.34376E+17    0.52985E+16    0.26374E+16                0.6443
    67    5   -5    -13.      2.   -0.10655E+17    0.71692E+16   -0.16387E+17   -0.36188E+17    0.30431E+16    0.98214E+15                0.6733
    67    5   -4    -27.     -1.   -0.11725E+17    0.55689E+16   -0.20771E+17   -0.37746E+17    0.71564E+15   -0.71059E+15                0.6960
    67    5   -3    -36.     -4.   -0.12693E+17    0.39065E+16   -0.24975E+17   -0.39033E+17   -0.16604E+16   -0.24221E+16                0.7117
    67    5   -2    -42.     -7.   -0.13552E+17    0.21956E+16   -0.28964E+17   -0.40039E+17   -0.40646E+16   -0.41387E+16                0.7199
    67    5   -1    -45.     -8.   -0.14292E+17    0.45261E+15   -0.32701E+17   -0.40750E+17   -0.64714E+16   -0.58397E+16                0.7202
    67    5    0    -47.    -10.   -0.14907E+17   -0.13067E+16   -0.36153E+17   -0.41157E+17   -0.88566E+16   -0.75076E+16                0.7126
    67    5    1    -48.    -11.   -0.15391E+17   -0.30661E+16   -0.39290E+17   -0.41254E+17   -0.11196E+17   -0.91253E+16                0.6973
    67    5    2    -48.    -13.   -0.15740E+17   -0.48101E+16   -0.42085E+17   -0.41039E+17   -0.13468E+17   -0.10677E+17                0.6748
    67    5    3    -48.    -14.   -0.15950E+17   -0.65225E+16   -0.44517E+17   -0.40511E+17   -0.15648E+17   -0.12147E+17                0.6457
    67    5    4    -47.    -15.   -0.16020E+17   -0.81865E+16   -0.46565E+17   -0.39672E+17   -0.17713E+17   -0.13518E+17                0.6108
    67    5    5    -46.    -15.   -0.15951E+17   -0.97872E+16   -0.48212E+17   -0.38530E+17   -0.19645E+17   -0.14781E+17                0.5714
    67    5    6    -44.    -16.   -0.15742E+17   -0.11309E+17   -0.49447E+17   -0.37091E+17   -0.21421E+17   -0.15919E+17                0.5285
    67    6   -6     19.     24.   -0.97542E+16    0.64266E+16   -0.10123E+17   -0.32280E+17    0.85363E+16    0.11232E+17                0.6376
    67    6   -5      5.     22.   -0.10923E+17    0.53791E+16   -0.13785E+17   -0.33625E+17    0.65371E+16    0.10522E+17                0.6636
    67    6   -4     -8.     20.   -0.11999E+17    0.42747E+16   -0.17326E+17   -0.34728E+17    0.44453E+16    0.97215E+16                0.6830
    67    6   -3    -18.     18.   -0.12972E+17    0.31229E+16   -0.20715E+17   -0.35576E+17    0.22817E+16    0.88390E+16                0.6952
    67    6   -2    -26.     16.   -0.13831E+17    0.19334E+16   -0.23923E+17   -0.36161E+17    0.67367E+14    0.78834E+16                0.6999
    67    6   -1    -32.     14.   -0.14569E+17    0.71717E+15   -0.26921E+17   -0.36475E+17   -0.21766E+16    0.68641E+16                0.6967
    67    6    0    -37.     12.   -0.15178E+17   -0.51547E+15   -0.29683E+17   -0.36513E+17   -0.44280E+16    0.57915E+16                0.6858
    67    6    1    -41.      9.   -0.15654E+17   -0.17533E+16   -0.32186E+17   -0.36274E+17   -0.66643E+16    0.46765E+16                0.6674
    67    6    2    -44.      6.   -0.15991E+17   -0.29842E+16   -0.34409E+17   -0.35757E+17   -0.88637E+16    0.35293E+16                0.6422
    67    6    3    -46.      4.   -0.16188E+17   -0.41975E+16   -0.36332E+17   -0.34966E+17   -0.11004E+17    0.23614E+16                0.6108
    67    6    4    -47.      2.   -0.16242E+17   -0.53817E+16   -0.37942E+17   -0.33905E+17   -0.13063E+17    0.11836E+16                0.5743
    67    6    5    -48.      0.   -0.16154E+17   -0.65257E+16   -0.39225E+17   -0.32585E+17   -0.15022E+17    0.65584E+13                0.5337
    67    6    6    -46.     -2.   -0.15924E+17   -0.76191E+16   -0.40173E+17   -0.31013E+17   -0.16859E+17   -0.11584E+16                0.4904
    68    3   -6    -50.    -10.   -0.16404E+17    0.19718E+17   -0.83008E+17   -0.22270E+17    0.18724E+16   -0.11297E+17                0.6384
    68    3   -5    -52.    -15.   -0.17579E+17    0.18204E+17   -0.82238E+17   -0.26149E+17   -0.33339E+16   -0.17649E+17                0.6918
    68    3   -4    -53.    -19.   -0.18604E+17    0.16493E+17   -0.80691E+17   -0.29904E+17   -0.86081E+16   -0.23977E+17                0.7402
    68    3   -3    -53.    -22.   -0.19466E+17    0.14600E+17   -0.78383E+17   -0.33499E+17   -0.13898E+17   -0.30217E+17                0.7823
    68    3   -2    -51.    -26.   -0.20158E+17    0.12540E+17   -0.75335E+17   -0.36906E+17   -0.19159E+17   -0.36322E+17                0.8168
    68    3   -1    -49.    -28.   -0.20673E+17    0.10331E+17   -0.71581E+17   -0.40090E+17   -0.24339E+17   -0.42228E+17                0.8426
    68    3    0    -47.    -31.   -0.21006E+17    0.79914E+16   -0.67158E+17   -0.43025E+17   -0.29389E+17   -0.47884E+17                0.8591
    68    3    1    -44.    -33.   -0.21152E+17    0.55434E+16   -0.62113E+17   -0.45684E+17   -0.34263E+17   -0.53241E+17                0.8657
    68    3    2    -42.    -35.   -0.21112E+17    0.30095E+16   -0.56498E+17   -0.48039E+17   -0.38911E+17   -0.58242E+17                0.8622
    68    3    3    -40.    -36.   -0.20884E+17    0.41299E+15   -0.50370E+17   -0.50072E+17   -0.43294E+17   -0.62850E+17                0.8490
    68    3    4    -39.    -38.   -0.20471E+17   -0.22213E+16   -0.43795E+17   -0.51765E+17   -0.47368E+17   -0.67020E+17                0.8264
    68    3    5    -39.    -39.   -0.19879E+17   -0.48682E+16   -0.36841E+17   -0.53097E+17   -0.51092E+17   -0.70710E+17                0.7953
    68    3    6    -39.    -39.   -0.19112E+17   -0.75013E+16   -0.29580E+17   -0.54052E+17   -0.54425E+17   -0.73878E+17                0.7566
    68    4   -6    -55.      4.   -0.18052E+17    0.25727E+17   -0.68706E+17   -0.16290E+17    0.11210E+17    0.36191E+16                0.6139
    68    4   -5    -64.     -1.   -0.19215E+17    0.23831E+17   -0.68536E+17   -0.19409E+17    0.65785E+16   -0.46959E+15                0.6659
    68    4   -4    -66.     -5.   -0.20213E+17    0.21691E+17   -0.67729E+17   -0.22430E+17    0.18303E+16   -0.46061E+16                0.7140
    68    4   -3    -65.     -9.   -0.21035E+17    0.19325E+17   -0.66295E+17   -0.25330E+17   -0.29940E+16   -0.87577E+16                0.7567
    68    4   -2    -62.    -13.   -0.21672E+17    0.16752E+17   -0.64247E+17   -0.28084E+17   -0.78513E+16   -0.12889E+17                0.7929
    68    4   -1    -58.    -16.   -0.22120E+17    0.13994E+17   -0.61607E+17   -0.30671E+17   -0.12700E+17   -0.16968E+17                0.8214
    68    4    0    -52.    -19.   -0.22372E+17    0.11077E+17   -0.58402E+17   -0.33068E+17   -0.17493E+17   -0.20958E+17                0.8413
    68    4    1    -47.    -22.   -0.22427E+17    0.80273E+16   -0.54665E+17   -0.35256E+17   -0.22191E+17   -0.24826E+17                0.8522
    68    4    2    -43.    -25.   -0.22283E+17    0.48722E+16   -0.50436E+17   -0.37217E+17   -0.26749E+17   -0.28541E+17                0.8538
    68    4    3    -40.    -27.   -0.21943E+17    0.16417E+16   -0.45758E+17   -0.38934E+17   -0.31125E+17   -0.32069E+17                0.8461
    68    4    4    -38.    -28.   -0.21410E+17   -0.16335E+16   -0.40681E+17   -0.40390E+17   -0.35279E+17   -0.35380E+17                0.8294
    68    4    5    -37.    -30.   -0.20688E+17   -0.49227E+16   -0.35256E+17   -0.41577E+17   -0.39175E+17   -0.38449E+17                0.8043
    68    4    6    -37.    -31.   -0.19785E+17   -0.81935E+16   -0.29542E+17   -0.42482E+17   -0.42775E+17   -0.41247E+17                0.7718
    68    5   -6    -64.      9.   -0.19286E+17    0.25342E+17   -0.56767E+17   -0.17190E+17    0.10904E+17    0.61964E+16                0.6023
    68    5   -5    -73.      6.   -0.20443E+17    0.23810E+17   -0.56799E+17   -0.19472E+17    0.69633E+16    0.40905E+16                0.6565
    68    5   -4    -78.      3.   -0.21424E+17    0.22043E+17   -0.56304E+17   -0.21646E+17    0.29107E+16    0.19272E+16                0.7067
    68    5   -3    -79.     -0.   -0.22218E+17    0.20054E+17   -0.55285E+17   -0.23695E+17   -0.12177E+16   -0.27538E+15                0.7515
    68    5   -2    -73.     -3.   -0.22818E+17    0.17861E+17   -0.53754E+17   -0.25602E+17   -0.53835E+16   -0.24993E+16                0.7895
    68    5   -1    -65.     -6.   -0.23217E+17    0.15483E+17   -0.51727E+17   -0.27352E+17   -0.95490E+16   -0.47256E+16                0.8196
    68    5    0    -58.     -8.   -0.23412E+17    0.12942E+17   -0.49226E+17   -0.28929E+17   -0.13675E+17   -0.69350E+16                0.8408
    68    5    1    -51.    -11.   -0.23400E+17    0.10261E+17   -0.46276E+17   -0.30321E+17   -0.17723E+17   -0.91104E+16                0.8525
    68    5    2    -45.    -13.   -0.23182E+17    0.74646E+16   -0.42907E+17   -0.31516E+17   -0.21656E+17   -0.11232E+17                0.8545
    68    5    3    -40.    -15.   -0.22759E+17    0.45803E+16   -0.39157E+17   -0.32502E+17   -0.25436E+17   -0.13282E+17                0.8466
    68    5    4    -37.    -17.   -0.22137E+17    0.16350E+16   -0.35064E+17   -0.33272E+17   -0.29027E+17   -0.15242E+17                0.8293
    68    5    5    -36.    -19.   -0.21320E+17   -0.13430E+16   -0.30670E+17   -0.33820E+17   -0.32398E+17   -0.17100E+17                0.8030
    68    5    6    -35.    -20.   -0.20318E+17   -0.43246E+16   -0.26021E+17   -0.34138E+17   -0.35513E+17   -0.18835E+17                0.7687
    68    6   -6    -64.     21.   -0.20369E+17    0.21957E+17   -0.45352E+17   -0.15712E+17    0.13035E+17    0.11221E+17                0.5921
    68    6   -5    -70.     20.   -0.21512E+17    0.20711E+17   -0.45573E+17   -0.17359E+17    0.95510E+16    0.10638E+17                0.6469
    68    6   -4    -70.     18.   -0.22469E+17    0.19263E+17   -0.45374E+17   -0.18908E+17    0.59417E+16    0.99689E+16                0.6979
    68    6   -3    -66.     16.   -0.23229E+17    0.17624E+17   -0.44758E+17   -0.20345E+17    0.22405E+16    0.92196E+16                0.7434
    68    6   -2    -61.     15.   -0.23786E+17    0.15808E+17   -0.43731E+17   -0.21659E+17   -0.15183E+16    0.83957E+16                0.7822
    68    6   -1    -55.     13.   -0.24134E+17    0.13832E+17   -0.42303E+17   -0.22839E+17   -0.52995E+16    0.75033E+16                0.8130
    68    6    0    -49.     11.   -0.24269E+17    0.11715E+17   -0.40492E+17   -0.23876E+17   -0.90669E+16    0.65497E+16                0.8348
    68    6    1    -43.     10.   -0.24189E+17    0.94743E+16   -0.38314E+17   -0.24762E+17   -0.12785E+17    0.55426E+16                0.8470
    68    6    2    -38.      8.   -0.23896E+17    0.71330E+16   -0.35794E+17   -0.25488E+17   -0.16418E+17    0.44891E+16                0.8493
    68    6    3    -34.      6.   -0.23392E+17    0.47129E+16   -0.32957E+17   -0.26047E+17   -0.19931E+17    0.33997E+16                0.8416
    68    6    4    -31.      4.   -0.22683E+17    0.22373E+16   -0.29834E+17   -0.26435E+17   -0.23290E+17    0.22809E+16                0.8242
    68    6    5    -31.      2.   -0.21775E+17   -0.26989E+15   -0.26457E+17   -0.26650E+17   -0.26464E+17    0.11421E+16                0.7976
    68    6    6    -32.     -0.   -0.20678E+17   -0.27840E+16   -0.22861E+17   -0.26688E+17   -0.29421E+17   -0.74647E+13                0.7628
    69    3   -6    -50.    -26.   -0.14740E+17    0.32163E+16   -0.51525E+17   -0.34115E+17   -0.21534E+17   -0.29489E+17                0.6048
    69    3   -5    -51.    -27.   -0.15210E+17    0.43687E+16   -0.53928E+17   -0.35856E+17   -0.22692E+17   -0.31281E+17                0.6548
    69    3   -4    -52.    -27.   -0.15546E+17    0.54939E+16   -0.55802E+17   -0.37365E+17   -0.23722E+17   -0.32909E+17                0.6955
    69    3   -3    -53.    -27.   -0.15746E+17    0.65809E+16   -0.57127E+17   -0.38630E+17   -0.24618E+17   -0.34360E+17                0.7256
    69    3   -2    -53.    -27.   -0.15807E+17    0.76194E+16   -0.57884E+17   -0.39636E+17   -0.25366E+17   -0.35614E+17                0.7441
    69    3   -1    -54.    -28.   -0.15729E+17    0.85991E+16   -0.58065E+17   -0.40375E+17   -0.25962E+17   -0.36661E+17                0.7503
    69    3    0    -55.    -28.   -0.15514E+17    0.95105E+16   -0.57668E+17   -0.40838E+17   -0.26400E+17   -0.37489E+17                0.7439
    69    3    1    -56.    -28.   -0.15162E+17    0.10345E+17   -0.56694E+17   -0.41019E+17   -0.26672E+17   -0.38085E+17                0.7254
    69    3    2    -56.    -29.   -0.14679E+17    0.11094E+17   -0.55155E+17   -0.40915E+17   -0.26776E+17   -0.38443E+17                0.6953
    69    3    3    -57.    -29.   -0.14069E+17    0.11750E+17   -0.53067E+17   -0.40525E+17   -0.26708E+17   -0.38555E+17                0.6547
    69    3    4    -58.    -30.   -0.13338E+17    0.12307E+17   -0.50453E+17   -0.39849E+17   -0.26467E+17   -0.38413E+17                0.6051
    69    3    5    -59.    -30.   -0.12493E+17    0.12760E+17   -0.47342E+17   -0.38892E+17   -0.26054E+17   -0.38020E+17                0.5483
    69    3    6    -59.    -31.   -0.11544E+17    0.13104E+17   -0.43767E+17   -0.37660E+17   -0.25469E+17   -0.37370E+17                0.4863
    69    4   -6    -49.    -18.   -0.15537E+17    0.37627E+16   -0.36612E+17   -0.29252E+17   -0.16632E+17   -0.14383E+17                0.5841
    69    4   -5    -50.    -19.   -0.16051E+17    0.42065E+16   -0.38733E+17   -0.30849E+17   -0.17648E+17   -0.15538E+17                0.6353
    69    4   -4    -51.    -19.   -0.16426E+17    0.46242E+16   -0.40475E+17   -0.32242E+17   -0.18564E+17   -0.16623E+17                0.6779
    69    4   -3    -52.    -19.   -0.16658E+17    0.50111E+16   -0.41820E+17   -0.33418E+17   -0.19371E+17   -0.17625E+17                0.7102
    69    4   -2    -52.    -20.   -0.16745E+17    0.53633E+16   -0.42751E+17   -0.34366E+17   -0.20063E+17   -0.18534E+17                0.7313
    69    4   -1    -53.    -20.   -0.16685E+17    0.56771E+16   -0.43258E+17   -0.35076E+17   -0.20631E+17   -0.19342E+17                0.7403
    69    4    0    -53.    -21.   -0.16480E+17    0.59485E+16   -0.43335E+17   -0.35540E+17   -0.21070E+17   -0.20037E+17                0.7370
    69    4    1    -54.    -21.   -0.16131E+17    0.61745E+16   -0.42981E+17   -0.35753E+17   -0.21376E+17   -0.20613E+17                0.7215
    69    4    2    -54.    -21.   -0.15643E+17    0.63522E+16   -0.42200E+17   -0.35712E+17   -0.21543E+17   -0.21060E+17                0.6945
    69    4    3    -55.    -22.   -0.15020E+17    0.64793E+16   -0.41001E+17   -0.35418E+17   -0.21571E+17   -0.21375E+17                0.6567
    69    4    4    -55.    -23.   -0.14269E+17    0.65539E+16   -0.39397E+17   -0.34868E+17   -0.21456E+17   -0.21549E+17                0.6097
    69    4    5    -56.    -23.   -0.13397E+17    0.65746E+16   -0.37406E+17   -0.34068E+17   -0.21199E+17   -0.21581E+17                0.5551
    69    4    6    -56.    -24.   -0.12413E+17    0.65404E+16   -0.35051E+17   -0.33025E+17   -0.20802E+17   -0.21467E+17                0.4947
    69    5   -6    -46.     -7.   -0.16302E+17    0.38299E+16   -0.28222E+17   -0.26148E+17   -0.13572E+17   -0.42004E+16                0.5685
    69    5   -5    -47.     -8.   -0.16864E+17    0.39612E+16   -0.30062E+17   -0.27566E+17   -0.14427E+17   -0.47880E+16                0.6196
    69    5   -4    -48.     -8.   -0.17281E+17    0.40695E+16   -0.31608E+17   -0.28800E+17   -0.15202E+17   -0.53726E+16                0.6625
    69    5   -3    -48.     -9.   -0.17548E+17    0.41533E+16   -0.32844E+17   -0.29838E+17   -0.15889E+17   -0.59466E+16                0.6956
    69    5   -2    -49.     -9.   -0.17663E+17    0.42114E+16   -0.33755E+17   -0.30670E+17   -0.16481E+17   -0.65036E+16                0.7177
    69    5   -1    -50.    -10.   -0.17626E+17    0.42425E+16   -0.34331E+17   -0.31288E+17   -0.16974E+17   -0.70376E+16                0.7282
    69    5    0    -50.    -10.   -0.17436E+17    0.42456E+16   -0.34568E+17   -0.31686E+17   -0.17361E+17   -0.75421E+16                0.7266
    69    5    1    -51.    -11.   -0.17095E+17    0.42199E+16   -0.34461E+17   -0.31858E+17   -0.17639E+17   -0.80112E+16                0.7131
    69    5    2    -51.    -12.   -0.16607E+17    0.41650E+16   -0.34012E+17   -0.31803E+17   -0.17805E+17   -0.84387E+16                0.6881
    69    5    3    -52.    -12.   -0.15977E+17    0.40803E+16   -0.33227E+17   -0.31519E+17   -0.17854E+17   -0.88183E+16                0.6525
    69    5    4    -52.    -13.   -0.15210E+17    0.39658E+16   -0.32114E+17   -0.31008E+17   -0.17786E+17   -0.91450E+16                0.6076
    69    5    5    -53.    -13.   -0.14316E+17    0.38216E+16   -0.30687E+17   -0.30272E+17   -0.17601E+17   -0.94140E+16                0.5549
    69    5    6    -53.    -14.   -0.13302E+17    0.36481E+16   -0.28961E+17   -0.29318E+17   -0.17299E+17   -0.96218E+16                0.4963
    69    6   -6    -30.     13.   -0.16968E+17    0.34233E+16   -0.22068E+17   -0.22963E+17   -0.10395E+17    0.52419E+16                0.5554
    69    6   -5    -32.     12.   -0.17581E+17    0.34348E+16   -0.23598E+17   -0.24193E+17   -0.11090E+17    0.51894E+16                0.6062
    69    6   -4    -33.     11.   -0.18044E+17    0.34277E+16   -0.24898E+17   -0.25260E+17   -0.11726E+17    0.50775E+16                0.6490
    69    6   -3    -34.     11.   -0.18352E+17    0.34016E+16   -0.25954E+17   -0.26154E+17   -0.12297E+17    0.49080E+16                0.6825
    69    6   -2    -36.     10.   -0.18503E+17    0.33564E+16   -0.26754E+17   -0.26867E+17   -0.12798E+17    0.46839E+16                0.7053
    69    6   -1    -37.      9.   -0.18494E+17    0.32920E+16   -0.27291E+17   -0.27392E+17   -0.13223E+17    0.44084E+16                0.7167
    69    6    0    -38.      8.   -0.18326E+17    0.32084E+16   -0.27557E+17   -0.27722E+17   -0.13570E+17    0.40851E+16                0.7164
    69    6    1    -40.      7.   -0.18001E+17    0.31056E+16   -0.27550E+17   -0.27855E+17   -0.13832E+17    0.37184E+16                0.7043
    69    6    2    -41.      7.   -0.17521E+17    0.29839E+16   -0.27271E+17   -0.27788E+17   -0.14009E+17    0.33126E+16                0.6809
    69    6    3    -43.      6.   -0.16892E+17    0.28435E+16   -0.26723E+17   -0.27520E+17   -0.14096E+17    0.28731E+16                0.6471
    69    6    4    -44.      5.   -0.16120E+17    0.26851E+16   -0.25912E+17   -0.27053E+17   -0.14091E+17    0.24055E+16                0.6039
    69    6    5    -46.      4.   -0.15212E+17    0.25089E+16   -0.24848E+17   -0.26390E+17   -0.13996E+17    0.19142E+16                0.5528
    69    6    6    -48.      3.   -0.14178E+17    0.23160E+16   -0.23544E+17   -0.25536E+17   -0.13808E+17    0.14057E+16                0.4958
    70    3   -6    -33.    -31.   -0.10689E+17   -0.11373E+17   -0.19400E+17   -0.29071E+17   -0.17641E+17   -0.23993E+17                0.4933
    70    3   -5    -34.    -31.   -0.11272E+17   -0.10937E+17   -0.21561E+17   -0.31105E+17   -0.18872E+17   -0.25624E+17                0.5597
    70    3   -4    -36.    -31.   -0.11756E+17   -0.10462E+17   -0.23509E+17   -0.32940E+17   -0.19998E+17   -0.27124E+17                0.6210
    70    3   -3    -37.    -31.   -0.12134E+17   -0.99523E+16   -0.25223E+17   -0.34561E+17   -0.21009E+17   -0.28481E+17                0.6753
    70    3   -2    -38.    -31.   -0.12404E+17   -0.94138E+16   -0.26682E+17   -0.35955E+17   -0.21898E+17   -0.29688E+17                0.7207
    70    3   -1    -39.    -31.   -0.12561E+17   -0.88515E+16   -0.27870E+17   -0.37110E+17   -0.22658E+17   -0.30732E+17                0.7557
    70    3    0    -40.    -31.   -0.12605E+17   -0.82709E+16   -0.28775E+17   -0.38014E+17   -0.23279E+17   -0.31601E+17                0.7790
    70    3    1    -41.    -31.   -0.12535E+17   -0.76768E+16   -0.29385E+17   -0.38660E+17   -0.23759E+17   -0.32292E+17                0.7899
    70    3    2    -42.    -31.   -0.12351E+17   -0.70740E+16   -0.29695E+17   -0.39043E+17   -0.24092E+17   -0.32797E+17                0.7880
    70    3    3    -43.    -31.   -0.12054E+17   -0.64669E+16   -0.29700E+17   -0.39158E+17   -0.24275E+17   -0.33109E+17                0.7735
    70    3    4    -44.    -31.   -0.11649E+17   -0.58593E+16   -0.29401E+17   -0.39003E+17   -0.24305E+17   -0.33223E+17                0.7468
    70    3    5    -44.    -32.   -0.11139E+17   -0.52552E+16   -0.28801E+17   -0.38577E+17   -0.24180E+17   -0.33137E+17                0.7088
    70    3    6    -45.    -32.   -0.10530E+17   -0.46576E+16   -0.27907E+17   -0.37884E+17   -0.23900E+17   -0.32849E+17                0.6609
    70    4   -6    -24.    -16.   -0.11043E+17   -0.11589E+17   -0.17033E+17   -0.22691E+17   -0.11232E+17   -0.76499E+16                0.4909
    70    4   -5    -27.    -16.   -0.11638E+17   -0.10902E+17   -0.18750E+17   -0.24448E+17   -0.12071E+17   -0.83134E+16                0.5560
    70    4   -4    -29.    -16.   -0.12128E+17   -0.10157E+17   -0.20287E+17   -0.26052E+17   -0.12849E+17   -0.89596E+16                0.6163
    70    4   -3    -31.    -16.   -0.12511E+17   -0.93611E+16   -0.21627E+17   -0.27490E+17   -0.13560E+17   -0.95833E+16                0.6700
    70    4   -2    -34.    -17.   -0.12782E+17   -0.85232E+16   -0.22756E+17   -0.28749E+17   -0.14199E+17   -0.10181E+17                0.7150
    70    4   -1    -36.    -17.   -0.12937E+17   -0.76512E+16   -0.23660E+17   -0.29819E+17   -0.14760E+17   -0.10748E+17                0.7500
    70    4    0    -38.    -17.   -0.12975E+17   -0.67530E+16   -0.24329E+17   -0.30691E+17   -0.15240E+17   -0.11280E+17                0.7737
    70    4    1    -39.    -17.   -0.12896E+17   -0.58369E+16   -0.24757E+17   -0.31357E+17   -0.15634E+17   -0.11770E+17                0.7853
    70    4    2    -41.    -18.   -0.12700E+17   -0.49111E+16   -0.24937E+17   -0.31812E+17   -0.15940E+17   -0.12218E+17                0.7845
    70    4    3    -43.    -18.   -0.12390E+17   -0.39831E+16   -0.24869E+17   -0.32050E+17   -0.16153E+17   -0.12616E+17                0.7714
    70    4    4    -44.    -19.   -0.11967E+17   -0.30610E+16   -0.24552E+17   -0.32071E+17   -0.16274E+17   -0.12962E+17                0.7463
    70    4    5    -46.    -19.   -0.11437E+17   -0.21519E+16   -0.23991E+17   -0.31873E+17   -0.16301E+17   -0.13253E+17                0.7101
    70    4    6    -47.    -20.   -0.10805E+17   -0.12630E+16   -0.23191E+17   -0.31458E+17   -0.16232E+17   -0.13484E+17                0.6642
    70    5   -6    -15.      4.   -0.11382E+17   -0.10556E+17   -0.15042E+17   -0.19695E+17   -0.85222E+16    0.11994E+16                0.4929
    70    5   -5    -18.      4.   -0.11983E+17   -0.98031E+16   -0.16408E+17   -0.21207E+17   -0.90172E+16    0.12823E+16                0.5566
    70    5   -4    -21.      4.   -0.12479E+17   -0.89927E+16   -0.17619E+17   -0.22586E+17   -0.94689E+16    0.13224E+16                0.6157
    70    5   -3    -24.      3.   -0.12864E+17   -0.81330E+16   -0.18660E+17   -0.23821E+17   -0.98739E+16    0.13195E+16                0.6682
    70    5   -2    -27.      3.   -0.13133E+17   -0.72324E+16   -0.19521E+17   -0.24903E+17   -0.10230E+17    0.12721E+16                0.7123
    70    5   -1    -30.      3.   -0.13284E+17   -0.62996E+16   -0.20192E+17   -0.25821E+17   -0.10534E+17    0.11809E+16                0.7465
    70    5    0    -33.      2.   -0.13315E+17   -0.53430E+16   -0.20665E+17   -0.26568E+17   -0.10785E+17    0.10471E+16                0.7697
    70    5    1    -36.      2.   -0.13226E+17   -0.43716E+16   -0.20934E+17   -0.27137E+17   -0.10979E+17    0.87021E+15                0.7812
    70    5    2    -39.      1.   -0.13018E+17   -0.33940E+16   -0.20997E+17   -0.27523E+17   -0.11117E+17    0.65347E+15                0.7804
    70    5    3    -41.      1.   -0.12692E+17   -0.24187E+16   -0.20853E+17   -0.27721E+17   -0.11195E+17    0.39903E+15                0.7675
    70    5    4    -44.      0.   -0.12251E+17   -0.14540E+16   -0.20502E+17   -0.27731E+17   -0.11214E+17    0.10968E+15                0.7429
    70    5    5    -47.     -0.   -0.11701E+17   -0.50812E+15   -0.19949E+17   -0.27550E+17   -0.11173E+17   -0.21093E+15                0.7075
    70    5    6    -49.     -1.   -0.11046E+17    0.41136E+15   -0.19200E+17   -0.27182E+17   -0.11073E+17   -0.56136E+15                0.6625
    70    6   -6      2.     24.   -0.11711E+17   -0.91823E+16   -0.12629E+17   -0.16899E+17   -0.61777E+16    0.88438E+16                0.4909
    70    6   -5     -1.     24.   -0.12318E+17   -0.84856E+16   -0.13695E+17   -0.18240E+17   -0.64100E+16    0.94928E+16                0.5534
    70    6   -4     -4.     24.   -0.12816E+17   -0.77376E+16   -0.14632E+17   -0.19468E+17   -0.66141E+16    0.10049E+17                0.6114
    70    6   -3     -6.     25.   -0.13200E+17   -0.69454E+16   -0.15431E+17   -0.20574E+17   -0.67887E+16    0.10507E+17                0.6630
    70    6   -2     -9.     25.   -0.13466E+17   -0.61168E+16   -0.16082E+17   -0.21547E+17   -0.69329E+16    0.10863E+17                0.7064
    70    6   -1    -11.     25.   -0.13611E+17   -0.52594E+16   -0.16578E+17   -0.22380E+17   -0.70464E+16    0.11113E+17                0.7402
    70    6    0    -13.     25.   -0.13633E+17   -0.43810E+16   -0.16913E+17   -0.23063E+17   -0.71279E+16    0.11257E+17                0.7633
    70    6    1    -16.     25.   -0.13533E+17   -0.34898E+16   -0.17083E+17   -0.23593E+17   -0.71773E+16    0.11292E+17                0.7748
    70    6    2    -18.     25.   -0.13310E+17   -0.25937E+16   -0.17086E+17   -0.23963E+17   -0.71944E+16    0.11219E+17                0.7745
    70    6    3    -20.     25.   -0.12967E+17   -0.17005E+16   -0.16921E+17   -0.24169E+17   -0.71789E+16    0.11039E+17                0.7622
    70    6    4    -22.     25.   -0.12507E+17   -0.81779E+15   -0.16592E+17   -0.24210E+17   -0.71310E+16    0.10754E+17                0.7385
    70    6    5    -25.     25.   -0.11936E+17    0.46927E+14   -0.16099E+17   -0.24084E+17   -0.70507E+16    0.10367E+17                0.7042
    70    6    6    -27.     25.   -0.11258E+17    0.88656E+15   -0.15450E+17   -0.23793E+17   -0.69384E+16    0.98822E+16                0.6604
    71    3   -6    -50.    -24.   -0.12265E+17    0.87875E+15   -0.52842E+17   -0.29573E+17   -0.17800E+17   -0.24375E+17                0.5245
    71    3   -5    -50.    -24.   -0.13311E+17    0.95067E+15   -0.53332E+17   -0.31604E+17   -0.19205E+17   -0.25965E+17                0.5826
    71    3   -4    -49.    -25.   -0.14245E+17    0.10263E+16   -0.53321E+17   -0.33417E+17   -0.20488E+17   -0.27388E+17                0.6349
    71    3   -3    -49.    -25.   -0.15057E+17    0.11045E+16   -0.52805E+17   -0.35000E+17   -0.21640E+17   -0.28639E+17                0.6796
    71    3   -2    -48.    -26.   -0.15740E+17    0.11845E+16   -0.51788E+17   -0.36337E+17   -0.22651E+17   -0.29705E+17                0.7153
    71    3   -1    -48.    -26.   -0.16286E+17    0.12647E+16   -0.50278E+17   -0.37415E+17   -0.23511E+17   -0.30576E+17                0.7406
    71    3    0    -47.    -27.   -0.16690E+17    0.13441E+16   -0.48291E+17   -0.38225E+17   -0.24214E+17   -0.31247E+17                0.7549
    71    3    1    -46.    -28.   -0.16947E+17    0.14214E+16   -0.45844E+17   -0.38759E+17   -0.24751E+17   -0.31708E+17                0.7577
    71    3    2    -45.    -28.   -0.17056E+17    0.14952E+16   -0.42963E+17   -0.39010E+17   -0.25118E+17   -0.31957E+17                0.7488
    71    3    3    -44.    -29.   -0.17014E+17    0.15644E+16   -0.39677E+17   -0.38973E+17   -0.25309E+17   -0.31988E+17                0.7287
    71    3    4    -43.    -29.   -0.16822E+17    0.16273E+16   -0.36019E+17   -0.38653E+17   -0.25327E+17   -0.31807E+17                0.6981
    71    3    5    -41.    -30.   -0.16482E+17    0.16828E+16   -0.32027E+17   -0.38049E+17   -0.25166E+17   -0.31409E+17                0.6580
    71    3    6    -40.    -30.   -0.15997E+17    0.17294E+16   -0.27742E+17   -0.37165E+17   -0.24831E+17   -0.30802E+17                0.6099
    71    4   -6    -49.    -16.   -0.12668E+17   -0.11944E+16   -0.40179E+17   -0.25333E+17   -0.13227E+17   -0.11471E+17                0.4947
    71    4   -5    -48.    -16.   -0.13776E+17   -0.12802E+16   -0.40691E+17   -0.27119E+17   -0.14351E+17   -0.12196E+17                0.5537
    71    4   -4    -47.    -16.   -0.14768E+17   -0.13488E+16   -0.40824E+17   -0.28715E+17   -0.15383E+17   -0.12844E+17                0.6075
    71    4   -3    -46.    -17.   -0.15634E+17   -0.14003E+16   -0.40576E+17   -0.30110E+17   -0.16314E+17   -0.13411E+17                0.6544
    71    4   -2    -45.    -17.   -0.16366E+17   -0.14347E+16   -0.39946E+17   -0.31287E+17   -0.17135E+17   -0.13890E+17                0.6928
    71    4   -1    -44.    -17.   -0.16956E+17   -0.14526E+16   -0.38942E+17   -0.32237E+17   -0.17840E+17   -0.14278E+17                0.7214
    71    4    0    -42.    -18.   -0.17398E+17   -0.14547E+16   -0.37573E+17   -0.32953E+17   -0.18423E+17   -0.14574E+17                0.7393
    71    4    1    -41.    -18.   -0.17688E+17   -0.14417E+16   -0.35852E+17   -0.33427E+17   -0.18880E+17   -0.14775E+17                0.7460
    71    4    2    -40.    -18.   -0.17822E+17   -0.14148E+16   -0.33796E+17   -0.33655E+17   -0.19205E+17   -0.14881E+17                0.7411
    71    4    3    -38.    -19.   -0.17800E+17   -0.13750E+16   -0.31427E+17   -0.33634E+17   -0.19397E+17   -0.14891E+17                0.7250
    71    4    4    -37.    -19.   -0.17620E+17   -0.13236E+16   -0.28769E+17   -0.33365E+17   -0.19454E+17   -0.14807E+17                0.6982
    71    4    5    -35.    -19.   -0.17286E+17   -0.12622E+16   -0.25848E+17   -0.32849E+17   -0.19375E+17   -0.14627E+17                0.6616
    71    4    6    -34.    -20.   -0.16801E+17   -0.11922E+16   -0.22695E+17   -0.32091E+17   -0.19162E+17   -0.14357E+17                0.6166
    71    5   -6    -48.     -7.   -0.13197E+17   -0.14438E+16   -0.32094E+17   -0.23382E+17   -0.11207E+17   -0.38691E+16                0.4786
    71    5   -5    -46.     -7.   -0.14353E+17   -0.15055E+16   -0.32554E+17   -0.24932E+17   -0.12082E+17   -0.39164E+16                0.5376
    71    5   -4    -44.     -7.   -0.15388E+17   -0.15489E+16   -0.32712E+17   -0.26306E+17   -0.12879E+17   -0.39400E+16                0.5918
    71    5   -3    -43.     -7.   -0.16293E+17   -0.15744E+16   -0.32566E+17   -0.27493E+17   -0.13590E+17   -0.39400E+16                0.6394
    71    5   -2    -41.     -6.   -0.17058E+17   -0.15824E+16   -0.32116E+17   -0.28480E+17   -0.14208E+17   -0.39160E+16                0.6788
    71    5   -1    -39.     -6.   -0.17676E+17   -0.15739E+16   -0.31367E+17   -0.29260E+17   -0.14731E+17   -0.38704E+16                0.7087
    71    5    0    -38.     -6.   -0.18140E+17   -0.15495E+16   -0.30326E+17   -0.29824E+17   -0.15151E+17   -0.38029E+16                0.7281
    71    5    1    -36.     -6.   -0.18446E+17   -0.15106E+16   -0.29004E+17   -0.30168E+17   -0.15467E+17   -0.37157E+16                0.7364
    71    5    2    -34.     -6.   -0.18590E+17   -0.14584E+16   -0.27412E+17   -0.30287E+17   -0.15674E+17   -0.36095E+16                0.7333
    71    5    3    -33.     -6.   -0.18571E+17   -0.13943E+16   -0.25569E+17   -0.30181E+17   -0.15772E+17   -0.34863E+16                0.7189
    71    5    4    -31.     -6.   -0.18388E+17   -0.13200E+16   -0.23492E+17   -0.29851E+17   -0.15760E+17   -0.33488E+16                0.6938
    71    5    5    -29.     -6.   -0.18045E+17   -0.12369E+16   -0.21203E+17   -0.29299E+17   -0.15637E+17   -0.31983E+16                0.6588
    71    5    6    -27.     -6.   -0.17543E+17   -0.11468E+16   -0.18725E+17   -0.28530E+17   -0.15407E+17   -0.30376E+16                0.6152
    71    6   -6    -37.      9.   -0.13645E+17   -0.13595E+16   -0.25671E+17   -0.20906E+17   -0.86894E+16    0.37132E+16                0.4661
    71    6   -5    -34.     10.   -0.14837E+17   -0.13745E+16   -0.26054E+17   -0.22259E+17   -0.93626E+16    0.42149E+16                0.5244
    71    6   -4    -31.     11.   -0.15907E+17   -0.13730E+16   -0.26197E+17   -0.23454E+17   -0.99748E+16    0.46868E+16                0.5782
    71    6   -3    -29.     11.   -0.16841E+17   -0.13559E+16   -0.26099E+17   -0.24481E+17   -0.10521E+17    0.51243E+16                0.6255
    71    6   -2    -27.     12.   -0.17631E+17   -0.13238E+16   -0.25759E+17   -0.25328E+17   -0.10995E+17    0.55235E+16                0.6649
    71    6   -1    -25.     12.   -0.18269E+17   -0.12777E+16   -0.25181E+17   -0.25991E+17   -0.11396E+17    0.58792E+16                0.6951
    71    6    0    -23.     13.   -0.18748E+17   -0.12187E+16   -0.24370E+17   -0.26461E+17   -0.11717E+17    0.61888E+16                0.7149
    71    6    1    -21.     13.   -0.19064E+17   -0.11482E+16   -0.23335E+17   -0.26733E+17   -0.11957E+17    0.64481E+16                0.7239
    71    6    2    -19.     14.   -0.19213E+17   -0.10675E+16   -0.22084E+17   -0.26807E+17   -0.12115E+17    0.66541E+16                0.7216
    71    6    3    -17.     14.   -0.19194E+17   -0.97824E+15   -0.20632E+17   -0.26680E+17   -0.12187E+17    0.68044E+16                0.7083
    71    6    4    -15.     14.   -0.19006E+17   -0.88192E+15   -0.18993E+17   -0.26353E+17   -0.12175E+17    0.68966E+16                0.6842
    71    6    5    -13.     15.   -0.18652E+17   -0.78023E+15   -0.17184E+17   -0.25829E+17   -0.12078E+17    0.69293E+16                0.6504
    71    6    6    -11.     15.   -0.18134E+17   -0.67485E+15   -0.15222E+17   -0.25113E+17   -0.11898E+17    0.69006E+16                0.6079
    72    3   -6    -72.    -24.   -0.13784E+17    0.30532E+17   -0.44322E+17   -0.29692E+17   -0.16310E+17   -0.25231E+17                0.5008
    72    3   -5    -72.    -26.   -0.14805E+17    0.27912E+17   -0.46559E+17   -0.31713E+17   -0.19119E+17   -0.28883E+17                0.5464
    72    3   -4    -66.    -27.   -0.15702E+17    0.24975E+17   -0.48325E+17   -0.33554E+17   -0.21851E+17   -0.32422E+17                0.5870
    72    3   -3    -61.    -29.   -0.16466E+17    0.21747E+17   -0.49604E+17   -0.35204E+17   -0.24484E+17   -0.35824E+17                0.6212
    72    3   -2    -56.    -30.   -0.17088E+17    0.18258E+17   -0.50382E+17   -0.36646E+17   -0.26993E+17   -0.39053E+17                0.6479
    72    3   -1    -52.    -31.   -0.17562E+17    0.14540E+17   -0.50651E+17   -0.37874E+17   -0.29359E+17   -0.42087E+17                0.6663
    72    3    0    -48.    -32.   -0.17883E+17    0.10627E+17   -0.50411E+17   -0.38875E+17   -0.31557E+17   -0.44895E+17                0.6758
    72    3    1    -44.    -34.   -0.18045E+17    0.65586E+16   -0.49666E+17   -0.39640E+17   -0.33565E+17   -0.47446E+17                0.6762
    72    3    2    -41.    -35.   -0.18048E+17    0.23742E+16   -0.48427E+17   -0.40166E+17   -0.35369E+17   -0.49726E+17                0.6676
    72    3    3    -39.    -35.   -0.17891E+17   -0.18846E+16   -0.46710E+17   -0.40446E+17   -0.36945E+17   -0.51703E+17                0.6504
    72    3    4    -37.    -36.   -0.17574E+17   -0.61741E+16   -0.44537E+17   -0.40478E+17   -0.38281E+17   -0.53361E+17                0.6252
    72    3    5    -35.    -37.   -0.17100E+17   -0.10451E+17   -0.41933E+17   -0.40260E+17   -0.39362E+17   -0.54683E+17                0.5928
    72    3    6    -34.    -38.   -0.16473E+17   -0.14671E+17   -0.38930E+17   -0.39793E+17   -0.40174E+17   -0.55648E+17                0.5546
    72    4   -6    -84.     -9.   -0.14454E+17    0.25401E+17   -0.34130E+17   -0.21773E+17   -0.77279E+16   -0.61853E+16                0.4852
    72    4   -5    -81.    -12.   -0.15522E+17    0.23157E+17   -0.35695E+17   -0.23416E+17   -0.10195E+17   -0.85977E+16                0.5315
    72    4   -4    -73.    -15.   -0.16460E+17    0.20653E+17   -0.36897E+17   -0.24931E+17   -0.12642E+17   -0.11019E+17                0.5733
    72    4   -3    -65.    -17.   -0.17259E+17    0.17911E+17   -0.37723E+17   -0.26308E+17   -0.15048E+17   -0.13432E+17                0.6093
    72    4   -2    -58.    -19.   -0.17909E+17    0.14956E+17   -0.38164E+17   -0.27535E+17   -0.17392E+17   -0.15813E+17                0.6384
    72    4   -1    -52.    -21.   -0.18404E+17    0.11814E+17   -0.38216E+17   -0.28608E+17   -0.19655E+17   -0.18144E+17                0.6596
    72    4    0    -46.    -23.   -0.18738E+17    0.85164E+16   -0.37881E+17   -0.29516E+17   -0.21815E+17   -0.20404E+17                0.6723
    72    4    1    -41.    -24.   -0.18907E+17    0.50939E+16   -0.37162E+17   -0.30254E+17   -0.23854E+17   -0.22573E+17                0.6762
    72    4    2    -37.    -26.   -0.18908E+17    0.15802E+16   -0.36069E+17   -0.30817E+17   -0.25752E+17   -0.24632E+17                0.6713
    72    4    3    -34.    -27.   -0.18741E+17   -0.19899E+16   -0.34615E+17   -0.31201E+17   -0.27491E+17   -0.26560E+17                0.6576
    72    4    4    -32.    -28.   -0.18408E+17   -0.55807E+16   -0.32819E+17   -0.31401E+17   -0.29055E+17   -0.28339E+17                0.6359
    72    4    5    -30.    -30.   -0.17909E+17   -0.91556E+16   -0.30703E+17   -0.31419E+17   -0.30429E+17   -0.29953E+17                0.6069
    72    4    6    -30.    -31.   -0.17251E+17   -0.12678E+17   -0.28290E+17   -0.31251E+17   -0.31599E+17   -0.31385E+17                0.5716
    72    5   -6    -81.      4.   -0.15083E+17    0.22091E+17   -0.27868E+17   -0.19458E+17   -0.50763E+16    0.18559E+16                0.4788
    72    5   -5    -81.      1.   -0.16189E+17    0.20196E+17   -0.29044E+17   -0.20642E+17   -0.71288E+16    0.55256E+15                0.5260
    72    5   -4    -75.     -1.   -0.17159E+17    0.18080E+17   -0.29923E+17   -0.21713E+17   -0.91787E+16   -0.81008E+15                0.5688
    72    5   -3    -66.     -4.   -0.17985E+17    0.15760E+17   -0.30496E+17   -0.22662E+17   -0.11207E+17   -0.22186E+16                0.6061
    72    5   -2    -58.     -6.   -0.18655E+17    0.13258E+17   -0.30757E+17   -0.23486E+17   -0.13196E+17   -0.36629E+16                0.6365
    72    5   -1    -50.     -8.   -0.19164E+17    0.10597E+17   -0.30702E+17   -0.24177E+17   -0.15129E+17   -0.51290E+16                0.6591
    72    5    0    -44.    -10.   -0.19505E+17    0.78020E+16   -0.30334E+17   -0.24731E+17   -0.16987E+17   -0.66035E+16                0.6732
    72    5    1    -38.    -12.   -0.19675E+17    0.48995E+16   -0.29657E+17   -0.25147E+17   -0.18754E+17   -0.80736E+16                0.6784
    72    5    2    -33.    -14.   -0.19670E+17    0.19176E+16   -0.28679E+17   -0.25419E+17   -0.20412E+17   -0.95243E+16                0.6746
    72    5    3    -29.    -16.   -0.19491E+17   -0.11142E+16   -0.27413E+17   -0.25547E+17   -0.21946E+17   -0.10942E+17                0.6619
    72    5    4    -26.    -18.   -0.19137E+17   -0.41657E+16   -0.25873E+17   -0.25530E+17   -0.23340E+17   -0.12313E+17                0.6409
    72    5    5    -24.    -19.   -0.18613E+17   -0.72062E+16   -0.24078E+17   -0.25367E+17   -0.24580E+17   -0.13623E+17                0.6123
    72    5    6    -23.    -21.   -0.17922E+17   -0.10205E+17   -0.22048E+17   -0.25061E+17   -0.25655E+17   -0.14859E+17                0.5772
    72    6   -6    -54.     26.   -0.15660E+17    0.17950E+17   -0.22287E+17   -0.16636E+17   -0.21146E+16    0.93977E+16                0.4701
    72    6   -5    -52.     24.   -0.16801E+17    0.16396E+17   -0.23206E+17   -0.17479E+17   -0.38694E+16    0.89669E+16                0.5179
    72    6   -4    -48.     21.   -0.17802E+17    0.14662E+17   -0.23888E+17   -0.18226E+17   -0.56402E+16    0.84328E+16                0.5617
    72    6   -3    -44.     19.   -0.18652E+17    0.12765E+17   -0.24326E+17   -0.18873E+17   -0.74113E+16    0.78004E+16                0.6001
    72    6   -2    -39.     17.   -0.19342E+17    0.10722E+17   -0.24515E+17   -0.19417E+17   -0.91667E+16    0.70754E+16                0.6317
    72    6   -1    -34.     14.   -0.19864E+17    0.85504E+16   -0.24454E+17   -0.19855E+17   -0.10891E+17    0.62646E+16                0.6556
    72    6    0    -28.     12.   -0.20212E+17    0.62720E+16   -0.24142E+17   -0.20184E+17   -0.12567E+17    0.53757E+16                0.6711
    72    6    1    -23.     10.   -0.20383E+17    0.39081E+16   -0.23585E+17   -0.20403E+17   -0.14180E+17    0.44178E+16                0.6776
    72    6    2    -18.      8.   -0.20373E+17    0.14815E+16   -0.22788E+17   -0.20510E+17   -0.15714E+17    0.34002E+16                0.6751
    72    6    3    -14.      5.   -0.20181E+17   -0.98387E+15   -0.21762E+17   -0.20506E+17   -0.17154E+17    0.23331E+16                0.6635
    72    6    4    -12.      3.   -0.19810E+17   -0.34636E+16   -0.20519E+17   -0.20390E+17   -0.18485E+17    0.12273E+16                0.6435
    72    6    5    -11.      0.   -0.19262E+17   -0.59330E+16   -0.19073E+17   -0.20164E+17   -0.19695E+17    0.93611E+14                0.6157
    72    6    6    -11.     -2.   -0.18541E+17   -0.83669E+16   -0.17441E+17   -0.19828E+17   -0.20771E+17   -0.10559E+16                0.5810
    73    3   -6    -64.    -16.   -0.17136E+17    0.16173E+17   -0.50613E+17   -0.25782E+17   -0.12588E+17   -0.14314E+17                0.6414
    73    3   -5    -66.    -19.   -0.17835E+17    0.18881E+17   -0.50550E+17   -0.28676E+17   -0.15028E+17   -0.18340E+17                0.6898
    73    3   -4    -66.    -21.   -0.18378E+17    0.21394E+17   -0.49999E+17   -0.31426E+17   -0.17426E+17   -0.22338E+17                0.7295
    73    3   -3    -65.    -23.   -0.18762E+17    0.23683E+17   -0.48967E+17   -0.34005E+17   -0.19760E+17   -0.26272E+17                0.7593
    73    3   -2    -64.    -25.   -0.18981E+17    0.25726E+17   -0.47464E+17   -0.36390E+17   -0.22007E+17   -0.30103E+17                0.7781
    73    3   -1    -62.    -27.   -0.19034E+17    0.27499E+17   -0.45506E+17   -0.38559E+17   -0.24149E+17   -0.33798E+17                0.7854
    73    3    0    -60.    -29.   -0.18921E+17    0.28985E+17   -0.43115E+17   -0.40488E+17   -0.26160E+17   -0.37313E+17                0.7810
    73    3    1    -57.    -30.   -0.18643E+17    0.30169E+17   -0.40316E+17   -0.42161E+17   -0.28025E+17   -0.40623E+17                0.7651
    73    3    2    -55.    -32.   -0.18203E+17    0.31038E+17   -0.37138E+17   -0.43559E+17   -0.29722E+17   -0.43687E+17                0.7383
    73    3    3    -53.    -33.   -0.17605E+17    0.31584E+17   -0.33618E+17   -0.44666E+17   -0.31234E+17   -0.46475E+17                0.7015
    73    3    4    -51.    -34.   -0.16857E+17    0.31804E+17   -0.29791E+17   -0.45468E+17   -0.32542E+17   -0.48955E+17                0.6561
    73    3    5    -49.    -35.   -0.15965E+17    0.31696E+17   -0.25701E+17   -0.45958E+17   -0.33636E+17   -0.51107E+17                0.6035
    73    3    6    -47.    -36.   -0.14939E+17    0.31263E+17   -0.21390E+17   -0.46126E+17   -0.34500E+17   -0.52898E+17                0.5457
    73    4   -6    -76.      1.   -0.18073E+17    0.16248E+17   -0.33110E+17   -0.21189E+17   -0.54353E+16    0.49287E+15                0.6186
    73    4   -5    -72.     -4.   -0.18749E+17    0.17650E+17   -0.33834E+17   -0.23706E+17   -0.75080E+16   -0.22843E+16                0.6670
    73    4   -4    -68.     -8.   -0.19263E+17    0.18868E+17   -0.34235E+17   -0.26094E+17   -0.95751E+16   -0.51077E+16                0.7068
    73    4   -3    -64.    -11.   -0.19608E+17    0.19887E+17   -0.34309E+17   -0.28335E+17   -0.11620E+17   -0.79539E+16                0.7368
    73    4   -2    -61.    -14.   -0.19782E+17    0.20695E+17   -0.34056E+17   -0.30409E+17   -0.13625E+17   -0.10798E+17                0.7559
    73    4   -1    -58.    -16.   -0.19783E+17    0.21283E+17   -0.33481E+17   -0.32295E+17   -0.15570E+17   -0.13611E+17                0.7636
    73    4    0    -56.    -19.   -0.19612E+17    0.21643E+17   -0.32590E+17   -0.33978E+17   -0.17438E+17   -0.16370E+17                0.7596
    73    4    1    -54.    -21.   -0.19271E+17    0.21771E+17   -0.31394E+17   -0.35442E+17   -0.19213E+17   -0.19048E+17                0.7443
    73    4    2    -52.    -23.   -0.18763E+17    0.21666E+17   -0.29907E+17   -0.36672E+17   -0.20877E+17   -0.21620E+17                0.7182
    73    4    3    -51.    -24.   -0.18093E+17    0.21327E+17   -0.28146E+17   -0.37657E+17   -0.22413E+17   -0.24060E+17                0.6822
    73    4    4    -49.    -26.   -0.17269E+17    0.20760E+17   -0.26131E+17   -0.38386E+17   -0.23808E+17   -0.26347E+17                0.6378
    73    4    5    -48.    -28.   -0.16299E+17    0.19970E+17   -0.23885E+17   -0.38852E+17   -0.25047E+17   -0.28457E+17                0.5863
    73    4    6    -48.    -29.   -0.15193E+17    0.18966E+17   -0.21433E+17   -0.39048E+17   -0.26118E+17   -0.30370E+17                0.5296
    73    5   -6    -46.     16.   -0.18977E+17    0.15525E+17   -0.23516E+17   -0.21181E+17   -0.37275E+16    0.63083E+16                0.6198
    73    5   -5    -49.     10.   -0.19629E+17    0.16419E+17   -0.24361E+17   -0.23306E+17   -0.54806E+16    0.45202E+16                0.6678
    73    5   -4    -50.      5.   -0.20111E+17    0.17144E+17   -0.24972E+17   -0.25297E+17   -0.72366E+16    0.26567E+16                0.7070
    73    5   -3    -52.      1.   -0.20417E+17    0.17694E+17   -0.25343E+17   -0.27137E+17   -0.89800E+16    0.73439E+15                0.7362
    73    5   -2    -52.     -2.   -0.20546E+17    0.18060E+17   -0.25472E+17   -0.28808E+17   -0.10693E+17   -0.12271E+16                0.7544
    73    5   -1    -50.     -5.   -0.20496E+17    0.18238E+17   -0.25359E+17   -0.30296E+17   -0.12362E+17   -0.32113E+16                0.7612
    73    5    0    -49.     -8.   -0.20267E+17    0.18225E+17   -0.25006E+17   -0.31586E+17   -0.13969E+17   -0.51969E+16                0.7562
    73    5    1    -48.    -10.   -0.19863E+17    0.18019E+17   -0.24418E+17   -0.32667E+17   -0.15499E+17   -0.71660E+16                0.7399
    73    5    2    -47.    -13.   -0.19288E+17    0.17624E+17   -0.23603E+17   -0.33526E+17   -0.16937E+17   -0.90987E+16                0.7128
    73    5    3    -47.    -15.   -0.18547E+17    0.17042E+17   -0.22571E+17   -0.34156E+17   -0.18268E+17   -0.10977E+17                0.6758
    73    5    4    -46.    -17.   -0.17649E+17    0.16280E+17   -0.21335E+17   -0.34549E+17   -0.19480E+17   -0.12782E+17                0.6304
    73    5    5    -46.    -19.   -0.16602E+17    0.15345E+17   -0.19909E+17   -0.34700E+17   -0.20558E+17   -0.14496E+17                0.5781
    73    5    6    -46.    -20.   -0.15417E+17    0.14248E+17   -0.18310E+17   -0.34608E+17   -0.21493E+17   -0.16104E+17                0.5207
    73    6   -6    -24.     29.   -0.19813E+17    0.13483E+17   -0.17746E+17   -0.19398E+17   -0.54234E+15    0.13159E+17                0.6198
    73    6   -5    -25.     26.   -0.20442E+17    0.14067E+17   -0.18548E+17   -0.21156E+17   -0.20253E+16    0.12247E+17                0.6663
    73    6   -4    -25.     24.   -0.20893E+17    0.14510E+17   -0.19172E+17   -0.22788E+17   -0.35319E+16    0.11220E+17                0.7040
    73    6   -3    -26.     21.   -0.21161E+17    0.14805E+17   -0.19614E+17   -0.24280E+17   -0.50485E+16    0.10088E+17                0.7316
    73    6   -2    -28.     18.   -0.21246E+17    0.14949E+17   -0.19870E+17   -0.25620E+17   -0.65601E+16    0.88632E+16                0.7483
    73    6   -1    -29.     16.   -0.21145E+17    0.14938E+17   -0.19937E+17   -0.26793E+17   -0.80525E+16    0.75567E+16                0.7536
    73    6    0    -31.     13.   -0.20860E+17    0.14773E+17   -0.19818E+17   -0.27789E+17   -0.95105E+16    0.61820E+16                0.7475
    73    6    1    -33.     10.   -0.20395E+17    0.14454E+17   -0.19513E+17   -0.28599E+17   -0.10920E+17    0.47518E+16                0.7301
    73    6    2    -36.      7.   -0.19754E+17    0.13985E+17   -0.19028E+17   -0.29214E+17   -0.12267E+17    0.32803E+16                0.7022
    73    6    3    -39.      3.   -0.18944E+17    0.13370E+17   -0.18370E+17   -0.29628E+17   -0.13536E+17    0.17820E+16                0.6647
    73    6    4    -42.      1.   -0.17974E+17    0.12615E+17   -0.17546E+17   -0.29835E+17   -0.14716E+17    0.27132E+15                0.6191
    73    6    5    -43.     -2.   -0.16853E+17    0.11729E+17   -0.16566E+17   -0.29834E+17   -0.15794E+17   -0.12375E+16                0.5668
    73    6    6    -45.     -5.   -0.15592E+17    0.10721E+17   -0.15443E+17   -0.29621E+17   -0.16758E+17   -0.27299E+16                0.5096
    74    3   -6    -37.     -4.   -0.18924E+17    0.31573E+17   -0.11014E+18   -0.17377E+17    0.15035E+17   -0.51195E+16                0.7251
    74    3   -5    -43.     -9.   -0.20243E+17    0.28461E+17   -0.10487E+18   -0.21203E+17    0.87527E+16   -0.11510E+17                0.7703
    74    3   -4    -47.    -13.   -0.21391E+17    0.25021E+17   -0.98568E+17   -0.24926E+17    0.23142E+16   -0.17894E+17                0.8124
    74    3   -3    -50.    -18.   -0.22356E+17    0.21283E+17   -0.91295E+17   -0.28525E+17   -0.42365E+16   -0.24235E+17                0.8505
    74    3   -2    -51.    -22.   -0.23127E+17    0.17278E+17   -0.83124E+17   -0.31965E+17   -0.10833E+17   -0.30470E+17                0.8835
    74    3   -1    -48.    -26.   -0.23696E+17    0.13045E+17   -0.74135E+17   -0.35218E+17   -0.17418E+17   -0.36549E+17                0.9106
    74    3    0    -43.    -30.   -0.24057E+17    0.86200E+16   -0.64420E+17   -0.38256E+17   -0.23929E+17   -0.42417E+17                0.9310
    74    3    1    -37.    -33.   -0.24206E+17    0.40478E+16   -0.54078E+17   -0.41055E+17   -0.30308E+17   -0.48026E+17                0.9444
    74    3    2    -32.    -36.   -0.24140E+17   -0.62882E+15   -0.43213E+17   -0.43589E+17   -0.36494E+17   -0.53324E+17                0.9504
    74    3    3    -30.    -38.   -0.23861E+17   -0.53644E+16   -0.31936E+17   -0.45836E+17   -0.42429E+17   -0.58265E+17                0.9489
    74    3    4    -31.    -39.   -0.23369E+17   -0.10113E+17   -0.20366E+17   -0.47780E+17   -0.48064E+17   -0.62813E+17                0.9400
    74    3    5    -34.    -39.   -0.22671E+17   -0.14826E+17   -0.86198E+16   -0.49398E+17   -0.53337E+17   -0.66917E+17                0.9242
    74    3    6    -38.    -39.   -0.21772E+17   -0.19456E+17    0.31803E+16   -0.50680E+17   -0.58205E+17   -0.70550E+17                0.9018
    74    4   -6    -29.     10.   -0.21602E+17    0.37014E+17   -0.95741E+17   -0.92761E+16    0.30603E+17    0.10939E+17                0.7118
    74    4   -5    -38.      7.   -0.22869E+17    0.33565E+17   -0.90877E+17   -0.12364E+17    0.24631E+17    0.68887E+16                0.7533
    74    4   -4    -49.      3.   -0.23943E+17    0.29764E+17   -0.85133E+17   -0.15404E+17    0.18391E+17    0.27411E+16                0.7930
    74    4   -3    -58.     -1.   -0.24812E+17    0.25642E+17   -0.78563E+17   -0.18374E+17    0.11937E+17   -0.14720E+16                0.8297
    74    4   -2    -62.     -6.   -0.25467E+17    0.21237E+17   -0.71234E+17   -0.21251E+17    0.53245E+16   -0.57196E+16                0.8624
    74    4   -1    -60.    -11.   -0.25899E+17    0.16589E+17   -0.63219E+17   -0.24016E+17   -0.13905E+16   -0.99697E+16                0.8904
    74    4    0    -50.    -15.   -0.26105E+17    0.11740E+17   -0.54597E+17   -0.26645E+17   -0.81472E+16   -0.14186E+17                0.9129
    74    4    1    -36.    -20.   -0.26080E+17    0.67363E+16   -0.45457E+17   -0.29120E+17   -0.14888E+17   -0.18340E+17                0.9294
    74    4    2    -24.    -25.   -0.25825E+17    0.16246E+16   -0.35892E+17   -0.31421E+17   -0.21553E+17   -0.22395E+17                0.9394
    74    4    3    -19.    -28.   -0.25340E+17   -0.35460E+16   -0.26000E+17   -0.33531E+17   -0.28083E+17   -0.26323E+17                0.9429
    74    4    4    -21.    -29.   -0.24631E+17   -0.87262E+16   -0.15881E+17   -0.35434E+17   -0.34422E+17   -0.30092E+17                0.9396
    74    4    5    -27.    -30.   -0.23702E+17   -0.13865E+17   -0.56408E+16   -0.37116E+17   -0.40513E+17   -0.33674E+17                0.9299
    74    4    6    -36.    -30.   -0.22564E+17   -0.18912E+17    0.46178E+16   -0.38563E+17   -0.46301E+17   -0.37038E+17                0.9140
    74    5   -6    -37.     10.   -0.23021E+17    0.35853E+17   -0.84456E+17   -0.11450E+17    0.29740E+17    0.93612E+16                0.6957
    74    5   -5    -45.      8.   -0.24264E+17    0.32877E+17   -0.79868E+17   -0.13628E+17    0.24494E+17    0.75312E+16                0.7413
    74    5   -4    -55.      6.   -0.25301E+17    0.29569E+17   -0.74513E+17   -0.15742E+17    0.18986E+17    0.56229E+16                0.7849
    74    5   -3    -64.      4.   -0.26120E+17    0.25959E+17   -0.68441E+17   -0.17775E+17    0.13267E+17    0.36531E+16                0.8251
    74    5   -2    -72.      2.   -0.26713E+17    0.22079E+17   -0.61711E+17   -0.19712E+17    0.73882E+16    0.16355E+16                0.8610
    74    5   -1    -71.     -1.   -0.27073E+17    0.17965E+17   -0.54391E+17   -0.21539E+17    0.14012E+16   -0.41610E+15                0.8915
    74    5    0    -57.     -3.   -0.27194E+17    0.13655E+17   -0.46556E+17   -0.23241E+17   -0.46391E+16   -0.24841E+16                0.9158
    74    5    1    -38.     -7.   -0.27077E+17    0.91901E+16   -0.38281E+17   -0.24806E+17   -0.10677E+17   -0.45540E+16                0.9332
    74    5    2    -20.    -10.   -0.26721E+17    0.46131E+16   -0.29654E+17   -0.26222E+17   -0.16658E+17   -0.66106E+16                0.9433
    74    5    3     -9.    -13.   -0.26129E+17   -0.31850E+14   -0.20760E+17   -0.27478E+17   -0.22528E+17   -0.86378E+16                0.9458
    74    5    4    -10.    -15.   -0.25305E+17   -0.47005E+16   -0.11690E+17   -0.28564E+17   -0.28232E+17   -0.10621E+17                0.9407
    74    5    5    -20.    -16.   -0.24259E+17   -0.93462E+16   -0.25368E+16   -0.29473E+17   -0.33719E+17   -0.12543E+17                0.9282
    74    5    6    -32.    -17.   -0.22999E+17   -0.13924E+17    0.66080E+16   -0.30196E+17   -0.38938E+17   -0.14392E+17                0.9086
    74    6   -6    -42.     12.   -0.24473E+17    0.31608E+17   -0.69774E+17   -0.11546E+17    0.31619E+17    0.99238E+16                0.6823
    74    6   -5    -50.     12.   -0.25682E+17    0.29008E+17   -0.65810E+17   -0.13020E+17    0.26791E+17    0.98204E+16                0.7301
    74    6   -4    -58.     13.   -0.26671E+17    0.26119E+17   -0.61220E+17   -0.14426E+17    0.21688E+17    0.96467E+16                0.7759
    74    6   -3    -65.     14.   -0.27429E+17    0.22968E+17   -0.56049E+17   -0.15756E+17    0.16357E+17    0.94013E+16                0.8182
    74    6   -2    -67.     14.   -0.27948E+17    0.19585E+17   -0.50348E+17   -0.16999E+17    0.10847E+17    0.90845E+16                0.8561
    74    6   -1    -59.     15.   -0.28222E+17    0.15999E+17   -0.44174E+17   -0.18147E+17    0.52093E+16    0.86967E+16                0.8882
    74    6    0    -43.     16.   -0.28248E+17    0.12246E+17   -0.37588E+17   -0.19190E+17   -0.50245E+15    0.82401E+16                0.9139
    74    6    1    -23.     15.   -0.28025E+17    0.83610E+16   -0.30656E+17   -0.20120E+17   -0.62353E+16    0.77171E+16                0.9322
    74    6    2     -1.     13.   -0.27554E+17    0.43815E+16   -0.23448E+17   -0.20933E+17   -0.11937E+17    0.71284E+16                0.9427
    74    6    3     13.     12.   -0.26841E+17    0.34631E+15   -0.16037E+17   -0.21621E+17   -0.17551E+17    0.64783E+16                0.9450
    74    6    4     11.     10.   -0.25891E+17   -0.37057E+16   -0.84978E+16   -0.22181E+17   -0.23028E+17    0.57693E+16                0.9392
    74    6    5     -4.      9.   -0.24712E+17   -0.77347E+16   -0.90602E+15   -0.22605E+17   -0.28314E+17    0.50064E+16                0.9253
    74    6    6    -22.      7.   -0.23318E+17   -0.11701E+17    0.66614E+16   -0.22893E+17   -0.33359E+17    0.41941E+16                0.9039
    75    3   -6    -59.    -21.   -0.15060E+17    0.20195E+17   -0.65059E+17   -0.29088E+17   -0.15827E+17   -0.24363E+17                0.6162
    75    3   -5    -58.    -23.   -0.16189E+17    0.18198E+17   -0.64930E+17   -0.31024E+17   -0.18319E+17   -0.27265E+17                0.6702
    75    3   -4    -56.    -24.   -0.17181E+17    0.15980E+17   -0.64138E+17   -0.32766E+17   -0.20721E+17   -0.30029E+17                0.7171
    75    3   -3    -53.    -26.   -0.18026E+17    0.13558E+17   -0.62690E+17   -0.34301E+17   -0.23010E+17   -0.32626E+17                0.7554
    75    3   -2    -50.    -27.   -0.18715E+17    0.10956E+17   -0.60600E+17   -0.35617E+17   -0.25168E+17   -0.35039E+17                0.7840
    75    3   -1    -47.    -28.   -0.19240E+17    0.81980E+16   -0.57888E+17   -0.36702E+17   -0.27173E+17   -0.37244E+17                0.8018
    75    3    0    -44.    -30.   -0.19597E+17    0.53091E+16   -0.54582E+17   -0.37551E+17   -0.29012E+17   -0.39229E+17                0.8085
    75    3    1    -41.    -31.   -0.19780E+17    0.23184E+16   -0.50717E+17   -0.38158E+17   -0.30666E+17   -0.40974E+17                0.8039
    75    3    2    -38.    -32.   -0.19788E+17   -0.74434E+15   -0.46334E+17   -0.38516E+17   -0.32120E+17   -0.42465E+17                0.7884
    75    3    3    -35.    -34.   -0.19620E+17   -0.38485E+16   -0.41480E+17   -0.38624E+17   -0.33362E+17   -0.43691E+17                0.7625
    75    3    4    -33.    -35.   -0.19278E+17   -0.69621E+16   -0.36208E+17   -0.38481E+17   -0.34377E+17   -0.44637E+17                0.7273
    75    3    5    -31.    -36.   -0.18764E+17   -0.10052E+17   -0.30576E+17   -0.38088E+17   -0.35158E+17   -0.45298E+17                0.6841
    75    3    6    -31.    -37.   -0.18084E+17   -0.13087E+17   -0.24645E+17   -0.37452E+17   -0.35698E+17   -0.45670E+17                0.6343
    75    4   -6    -73.     -8.   -0.16341E+17    0.16431E+17   -0.43793E+17   -0.20721E+17   -0.70120E+16   -0.55869E+16                0.5811
    75    4   -5    -67.    -10.   -0.17542E+17    0.14600E+17   -0.43961E+17   -0.22334E+17   -0.92418E+16   -0.74166E+16                0.6373
    75    4   -4    -60.    -12.   -0.18594E+17    0.12596E+17   -0.43682E+17   -0.23812E+17   -0.11439E+17   -0.92292E+16                0.6874
    75    4   -3    -54.    -14.   -0.19487E+17    0.10437E+17   -0.42957E+17   -0.25143E+17   -0.13589E+17   -0.11014E+17                0.7299
    75    4   -2    -48.    -16.   -0.20211E+17    0.81420E+16   -0.41794E+17   -0.26320E+17   -0.15671E+17   -0.12756E+17                0.7633
    75    4   -1    -42.    -18.   -0.20759E+17    0.57323E+16   -0.40203E+17   -0.27332E+17   -0.17667E+17   -0.14441E+17                0.7866
    75    4    0    -37.    -19.   -0.21125E+17    0.32303E+16   -0.38202E+17   -0.28175E+17   -0.19562E+17   -0.16060E+17                0.7991
    75    4    1    -32.    -21.   -0.21304E+17    0.66024E+15   -0.35811E+17   -0.28841E+17   -0.21339E+17   -0.17597E+17                0.8005
    75    4    2    -28.    -23.   -0.21294E+17   -0.19529E+16   -0.33057E+17   -0.29328E+17   -0.22982E+17   -0.19042E+17                0.7909
    75    4    3    -25.    -24.   -0.21095E+17   -0.45833E+16   -0.29970E+17   -0.29633E+17   -0.24478E+17   -0.20384E+17                0.7706
    75    4    4    -23.    -25.   -0.20708E+17   -0.72045E+16   -0.26582E+17   -0.29754E+17   -0.25814E+17   -0.21612E+17                0.7406
    75    4    5    -22.    -27.   -0.20138E+17   -0.97903E+16   -0.22932E+17   -0.29691E+17   -0.26978E+17   -0.22718E+17                0.7019
    75    4    6    -22.    -28.   -0.19388E+17   -0.12314E+17   -0.19060E+17   -0.29447E+17   -0.27959E+17   -0.23692E+17                0.6559
    75    5   -6    -74.      1.   -0.17412E+17    0.14585E+17   -0.32715E+17   -0.19168E+17   -0.55427E+16    0.74766E+15                0.5715
    75    5   -5    -66.     -0.   -0.18678E+17    0.13047E+17   -0.32941E+17   -0.20317E+17   -0.73590E+16   -0.30052E+14                0.6295
    75    5   -4    -57.     -2.   -0.19787E+17    0.11362E+17   -0.32832E+17   -0.21341E+17   -0.91536E+16   -0.83248E+15                0.6817
    75    5   -3    -49.     -3.   -0.20726E+17    0.95457E+16   -0.32388E+17   -0.22234E+17   -0.10911E+17   -0.16543E+16                0.7264
    75    5   -2    -41.     -4.   -0.21486E+17    0.76142E+16   -0.31613E+17   -0.22987E+17   -0.12616E+17   -0.24881E+16                0.7621
    75    5   -1    -34.     -6.   -0.22058E+17    0.55853E+16   -0.30514E+17   -0.23599E+17   -0.14254E+17   -0.33309E+16                0.7877
    75    5    0    -28.     -7.   -0.22437E+17    0.34778E+16   -0.29104E+17   -0.24064E+17   -0.15811E+17   -0.41740E+16                0.8024
    75    5    1    -22.     -9.   -0.22618E+17    0.13116E+16   -0.27397E+17   -0.24380E+17   -0.17272E+17   -0.50118E+16                0.8058
    75    5    2    -17.    -10.   -0.22598E+17   -0.89241E+15   -0.25411E+17   -0.24546E+17   -0.18625E+17   -0.58388E+16                0.7978
    75    5    3    -13.    -11.   -0.22378E+17   -0.31123E+16   -0.23169E+17   -0.24561E+17   -0.19858E+17   -0.66484E+16                0.7788
    75    5    4    -10.    -13.   -0.21959E+17   -0.53267E+16   -0.20695E+17   -0.24427E+17   -0.20959E+17   -0.74336E+16                0.7495
    75    5    5     -9.    -14.   -0.21345E+17   -0.75130E+16   -0.18015E+17   -0.24144E+17   -0.21918E+17   -0.81890E+16                0.7110
    75    5    6    -10.    -15.   -0.20541E+17   -0.96496E+16   -0.15160E+17   -0.23717E+17   -0.22728E+17   -0.89092E+16                0.6646
    75    6   -6    -47.     20.   -0.18363E+17    0.11854E+17   -0.25075E+17   -0.16668E+17   -0.32200E+16    0.74243E+16                0.5634
    75    6   -5    -40.     18.   -0.19687E+17    0.10599E+17   -0.25299E+17   -0.17504E+17   -0.47752E+16    0.74152E+16                0.6226
    75    6   -4    -34.     17.   -0.20845E+17    0.92267E+16   -0.25267E+17   -0.18232E+17   -0.63242E+16    0.73388E+16                0.6762
    75    6   -3    -27.     16.   -0.21825E+17    0.77495E+16   -0.24978E+17   -0.18848E+17   -0.78535E+16    0.71948E+16                0.7224
    75    6   -2    -20.     15.   -0.22616E+17    0.61804E+16   -0.24435E+17   -0.19349E+17   -0.93500E+16    0.69833E+16                0.7597
    75    6   -1    -13.     14.   -0.23210E+17    0.45340E+16   -0.23643E+17   -0.19730E+17   -0.10800E+17    0.67061E+16                0.7869
    75    6    0     -7.     13.   -0.23600E+17    0.28255E+16   -0.22610E+17   -0.19992E+17   -0.12189E+17    0.63645E+16                0.8032
    75    6    1     -1.     12.   -0.23782E+17    0.10713E+16   -0.21347E+17   -0.20131E+17   -0.13507E+17    0.59607E+16                0.8080
    75    6    2      4.     11.   -0.23754E+17   -0.71185E+15   -0.19869E+17   -0.20149E+17   -0.14740E+17    0.54978E+16                0.8014
    75    6    3      8.     10.   -0.23514E+17   -0.25065E+16   -0.18190E+17   -0.20046E+17   -0.15877E+17    0.49789E+16                0.7834
    75    6    4     11.      9.   -0.23066E+17   -0.42951E+16   -0.16329E+17   -0.19823E+17   -0.16908E+17    0.44079E+16                0.7549
    75    6    5     12.      8.   -0.22412E+17   -0.60597E+16   -0.14307E+17   -0.19484E+17   -0.17823E+17    0.37892E+16                0.7169
    75    6    6     11.      7.   -0.21559E+17   -0.77825E+16   -0.12146E+17   -0.19032E+17   -0.18612E+17    0.31279E+16                0.6706
    76    3   -6    -20.    -21.   -0.21676E+17    0.15749E+17   -0.13602E+17   -0.54615E+17   -0.14707E+17   -0.19208E+17                0.8200
    76    3   -5    -23.    -21.   -0.21856E+17    0.19808E+17   -0.15640E+17   -0.54083E+17   -0.14844E+17   -0.20025E+17                0.8366
    76    3   -4    -26.    -21.   -0.21847E+17    0.23705E+17   -0.17516E+17   -0.53182E+17   -0.14943E+17   -0.20806E+17                0.8429
    76    3   -3    -29.    -21.   -0.21648E+17    0.27404E+17   -0.19213E+17   -0.51917E+17   -0.15003E+17   -0.21542E+17                0.8388
    76    3   -2    -32.    -22.   -0.21261E+17    0.30869E+17   -0.20718E+17   -0.50294E+17   -0.15021E+17   -0.22218E+17                0.8243
    76    3   -1    -35.    -22.   -0.20689E+17    0.34070E+17   -0.22021E+17   -0.48323E+17   -0.14993E+17   -0.22824E+17                0.7999
    76    3    0    -38.    -22.   -0.19938E+17    0.36976E+17   -0.23111E+17   -0.46019E+17   -0.14920E+17   -0.23348E+17                0.7664
    76    3    1    -40.    -23.   -0.19017E+17    0.39563E+17   -0.23984E+17   -0.43393E+17   -0.14792E+17   -0.23769E+17                0.7250
    76    3    2    -42.    -23.   -0.17933E+17    0.41808E+17   -0.24633E+17   -0.40465E+17   -0.14609E+17   -0.24082E+17                0.6770
    76    3    3    -44.    -24.   -0.16698E+17    0.43689E+17   -0.25057E+17   -0.37261E+17   -0.14374E+17   -0.24279E+17                0.6240
    76    3    4    -45.    -24.   -0.15324E+17    0.45192E+17   -0.25256E+17   -0.33800E+17   -0.14079E+17   -0.24345E+17                0.5677
    76    3    5    -46.    -24.   -0.13825E+17    0.46308E+17   -0.25232E+17   -0.30107E+17   -0.13721E+17   -0.24267E+17                0.5100
    76    3    6    -46.    -25.   -0.12215E+17    0.47026E+17   -0.24991E+17   -0.26208E+17   -0.13298E+17   -0.24037E+17                0.4527
    76    4   -6    -11.     -5.   -0.22563E+17    0.15660E+17   -0.12943E+17   -0.51173E+17   -0.84308E+16   -0.33076E+16                0.8298
    76    4   -5    -16.     -7.   -0.22747E+17    0.18727E+17   -0.14545E+17   -0.51453E+17   -0.93511E+16   -0.52742E+16                0.8467
    76    4   -4    -20.     -9.   -0.22733E+17    0.21624E+17   -0.16001E+17   -0.51377E+17   -0.10264E+17   -0.72848E+16                0.8526
    76    4   -3    -24.    -11.   -0.22522E+17    0.24324E+17   -0.17298E+17   -0.50939E+17   -0.11157E+17   -0.93136E+16                0.8473
    76    4   -2    -27.    -13.   -0.22115E+17    0.26798E+17   -0.18427E+17   -0.50144E+17   -0.12024E+17   -0.11343E+17                0.8309
    76    4   -1    -31.    -15.   -0.21517E+17    0.29024E+17   -0.19378E+17   -0.48991E+17   -0.12852E+17   -0.13345E+17                0.8039
    76    4    0    -34.    -17.   -0.20733E+17    0.30981E+17   -0.20146E+17   -0.47488E+17   -0.13633E+17   -0.15297E+17                0.7673
    76    4    1    -36.    -18.   -0.19772E+17    0.32650E+17   -0.20726E+17   -0.45645E+17   -0.14355E+17   -0.17177E+17                0.7221
    76    4    2    -39.    -20.   -0.18643E+17    0.34016E+17   -0.21117E+17   -0.43474E+17   -0.15011E+17   -0.18963E+17                0.6699
    76    4    3    -42.    -22.   -0.17356E+17    0.35068E+17   -0.21317E+17   -0.40989E+17   -0.15589E+17   -0.20630E+17                0.6124
    76    4    4    -44.    -23.   -0.15926E+17    0.35795E+17   -0.21329E+17   -0.38212E+17   -0.16084E+17   -0.22162E+17                0.5514
    76    4    5    -46.    -25.   -0.14365E+17    0.36194E+17   -0.21157E+17   -0.35159E+17   -0.16484E+17   -0.23533E+17                0.4889
    76    4    6    -48.    -26.   -0.12689E+17    0.36262E+17   -0.20806E+17   -0.31855E+17   -0.16782E+17   -0.24727E+17                0.4270
    76    5   -6      1.     10.   -0.23514E+17    0.13455E+17   -0.10894E+17   -0.51436E+17   -0.54651E+16    0.69404E+16                0.8415
    76    5   -5     -4.      7.   -0.23666E+17    0.16057E+17   -0.12123E+17   -0.51736E+17   -0.64685E+16    0.50205E+16                0.8556
    76    5   -4     -9.      5.   -0.23614E+17    0.18509E+17   -0.13227E+17   -0.51667E+17   -0.74728E+16    0.30097E+16                0.8583
    76    5   -3    -14.      1.   -0.23356E+17    0.20786E+17   -0.14199E+17   -0.51224E+17   -0.84681E+16    0.92884E+15                0.8495
    76    5   -2    -19.     -2.   -0.22898E+17    0.22865E+17   -0.15030E+17   -0.50411E+17   -0.94462E+16   -0.12024E+16                0.8293
    76    5   -1    -23.     -5.   -0.22241E+17    0.24726E+17   -0.15716E+17   -0.49229E+17   -0.10394E+17   -0.33575E+16                0.7985
    76    5    0    -27.     -7.   -0.21393E+17    0.26350E+17   -0.16251E+17   -0.47687E+17   -0.11302E+17   -0.55152E+16                0.7580
    76    5    1    -30.    -10.   -0.20362E+17    0.27723E+17   -0.16634E+17   -0.45797E+17   -0.12163E+17   -0.76541E+16                0.7091
    76    5    2    -34.    -12.   -0.19159E+17    0.28832E+17   -0.16863E+17   -0.43573E+17   -0.12964E+17   -0.97495E+16                0.6535
    76    5    3    -37.    -15.   -0.17795E+17    0.29665E+17   -0.16939E+17   -0.41030E+17   -0.13698E+17   -0.11779E+17                0.5929
    76    5    4    -40.    -17.   -0.16284E+17    0.30218E+17   -0.16864E+17   -0.38187E+17   -0.14352E+17   -0.13720E+17                0.5293
    76    5    5    -43.    -19.   -0.14640E+17    0.30485E+17   -0.16644E+17   -0.35068E+17   -0.14921E+17   -0.15551E+17                0.4647
    76    5    6    -46.    -22.   -0.12879E+17    0.30466E+17   -0.16282E+17   -0.31697E+17   -0.15395E+17   -0.17253E+17                0.4012
    76    6   -6     13.     23.   -0.24266E+17    0.11685E+17   -0.94615E+16   -0.49524E+17   -0.12045E+16    0.18295E+17                0.8420
    76    6   -5      9.     22.   -0.24384E+17    0.13947E+17   -0.10349E+17   -0.49575E+17   -0.21548E+16    0.16644E+17                0.8527
    76    6   -4      5.     20.   -0.24291E+17    0.16083E+17   -0.11130E+17   -0.49261E+17   -0.31314E+16    0.14836E+17                0.8520
    76    6   -3      1.     18.   -0.23988E+17    0.18070E+17   -0.11799E+17   -0.48582E+17   -0.41253E+16    0.12886E+17                0.8398
    76    6   -2     -4.     15.   -0.23477E+17    0.19891E+17   -0.12349E+17   -0.47543E+17   -0.51272E+16    0.10816E+17                0.8165
    76    6   -1     -8.     13.   -0.22763E+17    0.21526E+17   -0.12778E+17   -0.46148E+17   -0.61270E+16    0.86465E+16                0.7828
    76    6    0    -14.     10.   -0.21853E+17    0.22961E+17   -0.13084E+17   -0.44409E+17   -0.71147E+16    0.63989E+16                0.7399
    76    6    1    -19.      7.   -0.20757E+17    0.24183E+17   -0.13264E+17   -0.42338E+17   -0.80802E+16    0.40960E+16                0.6890
    76    6    2    -25.      3.   -0.19485E+17    0.25178E+17   -0.13321E+17   -0.39951E+17   -0.90131E+16    0.17610E+16                0.6319
    76    6    3    -31.     -1.   -0.18049E+17    0.25940E+17   -0.13256E+17   -0.37266E+17   -0.99028E+16   -0.58214E+15                0.5705
    76    6    4    -36.     -5.   -0.16463E+17    0.26461E+17   -0.13071E+17   -0.34305E+17   -0.10740E+17   -0.29103E+16                0.5067
    76    6    5    -40.     -9.   -0.14743E+17    0.26737E+17   -0.12772E+17   -0.31092E+17   -0.11514E+17   -0.52004E+16                0.4426
    76    6    6    -44.    -12.   -0.12907E+17    0.26768E+17   -0.12364E+17   -0.27654E+17   -0.12217E+17   -0.74305E+16                0.3802
    77    3   -6    -32.    -31.   -0.11840E+17    0.48339E+16   -0.96813E+16   -0.33107E+17   -0.16287E+17   -0.23569E+17                0.5641
    77    3   -5    -35.    -31.   -0.12140E+17    0.58102E+16   -0.13350E+17   -0.34491E+17   -0.17138E+17   -0.24889E+17                0.6039
    77    3   -4    -39.    -31.   -0.12329E+17    0.66836E+16   -0.16886E+17   -0.35669E+17   -0.17923E+17   -0.26124E+17                0.6360
    77    3   -3    -42.    -31.   -0.12405E+17    0.74452E+16   -0.20251E+17   -0.36631E+17   -0.18635E+17   -0.27267E+17                0.6593
    77    3   -2    -45.    -30.   -0.12368E+17    0.80885E+16   -0.23412E+17   -0.37365E+17   -0.19266E+17   -0.28299E+17                0.6731
    77    3   -1    -47.    -30.   -0.12216E+17    0.86080E+16   -0.26336E+17   -0.37865E+17   -0.19808E+17   -0.29211E+17                0.6767
    77    3    0    -50.    -30.   -0.11953E+17    0.89997E+16   -0.28993E+17   -0.38127E+17   -0.20257E+17   -0.29995E+17                0.6702
    77    3    1    -53.    -30.   -0.11580E+17    0.92624E+16   -0.31355E+17   -0.38144E+17   -0.20605E+17   -0.30634E+17                0.6537
    77    3    2    -55.    -30.   -0.11100E+17    0.93962E+16   -0.33401E+17   -0.37912E+17   -0.20844E+17   -0.31116E+17                0.6277
    77    3    3    -57.    -30.   -0.10520E+17    0.94024E+16   -0.35110E+17   -0.37432E+17   -0.20970E+17   -0.31435E+17                0.5933
    77    3    4    -59.    -30.   -0.98445E+16    0.92842E+16   -0.36466E+17   -0.36706E+17   -0.20981E+17   -0.31582E+17                0.5516
    77    3    5    -60.    -30.   -0.90806E+16    0.90476E+16   -0.37457E+17   -0.35732E+17   -0.20865E+17   -0.31540E+17                0.5039
    77    3    6    -61.    -30.   -0.82361E+16    0.86980E+16   -0.38076E+17   -0.34522E+17   -0.20627E+17   -0.31314E+17                0.4520
    77    4   -6    -24.    -17.   -0.12030E+17   -0.23472E+16   -0.10035E+17   -0.28757E+17   -0.10470E+17   -0.84863E+16                0.5622
    77    4   -5    -28.    -17.   -0.12332E+17   -0.12227E+16   -0.12747E+17   -0.29986E+17   -0.11166E+17   -0.92579E+16                0.6016
    77    4   -4    -32.    -18.   -0.12523E+17   -0.12958E+15   -0.15328E+17   -0.31033E+17   -0.11830E+17   -0.10034E+17                0.6334
    77    4   -3    -36.    -18.   -0.12599E+17    0.92175E+15   -0.17751E+17   -0.31887E+17   -0.12456E+17   -0.10807E+17                0.6565
    77    4   -2    -40.    -18.   -0.12559E+17    0.19215E+16   -0.19992E+17   -0.32540E+17   -0.13037E+17   -0.11567E+17                0.6701
    77    4   -1    -44.    -18.   -0.12404E+17    0.28609E+16   -0.22026E+17   -0.32985E+17   -0.13565E+17   -0.12304E+17                0.6737
    77    4    0    -47.    -19.   -0.12136E+17    0.37318E+16   -0.23835E+17   -0.33217E+17   -0.14036E+17   -0.13011E+17                0.6672
    77    4    1    -50.    -19.   -0.11756E+17    0.45274E+16   -0.25401E+17   -0.33232E+17   -0.14443E+17   -0.13676E+17                0.6508
    77    4    2    -53.    -20.   -0.11269E+17    0.52420E+16   -0.26708E+17   -0.33029E+17   -0.14778E+17   -0.14291E+17                0.6251
    77    4    3    -56.    -20.   -0.10680E+17    0.58710E+16   -0.27744E+17   -0.32606E+17   -0.15038E+17   -0.14845E+17                0.5909
    77    4    4    -59.    -21.   -0.99942E+16    0.64107E+16   -0.28501E+17   -0.31966E+17   -0.15216E+17   -0.15329E+17                0.5494
    77    4    5    -61.    -21.   -0.92188E+16    0.68588E+16   -0.28972E+17   -0.31111E+17   -0.15308E+17   -0.15736E+17                0.5020
    77    4    6    -64.    -22.   -0.83618E+16    0.72145E+16   -0.29156E+17   -0.30046E+17   -0.15309E+17   -0.16054E+17                0.4504
    77    5   -6     -8.      5.   -0.12227E+17   -0.52619E+16   -0.90184E+16   -0.26032E+17   -0.64657E+16    0.18211E+16                0.5624
    77    5   -5    -14.      4.   -0.12533E+17   -0.41441E+16   -0.11164E+17   -0.27110E+17   -0.70336E+16    0.14924E+16                0.6005
    77    5   -4    -21.      3.   -0.12725E+17   -0.30248E+16   -0.13192E+17   -0.28021E+17   -0.75941E+16    0.10972E+16                0.6309
    77    5   -3    -27.      2.   -0.12800E+17   -0.19146E+16   -0.15082E+17   -0.28755E+17   -0.81411E+16    0.64088E+15                0.6528
    77    5   -2    -33.      0.   -0.12759E+17   -0.82371E+15   -0.16815E+17   -0.29306E+17   -0.86690E+16    0.12888E+15                0.6652
    77    5   -1    -38.     -1.   -0.12601E+17    0.23796E+15   -0.18374E+17   -0.29667E+17   -0.91722E+16   -0.43291E+15                0.6678
    77    5    0    -43.     -2.   -0.12327E+17    0.12612E+16   -0.19742E+17   -0.29835E+17   -0.96444E+16   -0.10367E+16                0.6604
    77    5    1    -48.     -3.   -0.11941E+17    0.22376E+16   -0.20908E+17   -0.29807E+17   -0.10079E+17   -0.16741E+16                0.6434
    77    5    2    -52.     -5.   -0.11446E+17    0.31593E+16   -0.21859E+17   -0.29580E+17   -0.10471E+17   -0.23367E+16                0.6171
    77    5    3    -56.     -6.   -0.10847E+17    0.40191E+16   -0.22588E+17   -0.29157E+17   -0.10814E+17   -0.30161E+16                0.5827
    77    5    4    -59.     -7.   -0.10151E+17    0.48109E+16   -0.23089E+17   -0.28538E+17   -0.11103E+17   -0.37024E+16                0.5412
    77    5    5    -63.     -8.   -0.93632E+16    0.55297E+16   -0.23359E+17   -0.27727E+17   -0.11332E+17   -0.43865E+16                0.4940
    77    5    6    -66.     -9.   -0.84928E+16    0.61707E+16   -0.23396E+17   -0.26729E+17   -0.11497E+17   -0.50585E+16                0.4428
    77    6   -6     10.     26.   -0.12450E+17   -0.57323E+16   -0.76628E+16   -0.23552E+17   -0.29912E+16    0.10550E+17                0.5598
    77    6   -5      5.     25.   -0.12762E+17   -0.47283E+16   -0.93577E+16   -0.24463E+17   -0.34456E+16    0.10633E+17                0.5965
    77    6   -4     -0.     25.   -0.12958E+17   -0.37107E+16   -0.10954E+17   -0.25219E+17   -0.39129E+16    0.10600E+17                0.6257
    77    6   -3     -6.     24.   -0.13037E+17   -0.26889E+16   -0.12436E+17   -0.25815E+17   -0.43889E+16    0.10450E+17                0.6463
    77    6   -2    -11.     23.   -0.12996E+17   -0.16724E+16   -0.13788E+17   -0.26243E+17   -0.48683E+16    0.10187E+17                0.6577
    77    6   -1    -16.     23.   -0.12837E+17   -0.67025E+15   -0.14996E+17   -0.26500E+17   -0.53461E+16    0.98140E+16                0.6594
    77    6    0    -22.     22.   -0.12560E+17    0.30889E+15   -0.16049E+17   -0.26583E+17   -0.58163E+16    0.93370E+16                0.6513
    77    6    1    -27.     21.   -0.12169E+17    0.12567E+16   -0.16937E+17   -0.26490E+17   -0.62728E+16    0.87626E+16                0.6338
    77    6    2    -32.     20.   -0.11667E+17    0.21652E+16   -0.17652E+17   -0.26220E+17   -0.67106E+16    0.80965E+16                0.6073
    77    6    3    -37.     19.   -0.11059E+17    0.30274E+16   -0.18187E+17   -0.25774E+17   -0.71233E+16    0.73479E+16                0.5729
    77    6    4    -42.     18.   -0.10352E+17    0.38367E+16   -0.18539E+17   -0.25156E+17   -0.75052E+16    0.65254E+16                0.5317
    77    6    5    -48.     16.   -0.95521E+16    0.45873E+16   -0.18706E+17   -0.24367E+17   -0.78504E+16    0.56391E+16                0.4850
    77    6    6    -54.     13.   -0.86677E+16    0.52739E+16   -0.18687E+17   -0.23415E+17   -0.81539E+16    0.46987E+16                0.4345
    78    3   -6    -17.    -25.   -0.12237E+17    0.20219E+17    0.23257E+15   -0.44364E+17   -0.99018E+16   -0.19405E+17                0.7172
    78    3   -5    -24.    -26.   -0.13684E+17    0.16724E+17   -0.83888E+16   -0.46686E+17   -0.12421E+17   -0.22491E+17                0.7276
    78    3   -4    -31.    -27.   -0.15027E+17    0.13148E+17   -0.16914E+17   -0.48671E+17   -0.14902E+17   -0.25461E+17                0.7326
    78    3   -3    -37.    -27.   -0.16253E+17    0.95274E+16   -0.25263E+17   -0.50297E+17   -0.17320E+17   -0.28283E+17                0.7319
    78    3   -2    -41.    -27.   -0.17348E+17    0.59043E+16   -0.33358E+17   -0.51534E+17   -0.19641E+17   -0.30914E+17                0.7257
    78    3   -1    -44.    -27.   -0.18302E+17    0.23159E+16   -0.41122E+17   -0.52375E+17   -0.21849E+17   -0.33336E+17                0.7138
    78    3    0    -45.    -27.   -0.19105E+17   -0.11978E+16   -0.48486E+17   -0.52792E+17   -0.23905E+17   -0.35498E+17                0.6967
    78    3    1    -45.    -27.   -0.19751E+17   -0.46030E+16   -0.55379E+17   -0.52786E+17   -0.25796E+17   -0.37391E+17                0.6747
    78    3    2    -44.    -27.   -0.20230E+17   -0.78575E+16   -0.61739E+17   -0.52338E+17   -0.27486E+17   -0.38969E+17                0.6484
    78    3    3    -43.    -26.   -0.20540E+17   -0.10934E+17   -0.67507E+17   -0.51456E+17   -0.28964E+17   -0.40226E+17                0.6185
    78    3    4    -41.    -26.   -0.20675E+17   -0.13797E+17   -0.72634E+17   -0.50133E+17   -0.30202E+17   -0.41126E+17                0.5858
    78    3    5    -39.    -26.   -0.20636E+17   -0.16419E+17   -0.77073E+17   -0.48379E+17   -0.31186E+17   -0.41663E+17                0.5512
    78    3    6    -37.    -26.   -0.20422E+17   -0.18777E+17   -0.80789E+17   -0.46202E+17   -0.31898E+17   -0.41817E+17                0.5158
    78    4   -6     -8.    -13.   -0.12563E+17    0.16882E+17   -0.35137E+16   -0.41503E+17   -0.49464E+16   -0.72832E+16                0.7162
    78    4   -5    -19.    -15.   -0.13951E+17    0.13284E+17   -0.10959E+17   -0.43877E+17   -0.74458E+16   -0.98689E+16                0.7273
    78    4   -4    -29.    -17.   -0.15230E+17    0.95912E+16   -0.18300E+17   -0.45939E+17   -0.99441E+16   -0.12424E+17                0.7329
    78    4   -3    -35.    -18.   -0.16390E+17    0.58392E+16   -0.25470E+17   -0.47670E+17   -0.12419E+17   -0.14923E+17                0.7328
    78    4   -2    -40.    -19.   -0.17418E+17    0.20629E+16   -0.32404E+17   -0.49050E+17   -0.14844E+17   -0.17343E+17                0.7268
    78    4   -1    -42.    -19.   -0.18303E+17   -0.16999E+16   -0.39041E+17   -0.50055E+17   -0.17188E+17   -0.19646E+17                0.7152
    78    4    0    -43.    -20.   -0.19038E+17   -0.54124E+16   -0.45319E+17   -0.50678E+17   -0.19432E+17   -0.21817E+17                0.6981
    78    4    1    -43.    -20.   -0.19614E+17   -0.90401E+16   -0.51183E+17   -0.50904E+17   -0.21547E+17   -0.23825E+17                0.6760
    78    4    2    -42.    -20.   -0.20026E+17   -0.12548E+17   -0.56582E+17   -0.50726E+17   -0.23509E+17   -0.25646E+17                0.6496
    78    4    3    -41.    -21.   -0.20270E+17   -0.15902E+17   -0.61470E+17   -0.50141E+17   -0.25295E+17   -0.27260E+17                0.6195
    78    4    4    -40.    -21.   -0.20342E+17   -0.19070E+17   -0.65803E+17   -0.49148E+17   -0.26883E+17   -0.28645E+17                0.5866
    78    4    5    -38.    -21.   -0.20243E+17   -0.22023E+17   -0.69545E+17   -0.47753E+17   -0.28256E+17   -0.29786E+17                0.5517
    78    4    6    -36.    -21.   -0.19972E+17   -0.24736E+17   -0.72669E+17   -0.45964E+17   -0.29394E+17   -0.30667E+17                0.5160
    78    5   -6     -2.      4.   -0.13943E+17    0.12802E+17   -0.42899E+16   -0.41549E+17   -0.36380E+16    0.21638E+16                0.7157
    78    5   -5    -14.      1.   -0.15339E+17    0.93542E+16   -0.10903E+17   -0.43708E+17   -0.60115E+16    0.43402E+15                0.7263
    78    5   -4    -25.     -2.   -0.16617E+17    0.58323E+16   -0.17414E+17   -0.45554E+17   -0.83912E+16   -0.13231E+16                0.7310
    78    5   -3    -32.     -4.   -0.17765E+17    0.22699E+16   -0.23762E+17   -0.47069E+17   -0.10756E+17   -0.30920E+16                0.7295
    78    5   -2    -37.     -6.   -0.18770E+17   -0.13003E+16   -0.29892E+17   -0.48232E+17   -0.13076E+17   -0.48498E+16                0.7219
    78    5   -1    -39.     -8.   -0.19623E+17   -0.48457E+16   -0.35750E+17   -0.49028E+17   -0.15329E+17   -0.65801E+16                0.7083
    78    5    0    -41.     -9.   -0.20315E+17   -0.83324E+16   -0.41283E+17   -0.49448E+17   -0.17492E+17   -0.82645E+16                0.6892
    78    5    1    -41.    -10.   -0.20839E+17   -0.11730E+17   -0.46444E+17   -0.49483E+17   -0.19540E+17   -0.98847E+16                0.6649
    78    5    2    -40.    -11.   -0.21189E+17   -0.15005E+17   -0.51188E+17   -0.49127E+17   -0.21451E+17   -0.11423E+17                0.6362
    78    5    3    -40.    -12.   -0.21361E+17   -0.18129E+17   -0.55476E+17   -0.48383E+17   -0.23204E+17   -0.12865E+17                0.6040
    78    5    4    -38.    -12.   -0.21354E+17   -0.21074E+17   -0.59272E+17   -0.47251E+17   -0.24779E+17   -0.14193E+17                0.5691
    78    5    5    -37.    -13.   -0.21167E+17   -0.23813E+17   -0.62545E+17   -0.45741E+17   -0.26158E+17   -0.15397E+17                0.5326
    78    5    6    -35.    -14.   -0.20802E+17   -0.26323E+17   -0.65271E+17   -0.43862E+17   -0.27325E+17   -0.16461E+17                0.4954
    78    6   -6     10.     22.   -0.14603E+17    0.97729E+16   -0.48628E+16   -0.39333E+17   -0.34109E+15    0.12898E+17                0.7074
    78    6   -5     -0.     21.   -0.15943E+17    0.69549E+16   -0.10431E+17   -0.40968E+17   -0.23515E+16    0.12131E+17                0.7150
    78    6   -4    -10.     19.   -0.17160E+17    0.40901E+16   -0.15893E+17   -0.42300E+17   -0.43883E+16    0.11267E+17                0.7162
    78    6   -3    -17.     17.   -0.18241E+17    0.12047E+16   -0.21200E+17   -0.43317E+17   -0.64327E+16    0.10314E+17                0.7109
    78    6   -2    -24.     15.   -0.19175E+17   -0.16738E+16   -0.26304E+17   -0.44002E+17   -0.84614E+16    0.92837E+16                0.6991
    78    6   -1    -28.     13.   -0.19953E+17   -0.45210E+16   -0.31163E+17   -0.44348E+17   -0.10455E+17    0.81839E+16                0.6813
    78    6    0    -31.     11.   -0.20565E+17   -0.73098E+16   -0.35732E+17   -0.44347E+17   -0.12390E+17    0.70271E+16                0.6578
    78    6    1    -34.      8.   -0.21007E+17   -0.10015E+17   -0.39974E+17   -0.43996E+17   -0.14248E+17    0.58232E+16                0.6293
    78    6    2    -35.      6.   -0.21273E+17   -0.12613E+17   -0.43851E+17   -0.43296E+17   -0.16008E+17    0.45839E+16                0.5967
    78    6    3    -36.      4.   -0.21359E+17   -0.15080E+17   -0.47331E+17   -0.42249E+17   -0.17650E+17    0.33209E+16                0.5610
    78    6    4    -36.      2.   -0.21266E+17   -0.17395E+17   -0.50387E+17   -0.40863E+17   -0.19159E+17    0.20451E+16                0.5231
    78    6    5    -36.      1.   -0.20993E+17   -0.19537E+17   -0.52996E+17   -0.39147E+17   -0.20515E+17    0.76855E+15                0.4842
    78    6    6    -35.     -1.   -0.20543E+17   -0.21489E+17   -0.55137E+17   -0.37116E+17   -0.21705E+17   -0.49898E+15                0.4454
    79    3   -6    -58.    -19.   -0.14342E+17    0.41548E+17   -0.75475E+17   -0.30393E+17   -0.14058E+17   -0.24988E+17                0.5803
    79    3   -5    -61.    -21.   -0.15836E+17    0.37416E+17   -0.73097E+17   -0.32032E+17   -0.16795E+17   -0.27756E+17                0.6248
    79    3   -4    -63.    -22.   -0.17198E+17    0.32855E+17   -0.69968E+17   -0.33463E+17   -0.19448E+17   -0.30368E+17                0.6663
    79    3   -3    -63.    -24.   -0.18415E+17    0.27906E+17   -0.66117E+17   -0.34677E+17   -0.21996E+17   -0.32807E+17                0.7036
    79    3   -2    -59.    -26.   -0.19475E+17    0.22614E+17   -0.61582E+17   -0.35670E+17   -0.24422E+17   -0.35061E+17                0.7356
    79    3   -1    -53.    -28.   -0.20364E+17    0.17027E+17   -0.56410E+17   -0.36432E+17   -0.26700E+17   -0.37106E+17                0.7615
    79    3    0    -46.    -30.   -0.21074E+17    0.11199E+17   -0.50651E+17   -0.36962E+17   -0.28816E+17   -0.38935E+17                0.7805
    79    3    1    -38.    -32.   -0.21597E+17    0.51863E+16   -0.44367E+17   -0.37259E+17   -0.30750E+17   -0.40534E+17                0.7921
    79    3    2    -32.    -34.   -0.21926E+17   -0.95225E+15   -0.37623E+17   -0.37322E+17   -0.32488E+17   -0.41894E+17                0.7962
    79    3    3    -27.    -35.   -0.22058E+17   -0.71553E+16   -0.30491E+17   -0.37158E+17   -0.34019E+17   -0.43011E+17                0.7927
    79    3    4    -24.    -36.   -0.21989E+17   -0.13360E+17   -0.23047E+17   -0.36765E+17   -0.35323E+17   -0.43870E+17                0.7818
    79    3    5    -24.    -37.   -0.21721E+17   -0.19504E+17   -0.15369E+17   -0.36151E+17   -0.36394E+17   -0.44472E+17                0.7640
    79    3    6    -27.    -36.   -0.21254E+17   -0.25522E+17   -0.75418E+16   -0.35324E+17   -0.37223E+17   -0.44814E+17                0.7400
    79    4   -6    -73.     -5.   -0.15379E+17    0.32800E+17   -0.52247E+17   -0.20928E+17   -0.30540E+16   -0.39583E+16                0.5458
    79    4   -5    -80.     -7.   -0.16906E+17    0.29411E+17   -0.50591E+17   -0.22304E+17   -0.56109E+16   -0.57080E+16                0.5932
    79    4   -4    -82.     -9.   -0.18292E+17    0.25689E+17   -0.48416E+17   -0.23540E+17   -0.81636E+16   -0.74502E+16                0.6382
    79    4   -3    -74.    -11.   -0.19524E+17    0.21666E+17   -0.45741E+17   -0.24631E+17   -0.10694E+17   -0.91777E+16                0.6796
    79    4   -2    -63.    -14.   -0.20588E+17    0.17380E+17   -0.42594E+17   -0.25570E+17   -0.13180E+17   -0.10877E+17                0.7160
    79    4   -1    -51.    -16.   -0.21472E+17    0.12868E+17   -0.39004E+17   -0.26355E+17   -0.15604E+17   -0.12540E+17                0.7465
    79    4    0    -39.    -18.   -0.22167E+17    0.81735E+16   -0.35008E+17   -0.26983E+17   -0.17947E+17   -0.14158E+17                0.7701
    79    4    1    -28.    -21.   -0.22664E+17    0.33416E+16   -0.30649E+17   -0.27452E+17   -0.20190E+17   -0.15721E+17                0.7863
    79    4    2    -19.    -23.   -0.22958E+17   -0.15813E+16   -0.25970E+17   -0.27762E+17   -0.22315E+17   -0.17220E+17                0.7945
    79    4    3    -13.    -24.   -0.23045E+17   -0.65467E+16   -0.21021E+17   -0.27911E+17   -0.24303E+17   -0.18643E+17                0.7946
    79    4    4    -11.    -26.   -0.22923E+17   -0.11505E+17   -0.15855E+17   -0.27905E+17   -0.26141E+17   -0.19985E+17                0.7868
    79    4    5    -14.    -26.   -0.22592E+17   -0.16406E+17   -0.10526E+17   -0.27744E+17   -0.27812E+17   -0.21237E+17                0.7714
    79    4    6    -19.    -27.   -0.22055E+17   -0.21200E+17   -0.50919E+16   -0.27433E+17   -0.29303E+17   -0.22388E+17                0.7490
    79    5   -6    -88.      2.   -0.16223E+17    0.27776E+17   -0.40118E+17   -0.20108E+17   -0.17730E+16    0.12200E+16                0.5339
    79    5   -5    -97.      1.   -0.17779E+17    0.25040E+17   -0.38829E+17   -0.20953E+17   -0.38448E+16    0.67444E+15                0.5844
    79    5   -4    -87.      0.   -0.19188E+17    0.22028E+17   -0.37142E+17   -0.21664E+17   -0.59216E+16    0.10250E+15                0.6325
    79    5   -3    -74.     -1.   -0.20434E+17    0.18766E+17   -0.35072E+17   -0.22238E+17   -0.79865E+16   -0.49405E+15                0.6767
    79    5   -2    -60.     -2.   -0.21504E+17    0.15284E+17   -0.32639E+17   -0.22675E+17   -0.10024E+17   -0.11149E+16                0.7157
    79    5   -1    -45.     -3.   -0.22386E+17    0.11613E+17   -0.29866E+17   -0.22973E+17   -0.12016E+17   -0.17559E+16                0.7483
    79    5    0    -31.     -4.   -0.23070E+17    0.77875E+16   -0.26782E+17   -0.23134E+17   -0.13948E+17   -0.24166E+16                0.7734
    79    5    1    -17.     -6.   -0.23549E+17    0.38443E+16   -0.23418E+17   -0.23159E+17   -0.15804E+17   -0.30943E+16                0.7905
    79    5    2     -4.     -7.   -0.23817E+17   -0.17897E+15   -0.19809E+17   -0.23051E+17   -0.17568E+17   -0.37854E+16                0.7989
    79    5    3      5.     -9.   -0.23870E+17   -0.42429E+16   -0.15991E+17   -0.22814E+17   -0.19225E+17   -0.44875E+16                0.7985
    79    5    4      7.    -10.   -0.23707E+17   -0.83071E+16   -0.12006E+17   -0.22451E+17   -0.20762E+17   -0.51954E+16                0.7894
    79    5    5      4.    -11.   -0.23328E+17   -0.12331E+17   -0.78944E+16   -0.21969E+17   -0.22165E+17   -0.59065E+16                0.7719
    79    5    6     -5.    -12.   -0.22737E+17   -0.16274E+17   -0.37010E+16   -0.21374E+17   -0.23423E+17   -0.66169E+16                0.7468
    79    6   -6    -75.     16.   -0.16989E+17    0.22194E+17   -0.31253E+17   -0.17855E+17    0.65626E+15    0.72256E+16                0.5229
    79    6   -5    -69.     17.   -0.18577E+17    0.20017E+17   -0.30251E+17   -0.18367E+17   -0.11385E+16    0.75102E+16                0.5756
    79    6   -4    -58.     18.   -0.20010E+17    0.17621E+17   -0.28940E+17   -0.18762E+17   -0.29555E+16    0.77294E+16                0.6258
    79    6   -3    -47.     18.   -0.21272E+17    0.15027E+17   -0.27332E+17   -0.19039E+17   -0.47803E+16    0.78786E+16                0.6721
    79    6   -2    -36.     18.   -0.22352E+17    0.12258E+17   -0.25442E+17   -0.19198E+17   -0.65975E+16    0.79545E+16                0.7129
    79    6   -1    -23.     17.   -0.23236E+17    0.93391E+16   -0.23288E+17   -0.19243E+17   -0.83927E+16    0.79535E+16                0.7471
    79    6    0     -9.     16.   -0.23914E+17    0.62979E+16   -0.20891E+17   -0.19173E+17   -0.10150E+17    0.78737E+16                0.7736
    79    6    1      5.     16.   -0.24380E+17    0.31634E+16   -0.18277E+17   -0.18994E+17   -0.11855E+17    0.77135E+16                0.7915
    79    6    2     17.     15.   -0.24627E+17   -0.34569E+14   -0.15471E+17   -0.18710E+17   -0.13494E+17    0.74712E+16                0.8003
    79    6    3     26.     14.   -0.24652E+17   -0.32647E+16   -0.12503E+17   -0.18323E+17   -0.15052E+17    0.71488E+16                0.7999
    79    6    4     28.     13.   -0.24453E+17   -0.64953E+16   -0.94041E+16   -0.17841E+17   -0.16515E+17    0.67456E+16                0.7902
    79    6    5     25.     13.   -0.24033E+17   -0.96942E+16   -0.62060E+16   -0.17268E+17   -0.17870E+17    0.62644E+16                0.7717
    79    6    6     17.     12.   -0.23393E+17   -0.12829E+17   -0.29426E+16   -0.16612E+17   -0.19106E+17    0.57077E+16                0.7451
    80    3   -6    -64.    -18.   -0.13130E+17    0.11878E+17   -0.46465E+17   -0.24836E+17   -0.10762E+17   -0.14546E+17                0.5132
    80    3   -5    -60.    -20.   -0.14400E+17    0.10451E+17   -0.47020E+17   -0.27174E+17   -0.13732E+17   -0.17744E+17                0.5651
    80    3   -4    -55.    -22.   -0.15553E+17    0.89162E+16   -0.47116E+17   -0.29343E+17   -0.16644E+17   -0.20860E+17                0.6134
    80    3   -3    -51.    -24.   -0.16577E+17    0.72886E+16   -0.46750E+17   -0.31326E+17   -0.19471E+17   -0.23870E+17                0.6566
    80    3   -2    -47.    -26.   -0.17463E+17    0.55832E+16   -0.45931E+17   -0.33103E+17   -0.22185E+17   -0.26742E+17                0.6933
    80    3   -1    -44.    -27.   -0.18202E+17    0.38163E+16   -0.44667E+17   -0.34658E+17   -0.24760E+17   -0.29450E+17                0.7223
    80    3    0    -41.    -28.   -0.18787E+17    0.20048E+16   -0.42974E+17   -0.35977E+17   -0.27170E+17   -0.31969E+17                0.7427
    80    3    1    -39.    -30.   -0.19213E+17    0.16633E+15   -0.40872E+17   -0.37045E+17   -0.29390E+17   -0.34273E+17                0.7539
    80    3    2    -37.    -31.   -0.19475E+17   -0.16814E+16   -0.38385E+17   -0.37855E+17   -0.31401E+17   -0.36345E+17                0.7555
    80    3    3    -35.    -32.   -0.19571E+17   -0.35202E+16   -0.35542E+17   -0.38395E+17   -0.33178E+17   -0.38159E+17                0.7475
    80    3    4    -34.    -33.   -0.19501E+17   -0.53322E+16   -0.32375E+17   -0.38662E+17   -0.34706E+17   -0.39700E+17                0.7301
    80    3    5    -33.    -33.   -0.19264E+17   -0.70996E+16   -0.28920E+17   -0.38650E+17   -0.35968E+17   -0.40953E+17                0.7038
    80    3    6    -33.    -34.   -0.18865E+17   -0.88051E+16   -0.25216E+17   -0.38360E+17   -0.36951E+17   -0.41904E+17                0.6695
    80    4   -6    -66.     -4.   -0.14159E+17    0.80737E+16   -0.31890E+17   -0.20215E+17   -0.56213E+16   -0.21196E+16                0.4767
    80    4   -5    -56.     -7.   -0.15517E+17    0.66845E+16   -0.32619E+17   -0.22166E+17   -0.82103E+16   -0.40498E+16                0.5297
    80    4   -4    -49.    -10.   -0.16748E+17    0.52236E+16   -0.33036E+17   -0.23974E+17   -0.10768E+17   -0.59718E+16                0.5801
    80    4   -3    -43.    -12.   -0.17842E+17    0.37044E+16   -0.33138E+17   -0.25624E+17   -0.13273E+17   -0.78703E+16                0.6264
    80    4   -2    -38.    -14.   -0.18788E+17    0.21407E+16   -0.32927E+17   -0.27101E+17   -0.15700E+17   -0.97287E+16                0.6672
    80    4   -1    -35.    -16.   -0.19576E+17    0.54724E+15   -0.32406E+17   -0.28393E+17   -0.18027E+17   -0.11532E+17                0.7011
    80    4    0    -32.    -18.   -0.20199E+17   -0.10610E+16   -0.31584E+17   -0.29489E+17   -0.20232E+17   -0.13264E+17                0.7270
    80    4    1    -29.    -19.   -0.20651E+17   -0.26688E+16   -0.30472E+17   -0.30380E+17   -0.22294E+17   -0.14909E+17                0.7442
    80    4    2    -27.    -20.   -0.20928E+17   -0.42610E+16   -0.29083E+17   -0.31058E+17   -0.24194E+17   -0.16455E+17                0.7520
    80    4    3    -26.    -21.   -0.21027E+17   -0.58222E+16   -0.27436E+17   -0.31516E+17   -0.25913E+17   -0.17887E+17                0.7502
    80    4    4    -26.    -22.   -0.20948E+17   -0.73376E+16   -0.25549E+17   -0.31751E+17   -0.27434E+17   -0.19194E+17                0.7388
    80    4    5    -25.    -23.   -0.20692E+17   -0.87930E+16   -0.23445E+17   -0.31762E+17   -0.28744E+17   -0.20366E+17                0.7182
    80    4    6    -26.    -24.   -0.20261E+17   -0.10174E+17   -0.21147E+17   -0.31550E+17   -0.29831E+17   -0.21394E+17                0.6890
    80    5   -6    -46.      7.   -0.15249E+17    0.69924E+16   -0.23127E+17   -0.19830E+17   -0.50392E+16    0.26849E+16                0.4691
    80    5   -5    -41.      4.   -0.16676E+17    0.58614E+16   -0.23897E+17   -0.21342E+17   -0.72068E+16    0.18201E+16                0.5234
    80    5   -4    -37.      2.   -0.17968E+17    0.46699E+16   -0.24440E+17   -0.22711E+17   -0.93457E+16    0.93303E+15                0.5753
    80    5   -3    -33.      0.   -0.19112E+17    0.34288E+16   -0.24753E+17   -0.23927E+17   -0.11436E+17    0.30576E+14                0.6231
    80    5   -2    -28.     -2.   -0.20098E+17    0.21494E+16   -0.24835E+17   -0.24977E+17   -0.13458E+17   -0.87856E+15                0.6654
    80    5   -1    -24.     -3.   -0.20917E+17    0.84378E+15   -0.24687E+17   -0.25855E+17   -0.15391E+17   -0.17881E+16                0.7008
    80    5    0    -22.     -5.   -0.21559E+17   -0.47601E+15   -0.24313E+17   -0.26551E+17   -0.17217E+17   -0.26887E+16                0.7282
    80    5    1    -19.     -6.   -0.22020E+17   -0.17975E+16   -0.23720E+17   -0.27060E+17   -0.18918E+17   -0.35732E+16                0.7465
    80    5    2    -18.     -7.   -0.22294E+17   -0.31082E+16   -0.22916E+17   -0.27378E+17   -0.20479E+17   -0.44365E+16                0.7553
    80    5    3    -17.     -9.   -0.22380E+17   -0.43958E+16   -0.21913E+17   -0.27501E+17   -0.21882E+17   -0.52697E+16                0.7542
    80    5    4    -16.    -10.   -0.22277E+17   -0.56479E+16   -0.20723E+17   -0.27429E+17   -0.23115E+17   -0.60669E+16                0.7432
    80    5    5    -16.    -11.   -0.21985E+17   -0.68528E+16   -0.19361E+17   -0.27162E+17   -0.24165E+17   -0.68210E+16                0.7226
    80    5    6    -16.    -12.   -0.21509E+17   -0.79993E+16   -0.17844E+17   -0.26704E+17   -0.25022E+17   -0.75285E+16                0.6930
    80    6   -6    -22.     23.   -0.16196E+17    0.59219E+16   -0.17589E+17   -0.18187E+17   -0.32086E+16    0.84449E+16                0.4634
    80    6   -5    -18.     21.   -0.17676E+17    0.50290E+16   -0.18313E+17   -0.19376E+17   -0.50809E+16    0.83879E+16                0.5180
    80    6   -4    -14.     19.   -0.19013E+17    0.40851E+16   -0.18865E+17   -0.20432E+17   -0.69366E+16    0.82703E+16                0.5703
    80    6   -3    -10.     18.   -0.20193E+17    0.30987E+16   -0.19242E+17   -0.21349E+17   -0.87585E+16    0.80921E+16                0.6186
    80    6   -2     -7.     16.   -0.21207E+17    0.20792E+16   -0.19442E+17   -0.22117E+17   -0.10528E+17    0.78557E+16                0.6613
    80    6   -1     -5.     15.   -0.22043E+17    0.10359E+16   -0.19466E+17   -0.22731E+17   -0.12228E+17    0.75618E+16                0.6971
    80    6    0     -3.     14.   -0.22695E+17   -0.21371E+14   -0.19314E+17   -0.23184E+17   -0.13841E+17    0.72124E+16                0.7249
    80    6    1     -1.     13.   -0.23155E+17   -0.10825E+16   -0.18992E+17   -0.23474E+17   -0.15353E+17    0.68101E+16                0.7436
    80    6    2     -0.     12.   -0.23419E+17   -0.21374E+16   -0.18504E+17   -0.23597E+17   -0.16748E+17    0.63573E+16                0.7526
    80    6    3      0.     11.   -0.23486E+17   -0.31761E+16   -0.17858E+17   -0.23553E+17   -0.18011E+17    0.58568E+16                0.7517
    80    6    4      1.     10.   -0.23354E+17   -0.41886E+16   -0.17062E+17   -0.23342E+17   -0.19131E+17    0.53126E+16                0.7408
    80    6    5      0.      9.   -0.23026E+17   -0.51654E+16   -0.16127E+17   -0.22966E+17   -0.20096E+17    0.47281E+16                0.7201
    80    6    6     -0.      8.   -0.22503E+17   -0.60971E+16   -0.15064E+17   -0.22429E+17   -0.20897E+17    0.41067E+16                0.6904
    81    3   -6    -13.    -22.   -0.10816E+17    0.20648E+17   -0.67582E+16   -0.38336E+17   -0.44272E+16   -0.13843E+17                0.6706
    81    3   -5    -24.    -24.   -0.11730E+17    0.17056E+17   -0.14107E+17   -0.40474E+17   -0.67329E+16   -0.17170E+17                0.6858
    81    3   -4    -34.    -25.   -0.12545E+17    0.13345E+17   -0.21325E+17   -0.42326E+17   -0.90389E+16   -0.20431E+17                0.6952
    81    3   -3    -41.    -26.   -0.13251E+17    0.95564E+16   -0.28341E+17   -0.43873E+17   -0.11322E+17   -0.23593E+17                0.6985
    81    3   -2    -46.    -26.   -0.13842E+17    0.57288E+16   -0.35091E+17   -0.45093E+17   -0.13556E+17   -0.26619E+17                0.6956
    81    3   -1    -48.    -27.   -0.14311E+17    0.19045E+16   -0.41510E+17   -0.45967E+17   -0.15713E+17   -0.29468E+17                0.6864
    81    3    0    -48.    -27.   -0.14653E+17   -0.18775E+16   -0.47540E+17   -0.46481E+17   -0.17769E+17   -0.32109E+17                0.6710
    81    3    1    -48.    -27.   -0.14866E+17   -0.55797E+16   -0.53122E+17   -0.46631E+17   -0.19707E+17   -0.34519E+17                0.6500
    81    3    2    -46.    -28.   -0.14946E+17   -0.91607E+16   -0.58206E+17   -0.46403E+17   -0.21496E+17   -0.36657E+17                0.6237
    81    3    3    -44.    -28.   -0.14893E+17   -0.12587E+17   -0.62745E+17   -0.45797E+17   -0.23119E+17   -0.38502E+17                0.5930
    81    3    4    -43.    -28.   -0.14707E+17   -0.15821E+17   -0.66700E+17   -0.44811E+17   -0.24554E+17   -0.40025E+17                0.5587
    81    3    5    -41.    -28.   -0.14391E+17   -0.18832E+17   -0.70035E+17   -0.43450E+17   -0.25784E+17   -0.41208E+17                0.5217
    81    3    6    -39.    -28.   -0.13947E+17   -0.21591E+17   -0.72722E+17   -0.41724E+17   -0.26795E+17   -0.42037E+17                0.4831
    81    4   -6     -5.     -9.   -0.11367E+17    0.17582E+17   -0.77901E+16   -0.36939E+17   -0.10139E+16   -0.45792E+16                0.6700
    81    4   -5    -19.    -13.   -0.12239E+17    0.14454E+17   -0.13426E+17   -0.39016E+17   -0.32620E+16   -0.72589E+16                0.6848
    81    4   -4    -29.    -15.   -0.13006E+17    0.11201E+17   -0.18945E+17   -0.40819E+17   -0.55331E+16   -0.99337E+16                0.6935
    81    4   -3    -37.    -17.   -0.13658E+17    0.78525E+16   -0.24294E+17   -0.42327E+17   -0.78016E+16   -0.12573E+17                0.6959
    81    4   -2    -41.    -19.   -0.14190E+17    0.44421E+16   -0.29427E+17   -0.43523E+17   -0.10046E+17   -0.15151E+17                0.6918
    81    4   -1    -44.    -20.   -0.14596E+17    0.10020E+16   -0.34295E+17   -0.44392E+17   -0.12241E+17   -0.17640E+17                0.6813
    81    4    0    -45.    -21.   -0.14872E+17   -0.24331E+16   -0.38854E+17   -0.44919E+17   -0.14362E+17   -0.20009E+17                0.6645
    81    4    1    -46.    -22.   -0.15014E+17   -0.58303E+16   -0.43064E+17   -0.45099E+17   -0.16388E+17   -0.22237E+17                0.6421
    81    4    2    -45.    -22.   -0.15022E+17   -0.91568E+16   -0.46888E+17   -0.44925E+17   -0.18297E+17   -0.24296E+17                0.6145
    81    4    3    -44.    -23.   -0.14895E+17   -0.12380E+17   -0.50292E+17   -0.44394E+17   -0.20067E+17   -0.26166E+17                0.5826
    81    4    4    -43.    -23.   -0.14634E+17   -0.15469E+17   -0.53247E+17   -0.43509E+17   -0.21678E+17   -0.27824E+17                0.5474
    81    4    5    -42.    -24.   -0.14242E+17   -0.18394E+17   -0.55729E+17   -0.42272E+17   -0.23112E+17   -0.29251E+17                0.5098
    81    4    6    -40.    -24.   -0.13723E+17   -0.21127E+17   -0.57717E+17   -0.40691E+17   -0.24352E+17   -0.30431E+17                0.4709
    81    5   -6      7.      7.   -0.11911E+17    0.14421E+17   -0.63853E+16   -0.36634E+17    0.81640E+15    0.29963E+16                0.6677
    81    5   -5     -8.      3.   -0.12747E+17    0.11863E+17   -0.10886E+17   -0.38339E+17   -0.11755E+16    0.12433E+16                0.6810
    81    5   -4    -20.     -1.   -0.13473E+17    0.91945E+16   -0.15288E+17   -0.39767E+17   -0.31975E+16   -0.54726E+15                0.6876
    81    5   -3    -29.     -4.   -0.14081E+17    0.64405E+16   -0.19553E+17   -0.40904E+17   -0.52293E+16   -0.23577E+16                0.6874
    81    5   -2    -35.     -7.   -0.14563E+17    0.36268E+16   -0.23641E+17   -0.41733E+17   -0.72482E+16   -0.41667E+16                0.6803
    81    5   -1    -39.     -9.   -0.14917E+17    0.77929E+15   -0.27517E+17   -0.42246E+17   -0.92361E+16   -0.59592E+16                0.6665
    81    5    0    -42.    -10.   -0.15136E+17   -0.20746E+16   -0.31146E+17   -0.42434E+17   -0.11170E+17   -0.77146E+16                0.6463
    81    5    1    -44.    -12.   -0.15219E+17   -0.49087E+16   -0.34497E+17   -0.42293E+17   -0.13031E+17   -0.94157E+16                0.6203
    81    5    2    -44.    -13.   -0.15165E+17   -0.76947E+16   -0.37539E+17   -0.41820E+17   -0.14798E+17   -0.11044E+17                0.5894
    81    5    3    -44.    -14.   -0.14974E+17   -0.10408E+17   -0.40248E+17   -0.41019E+17   -0.16454E+17   -0.12585E+17                0.5544
    81    5    4    -44.    -15.   -0.14649E+17   -0.13022E+17   -0.42600E+17   -0.39892E+17   -0.17980E+17   -0.14020E+17                0.5163
    81    5    5    -43.    -16.   -0.14191E+17   -0.15512E+17   -0.44578E+17   -0.38450E+17   -0.19361E+17   -0.15338E+17                0.4764
    81    5    6    -41.    -17.   -0.13607E+17   -0.17856E+17   -0.46166E+17   -0.36701E+17   -0.20580E+17   -0.16524E+17                0.4358
    81    6   -6     19.     23.   -0.12236E+17    0.11770E+17   -0.53973E+16   -0.34615E+17    0.39432E+16    0.11672E+17                0.6584
    81    6   -5      9.     21.   -0.13038E+17    0.98969E+16   -0.89424E+16   -0.35843E+17    0.22490E+16    0.10782E+17                0.6688
    81    6   -4     -2.     19.   -0.13727E+17    0.79350E+16   -0.12403E+17   -0.36805E+17    0.50520E+15    0.97986E+16                0.6720
    81    6   -3    -11.     17.   -0.14294E+17    0.59033E+16   -0.15748E+17   -0.37490E+17   -0.12708E+16    0.87310E+16                0.6681
    81    6   -2    -19.     15.   -0.14735E+17    0.38182E+16   -0.18948E+17   -0.37890E+17   -0.30609E+16    0.75905E+16                0.6571
    81    6   -1    -26.     13.   -0.15044E+17    0.17010E+16   -0.21975E+17   -0.37996E+17   -0.48467E+16    0.63876E+16                0.6393
    81    6    0    -31.     10.   -0.15217E+17   -0.42808E+15   -0.24800E+17   -0.37808E+17   -0.66107E+16    0.51333E+16                0.6151
    81    6    1    -36.      7.   -0.15253E+17   -0.25516E+16   -0.27403E+17   -0.37322E+17   -0.83333E+16    0.38413E+16                0.5854
    81    6    2    -40.      4.   -0.15150E+17   -0.46474E+16   -0.29757E+17   -0.36542E+17   -0.99979E+16    0.25220E+16                0.5510
    81    6    3    -43.      2.   -0.14911E+17   -0.66967E+16   -0.31845E+17   -0.35473E+17   -0.11587E+17    0.11879E+16                0.5130
    81    6    4    -45.     -0.   -0.14536E+17   -0.86804E+16   -0.33649E+17   -0.34121E+17   -0.13084E+17   -0.14688E+15                0.4725
    81    6    5    -45.     -2.   -0.14030E+17   -0.10579E+17   -0.35155E+17   -0.32500E+17   -0.14473E+17   -0.14730E+16                0.4307
    81    6    6    -43.     -4.   -0.13397E+17   -0.12377E+17   -0.36354E+17   -0.30619E+17   -0.15741E+17   -0.27770E+16                0.3889
    82    3   -6    -45.    -10.   -0.17276E+17    0.19271E+17   -0.88011E+17   -0.20749E+17   -0.24303E+16   -0.11336E+17                0.6640
    82    3   -5    -49.    -14.   -0.18447E+17    0.19145E+17   -0.85782E+17   -0.24608E+17   -0.71111E+16   -0.17364E+17                0.7213
    82    3   -4    -51.    -18.   -0.19461E+17    0.18793E+17   -0.82716E+17   -0.28351E+17   -0.11823E+17   -0.23364E+17                0.7724
    82    3   -3    -53.    -22.   -0.20307E+17    0.18215E+17   -0.78842E+17   -0.31947E+17   -0.16526E+17   -0.29287E+17                0.8160
    82    3   -2    -53.    -25.   -0.20976E+17    0.17412E+17   -0.74198E+17   -0.35366E+17   -0.21177E+17   -0.35079E+17                0.8506
    82    3   -1    -52.    -28.   -0.21463E+17    0.16391E+17   -0.68829E+17   -0.38578E+17   -0.25734E+17   -0.40691E+17                0.8754
    82    3    0    -50.    -30.   -0.21761E+17    0.15159E+17   -0.62790E+17   -0.41554E+17   -0.30156E+17   -0.46072E+17                0.8896
    82    3    1    -47.    -33.   -0.21868E+17    0.13726E+17   -0.56142E+17   -0.44266E+17   -0.34399E+17   -0.51170E+17                0.8929
    82    3    2    -44.    -35.   -0.21783E+17    0.12107E+17   -0.48954E+17   -0.46691E+17   -0.38425E+17   -0.55941E+17                0.8854
    82    3    3    -42.    -37.   -0.21507E+17    0.10316E+17   -0.41301E+17   -0.48806E+17   -0.42197E+17   -0.60342E+17                0.8674
    82    3    4    -40.    -38.   -0.21043E+17    0.83717E+16   -0.33262E+17   -0.50590E+17   -0.45675E+17   -0.64327E+17                0.8397
    82    3    5    -39.    -39.   -0.20394E+17    0.62936E+16   -0.24921E+17   -0.52028E+17   -0.48831E+17   -0.67867E+17                0.8032
    82    3    6    -39.    -40.   -0.19569E+17    0.41037E+16   -0.16365E+17   -0.53102E+17   -0.51628E+17   -0.70918E+17                0.7593
    82    4   -6    -47.      9.   -0.19432E+17    0.23587E+17   -0.67632E+17   -0.12417E+17    0.10719E+17    0.72055E+16                0.6319
    82    4   -5    -57.      4.   -0.20544E+17    0.22485E+17   -0.66550E+17   -0.15565E+17    0.64584E+16    0.32762E+16                0.6897
    82    4   -4    -65.     -1.   -0.21479E+17    0.21140E+17   -0.64827E+17   -0.18649E+17    0.20792E+16   -0.73790E+15                0.7422
    82    4   -3    -66.     -5.   -0.22230E+17    0.19559E+17   -0.62479E+17   -0.21643E+17   -0.23796E+16   -0.48016E+16                0.7879
    82    4   -2    -64.    -10.   -0.22788E+17    0.17757E+17   -0.59529E+17   -0.24527E+17   -0.68827E+16   -0.88861E+16                0.8254
    82    4   -1    -59.    -14.   -0.23147E+17    0.15747E+17   -0.56007E+17   -0.27273E+17   -0.11388E+17   -0.12954E+17                0.8536
    82    4    0    -53.    -17.   -0.23303E+17    0.13547E+17   -0.51948E+17   -0.29862E+17   -0.15858E+17   -0.16974E+17                0.8718
    82    4    1    -47.    -21.   -0.23256E+17    0.11178E+17   -0.47395E+17   -0.32272E+17   -0.20253E+17   -0.20912E+17                0.8794
    82    4    2    -42.    -24.   -0.23005E+17    0.86615E+16   -0.42395E+17   -0.34483E+17   -0.24534E+17   -0.24736E+17                0.8765
    82    4    3    -38.    -26.   -0.22552E+17    0.60208E+16   -0.37000E+17   -0.36476E+17   -0.28662E+17   -0.28410E+17                0.8632
    82    4    4    -36.    -28.   -0.21902E+17    0.32821E+16   -0.31266E+17   -0.38237E+17   -0.32602E+17   -0.31908E+17                0.8402
    82    4    5    -35.    -30.   -0.21062E+17    0.47212E+15   -0.25253E+17   -0.39746E+17   -0.36315E+17   -0.35196E+17                0.8083
    82    4    6    -36.    -31.   -0.20038E+17   -0.23815E+16   -0.19026E+17   -0.40996E+17   -0.39773E+17   -0.38252E+17                0.7687
    82    5   -6    -58.     15.   -0.20847E+17    0.22979E+17   -0.53381E+17   -0.13392E+17    0.11252E+17    0.93020E+16                0.6205
    82    5   -5    -66.     11.   -0.21923E+17    0.21963E+17   -0.52809E+17   -0.15770E+17    0.75634E+16    0.72003E+16                0.6813
    82    5   -4    -72.      8.   -0.22811E+17    0.20719E+17   -0.51730E+17   -0.18074E+17    0.37539E+16    0.50100E+16                0.7368
    82    5   -3    -74.      4.   -0.23502E+17    0.19259E+17   -0.50153E+17   -0.20284E+17   -0.14144E+15    0.27505E+16                0.7853
    82    5   -2    -72.      1.   -0.23988E+17    0.17592E+17   -0.48095E+17   -0.22384E+17   -0.40889E+16    0.43953E+15                0.8254
    82    5   -1    -65.     -3.   -0.24265E+17    0.15734E+17   -0.45576E+17   -0.24356E+17   -0.80520E+16   -0.19034E+16                0.8559
    82    5    0    -56.     -6.   -0.24331E+17    0.13702E+17   -0.42621E+17   -0.26183E+17   -0.11995E+17   -0.42579E+16                0.8758
    82    5    1    -48.     -9.   -0.24184E+17    0.11514E+17   -0.39261E+17   -0.27850E+17   -0.15879E+17   -0.66035E+16                0.8847
    82    5    2    -41.    -12.   -0.23825E+17    0.91917E+16   -0.35532E+17   -0.29343E+17   -0.19672E+17   -0.89212E+16                0.8824
    82    5    3    -36.    -14.   -0.23258E+17    0.67567E+16   -0.31474E+17   -0.30649E+17   -0.23335E+17   -0.11190E+17                0.8691
    82    5    4    -33.    -17.   -0.22489E+17    0.42325E+16   -0.27127E+17   -0.31757E+17   -0.26836E+17   -0.13390E+17                0.8453
    82    5    5    -32.    -18.   -0.21526E+17    0.16444E+16   -0.22539E+17   -0.32656E+17   -0.30142E+17   -0.15503E+17                0.8120
    82    5    6    -33.    -20.   -0.20377E+17   -0.98151E+15   -0.17756E+17   -0.33340E+17   -0.33221E+17   -0.17511E+17                0.7703
    82    6   -6    -59.     27.   -0.22202E+17    0.19885E+17   -0.41223E+17   -0.12318E+17    0.14036E+17    0.13081E+17                0.6139
    82    6   -5    -64.     26.   -0.23239E+17    0.18963E+17   -0.40971E+17   -0.14092E+17    0.10718E+17    0.12438E+17                0.6753
    82    6   -4    -63.     24.   -0.24076E+17    0.17848E+17   -0.40328E+17   -0.15797E+17    0.72584E+16    0.11690E+17                0.7314
    82    6   -3    -59.     22.   -0.24703E+17    0.16548E+17   -0.39302E+17   -0.17420E+17    0.36905E+16    0.10844E+17                0.7807
    82    6   -2    -53.     20.   -0.25115E+17    0.15075E+17   -0.37901E+17   -0.18945E+17    0.47713E+14    0.99049E+16                0.8215
    82    6   -1    -46.     18.   -0.25307E+17    0.13442E+17   -0.36142E+17   -0.20363E+17   -0.36367E+16    0.88815E+16                0.8526
    82    6    0    -40.     15.   -0.25278E+17    0.11663E+17   -0.34041E+17   -0.21661E+17   -0.73271E+16    0.77824E+16                0.8731
    82    6    1    -33.     13.   -0.25028E+17    0.97565E+16   -0.31621E+17   -0.22827E+17   -0.10988E+17    0.66175E+16                0.8825
    82    6    2    -28.     10.   -0.24559E+17    0.77399E+16   -0.28907E+17   -0.23852E+17   -0.14585E+17    0.53960E+16                0.8806
    82    6    3    -24.      8.   -0.23877E+17    0.56334E+16   -0.25928E+17   -0.24727E+17   -0.18084E+17    0.41277E+16                0.8674
    82    6    4    -23.      5.   -0.22987E+17    0.34571E+16   -0.22715E+17   -0.25444E+17   -0.21450E+17    0.28245E+16                0.8436
    82    6    5    -24.      3.   -0.21898E+17    0.12330E+16   -0.19302E+17   -0.25996E+17   -0.24652E+17    0.14973E+16                0.8101
    82    6    6    -28.      0.   -0.20622E+17   -0.10165E+16   -0.15724E+17   -0.26378E+17   -0.27658E+17    0.15653E+15                0.7678
    83    3   -6    -37.    -23.   -0.12241E+17    0.28209E+17   -0.21036E+17   -0.38980E+17   -0.82634E+16   -0.18504E+17                0.6396
    83    3   -5    -45.    -24.   -0.13186E+17    0.25345E+17   -0.26590E+17   -0.40716E+17   -0.10527E+17   -0.21198E+17                0.6733
    83    3   -4    -50.    -25.   -0.14015E+17    0.22237E+17   -0.31865E+17   -0.42208E+17   -0.12799E+17   -0.23859E+17                0.6996
    83    3   -3    -54.    -25.   -0.14718E+17    0.18915E+17   -0.36807E+17   -0.43437E+17   -0.15055E+17   -0.26454E+17                0.7176
    83    3   -2    -56.    -26.   -0.15289E+17    0.15413E+17   -0.41367E+17   -0.44390E+17   -0.17273E+17   -0.28955E+17                0.7267
    83    3   -1    -56.    -27.   -0.15721E+17    0.11765E+17   -0.45499E+17   -0.45058E+17   -0.19434E+17   -0.31345E+17                0.7264
    83    3    0    -54.    -27.   -0.16011E+17    0.80068E+16   -0.49166E+17   -0.45432E+17   -0.21515E+17   -0.33594E+17                0.7166
    83    3    1    -52.    -28.   -0.16154E+17    0.41778E+16   -0.52330E+17   -0.45503E+17   -0.23491E+17   -0.35675E+17                0.6977
    83    3    2    -50.    -28.   -0.16148E+17    0.31537E+15   -0.54963E+17   -0.45269E+17   -0.25343E+17   -0.37567E+17                0.6701
    83    3    3    -47.    -29.   -0.15995E+17   -0.35410E+16   -0.57042E+17   -0.44727E+17   -0.27051E+17   -0.39246E+17                0.6349
    83    3    4    -45.    -29.   -0.15695E+17   -0.73511E+16   -0.58550E+17   -0.43877E+17   -0.28594E+17   -0.40691E+17                0.5931
    83    3    5    -43.    -30.   -0.15251E+17   -0.11076E+17   -0.59476E+17   -0.42723E+17   -0.29952E+17   -0.41881E+17                0.5461
    83    3    6    -40.    -30.   -0.14668E+17   -0.14680E+17   -0.59816E+17   -0.41273E+17   -0.31113E+17   -0.42804E+17                0.4955
    83    4   -6    -43.    -12.   -0.12725E+17    0.22919E+17   -0.23280E+17   -0.37150E+17   -0.48860E+16   -0.80575E+16                0.6474
    83    4   -5    -48.    -13.   -0.13654E+17    0.21033E+17   -0.26484E+17   -0.38589E+17   -0.68461E+16   -0.96558E+16                0.6822
    83    4   -4    -51.    -15.   -0.14461E+17    0.18934E+17   -0.29414E+17   -0.39779E+17   -0.88193E+16   -0.11253E+17                0.7090
    83    4   -3    -54.    -16.   -0.15139E+17    0.16640E+17   -0.32039E+17   -0.40710E+17   -0.10788E+17   -0.12837E+17                0.7267
    83    4   -2    -55.    -17.   -0.15679E+17    0.14174E+17   -0.34334E+17   -0.41371E+17   -0.12734E+17   -0.14390E+17                0.7346
    83    4   -1    -55.    -18.   -0.16077E+17    0.11560E+17   -0.36275E+17   -0.41755E+17   -0.14636E+17   -0.15896E+17                0.7324
    83    4    0    -54.    -19.   -0.16327E+17    0.88213E+16   -0.37846E+17   -0.41856E+17   -0.16477E+17   -0.17341E+17                0.7202
    83    4    1    -52.    -19.   -0.16427E+17    0.59863E+16   -0.39030E+17   -0.41672E+17   -0.18238E+17   -0.18710E+17                0.6982
    83    4    2    -51.    -20.   -0.16376E+17    0.30821E+16   -0.39819E+17   -0.41200E+17   -0.19900E+17   -0.19985E+17                0.6673
    83    4    3    -49.    -21.   -0.16174E+17    0.13890E+15   -0.40207E+17   -0.40442E+17   -0.21444E+17   -0.21154E+17                0.6285
    83    4    4    -47.    -22.   -0.15822E+17   -0.28145E+16   -0.40194E+17   -0.39403E+17   -0.22854E+17   -0.22201E+17                0.5830
    83    4    5    -45.    -23.   -0.15325E+17   -0.57478E+16   -0.39782E+17   -0.38088E+17   -0.24115E+17   -0.23117E+17                0.5323
    83    4    6    -43.    -24.   -0.14687E+17   -0.86314E+16   -0.38981E+17   -0.36507E+17   -0.25212E+17   -0.23887E+17                0.4783
    83    5   -6    -39.      2.   -0.12886E+17    0.18433E+17   -0.20995E+17   -0.36030E+17   -0.20106E+16    0.84869E+15                0.6452
    83    5   -5    -45.      0.   -0.13824E+17    0.17079E+17   -0.23214E+17   -0.37154E+17   -0.37174E+16    0.12848E+15                0.6801
    83    5   -4    -48.     -1.   -0.14639E+17    0.15548E+17   -0.25190E+17   -0.38031E+17   -0.54493E+16   -0.63673E+15                0.7067
    83    5   -3    -50.     -2.   -0.15322E+17    0.13854E+17   -0.26903E+17   -0.38650E+17   -0.71898E+16   -0.14392E+16                0.7239
    83    5   -2    -52.     -4.   -0.15866E+17    0.12011E+17   -0.28337E+17   -0.39006E+17   -0.89239E+16   -0.22728E+16                0.7310
    83    5   -1    -52.     -5.   -0.16266E+17    0.10038E+17   -0.29477E+17   -0.39093E+17   -0.10634E+17   -0.31281E+16                0.7278
    83    5    0    -52.     -6.   -0.16516E+17    0.79516E+16   -0.30312E+17   -0.38910E+17   -0.12303E+17   -0.39971E+16                0.7144
    83    5    1    -51.     -7.   -0.16613E+17    0.57733E+16   -0.30835E+17   -0.38457E+17   -0.13915E+17   -0.48713E+16                0.6911
    83    5    2    -50.     -8.   -0.16558E+17    0.35243E+16   -0.31043E+17   -0.37736E+17   -0.15454E+17   -0.57413E+16                0.6588
    83    5    3    -48.     -9.   -0.16349E+17    0.12266E+16   -0.30936E+17   -0.36752E+17   -0.16904E+17   -0.65984E+16                0.6185
    83    5    4    -47.    -10.   -0.15988E+17   -0.10969E+16   -0.30516E+17   -0.35510E+17   -0.18249E+17   -0.74328E+16                0.5715
    83    5    5    -45.    -11.   -0.15480E+17   -0.34224E+16   -0.29791E+17   -0.34021E+17   -0.19475E+17   -0.82364E+16                0.5196
    83    5    6    -43.    -13.   -0.14830E+17   -0.57261E+16   -0.28772E+17   -0.32294E+17   -0.20568E+17   -0.89991E+16                0.4643
    83    6   -6    -20.     20.   -0.13051E+17    0.14343E+17   -0.17660E+17   -0.34028E+17    0.14049E+16    0.99459E+16                0.6388
    83    6   -5    -24.     20.   -0.14020E+17    0.13478E+17   -0.19331E+17   -0.34771E+17   -0.51806E+14    0.10007E+17                0.6731
    83    6   -4    -27.     19.   -0.14865E+17    0.12476E+17   -0.20799E+17   -0.35273E+17   -0.15532E+16    0.99704E+16                0.6990
    83    6   -3    -30.     19.   -0.15577E+17    0.11345E+17   -0.22051E+17   -0.35532E+17   -0.30865E+16    0.98348E+16                0.7154
    83    6   -2    -32.     18.   -0.16147E+17    0.10095E+17   -0.23073E+17   -0.35543E+17   -0.46364E+16    0.96025E+16                0.7217
    83    6   -1    -33.     18.   -0.16570E+17    0.87379E+16   -0.23855E+17   -0.35304E+17   -0.61890E+16    0.92750E+16                0.7176
    83    6    0    -34.     17.   -0.16841E+17    0.72865E+16   -0.24390E+17   -0.34818E+17   -0.77292E+16    0.88554E+16                0.7033
    83    6    1    -35.     16.   -0.16956E+17    0.57547E+16   -0.24673E+17   -0.34086E+17   -0.92422E+16    0.83472E+16                0.6791
    83    6    2    -36.     15.   -0.16916E+17    0.41575E+16   -0.24703E+17   -0.33115E+17   -0.10713E+17    0.77555E+16                0.6460
    83    6    3    -36.     14.   -0.16719E+17    0.25109E+16   -0.24482E+17   -0.31912E+17   -0.12126E+17    0.70856E+16                0.6049
    83    6    4    -36.     13.   -0.16367E+17    0.83111E+15   -0.24012E+17   -0.30484E+17   -0.13468E+17    0.63441E+16                0.5573
    83    6    5    -35.     12.   -0.15864E+17   -0.86451E+15   -0.23302E+17   -0.28845E+17   -0.14725E+17    0.55372E+16                0.5048
    83    6    6    -35.     10.   -0.15215E+17   -0.25592E+16   -0.22360E+17   -0.27005E+17   -0.15883E+17    0.46730E+16                0.4492
    84    3   -6    -69.    -20.   -0.12405E+17    0.11400E+17   -0.46586E+17   -0.27786E+17   -0.38825E+16   -0.16199E+17                0.5253
    84    3   -5    -64.    -23.   -0.13364E+17    0.10662E+17   -0.47493E+17   -0.30905E+17   -0.80048E+16   -0.20727E+17                0.5849
    84    3   -4    -60.    -25.   -0.14207E+17    0.97804E+16   -0.47961E+17   -0.33849E+17   -0.12143E+17   -0.25193E+17                0.6401
    84    3   -3    -56.    -27.   -0.14924E+17    0.87608E+16   -0.47985E+17   -0.36593E+17   -0.16262E+17   -0.29562E+17                0.6891
    84    3   -2    -53.    -29.   -0.15509E+17    0.76109E+16   -0.47564E+17   -0.39115E+17   -0.20325E+17   -0.33796E+17                0.7305
    84    3   -1    -50.    -30.   -0.15957E+17    0.63396E+16   -0.46702E+17   -0.41394E+17   -0.24295E+17   -0.37860E+17                0.7627
    84    3    0    -48.    -32.   -0.16261E+17    0.49584E+16   -0.45408E+17   -0.43405E+17   -0.28132E+17   -0.41710E+17                0.7849
    84    3    1    -46.    -33.   -0.16420E+17    0.34804E+16   -0.43696E+17   -0.45130E+17   -0.31797E+17   -0.45309E+17                0.7962
    84    3    2    -45.    -34.   -0.16431E+17    0.19188E+16   -0.41582E+17   -0.46556E+17   -0.35260E+17   -0.48629E+17                0.7965
    84    3    3    -44.    -35.   -0.16295E+17    0.28934E+15   -0.39090E+17   -0.47666E+17   -0.38483E+17   -0.51636E+17                0.7856
    84    3    4    -44.    -35.   -0.16014E+17   -0.13921E+16   -0.36244E+17   -0.48452E+17   -0.41438E+17   -0.54303E+17                0.7640
    84    3    5    -44.    -36.   -0.15589E+17   -0.31086E+16   -0.33074E+17   -0.48907E+17   -0.44096E+17   -0.56606E+17                0.7324
    84    3    6    -44.    -37.   -0.15027E+17   -0.48414E+16   -0.29615E+17   -0.49019E+17   -0.46425E+17   -0.58512E+17                0.6919
    84    4   -6    -87.      0.   -0.12864E+17    0.10208E+17   -0.38319E+17   -0.21330E+17    0.45502E+16    0.95297E+14                0.5023
    84    4   -5    -78.     -4.   -0.13840E+17    0.95225E+16   -0.39396E+17   -0.23852E+17    0.97085E+15   -0.26012E+16                0.5612
    84    4   -4    -70.     -8.   -0.14694E+17    0.87113E+16   -0.40115E+17   -0.26236E+17   -0.26737E+16   -0.53318E+16                0.6163
    84    4   -3    -63.    -12.   -0.15419E+17    0.77792E+16   -0.40468E+17   -0.28464E+17   -0.63533E+16   -0.80775E+16                0.6659
    84    4   -2    -58.    -14.   -0.16008E+17    0.67329E+16   -0.40451E+17   -0.30519E+17   -0.10035E+17   -0.10816E+17                0.7083
    84    4   -1    -54.    -17.   -0.16454E+17    0.55809E+16   -0.40066E+17   -0.32384E+17   -0.13687E+17   -0.13526E+17                0.7423
    84    4    0    -50.    -19.   -0.16753E+17    0.43328E+16   -0.39315E+17   -0.34042E+17   -0.17274E+17   -0.16181E+17                0.7668
    84    4    1    -48.    -20.   -0.16902E+17    0.29997E+16   -0.38207E+17   -0.35480E+17   -0.20765E+17   -0.18761E+17                0.7809
    84    4    2    -46.    -22.   -0.16900E+17    0.15942E+16   -0.36756E+17   -0.36687E+17   -0.24126E+17   -0.21243E+17                0.7844
    84    4    3    -45.    -23.   -0.16746E+17    0.12926E+15   -0.34974E+17   -0.37652E+17   -0.27328E+17   -0.23608E+17                0.7771
    84    4    4    -44.    -25.   -0.16443E+17   -0.13804E+16   -0.32882E+17   -0.38367E+17   -0.30340E+17   -0.25832E+17                0.7593
    84    4    5    -44.    -26.   -0.15994E+17   -0.29198E+16   -0.30502E+17   -0.38825E+17   -0.33133E+17   -0.27899E+17                0.7316
    84    4    6    -44.    -27.   -0.15404E+17   -0.44734E+16   -0.27859E+17   -0.39024E+17   -0.35683E+17   -0.29788E+17                0.6950
    84    5   -6    -67.     14.   -0.13324E+17    0.86789E+16   -0.30273E+17   -0.20589E+17    0.52084E+16    0.55543E+16                0.4958
    84    5   -5    -64.     10.   -0.14304E+17    0.82688E+16   -0.31327E+17   -0.22474E+17    0.21396E+16    0.43973E+16                0.5554
    84    5   -4    -62.      7.   -0.15158E+17    0.77529E+16   -0.32093E+17   -0.24224E+17   -0.99684E+15    0.31719E+16                0.6112
    84    5   -3    -60.      4.   -0.15880E+17    0.71343E+16   -0.32565E+17   -0.25826E+17   -0.41715E+16    0.18899E+16                0.6614
    84    5   -2    -58.      1.   -0.16460E+17    0.64177E+16   -0.32736E+17   -0.27266E+17   -0.73549E+16    0.56194E+15                0.7044
    84    5   -1    -55.     -1.   -0.16895E+17    0.56086E+16   -0.32608E+17   -0.28532E+17   -0.10518E+17   -0.80135E+15                0.7388
    84    5    0    -52.     -4.   -0.17178E+17    0.47140E+16   -0.32182E+17   -0.29614E+17   -0.13631E+17   -0.21889E+16                0.7635
    84    5    1    -50.     -6.   -0.17308E+17    0.37420E+16   -0.31462E+17   -0.30504E+17   -0.16665E+17   -0.35902E+16                0.7777
    84    5    2    -48.     -7.   -0.17283E+17    0.27018E+16   -0.30458E+17   -0.31192E+17   -0.19590E+17   -0.49900E+16                0.7811
    84    5    3    -47.     -9.   -0.17104E+17    0.16034E+16   -0.29180E+17   -0.31674E+17   -0.22379E+17   -0.63786E+16                0.7735
    84    5    4    -46.    -11.   -0.16772E+17    0.45767E+15   -0.27641E+17   -0.31945E+17   -0.25005E+17   -0.77428E+16                0.7552
    84    5    5    -46.    -12.   -0.16292E+17   -0.72356E+15   -0.25860E+17   -0.32003E+17   -0.27444E+17   -0.90715E+16                0.7268
    84    5    6    -46.    -13.   -0.15668E+17   -0.19282E+16   -0.23854E+17   -0.31846E+17   -0.29669E+17   -0.10351E+17                0.6893
    84    6   -6    -43.     33.   -0.13770E+17    0.69188E+16   -0.23615E+17   -0.18481E+17    0.72013E+16    0.12005E+17                0.4893
    84    6   -5    -40.     30.   -0.14748E+17    0.66394E+16   -0.24617E+17   -0.19861E+17    0.44796E+16    0.12060E+17                0.5486
    84    6   -4    -37.     29.   -0.15596E+17    0.62754E+16   -0.25394E+17   -0.21121E+17    0.16795E+16    0.12008E+17                0.6042
    84    6   -3    -35.     27.   -0.16306E+17    0.58289E+16   -0.25940E+17   -0.22251E+17   -0.11728E+16    0.11849E+17                0.6542
    84    6   -2    -34.     25.   -0.16872E+17    0.53034E+16   -0.26249E+17   -0.23239E+17   -0.40494E+16    0.11585E+17                0.6970
    84    6   -1    -33.     23.   -0.17288E+17    0.47031E+16   -0.26320E+17   -0.24080E+17   -0.69242E+16    0.11216E+17                0.7313
    84    6    0    -32.     22.   -0.17549E+17    0.40335E+16   -0.26152E+17   -0.24765E+17   -0.97684E+16    0.10748E+17                0.7559
    84    6    1    -32.     20.   -0.17652E+17    0.33007E+16   -0.25747E+17   -0.25290E+17   -0.12555E+17    0.10181E+17                0.7701
    84    6    2    -32.     19.   -0.17598E+17    0.25119E+16   -0.25111E+17   -0.25650E+17   -0.15258E+17    0.95223E+16                0.7734
    84    6    3    -33.     17.   -0.17387E+17    0.16750E+16   -0.24251E+17   -0.25841E+17   -0.17849E+17    0.87759E+16                0.7658
    84    6    4    -34.     16.   -0.17021E+17    0.79843E+15   -0.23176E+17   -0.25863E+17   -0.20304E+17    0.79492E+16                0.7475
    84    6    5    -36.     14.   -0.16503E+17   -0.10845E+15   -0.21899E+17   -0.25715E+17   -0.22600E+17    0.70479E+16                0.7191
    84    6    6    -38.     12.   -0.15841E+17   -0.10361E+16   -0.20433E+17   -0.25397E+17   -0.24711E+17    0.60814E+16                0.6815
    85    3   -6    -30.    -19.   -0.11919E+17    0.32082E+17   -0.16147E+17   -0.34479E+17   -0.55332E+16   -0.13384E+17                0.5535
    85    3   -5    -40.    -21.   -0.13223E+17    0.29181E+17   -0.21818E+17   -0.37005E+17   -0.82054E+16   -0.16595E+17                0.5868
    85    3   -4    -47.    -22.   -0.14418E+17    0.26036E+17   -0.27274E+17   -0.39299E+17   -0.10887E+17   -0.19779E+17                0.6155
    85    3   -3    -52.    -24.   -0.15491E+17    0.22678E+17   -0.32459E+17   -0.41340E+17   -0.13557E+17   -0.22910E+17                0.6385
    85    3   -2    -54.    -25.   -0.16431E+17    0.19140E+17   -0.37326E+17   -0.43102E+17   -0.16185E+17   -0.25951E+17                0.6549
    85    3   -1    -54.    -26.   -0.17228E+17    0.15455E+17   -0.41826E+17   -0.44570E+17   -0.18749E+17   -0.28877E+17                0.6642
    85    3    0    -53.    -26.   -0.17874E+17    0.11663E+17   -0.45919E+17   -0.45723E+17   -0.21217E+17   -0.31650E+17                0.6659
    85    3    1    -51.    -27.   -0.18361E+17    0.77976E+16   -0.49565E+17   -0.46547E+17   -0.23567E+17   -0.34242E+17                0.6598
    85    3    2    -49.    -28.   -0.18685E+17    0.38999E+16   -0.52731E+17   -0.47028E+17   -0.25771E+17   -0.36622E+17                0.6461
    85    3    3    -47.    -28.   -0.18842E+17    0.64425E+13   -0.55388E+17   -0.47160E+17   -0.27808E+17   -0.38768E+17                0.6251
    85    3    4    -45.    -29.   -0.18831E+17   -0.38441E+16   -0.57514E+17   -0.46938E+17   -0.29656E+17   -0.40653E+17                0.5974
    85    3    5    -42.    -29.   -0.18650E+17   -0.76131E+16   -0.59093E+17   -0.46354E+17   -0.31288E+17   -0.42248E+17                0.5638
    85    3    6    -40.    -29.   -0.18302E+17   -0.11265E+17   -0.60111E+17   -0.45414E+17   -0.32690E+17   -0.43539E+17                0.5254
    85    4   -6    -36.    -13.   -0.12566E+17    0.25564E+17   -0.18684E+17   -0.35117E+17   -0.49258E+16   -0.80173E+16                0.5577
    85    4   -5    -42.    -14.   -0.13861E+17    0.23326E+17   -0.22455E+17   -0.37308E+17   -0.72326E+16   -0.99631E+16                0.5920
    85    4   -4    -47.    -16.   -0.15042E+17    0.20881E+17   -0.26008E+17   -0.39255E+17   -0.95437E+16   -0.11897E+17                0.6210
    85    4   -3    -50.    -17.   -0.16095E+17    0.18253E+17   -0.29309E+17   -0.40935E+17   -0.11835E+17   -0.13799E+17                0.6438
    85    4   -2    -51.    -18.   -0.17009E+17    0.15464E+17   -0.32326E+17   -0.42330E+17   -0.14085E+17   -0.15648E+17                0.6594
    85    4   -1    -51.    -19.   -0.17775E+17    0.12543E+17   -0.35032E+17   -0.43425E+17   -0.16271E+17   -0.17427E+17                0.6674
    85    4    0    -50.    -19.   -0.18385E+17    0.95158E+16   -0.37401E+17   -0.44207E+17   -0.18370E+17   -0.19116E+17                0.6672
    85    4    1    -49.    -20.   -0.18831E+17    0.64115E+16   -0.39412E+17   -0.44667E+17   -0.20363E+17   -0.20698E+17                0.6590
    85    4    2    -47.    -21.   -0.19110E+17    0.32593E+16   -0.41047E+17   -0.44795E+17   -0.22227E+17   -0.22157E+17                0.6428
    85    4    3    -45.    -22.   -0.19218E+17    0.89195E+14   -0.42294E+17   -0.44589E+17   -0.23944E+17   -0.23476E+17                0.6191
    85    4    4    -44.    -22.   -0.19154E+17   -0.30678E+16   -0.43143E+17   -0.44045E+17   -0.25493E+17   -0.24638E+17                0.5886
    85    4    5    -42.    -23.   -0.18917E+17   -0.61825E+16   -0.43589E+17   -0.43164E+17   -0.26858E+17   -0.25630E+17                0.5524
    85    4    6    -40.    -23.   -0.18510E+17   -0.92249E+16   -0.43632E+17   -0.41953E+17   -0.28023E+17   -0.26441E+17                0.5115
    85    5   -6    -34.     -2.   -0.12861E+17    0.19924E+17   -0.17440E+17   -0.34801E+17   -0.32000E+16   -0.87194E+15                0.5515
    85    5   -5    -40.     -3.   -0.14173E+17    0.18197E+17   -0.20216E+17   -0.36673E+17   -0.52386E+16   -0.18194E+16                0.5861
    85    5   -4    -43.     -5.   -0.15368E+17    0.16308E+17   -0.22795E+17   -0.38292E+17   -0.72836E+16   -0.27874E+16                0.6150
    85    5   -3    -46.     -6.   -0.16433E+17    0.14274E+17   -0.25152E+17   -0.39643E+17   -0.93169E+16   -0.37678E+16                0.6374
    85    5   -2    -47.     -7.   -0.17356E+17    0.12113E+17   -0.27265E+17   -0.40711E+17   -0.11318E+17   -0.47497E+16                0.6524
    85    5   -1    -47.     -8.   -0.18129E+17    0.98437E+16   -0.29113E+17   -0.41482E+17   -0.13267E+17   -0.57233E+16                0.6595
    85    5    0    -46.     -9.   -0.18742E+17    0.74878E+16   -0.30681E+17   -0.41949E+17   -0.15146E+17   -0.66795E+16                0.6583
    85    5    1    -46.    -10.   -0.19189E+17    0.50669E+16   -0.31955E+17   -0.42104E+17   -0.16936E+17   -0.76093E+16                0.6488
    85    5    2    -45.    -10.   -0.19466E+17    0.26034E+16   -0.32924E+17   -0.41945E+17   -0.18619E+17   -0.85029E+16                0.6313
    85    5    3    -43.    -11.   -0.19569E+17    0.12022E+15   -0.33580E+17   -0.41469E+17   -0.20177E+17   -0.93511E+16                0.6063
    85    5    4    -42.    -12.   -0.19496E+17   -0.23593E+16   -0.33921E+17   -0.40678E+17   -0.21594E+17   -0.10144E+17                0.5745
    85    5    5    -41.    -13.   -0.19248E+17   -0.48123E+16   -0.33946E+17   -0.39577E+17   -0.22854E+17   -0.10874E+17                0.5370
    85    5    6    -39.    -14.   -0.18826E+17   -0.72157E+16   -0.33657E+17   -0.38173E+17   -0.23944E+17   -0.11533E+17                0.4950
    85    6   -6    -18.     16.   -0.13111E+17    0.15329E+17   -0.15084E+17   -0.32972E+17   -0.29424E+15    0.75717E+16                0.5431
    85    6   -5    -23.     16.   -0.14450E+17    0.14192E+17   -0.17186E+17   -0.34404E+17   -0.20184E+16    0.75779E+16                0.5768
    85    6   -4    -27.     15.   -0.15670E+17    0.12934E+17   -0.19118E+17   -0.35592E+17   -0.37667E+16    0.75112E+16                0.6047
    85    6   -3    -30.     14.   -0.16757E+17    0.11564E+17   -0.20864E+17   -0.36523E+17   -0.55230E+16    0.73727E+16                0.6258
    85    6   -2    -31.     14.   -0.17701E+17    0.10098E+17   -0.22404E+17   -0.37187E+17   -0.72702E+16    0.71633E+16                0.6394
    85    6   -1    -33.     13.   -0.18491E+17    0.85454E+16   -0.23726E+17   -0.37575E+17   -0.89919E+16    0.68850E+16                0.6449
    85    6    0    -34.     12.   -0.19119E+17    0.69226E+16   -0.24818E+17   -0.37683E+17   -0.10672E+17    0.65396E+16                0.6421
    85    6    1    -34.     11.   -0.19579E+17    0.52427E+16   -0.25670E+17   -0.37507E+17   -0.12293E+17    0.61306E+16                0.6310
    85    6    2    -34.     10.   -0.19864E+17    0.35227E+16   -0.26275E+17   -0.37047E+17   -0.13840E+17    0.56614E+16                0.6119
    85    6    3    -34.      9.   -0.19973E+17    0.17778E+16   -0.26630E+17   -0.36304E+17   -0.15297E+17    0.51358E+16                0.5854
    85    6    4    -34.      8.   -0.19903E+17    0.23839E+14   -0.26733E+17   -0.35284E+17   -0.16648E+17    0.45597E+16                0.5523
    85    6    5    -34.      7.   -0.19654E+17   -0.17231E+16   -0.26585E+17   -0.33994E+17   -0.17880E+17    0.39367E+16                0.5137
    85    6    6    -33.      6.   -0.19228E+17   -0.34468E+16   -0.26190E+17   -0.32443E+17   -0.18980E+17    0.32730E+16                0.4709
    86    3   -6    -59.    -26.   -0.12784E+17    0.24033E+17   -0.25502E+17   -0.27881E+17   -0.17295E+17   -0.22158E+17                0.4634
    86    3   -5    -59.    -27.   -0.13652E+17    0.21870E+17   -0.28039E+17   -0.29061E+17   -0.18959E+17   -0.23939E+17                0.5029
    86    3   -4    -58.    -28.   -0.14406E+17    0.19474E+17   -0.30275E+17   -0.30064E+17   -0.20534E+17   -0.25621E+17                0.5376
    86    3   -3    -55.    -28.   -0.15039E+17    0.16865E+17   -0.32187E+17   -0.30886E+17   -0.22009E+17   -0.27193E+17                0.5663
    86    3   -2    -52.    -29.   -0.15544E+17    0.14068E+17   -0.33757E+17   -0.31517E+17   -0.23366E+17   -0.28637E+17                0.5880
    86    3   -1    -49.    -29.   -0.15915E+17    0.11110E+17   -0.34969E+17   -0.31952E+17   -0.24593E+17   -0.29941E+17                0.6021
    86    3    0    -46.    -30.   -0.16151E+17    0.80194E+16   -0.35815E+17   -0.32189E+17   -0.25680E+17   -0.31092E+17                0.6081
    86    3    1    -43.    -30.   -0.16247E+17    0.48266E+16   -0.36288E+17   -0.32226E+17   -0.26615E+17   -0.32081E+17                0.6057
    86    3    2    -40.    -31.   -0.16203E+17    0.15628E+16   -0.36387E+17   -0.32062E+17   -0.27387E+17   -0.32894E+17                0.5952
    86    3    3    -38.    -32.   -0.16019E+17   -0.17392E+16   -0.36115E+17   -0.31696E+17   -0.27987E+17   -0.33521E+17                0.5769
    86    3    4    -36.    -32.   -0.15698E+17   -0.50464E+16   -0.35478E+17   -0.31133E+17   -0.28409E+17   -0.33957E+17                0.5515
    86    3    5    -34.    -32.   -0.15242E+17   -0.83255E+16   -0.34488E+17   -0.30375E+17   -0.28646E+17   -0.34192E+17                0.5198
    86    3    6    -32.    -33.   -0.14655E+17   -0.11543E+17   -0.33161E+17   -0.29429E+17   -0.28693E+17   -0.34223E+17                0.4828
    86    4   -6    -54.    -15.   -0.13760E+17    0.14925E+17   -0.19552E+17   -0.22866E+17   -0.12143E+17   -0.82629E+16                0.4522
    86    4   -5    -51.    -16.   -0.14724E+17    0.12966E+17   -0.21493E+17   -0.23823E+17   -0.13604E+17   -0.93133E+16                0.4946
    86    4   -4    -48.    -17.   -0.15566E+17    0.10866E+17   -0.23204E+17   -0.24636E+17   -0.15008E+17   -0.10351E+17                0.5327
    86    4   -3    -45.    -18.   -0.16277E+17    0.86475E+16   -0.24671E+17   -0.25297E+17   -0.16342E+17   -0.11366E+17                0.5652
    86    4   -2    -41.    -18.   -0.16851E+17    0.63305E+16   -0.25879E+17   -0.25802E+17   -0.17594E+17   -0.12349E+17                0.5912
    86    4   -1    -38.    -19.   -0.17282E+17    0.39380E+16   -0.26818E+17   -0.26148E+17   -0.18753E+17   -0.13292E+17                0.6096
    86    4    0    -35.    -20.   -0.17566E+17    0.14934E+16   -0.27478E+17   -0.26330E+17   -0.19806E+17   -0.14185E+17                0.6200
    86    4    1    -32.    -21.   -0.17699E+17   -0.97922E+15   -0.27857E+17   -0.26349E+17   -0.20744E+17   -0.15019E+17                0.6219
    86    4    2    -30.    -21.   -0.17680E+17   -0.34552E+16   -0.27952E+17   -0.26205E+17   -0.21557E+17   -0.15787E+17                0.6154
    86    4    3    -27.    -22.   -0.17510E+17   -0.59099E+16   -0.27766E+17   -0.25896E+17   -0.22235E+17   -0.16478E+17                0.6005
    86    4    4    -26.    -23.   -0.17190E+17   -0.83190E+16   -0.27303E+17   -0.25428E+17   -0.22772E+17   -0.17087E+17                0.5779
    86    4    5    -24.    -24.   -0.16722E+17   -0.10658E+17   -0.26573E+17   -0.24803E+17   -0.23159E+17   -0.17605E+17                0.5483
    86    4    6    -23.    -24.   -0.16112E+17   -0.12904E+17   -0.25586E+17   -0.24025E+17   -0.23393E+17   -0.18026E+17                0.5127
    86    5   -6    -44.      1.   -0.14635E+17    0.10338E+17   -0.16141E+17   -0.20014E+17   -0.91738E+16    0.34865E+15                0.4435
    86    5   -5    -41.     -0.   -0.15688E+17    0.85851E+16   -0.17733E+17   -0.20801E+17   -0.10479E+17   -0.16128E+15                0.4880
    86    5   -4    -37.     -2.   -0.16612E+17    0.67393E+16   -0.19139E+17   -0.21459E+17   -0.11745E+17   -0.70945E+15                0.5286
    86    5   -3    -33.     -3.   -0.17399E+17    0.48189E+16   -0.20345E+17   -0.21985E+17   -0.12961E+17   -0.12919E+16                0.5639
    86    5   -2    -29.     -4.   -0.18039E+17    0.28427E+16   -0.21340E+17   -0.22375E+17   -0.14115E+17   -0.19036E+16                0.5928
    86    5   -1    -25.     -5.   -0.18528E+17    0.83008E+15   -0.22116E+17   -0.22625E+17   -0.15197E+17   -0.25380E+16                0.6143
    86    5    0    -22.     -6.   -0.18860E+17   -0.11990E+16   -0.22665E+17   -0.22734E+17   -0.16194E+17   -0.31880E+16                0.6278
    86    5    1    -19.     -7.   -0.19031E+17   -0.32246E+16   -0.22985E+17   -0.22703E+17   -0.17099E+17   -0.38497E+16                0.6326
    86    5    2    -17.     -9.   -0.19040E+17   -0.52265E+16   -0.23073E+17   -0.22529E+17   -0.17901E+17   -0.45137E+16                0.6287
    86    5    3    -15.    -10.   -0.18886E+17   -0.71847E+16   -0.22932E+17   -0.22216E+17   -0.18592E+17   -0.51740E+16                0.6162
    86    5    4    -13.    -11.   -0.18571E+17   -0.90799E+16   -0.22566E+17   -0.21765E+17   -0.19163E+17   -0.58234E+16                0.5955
    86    5    5    -13.    -12.   -0.18098E+17   -0.10893E+17   -0.21981E+17   -0.21181E+17   -0.19609E+17   -0.64553E+16                0.5673
    86    5    6    -12.    -13.   -0.17470E+17   -0.12607E+17   -0.21186E+17   -0.20468E+17   -0.19922E+17   -0.70619E+16                0.5325
    86    6   -6    -19.     21.   -0.15369E+17    0.75455E+16   -0.13135E+17   -0.17592E+17   -0.66483E+16    0.76316E+16                0.4354
    86    6   -5    -16.     20.   -0.16503E+17    0.60728E+16   -0.14430E+17   -0.18217E+17   -0.78042E+16    0.76232E+16                0.4812
    86    6   -4    -13.     19.   -0.17502E+17    0.45349E+16   -0.15575E+17   -0.18729E+17   -0.89365E+16    0.75328E+16                0.5233
    86    6   -3    -10.     18.   -0.18358E+17    0.29468E+16   -0.16559E+17   -0.19125E+17   -0.10035E+17    0.73611E+16                0.5604
    86    6   -2     -7.     16.   -0.19062E+17    0.13240E+16   -0.17372E+17   -0.19401E+17   -0.11090E+17    0.71098E+16                0.5913
    86    6   -1     -4.     15.   -0.19605E+17   -0.31732E+15   -0.18008E+17   -0.19557E+17   -0.12090E+17    0.67817E+16                0.6150
    86    6    0     -2.     14.   -0.19984E+17   -0.19609E+16   -0.18462E+17   -0.19590E+17   -0.13026E+17    0.63802E+16                0.6306
    86    6    1      1.     13.   -0.20194E+17   -0.35906E+16   -0.18729E+17   -0.19501E+17   -0.13889E+17    0.59090E+16                0.6376
    86    6    2      3.     12.   -0.20233E+17   -0.51901E+16   -0.18810E+17   -0.19292E+17   -0.14669E+17    0.53732E+16                0.6357
    86    6    3      4.     10.   -0.20099E+17   -0.67436E+16   -0.18706E+17   -0.18964E+17   -0.15359E+17    0.47783E+16                0.6250
    86    6    4      5.      9.   -0.19794E+17   -0.82357E+16   -0.18419E+17   -0.18520E+17   -0.15950E+17    0.41299E+16                0.6059
    86    6    5      5.      8.   -0.19321E+17   -0.96517E+16   -0.17955E+17   -0.17963E+17   -0.16437E+17    0.34350E+16                0.5790
    86    6    6      5.      6.   -0.18683E+17   -0.10978E+17   -0.17321E+17   -0.17298E+17   -0.16813E+17    0.27005E+16                0.5450
    87    3   -6    -50.    -29.   -0.13589E+17    0.15238E+17   -0.29340E+17   -0.40396E+17   -0.19050E+17   -0.29929E+17                0.6764
    87    3   -5    -52.    -29.   -0.14175E+17    0.14102E+17   -0.34155E+17   -0.41575E+17   -0.20704E+17   -0.32130E+17                0.7115
    87    3   -4    -54.    -29.   -0.14634E+17    0.12826E+17   -0.38614E+17   -0.42500E+17   -0.22280E+17   -0.34203E+17                0.7372
    87    3   -3    -54.    -30.   -0.14959E+17    0.11422E+17   -0.42671E+17   -0.43167E+17   -0.23767E+17   -0.36134E+17                0.7526
    87    3   -2    -54.    -30.   -0.15149E+17    0.99049E+16   -0.46285E+17   -0.43567E+17   -0.25149E+17   -0.37902E+17                0.7572
    87    3   -1    -54.    -30.   -0.15201E+17    0.82888E+16   -0.49422E+17   -0.43697E+17   -0.26412E+17   -0.39488E+17                0.7508
    87    3    0    -53.    -30.   -0.15116E+17    0.65914E+16   -0.52050E+17   -0.43550E+17   -0.27540E+17   -0.40872E+17                0.7335
    87    3    1    -52.    -30.   -0.14893E+17    0.48304E+16   -0.54145E+17   -0.43127E+17   -0.28519E+17   -0.42034E+17                0.7058
    87    3    2    -50.    -31.   -0.14535E+17    0.30247E+16   -0.55690E+17   -0.42426E+17   -0.29337E+17   -0.42958E+17                0.6688
    87    3    3    -49.    -31.   -0.14047E+17    0.11927E+16   -0.56671E+17   -0.41452E+17   -0.29984E+17   -0.43632E+17                0.6236
    87    3    4    -48.    -31.   -0.13433E+17   -0.64590E+15   -0.57083E+17   -0.40212E+17   -0.30450E+17   -0.44044E+17                0.5718
    87    3    5    -46.    -32.   -0.12699E+17   -0.24721E+16   -0.56927E+17   -0.38712E+17   -0.30725E+17   -0.44182E+17                0.5150
    87    3    6    -45.    -32.   -0.11855E+17   -0.42657E+16   -0.56210E+17   -0.36960E+17   -0.30802E+17   -0.44036E+17                0.4552
    87    4   -6    -50.    -17.   -0.14131E+17    0.14382E+17   -0.24762E+17   -0.35038E+17   -0.12885E+17   -0.12554E+17                0.6756
    87    4   -5    -53.    -18.   -0.14729E+17    0.13563E+17   -0.28196E+17   -0.36147E+17   -0.14499E+17   -0.14216E+17                0.7109
    87    4   -4    -54.    -19.   -0.15194E+17    0.12602E+17   -0.31336E+17   -0.37030E+17   -0.16066E+17   -0.15848E+17                0.7369
    87    4   -3    -55.    -20.   -0.15522E+17    0.11508E+17   -0.34151E+17   -0.37679E+17   -0.17573E+17   -0.17433E+17                0.7526
    87    4   -2    -56.    -20.   -0.15708E+17    0.10292E+17   -0.36611E+17   -0.38087E+17   -0.19004E+17   -0.18953E+17                0.7575
    87    4   -1    -56.    -21.   -0.15752E+17    0.89651E+16   -0.38694E+17   -0.38251E+17   -0.20346E+17   -0.20396E+17                0.7512
    87    4    0    -55.    -22.   -0.15652E+17    0.75405E+16   -0.40379E+17   -0.38165E+17   -0.21581E+17   -0.21742E+17                0.7341
    87    4    1    -54.    -23.   -0.15410E+17    0.60324E+16   -0.41652E+17   -0.37832E+17   -0.22699E+17   -0.22979E+17                0.7067
    87    4    2    -53.    -23.   -0.15029E+17    0.44561E+16   -0.42502E+17   -0.37249E+17   -0.23686E+17   -0.24089E+17                0.6698
    87    4    3    -52.    -24.   -0.14512E+17    0.28282E+16   -0.42923E+17   -0.36421E+17   -0.24529E+17   -0.25060E+17                0.6248
    87    4    4    -51.    -25.   -0.13866E+17    0.11651E+16   -0.42916E+17   -0.35352E+17   -0.25217E+17   -0.25878E+17                0.5731
    87    4    5    -49.    -26.   -0.13095E+17   -0.51587E+15   -0.42483E+17   -0.34050E+17   -0.25742E+17   -0.26532E+17                0.5165
    87    4    6    -48.    -26.   -0.12210E+17   -0.21973E+16   -0.41633E+17   -0.32524E+17   -0.26096E+17   -0.27014E+17                0.4569
    87    5   -6    -49.     -2.   -0.14565E+17    0.12756E+17   -0.20620E+17   -0.32038E+17   -0.92615E+16   -0.82721E+15                0.6732
    87    5   -5    -52.     -3.   -0.15173E+17    0.12139E+17   -0.23306E+17   -0.32932E+17   -0.10715E+17   -0.18550E+16                0.7078
    87    5   -4    -54.     -5.   -0.15645E+17    0.11394E+17   -0.25746E+17   -0.33616E+17   -0.12143E+17   -0.29214E+16                0.7330
    87    5   -3    -55.     -6.   -0.15975E+17    0.10528E+17   -0.27916E+17   -0.34084E+17   -0.13531E+17   -0.40149E+16                0.7480
    87    5   -2    -56.     -8.   -0.16160E+17    0.95488E+16   -0.29793E+17   -0.34329E+17   -0.14865E+17   -0.51239E+16                0.7522
    87    5   -1    -56.     -9.   -0.16199E+17    0.84659E+16   -0.31361E+17   -0.34351E+17   -0.16131E+17   -0.62374E+16                0.7453
    87    5    0    -56.    -10.   -0.16090E+17    0.72894E+16   -0.32605E+17   -0.34146E+17   -0.17317E+17   -0.73419E+16                0.7277
    87    5    1    -56.    -11.   -0.15835E+17    0.60312E+16   -0.33512E+17   -0.33717E+17   -0.18409E+17   -0.84270E+16                0.6999
    87    5    2    -55.    -12.   -0.15437E+17    0.47038E+16   -0.34077E+17   -0.33064E+17   -0.19395E+17   -0.94778E+16                0.6628
    87    5    3    -54.    -14.   -0.14899E+17    0.33207E+16   -0.34297E+17   -0.32192E+17   -0.20263E+17   -0.10484E+17                0.6176
    87    5    4    -53.    -15.   -0.14228E+17    0.18958E+16   -0.34171E+17   -0.31107E+17   -0.21004E+17   -0.11434E+17                0.5660
    87    5    5    -52.    -16.   -0.13431E+17    0.44379E+15   -0.33705E+17   -0.29817E+17   -0.21608E+17   -0.12316E+17                0.5095
    87    5    6    -50.    -17.   -0.12515E+17   -0.10201E+16   -0.32907E+17   -0.28330E+17   -0.22066E+17   -0.13119E+17                0.4501
    87    6   -6    -27.     22.   -0.14996E+17    0.10679E+17   -0.16893E+17   -0.28622E+17   -0.53831E+16    0.10198E+17                0.6669
    87    6   -5    -31.     21.   -0.15624E+17    0.10245E+17   -0.19032E+17   -0.29258E+17   -0.66563E+16    0.97847E+16                0.7007
    87    6   -4    -34.     19.   -0.16112E+17    0.97062E+16   -0.20970E+17   -0.29703E+17   -0.79260E+16    0.92668E+16                0.7251
    87    6   -3    -37.     18.   -0.16454E+17    0.90657E+16   -0.22687E+17   -0.29954E+17   -0.91805E+16    0.86496E+16                0.7394
    87    6   -2    -40.     17.   -0.16647E+17    0.83300E+16   -0.24168E+17   -0.30008E+17   -0.10408E+17    0.79391E+16                0.7431
    87    6   -1    -42.     15.   -0.16690E+17    0.75057E+16   -0.25397E+17   -0.29864E+17   -0.11595E+17    0.71440E+16                0.7358
    87    6    0    -44.     13.   -0.16581E+17    0.66009E+16   -0.26364E+17   -0.29522E+17   -0.12729E+17    0.62722E+16                0.7180
    87    6    1    -46.     11.   -0.16321E+17    0.56246E+16   -0.27059E+17   -0.28985E+17   -0.13800E+17    0.53334E+16                0.6900
    87    6    2    -48.      9.   -0.15915E+17    0.45865E+16   -0.27478E+17   -0.28255E+17   -0.14794E+17    0.43374E+16                0.6530
    87    6    3    -50.      6.   -0.15364E+17    0.34969E+16   -0.27618E+17   -0.27339E+17   -0.15701E+17    0.32951E+16                0.6081
    87    6    4    -51.      4.   -0.14676E+17    0.23672E+16   -0.27480E+17   -0.26243E+17   -0.16510E+17    0.22171E+16                0.5568
    87    6    5    -52.      2.   -0.13858E+17    0.12088E+16   -0.27069E+17   -0.24974E+17   -0.17211E+17    0.11149E+16                0.5008
    87    6    6    -53.     -0.   -0.12917E+17    0.33551E+14   -0.26391E+17   -0.23543E+17   -0.17797E+17   -0.51540E+12                0.4420
    88    3   -6      2.    -17.   -0.11799E+17    0.30223E+17    0.18704E+16   -0.39882E+17   -0.19995E+16   -0.10884E+17                0.6813
    88    3   -5    -12.    -21.   -0.13189E+17    0.26391E+17   -0.71547E+16   -0.42603E+17   -0.49912E+16   -0.15070E+17                0.6999
    88    3   -4    -25.    -23.   -0.14476E+17    0.22362E+17   -0.16097E+17   -0.45054E+17   -0.80366E+16   -0.19262E+17                0.7135
    88    3   -3    -36.    -25.   -0.15645E+17    0.18177E+17   -0.24871E+17   -0.47206E+17   -0.11104E+17   -0.23415E+17                0.7215
    88    3   -2    -43.    -26.   -0.16685E+17    0.13883E+17   -0.33395E+17   -0.49028E+17   -0.14155E+17   -0.27474E+17                0.7236
    88    3   -1    -47.    -27.   -0.17586E+17    0.95209E+16   -0.41588E+17   -0.50499E+17   -0.17162E+17   -0.31399E+17                0.7197
    88    3    0    -49.    -27.   -0.18339E+17    0.51344E+16   -0.49374E+17   -0.51603E+17   -0.20093E+17   -0.35147E+17                0.7098
    88    3    1    -48.    -28.   -0.18936E+17    0.77094E+15   -0.56680E+17   -0.52318E+17   -0.22914E+17   -0.38673E+17                0.6942
    88    3    2    -47.    -28.   -0.19372E+17   -0.35280E+16   -0.63436E+17   -0.52637E+17   -0.25599E+17   -0.41942E+17                0.6732
    88    3    3    -45.    -28.   -0.19642E+17   -0.77195E+16   -0.69582E+17   -0.52548E+17   -0.28114E+17   -0.44910E+17                0.6474
    88    3    4    -43.    -28.   -0.19743E+17   -0.11760E+17   -0.75065E+17   -0.52040E+17   -0.30426E+17   -0.47534E+17                0.6175
    88    3    5    -40.    -29.   -0.19674E+17   -0.15612E+17   -0.79834E+17   -0.51118E+17   -0.32515E+17   -0.49792E+17                0.5843
    88    3    6    -38.    -29.   -0.19437E+17   -0.19239E+17   -0.83850E+17   -0.49783E+17   -0.34353E+17   -0.51650E+17                0.5489
    88    4   -6      3.     -5.   -0.13042E+17    0.22569E+17   -0.77280E+16   -0.39695E+17    0.11581E+16   -0.26924E+16                0.6856
    88    4   -5    -15.    -10.   -0.14460E+17    0.19760E+17   -0.14396E+17   -0.42378E+17   -0.18577E+16   -0.61264E+16                0.7076
    88    4   -4    -28.    -14.   -0.15762E+17    0.16779E+17   -0.20933E+17   -0.44786E+17   -0.49385E+16   -0.95991E+16                0.7240
    88    4   -3    -37.    -16.   -0.16935E+17    0.13655E+17   -0.27278E+17   -0.46889E+17   -0.80507E+16   -0.13070E+17                0.7341
    88    4   -2    -42.    -18.   -0.17968E+17    0.10417E+17   -0.33374E+17   -0.48665E+17   -0.11165E+17   -0.16506E+17                0.7377
    88    4   -1    -45.    -20.   -0.18849E+17    0.70971E+16   -0.39163E+17   -0.50094E+17   -0.14251E+17   -0.19870E+17                0.7345
    88    4    0    -46.    -21.   -0.19571E+17    0.37246E+16   -0.44596E+17   -0.51157E+17   -0.17275E+17   -0.23126E+17                0.7246
    88    4    1    -47.    -22.   -0.20125E+17    0.33343E+15   -0.49621E+17   -0.51837E+17   -0.20204E+17   -0.26236E+17                0.7082
    88    4    2    -46.    -23.   -0.20508E+17   -0.30465E+16   -0.54195E+17   -0.52129E+17   -0.23012E+17   -0.29174E+17                0.6858
    88    4    3    -45.    -23.   -0.20713E+17   -0.63816E+16   -0.58279E+17   -0.52020E+17   -0.25666E+17   -0.31900E+17                0.6580
    88    4    4    -43.    -24.   -0.20741E+17   -0.96417E+16   -0.61837E+17   -0.51510E+17   -0.28138E+17   -0.34389E+17                0.6256
    88    4    5    -42.    -25.   -0.20590E+17   -0.12794E+17   -0.64841E+17   -0.50595E+17   -0.30399E+17   -0.36607E+17                0.5896
    88    4    6    -40.    -25.   -0.20261E+17   -0.15811E+17   -0.67266E+17   -0.49282E+17   -0.32426E+17   -0.38533E+17                0.5511
    88    5   -6      8.      9.   -0.14009E+17    0.16831E+17   -0.92427E+16   -0.40451E+17    0.25974E+16    0.47025E+16                0.6875
    88    5   -5     -8.      5.   -0.15439E+17    0.14746E+17   -0.14438E+17   -0.42719E+17   -0.16943E+15    0.24674E+16                0.7101
    88    5   -4    -22.      0.   -0.16744E+17    0.12527E+17   -0.19499E+17   -0.44696E+17   -0.30006E+16    0.16491E+15                0.7263
    88    5   -3    -31.     -3.   -0.17911E+17    0.10194E+17   -0.24378E+17   -0.46358E+17   -0.58671E+16   -0.21795E+16                0.7357
    88    5   -2    -37.     -6.   -0.18929E+17    0.77684E+16   -0.29032E+17   -0.47688E+17   -0.87421E+16   -0.45431E+16                0.7378
    88    5   -1    -41.     -8.   -0.19788E+17    0.52708E+16   -0.33419E+17   -0.48670E+17   -0.11596E+17   -0.69001E+16                0.7326
    88    5    0    -43.    -10.   -0.20479E+17    0.27261E+16   -0.37500E+17   -0.49291E+17   -0.14402E+17   -0.92283E+16                0.7201
    88    5    1    -44.    -12.   -0.20996E+17    0.15603E+15   -0.41238E+17   -0.49543E+17   -0.17131E+17   -0.11503E+17                0.7007
    88    5    2    -44.    -13.   -0.21332E+17   -0.24160E+16   -0.44604E+17   -0.49418E+17   -0.19753E+17   -0.13699E+17                0.6750
    88    5    3    -44.    -15.   -0.21484E+17   -0.49655E+16   -0.47566E+17   -0.48915E+17   -0.22245E+17   -0.15797E+17                0.6437
    88    5    4    -43.    -16.   -0.21452E+17   -0.74700E+16   -0.50103E+17   -0.48036E+17   -0.24579E+17   -0.17774E+17                0.6078
    88    5    5    -42.    -17.   -0.21234E+17   -0.99050E+16   -0.52192E+17   -0.46783E+17   -0.26729E+17   -0.19608E+17                0.5683
    88    5    6    -41.    -18.   -0.20834E+17   -0.12249E+17   -0.53820E+17   -0.45167E+17   -0.28675E+17   -0.21282E+17                0.5264
    88    6   -6     17.     24.   -0.14647E+17    0.12757E+17   -0.90098E+16   -0.38825E+17    0.58126E+16    0.14214E+17                0.6823
    88    6   -5      6.     22.   -0.16084E+17    0.11391E+17   -0.13063E+17   -0.40491E+17    0.34082E+16    0.13187E+17                0.7029
    88    6   -4     -5.     20.   -0.17391E+17    0.99259E+16   -0.16989E+17   -0.41869E+17    0.92207E+15    0.12037E+17                0.7167
    88    6   -3    -14.     18.   -0.18555E+17    0.83762E+16   -0.20753E+17   -0.42943E+17   -0.16213E+16    0.10779E+17                0.7232
    88    6   -2    -21.     15.   -0.19564E+17    0.67538E+16   -0.24322E+17   -0.43701E+17   -0.41971E+16    0.94248E+16                0.7222
    88    6   -1    -27.     13.   -0.20409E+17    0.50747E+16   -0.27662E+17   -0.44133E+17   -0.67819E+16    0.79872E+16                0.7135
    88    6    0    -32.     11.   -0.21080E+17    0.33529E+16   -0.30745E+17   -0.44231E+17   -0.93488E+16    0.64818E+16                0.6975
    88    6    1    -36.      8.   -0.21571E+17    0.16039E+16   -0.33545E+17   -0.43993E+17   -0.11874E+17    0.49217E+16                0.6746
    88    6    2    -39.      5.   -0.21876E+17   -0.15510E+15   -0.36036E+17   -0.43417E+17   -0.14330E+17    0.33228E+16                0.6454
    88    6    3    -42.      2.   -0.21994E+17   -0.19093E+16   -0.38199E+17   -0.42504E+17   -0.16694E+17    0.17011E+16                0.6109
    88    6    4    -43.      0.   -0.21921E+17   -0.36432E+16   -0.40017E+17   -0.41263E+17   -0.18941E+17    0.71812E+14                0.5721
    88    6    5    -43.     -2.   -0.21659E+17   -0.53398E+16   -0.41475E+17   -0.39700E+17   -0.21048E+17   -0.15506E+16                0.5301
    88    6    6    -42.     -4.   -0.21212E+17   -0.69847E+16   -0.42565E+17   -0.37828E+17   -0.22994E+17   -0.31509E+16                0.4864
    89    3   -6    -56.    -25.   -0.12656E+17    0.11983E+17   -0.55533E+17   -0.30769E+17   -0.20626E+17   -0.28256E+17                0.4530
    89    3   -5    -56.    -26.   -0.13827E+17    0.11859E+17   -0.56276E+17   -0.32908E+17   -0.22079E+17   -0.29947E+17                0.5085
    89    3   -4    -56.    -26.   -0.14885E+17    0.11640E+17   -0.56487E+17   -0.34834E+17   -0.23400E+17   -0.31467E+17                0.5598
    89    3   -3    -55.    -26.   -0.15820E+17    0.11326E+17   -0.56160E+17   -0.36529E+17   -0.24580E+17   -0.32802E+17                0.6051
    89    3   -2    -54.    -27.   -0.16621E+17    0.10919E+17   -0.55296E+17   -0.37976E+17   -0.25605E+17   -0.33939E+17                0.6430
    89    3   -1    -53.    -27.   -0.17280E+17    0.10422E+17   -0.53902E+17   -0.39164E+17   -0.26470E+17   -0.34870E+17                0.6723
    89    3    0    -52.    -28.   -0.17791E+17    0.98371E+16   -0.51991E+17   -0.40083E+17   -0.27166E+17   -0.35589E+17                0.6918
    89    3    1    -51.    -28.   -0.18149E+17    0.91696E+16   -0.49581E+17   -0.40722E+17   -0.27688E+17   -0.36088E+17                0.7011
    89    3    2    -49.    -29.   -0.18348E+17    0.84237E+16   -0.46696E+17   -0.41077E+17   -0.28031E+17   -0.36363E+17                0.6998
    89    3    3    -47.    -29.   -0.18387E+17    0.76056E+16   -0.43366E+17   -0.41141E+17   -0.28190E+17   -0.36409E+17                0.6880
    89    3    4    -45.    -30.   -0.18266E+17    0.67217E+16   -0.39624E+17   -0.40913E+17   -0.28164E+17   -0.36225E+17                0.6662
    89    3    5    -43.    -31.   -0.17984E+17    0.57796E+16   -0.35509E+17   -0.40395E+17   -0.27951E+17   -0.35811E+17                0.6351
    89    3    6    -41.    -31.   -0.17544E+17    0.47866E+16   -0.31063E+17   -0.39590E+17   -0.27554E+17   -0.35172E+17                0.5958
    89    4   -6    -59.    -18.   -0.13221E+17    0.82356E+16   -0.41054E+17   -0.26523E+17   -0.16155E+17   -0.14689E+17                0.4305
    89    4   -5    -57.    -18.   -0.14503E+17    0.78540E+16   -0.41926E+17   -0.28390E+17   -0.17317E+17   -0.15439E+17                0.4881
    89    4   -4    -55.    -19.   -0.15667E+17    0.74115E+16   -0.42405E+17   -0.30069E+17   -0.18373E+17   -0.16102E+17                0.5422
    89    4   -3    -53.    -19.   -0.16701E+17    0.69110E+16   -0.42482E+17   -0.31542E+17   -0.19315E+17   -0.16674E+17                0.5910
    89    4   -2    -51.    -19.   -0.17597E+17    0.63557E+16   -0.42157E+17   -0.32799E+17   -0.20136E+17   -0.17151E+17                0.6329
    89    4   -1    -49.    -19.   -0.18343E+17    0.57492E+16   -0.41431E+17   -0.33827E+17   -0.20829E+17   -0.17527E+17                0.6665
    89    4    0    -47.    -19.   -0.18933E+17    0.50961E+16   -0.40310E+17   -0.34618E+17   -0.21387E+17   -0.17802E+17                0.6906
    89    4    1    -45.    -20.   -0.19360E+17    0.44008E+16   -0.38805E+17   -0.35163E+17   -0.21808E+17   -0.17974E+17                0.7045
    89    4    2    -43.    -20.   -0.19619E+17    0.36686E+16   -0.36932E+17   -0.35459E+17   -0.22086E+17   -0.18041E+17                0.7078
    89    4    3    -41.    -20.   -0.19708E+17    0.29045E+16   -0.34709E+17   -0.35500E+17   -0.22219E+17   -0.18002E+17                0.7003
    89    4    4    -39.    -20.   -0.19625E+17    0.21146E+16   -0.32159E+17   -0.35287E+17   -0.22206E+17   -0.17857E+17                0.6823
    89    4    5    -37.    -21.   -0.19371E+17    0.13048E+16   -0.29309E+17   -0.34822E+17   -0.22049E+17   -0.17611E+17                0.6545
    89    4    6    -34.    -21.   -0.18947E+17    0.48138E+15   -0.26188E+17   -0.34107E+17   -0.21744E+17   -0.17261E+17                0.6179
    89    5   -6    -58.    -10.   -0.13804E+17    0.63404E+16   -0.32407E+17   -0.24014E+17   -0.13577E+17   -0.58822E+16                0.4146
    89    5   -5    -55.     -9.   -0.15185E+17    0.59261E+16   -0.33254E+17   -0.25646E+17   -0.14503E+17   -0.59134E+16                0.4733
    89    5   -4    -53.     -9.   -0.16444E+17    0.54690E+16   -0.33789E+17   -0.27106E+17   -0.15340E+17   -0.59174E+16                0.5290
    89    5   -3    -50.     -9.   -0.17569E+17    0.49720E+16   -0.34007E+17   -0.28381E+17   -0.16084E+17   -0.58965E+16                0.5798
    89    5   -2    -47.     -9.   -0.18548E+17    0.44385E+16   -0.33904E+17   -0.29458E+17   -0.16726E+17   -0.58491E+16                0.6241
    89    5   -1    -45.     -8.   -0.19371E+17    0.38722E+16   -0.33480E+17   -0.30328E+17   -0.17262E+17   -0.57776E+16                0.6604
    89    5    0    -42.     -8.   -0.20030E+17    0.32770E+16   -0.32739E+17   -0.30984E+17   -0.17688E+17   -0.56827E+16                0.6875
    89    5    1    -39.     -8.   -0.20518E+17    0.26571E+16   -0.31687E+17   -0.31419E+17   -0.18000E+17   -0.55662E+16                0.7045
    89    5    2    -37.     -8.   -0.20829E+17    0.20167E+16   -0.30336E+17   -0.31627E+17   -0.18194E+17   -0.54278E+16                0.7108
    89    5    3    -34.     -8.   -0.20960E+17    0.13604E+16   -0.28698E+17   -0.31608E+17   -0.18271E+17   -0.52713E+16                0.7062
    89    5    4    -32.     -8.   -0.20909E+17    0.69304E+15   -0.26791E+17   -0.31361E+17   -0.18228E+17   -0.50969E+16                0.6910
    89    5    5    -29.     -8.   -0.20675E+17    0.19178E+14   -0.24635E+17   -0.30887E+17   -0.18066E+17   -0.49056E+16                0.6655
    89    5    6    -26.     -8.   -0.20262E+17   -0.65622E+15   -0.22251E+17   -0.30190E+17   -0.17786E+17   -0.47004E+16                0.6308
    89    6   -6    -50.      6.   -0.14304E+17    0.48790E+16   -0.25653E+17   -0.21111E+17   -0.10640E+17    0.26572E+16                0.4015
    89    6   -5    -45.      7.   -0.15775E+17    0.45267E+16   -0.26389E+17   -0.22540E+17   -0.11368E+17    0.32326E+16                0.4604
    89    6   -4    -41.      8.   -0.17120E+17    0.41436E+16   -0.26879E+17   -0.23816E+17   -0.12028E+17    0.37760E+16                0.5167
    89    6   -3    -37.      9.   -0.18327E+17    0.37324E+16   -0.27118E+17   -0.24928E+17   -0.12616E+17    0.42824E+16                0.5685
    89    6   -2    -33.     10.   -0.19382E+17    0.32959E+16   -0.27102E+17   -0.25866E+17   -0.13127E+17    0.47469E+16                0.6142
    89    6   -1    -30.     11.   -0.20276E+17    0.28369E+16   -0.26830E+17   -0.26622E+17   -0.13556E+17    0.51650E+16                0.6521
    89    6    0    -27.     11.   -0.20999E+17    0.23588E+16   -0.26305E+17   -0.27189E+17   -0.13901E+17    0.55322E+16                0.6810
    89    6    1    -24.     11.   -0.21542E+17    0.18646E+16   -0.25532E+17   -0.27560E+17   -0.14157E+17    0.58451E+16                0.7000
    89    6    2    -21.     12.   -0.21902E+17    0.13580E+16   -0.24518E+17   -0.27732E+17   -0.14324E+17    0.61008E+16                0.7084
    89    6    3    -18.     12.   -0.22072E+17    0.84214E+15   -0.23274E+17   -0.27704E+17   -0.14399E+17    0.62960E+16                0.7059
    89    6    4    -15.     12.   -0.22051E+17    0.32073E+15   -0.21813E+17   -0.27474E+17   -0.14382E+17    0.64299E+16                0.6926
    89    6    5    -12.     13.   -0.21839E+17   -0.20267E+15   -0.20149E+17   -0.27044E+17   -0.14272E+17    0.64997E+16                0.6690
    89    6    6     -9.     13.   -0.21437E+17   -0.72436E+15   -0.18299E+17   -0.26419E+17   -0.14071E+17    0.65050E+16                0.6360
    90    3   -6    -47.    -10.   -0.16842E+17    0.22793E+17   -0.88971E+17   -0.21958E+17    0.10209E+16   -0.12273E+17                0.6434
    90    3   -5    -50.    -15.   -0.18132E+17    0.21255E+17   -0.87506E+17   -0.25824E+17   -0.43262E+16   -0.18625E+17                0.6973
    90    3   -4    -52.    -19.   -0.19268E+17    0.19487E+17   -0.85203E+17   -0.29567E+17   -0.97333E+16   -0.24941E+17                0.7468
    90    3   -3    -52.    -22.   -0.20237E+17    0.17503E+17   -0.82084E+17   -0.33154E+17   -0.15150E+17   -0.31164E+17                0.7905
    90    3   -2    -51.    -25.   -0.21030E+17    0.15318E+17   -0.78180E+17   -0.36554E+17   -0.20528E+17   -0.37240E+17                0.8271
    90    3   -1    -49.    -28.   -0.21639E+17    0.12950E+17   -0.73531E+17   -0.39739E+17   -0.25820E+17   -0.43119E+17                0.8554
    90    3    0    -47.    -31.   -0.22057E+17    0.10422E+17   -0.68183E+17   -0.42679E+17   -0.30974E+17   -0.48742E+17                0.8747
    90    3    1    -44.    -33.   -0.22281E+17    0.77536E+16   -0.62193E+17   -0.45353E+17   -0.35948E+17   -0.54070E+17                0.8845
    90    3    2    -41.    -35.   -0.22308E+17    0.49710E+16   -0.55622E+17   -0.47730E+17   -0.40689E+17   -0.59044E+17                0.8845
    90    3    3    -39.    -37.   -0.22138E+17    0.20994E+16   -0.48538E+17   -0.49794E+17   -0.45156E+17   -0.63626E+17                0.8748
    90    3    4    -38.    -38.   -0.21771E+17   -0.83393E+15   -0.41016E+17   -0.51520E+17   -0.49302E+17   -0.67764E+17                0.8559
    90    3    5    -37.    -39.   -0.21212E+17   -0.38004E+16   -0.33134E+17   -0.52892E+17   -0.53089E+17   -0.71425E+17                0.8283
    90    3    6    -38.    -40.   -0.20467E+17   -0.67715E+16   -0.24975E+17   -0.53897E+17   -0.56479E+17   -0.74571E+17                0.7930
    90    4   -6    -49.      4.   -0.18566E+17    0.28044E+17   -0.74981E+17   -0.15082E+17    0.11293E+17    0.38114E+16                0.6227
    90    4   -5    -59.     -0.   -0.19850E+17    0.26063E+17   -0.74165E+17   -0.18174E+17    0.65217E+16   -0.22554E+15                0.6757
    90    4   -4    -62.     -4.   -0.20964E+17    0.23814E+17   -0.72650E+17   -0.21182E+17    0.16284E+16   -0.43174E+16                0.7252
    90    4   -3    -63.     -8.   -0.21898E+17    0.21315E+17   -0.70449E+17   -0.24078E+17   -0.33414E+16   -0.84259E+16                0.7698
    90    4   -2    -61.    -12.   -0.22642E+17    0.18586E+17   -0.67584E+17   -0.26842E+17   -0.83461E+16   -0.12520E+17                0.8081
    90    4   -1    -57.    -16.   -0.23187E+17    0.15652E+17   -0.64084E+17   -0.29450E+17   -0.13340E+17   -0.16565E+17                0.8391
    90    4    0    -52.    -19.   -0.23529E+17    0.12538E+17   -0.59986E+17   -0.31881E+17   -0.18282E+17   -0.20529E+17                0.8618
    90    4    1    -46.    -22.   -0.23664E+17    0.92727E+16   -0.55330E+17   -0.34117E+17   -0.23125E+17   -0.24379E+17                0.8756
    90    4    2    -41.    -24.   -0.23590E+17    0.58859E+16   -0.50165E+17   -0.36138E+17   -0.27827E+17   -0.28083E+17                0.8803
    90    4    3    -37.    -26.   -0.23307E+17    0.24096E+16   -0.44546E+17   -0.37929E+17   -0.32347E+17   -0.31612E+17                0.8757
    90    4    4    -35.    -28.   -0.22819E+17   -0.11235E+16   -0.38530E+17   -0.39473E+17   -0.36640E+17   -0.34933E+17                0.8621
    90    4    5    -34.    -30.   -0.22130E+17   -0.46794E+16   -0.32180E+17   -0.40758E+17   -0.40671E+17   -0.38020E+17                0.8400
    90    4    6    -35.    -31.   -0.21247E+17   -0.82244E+16   -0.25561E+17   -0.41773E+17   -0.44403E+17   -0.40849E+17                0.8103
    90    5   -6    -58.      8.   -0.19827E+17    0.27440E+17   -0.63269E+17   -0.16031E+17    0.10745E+17    0.60721E+16                0.6127
    90    5   -5    -66.      5.   -0.21117E+17    0.25819E+17   -0.62737E+17   -0.18272E+17    0.67029E+16    0.40592E+16                0.6687
    90    5   -4    -73.      2.   -0.22225E+17    0.23941E+17   -0.61613E+17   -0.20418E+17    0.25476E+16    0.19890E+16                0.7212
    90    5   -3    -76.     -0.   -0.23142E+17    0.21821E+17   -0.59908E+17   -0.22449E+17   -0.16832E+16   -0.12146E+15                0.7686
    90    5   -2    -72.     -3.   -0.23857E+17    0.19478E+17   -0.57638E+17   -0.24352E+17   -0.59525E+16   -0.22566E+16                0.8094
    90    5   -1    -65.     -5.   -0.24364E+17    0.16933E+17   -0.54826E+17   -0.26108E+17   -0.10220E+17   -0.43964E+16                0.8425
    90    5    0    -58.     -8.   -0.24658E+17    0.14208E+17   -0.51502E+17   -0.27706E+17   -0.14448E+17   -0.65254E+16                0.8668
    90    5    1    -50.    -10.   -0.24734E+17    0.11328E+17   -0.47700E+17   -0.29130E+17   -0.18596E+17   -0.86242E+16                0.8817
    90    5    2    -43.    -12.   -0.24592E+17    0.83202E+16   -0.43458E+17   -0.30370E+17   -0.22627E+17   -0.10677E+17                0.8867
    90    5    3    -38.    -14.   -0.24234E+17    0.52131E+16   -0.38821E+17   -0.31414E+17   -0.26504E+17   -0.12666E+17                0.8818
    90    5    4    -34.    -16.   -0.23662E+17    0.20358E+16   -0.33838E+17   -0.32256E+17   -0.30190E+17   -0.14576E+17                0.8672
    90    5    5    -32.    -18.   -0.22883E+17   -0.11805E+16   -0.28560E+17   -0.32885E+17   -0.33650E+17   -0.16389E+17                0.8434
    90    5    6    -32.    -19.   -0.21904E+17   -0.44051E+16   -0.23041E+17   -0.33298E+17   -0.36852E+17   -0.18091E+17                0.8112
    90    6   -6    -60.     18.   -0.20970E+17    0.23730E+17   -0.51201E+17   -0.14588E+17    0.12733E+17    0.10803E+17                0.6025
    90    6   -5    -65.     17.   -0.22259E+17    0.22405E+17   -0.50939E+17   -0.16189E+17    0.91837E+16    0.10344E+17                0.6600
    90    6   -4    -67.     16.   -0.23356E+17    0.20860E+17   -0.50200E+17   -0.17702E+17    0.55090E+16    0.98009E+16                0.7140
    90    6   -3    -66.     15.   -0.24252E+17    0.19107E+17   -0.48991E+17   -0.19115E+17    0.17428E+16    0.91791E+16                0.7628
    90    6   -2    -61.     14.   -0.24937E+17    0.17162E+17   -0.47325E+17   -0.20417E+17   -0.20809E+16    0.84825E+16                0.8050
    90    6   -1    -55.     13.   -0.25403E+17    0.15042E+17   -0.45218E+17   -0.21597E+17   -0.59262E+16    0.77164E+16                0.8393
    90    6    0    -48.     12.   -0.25645E+17    0.12767E+17   -0.42693E+17   -0.22646E+17   -0.97567E+16    0.68873E+16                0.8647
    90    6    1    -41.     10.   -0.25662E+17    0.10357E+17   -0.39775E+17   -0.23555E+17   -0.13537E+17    0.60012E+16                0.8804
    90    6    2    -35.      9.   -0.25453E+17    0.78354E+16   -0.36493E+17   -0.24317E+17   -0.17231E+17    0.50640E+16                0.8859
    90    6    3    -29.      7.   -0.25019E+17    0.52263E+16   -0.32884E+17   -0.24926E+17   -0.20804E+17    0.40837E+16                0.8811
    90    6    4    -25.      5.   -0.24365E+17    0.25546E+16   -0.28983E+17   -0.25375E+17   -0.24221E+17    0.30678E+16                0.8662
    90    6    5    -23.      3.   -0.23498E+17   -0.15380E+15   -0.24832E+17   -0.25662E+17   -0.27451E+17    0.20230E+16                0.8418
    90    6    6    -24.      2.   -0.22425E+17   -0.28723E+16   -0.20472E+17   -0.25784E+17   -0.30462E+17    0.95852E+15                0.8086
    91    3   -6    -45.    -34.   -0.12441E+17    0.44105E+16   -0.20989E+17   -0.39888E+17   -0.30058E+17   -0.39154E+17                0.6567
    91    3   -5    -46.    -34.   -0.12751E+17    0.33280E+16   -0.25469E+17   -0.41164E+17   -0.31522E+17   -0.41043E+17                0.6937
    91    3   -4    -47.    -34.   -0.12948E+17    0.22022E+16   -0.29681E+17   -0.42201E+17   -0.32832E+17   -0.42754E+17                0.7220
    91    3   -3    -47.    -34.   -0.13030E+17    0.10438E+16   -0.33580E+17   -0.42991E+17   -0.33977E+17   -0.44273E+17                0.7407
    91    3   -2    -48.    -34.   -0.12995E+17   -0.13553E+15   -0.37127E+17   -0.43531E+17   -0.34949E+17   -0.45592E+17                0.7491
    91    3   -1    -48.    -34.   -0.12846E+17   -0.13234E+16   -0.40288E+17   -0.43813E+17   -0.35735E+17   -0.46690E+17                0.7469
    91    3    0    -48.    -34.   -0.12584E+17   -0.25086E+16   -0.43029E+17   -0.43835E+17   -0.36329E+17   -0.47558E+17                0.7343
    91    3    1    -48.    -33.   -0.12210E+17   -0.36785E+16   -0.45327E+17   -0.43593E+17   -0.36720E+17   -0.48180E+17                0.7116
    91    3    2    -48.    -33.   -0.11731E+17   -0.48216E+16   -0.47159E+17   -0.43089E+17   -0.36904E+17   -0.48548E+17                0.6795
    91    3    3    -47.    -33.   -0.11149E+17   -0.59266E+16   -0.48509E+17   -0.42324E+17   -0.36873E+17   -0.48650E+17                0.6392
    91    3    4    -47.    -33.   -0.10473E+17   -0.69822E+16   -0.49369E+17   -0.41302E+17   -0.36626E+17   -0.48481E+17                0.5919
    91    3    5    -47.    -34.   -0.97078E+16   -0.79783E+16   -0.49733E+17   -0.40030E+17   -0.36162E+17   -0.48039E+17                0.5391
    91    3    6    -47.    -34.   -0.88622E+16   -0.89047E+16   -0.49601E+17   -0.38514E+17   -0.35478E+17   -0.47314E+17                0.4826
    91    4   -6    -44.    -22.   -0.13036E+17    0.36035E+16   -0.17137E+17   -0.31733E+17   -0.21766E+17   -0.16359E+17                0.6522
    91    4   -5    -46.    -22.   -0.13395E+17    0.28767E+16   -0.20947E+17   -0.32837E+17   -0.23085E+17   -0.17621E+17                0.6920
    91    4   -4    -47.    -22.   -0.13636E+17    0.21096E+16   -0.24533E+17   -0.33754E+17   -0.24300E+17   -0.18845E+17                0.7238
    91    4   -3    -48.    -23.   -0.13756E+17    0.13092E+16   -0.27859E+17   -0.34476E+17   -0.25404E+17   -0.20022E+17                0.7465
    91    4   -2    -49.    -23.   -0.13754E+17    0.48371E+15   -0.30891E+17   -0.34997E+17   -0.26382E+17   -0.21138E+17                0.7594
    91    4   -1    -50.    -23.   -0.13631E+17   -0.35902E+15   -0.33600E+17   -0.35312E+17   -0.27227E+17   -0.22181E+17                0.7619
    91    4    0    -50.    -23.   -0.13389E+17   -0.12109E+16   -0.35960E+17   -0.35419E+17   -0.27931E+17   -0.23142E+17                0.7541
    91    4    1    -50.    -24.   -0.13029E+17   -0.20631E+16   -0.37948E+17   -0.35311E+17   -0.28480E+17   -0.24003E+17                0.7360
    91    4    2    -50.    -24.   -0.12556E+17   -0.29077E+16   -0.39546E+17   -0.34994E+17   -0.28873E+17   -0.24760E+17                0.7083
    91    4    3    -50.    -24.   -0.11975E+17   -0.37360E+16   -0.40742E+17   -0.34466E+17   -0.29101E+17   -0.25397E+17                0.6719
    91    4    4    -50.    -25.   -0.11291E+17   -0.45399E+16   -0.41526E+17   -0.33727E+17   -0.29157E+17   -0.25904E+17                0.6280
    91    4    5    -49.    -25.   -0.10513E+17   -0.53114E+16   -0.41894E+17   -0.32783E+17   -0.29039E+17   -0.26271E+17                0.5779
    91    4    6    -49.    -26.   -0.96469E+16   -0.60430E+16   -0.41846E+17   -0.31639E+17   -0.28744E+17   -0.26492E+17                0.5232
    91    5   -6    -43.     -3.   -0.13521E+17    0.29335E+16   -0.14235E+17   -0.26501E+17   -0.16442E+17   -0.12386E+16                0.6461
    91    5   -5    -46.     -4.   -0.13920E+17    0.24403E+16   -0.17562E+17   -0.27439E+17   -0.17628E+17   -0.19756E+16                0.6872
    91    5   -4    -48.     -5.   -0.14196E+17    0.19108E+16   -0.20700E+17   -0.28224E+17   -0.18747E+17   -0.27717E+16                0.7206
    91    5   -3    -50.     -6.   -0.14348E+17    0.13501E+16   -0.23616E+17   -0.28849E+17   -0.19786E+17   -0.36155E+16                0.7454
    91    5   -2    -51.     -7.   -0.14373E+17    0.76346E+15   -0.26283E+17   -0.29308E+17   -0.20737E+17   -0.45004E+16                0.7606
    91    5   -1    -52.     -8.   -0.14272E+17    0.15664E+15   -0.28672E+17   -0.29597E+17   -0.21588E+17   -0.54139E+16                0.7657
    91    5    0    -52.     -9.   -0.14046E+17   -0.46473E+15   -0.30763E+17   -0.29713E+17   -0.22332E+17   -0.63481E+16                0.7605
    91    5    1    -53.    -10.   -0.13698E+17   -0.10943E+16   -0.32535E+17   -0.29653E+17   -0.22959E+17   -0.72901E+16                0.7452
    91    5    2    -53.    -11.   -0.13231E+17   -0.17260E+16   -0.33973E+17   -0.29418E+17   -0.23463E+17   -0.82297E+16                0.7201
    91    5    3    -53.    -12.   -0.12650E+17   -0.23534E+16   -0.35065E+17   -0.29006E+17   -0.23834E+17   -0.91532E+16                0.6862
    91    5    4    -53.    -13.   -0.11961E+17   -0.29705E+16   -0.35802E+17   -0.28421E+17   -0.24069E+17   -0.10051E+17                0.6444
    91    5    5    -52.    -14.   -0.11172E+17   -0.35709E+16   -0.36181E+17   -0.27665E+17   -0.24160E+17   -0.10909E+17                0.5962
    91    5    6    -52.    -15.   -0.10291E+17   -0.41488E+16   -0.36202E+17   -0.26743E+17   -0.24105E+17   -0.11717E+17                0.5430
    91    6   -6    -20.     26.   -0.13951E+17    0.24233E+16   -0.11494E+17   -0.22086E+17   -0.11947E+17    0.11320E+17                0.6386
    91    6   -5    -24.     25.   -0.14387E+17    0.20834E+16   -0.14290E+17   -0.22833E+17   -0.12978E+17    0.11113E+17                0.6802
    91    6   -4    -28.     23.   -0.14697E+17    0.17130E+16   -0.16931E+17   -0.23452E+17   -0.13968E+17    0.10774E+17                0.7144
    91    6   -3    -31.     22.   -0.14878E+17    0.13152E+16   -0.19391E+17   -0.23941E+17   -0.14908E+17    0.10307E+17                0.7403
    91    6   -2    -34.     20.   -0.14929E+17    0.89402E+15   -0.21644E+17   -0.24293E+17   -0.15788E+17    0.97184E+16                0.7569
    91    6   -1    -36.     19.   -0.14849E+17    0.45332E+15   -0.23670E+17   -0.24507E+17   -0.16600E+17    0.90143E+16                0.7635
    91    6    0    -39.     17.   -0.14639E+17   -0.25598E+13   -0.25449E+17   -0.24580E+17   -0.17335E+17    0.82039E+16                0.7600
    91    6    1    -41.     15.   -0.14303E+17   -0.46919E+15   -0.26965E+17   -0.24510E+17   -0.17985E+17    0.72961E+16                0.7464
    91    6    2    -44.     13.   -0.13842E+17   -0.94190E+15   -0.28205E+17   -0.24297E+17   -0.18542E+17    0.63011E+16                0.7232
    91    6    3    -46.     11.   -0.13263E+17   -0.14161E+16   -0.29157E+17   -0.23941E+17   -0.18998E+17    0.52311E+16                0.6910
    91    6    4    -49.      8.   -0.12572E+17   -0.18870E+16   -0.29815E+17   -0.23445E+17   -0.19348E+17    0.40975E+16                0.6509
    91    6    5    -51.      6.   -0.11775E+17   -0.23498E+16   -0.30176E+17   -0.22811E+17   -0.19586E+17    0.29138E+16                0.6041
    91    6    6    -53.      3.   -0.10880E+17   -0.28000E+16   -0.30239E+17   -0.22042E+17   -0.19706E+17    0.16929E+16                0.5521
    92    3   -6    -18.    -26.   -0.99209E+16    0.18512E+17   -0.10198E+16   -0.42879E+17   -0.87855E+16   -0.19403E+17                0.7280
    92    3   -5    -27.    -28.   -0.11019E+17    0.14272E+17   -0.11645E+17   -0.44952E+17   -0.11035E+17   -0.23223E+17                0.7409
    92    3   -4    -36.    -29.   -0.12030E+17    0.99604E+16   -0.22126E+17   -0.46739E+17   -0.13293E+17   -0.26994E+17                0.7489
    92    3   -3    -43.    -29.   -0.12944E+17    0.56241E+16   -0.32361E+17   -0.48216E+17   -0.15535E+17   -0.30671E+17                0.7516
    92    3   -2    -47.    -29.   -0.13752E+17    0.13069E+16   -0.42252E+17   -0.49365E+17   -0.17737E+17   -0.34214E+17                0.7490
    92    3   -1    -49.    -29.   -0.14447E+17   -0.29421E+16   -0.51706E+17   -0.50163E+17   -0.19868E+17   -0.37571E+17                0.7411
    92    3    0    -48.    -28.   -0.15023E+17   -0.70815E+16   -0.60632E+17   -0.50604E+17   -0.21913E+17   -0.40714E+17                0.7278
    92    3    1    -46.    -28.   -0.15475E+17   -0.11069E+17   -0.68945E+17   -0.50683E+17   -0.23850E+17   -0.43611E+17                0.7097
    92    3    2    -44.    -28.   -0.15800E+17   -0.14862E+17   -0.76570E+17   -0.50385E+17   -0.25649E+17   -0.46215E+17                0.6870
    92    3    3    -42.    -28.   -0.15994E+17   -0.18421E+17   -0.83437E+17   -0.49706E+17   -0.27289E+17   -0.48490E+17                0.6604
    92    3    4    -40.    -28.   -0.16057E+17   -0.21716E+17   -0.89488E+17   -0.48650E+17   -0.28751E+17   -0.50409E+17                0.6305
    92    3    5    -37.    -28.   -0.15988E+17   -0.24709E+17   -0.94665E+17   -0.47215E+17   -0.30011E+17   -0.51940E+17                0.5981
    92    3    6    -35.    -28.   -0.15789E+17   -0.27378E+17   -0.98930E+17   -0.45416E+17   -0.31057E+17   -0.53068E+17                0.5642
    92    4   -6    -12.    -11.   -0.11182E+17    0.14399E+17   -0.80800E+16   -0.39659E+17   -0.36411E+16   -0.57165E+16                0.7294
    92    4   -5    -27.    -15.   -0.12435E+17    0.11561E+17   -0.16287E+17   -0.42003E+17   -0.63114E+16   -0.94826E+16                0.7456
    92    4   -4    -37.    -17.   -0.13589E+17    0.86364E+16   -0.24335E+17   -0.44077E+17   -0.90160E+16   -0.13271E+17                0.7568
    92    4   -3    -44.    -19.   -0.14631E+17    0.56525E+16   -0.32150E+17   -0.45857E+17   -0.11727E+17   -0.17042E+17                0.7627
    92    4   -2    -48.    -21.   -0.15553E+17    0.26391E+16   -0.39658E+17   -0.47321E+17   -0.14415E+17   -0.20751E+17                0.7630
    92    4   -1    -49.    -22.   -0.16345E+17   -0.37502E+15   -0.46792E+17   -0.48456E+17   -0.17056E+17   -0.24364E+17                0.7577
    92    4    0    -49.    -23.   -0.17002E+17   -0.33600E+16   -0.53484E+17   -0.49246E+17   -0.19622E+17   -0.27843E+17                0.7468
    92    4    1    -48.    -24.   -0.17517E+17   -0.62876E+16   -0.59674E+17   -0.49679E+17   -0.22084E+17   -0.31145E+17                0.7306
    92    4    2    -47.    -24.   -0.17885E+17   -0.91286E+16   -0.65308E+17   -0.49742E+17   -0.24413E+17   -0.34231E+17                0.7095
    92    4    3    -45.    -25.   -0.18105E+17   -0.11859E+17   -0.70337E+17   -0.49438E+17   -0.26588E+17   -0.37074E+17                0.6840
    92    4    4    -43.    -25.   -0.18174E+17   -0.14451E+17   -0.74718E+17   -0.48759E+17   -0.28582E+17   -0.39637E+17                0.6548
    92    4    5    -41.    -26.   -0.18092E+17   -0.16879E+17   -0.78412E+17   -0.47708E+17   -0.30370E+17   -0.41888E+17                0.6228
    92    4    6    -39.    -26.   -0.17861E+17   -0.19123E+17   -0.81394E+17   -0.46291E+17   -0.31934E+17   -0.43803E+17                0.5886
    92    5   -6     -4.     10.   -0.12231E+17    0.10807E+17   -0.82998E+16   -0.38724E+17   -0.17567E+16    0.46579E+16                0.7326
    92    5   -5    -21.      4.   -0.13559E+17    0.88231E+16   -0.15012E+17   -0.40708E+17   -0.42872E+16    0.18861E+16                0.7484
    92    5   -4    -34.     -2.   -0.14777E+17    0.67663E+16   -0.21575E+17   -0.42419E+17   -0.68537E+16   -0.95761E+15                0.7587
    92    5   -3    -42.     -6.   -0.15874E+17    0.46553E+16   -0.27930E+17   -0.43838E+17   -0.94321E+16   -0.38448E+16                0.7632
    92    5   -2    -46.     -9.   -0.16839E+17    0.25114E+16   -0.34016E+17   -0.44951E+17   -0.11997E+17   -0.67458E+16                0.7616
    92    5   -1    -49.    -11.   -0.17664E+17    0.35362E+15   -0.39779E+17   -0.45743E+17   -0.14523E+17   -0.96304E+16                0.7539
    92    5    0    -50.    -13.   -0.18340E+17   -0.17965E+16   -0.45166E+17   -0.46203E+17   -0.16983E+17   -0.12467E+17                0.7404
    92    5    1    -49.    -15.   -0.18864E+17   -0.39208E+16   -0.50130E+17   -0.46326E+17   -0.19354E+17   -0.15228E+17                0.7214
    92    5    2    -48.    -16.   -0.19230E+17   -0.59976E+16   -0.54627E+17   -0.46108E+17   -0.21610E+17   -0.17884E+17                0.6973
    92    5    3    -47.    -17.   -0.19434E+17   -0.80089E+16   -0.58617E+17   -0.45545E+17   -0.23727E+17   -0.20405E+17                0.6688
    92    5    4    -45.    -18.   -0.19477E+17   -0.99359E+16   -0.62071E+17   -0.44640E+17   -0.25682E+17   -0.22766E+17                0.6367
    92    5    5    -43.    -19.   -0.19357E+17   -0.11760E+17   -0.64957E+17   -0.43398E+17   -0.27453E+17   -0.24940E+17                0.6020
    92    5    6    -41.    -20.   -0.19078E+17   -0.13467E+17   -0.67256E+17   -0.41828E+17   -0.29023E+17   -0.26906E+17                0.5655
    92    6   -6     10.     29.   -0.12948E+17    0.83165E+16   -0.76264E+16   -0.36081E+17    0.16119E+16    0.16211E+17                0.7285
    92    6   -5     -4.     25.   -0.14341E+17    0.69936E+16   -0.13067E+17   -0.37536E+17   -0.63700E+15    0.14539E+17                0.7418
    92    6   -4    -16.     22.   -0.15618E+17    0.56164E+16   -0.18375E+17   -0.38731E+17   -0.29406E+16    0.12726E+17                0.7492
    92    6   -3    -25.     19.   -0.16766E+17    0.41976E+16   -0.23501E+17   -0.39651E+17   -0.52773E+16    0.10791E+17                0.7504
    92    6   -2    -33.     15.   -0.17775E+17    0.27505E+16   -0.28399E+17   -0.40287E+17   -0.76241E+16    0.87544E+16                0.7455
    92    6   -1    -39.     11.   -0.18636E+17    0.12887E+16   -0.33022E+17   -0.40628E+17   -0.99570E+16    0.66369E+16                0.7344
    92    6    0    -44.      7.   -0.19340E+17   -0.17424E+15   -0.37331E+17   -0.40672E+17   -0.12254E+17    0.44596E+16                0.7174
    92    6    1    -47.      3.   -0.19883E+17   -0.16243E+16   -0.41287E+17   -0.40414E+17   -0.14492E+17    0.22449E+16                0.6950
    92    6    2    -50.      0.   -0.20258E+17   -0.30480E+16   -0.44856E+17   -0.39854E+17   -0.16646E+17    0.15393E+14                0.6678
    92    6    3    -48.     -3.   -0.20464E+17   -0.44327E+16   -0.48007E+17   -0.38994E+17   -0.18696E+17   -0.22066E+16                0.6366
    92    6    4    -47.     -5.   -0.20500E+17   -0.57654E+16   -0.50715E+17   -0.37841E+17   -0.20620E+17   -0.43988E+16                0.6022
    92    6    5    -44.     -7.   -0.20365E+17   -0.70342E+16   -0.52960E+17   -0.36402E+17   -0.22397E+17   -0.65400E+16                0.5657
    92    6    6    -42.     -9.   -0.20062E+17   -0.82280E+16   -0.54723E+17   -0.34687E+17   -0.24009E+17   -0.86088E+16                0.5280
    93    3   -6    -24.    -35.   -0.79028E+16    0.58757E+16    0.51718E+16   -0.42448E+17   -0.12073E+17   -0.29952E+17                0.5852
    93    3   -5    -24.    -35.   -0.84616E+16    0.56947E+16    0.41628E+15   -0.43793E+17   -0.12770E+17   -0.31097E+17                0.6292
    93    3   -4    -25.    -35.   -0.89426E+16    0.54275E+16   -0.43651E+16   -0.44850E+17   -0.13434E+17   -0.32104E+17                0.6668
    93    3   -3    -27.    -35.   -0.93412E+16    0.50784E+16   -0.91254E+16   -0.45607E+17   -0.14057E+17   -0.32956E+17                0.6968
    93    3   -2    -30.    -35.   -0.96533E+16    0.46528E+16   -0.13817E+17   -0.46052E+17   -0.14631E+17   -0.33639E+17                0.7182
    93    3   -1    -34.    -34.   -0.98761E+16    0.41568E+16   -0.18392E+17   -0.46181E+17   -0.15152E+17   -0.34147E+17                0.7304
    93    3    0    -37.    -34.   -0.10008E+17    0.35965E+16   -0.22804E+17   -0.45990E+17   -0.15615E+17   -0.34472E+17                0.7328
    93    3    1    -41.    -33.   -0.10047E+17    0.29818E+16   -0.27010E+17   -0.45476E+17   -0.16008E+17   -0.34600E+17                0.7255
    93    3    2    -44.    -32.   -0.99939E+16    0.23219E+16   -0.30967E+17   -0.44636E+17   -0.16325E+17   -0.34520E+17                0.7085
    93    3    3    -48.    -32.   -0.98494E+16    0.16251E+16   -0.34634E+17   -0.43482E+17   -0.16565E+17   -0.34236E+17                0.6825
    93    3    4    -51.    -31.   -0.96151E+16    0.90341E+15   -0.37977E+17   -0.42012E+17   -0.16716E+17   -0.33733E+17                0.6482
    93    3    5    -53.    -30.   -0.92940E+16    0.16609E+15   -0.40962E+17   -0.40238E+17   -0.16776E+17   -0.33013E+17                0.6068
    93    3    6    -55.    -30.   -0.88898E+16   -0.57601E+15   -0.43559E+17   -0.38174E+17   -0.16740E+17   -0.32078E+17                0.5596
    93    4   -6     -8.    -24.   -0.78167E+16   -0.48174E+16   -0.15705E+16   -0.39425E+17   -0.38387E+16   -0.13676E+17                0.5902
    93    4   -5    -10.    -24.   -0.83759E+16   -0.43315E+16   -0.51831E+16   -0.40641E+17   -0.43866E+16   -0.14371E+17                0.6352
    93    4   -4    -13.    -24.   -0.88575E+16   -0.38495E+16   -0.87667E+16   -0.41586E+17   -0.49570E+16   -0.15028E+17                0.6736
    93    4   -3    -17.    -24.   -0.92568E+16   -0.33758E+16   -0.12287E+17   -0.42249E+17   -0.55440E+16   -0.15639E+17                0.7042
    93    4   -2    -22.    -23.   -0.95702E+16   -0.29143E+16   -0.15708E+17   -0.42623E+17   -0.61417E+16   -0.16193E+17                0.7257
    93    4   -1    -26.    -23.   -0.97945E+16   -0.24686E+16   -0.18996E+17   -0.42702E+17   -0.67443E+16   -0.16686E+17                0.7377
    93    4    0    -31.    -23.   -0.99279E+16   -0.20411E+16   -0.22119E+17   -0.42482E+17   -0.73441E+16   -0.17106E+17                0.7395
    93    4    1    -36.    -23.   -0.99693E+16   -0.16345E+16   -0.25046E+17   -0.41963E+17   -0.79340E+16   -0.17446E+17                0.7311
    93    4    2    -41.    -23.   -0.99185E+16   -0.12497E+16   -0.27748E+17   -0.41144E+17   -0.85037E+16   -0.17695E+17                0.7128
    93    4    3    -45.    -22.   -0.97765E+16   -0.88896E+15   -0.30198E+17   -0.40033E+17   -0.90494E+16   -0.17850E+17                0.6851
    93    4    4    -49.    -22.   -0.95453E+16   -0.55294E+15   -0.32373E+17   -0.38635E+17   -0.95619E+16   -0.17905E+17                0.6489
    93    4    5    -53.    -22.   -0.92274E+16   -0.24242E+15   -0.34252E+17   -0.36961E+17   -0.10034E+17   -0.17854E+17                0.6053
    93    4    6    -57.    -22.   -0.88265E+16    0.44026E+14   -0.35816E+17   -0.35017E+17   -0.10454E+17   -0.17686E+17                0.5558
    93    5   -6     19.     -4.   -0.78674E+16   -0.90100E+16   -0.45806E+16   -0.37361E+17    0.27989E+16   -0.13986E+16                0.6036
    93    5   -5     14.     -4.   -0.84207E+16   -0.82676E+16   -0.73812E+16   -0.38419E+17    0.23207E+16   -0.16921E+16                0.6472
    93    5   -4      8.     -5.   -0.88960E+16   -0.74912E+16   -0.10129E+17   -0.39214E+17    0.17759E+16   -0.20227E+16                0.6837
    93    5   -3      1.     -5.   -0.92886E+16   -0.66881E+16   -0.12796E+17   -0.39737E+17    0.11696E+16   -0.23855E+16                0.7120
    93    5   -2     -7.     -6.   -0.95948E+16   -0.58652E+16   -0.15357E+17   -0.39982E+17    0.50731E+15   -0.27748E+16                0.7310
    93    5   -1    -14.     -6.   -0.98118E+16   -0.50300E+16   -0.17787E+17   -0.39946E+17   -0.20436E+15   -0.31848E+16                0.7402
    93    5    0    -22.     -7.   -0.99376E+16   -0.41894E+16   -0.20061E+17   -0.39627E+17   -0.95765E+15   -0.36088E+16                0.7391
    93    5    1    -28.     -7.   -0.99714E+16   -0.33496E+16   -0.22158E+17   -0.39024E+17   -0.17445E+16   -0.40399E+16                0.7278
    93    5    2    -35.     -8.   -0.99131E+16   -0.25169E+16   -0.24056E+17   -0.38141E+17   -0.25556E+16   -0.44700E+16                0.7066
    93    5    3    -41.     -9.   -0.97636E+16   -0.16979E+16   -0.25738E+17   -0.36984E+17   -0.33824E+16   -0.48931E+16                0.6762
    93    5    4    -47.     -9.   -0.95249E+16   -0.89806E+15   -0.27187E+17   -0.35560E+17   -0.42145E+16   -0.53010E+16                0.6374
    93    5    5    -52.    -10.   -0.91999E+16   -0.12280E+15   -0.28391E+17   -0.33880E+17   -0.50423E+16   -0.56870E+16                0.5917
    93    5    6    -57.    -10.   -0.87923E+16    0.62248E+15   -0.29337E+17   -0.31956E+17   -0.58561E+16   -0.60447E+16                0.5403
    93    6   -6     40.     19.   -0.79373E+16   -0.97170E+16   -0.58560E+16   -0.35529E+17    0.88925E+16    0.89101E+16                0.6116
    93    6   -5     34.     19.   -0.84920E+16   -0.88949E+16   -0.79640E+16   -0.36331E+17    0.84585E+16    0.90580E+16                0.6521
    93    6   -4     28.     19.   -0.89680E+16   -0.80260E+16   -0.10010E+17   -0.36878E+17    0.79164E+16    0.91053E+16                0.6854
    93    6   -3     21.     18.   -0.93605E+16   -0.71181E+16   -0.11975E+17   -0.37163E+17    0.72712E+16    0.90542E+16                0.7103
    93    6   -2     14.     18.   -0.96660E+16   -0.61796E+16   -0.13838E+17   -0.37183E+17    0.65281E+16    0.89059E+16                0.7260
    93    6   -1      6.     18.   -0.98816E+16   -0.52185E+16   -0.15582E+17   -0.36936E+17    0.56946E+16    0.86646E+16                0.7318
    93    6    0     -1.     17.   -0.10005E+17   -0.42424E+16   -0.17189E+17   -0.36422E+17    0.47794E+16    0.83350E+16                0.7276
    93    6    1     -9.     17.   -0.10036E+17   -0.32602E+16   -0.18645E+17   -0.35643E+17    0.37911E+16    0.79216E+16                0.7134
    93    6    2    -17.     16.   -0.99748E+16   -0.22792E+16   -0.19933E+17   -0.34606E+17    0.27400E+16    0.74303E+16                0.6896
    93    6    3    -24.     16.   -0.98214E+16   -0.13076E+16   -0.21043E+17   -0.33316E+17    0.16374E+16    0.68686E+16                0.6571
    93    6    4    -31.     15.   -0.95784E+16   -0.35241E+15   -0.21965E+17   -0.31783E+17    0.49496E+15    0.62438E+16                0.6168
    93    6    5    -38.     14.   -0.92486E+16    0.57917E+15   -0.22688E+17   -0.30019E+17   -0.67530E+15    0.55633E+16                0.5701
    93    6    6    -46.     13.   -0.88357E+16    0.14797E+16   -0.23208E+17   -0.28039E+17   -0.18606E+16    0.48356E+16                0.5183
    94    3   -6    -42.    -31.   -0.12816E+17    0.16674E+17   -0.16294E+17   -0.41451E+17   -0.22352E+17   -0.31545E+17                0.6317
    94    3   -5    -45.    -31.   -0.13334E+17    0.15570E+17   -0.21472E+17   -0.42544E+17   -0.23771E+17   -0.33731E+17                0.6550
    94    3   -4    -48.    -31.   -0.13736E+17    0.14341E+17   -0.26425E+17   -0.43372E+17   -0.25087E+17   -0.35780E+17                0.6706
    94    3   -3    -50.    -32.   -0.14017E+17    0.13001E+17   -0.31103E+17   -0.43929E+17   -0.26289E+17   -0.37674E+17                0.6780
    94    3   -2    -51.    -32.   -0.14176E+17    0.11563E+17   -0.35462E+17   -0.44205E+17   -0.27360E+17   -0.39386E+17                0.6768
    94    3   -1    -52.    -32.   -0.14211E+17    0.10043E+17   -0.39461E+17   -0.44199E+17   -0.28292E+17   -0.40901E+17                0.6672
    94    3    0    -52.    -32.   -0.14122E+17    0.84566E+16   -0.43062E+17   -0.43902E+17   -0.29068E+17   -0.42191E+17                0.6493
    94    3    1    -52.    -32.   -0.13911E+17    0.68195E+16   -0.46233E+17   -0.43318E+17   -0.29683E+17   -0.43248E+17                0.6237
    94    3    2    -52.    -32.   -0.13579E+17    0.51504E+16   -0.48945E+17   -0.42444E+17   -0.30121E+17   -0.44044E+17                0.5912
    94    3    3    -51.    -32.   -0.13131E+17    0.34652E+16   -0.51175E+17   -0.41289E+17   -0.30379E+17   -0.44574E+17                0.5529
    94    3    4    -49.    -32.   -0.12572E+17    0.17812E+16   -0.52906E+17   -0.39854E+17   -0.30445E+17   -0.44817E+17                0.5099
    94    3    5    -48.    -33.   -0.11906E+17    0.11444E+15   -0.54125E+17   -0.38151E+17   -0.30319E+17   -0.44770E+17                0.4636
    94    3    6    -46.    -33.   -0.11142E+17   -0.15186E+16   -0.54828E+17   -0.36190E+17   -0.29992E+17   -0.44421E+17                0.4154
    94    4   -6    -44.    -19.   -0.13823E+17    0.14536E+17   -0.16776E+17   -0.36743E+17   -0.16889E+17   -0.14630E+17                0.6357
    94    4   -5    -47.    -20.   -0.14350E+17    0.13538E+17   -0.20780E+17   -0.37912E+17   -0.18395E+17   -0.16540E+17                0.6601
    94    4   -4    -49.    -21.   -0.14752E+17    0.12420E+17   -0.24574E+17   -0.38842E+17   -0.19829E+17   -0.18410E+17                0.6770
    94    4   -3    -51.    -22.   -0.15025E+17    0.11194E+17   -0.28121E+17   -0.39522E+17   -0.21171E+17   -0.20217E+17                0.6856
    94    4   -2    -52.    -23.   -0.15166E+17    0.98707E+16   -0.31388E+17   -0.39945E+17   -0.22411E+17   -0.21943E+17                0.6857
    94    4   -1    -53.    -23.   -0.15176E+17    0.84633E+16   -0.34343E+17   -0.40105E+17   -0.23533E+17   -0.23568E+17                0.6773
    94    4    0    -53.    -24.   -0.15053E+17    0.69860E+16   -0.36961E+17   -0.39995E+17   -0.24524E+17   -0.25070E+17                0.6605
    94    4    1    -53.    -25.   -0.14799E+17    0.54525E+16   -0.39218E+17   -0.39617E+17   -0.25372E+17   -0.26434E+17                0.6359
    94    4    2    -53.    -25.   -0.14418E+17    0.38784E+16   -0.41095E+17   -0.38970E+17   -0.26068E+17   -0.27642E+17                0.6042
    94    4    3    -52.    -26.   -0.13914E+17    0.22793E+16   -0.42577E+17   -0.38055E+17   -0.26599E+17   -0.28674E+17                0.5665
    94    4    4    -51.    -27.   -0.13291E+17    0.66991E+15   -0.43652E+17   -0.36879E+17   -0.26958E+17   -0.29520E+17                0.5239
    94    4    5    -50.    -27.   -0.12557E+17   -0.93356E+15   -0.44316E+17   -0.35448E+17   -0.27137E+17   -0.30165E+17                0.4778
    94    4    6    -48.    -28.   -0.11719E+17   -0.25162E+16   -0.44566E+17   -0.33773E+17   -0.27132E+17   -0.30598E+17                0.4295
    94    5   -6    -43.     -3.   -0.14524E+17    0.12143E+17   -0.15030E+17   -0.33554E+17   -0.13029E+17   -0.16333E+16                0.6342
    94    5   -5    -46.     -5.   -0.15047E+17    0.11290E+17   -0.18280E+17   -0.34570E+17   -0.14433E+17   -0.30085E+16                0.6582
    94    5   -4    -49.     -7.   -0.15438E+17    0.10335E+17   -0.21345E+17   -0.35362E+17   -0.15783E+17   -0.44176E+16                0.6746
    94    5   -3    -51.     -9.   -0.15695E+17    0.92860E+16   -0.24195E+17   -0.35922E+17   -0.17063E+17   -0.58462E+16                0.6829
    94    5   -2    -53.    -10.   -0.15815E+17    0.81532E+16   -0.26803E+17   -0.36245E+17   -0.18264E+17   -0.72801E+16                0.6826
    94    5   -1    -53.    -11.   -0.15798E+17    0.69475E+16   -0.29146E+17   -0.36324E+17   -0.19370E+17   -0.87015E+16                0.6738
    94    5    0    -54.    -13.   -0.15643E+17    0.56808E+16   -0.31202E+17   -0.36155E+17   -0.20368E+17   -0.10094E+17                0.6568
    94    5    1    -54.    -14.   -0.15353E+17    0.43645E+16   -0.32954E+17   -0.35741E+17   -0.21249E+17   -0.11442E+17                0.6320
    94    5    2    -54.    -15.   -0.14931E+17    0.30117E+16   -0.34386E+17   -0.35083E+17   -0.22002E+17   -0.12733E+17                0.6003
    94    5    3    -53.    -16.   -0.14381E+17    0.16354E+16   -0.35487E+17   -0.34184E+17   -0.22616E+17   -0.13948E+17                0.5626
    94    5    4    -52.    -18.   -0.13710E+17    0.24848E+15   -0.36251E+17   -0.33049E+17   -0.23084E+17   -0.15075E+17                0.5201
    94    5    5    -51.    -19.   -0.12924E+17   -0.11354E+16   -0.36673E+17   -0.31685E+17   -0.23397E+17   -0.16098E+17                0.4741
    94    5    6    -50.    -20.   -0.12031E+17   -0.25037E+16   -0.36753E+17   -0.30104E+17   -0.23551E+17   -0.17006E+17                0.4261
    94    6   -6    -23.     22.   -0.15149E+17    0.10105E+17   -0.12764E+17   -0.29911E+17   -0.88962E+16    0.10686E+17                0.6286
    94    6   -5    -28.     20.   -0.15672E+17    0.94625E+16   -0.15387E+17   -0.30655E+17   -0.10111E+17    0.99209E+16                0.6515
    94    6   -4    -32.     18.   -0.16058E+17    0.87359E+16   -0.17853E+17   -0.31196E+17   -0.11296E+17    0.90449E+16                0.6667
    94    6   -3    -36.     16.   -0.16305E+17    0.79323E+16   -0.20140E+17   -0.31529E+17   -0.12439E+17    0.80686E+16                0.6738
    94    6   -2    -40.     14.   -0.16410E+17    0.70593E+16   -0.22226E+17   -0.31649E+17   -0.13529E+17    0.70010E+16                0.6726
    94    6   -1    -43.     12.   -0.16373E+17    0.61249E+16   -0.24091E+17   -0.31554E+17   -0.14554E+17    0.58554E+16                0.6630
    94    6    0    -47.      9.   -0.16194E+17    0.51382E+16   -0.25721E+17   -0.31244E+17   -0.15505E+17    0.46431E+16                0.6453
    94    6    1    -50.      6.   -0.15875E+17    0.41086E+16   -0.27098E+17   -0.30719E+17   -0.16368E+17    0.33782E+16                0.6200
    94    6    2    -52.      4.   -0.15420E+17    0.30462E+16   -0.28214E+17   -0.29982E+17   -0.17136E+17    0.20739E+16                0.5880
    94    6    3    -55.      1.   -0.14834E+17    0.19607E+16   -0.29059E+17   -0.29040E+17   -0.17798E+17    0.74374E+15                0.5501
    94    6    4    -55.     -1.   -0.14122E+17    0.86275E+15   -0.29628E+17   -0.27897E+17   -0.18346E+17   -0.59741E+15                0.5077
    94    6    5    -54.     -3.   -0.13293E+17   -0.23742E+15   -0.29918E+17   -0.26563E+17   -0.18773E+17   -0.19362E+16                0.4620
    94    6    6    -53.     -5.   -0.12355E+17   -0.13294E+16   -0.29929E+17   -0.25046E+17   -0.19072E+17   -0.32573E+16                0.4145
    95    3   -6    -15.    -25.   -0.95482E+16    0.16153E+17   -0.15858E+16   -0.42332E+17   -0.69617E+16   -0.17420E+17                0.7437
    95    3   -5    -23.    -27.   -0.10287E+17    0.12222E+17   -0.11038E+17   -0.43881E+17   -0.86867E+16   -0.20408E+17                0.7517
    95    3   -4    -33.    -27.   -0.10937E+17    0.82287E+16   -0.20363E+17   -0.45129E+17   -0.10412E+17   -0.23336E+17                0.7536
    95    3   -3    -41.    -27.   -0.11492E+17    0.42181E+16   -0.29470E+17   -0.46058E+17   -0.12120E+17   -0.26168E+17                0.7494
    95    3   -2    -47.    -27.   -0.11947E+17    0.23292E+15   -0.38270E+17   -0.46655E+17   -0.13788E+17   -0.28870E+17                0.7391
    95    3   -1    -49.    -27.   -0.12297E+17   -0.36837E+16   -0.46682E+17   -0.46906E+17   -0.15397E+17   -0.31404E+17                0.7231
    95    3    0    -50.    -27.   -0.12540E+17   -0.74897E+16   -0.54621E+17   -0.46807E+17   -0.16930E+17   -0.33747E+17                0.7016
    95    3    1    -48.    -27.   -0.12673E+17   -0.11144E+17   -0.62015E+17   -0.46347E+17   -0.18363E+17   -0.35858E+17                0.6752
    95    3    2    -46.    -27.   -0.12695E+17   -0.14608E+17   -0.68795E+17   -0.45528E+17   -0.19681E+17   -0.37712E+17                0.6447
    95    3    3    -44.    -26.   -0.12607E+17   -0.17847E+17   -0.74896E+17   -0.44352E+17   -0.20867E+17   -0.39286E+17                0.6109
    95    3    4    -41.    -26.   -0.12410E+17   -0.20825E+17   -0.80265E+17   -0.42820E+17   -0.21901E+17   -0.40550E+17                0.5748
    95    3    5    -39.    -26.   -0.12107E+17   -0.23514E+17   -0.84854E+17   -0.40942E+17   -0.22770E+17   -0.41485E+17                0.5373
    95    3    6    -36.    -26.   -0.11700E+17   -0.25886E+17   -0.88624E+17   -0.38730E+17   -0.23461E+17   -0.42074E+17                0.4994
    95    4   -6     -6.    -10.   -0.10250E+17    0.11865E+17   -0.70053E+16   -0.39541E+17   -0.21268E+16   -0.48950E+16                0.7436
    95    4   -5    -20.    -13.   -0.11004E+17    0.90225E+16   -0.13874E+17   -0.41318E+17   -0.41703E+16   -0.78437E+16                0.7539
    95    4   -4    -31.    -16.   -0.11663E+17    0.61122E+16   -0.20604E+17   -0.42813E+17   -0.62436E+16   -0.10807E+17                0.7577
    95    4   -3    -39.    -18.   -0.12219E+17    0.31613E+16   -0.27135E+17   -0.44007E+17   -0.83246E+16   -0.13751E+17                0.7549
    95    4   -2    -45.    -19.   -0.12669E+17    0.19926E+15   -0.33406E+17   -0.44890E+17   -0.10395E+17   -0.16650E+17                0.7454
    95    4   -1    -48.    -20.   -0.13006E+17   -0.27431E+16   -0.39356E+17   -0.45445E+17   -0.12429E+17   -0.19467E+17                0.7294
    95    4    0    -49.    -21.   -0.13228E+17   -0.56370E+16   -0.44933E+17   -0.45662E+17   -0.14403E+17   -0.22167E+17                0.7075
    95    4    1    -49.    -22.   -0.13334E+17   -0.84527E+16   -0.50083E+17   -0.45535E+17   -0.16297E+17   -0.24722E+17                0.6803
    95    4    2    -48.    -23.   -0.13322E+17   -0.11164E+17   -0.54764E+17   -0.45063E+17   -0.18090E+17   -0.27105E+17                0.6484
    95    4    3    -47.    -24.   -0.13194E+17   -0.13744E+17   -0.58931E+17   -0.44243E+17   -0.19760E+17   -0.29283E+17                0.6128
    95    4    4    -45.    -24.   -0.12950E+17   -0.16166E+17   -0.62550E+17   -0.43077E+17   -0.21286E+17   -0.31230E+17                0.5745
    95    4    5    -43.    -25.   -0.12594E+17   -0.18409E+17   -0.65590E+17   -0.41576E+17   -0.22653E+17   -0.32928E+17                0.5347
    95    4    6    -41.    -25.   -0.12130E+17   -0.20449E+17   -0.68029E+17   -0.39743E+17   -0.23839E+17   -0.34345E+17                0.4944
    95    5   -6      5.     10.   -0.10712E+17    0.80120E+16   -0.72967E+16   -0.38485E+17    0.51503E+15    0.48310E+16                0.7432
    95    5   -5    -11.      6.   -0.11453E+17    0.59022E+16   -0.12666E+17   -0.39961E+17   -0.13821E+16    0.26521E+16                0.7526
    95    5   -4    -25.      1.   -0.12094E+17    0.37421E+16   -0.17908E+17   -0.41157E+17   -0.33209E+16    0.40462E+15                0.7548
    95    5   -3    -34.     -3.   -0.12628E+17    0.15529E+16   -0.22974E+17   -0.42058E+17   -0.52813E+16   -0.18871E+16                0.7497
    95    5   -2    -41.     -6.   -0.13051E+17   -0.64464E+15   -0.27817E+17   -0.42653E+17   -0.72445E+16   -0.42006E+16                0.7375
    95    5   -1    -45.     -9.   -0.13357E+17   -0.28295E+16   -0.32392E+17   -0.42933E+17   -0.91876E+16   -0.65076E+16                0.7184
    95    5    0    -48.    -11.   -0.13545E+17   -0.49803E+16   -0.36658E+17   -0.42893E+17   -0.11092E+17   -0.87859E+16                0.6929
    95    5    1    -49.    -13.   -0.13613E+17   -0.70768E+16   -0.40578E+17   -0.42529E+17   -0.12937E+17   -0.11010E+17                0.6620
    95    5    2    -49.    -14.   -0.13560E+17   -0.90982E+16   -0.44115E+17   -0.41842E+17   -0.14703E+17   -0.13157E+17                0.6263
    95    5    3    -49.    -16.   -0.13387E+17   -0.11026E+17   -0.47241E+17   -0.40833E+17   -0.16368E+17   -0.15201E+17                0.5871
    95    5    4    -48.    -17.   -0.13097E+17   -0.12841E+17   -0.49929E+17   -0.39510E+17   -0.17918E+17   -0.17123E+17                0.5453
    95    5    5    -46.    -18.   -0.12693E+17   -0.14527E+17   -0.52157E+17   -0.37881E+17   -0.19333E+17   -0.18900E+17                0.5024
    95    5    6    -44.    -19.   -0.12179E+17   -0.16068E+17   -0.53910E+17   -0.35958E+17   -0.20596E+17   -0.20512E+17                0.4595
    95    6   -6     17.     28.   -0.10960E+17    0.56953E+16   -0.67362E+16   -0.36172E+17    0.40337E+16    0.14917E+17                0.7364
    95    6   -5      6.     25.   -0.11697E+17    0.42490E+16   -0.10945E+17   -0.37190E+17    0.23856E+16    0.13563E+17                0.7427
    95    6   -4     -6.     23.   -0.12331E+17    0.27702E+16   -0.15040E+17   -0.37938E+17    0.67472E+15    0.12079E+17                0.7415
    95    6   -3    -16.     20.   -0.12856E+17    0.12732E+16   -0.18984E+17   -0.38407E+17   -0.10815E+16    0.10479E+17                0.7327
    95    6   -2    -25.     17.   -0.13267E+17   -0.22780E+15   -0.22739E+17   -0.38590E+17   -0.28655E+16    0.87817E+16                0.7166
    95    6   -1    -32.     14.   -0.13560E+17   -0.17179E+16   -0.26272E+17   -0.38482E+17   -0.46583E+16    0.70041E+16                0.6935
    95    6    0    -39.     10.   -0.13731E+17   -0.31833E+16   -0.29552E+17   -0.38083E+17   -0.64426E+16    0.51635E+16                0.6642
    95    6    1    -45.      6.   -0.13780E+17   -0.46103E+16   -0.32548E+17   -0.37393E+17   -0.81989E+16    0.32800E+16                0.6295
    95    6    2    -49.      2.   -0.13706E+17   -0.59836E+16   -0.35234E+17   -0.36414E+17   -0.99083E+16    0.13731E+16                0.5905
    95    6    3    -52.     -1.   -0.13511E+17   -0.72916E+16   -0.37588E+17   -0.35155E+17   -0.11555E+17   -0.53956E+15                0.5483
    95    6    4    -51.     -4.   -0.13197E+17   -0.85214E+16   -0.39592E+17   -0.33624E+17   -0.13119E+17   -0.24375E+16                0.5042
    95    6    5    -50.     -6.   -0.12767E+17   -0.96619E+16   -0.41229E+17   -0.31832E+17   -0.14584E+17   -0.43016E+16                0.4596
    95    6    6    -48.     -8.   -0.12227E+17   -0.10703E+17   -0.42488E+17   -0.29794E+17   -0.15935E+17   -0.61140E+16                0.4156
    96    3   -6    -62.    -21.   -0.14929E+17    0.23860E+17   -0.66002E+17   -0.30580E+17   -0.14450E+17   -0.25341E+17                0.6332
    96    3   -5    -61.    -23.   -0.16011E+17    0.21061E+17   -0.65534E+17   -0.32886E+17   -0.17234E+17   -0.28514E+17                0.6835
    96    3   -4    -59.    -25.   -0.16953E+17    0.18022E+17   -0.64418E+17   -0.34994E+17   -0.19942E+17   -0.31540E+17                0.7276
    96    3   -3    -56.    -26.   -0.17745E+17    0.14771E+17   -0.62663E+17   -0.36884E+17   -0.22549E+17   -0.34395E+17                0.7639
    96    3   -2    -52.    -28.   -0.18378E+17    0.11335E+17   -0.60287E+17   -0.38547E+17   -0.25039E+17   -0.37062E+17                0.7914
    96    3   -1    -49.    -29.   -0.18846E+17    0.77479E+16   -0.57311E+17   -0.39963E+17   -0.27384E+17   -0.39513E+17                0.8091
    96    3    0    -45.    -31.   -0.19143E+17    0.40419E+16   -0.53767E+17   -0.41125E+17   -0.29568E+17   -0.41733E+17                0.8167
    96    3    1    -42.    -32.   -0.19265E+17    0.25277E+15   -0.49690E+17   -0.42024E+17   -0.31571E+17   -0.43706E+17                0.8138
    96    3    2    -39.    -33.   -0.19210E+17   -0.35824E+16   -0.45124E+17   -0.42646E+17   -0.33370E+17   -0.45405E+17                0.8008
    96    3    3    -36.    -34.   -0.18979E+17   -0.74264E+16   -0.40114E+17   -0.42993E+17   -0.34956E+17   -0.46828E+17                0.7781
    96    3    4    -35.    -35.   -0.18573E+17   -0.11241E+17   -0.34714E+17   -0.43059E+17   -0.36311E+17   -0.47958E+17                0.7466
    96    3    5    -34.    -36.   -0.17996E+17   -0.14987E+17   -0.28981E+17   -0.42842E+17   -0.37420E+17   -0.48785E+17                0.7075
    96    3    6    -34.    -36.   -0.17254E+17   -0.18628E+17   -0.22976E+17   -0.42348E+17   -0.38279E+17   -0.49309E+17                0.6621
    96    4   -6    -80.    -10.   -0.15539E+17    0.23149E+17   -0.48667E+17   -0.24159E+17   -0.65230E+16   -0.77898E+16                0.6083
    96    4   -5    -78.    -12.   -0.16659E+17    0.20732E+17   -0.48206E+17   -0.26007E+17   -0.88529E+16   -0.95390E+16                0.6588
    96    4   -4    -72.    -13.   -0.17633E+17    0.18085E+17   -0.47265E+17   -0.27693E+17   -0.11156E+17   -0.11252E+17                0.7035
    96    4   -3    -65.    -15.   -0.18451E+17    0.15232E+17   -0.45853E+17   -0.29206E+17   -0.13412E+17   -0.12916E+17                0.7412
    96    4   -2    -57.    -17.   -0.19104E+17    0.12198E+17   -0.43983E+17   -0.30535E+17   -0.15603E+17   -0.14521E+17                0.7705
    96    4   -1    -51.    -18.   -0.19585E+17    0.90083E+16   -0.41672E+17   -0.31669E+17   -0.17713E+17   -0.16056E+17                0.7906
    96    4    0    -44.    -20.   -0.19888E+17    0.56939E+16   -0.38945E+17   -0.32601E+17   -0.19723E+17   -0.17511E+17                0.8010
    96    4    1    -39.    -21.   -0.20009E+17    0.22853E+16   -0.35828E+17   -0.33326E+17   -0.21618E+17   -0.18878E+17                0.8013
    96    4    2    -34.    -23.   -0.19948E+17   -0.11849E+16   -0.32354E+17   -0.33837E+17   -0.23380E+17   -0.20146E+17                0.7917
    96    4    3    -31.    -24.   -0.19703E+17   -0.46833E+16   -0.28558E+17   -0.34132E+17   -0.24996E+17   -0.21306E+17                0.7726
    96    4    4    -29.    -25.   -0.19276E+17   -0.81758E+16   -0.24480E+17   -0.34209E+17   -0.26451E+17   -0.22352E+17                0.7447
    96    4    5    -28.    -26.   -0.18673E+17   -0.11628E+17   -0.20164E+17   -0.34070E+17   -0.27735E+17   -0.23277E+17                0.7092
    96    4    6    -29.    -27.   -0.17897E+17   -0.15006E+17   -0.15655E+17   -0.33714E+17   -0.28834E+17   -0.24074E+17                0.6673
    96    5   -6    -92.     -2.   -0.16220E+17    0.21275E+17   -0.37926E+17   -0.23165E+17   -0.51881E+16   -0.10551E+16                0.5995
    96    5   -5    -83.     -2.   -0.17365E+17    0.19350E+17   -0.37515E+17   -0.24480E+17   -0.69842E+16   -0.15512E+16                0.6514
    96    5   -4    -74.     -3.   -0.18358E+17    0.17217E+17   -0.36730E+17   -0.25638E+17   -0.87591E+16   -0.20524E+16                0.6975
    96    5   -3    -66.     -4.   -0.19190E+17    0.14896E+17   -0.35574E+17   -0.26632E+17   -0.10500E+17   -0.25583E+16                0.7365
    96    5   -2    -58.     -5.   -0.19849E+17    0.12406E+17   -0.34059E+17   -0.27454E+17   -0.12190E+17   -0.30659E+16                0.7669
    96    5   -1    -50.     -6.   -0.20330E+17    0.97698E+16   -0.32200E+17   -0.28099E+17   -0.13818E+17   -0.35740E+16                0.7880
    96    5    0    -42.     -6.   -0.20627E+17    0.70106E+16   -0.30015E+17   -0.28564E+17   -0.15370E+17   -0.40810E+16                0.7990
    96    5    1    -35.     -7.   -0.20736E+17    0.41543E+16   -0.27525E+17   -0.28844E+17   -0.16831E+17   -0.45841E+16                0.7997
    96    5    2    -29.     -8.   -0.20654E+17    0.12277E+16   -0.24756E+17   -0.28940E+17   -0.18191E+17   -0.50822E+16                0.7901
    96    5    3    -24.     -9.   -0.20383E+17   -0.17410E+16   -0.21737E+17   -0.28851E+17   -0.19439E+17   -0.55732E+16                0.7707
    96    5    4    -21.    -10.   -0.19924E+17   -0.47233E+16   -0.18500E+17   -0.28578E+17   -0.20561E+17   -0.60534E+16                0.7422
    96    5    5    -20.    -11.   -0.19283E+17   -0.76900E+16   -0.15077E+17   -0.28127E+17   -0.21551E+17   -0.65232E+16                0.7056
    96    5    6    -21.    -12.   -0.18463E+17   -0.10612E+17   -0.11505E+17   -0.27499E+17   -0.22398E+17   -0.69789E+16                0.6624
    96    6   -6    -67.     15.   -0.16857E+17    0.17660E+17   -0.29855E+17   -0.20559E+17   -0.24828E+16    0.67379E+16                0.5893
    96    6   -5    -60.     16.   -0.18026E+17    0.16174E+17   -0.29548E+17   -0.21521E+17   -0.39373E+16    0.71205E+16                0.6423
    96    6   -4    -53.     17.   -0.19037E+17    0.14517E+17   -0.28945E+17   -0.22344E+17   -0.53892E+16    0.74459E+16                0.6895
    96    6   -3    -45.     17.   -0.19880E+17    0.12703E+17   -0.28051E+17   -0.23024E+17   -0.68272E+16    0.77083E+16                0.7295
    96    6   -2    -38.     17.   -0.20545E+17    0.10749E+17   -0.26875E+17   -0.23555E+17   -0.82393E+16    0.79040E+16                0.7609
    96    6   -1    -31.     17.   -0.21026E+17    0.86700E+16   -0.25427E+17   -0.23935E+17   -0.96134E+16    0.80294E+16                0.7828
    96    6    0    -24.     16.   -0.21315E+17    0.64865E+16   -0.23721E+17   -0.24161E+17   -0.10938E+17    0.80809E+16                0.7945
    96    6    1    -18.     16.   -0.21410E+17    0.42183E+16   -0.21775E+17   -0.24233E+17   -0.12203E+17    0.80562E+16                0.7956
    96    6    2    -12.     16.   -0.21309E+17    0.18865E+16   -0.19607E+17   -0.24151E+17   -0.13396E+17    0.79525E+16                0.7862
    96    6    3     -6.     16.   -0.21012E+17   -0.48676E+15   -0.17242E+17   -0.23916E+17   -0.14508E+17    0.77707E+16                0.7667
    96    6    4     -3.     15.   -0.20522E+17   -0.28784E+16   -0.14702E+17   -0.23531E+17   -0.15529E+17    0.75087E+16                0.7378
    96    6    5     -2.     15.   -0.19842E+17   -0.52653E+16   -0.12014E+17   -0.23001E+17   -0.16450E+17    0.71680E+16                0.7007
    96    6    6     -3.     14.   -0.18981E+17   -0.76239E+16   -0.92065E+16   -0.22329E+17   -0.17263E+17    0.67494E+16                0.6565
    97    3   -6    -65.    -26.   -0.12883E+17    0.17344E+17   -0.39671E+17   -0.32779E+17   -0.15045E+17   -0.25492E+17                0.5822
    97    3   -5    -61.    -27.   -0.13683E+17    0.14801E+17   -0.41456E+17   -0.34823E+17   -0.17535E+17   -0.28255E+17                0.6342
    97    3   -4    -57.    -28.   -0.14360E+17    0.12067E+17   -0.42825E+17   -0.36657E+17   -0.19955E+17   -0.30890E+17                0.6796
    97    3   -3    -53.    -29.   -0.14908E+17    0.91682E+16   -0.43764E+17   -0.38264E+17   -0.22285E+17   -0.33376E+17                0.7167
    97    3   -2    -50.    -30.   -0.15320E+17    0.61303E+16   -0.44263E+17   -0.39632E+17   -0.24503E+17   -0.35690E+17                0.7445
    97    3   -1    -48.    -31.   -0.15593E+17    0.29825E+16   -0.44317E+17   -0.40748E+17   -0.26588E+17   -0.37812E+17                0.7620
    97    3    0    -45.    -31.   -0.15722E+17   -0.24451E+15   -0.43927E+17   -0.41601E+17   -0.28520E+17   -0.39721E+17                0.7686
    97    3    1    -43.    -32.   -0.15706E+17   -0.35191E+16   -0.43095E+17   -0.42186E+17   -0.30281E+17   -0.41402E+17                0.7642
    97    3    2    -42.    -33.   -0.15546E+17   -0.68083E+16   -0.41832E+17   -0.42497E+17   -0.31856E+17   -0.42842E+17                0.7489
    97    3    3    -40.    -33.   -0.15242E+17   -0.10079E+17   -0.40153E+17   -0.42532E+17   -0.33229E+17   -0.44025E+17                0.7234
    97    3    4    -39.    -34.   -0.14796E+17   -0.13298E+17   -0.38077E+17   -0.42286E+17   -0.34382E+17   -0.44937E+17                0.6885
    97    3    5    -39.    -34.   -0.14215E+17   -0.16431E+17   -0.35628E+17   -0.41764E+17   -0.35307E+17   -0.45571E+17                0.6456
    97    3    6    -39.    -34.   -0.13502E+17   -0.19445E+17   -0.32832E+17   -0.40969E+17   -0.35993E+17   -0.45918E+17                0.5960
    97    4   -6    -69.    -12.   -0.13174E+17    0.13185E+17   -0.31959E+17   -0.26265E+17   -0.74778E+16   -0.78163E+16                0.5655
    97    4   -5    -64.    -14.   -0.14008E+17    0.11419E+17   -0.33049E+17   -0.27902E+17   -0.95740E+16   -0.93189E+16                0.6182
    97    4   -4    -59.    -15.   -0.14716E+17    0.95026E+16   -0.33802E+17   -0.29368E+17   -0.11647E+17   -0.10803E+17                0.6644
    97    4   -3    -55.    -16.   -0.15292E+17    0.74518E+16   -0.34210E+17   -0.30651E+17   -0.13678E+17   -0.12256E+17                0.7026
    97    4   -2    -51.    -18.   -0.15730E+17    0.52848E+16   -0.34268E+17   -0.31740E+17   -0.15651E+17   -0.13668E+17                0.7316
    97    4   -1    -47.    -19.   -0.16023E+17    0.30220E+16   -0.33976E+17   -0.32630E+17   -0.17547E+17   -0.15028E+17                0.7503
    97    4    0    -44.    -20.   -0.16169E+17    0.68486E+15   -0.33336E+17   -0.33310E+17   -0.19350E+17   -0.16324E+17                0.7582
    97    4    1    -42.    -21.   -0.16167E+17   -0.17042E+16   -0.32356E+17   -0.33778E+17   -0.21043E+17   -0.17547E+17                0.7551
    97    4    2    -40.    -22.   -0.16015E+17   -0.41214E+16   -0.31048E+17   -0.34030E+17   -0.22611E+17   -0.18686E+17                0.7412
    97    4    3    -39.    -23.   -0.15715E+17   -0.65425E+16   -0.29425E+17   -0.34063E+17   -0.24040E+17   -0.19732E+17                0.7170
    97    4    4    -38.    -23.   -0.15269E+17   -0.89432E+16   -0.27507E+17   -0.33878E+17   -0.25315E+17   -0.20676E+17                0.6834
    97    4    5    -37.    -24.   -0.14683E+17   -0.11298E+17   -0.25314E+17   -0.33477E+17   -0.26425E+17   -0.21512E+17                0.6416
    97    4    6    -38.    -25.   -0.13961E+17   -0.13584E+17   -0.22872E+17   -0.32861E+17   -0.27358E+17   -0.22229E+17                0.5931
    97    5   -6    -64.      1.   -0.13547E+17    0.10628E+17   -0.25766E+17   -0.24217E+17   -0.51340E+16    0.62364E+15                0.5603
    97    5   -5    -61.      0.   -0.14406E+17    0.93988E+16   -0.26551E+17   -0.25418E+17   -0.68228E+16    0.17633E+15                0.6137
    97    5   -4    -57.     -1.   -0.15136E+17    0.80458E+16   -0.27061E+17   -0.26460E+17   -0.85018E+16   -0.30491E+15                0.6605
    97    5   -3    -53.     -2.   -0.15730E+17    0.65811E+16   -0.27289E+17   -0.27334E+17   -0.10156E+17   -0.81622E+15                0.6992
    97    5   -2    -49.     -2.   -0.16181E+17    0.50174E+16   -0.27233E+17   -0.28035E+17   -0.11770E+17   -0.13546E+16                0.7284
    97    5   -1    -46.     -3.   -0.16484E+17    0.33690E+16   -0.26894E+17   -0.28557E+17   -0.13331E+17   -0.19167E+16                0.7472
    97    5    0    -43.     -4.   -0.16637E+17    0.16517E+16   -0.26274E+17   -0.28895E+17   -0.14823E+17   -0.24976E+16                0.7551
    97    5    1    -40.     -5.   -0.16635E+17   -0.11827E+15   -0.25382E+17   -0.29050E+17   -0.16235E+17   -0.30950E+16                0.7518
    97    5    2    -38.     -6.   -0.16481E+17   -0.19235E+16   -0.24226E+17   -0.29018E+17   -0.17551E+17   -0.37027E+16                0.7374
    97    5    3    -36.     -7.   -0.16173E+17   -0.37457E+16   -0.22821E+17   -0.28802E+17   -0.18760E+17   -0.43168E+16                0.7126
    97    5    4    -35.     -8.   -0.15717E+17   -0.55667E+16   -0.21181E+17   -0.28403E+17   -0.19850E+17   -0.49319E+16                0.6781
    97    5    5    -35.     -9.   -0.15115E+17   -0.73672E+16   -0.19326E+17   -0.27823E+17   -0.20809E+17   -0.55417E+16                0.6353
    97    5    6    -35.    -10.   -0.14374E+17   -0.91289E+16   -0.17276E+17   -0.27069E+17   -0.21630E+17   -0.61428E+16                0.5857
    97    6   -6    -38.     24.   -0.13942E+17    0.82395E+16   -0.20643E+17   -0.21429E+17   -0.22738E+16    0.89435E+16                0.5531
    97    6   -5    -35.     23.   -0.14823E+17    0.73715E+16   -0.21265E+17   -0.22314E+17   -0.36831E+16    0.92843E+16                0.6068
    97    6   -4    -33.     23.   -0.15572E+17    0.64064E+16   -0.21666E+17   -0.23057E+17   -0.50996E+16    0.95396E+16                0.6539
    97    6   -3    -30.     22.   -0.16180E+17    0.53525E+16   -0.21841E+17   -0.23653E+17   -0.65109E+16    0.97064E+16                0.6928
    97    6   -2    -28.     22.   -0.16642E+17    0.42189E+16   -0.21788E+17   -0.24100E+17   -0.79052E+16    0.97810E+16                0.7223
    97    6   -1    -26.     21.   -0.16952E+17    0.30160E+16   -0.21507E+17   -0.24392E+17   -0.92694E+16    0.97626E+16                0.7414
    97    6    0    -24.     20.   -0.17105E+17    0.17552E+16   -0.21001E+17   -0.24529E+17   -0.10591E+17    0.96503E+16                0.7495
    97    6    1    -22.     20.   -0.17102E+17    0.44852E+15   -0.20276E+17   -0.24511E+17   -0.11858E+17    0.94446E+16                0.7463
    97    6    2    -21.     19.   -0.16940E+17   -0.89112E+15   -0.19340E+17   -0.24336E+17   -0.13058E+17    0.91462E+16                0.7320
    97    6    3    -20.     18.   -0.16621E+17   -0.22501E+16   -0.18204E+17   -0.24009E+17   -0.14179E+17    0.87569E+16                0.7071
    97    6    4    -20.     18.   -0.16149E+17   -0.36148E+16   -0.16881E+17   -0.23530E+17   -0.15212E+17    0.82797E+16                0.6726
    97    6    5    -20.     17.   -0.15527E+17   -0.49708E+16   -0.15385E+17   -0.22906E+17   -0.16145E+17    0.77186E+16                0.6295
    97    6    6    -21.     16.   -0.14763E+17   -0.63040E+16   -0.13733E+17   -0.22139E+17   -0.16969E+17    0.70783E+16                0.5796
    98    3   -6      6.    -20.   -0.10045E+17    0.20596E+17   -0.31759E+16   -0.40664E+17    0.69668E+15   -0.11374E+17                0.7550
    98    3   -5    -13.    -22.   -0.11512E+17    0.16062E+17   -0.12849E+17   -0.43354E+17   -0.21626E+16   -0.15102E+17                0.7717
    98    3   -4    -28.    -24.   -0.12890E+17    0.11439E+17   -0.22386E+17   -0.45744E+17   -0.50783E+16   -0.18794E+17                0.7827
    98    3   -3    -38.    -24.   -0.14166E+17    0.67754E+16   -0.31696E+17   -0.47806E+17   -0.80203E+16   -0.22406E+17                0.7876
    98    3   -2    -44.    -25.   -0.15325E+17    0.21204E+16   -0.40689E+17   -0.49513E+17   -0.10956E+17   -0.25900E+17                0.7862
    98    3   -1    -46.    -25.   -0.16357E+17   -0.24782E+16   -0.49282E+17   -0.50845E+17   -0.13857E+17   -0.29237E+17                0.7784
    98    3    0    -46.    -25.   -0.17250E+17   -0.69710E+16   -0.57393E+17   -0.51781E+17   -0.16688E+17   -0.32377E+17                0.7643
    98    3    1    -45.    -25.   -0.17996E+17   -0.11313E+17   -0.64949E+17   -0.52302E+17   -0.19414E+17   -0.35276E+17                0.7442
    98    3    2    -43.    -25.   -0.18587E+17   -0.15457E+17   -0.71874E+17   -0.52400E+17   -0.22010E+17   -0.37907E+17                0.7185
    98    3    3    -41.    -25.   -0.19016E+17   -0.19362E+17   -0.78109E+17   -0.52067E+17   -0.24443E+17   -0.40234E+17                0.6880
    98    3    4    -39.    -25.   -0.19280E+17   -0.22989E+17   -0.83597E+17   -0.51295E+17   -0.26683E+17   -0.42223E+17                0.6535
    98    3    5    -37.    -25.   -0.19375E+17   -0.26301E+17   -0.88290E+17   -0.50088E+17   -0.28704E+17   -0.43851E+17                0.6160
    98    3    6    -35.    -25.   -0.19300E+17   -0.29268E+17   -0.92146E+17   -0.48453E+17   -0.30485E+17   -0.45099E+17                0.5764
    98    4   -6     15.     -6.   -0.10559E+17    0.15944E+17   -0.79658E+16   -0.39683E+17    0.48141E+16   -0.27063E+16                0.7609
    98    4   -5     -9.    -10.   -0.12000E+17    0.12168E+17   -0.15697E+17   -0.42282E+17    0.20372E+16   -0.56872E+16                0.7792
    98    4   -4    -26.    -13.   -0.13347E+17    0.82908E+16   -0.23286E+17   -0.44591E+17   -0.82292E+15   -0.86834E+16                0.7914
    98    4   -3    -36.    -15.   -0.14583E+17    0.43518E+16   -0.30664E+17   -0.46582E+17   -0.37359E+16   -0.11662E+17                0.7969
    98    4   -2    -41.    -17.   -0.15697E+17    0.38571E+15   -0.37763E+17   -0.48231E+17   -0.66702E+16   -0.14589E+17                0.7955
    98    4   -1    -44.    -18.   -0.16678E+17   -0.35673E+16   -0.44520E+17   -0.49519E+17   -0.95977E+16   -0.17437E+17                0.7872
    98    4    0    -45.    -19.   -0.17516E+17   -0.74702E+16   -0.50872E+17   -0.50429E+17   -0.12485E+17   -0.20172E+17                0.7721
    98    4    1    -44.    -19.   -0.18201E+17   -0.11284E+17   -0.56762E+17   -0.50946E+17   -0.15304E+17   -0.22765E+17                0.7506
    98    4    2    -43.    -20.   -0.18727E+17   -0.14975E+17   -0.62141E+17   -0.51062E+17   -0.18022E+17   -0.25190E+17                0.7233
    98    4    3    -42.    -20.   -0.19088E+17   -0.18507E+17   -0.66959E+17   -0.50770E+17   -0.20612E+17   -0.27417E+17                0.6909
    98    4    4    -40.    -21.   -0.19282E+17   -0.21846E+17   -0.71175E+17   -0.50070E+17   -0.23044E+17   -0.29425E+17                0.6544
    98    4    5    -38.    -21.   -0.19304E+17   -0.24960E+17   -0.74756E+17   -0.48959E+17   -0.25291E+17   -0.31185E+17                0.6148
    98    4    6    -36.    -22.   -0.19156E+17   -0.27822E+17   -0.77670E+17   -0.47450E+17   -0.27331E+17   -0.32686E+17                0.5733
    98    5   -6     22.      9.   -0.11406E+17    0.11899E+17   -0.78252E+16   -0.40246E+17    0.61745E+16    0.45064E+16                0.7633
    98    5   -5      2.      5.   -0.12853E+17    0.88461E+16   -0.14144E+17   -0.42456E+17    0.35961E+16    0.26117E+16                0.7809
    98    5   -4    -16.      1.   -0.14196E+17    0.57119E+16   -0.20332E+17   -0.44363E+17    0.93439E+15    0.67022E+15                0.7916
    98    5   -3    -28.     -2.   -0.15423E+17    0.25260E+16   -0.26332E+17   -0.45946E+17   -0.17854E+16   -0.12998E+16                0.7947
    98    5   -2    -36.     -5.   -0.16520E+17   -0.68286E+15   -0.32091E+17   -0.47188E+17   -0.45356E+16   -0.32781E+16                0.7904
    98    5   -1    -40.     -7.   -0.17475E+17   -0.38867E+16   -0.37560E+17   -0.48072E+17   -0.72875E+16   -0.52443E+16                0.7785
    98    5    0    -42.     -8.   -0.18280E+17   -0.70550E+16   -0.42688E+17   -0.48587E+17   -0.10013E+17   -0.71784E+16                0.7594
    98    5    1    -42.    -10.   -0.18926E+17   -0.10159E+17   -0.47432E+17   -0.48724E+17   -0.12685E+17   -0.90617E+16                0.7336
    98    5    2    -42.    -11.   -0.19405E+17   -0.13170E+17   -0.51750E+17   -0.48478E+17   -0.15275E+17   -0.10875E+17                0.7018
    98    5    3    -41.    -12.   -0.19713E+17   -0.16060E+17   -0.55607E+17   -0.47847E+17   -0.17756E+17   -0.12599E+17                0.6651
    98    5    4    -40.    -13.   -0.19847E+17   -0.18804E+17   -0.58970E+17   -0.46835E+17   -0.20101E+17   -0.14218E+17                0.6244
    98    5    5    -39.    -14.   -0.19805E+17   -0.21377E+17   -0.61814E+17   -0.45446E+17   -0.22286E+17   -0.15714E+17                0.5811
    98    5    6    -37.    -14.   -0.19588E+17   -0.23754E+17   -0.64116E+17   -0.43693E+17   -0.24290E+17   -0.17077E+17                0.5363
    98    6   -6     29.     24.   -0.11807E+17    0.87715E+16   -0.75079E+16   -0.38624E+17    0.93062E+16    0.13333E+17                0.7569
    98    6   -5     14.     22.   -0.13240E+17    0.65680E+16   -0.12553E+17   -0.40250E+17    0.70616E+16    0.12526E+17                0.7713
    98    6   -4      0.     20.   -0.14566E+17    0.43092E+16   -0.17474E+17   -0.41579E+17    0.47145E+16    0.11619E+17                0.7780
    98    6   -3    -11.     18.   -0.15770E+17    0.20160E+16   -0.22229E+17   -0.42596E+17    0.22875E+16    0.10620E+17                0.7768
    98    6   -2    -20.     16.   -0.16842E+17   -0.29120E+15   -0.26772E+17   -0.43290E+17   -0.19521E+15    0.95379E+16                0.7676
    98    6   -1    -26.     14.   -0.17767E+17   -0.25924E+16   -0.31067E+17   -0.43648E+17   -0.27073E+16    0.83844E+16                0.7506
    98    6    0    -31.     12.   -0.18540E+17   -0.48664E+16   -0.35075E+17   -0.43666E+17   -0.52260E+16    0.71680E+16                0.7264
    98    6    1    -34.      9.   -0.19149E+17   -0.70927E+16   -0.38762E+17   -0.43338E+17   -0.77224E+16    0.59027E+16                0.6955
    98    6    2    -37.      7.   -0.19589E+17   -0.92508E+16   -0.42096E+17   -0.42667E+17   -0.10174E+17    0.45971E+16                0.6589
    98    6    3    -38.      4.   -0.19856E+17   -0.11322E+17   -0.45050E+17   -0.41655E+17   -0.12555E+17    0.32647E+16                0.6177
    98    6    4    -39.      2.   -0.19947E+17   -0.13287E+17   -0.47599E+17   -0.40308E+17   -0.14839E+17    0.19162E+16                0.5732
    98    6    5    -39.      1.   -0.19859E+17   -0.15129E+17   -0.49726E+17   -0.38636E+17   -0.17005E+17    0.56392E+15                0.5267
    98    6    6    -38.     -1.   -0.19596E+17   -0.16831E+17   -0.51414E+17   -0.36654E+17   -0.19031E+17   -0.78197E+15                0.4796
    99    3   -6    -57.    -21.   -0.15280E+17    0.87289E+16   -0.49432E+17   -0.28498E+17   -0.11151E+17   -0.18950E+17                0.6692
    99    3   -5    -55.    -23.   -0.15866E+17    0.85890E+16   -0.53241E+17   -0.30921E+17   -0.14195E+17   -0.23244E+17                0.7152
    99    3   -4    -54.    -25.   -0.16309E+17    0.83275E+16   -0.56511E+17   -0.33178E+17   -0.17209E+17   -0.27478E+17                0.7519
    99    3   -3    -52.    -26.   -0.16606E+17    0.79463E+16   -0.59209E+17   -0.35248E+17   -0.20161E+17   -0.31609E+17                0.7779
    99    3   -2    -51.    -27.   -0.16752E+17    0.74487E+16   -0.61305E+17   -0.37112E+17   -0.23025E+17   -0.35599E+17                0.7923
    99    3   -1    -50.    -29.   -0.16748E+17    0.68400E+16   -0.62779E+17   -0.38752E+17   -0.25770E+17   -0.39405E+17                0.7947
    99    3    0    -49.    -30.   -0.16592E+17    0.61270E+16   -0.63616E+17   -0.40157E+17   -0.28373E+17   -0.42997E+17                0.7850
    99    3    1    -48.    -31.   -0.16287E+17    0.53176E+16   -0.63810E+17   -0.41306E+17   -0.30801E+17   -0.46327E+17                0.7636
    99    3    2    -48.    -32.   -0.15836E+17    0.44216E+16   -0.63361E+17   -0.42190E+17   -0.33032E+17   -0.49366E+17                0.7313
    99    3    3    -47.    -33.   -0.15242E+17    0.34496E+16   -0.62277E+17   -0.42799E+17   -0.35041E+17   -0.52080E+17                0.6892
    99    3    4    -47.    -34.   -0.14513E+17    0.24137E+16   -0.60574E+17   -0.43124E+17   -0.36807E+17   -0.54439E+17                0.6388
    99    3    5    -46.    -35.   -0.13657E+17    0.13264E+16   -0.58274E+17   -0.43162E+17   -0.38310E+17   -0.56418E+17                0.5819
    99    3    6    -46.    -36.   -0.12681E+17    0.20202E+15   -0.55406E+17   -0.42907E+17   -0.39533E+17   -0.57992E+17                0.5204
    99    4   -6    -69.     -4.   -0.16064E+17    0.11082E+17   -0.32243E+17   -0.21651E+17   -0.32475E+16   -0.18374E+16                0.6403
    99    4   -5    -64.     -8.   -0.16682E+17    0.10631E+17   -0.35413E+17   -0.23685E+17   -0.60218E+16   -0.48873E+16                0.6845
    99    4   -4    -60.    -12.   -0.17151E+17    0.10046E+17   -0.38221E+17   -0.25592E+17   -0.88105E+16   -0.79739E+16                0.7202
    99    4   -3    -57.    -15.   -0.17465E+17    0.93332E+16   -0.40638E+17   -0.27354E+17   -0.11587E+17   -0.11068E+17                0.7464
    99    4   -2    -54.    -17.   -0.17622E+17    0.84975E+16   -0.42639E+17   -0.28958E+17   -0.14327E+17   -0.14142E+17                0.7622
    99    4   -1    -52.    -19.   -0.17620E+17    0.75475E+16   -0.44204E+17   -0.30390E+17   -0.17001E+17   -0.17164E+17                0.7670
    99    4    0    -51.    -21.   -0.17460E+17    0.64925E+16   -0.45318E+17   -0.31637E+17   -0.19587E+17   -0.20109E+17                0.7608
    99    4    1    -49.    -23.   -0.17141E+17    0.53436E+16   -0.45972E+17   -0.32688E+17   -0.22057E+17   -0.22945E+17                0.7437
    99    4    2    -48.    -24.   -0.16669E+17    0.41129E+16   -0.46162E+17   -0.33532E+17   -0.24387E+17   -0.25644E+17                0.7165
    99    4    3    -47.    -26.   -0.16047E+17    0.28136E+16   -0.45888E+17   -0.34163E+17   -0.26555E+17   -0.28181E+17                0.6801
    99    4    4    -47.    -27.   -0.15282E+17    0.14602E+16   -0.45158E+17   -0.34574E+17   -0.28537E+17   -0.30531E+17                0.6358
    99    4    5    -46.    -28.   -0.14382E+17    0.67940E+14   -0.43982E+17   -0.34759E+17   -0.30315E+17   -0.32669E+17                0.5851
    99    4    6    -46.    -30.   -0.13356E+17   -0.13475E+16   -0.42378E+17   -0.34716E+17   -0.31867E+17   -0.34571E+17                0.5298
    99    5   -6    -48.     14.   -0.16766E+17    0.11303E+17   -0.23542E+17   -0.20058E+17   -0.11518E+16    0.51346E+16                0.6333
    99    5   -5    -53.      8.   -0.17416E+17    0.10864E+17   -0.26164E+17   -0.21614E+17   -0.35735E+16    0.32053E+16                0.6759
    99    5   -4    -56.      2.   -0.17910E+17    0.10298E+17   -0.28515E+17   -0.23051E+17   -0.60213E+16    0.11999E+16                0.7104
    99    5   -3    -56.     -2.   -0.18243E+17    0.96098E+16   -0.30571E+17   -0.24357E+17   -0.84723E+16   -0.86278E+15                0.7357
    99    5   -2    -54.     -5.   -0.18412E+17    0.88058E+16   -0.32309E+17   -0.25521E+17   -0.10903E+17   -0.29635E+16                0.7510
    99    5   -1    -52.     -8.   -0.18415E+17    0.78934E+16   -0.33714E+17   -0.26533E+17   -0.13290E+17   -0.50806E+16                0.7557
    99    5    0    -50.    -10.   -0.18252E+17    0.68817E+16   -0.34772E+17   -0.27383E+17   -0.15607E+17   -0.71921E+16                0.7498
    99    5    1    -49.    -13.   -0.17924E+17    0.57808E+16   -0.35474E+17   -0.28065E+17   -0.17833E+17   -0.92783E+16                0.7335
    99    5    2    -48.    -15.   -0.17435E+17    0.46025E+16   -0.35816E+17   -0.28571E+17   -0.19945E+17   -0.11317E+17                0.7074
    99    5    3    -47.    -17.   -0.16790E+17    0.33588E+16   -0.35795E+17   -0.28896E+17   -0.21921E+17   -0.13289E+17                0.6723
    99    5    4    -46.    -18.   -0.15995E+17    0.20635E+16   -0.35416E+17   -0.29037E+17   -0.23740E+17   -0.15171E+17                0.6296
    99    5    5    -46.    -20.   -0.15058E+17    0.73037E+15   -0.34686E+17   -0.28989E+17   -0.25382E+17   -0.16945E+17                0.5806
    99    5    6    -45.    -22.   -0.13989E+17   -0.62587E+15   -0.33617E+17   -0.28755E+17   -0.26832E+17   -0.18593E+17                0.5270
    99    6   -6    -26.     30.   -0.17420E+17    0.97643E+16   -0.17807E+17   -0.17681E+17    0.15326E+16    0.11986E+17                0.6267
    99    6   -5    -28.     27.   -0.18096E+17    0.93566E+16   -0.19947E+17   -0.18850E+17   -0.62205E+15    0.11003E+17                0.6681
    99    6   -4    -30.     23.   -0.18610E+17    0.88417E+16   -0.21879E+17   -0.19915E+17   -0.28201E+16    0.99035E+16                0.7016
    99    6   -3    -32.     20.   -0.18957E+17    0.82240E+16   -0.23585E+17   -0.20866E+17   -0.50398E+16    0.86997E+16                0.7263
    99    6   -2    -34.     17.   -0.19134E+17    0.75091E+16   -0.25045E+17   -0.21696E+17   -0.72594E+16    0.74036E+16                0.7413
    99    6   -1    -35.     14.   -0.19138E+17    0.67040E+16   -0.26247E+17   -0.22399E+17   -0.94566E+16    0.60286E+16                0.7461
    99    6    0    -37.     10.   -0.18970E+17    0.58166E+16   -0.27179E+17   -0.22966E+17   -0.11609E+17    0.45893E+16                0.7406
    99    6    1    -39.      6.   -0.18631E+17    0.48558E+16   -0.27833E+17   -0.23394E+17   -0.13694E+17    0.31002E+16                0.7250
    99    6    2    -41.      3.   -0.18123E+17    0.38318E+16   -0.28204E+17   -0.23679E+17   -0.15692E+17    0.15765E+16                0.6999
    99    6    3    -44.      0.   -0.17453E+17    0.27554E+16   -0.28290E+17   -0.23816E+17   -0.17579E+17    0.34794E+14                0.6661
    99    6    4    -43.     -3.   -0.16628E+17    0.16379E+16   -0.28093E+17   -0.23805E+17   -0.19338E+17   -0.15102E+16                0.6248
    99    6    5    -44.     -5.   -0.15654E+17    0.49181E+15   -0.27619E+17   -0.23643E+17   -0.20949E+17   -0.30419E+16                0.5774
    99    6    6    -44.     -8.   -0.14543E+17   -0.67083E+15   -0.26875E+17   -0.23333E+17   -0.22395E+17   -0.45452E+16                0.5255
   100    3   -6    -42.    -18.   -0.11298E+17    0.70994E+17   -0.40174E+17   -0.24419E+17   -0.14839E+17   -0.21879E+17                0.4001
   100    3   -5    -47.    -19.   -0.12841E+17    0.68114E+17   -0.41154E+17   -0.26555E+17   -0.16502E+17   -0.23418E+17                0.4377
   100    3   -4    -52.    -20.   -0.14285E+17    0.64553E+17   -0.41729E+17   -0.28541E+17   -0.18093E+17   -0.24864E+17                0.4745
   100    3   -3    -56.    -21.   -0.15615E+17    0.60336E+17   -0.41893E+17   -0.30363E+17   -0.19601E+17   -0.26210E+17                0.5095
   100    3   -2    -60.    -22.   -0.16817E+17    0.55500E+17   -0.41644E+17   -0.32010E+17   -0.21016E+17   -0.27450E+17                0.5415
   100    3   -1    -64.    -23.   -0.17878E+17    0.50086E+17   -0.40984E+17   -0.33464E+17   -0.22323E+17   -0.28569E+17                0.5695
   100    3    0    -65.    -24.   -0.18786E+17    0.44144E+17   -0.39922E+17   -0.34720E+17   -0.23518E+17   -0.29572E+17                0.5928
   100    3    1    -63.    -25.   -0.19533E+17    0.37728E+17   -0.38471E+17   -0.35767E+17   -0.24589E+17   -0.30449E+17                0.6106
   100    3    2    -58.    -27.   -0.20108E+17    0.30898E+17   -0.36647E+17   -0.36596E+17   -0.25529E+17   -0.31196E+17                0.6224
   100    3    3    -51.    -28.   -0.20505E+17    0.23721E+17   -0.34471E+17   -0.37201E+17   -0.26329E+17   -0.31807E+17                0.6280
   100    3    4    -44.    -29.   -0.20720E+17    0.16266E+17   -0.31967E+17   -0.37572E+17   -0.26978E+17   -0.32271E+17                0.6271
   100    3    5    -37.    -30.   -0.20749E+17    0.86064E+16   -0.29165E+17   -0.37709E+17   -0.27473E+17   -0.32587E+17                0.6200
   100    3    6    -31.    -31.   -0.20591E+17    0.81932E+15   -0.26097E+17   -0.37612E+17   -0.27810E+17   -0.32758E+17                0.6069
   100    4   -6    -50.    -14.   -0.11757E+17    0.53849E+17   -0.31046E+17   -0.21682E+17   -0.11747E+17   -0.12227E+17                0.3704
   100    4   -5    -55.    -14.   -0.13354E+17    0.51556E+17   -0.31604E+17   -0.23398E+17   -0.12963E+17   -0.12584E+17                0.4107
   100    4   -4    -59.    -14.   -0.14848E+17    0.48748E+17   -0.31852E+17   -0.24976E+17   -0.14122E+17   -0.12899E+17                0.4508
   100    4   -3    -63.    -14.   -0.16224E+17    0.45448E+17   -0.31790E+17   -0.26405E+17   -0.15215E+17   -0.13173E+17                0.4895
   100    4   -2    -66.    -15.   -0.17468E+17    0.41680E+17   -0.31417E+17   -0.27677E+17   -0.16238E+17   -0.13409E+17                0.5255
   100    4   -1    -66.    -15.   -0.18565E+17    0.37480E+17   -0.30736E+17   -0.28779E+17   -0.17180E+17   -0.13605E+17                0.5576
   100    4    0    -63.    -16.   -0.19504E+17    0.32885E+17   -0.29755E+17   -0.29705E+17   -0.18036E+17   -0.13765E+17                0.5850
   100    4    1    -58.    -16.   -0.20276E+17    0.27935E+17   -0.28485E+17   -0.30451E+17   -0.18801E+17   -0.13893E+17                0.6067
   100    4    2    -51.    -17.   -0.20870E+17    0.22678E+17   -0.26940E+17   -0.31005E+17   -0.19467E+17   -0.13983E+17                0.6221
   100    4    3    -43.    -18.   -0.21281E+17    0.17164E+17   -0.25136E+17   -0.31370E+17   -0.20031E+17   -0.14044E+17                0.6307
   100    4    4    -35.    -19.   -0.21503E+17    0.11446E+17   -0.23095E+17   -0.31539E+17   -0.20487E+17   -0.14073E+17                0.6323
   100    4    5    -28.    -19.   -0.21532E+17    0.55797E+16   -0.20837E+17   -0.31509E+17   -0.20829E+17   -0.14066E+17                0.6269
   100    4    6    -21.    -20.   -0.21367E+17   -0.37603E+15   -0.18388E+17   -0.31283E+17   -0.21056E+17   -0.14028E+17                0.6148
   100    5   -6    -58.     -8.   -0.12209E+17    0.42326E+17   -0.25613E+17   -0.19513E+17   -0.93730E+16   -0.52243E+16                0.3428
   100    5   -5    -63.     -7.   -0.13855E+17    0.40445E+17   -0.25990E+17   -0.20976E+17   -0.10309E+17   -0.48242E+16                0.3854
   100    5   -4    -67.     -6.   -0.15394E+17    0.38162E+17   -0.26117E+17   -0.22312E+17   -0.11201E+17   -0.44220E+16                0.4283
   100    5   -3    -68.     -6.   -0.16812E+17    0.35495E+17   -0.25991E+17   -0.23513E+17   -0.12044E+17   -0.40253E+16                0.4700
   100    5   -2    -68.     -5.   -0.18092E+17    0.32464E+17   -0.25613E+17   -0.24570E+17   -0.12832E+17   -0.36399E+16                0.5094
   100    5   -1    -64.     -5.   -0.19222E+17    0.29098E+17   -0.24987E+17   -0.25476E+17   -0.13561E+17   -0.32731E+16                0.5451
   100    5    0    -59.     -5.   -0.20188E+17    0.25424E+17   -0.24119E+17   -0.26224E+17   -0.14225E+17   -0.29299E+16                0.5759
   100    5    1    -52.     -4.   -0.20981E+17    0.21477E+17   -0.23019E+17   -0.26808E+17   -0.14819E+17   -0.26155E+16                0.6010
   100    5    2    -43.     -4.   -0.21592E+17    0.17292E+17   -0.21699E+17   -0.27225E+17   -0.15340E+17   -0.23354E+16                0.6194
   100    5    3    -34.     -4.   -0.22013E+17    0.12911E+17   -0.20171E+17   -0.27471E+17   -0.15782E+17   -0.20922E+16                0.6307
   100    5    4    -24.     -4.   -0.22238E+17    0.83739E+16   -0.18454E+17   -0.27545E+17   -0.16144E+17   -0.18908E+16                0.6344
   100    5    5    -15.     -3.   -0.22265E+17    0.37257E+16   -0.16566E+17   -0.27445E+17   -0.16419E+17   -0.17309E+16                0.6305
   100    5    6     -7.     -3.   -0.22093E+17   -0.98832E+15   -0.14527E+17   -0.27173E+17   -0.16607E+17   -0.16169E+16                0.6191
   100    6   -6    -64.      2.   -0.12637E+17    0.32682E+17   -0.20838E+17   -0.17225E+17   -0.70766E+16    0.11916E+16                0.3251
   100    6   -5    -65.      4.   -0.14329E+17    0.31200E+17   -0.21104E+17   -0.18487E+17   -0.77879E+16    0.22011E+16                0.3691
   100    6   -4    -63.      6.   -0.15912E+17    0.29411E+17   -0.21168E+17   -0.19636E+17   -0.84701E+16    0.31743E+16                0.4136
   100    6   -3    -59.      8.   -0.17369E+17    0.27327E+17   -0.21028E+17   -0.20666E+17   -0.91192E+16    0.40997E+16                0.4573
   100    6   -2    -54.     10.   -0.18684E+17    0.24965E+17   -0.20685E+17   -0.21567E+17   -0.97312E+16    0.49673E+16                0.4986
   100    6   -1    -47.     13.   -0.19845E+17    0.22346E+17   -0.20144E+17   -0.22335E+17   -0.10302E+17    0.57672E+16                0.5364
   100    6    0    -39.     14.   -0.20839E+17    0.19492E+17   -0.19409E+17   -0.22963E+17   -0.10829E+17    0.64901E+16                0.5694
   100    6    1    -31.     15.   -0.21653E+17    0.16429E+17   -0.18488E+17   -0.23448E+17   -0.11308E+17    0.71284E+16                0.5965
   100    6    2    -22.     16.   -0.22280E+17    0.13186E+17   -0.17391E+17   -0.23785E+17   -0.11735E+17    0.76750E+16                0.6168
   100    6    3    -13.     16.   -0.22711E+17    0.97933E+16   -0.16129E+17   -0.23972E+17   -0.12107E+17    0.81233E+16                0.6296
   100    6    4     -3.     17.   -0.22942E+17    0.62822E+16   -0.14717E+17   -0.24008E+17   -0.12421E+17    0.84687E+16                0.6346
   100    6    5      5.     17.   -0.22968E+17    0.26873E+16   -0.13169E+17   -0.23892E+17   -0.12674E+17    0.87075E+16                0.6316
   100    6    6     12.     17.   -0.22788E+17   -0.95670E+15   -0.11501E+17   -0.23626E+17   -0.12864E+17    0.88371E+16                0.6207
