     1    3   -2    -48.    -28.   -0.13959E+17   -0.68841E+15   -0.44701E+17   -0.47794E+17   -0.18803E+17   -0.33373E+17                0.7243
     1    3   -1    -49.    -28.   -0.14653E+17   -0.34329E+16   -0.50942E+17   -0.48637E+17   -0.20430E+17   -0.35676E+17                0.7257
     1    4   -3    -47.    -20.   -0.14565E+17    0.14883E+16   -0.36108E+17   -0.44998E+17   -0.14329E+17   -0.18554E+17                0.7240
     1    4   -2    -48.    -21.   -0.15447E+17   -0.13754E+16   -0.41966E+17   -0.46412E+17   -0.16235E+17   -0.20932E+17                0.7356
     1    4   -1    -48.    -21.   -0.16203E+17   -0.41865E+16   -0.47430E+17   -0.47486E+17   -0.18061E+17   -0.23187E+17                0.7394
     1    4    0    -47.    -21.   -0.16827E+17   -0.69181E+16   -0.52451E+17   -0.48206E+17   -0.19788E+17   -0.25291E+17                0.7352
     1    4    1    -46.    -22.   -0.17313E+17   -0.95442E+16   -0.56981E+17   -0.48562E+17   -0.21397E+17   -0.27222E+17                0.7231
     1    5   -2    -47.     -9.   -0.17067E+17   -0.24146E+16   -0.37770E+17   -0.44710E+17   -0.14351E+17   -0.78267E+16                0.7315
     1    5   -1    -47.    -11.   -0.17894E+17   -0.48938E+16   -0.42543E+17   -0.45657E+17   -0.16146E+17   -0.95813E+16                0.7344
     1    5    0    -46.    -12.   -0.18574E+17   -0.73043E+16   -0.46921E+17   -0.46262E+17   -0.17853E+17   -0.11277E+17                0.7293
     2    3   -4    -53.    -30.   -0.15749E+17    0.94382E+16   -0.48694E+17   -0.40161E+17   -0.24564E+17   -0.37025E+17                0.7700
     2    3   -3    -55.    -30.   -0.15662E+17    0.11482E+17   -0.54443E+17   -0.41597E+17   -0.26697E+17   -0.40064E+17                0.7853
     2    3   -2    -56.    -30.   -0.15436E+17    0.13393E+17   -0.59610E+17   -0.42792E+17   -0.28713E+17   -0.42934E+17                0.7908
     2    3   -1    -57.    -30.   -0.15073E+17    0.15151E+17   -0.64142E+17   -0.43735E+17   -0.30589E+17   -0.45603E+17                0.7861
     2    3    0    -57.    -30.   -0.14577E+17    0.16741E+17   -0.67994E+17   -0.44413E+17   -0.32304E+17   -0.48039E+17                0.7715
     2    4   -3    -58.    -20.   -0.16519E+17    0.11552E+17   -0.39472E+17   -0.33070E+17   -0.18381E+17   -0.17698E+17                0.7760
     2    4   -2    -60.    -20.   -0.16335E+17    0.13142E+17   -0.43642E+17   -0.34060E+17   -0.20296E+17   -0.19953E+17                0.7826
     2    4   -1    -62.    -21.   -0.16007E+17    0.14585E+17   -0.47347E+17   -0.34850E+17   -0.22122E+17   -0.22144E+17                0.7795
     2    5   -2    -63.     -8.   -0.17149E+17    0.12235E+17   -0.34991E+17   -0.28790E+17   -0.15351E+17   -0.55333E+16                0.7734
     2    5   -1    -65.    -10.   -0.16859E+17    0.13491E+17   -0.38137E+17   -0.29389E+17   -0.17092E+17   -0.72929E+16                0.7702
     3    5   -1    -42.     -4.   -0.13669E+17   -0.51152E+16   -0.24011E+17   -0.25860E+17   -0.18132E+17   -0.20254E+16                0.7429
     3    5    0    -44.     -5.   -0.13591E+17   -0.51088E+16   -0.25952E+17   -0.26077E+17   -0.19111E+17   -0.27393E+16                0.7481
     3    5    1    -46.     -6.   -0.13395E+17   -0.50806E+16   -0.27620E+17   -0.26135E+17   -0.19982E+17   -0.34755E+16                0.7426
     3    6   -1    -23.     22.   -0.14283E+17   -0.44617E+16   -0.19615E+17   -0.21569E+17   -0.14119E+17    0.10043E+17                0.7425
     3    6    0    -26.     21.   -0.14231E+17   -0.43626E+16   -0.21261E+17   -0.21694E+17   -0.15042E+17    0.95699E+16                0.7489
     3    6    1    -29.     19.   -0.14055E+17   -0.42441E+16   -0.22682E+17   -0.21688E+17   -0.15881E+17    0.89969E+16                0.7447
     3    7    0    -12.     35.   -0.14794E+17   -0.37947E+16   -0.18200E+17   -0.18629E+17   -0.12225E+17    0.18603E+17                0.7472
     3    7    1    -15.     34.   -0.14641E+17   -0.36429E+16   -0.19455E+17   -0.18573E+17   -0.13045E+17    0.18161E+17                0.7442
     3    8    0     -3.     45.   -0.15276E+17   -0.33127E+16   -0.16083E+17   -0.16415E+17   -0.10247E+17    0.25556E+17                0.7446
     3    8    1     -6.     44.   -0.15146E+17   -0.31483E+16   -0.17218E+17   -0.16309E+17   -0.11047E+17    0.25224E+17                0.7428
     4    3    0    -46.    -31.   -0.12006E+17    0.45901E+16   -0.25066E+17   -0.37902E+17   -0.22612E+17   -0.30094E+17                0.6701
     4    3    1    -48.    -30.   -0.12055E+17    0.39171E+16   -0.27931E+17   -0.37929E+17   -0.23463E+17   -0.30586E+17                0.6751
     4    3    2    -49.    -30.   -0.11995E+17    0.31556E+16   -0.30511E+17   -0.37708E+17   -0.24179E+17   -0.30919E+17                0.6702
     4    4    0    -44.    -18.   -0.12214E+17   -0.11718E+16   -0.22185E+17   -0.32402E+17   -0.16114E+17   -0.12180E+17                0.6699
     4    4    1    -46.    -18.   -0.12268E+17   -0.76247E+15   -0.23971E+17   -0.32258E+17   -0.16877E+17   -0.12396E+17                0.6746
     4    4    2    -48.    -18.   -0.12213E+17   -0.38839E+15   -0.25515E+17   -0.31901E+17   -0.17547E+17   -0.12570E+17                0.6691
     4    5    0    -41.      0.   -0.12439E+17   -0.31686E+16   -0.19796E+17   -0.28721E+17   -0.11753E+17    0.19061E+15                0.6678
     4    5    1    -45.      0.   -0.12499E+17   -0.23710E+16   -0.20960E+17   -0.28476E+17   -0.12491E+17    0.11589E+15                0.6713
     4    5    2    -48.      0.   -0.12446E+17   -0.15865E+16   -0.21915E+17   -0.28041E+17   -0.13165E+17    0.19585E+13                0.6648
     4    6    1    -24.     24.   -0.12751E+17   -0.25194E+16   -0.17585E+17   -0.25004E+17   -0.86979E+16    0.10893E+17                0.6652
     5    3    3    -53.    -26.   -0.24636E+17    0.41260E+17   -0.36032E+17   -0.42688E+17   -0.27589E+17   -0.34242E+17                0.6956
     5    3    4    -49.    -28.   -0.25099E+17    0.31315E+17   -0.36490E+17   -0.45168E+17   -0.30783E+17   -0.38285E+17                0.7029
     5    3    5    -43.    -30.   -0.25338E+17    0.21013E+17   -0.36646E+17   -0.47378E+17   -0.33812E+17   -0.42170E+17                0.7050
     5    3    6    -38.    -32.   -0.25350E+17    0.10454E+17   -0.36503E+17   -0.49293E+17   -0.36642E+17   -0.45856E+17                0.7018
     5    4    4    -43.    -19.   -0.25656E+17    0.27167E+17   -0.26762E+17   -0.40911E+17   -0.23526E+17   -0.18523E+17                0.7001
     5    4    5    -37.    -20.   -0.25835E+17    0.18266E+17   -0.25651E+17   -0.42274E+17   -0.25652E+17   -0.20384E+17                0.7018
     5    4    6    -31.    -22.   -0.25782E+17    0.91377E+16   -0.24327E+17   -0.43371E+17   -0.27634E+17   -0.22185E+17                0.6981
     5    5    4    -37.     -5.   -0.26216E+17    0.24179E+17   -0.21095E+17   -0.37701E+17   -0.17987E+17   -0.40328E+16                0.6956
     5    5    5    -29.     -7.   -0.26352E+17    0.16472E+17   -0.19830E+17   -0.38498E+17   -0.19622E+17   -0.47707E+16                0.6975
     5    5    6    -23.     -8.   -0.26251E+17    0.85602E+16   -0.18398E+17   -0.39049E+17   -0.21150E+17   -0.55429E+16                0.6936
     6    3   -2    -41.    -27.   -0.14453E+17    0.22001E+17   -0.24310E+17   -0.43215E+17   -0.14103E+17   -0.25941E+17                0.6462
     6    3   -1    -46.    -28.   -0.15067E+17    0.19071E+17   -0.30056E+17   -0.44370E+17   -0.16481E+17   -0.28984E+17                0.6494
     6    3    0    -50.    -28.   -0.15551E+17    0.15989E+17   -0.35520E+17   -0.45220E+17   -0.18794E+17   -0.31891E+17                0.6456
     6    4   -2    -42.    -18.   -0.15063E+17    0.13704E+17   -0.26201E+17   -0.42744E+17   -0.10713E+17   -0.14765E+17                0.6503
     6    4   -1    -46.    -20.   -0.15661E+17    0.11706E+17   -0.30042E+17   -0.43744E+17   -0.13048E+17   -0.17211E+17                0.6546
     6    4    0    -48.    -21.   -0.16123E+17    0.95942E+16   -0.33611E+17   -0.44439E+17   -0.15333E+17   -0.19584E+17                0.6513
     6    4    1    -49.    -22.   -0.16445E+17    0.73885E+16   -0.36875E+17   -0.44820E+17   -0.17546E+17   -0.21856E+17                0.6403
     6    5   -2    -38.     -5.   -0.15392E+17    0.86040E+16   -0.23820E+17   -0.41344E+17   -0.71450E+16   -0.31797E+16                0.6464
     6    5   -1    -42.     -7.   -0.15979E+17    0.72689E+16   -0.26616E+17   -0.42010E+17   -0.93334E+16   -0.49267E+16                0.6498
     6    5    0    -45.     -9.   -0.16428E+17    0.58534E+16   -0.29169E+17   -0.42377E+17   -0.11493E+17   -0.66716E+16                0.6453
     7    3   -2    -55.    -28.   -0.15580E+17    0.11060E+17   -0.46227E+17   -0.42079E+17   -0.21076E+17   -0.34030E+17                0.6663
     7    3   -1    -53.    -29.   -0.16093E+17    0.81503E+16   -0.49699E+17   -0.43764E+17   -0.24050E+17   -0.38033E+17                0.6765
     7    3    0    -51.    -30.   -0.16466E+17    0.51812E+16   -0.52705E+17   -0.45155E+17   -0.26890E+17   -0.41816E+17                0.6790
     7    3    1    -48.    -31.   -0.16697E+17    0.21813E+16   -0.55217E+17   -0.46238E+17   -0.29568E+17   -0.45341E+17                0.6734
     7    4   -1    -54.    -21.   -0.17074E+17    0.89177E+16   -0.41133E+17   -0.39458E+17   -0.18672E+17   -0.20829E+17                0.6723
     7    4    0    -52.    -23.   -0.17444E+17    0.62710E+16   -0.43444E+17   -0.40624E+17   -0.21346E+17   -0.23777E+17                0.6758
     7    4    1    -50.    -24.   -0.17662E+17    0.35629E+16   -0.45356E+17   -0.41508E+17   -0.23888E+17   -0.26579E+17                0.6717
     7    5   -1    -53.    -10.   -0.17816E+17    0.90622E+16   -0.33292E+17   -0.36262E+17   -0.15261E+17   -0.74953E+16                0.6654
     7    5    0    -52.    -12.   -0.18170E+17    0.69122E+16   -0.35151E+17   -0.36971E+17   -0.17579E+17   -0.94805E+16                0.6677
     7    5    1    -50.    -14.   -0.18366E+17    0.46931E+16   -0.36686E+17   -0.37420E+17   -0.19787E+17   -0.11414E+17                0.6625
     8    3   -1    -53.    -27.   -0.19071E+17    0.10470E+17   -0.60332E+17   -0.39841E+17   -0.23075E+17   -0.35641E+17                0.7860
     8    3    0    -50.    -29.   -0.19566E+17    0.88148E+16   -0.57959E+17   -0.42345E+17   -0.27387E+17   -0.40496E+17                0.8021
     8    3    1    -47.    -31.   -0.19892E+17    0.70673E+16   -0.55059E+17   -0.44565E+17   -0.31525E+17   -0.45092E+17                0.8085
     8    3    2    -45.    -33.   -0.20044E+17    0.52439E+16   -0.51664E+17   -0.46477E+17   -0.35449E+17   -0.49384E+17                0.8051
     8    3    3    -43.    -34.   -0.20022E+17    0.33613E+16   -0.47811E+17   -0.48063E+17   -0.39120E+17   -0.53331E+17                0.7919
     8    4    1    -48.    -21.   -0.20938E+17    0.65109E+16   -0.46750E+17   -0.36903E+17   -0.22419E+17   -0.21680E+17                0.7926
     8    4    2    -44.    -23.   -0.21037E+17    0.43059E+16   -0.44589E+17   -0.38374E+17   -0.26009E+17   -0.24728E+17                0.7935
     8    4    3    -42.    -24.   -0.20953E+17    0.20420E+16   -0.42046E+17   -0.39578E+17   -0.29412E+17   -0.27606E+17                0.7851
     8    5    1    -47.    -10.   -0.21877E+17    0.74941E+16   -0.37352E+17   -0.32962E+17   -0.18708E+17   -0.73863E+16                0.7874
     8    5    2    -43.    -11.   -0.21927E+17    0.55903E+16   -0.35916E+17   -0.33764E+17   -0.21709E+17   -0.91349E+16                0.7884
     9    3    1    -53.    -31.   -0.20221E+17    0.18447E+17   -0.52827E+17   -0.47256E+17   -0.31142E+17   -0.46548E+17                0.6714
     9    3    2    -50.    -32.   -0.20659E+17    0.14690E+17   -0.55116E+17   -0.48784E+17   -0.34706E+17   -0.51024E+17                0.6714
     9    4    0    -57.    -22.   -0.20790E+17    0.18761E+17   -0.45183E+17   -0.41952E+17   -0.22571E+17   -0.24992E+17                0.6732
     9    4    1    -54.    -24.   -0.21400E+17    0.15769E+17   -0.46923E+17   -0.43378E+17   -0.25974E+17   -0.28431E+17                0.6812
     9    4    2    -51.    -25.   -0.21827E+17    0.12621E+17   -0.48238E+17   -0.44510E+17   -0.29217E+17   -0.31700E+17                0.6820
     9    4    3    -48.    -26.   -0.22065E+17    0.93452E+16   -0.49119E+17   -0.45335E+17   -0.32267E+17   -0.34767E+17                0.6755
     9    5    0    -56.    -12.   -0.21637E+17    0.16800E+17   -0.38220E+17   -0.38742E+17   -0.18893E+17   -0.10765E+17                0.6729
     9    5    1    -54.    -14.   -0.22241E+17    0.14431E+17   -0.39446E+17   -0.39592E+17   -0.21831E+17   -0.12938E+17                0.6806
     9    5    2    -51.    -15.   -0.22654E+17    0.11918E+17   -0.40313E+17   -0.40169E+17   -0.24631E+17   -0.15040E+17                0.6808
     9    5    3    -48.    -17.   -0.22870E+17    0.92840E+16   -0.40814E+17   -0.40467E+17   -0.27266E+17   -0.17048E+17                0.6735
    10    6    2     17.      9.   -0.24031E+17   -0.75880E+16   -0.19764E+17   -0.19476E+17   -0.15661E+17    0.44082E+16                0.7111
    10    6    3     19.      7.   -0.24085E+17   -0.94187E+16   -0.19686E+17   -0.19219E+17   -0.16521E+17    0.36860E+16                0.7123
    10    7    2     29.     21.   -0.25737E+17   -0.64893E+16   -0.16972E+17   -0.17223E+17   -0.13323E+17    0.11865E+17                0.7175
    10    7    3     31.     20.   -0.25841E+17   -0.80511E+16   -0.16947E+17   -0.16942E+17   -0.14174E+17    0.11241E+17                0.7210
    10    7    4     32.     19.   -0.25730E+17   -0.95335E+16   -0.16764E+17   -0.16557E+17   -0.14926E+17    0.10529E+17                0.7154
    10    8    2     35.     29.   -0.27035E+17   -0.54728E+16   -0.15079E+17   -0.15604E+17   -0.11675E+17    0.17642E+17                0.7169
    10    8    3     37.     28.   -0.27186E+17   -0.68561E+16   -0.15086E+17   -0.15272E+17   -0.12494E+17    0.17108E+17                0.7221
    10    8    4     39.     27.   -0.27113E+17   -0.81708E+16   -0.14952E+17   -0.14847E+17   -0.13226E+17    0.16447E+17                0.7180
    10    9    3     41.     33.   -0.28175E+17   -0.60890E+16   -0.13790E+17   -0.14098E+17   -0.11267E+17    0.21870E+17                0.7168
    10    9    4     42.     32.   -0.28145E+17   -0.72886E+16   -0.13687E+17   -0.13670E+17   -0.12013E+17    0.21248E+17                0.7147
    11    4   -5     20.     -8.   -0.95042E+16    0.89857E+16   -0.11565E+17   -0.43783E+17    0.88761E+16   -0.35193E+16                0.8505
    11    4   -4    -15.    -12.   -0.11344E+17    0.28273E+16   -0.23844E+17   -0.46987E+17    0.55062E+16   -0.76456E+16                0.8563
    11    4   -3    -33.    -15.   -0.13102E+17   -0.33368E+16   -0.35916E+17   -0.49869E+17    0.20075E+16   -0.11783E+17                0.8577
    11    4   -2    -40.    -16.   -0.14762E+17   -0.94472E+16   -0.47669E+17   -0.52395E+17   -0.15841E+16   -0.15887E+17                0.8544
    11    5   -5     22.      9.   -0.11160E+17    0.38315E+16   -0.13311E+17   -0.45036E+17    0.98998E+16    0.48899E+16                0.8549
    11    5   -4     -9.      4.   -0.13167E+17   -0.14047E+16   -0.24016E+17   -0.47919E+17    0.65240E+16    0.19755E+16                0.8605
    11    5   -3    -28.     -1.   -0.15079E+17   -0.66271E+16   -0.34512E+17   -0.50464E+17    0.30187E+16   -0.98932E+15                0.8609
    11    5   -2    -36.     -5.   -0.16879E+17   -0.11788E+17   -0.44706E+17   -0.52643E+17   -0.58079E+15   -0.39739E+16                0.8559
    11    6   -5     24.     25.   -0.11984E+17    0.77563E+15   -0.13758E+17   -0.43563E+17    0.13084E+17    0.15082E+17                0.8468
    11    6   -4      2.     21.   -0.14073E+17   -0.33614E+16   -0.22798E+17   -0.45778E+17    0.10015E+17    0.13558E+17                0.8485
    12    3   -2    -50.    -28.   -0.14904E+17    0.98735E+16   -0.38979E+17   -0.47565E+17   -0.18891E+17   -0.32970E+17                0.6961
    12    4   -3    -47.    -19.   -0.15629E+17    0.11188E+17   -0.31112E+17   -0.44914E+17   -0.13881E+17   -0.17550E+17                0.7064
    12    4   -2    -50.    -21.   -0.16535E+17    0.86252E+16   -0.37127E+17   -0.46391E+17   -0.16622E+17   -0.20966E+17                0.7114
    12    4   -1    -51.    -22.   -0.17304E+17    0.60093E+16   -0.42787E+17   -0.47549E+17   -0.19297E+17   -0.24290E+17                0.7101
    12    4    0    -51.    -23.   -0.17928E+17    0.33652E+16   -0.48038E+17   -0.48371E+17   -0.21879E+17   -0.27484E+17                0.7023
    12    5   -3    -45.     -7.   -0.16617E+17    0.87353E+16   -0.27669E+17   -0.43016E+17   -0.11294E+17   -0.49390E+16                0.7060
    12    5   -2    -48.     -9.   -0.17554E+17    0.68515E+16   -0.32387E+17   -0.44182E+17   -0.13878E+17   -0.75050E+16                0.7102
    12    5   -1    -50.    -12.   -0.18345E+17    0.49189E+16   -0.36796E+17   -0.45035E+17   -0.16407E+17   -0.10055E+17                0.7077
    12    5    0    -50.    -13.   -0.18982E+17    0.29556E+16   -0.40854E+17   -0.45566E+17   -0.18856E+17   -0.12561E+17                0.6985
    12    6   -2    -35.     13.   -0.18339E+17    0.60727E+16   -0.27093E+17   -0.39724E+17   -0.93633E+16    0.74145E+16                0.6966
    13    4   -5     17.     -6.   -0.11914E+17    0.91172E+16   -0.10532E+17   -0.46725E+17    0.61056E+16   -0.30063E+16                0.8717
    13    4   -4    -12.    -11.   -0.13419E+17    0.32742E+16   -0.22556E+17   -0.49571E+17    0.31422E+16   -0.72049E+16                0.8740
    13    4   -3    -29.    -14.   -0.14822E+17   -0.25785E+16   -0.34379E+17   -0.52073E+17    0.69149E+14   -0.11424E+17                0.8711
    13    5   -6     40.     16.   -0.12090E+17    0.81316E+16   -0.27057E+16   -0.45537E+17    0.99042E+16    0.91630E+16                0.8724
    13    5   -5     18.     11.   -0.13788E+17    0.33374E+16   -0.12991E+17   -0.48370E+17    0.70942E+16    0.61329E+16                0.8804
    13    5   -4     -6.      5.   -0.15385E+17   -0.14871E+16   -0.23164E+17   -0.50869E+17    0.41467E+16    0.30077E+16                0.8823
    13    5   -3    -24.      0.   -0.16867E+17   -0.62976E+16   -0.33132E+17   -0.53006E+17    0.10906E+16   -0.18075E+15                0.8781
    13    6   -6     41.     29.   -0.13063E+17    0.39590E+16   -0.53440E+16   -0.44706E+17    0.13043E+17    0.19219E+17                0.8703
    13    6   -5     23.     26.   -0.14804E+17    0.25729E+15   -0.13849E+17   -0.46877E+17    0.10534E+17    0.17478E+17                0.8749
    13    6   -4      5.     22.   -0.16435E+17   -0.34373E+16   -0.22220E+17   -0.48709E+17    0.78703E+16    0.15587E+17                0.8726
    14    5    1    -28.    -10.   -0.21625E+17   -0.24199E+15   -0.31241E+17   -0.26054E+17   -0.19617E+17   -0.63103E+16                0.8372
    14    5    2    -26.    -11.   -0.21621E+17   -0.17142E+16   -0.29714E+17   -0.26794E+17   -0.21319E+17   -0.76841E+16                0.8394
    14    6    1    -10.     12.   -0.22842E+17    0.18567E+15   -0.24781E+17   -0.21284E+17   -0.15161E+17    0.62533E+16                0.8396
    14    6    2     -9.     11.   -0.22823E+17   -0.10083E+16   -0.23771E+17   -0.21807E+17   -0.16668E+17    0.54122E+16                0.8434
    14    7    1      6.     27.   -0.23951E+17    0.35347E+15   -0.20691E+17   -0.17979E+17   -0.11967E+17    0.15484E+17                0.8384
    14    7    2      7.     26.   -0.23919E+17   -0.66275E+15   -0.19979E+17   -0.18395E+17   -0.13387E+17    0.14999E+17                0.8436
    14    7    3      8.     25.   -0.23679E+17   -0.16845E+16   -0.19082E+17   -0.18700E+17   -0.14716E+17    0.14399E+17                0.8365
    14    8    1     14.     36.   -0.24780E+17    0.78275E+15   -0.17825E+17   -0.15787E+17   -0.10142E+17    0.22347E+17                0.8389
    14    8    2     16.     35.   -0.24740E+17   -0.12048E+15   -0.17277E+17   -0.16016E+17   -0.11395E+17    0.22168E+17                0.8437
    14    9    2     21.     42.   -0.25446E+17   -0.19437E+15   -0.15463E+17   -0.14183E+17   -0.97862E+16    0.27933E+17                0.8402
    15    3    0    -55.    -28.   -0.20667E+17    0.13426E+17   -0.67908E+17   -0.44646E+17   -0.20345E+17   -0.40576E+17                0.8218
    15    3    1    -51.    -30.   -0.21153E+17    0.11464E+17   -0.65824E+17   -0.47239E+17   -0.25993E+17   -0.46251E+17                0.8257
    15    3    2    -48.    -32.   -0.21457E+17    0.93960E+16   -0.63151E+17   -0.49506E+17   -0.31482E+17   -0.51620E+17                0.8204
    15    4    0    -61.    -19.   -0.22130E+17    0.14428E+17   -0.63633E+17   -0.39169E+17   -0.12442E+17   -0.21649E+17                0.8220
    15    4    1    -56.    -21.   -0.22561E+17    0.12019E+17   -0.62604E+17   -0.41034E+17   -0.17471E+17   -0.25401E+17                0.8279
    15    4    2    -52.    -23.   -0.22795E+17    0.94806E+16   -0.61036E+17   -0.42612E+17   -0.22393E+17   -0.28981E+17                0.8248
    15    4    3    -48.    -24.   -0.22831E+17    0.68365E+16   -0.58945E+17   -0.43888E+17   -0.27163E+17   -0.32359E+17                0.8128
    15    5    0    -65.     -9.   -0.23224E+17    0.14901E+17   -0.53872E+17   -0.35890E+17   -0.10096E+17   -0.85138E+16                0.8162
    15    5    1    -59.    -11.   -0.23605E+17    0.12841E+17   -0.53269E+17   -0.36928E+17   -0.14472E+17   -0.10551E+17                0.8220
    15    5    2    -55.    -13.   -0.23781E+17    0.10647E+17   -0.52204E+17   -0.37703E+17   -0.18757E+17   -0.12513E+17                0.8187
    16    3    1    -43.    -32.   -0.18496E+17    0.28922E+16   -0.44804E+17   -0.41453E+17   -0.32856E+17   -0.42073E+17                0.7787
    16    3    2    -41.    -33.   -0.18706E+17    0.75151E+15   -0.41781E+17   -0.42836E+17   -0.35826E+17   -0.45184E+17                0.7852
    16    3    3    -40.    -34.   -0.18752E+17   -0.14295E+16   -0.38374E+17   -0.43927E+17   -0.38542E+17   -0.47993E+17                0.7815
    16    4    2    -37.    -22.   -0.19667E+17   -0.77815E+15   -0.33764E+17   -0.33914E+17   -0.26151E+17   -0.20292E+17                0.7757
    16    4    3    -36.    -23.   -0.19698E+17   -0.26814E+16   -0.31470E+17   -0.34877E+17   -0.28796E+17   -0.22494E+17                0.7770
    16    4    4    -35.    -25.   -0.19557E+17   -0.45890E+16   -0.28902E+17   -0.35605E+17   -0.31231E+17   -0.24553E+17                0.7684
    16    5    2    -33.     -9.   -0.20525E+17    0.50407E+15   -0.26847E+17   -0.29176E+17   -0.21550E+17   -0.56717E+16                0.7753
    16    5    3    -31.    -10.   -0.20534E+17   -0.98191E+15   -0.25250E+17   -0.29662E+17   -0.23737E+17   -0.69328E+16                0.7765
    16    6    2    -17.     14.   -0.21224E+17    0.80841E+15   -0.21701E+17   -0.24348E+17   -0.17015E+17    0.73909E+16                0.7699
    16    6    3    -17.     13.   -0.21203E+17   -0.35000E+15   -0.20587E+17   -0.24573E+17   -0.18977E+17    0.67051E+16                0.7709
    17    3   -4    -50.    -29.   -0.13219E+17    0.91527E+16   -0.31938E+17   -0.40165E+17   -0.19521E+17   -0.29210E+17                0.6600
    17    3   -3    -50.    -29.   -0.13578E+17    0.64993E+16   -0.35937E+17   -0.41141E+17   -0.21026E+17   -0.31250E+17                0.6717
    17    3   -2    -50.    -29.   -0.13814E+17    0.38147E+16   -0.39583E+17   -0.41826E+17   -0.22409E+17   -0.33104E+17                0.6751
    17    3   -1    -49.    -29.   -0.13926E+17    0.11269E+16   -0.42841E+17   -0.42209E+17   -0.23654E+17   -0.34751E+17                0.6698
    17    3    0    -48.    -30.   -0.13913E+17   -0.15363E+16   -0.45683E+17   -0.42286E+17   -0.24747E+17   -0.36171E+17                0.6560
    17    4   -4    -48.    -19.   -0.13854E+17    0.84078E+16   -0.25469E+17   -0.36716E+17   -0.15380E+17   -0.14977E+17                0.6527
    17    4   -3    -49.    -20.   -0.14194E+17    0.59874E+16   -0.28410E+17   -0.37595E+17   -0.16779E+17   -0.16502E+17                0.6634
    17    4   -2    -49.    -21.   -0.14407E+17    0.35227E+16   -0.31075E+17   -0.38203E+17   -0.18080E+17   -0.17934E+17                0.6660
    17    4   -1    -48.    -21.   -0.14490E+17    0.10379E+16   -0.33439E+17   -0.38533E+17   -0.19268E+17   -0.19258E+17                0.6603
    17    5   -2    -46.     -9.   -0.14927E+17    0.31311E+16   -0.24953E+17   -0.35273E+17   -0.14788E+17   -0.56976E+16                0.6536
    18    3    3    -43.    -34.   -0.23134E+17    0.14512E+17   -0.44566E+17   -0.47078E+17   -0.39922E+17   -0.54548E+17                0.7809
    18    4    3    -40.    -24.   -0.24041E+17    0.97193E+16   -0.37064E+17   -0.37321E+17   -0.28857E+17   -0.26418E+17                0.7807
    18    4    4    -35.    -26.   -0.24055E+17    0.58951E+16   -0.32961E+17   -0.38245E+17   -0.31596E+17   -0.28862E+17                0.7801
    18    5    3    -36.    -12.   -0.24890E+17    0.93502E+16   -0.30227E+17   -0.31785E+17   -0.22913E+17   -0.95198E+16                0.7845
    18    5    4    -30.    -14.   -0.24875E+17    0.61975E+16   -0.27012E+17   -0.32129E+17   -0.25149E+17   -0.10870E+17                0.7835
    18    6    3    -21.     10.   -0.25660E+17    0.79305E+16   -0.24457E+17   -0.26071E+17   -0.17113E+17    0.54969E+16                0.7820
    18    6    4    -15.      9.   -0.25617E+17    0.54317E+16   -0.21985E+17   -0.26140E+17   -0.19155E+17    0.47559E+16                0.7810
    18    7    3     -5.     27.   -0.26483E+17    0.71346E+16   -0.21007E+17   -0.22079E+17   -0.12747E+17    0.16346E+17                0.7780
    18    7    4      0.     26.   -0.26415E+17    0.50551E+16   -0.19032E+17   -0.22003E+17   -0.14706E+17    0.16016E+17                0.7771
    18    8    3      4.     36.   -0.27207E+17    0.68856E+16   -0.18344E+17   -0.19403E+17   -0.10501E+17    0.23988E+17                0.7768
    19    3   -5      7.    -16.   -0.11477E+17    0.14150E+17   -0.70266E+16   -0.44014E+17    0.16314E+16   -0.91020E+16                0.8032
    19    3   -4    -11.    -19.   -0.12014E+17    0.86499E+16   -0.16106E+17   -0.45891E+17   -0.47269E+15   -0.12588E+17                0.8025
    19    4   -6     39.      7.   -0.11318E+17    0.14825E+17   -0.28562E+16   -0.41018E+17    0.83977E+16    0.33614E+16                0.8029
    19    4   -5     23.      1.   -0.11846E+17    0.10819E+17   -0.87619E+16   -0.43098E+17    0.64695E+16    0.57845E+15                0.8111
    19    4   -4      4.     -5.   -0.12266E+17    0.67025E+16   -0.14598E+17   -0.44871E+17    0.44420E+16   -0.22706E+16                0.8108
    19    4   -3    -11.     -9.   -0.12571E+17    0.25155E+16   -0.20309E+17   -0.46314E+17    0.23365E+16   -0.51552E+16                0.8021
    19    5   -6     44.     17.   -0.11629E+17    0.10633E+17   -0.32541E+16   -0.41975E+17    0.11018E+17    0.96284E+16                0.8066
    19    5   -5     33.     14.   -0.12072E+17    0.76044E+16   -0.75082E+16   -0.43592E+17    0.94302E+16    0.78226E+16                0.8138
    19    5   -4     21.     11.   -0.12402E+17    0.44869E+16   -0.11698E+17   -0.44888E+17    0.77319E+16    0.59205E+16                0.8116
    19    6   -5     41.     26.   -0.12135E+17    0.60083E+16   -0.62411E+16   -0.42249E+17    0.13170E+17    0.15649E+17                0.8040
    20    3   -2    -59.    -25.   -0.16207E+17    0.11031E+17   -0.53225E+17   -0.43316E+17   -0.13764E+17   -0.29392E+17                0.7587
    20    3   -1    -57.    -26.   -0.16941E+17    0.91162E+16   -0.58046E+17   -0.44909E+17   -0.17135E+17   -0.33883E+17                0.7646
    20    3    0    -54.    -28.   -0.17533E+17    0.71517E+16   -0.62311E+17   -0.46204E+17   -0.20443E+17   -0.38198E+17                0.7620
    20    4   -2    -61.    -17.   -0.17543E+17    0.12171E+17   -0.46980E+17   -0.41182E+17   -0.10246E+17   -0.16846E+17                0.7642
    20    4   -1    -59.    -19.   -0.18333E+17    0.10387E+17   -0.51255E+17   -0.42720E+17   -0.13722E+17   -0.20776E+17                0.7716
    20    4    0    -57.    -21.   -0.18965E+17    0.85089E+16   -0.55058E+17   -0.43964E+17   -0.17142E+17   -0.24591E+17                0.7708
    20    4    1    -54.    -23.   -0.19434E+17    0.65525E+16   -0.58356E+17   -0.44900E+17   -0.20473E+17   -0.28252E+17                0.7617
    20    5   -2    -59.     -7.   -0.18500E+17    0.12051E+17   -0.38569E+17   -0.39278E+17   -0.84787E+16   -0.53893E+16                0.7593
    20    5   -1    -58.    -10.   -0.19305E+17    0.10673E+17   -0.42241E+17   -0.40296E+17   -0.11663E+17   -0.81940E+16                0.7647
    20    5    0    -57.    -12.   -0.19943E+17    0.91923E+16   -0.45519E+17   -0.41029E+17   -0.14797E+17   -0.10956E+17                0.7620
    21    3   -1    -57.    -27.   -0.18314E+17    0.11087E+17   -0.61426E+17   -0.43654E+17   -0.19136E+17   -0.35453E+17                0.7778
    21    3    0    -53.    -28.   -0.18890E+17    0.90028E+16   -0.62682E+17   -0.45674E+17   -0.23197E+17   -0.40248E+17                0.7840
    21    3    1    -50.    -30.   -0.19301E+17    0.68443E+16   -0.63353E+17   -0.47387E+17   -0.27134E+17   -0.44802E+17                0.7803
    21    4   -1    -62.    -18.   -0.19469E+17    0.12858E+17   -0.52948E+17   -0.39575E+17   -0.13415E+17   -0.18905E+17                0.7766
    21    4    0    -57.    -20.   -0.20042E+17    0.10714E+17   -0.54288E+17   -0.41166E+17   -0.17163E+17   -0.22400E+17                0.7837
    21    4    1    -54.    -22.   -0.20439E+17    0.84585E+16   -0.55135E+17   -0.42473E+17   -0.20816E+17   -0.25757E+17                0.7814
    21    4    2    -51.    -23.   -0.20657E+17    0.61112E+16   -0.55482E+17   -0.43481E+17   -0.24339E+17   -0.28944E+17                0.7699
    21    5   -1    -62.     -8.   -0.20358E+17    0.13358E+17   -0.43062E+17   -0.36973E+17   -0.10990E+17   -0.65226E+16                0.7706
    21    5    0    -59.    -10.   -0.20917E+17    0.11607E+17   -0.44264E+17   -0.37917E+17   -0.14256E+17   -0.86554E+16                0.7765
    21    5    1    -55.    -12.   -0.21291E+17    0.97359E+16   -0.45058E+17   -0.38594E+17   -0.17443E+17   -0.10736E+17                0.7731
    22    3   -3    -51.    -24.   -0.14650E+17    0.12476E+17   -0.37846E+17   -0.44334E+17   -0.11231E+17   -0.23697E+17                0.7502
    22    3   -2    -53.    -25.   -0.15361E+17    0.89565E+16   -0.43776E+17   -0.45721E+17   -0.13964E+17   -0.27130E+17                0.7570
    22    3   -1    -53.    -26.   -0.15937E+17    0.53819E+16   -0.49270E+17   -0.46794E+17   -0.16655E+17   -0.30440E+17                0.7552
    22    4   -3    -49.    -15.   -0.15352E+17    0.12018E+17   -0.33092E+17   -0.42438E+17   -0.74446E+16   -0.11740E+17                0.7594
    22    4   -2    -51.    -16.   -0.16039E+17    0.94672E+16   -0.36796E+17   -0.43637E+17   -0.10065E+17   -0.14331E+17                0.7650
    22    4   -1    -51.    -18.   -0.16582E+17    0.68272E+16   -0.40143E+17   -0.44531E+17   -0.12657E+17   -0.16863E+17                0.7613
    22    4    0    -51.    -19.   -0.16976E+17    0.41226E+16   -0.43102E+17   -0.45106E+17   -0.15195E+17   -0.19310E+17                0.7483
    22    5   -3    -43.     -2.   -0.15777E+17    0.10575E+17   -0.27195E+17   -0.41026E+17   -0.47956E+16   -0.12168E+16                0.7579
    22    5   -2    -46.     -4.   -0.16452E+17    0.87146E+16   -0.29809E+17   -0.41809E+17   -0.71420E+16   -0.28398E+16                0.7614
    22    5   -1    -48.     -6.   -0.16979E+17    0.67652E+16   -0.32128E+17   -0.42292E+17   -0.94731E+16   -0.44683E+16                0.7552
    23    3    1    -56.    -29.   -0.19398E+17    0.23952E+17   -0.43418E+17   -0.41116E+17   -0.28757E+17   -0.38325E+17                0.6079
    23    3    2    -53.    -30.   -0.19765E+17    0.20076E+17   -0.44793E+17   -0.42250E+17   -0.31148E+17   -0.41314E+17                0.6090
    23    3    3    -50.    -31.   -0.19961E+17    0.16017E+17   -0.45753E+17   -0.43104E+17   -0.33345E+17   -0.44059E+17                0.6028
    23    4    1    -52.    -22.   -0.20352E+17    0.17398E+17   -0.36074E+17   -0.38214E+17   -0.24795E+17   -0.22883E+17                0.6089
    23    4    2    -49.    -23.   -0.20732E+17    0.14078E+17   -0.36763E+17   -0.38982E+17   -0.26828E+17   -0.24854E+17                0.6115
    23    4    3    -46.    -24.   -0.20933E+17    0.10623E+17   -0.37114E+17   -0.39485E+17   -0.28686E+17   -0.26679E+17                0.6069
    23    5    1    -48.    -12.   -0.21186E+17    0.13532E+17   -0.30137E+17   -0.35208E+17   -0.21152E+17   -0.96408E+16                0.6054
    23    5    2    -45.    -13.   -0.21585E+17    0.10782E+17   -0.30561E+17   -0.35664E+17   -0.22913E+17   -0.10894E+17                0.6094
    23    5    3    -43.    -14.   -0.21799E+17    0.79299E+16   -0.30706E+17   -0.35873E+17   -0.24524E+17   -0.12092E+17                0.6061
    23    6    2    -36.      6.   -0.22411E+17    0.90731E+16   -0.25019E+17   -0.31013E+17   -0.18147E+17    0.31804E+16                0.6031
    24    3    0    -47.    -31.   -0.16110E+17    0.36337E+16   -0.45846E+17   -0.40230E+17   -0.30161E+17   -0.40661E+17                0.7699
    24    3    1    -46.    -32.   -0.16134E+17    0.28460E+16   -0.44923E+17   -0.41784E+17   -0.32900E+17   -0.43884E+17                0.7756
    24    3    2    -45.    -33.   -0.16016E+17    0.19640E+16   -0.43550E+17   -0.43063E+17   -0.35423E+17   -0.46835E+17                0.7697
    24    4    1    -43.    -21.   -0.16933E+17    0.63357E+15   -0.35755E+17   -0.31728E+17   -0.22763E+17   -0.18078E+17                0.7653
    24    4    2    -43.    -22.   -0.16792E+17   -0.15439E+15   -0.35220E+17   -0.32956E+17   -0.25339E+17   -0.20512E+17                0.7638
    24    5    1    -41.     -7.   -0.17609E+17    0.11225E+16   -0.28728E+17   -0.26849E+17   -0.18563E+17   -0.39840E+16                0.7659
    24    5    2    -41.     -9.   -0.17451E+17    0.55540E+15   -0.28602E+17   -0.27663E+17   -0.20799E+17   -0.55297E+16                0.7650
    24    6    1    -23.     17.   -0.18206E+17    0.77777E+15   -0.22889E+17   -0.22161E+17   -0.14672E+17    0.84146E+16                0.7636
    24    6    2    -26.     16.   -0.18028E+17    0.35560E+15   -0.22976E+17   -0.22711E+17   -0.16714E+17    0.75160E+16                0.7633
    24    7    2    -11.     31.   -0.18605E+17    0.22230E+15   -0.19466E+17   -0.19256E+17   -0.13878E+17    0.17168E+17                0.7604
    25    3   -3    -57.    -25.   -0.14258E+17    0.12452E+17   -0.34364E+17   -0.28263E+17   -0.13711E+17   -0.20470E+17                0.5552
    25    3   -2    -52.    -26.   -0.14498E+17    0.88551E+16   -0.35235E+17   -0.29339E+17   -0.15296E+17   -0.22560E+17                0.5693
    25    3   -1    -47.    -28.   -0.14607E+17    0.51139E+16   -0.35748E+17   -0.30229E+17   -0.16799E+17   -0.24542E+17                0.5754
    25    3    0    -43.    -29.   -0.14583E+17    0.12662E+16   -0.35898E+17   -0.30927E+17   -0.18206E+17   -0.26395E+17                0.5734
    25    3    1    -40.    -30.   -0.14424E+17   -0.26480E+16   -0.35685E+17   -0.31427E+17   -0.19503E+17   -0.28103E+17                0.5635
    25    4   -2    -40.    -15.   -0.15045E+17    0.56506E+16   -0.22740E+17   -0.23857E+17   -0.91698E+16   -0.78506E+16                0.5553
    25    4   -1    -35.    -17.   -0.15154E+17    0.26643E+16   -0.23030E+17   -0.24620E+17   -0.10583E+17   -0.93465E+16                0.5630
    25    4    0    -31.    -19.   -0.15125E+17   -0.39148E+15   -0.23086E+17   -0.25228E+17   -0.11941E+17   -0.10814E+17                0.5627
    25    5   -1    -20.     -2.   -0.15641E+17    0.16316E+16   -0.16819E+17   -0.21742E+17   -0.73650E+16   -0.80235E+15                0.5562
    25    5    0    -17.     -5.   -0.15605E+17   -0.85130E+15   -0.16837E+17   -0.22129E+17   -0.85528E+16   -0.17888E+16                0.5564
    26    3   -1    -60.    -25.   -0.18993E+17    0.13510E+17   -0.64357E+17   -0.42276E+17   -0.14021E+17   -0.32771E+17                0.7896
    26    3    0    -55.    -27.   -0.19720E+17    0.11649E+17   -0.64053E+17   -0.44867E+17   -0.19209E+17   -0.38226E+17                0.8006
    26    3    1    -52.    -29.   -0.20276E+17    0.96868E+16   -0.63177E+17   -0.47150E+17   -0.24297E+17   -0.43440E+17                0.8026
    26    3    2    -49.    -31.   -0.20658E+17    0.76418E+16   -0.61740E+17   -0.49100E+17   -0.29233E+17   -0.48362E+17                0.7953
    26    4   -1    -66.    -17.   -0.20307E+17    0.14479E+17   -0.57924E+17   -0.38625E+17   -0.78399E+16   -0.17464E+17                0.7868
    26    4    0    -60.    -19.   -0.20999E+17    0.12327E+17   -0.58367E+17   -0.40553E+17   -0.12441E+17   -0.21129E+17                0.7990
    26    4    1    -55.    -21.   -0.21508E+17    0.10047E+17   -0.58307E+17   -0.42196E+17   -0.16979E+17   -0.24658E+17                0.8025
    26    4    2    -51.    -23.   -0.21829E+17    0.76574E+16   -0.57749E+17   -0.43538E+17   -0.21409E+17   -0.28017E+17                0.7972
    26    5    0    -61.     -9.   -0.21984E+17    0.12910E+17   -0.48088E+17   -0.37582E+17   -0.10033E+17   -0.81845E+16                0.7897
    26    5    1    -57.    -11.   -0.22449E+17    0.10985E+17   -0.48285E+17   -0.38460E+17   -0.13990E+17   -0.10165E+17                0.7924
    27    3   -4    -49.    -26.   -0.17021E+17    0.61286E+16   -0.47517E+17   -0.35009E+17   -0.24160E+17   -0.28355E+17                0.7003
    27    3   -3    -52.    -26.   -0.17016E+17    0.87306E+16   -0.47061E+17   -0.36068E+17   -0.24438E+17   -0.29488E+17                0.7147
    27    3   -2    -54.    -27.   -0.16865E+17    0.11281E+17   -0.46155E+17   -0.36878E+17   -0.24558E+17   -0.30442E+17                0.7192
    27    3   -1    -56.    -27.   -0.16568E+17    0.13756E+17   -0.44808E+17   -0.37430E+17   -0.24519E+17   -0.31206E+17                0.7139
    27    3    0    -57.    -28.   -0.16129E+17    0.16130E+17   -0.43035E+17   -0.37716E+17   -0.24320E+17   -0.31769E+17                0.6990
    27    4   -3    -47.    -19.   -0.17760E+17    0.52649E+16   -0.34348E+17   -0.32621E+17   -0.20532E+17   -0.15737E+17                0.6972
    27    4   -2    -48.    -19.   -0.17593E+17    0.68366E+16   -0.33905E+17   -0.33456E+17   -0.20649E+17   -0.16577E+17                0.7033
    27    4   -1    -50.    -20.   -0.17274E+17    0.83654E+16   -0.33139E+17   -0.34051E+17   -0.20627E+17   -0.17313E+17                0.6992
    27    5   -2    -43.     -9.   -0.18351E+17    0.48270E+16   -0.26883E+17   -0.30793E+17   -0.17670E+17   -0.60371E+16                0.6907
    27    5   -1    -44.    -10.   -0.18015E+17    0.58429E+16   -0.26422E+17   -0.31354E+17   -0.17610E+17   -0.66662E+16                0.6873
    28    3   -2    -32.    -28.   -0.13701E+17   -0.19627E+16   -0.22314E+17   -0.31438E+17   -0.13369E+17   -0.19928E+17                0.7093
    28    3   -1    -28.    -27.   -0.13642E+17   -0.70134E+16   -0.22444E+17   -0.31392E+17   -0.13040E+17   -0.19076E+17                0.7158
    28    3    0    -24.    -26.   -0.13454E+17   -0.12081E+17   -0.22313E+17   -0.31133E+17   -0.12640E+17   -0.18131E+17                0.7129
    28    4   -2    -17.    -13.   -0.13936E+17   -0.43534E+16   -0.16254E+17   -0.27075E+17   -0.76570E+16   -0.59755E+16                0.7091
    28    4   -1    -12.    -11.   -0.13855E+17   -0.75753E+16   -0.15876E+17   -0.27088E+17   -0.73221E+16   -0.51821E+16                0.7153
    28    4    0     -8.    -10.   -0.13642E+17   -0.10794E+17   -0.15311E+17   -0.26919E+17   -0.69580E+16   -0.43899E+16                0.7108
    28    5   -2      4.      8.   -0.14164E+17   -0.55853E+16   -0.12682E+17   -0.24568E+17   -0.39666E+16    0.28904E+16                0.7054
    28    5   -1      9.     10.   -0.14063E+17   -0.77484E+16   -0.12215E+17   -0.24623E+17   -0.35982E+16    0.36770E+16                0.7110
    28    5    0     12.     11.   -0.13827E+17   -0.98966E+16   -0.11602E+17   -0.24513E+17   -0.32268E+16    0.44029E+16                0.7053
    28    6   -1     23.     25.   -0.14296E+17   -0.71341E+16   -0.95312E+16   -0.22743E+17   -0.72774E+15    0.10686E+17                0.7050
    29    3   -4    -52.    -29.   -0.12044E+17    0.66462E+16   -0.34331E+17   -0.40496E+17   -0.20850E+17   -0.31170E+17                0.6667
    29    3   -3    -52.    -30.   -0.12430E+17    0.43994E+16   -0.39291E+17   -0.41456E+17   -0.22513E+17   -0.33650E+17                0.6769
    29    3   -2    -52.    -30.   -0.12708E+17    0.21515E+16   -0.43859E+17   -0.42135E+17   -0.24055E+17   -0.35945E+17                0.6796
    29    3   -1    -51.    -30.   -0.12876E+17   -0.74260E+14   -0.47994E+17   -0.42524E+17   -0.25458E+17   -0.38027E+17                0.6746
    29    4   -3    -53.    -21.   -0.13378E+17    0.52221E+16   -0.32275E+17   -0.37525E+17   -0.18163E+17   -0.18000E+17                0.6727
    29    4   -2    -53.    -22.   -0.13667E+17    0.31397E+16   -0.35883E+17   -0.38260E+17   -0.19787E+17   -0.20078E+17                0.6763
    29    4   -1    -52.    -22.   -0.13837E+17    0.10455E+16   -0.39147E+17   -0.38727E+17   -0.21294E+17   -0.22041E+17                0.6727
    29    5   -3    -53.     -8.   -0.14121E+17    0.49782E+16   -0.26435E+17   -0.34558E+17   -0.15090E+17   -0.53685E+16                0.6646
    29    5   -2    -53.    -10.   -0.14416E+17    0.32241E+16   -0.29411E+17   -0.35098E+17   -0.16589E+17   -0.69637E+16                0.6672
    29    5   -1    -53.    -11.   -0.14586E+17    0.14509E+16   -0.32103E+17   -0.35391E+17   -0.17990E+17   -0.85293E+16                0.6626
    30    3   -5    -46.    -29.   -0.16614E+17    0.94429E+15   -0.49372E+17   -0.39468E+17   -0.24692E+17   -0.34913E+17                0.8139
    30    3   -4    -49.    -28.   -0.16452E+17    0.33261E+16   -0.53964E+17   -0.40330E+17   -0.25648E+17   -0.36473E+17                0.8323
    30    3   -3    -52.    -28.   -0.16141E+17    0.56893E+16   -0.57989E+17   -0.40941E+17   -0.26473E+17   -0.37859E+17                0.8397
    30    3   -2    -54.    -28.   -0.15686E+17    0.80122E+16   -0.61405E+17   -0.41292E+17   -0.27159E+17   -0.39053E+17                0.8357
    30    3   -1    -55.    -28.   -0.15092E+17    0.10273E+17   -0.64177E+17   -0.41379E+17   -0.27695E+17   -0.40040E+17                0.8204
    30    4   -4    -46.    -21.   -0.17896E+17    0.45197E+16   -0.37388E+17   -0.34113E+17   -0.20073E+17   -0.18384E+17                0.8194
    30    4   -3    -50.    -21.   -0.17575E+17    0.58896E+16   -0.40666E+17   -0.34769E+17   -0.20955E+17   -0.19634E+17                0.8273
    30    4   -2    -53.    -21.   -0.17097E+17    0.72187E+16   -0.43518E+17   -0.35199E+17   -0.21725E+17   -0.20797E+17                0.8240
    30    5   -3    -45.    -10.   -0.19017E+17    0.53612E+16   -0.31621E+17   -0.30307E+17   -0.17150E+17   -0.66856E+16                0.8144
    30    5   -2    -49.    -11.   -0.18529E+17    0.61537E+16   -0.34018E+17   -0.30715E+17   -0.17914E+17   -0.76950E+16                0.8106
    31    3   -1    -62.    -26.   -0.18347E+17    0.27519E+17   -0.41029E+17   -0.36196E+17   -0.22748E+17   -0.29566E+17                0.6875
    31    3    0    -59.    -27.   -0.18556E+17    0.27574E+17   -0.39167E+17   -0.37872E+17   -0.24562E+17   -0.32268E+17                0.6997
    31    3    1    -56.    -29.   -0.18604E+17    0.27337E+17   -0.36936E+17   -0.39303E+17   -0.26231E+17   -0.34792E+17                0.7011
    31    3    2    -54.    -30.   -0.18490E+17    0.26810E+17   -0.34360E+17   -0.40474E+17   -0.27740E+17   -0.37114E+17                0.6915
    31    3    3    -51.    -31.   -0.18217E+17    0.25998E+17   -0.31468E+17   -0.41374E+17   -0.29072E+17   -0.39210E+17                0.6715
    31    4    0    -52.    -17.   -0.19146E+17    0.18463E+17   -0.28738E+17   -0.32071E+17   -0.17353E+17   -0.13870E+17                0.6796
    31    4    1    -49.    -19.   -0.19182E+17    0.17996E+17   -0.27459E+17   -0.33322E+17   -0.18853E+17   -0.15740E+17                0.6826
    31    4    2    -47.    -21.   -0.19053E+17    0.17331E+17   -0.25929E+17   -0.34351E+17   -0.20240E+17   -0.17530E+17                0.6750
    31    5    0    -44.     -6.   -0.19732E+17    0.14399E+17   -0.22195E+17   -0.29509E+17   -0.14102E+17   -0.34600E+16                0.6743
    31    5    1    -42.     -8.   -0.19749E+17    0.13960E+17   -0.21343E+17   -0.30438E+17   -0.15309E+17   -0.46408E+16                0.6774
    32    3   -2    -42.    -31.   -0.12513E+17    0.99221E+16   -0.23537E+17   -0.42611E+17   -0.18027E+17   -0.30610E+17                0.6955
    32    3   -1    -44.    -31.   -0.12734E+17    0.94069E+16   -0.26702E+17   -0.43016E+17   -0.18997E+17   -0.31812E+17                0.7051
    32    3    0    -47.    -31.   -0.12840E+17    0.87961E+16   -0.29622E+17   -0.43122E+17   -0.19871E+17   -0.32836E+17                0.7045
    32    3    1    -48.    -31.   -0.12831E+17    0.80974E+16   -0.32270E+17   -0.42925E+17   -0.20637E+17   -0.33667E+17                0.6937
    32    4   -2    -39.    -20.   -0.12576E+17    0.38379E+16   -0.22254E+17   -0.38668E+17   -0.11345E+17   -0.14033E+17                0.6903
    32    4   -1    -42.    -20.   -0.12789E+17    0.37185E+16   -0.24502E+17   -0.39088E+17   -0.12397E+17   -0.15141E+17                0.6997
    32    4    0    -44.    -21.   -0.12887E+17    0.35381E+16   -0.26529E+17   -0.39233E+17   -0.13394E+17   -0.16177E+17                0.6987
    32    4    1    -46.    -21.   -0.12868E+17    0.32991E+16   -0.28318E+17   -0.39101E+17   -0.14325E+17   -0.17129E+17                0.6875
    32    5   -1    -37.     -5.   -0.12929E+17    0.12789E+16   -0.21113E+17   -0.36262E+17   -0.80384E+16   -0.27186E+16                0.6939
    32    5    0    -41.     -6.   -0.13011E+17    0.14010E+16   -0.22565E+17   -0.36270E+17   -0.90421E+16   -0.35575E+16                0.6909
    33    3    3    -46.    -33.   -0.22547E+17    0.19244E+17   -0.42416E+17   -0.43897E+17   -0.36477E+17   -0.47812E+17                0.7140
    33    4    3    -41.    -23.   -0.23487E+17    0.12517E+17   -0.33745E+17   -0.36098E+17   -0.27594E+17   -0.23811E+17                0.7154
    33    4    4    -36.    -25.   -0.23605E+17    0.83915E+16   -0.31181E+17   -0.36748E+17   -0.29677E+17   -0.25731E+17                0.7162
    33    5    3    -35.    -12.   -0.24367E+17    0.10297E+17   -0.27339E+17   -0.31304E+17   -0.22367E+17   -0.85741E+16                0.7187
    33    5    4    -30.    -13.   -0.24480E+17    0.69743E+16   -0.25291E+17   -0.31507E+17   -0.24055E+17   -0.96441E+16                0.7203
    33    6    3    -20.     10.   -0.25185E+17    0.83396E+16   -0.22076E+17   -0.26267E+17   -0.17207E+17    0.51962E+16                0.7173
    33    6    4    -14.      9.   -0.25292E+17    0.57531E+16   -0.20469E+17   -0.26254E+17   -0.18725E+17    0.46098E+16                0.7194
    33    7    3     -4.     25.   -0.25997E+17    0.73152E+16   -0.18979E+17   -0.22622E+17   -0.13379E+17    0.15187E+17                0.7136
    33    7    4      1.     25.   -0.26100E+17    0.51934E+16   -0.17671E+17   -0.22479E+17   -0.14800E+17    0.14935E+17                0.7160
    33    8    4     10.     34.   -0.26837E+17    0.50457E+16   -0.15558E+17   -0.19903E+17   -0.12597E+17    0.22317E+17                0.7142
    34    3   -3    -51.    -27.   -0.15097E+17    0.11469E+17   -0.35863E+17   -0.41791E+17   -0.18870E+17   -0.28089E+17                0.6654
    34    3   -2    -53.    -27.   -0.15209E+17    0.11148E+17   -0.38392E+17   -0.42233E+17   -0.19567E+17   -0.29517E+17                0.6719
    34    3   -1    -54.    -28.   -0.15188E+17    0.10768E+17   -0.40555E+17   -0.42369E+17   -0.20150E+17   -0.30767E+17                0.6686
    34    3    0    -54.    -28.   -0.15035E+17    0.10337E+17   -0.42333E+17   -0.42194E+17   -0.20611E+17   -0.31820E+17                0.6556
    34    4   -3    -48.    -19.   -0.15651E+17    0.96390E+16   -0.29219E+17   -0.40093E+17   -0.16099E+17   -0.16400E+17                0.6624
    34    4   -2    -49.    -20.   -0.15738E+17    0.88701E+16   -0.31301E+17   -0.40718E+17   -0.16933E+17   -0.17887E+17                0.6681
    34    4   -1    -50.    -21.   -0.15687E+17    0.80389E+16   -0.33090E+17   -0.41045E+17   -0.17666E+17   -0.19267E+17                0.6641
    34    5   -3    -44.     -8.   -0.16124E+17    0.78642E+16   -0.23908E+17   -0.38090E+17   -0.13335E+17   -0.53509E+16                0.6525
    34    5   -2    -46.     -9.   -0.16186E+17    0.70722E+16   -0.25636E+17   -0.38618E+17   -0.14102E+17   -0.65704E+16                0.6565
    34    5   -1    -47.    -11.   -0.16107E+17    0.62268E+16   -0.27124E+17   -0.38859E+17   -0.14783E+17   -0.77565E+16                0.6509
    35    3   -1    -57.    -30.   -0.14791E+17    0.18477E+17   -0.36847E+17   -0.37568E+17   -0.25571E+17   -0.34569E+17                0.6671
    35    3    0    -56.    -30.   -0.14794E+17    0.16225E+17   -0.38490E+17   -0.37903E+17   -0.26621E+17   -0.35586E+17                0.6674
    35    4   -1    -55.    -19.   -0.15310E+17    0.11143E+17   -0.30221E+17   -0.30336E+17   -0.18074E+17   -0.14313E+17                0.6688
    35    4    0    -54.    -19.   -0.15331E+17    0.99850E+16   -0.31007E+17   -0.30530E+17   -0.19048E+17   -0.14985E+17                0.6712
    35    5   -1    -52.     -3.   -0.15812E+17    0.73159E+16   -0.25184E+17   -0.25838E+17   -0.13454E+17   -0.13236E+16                0.6673
    35    5    0    -52.     -3.   -0.15851E+17    0.66781E+16   -0.25683E+17   -0.25906E+17   -0.14360E+17   -0.17242E+16                0.6708
    35    6   -1    -29.     22.   -0.16319E+17    0.49168E+16   -0.20409E+17   -0.22036E+17   -0.96910E+16    0.94166E+16                0.6646
    35    6    0    -29.     21.   -0.16375E+17    0.45609E+16   -0.20775E+17   -0.21996E+17   -0.10540E+17    0.92586E+16                0.6690
    35    7    0    -14.     35.   -0.16904E+17    0.34294E+16   -0.17644E+17   -0.19199E+17   -0.79585E+16    0.17215E+17                0.6667
    35    8    0     -4.     43.   -0.17445E+17    0.27808E+16   -0.15522E+17   -0.17113E+17   -0.62174E+16    0.23274E+17                0.6643
    36    3   -1    -51.    -26.   -0.13778E+17   -0.26781E+16   -0.52495E+17   -0.44034E+17   -0.17663E+17   -0.31095E+17                0.7227
    36    3    0    -50.    -26.   -0.14483E+17   -0.31499E+16   -0.54292E+17   -0.44710E+17   -0.18731E+17   -0.32134E+17                0.7285
    36    3    1    -50.    -26.   -0.15066E+17   -0.35081E+16   -0.55569E+17   -0.45035E+17   -0.19677E+17   -0.32934E+17                0.7231
    36    4   -1    -50.    -20.   -0.13534E+17   -0.57962E+16   -0.47156E+17   -0.42550E+17   -0.14545E+17   -0.20396E+17                0.7263
    36    4    0    -49.    -20.   -0.14209E+17   -0.67810E+16   -0.48891E+17   -0.43236E+17   -0.15526E+17   -0.21188E+17                0.7323
    36    4    1    -48.    -20.   -0.14760E+17   -0.76640E+16   -0.50169E+17   -0.43585E+17   -0.16407E+17   -0.21824E+17                0.7270
    36    4    2    -47.    -21.   -0.15184E+17   -0.84377E+16   -0.50979E+17   -0.43590E+17   -0.17178E+17   -0.22296E+17                0.7107
    36    5   -1    -49.    -11.   -0.13696E+17   -0.80027E+16   -0.42735E+17   -0.40208E+17   -0.11410E+17   -0.91151E+16                0.7140
    36    5    0    -48.    -11.   -0.14390E+17   -0.89893E+16   -0.44306E+17   -0.40835E+17   -0.12351E+17   -0.96436E+16                0.7188
    36    5    1    -47.    -12.   -0.14959E+17   -0.98699E+16   -0.45465E+17   -0.41143E+17   -0.13214E+17   -0.10099E+17                0.7127
    37    3    2    -35.    -35.   -0.23265E+17    0.34678E+16   -0.41399E+17   -0.42982E+17   -0.34933E+17   -0.50434E+17                0.8909
    37    3    3    -31.    -37.   -0.23352E+17   -0.52617E+15   -0.31083E+17   -0.44382E+17   -0.38227E+17   -0.53749E+17                0.8902
    37    4    3    -19.    -27.   -0.24697E+17   -0.11115E+16   -0.24104E+17   -0.32970E+17   -0.24871E+17   -0.23932E+17                0.8865
    37    5    2    -15.    -10.   -0.25824E+17    0.47752E+16   -0.24533E+17   -0.26487E+17   -0.15348E+17   -0.59239E+16                0.8863
    37    5    3     -5.    -13.   -0.25661E+17    0.14411E+16   -0.18439E+17   -0.27360E+17   -0.18655E+17   -0.76322E+16                0.8902
    37    5    4     -2.    -15.   -0.25272E+17   -0.19310E+16   -0.12189E+17   -0.28064E+17   -0.21830E+17   -0.93059E+16                0.8845
    37    6    2      8.     13.   -0.26768E+17    0.42675E+16   -0.18555E+17   -0.21522E+17   -0.10074E+17    0.68107E+16                0.8854
    37    6    3     19.     12.   -0.26507E+17    0.15134E+16   -0.13908E+17   -0.22032E+17   -0.13221E+17    0.59727E+16                0.8890
    37    7    3     32.     27.   -0.27395E+17    0.15585E+16   -0.11080E+17   -0.18611E+17   -0.93103E+16    0.15745E+17                0.8869
    37    8    3     36.     36.   -0.28022E+17    0.19308E+16   -0.90997E+16   -0.16170E+17   -0.73358E+16    0.22944E+17                0.8853
    38    6    1    -37.      5.   -0.21393E+17    0.43967E+16   -0.35163E+17   -0.22570E+17   -0.19132E+17    0.27962E+16                0.8299
    38    7    1    -21.     24.   -0.22461E+17    0.45312E+16   -0.30486E+17   -0.18395E+17   -0.15153E+17    0.14183E+17                0.8307
    38    8    0    -13.     37.   -0.23391E+17    0.57979E+16   -0.26502E+17   -0.15351E+17   -0.11089E+17    0.23497E+17                0.8285
    38    8    1    -12.     36.   -0.23363E+17    0.47199E+16   -0.27028E+17   -0.15559E+17   -0.12662E+17    0.22769E+17                0.8345
    38    8    2    -10.     34.   -0.23131E+17    0.35889E+16   -0.27289E+17   -0.15687E+17   -0.14162E+17    0.21877E+17                0.8297
    38    9    1     -5.     43.   -0.24212E+17    0.44456E+16   -0.24444E+17   -0.13246E+17   -0.10500E+17    0.29724E+17                0.8342
    38    9    2     -3.     42.   -0.23968E+17    0.33923E+16   -0.24715E+17   -0.13326E+17   -0.12003E+17    0.29029E+17                0.8306
    38   10    1     -3.     49.   -0.25041E+17    0.45518E+16   -0.23762E+17   -0.11065E+17   -0.83979E+16    0.36351E+17                0.8314
    38   10    2      0.     48.   -0.24780E+17    0.34914E+16   -0.24053E+17   -0.11136E+17   -0.99371E+16    0.35778E+17                0.8287
    38   11    1      0.     53.   -0.25611E+17    0.44331E+16   -0.22023E+17   -0.96821E+16   -0.72114E+16    0.41857E+17                0.8296
    39    3   -1    -56.    -27.   -0.18200E+17    0.13778E+17   -0.50719E+17   -0.41947E+17   -0.22899E+17   -0.34270E+17                0.7449
    39    3    0    -52.    -29.   -0.18590E+17    0.11224E+17   -0.50432E+17   -0.43549E+17   -0.25883E+17   -0.37671E+17                0.7518
    39    3    1    -49.    -30.   -0.18814E+17    0.85552E+16   -0.49669E+17   -0.44858E+17   -0.28713E+17   -0.40849E+17                0.7485
    39    3    2    -47.    -31.   -0.18870E+17    0.57975E+16   -0.48440E+17   -0.45861E+17   -0.31363E+17   -0.43774E+17                0.7352
    39    4   -1    -56.    -18.   -0.18812E+17    0.12846E+17   -0.40253E+17   -0.37007E+17   -0.16307E+17   -0.16050E+17                0.7345
    39    4    0    -52.    -19.   -0.19192E+17    0.10475E+17   -0.39923E+17   -0.38190E+17   -0.18915E+17   -0.18251E+17                0.7415
    39    4    1    -49.    -21.   -0.19399E+17    0.79855E+16   -0.39219E+17   -0.39112E+17   -0.21410E+17   -0.20350E+17                0.7387
    39    5   -1    -53.     -6.   -0.19424E+17    0.12255E+17   -0.31653E+17   -0.34390E+17   -0.13154E+17   -0.40956E+16                0.7297
    39    5    0    -50.     -7.   -0.19790E+17    0.10327E+17   -0.31341E+17   -0.35060E+17   -0.15316E+17   -0.52284E+16                0.7360
    39    5    1    -47.     -9.   -0.19978E+17    0.82855E+16   -0.30732E+17   -0.35485E+17   -0.17385E+17   -0.63415E+16                0.7324
    40    3   -3    -47.    -25.   -0.15926E+17    0.10478E+17   -0.35663E+17   -0.45399E+17   -0.13477E+17   -0.24587E+17                0.7239
    40    3   -2    -49.    -25.   -0.16503E+17    0.91589E+16   -0.40080E+17   -0.46462E+17   -0.14979E+17   -0.26931E+17                0.7361
    40    3   -1    -50.    -26.   -0.16942E+17    0.78164E+16   -0.44121E+17   -0.47180E+17   -0.16408E+17   -0.29113E+17                0.7387
    40    3    0    -51.    -26.   -0.17239E+17    0.64659E+16   -0.47746E+17   -0.47541E+17   -0.17748E+17   -0.31105E+17                0.7313
    40    4   -3    -44.    -17.   -0.16438E+17    0.84062E+16   -0.31865E+17   -0.44431E+17   -0.10317E+17   -0.14076E+17                0.7276
    40    4   -2    -46.    -18.   -0.16983E+17    0.67668E+16   -0.35647E+17   -0.45677E+17   -0.11951E+17   -0.16351E+17                0.7395
    40    4   -1    -47.    -19.   -0.17385E+17    0.50818E+16   -0.39110E+17   -0.46584E+17   -0.13530E+17   -0.18531E+17                0.7417
    40    4    0    -48.    -20.   -0.17638E+17    0.33667E+16   -0.42224E+17   -0.47140E+17   -0.15036E+17   -0.20592E+17                0.7340
    40    5   -2    -41.     -7.   -0.17567E+17    0.51676E+16   -0.29952E+17   -0.44315E+17   -0.95142E+16   -0.52860E+16                0.7320
    40    5   -1    -43.     -9.   -0.17930E+17    0.36521E+16   -0.32859E+17   -0.44991E+17   -0.10949E+17   -0.69660E+16                0.7315
    41    3    1    -48.    -32.   -0.21822E+17    0.13965E+17   -0.54550E+17   -0.44506E+17   -0.33550E+17   -0.48314E+17                0.8208
    41    3    2    -44.    -34.   -0.22053E+17    0.10405E+17   -0.48634E+17   -0.46532E+17   -0.37917E+17   -0.52721E+17                0.8306
    41    3    3    -40.    -35.   -0.22089E+17    0.66949E+16   -0.42276E+17   -0.48251E+17   -0.42027E+17   -0.56787E+17                0.8313
    41    3    4    -38.    -37.   -0.21928E+17    0.28710E+16   -0.35540E+17   -0.49647E+17   -0.45841E+17   -0.60478E+17                0.8231
    41    4    2    -43.    -22.   -0.22892E+17    0.83413E+16   -0.41394E+17   -0.35845E+17   -0.25477E+17   -0.23221E+17                0.8211
    41    4    3    -37.    -25.   -0.22873E+17    0.47232E+16   -0.36372E+17   -0.37297E+17   -0.29606E+17   -0.26328E+17                0.8254
    41    4    4    -34.    -27.   -0.22651E+17    0.10186E+16   -0.31029E+17   -0.38510E+17   -0.33532E+17   -0.29282E+17                0.8209
    41    5    2    -42.     -9.   -0.23627E+17    0.90655E+16   -0.33895E+17   -0.30555E+17   -0.20059E+17   -0.68079E+16                0.8230
    41    5    3    -35.    -11.   -0.23558E+17    0.60467E+16   -0.29847E+17   -0.31283E+17   -0.23597E+17   -0.84527E+16                0.8265
    41    5    4    -31.    -13.   -0.23281E+17    0.29433E+16   -0.25534E+17   -0.31809E+17   -0.26968E+17   -0.10061E+17                0.8208
    41    6    3    -20.     13.   -0.24161E+17    0.54927E+16   -0.24432E+17   -0.25247E+17   -0.17880E+17    0.72011E+16                0.8220
    42    3   -4    -29.    -27.   -0.12554E+17    0.10950E+17   -0.18980E+17   -0.47617E+17   -0.99706E+16   -0.23374E+17                0.7742
    42    4   -5    -16.    -12.   -0.12770E+17    0.11224E+17   -0.14014E+17   -0.43779E+17   -0.31859E+16   -0.73332E+16                0.7755
    42    4   -4    -28.    -15.   -0.13699E+17    0.81949E+16   -0.21623E+17   -0.45649E+17   -0.55896E+16   -0.10776E+17                0.7834
    42    4   -3    -37.    -17.   -0.14512E+17    0.51080E+16   -0.29026E+17   -0.47205E+17   -0.80201E+16   -0.14213E+17                0.7845
    42    4   -2    -43.    -19.   -0.15203E+17    0.19941E+16   -0.36154E+17   -0.48429E+17   -0.10452E+17   -0.17608E+17                0.7788
    42    5   -5     -7.      6.   -0.13661E+17    0.76723E+16   -0.13401E+17   -0.43088E+17   -0.87726E+15    0.31786E+16                0.7788
    42    5   -4    -22.      1.   -0.14590E+17    0.54486E+16   -0.19418E+17   -0.44617E+17   -0.31498E+16    0.58244E+15                0.7853
    42    5   -3    -32.     -3.   -0.15396E+17    0.31802E+16   -0.25246E+17   -0.45830E+17   -0.54566E+16   -0.20651E+16                0.7844
    42    5   -2    -39.     -7.   -0.16072E+17    0.88860E+15   -0.30834E+17   -0.46713E+17   -0.77748E+16   -0.47363E+16                0.7760
    42    6   -4     -4.     22.   -0.15153E+17    0.41635E+16   -0.16665E+17   -0.41411E+17    0.89728E+15    0.13208E+17                0.7743
    43    3   -1    -53.    -28.   -0.18939E+17    0.11134E+17   -0.63898E+17   -0.41294E+17   -0.24513E+17   -0.39595E+17                0.7897
    43    3    0    -50.    -30.   -0.19317E+17    0.95746E+16   -0.62371E+17   -0.43708E+17   -0.28604E+17   -0.44618E+17                0.8004
    43    3    1    -48.    -32.   -0.19527E+17    0.79148E+16   -0.60268E+17   -0.45836E+17   -0.32522E+17   -0.49362E+17                0.8009
    43    3    2    -46.    -33.   -0.19567E+17    0.61698E+16   -0.57612E+17   -0.47655E+17   -0.36228E+17   -0.53780E+17                0.7909
    43    4    0    -54.    -20.   -0.20463E+17    0.10571E+17   -0.53325E+17   -0.36295E+17   -0.19903E+17   -0.21886E+17                0.7881
    43    4    1    -51.    -22.   -0.20630E+17    0.84117E+16   -0.52251E+17   -0.37994E+17   -0.23541E+17   -0.25372E+17                0.7924
    43    4    2    -48.    -24.   -0.20616E+17    0.61547E+16   -0.50707E+17   -0.39437E+17   -0.27025E+17   -0.28692E+17                0.7868
    43    5    0    -57.    -10.   -0.21427E+17    0.11405E+17   -0.43557E+17   -0.32633E+17   -0.16611E+17   -0.80934E+16                0.7846
    43    5    1    -52.    -12.   -0.21554E+17    0.95079E+16   -0.42964E+17   -0.33663E+17   -0.19703E+17   -0.10233E+17                0.7892
    43    5    2    -49.    -14.   -0.21492E+17    0.75085E+16   -0.41984E+17   -0.34461E+17   -0.22661E+17   -0.12306E+17                0.7839
    44    3    2    -55.    -25.   -0.22819E+17    0.33037E+17   -0.38732E+17   -0.43006E+17   -0.23195E+17   -0.29968E+17                0.6510
    44    3    3    -52.    -27.   -0.23381E+17    0.26387E+17   -0.40548E+17   -0.45069E+17   -0.26617E+17   -0.34047E+17                0.6592
    44    3    4    -48.    -28.   -0.23735E+17    0.19468E+17   -0.42016E+17   -0.46834E+17   -0.29886E+17   -0.37961E+17                0.6612
    44    3    5    -44.    -30.   -0.23878E+17    0.12345E+17   -0.43125E+17   -0.48280E+17   -0.32968E+17   -0.41669E+17                0.6568
    44    3    6    -40.    -31.   -0.23806E+17    0.50864E+16   -0.43869E+17   -0.49391E+17   -0.35832E+17   -0.45131E+17                0.6462
    44    4    2    -48.    -17.   -0.23326E+17    0.27110E+17   -0.30375E+17   -0.41522E+17   -0.19340E+17   -0.16685E+17                0.6448
    44    4    3    -45.    -19.   -0.23844E+17    0.21663E+17   -0.30818E+17   -0.42772E+17   -0.21983E+17   -0.18846E+17                0.6524
    44    4    4    -42.    -20.   -0.24152E+17    0.15984E+17   -0.30996E+17   -0.43733E+17   -0.24496E+17   -0.20927E+17                0.6537
    44    4    5    -38.    -22.   -0.24244E+17    0.10125E+17   -0.30911E+17   -0.44392E+17   -0.26855E+17   -0.22910E+17                0.6486
    44    5    4    -36.     -9.   -0.24549E+17    0.14093E+17   -0.24023E+17   -0.40550E+17   -0.19864E+17   -0.69265E+16                0.6450
    45    3   -5    -29.    -19.   -0.12600E+17    0.17779E+17   -0.18649E+17   -0.38403E+17   -0.39968E+16   -0.12784E+17                0.6740
    45    3   -4    -38.    -21.   -0.13172E+17    0.14892E+17   -0.24534E+17   -0.40103E+17   -0.61959E+16   -0.16099E+17                0.6867
    45    3   -3    -44.    -23.   -0.13627E+17    0.11890E+17   -0.30197E+17   -0.41523E+17   -0.83971E+16   -0.19360E+17                0.6919
    45    3   -2    -49.    -24.   -0.13960E+17    0.88049E+16   -0.35581E+17   -0.42644E+17   -0.10577E+17   -0.22533E+17                0.6893
    45    3   -1    -51.    -25.   -0.14167E+17    0.56692E+16   -0.40637E+17   -0.43452E+17   -0.12712E+17   -0.25581E+17                0.6791
    45    4   -4    -29.    -11.   -0.13536E+17    0.13543E+17   -0.19556E+17   -0.39055E+17   -0.29140E+16   -0.66812E+16                0.6840
    45    4   -3    -36.    -14.   -0.13939E+17    0.10952E+17   -0.23553E+17   -0.40439E+17   -0.51110E+16   -0.94326E+16                0.6873
    45    4   -2    -40.    -16.   -0.14215E+17    0.82584E+16   -0.27338E+17   -0.41531E+17   -0.73039E+16   -0.12152E+17                0.6827
    45    5   -4    -14.      3.   -0.13817E+17    0.11925E+17   -0.14884E+17   -0.38335E+17   -0.50780E+15    0.14346E+16                0.6781
    45    5   -3    -24.     -1.   -0.14175E+17    0.98512E+16   -0.17913E+17   -0.39342E+17   -0.24455E+16   -0.48684E+15                0.6786
    46    3    1    -53.    -32.   -0.21843E+17    0.24357E+17   -0.66745E+17   -0.44959E+17   -0.38351E+17   -0.56158E+17                0.7806
    46    3    2    -50.    -34.   -0.22101E+17    0.20883E+17   -0.63127E+17   -0.46191E+17   -0.41407E+17   -0.59986E+17                0.7776
    46    5    1    -53.    -13.   -0.24031E+17    0.16716E+17   -0.42057E+17   -0.27829E+17   -0.21072E+17   -0.10877E+17                0.7768
    46    5    2    -46.    -15.   -0.24258E+17    0.13719E+17   -0.40189E+17   -0.28448E+17   -0.23890E+17   -0.13091E+17                0.7798
    46    6    2    -38.      3.   -0.25199E+17    0.10948E+17   -0.32124E+17   -0.22575E+17   -0.18615E+17    0.16198E+16                0.7797
    46    7    2    -19.     22.   -0.26099E+17    0.91850E+16   -0.27011E+17   -0.18509E+17   -0.14801E+17    0.12380E+17                0.7785
    46    8    2     -9.     32.   -0.26910E+17    0.85654E+16   -0.23671E+17   -0.15808E+17   -0.12617E+17    0.20276E+17                0.7807
    46    8    3     -2.     31.   -0.26881E+17    0.65149E+16   -0.22428E+17   -0.15531E+17   -0.14919E+17    0.19744E+17                0.7763
    46    9    2     -1.     39.   -0.27727E+17    0.75641E+16   -0.21191E+17   -0.13473E+17   -0.10597E+17    0.26636E+17                0.7794
    46   10    2      1.     45.   -0.28561E+17    0.72522E+16   -0.20374E+17   -0.11370E+17   -0.87884E+16    0.32579E+17                0.7769
    47    3   -2    -45.    -31.   -0.11877E+17    0.83217E+15   -0.30160E+17   -0.40441E+17   -0.20044E+17   -0.32411E+17                0.6952
    47    3   -1    -46.    -32.   -0.11957E+17   -0.32097E+15   -0.33141E+17   -0.41415E+17   -0.21553E+17   -0.34343E+17                0.7088
    47    3    0    -47.    -32.   -0.11925E+17   -0.15134E+16   -0.35802E+17   -0.42120E+17   -0.22948E+17   -0.36096E+17                0.7119
    47    3    1    -48.    -32.   -0.11784E+17   -0.27320E+16   -0.38118E+17   -0.42546E+17   -0.24215E+17   -0.37650E+17                0.7044
    47    4   -1    -44.    -19.   -0.12098E+17   -0.15462E+16   -0.26700E+17   -0.34699E+17   -0.13532E+17   -0.13967E+17                0.6997
    47    4    0    -46.    -20.   -0.12082E+17   -0.19817E+16   -0.28722E+17   -0.35298E+17   -0.14896E+17   -0.15367E+17                0.7035
    47    4    1    -48.    -21.   -0.11954E+17   -0.24384E+16   -0.30464E+17   -0.35665E+17   -0.16184E+17   -0.16703E+17                0.6968
    47    5   -1    -41.     -2.   -0.12266E+17   -0.15727E+16   -0.21410E+17   -0.30715E+17   -0.88881E+16   -0.95134E+15                0.6927
    47    5    0    -45.     -4.   -0.12254E+17   -0.16297E+16   -0.23061E+17   -0.31090E+17   -0.10131E+17   -0.19172E+16                0.6954
    47    5    1    -47.     -5.   -0.12129E+17   -0.17053E+16   -0.24484E+17   -0.31260E+17   -0.11327E+17   -0.29061E+16                0.6877
    48    3    1    -44.    -33.   -0.21267E+17    0.60448E+16   -0.61027E+17   -0.45481E+17   -0.37043E+17   -0.54529E+17                0.8863
    48    5    1    -49.    -10.   -0.23780E+17    0.97108E+16   -0.47360E+17   -0.28997E+17   -0.19949E+17   -0.89197E+16                0.8862
    48    5    2    -44.    -13.   -0.23577E+17    0.72136E+16   -0.43952E+17   -0.30276E+17   -0.23629E+17   -0.11044E+17                0.8886
    48    6    1    -40.     10.   -0.24710E+17    0.89543E+16   -0.39634E+17   -0.23413E+17   -0.15021E+17    0.57773E+16                0.8858
    48    6    2    -36.      8.   -0.24442E+17    0.68545E+16   -0.37090E+17   -0.24249E+17   -0.18379E+17    0.46852E+16                0.8890
    48    7    2    -21.     26.   -0.25389E+17    0.65332E+16   -0.32515E+17   -0.19989E+17   -0.14260E+17    0.16357E+17                0.8872
    48    8    1    -17.     37.   -0.26476E+17    0.80331E+16   -0.29986E+17   -0.16880E+17   -0.93642E+16    0.24836E+17                0.8868
    48    8    2    -12.     36.   -0.26086E+17    0.64116E+16   -0.28437E+17   -0.17154E+17   -0.12368E+17    0.25047E+17                0.8895
    48    9    1    -10.     43.   -0.27255E+17    0.73184E+16   -0.27006E+17   -0.14659E+17   -0.73529E+16    0.31423E+17                0.8849
    48    9    2     -5.     43.   -0.26798E+17    0.57666E+16   -0.25703E+17   -0.14808E+17   -0.10389E+17    0.32055E+17                0.8880
    49    3   -1    -53.    -30.   -0.16523E+17    0.12651E+17   -0.46248E+17   -0.39144E+17   -0.25399E+17   -0.37068E+17                0.6374
    49    3    0    -50.    -31.   -0.16793E+17    0.94588E+16   -0.46853E+17   -0.40661E+17   -0.27991E+17   -0.40502E+17                0.6464
    49    3    1    -47.    -32.   -0.16914E+17    0.61576E+16   -0.47020E+17   -0.41918E+17   -0.30416E+17   -0.43702E+17                0.6469
    49    3    2    -45.    -33.   -0.16885E+17    0.27793E+16   -0.46748E+17   -0.42900E+17   -0.32647E+17   -0.46635E+17                0.6390
    49    4    0    -49.    -22.   -0.17483E+17    0.80487E+16   -0.36153E+17   -0.34252E+17   -0.20561E+17   -0.20063E+17                0.6362
    49    4    1    -46.    -24.   -0.17602E+17    0.51084E+16   -0.36246E+17   -0.35268E+17   -0.22799E+17   -0.22475E+17                0.6392
    49    4    2    -43.    -25.   -0.17564E+17    0.20992E+16   -0.36001E+17   -0.36052E+17   -0.24892E+17   -0.24758E+17                0.6342
    49    5    0    -47.    -10.   -0.18124E+17    0.76275E+16   -0.28628E+17   -0.30449E+17   -0.16369E+17   -0.69008E+16                0.6312
    49    5    1    -44.    -12.   -0.18230E+17    0.51843E+16   -0.28699E+17   -0.31054E+17   -0.18261E+17   -0.84655E+16                0.6345
    49    5    2    -41.    -14.   -0.18175E+17    0.26766E+16   -0.28501E+17   -0.31454E+17   -0.20036E+17   -0.99934E+16                0.6297
    50    3    2    -50.    -32.   -0.22534E+17    0.26503E+17   -0.41210E+17   -0.41933E+17   -0.33116E+17   -0.45175E+17                0.7378
    50    3    3    -43.    -34.   -0.22758E+17    0.20769E+17   -0.34729E+17   -0.42689E+17   -0.35162E+17   -0.47487E+17                0.7392
    50    3    4    -37.    -36.   -0.22780E+17    0.14768E+17   -0.27925E+17   -0.43174E+17   -0.36979E+17   -0.49515E+17                0.7328
    50    4    3    -35.    -23.   -0.23592E+17    0.13322E+17   -0.26134E+17   -0.33089E+17   -0.23732E+17   -0.20745E+17                0.7352
    50    4    4    -28.    -25.   -0.23558E+17    0.83798E+16   -0.21654E+17   -0.33739E+17   -0.25910E+17   -0.22838E+17                0.7325
    50    5    3    -26.    -10.   -0.24317E+17    0.11307E+17   -0.20640E+17   -0.28438E+17   -0.18025E+17   -0.61958E+16                0.7378
    50    5    4    -18.    -12.   -0.24237E+17    0.72502E+16   -0.17270E+17   -0.28609E+17   -0.19832E+17   -0.74093E+16                0.7349
    50    6    3     -6.     12.   -0.24998E+17    0.88909E+16   -0.16314E+17   -0.23823E+17   -0.12822E+17    0.62569E+16                0.7361
    50    6    4      3.     11.   -0.24879E+17    0.56668E+16   -0.13738E+17   -0.23781E+17   -0.14518E+17    0.55287E+16                0.7332
    50    7    3     10.     27.   -0.25709E+17    0.75305E+16   -0.13686E+17   -0.20859E+17   -0.90720E+16    0.15058E+17                0.7336
    50    8    3     16.     35.   -0.26356E+17    0.70925E+16   -0.11928E+17   -0.18822E+17   -0.70232E+16    0.21236E+17                0.7325
    51    3    1    -56.    -25.   -0.20216E+17    0.28741E+17   -0.38853E+17   -0.43171E+17   -0.21240E+17   -0.29640E+17                0.6262
    51    3    2    -54.    -27.   -0.20878E+17    0.23771E+17   -0.42459E+17   -0.44875E+17   -0.24520E+17   -0.33478E+17                0.6308
    51    3    3    -52.    -28.   -0.21358E+17    0.18586E+17   -0.45684E+17   -0.46271E+17   -0.27659E+17   -0.37138E+17                0.6289
    51    3    4    -49.    -29.   -0.21650E+17    0.13235E+17   -0.48500E+17   -0.47342E+17   -0.30626E+17   -0.40581E+17                0.6206
    51    4    1    -51.    -19.   -0.20766E+17    0.21676E+17   -0.33483E+17   -0.43079E+17   -0.19010E+17   -0.18883E+17                0.6242
    51    4    2    -49.    -20.   -0.21393E+17    0.17893E+17   -0.35312E+17   -0.44136E+17   -0.21705E+17   -0.21148E+17                0.6282
    51    4    3    -48.    -21.   -0.21833E+17    0.13931E+17   -0.36828E+17   -0.44881E+17   -0.24268E+17   -0.23301E+17                0.6253
    51    4    4    -45.    -23.   -0.22081E+17    0.98269E+16   -0.38019E+17   -0.45306E+17   -0.26675E+17   -0.25320E+17                0.6156
    51    5    2    -45.    -10.   -0.21754E+17    0.13987E+17   -0.29118E+17   -0.41985E+17   -0.18038E+17   -0.83159E+16                0.6187
    51    5    3    -44.    -11.   -0.22188E+17    0.10980E+17   -0.29927E+17   -0.42263E+17   -0.20290E+17   -0.95719E+16                0.6156
    52    4   -4    -19.    -11.   -0.13854E+17    0.93893E+16   -0.24252E+17   -0.45923E+17    0.42760E+16   -0.68604E+16                0.8310
    52    4   -3    -34.    -14.   -0.15173E+17    0.55376E+16   -0.33312E+17   -0.48160E+17    0.10677E+16   -0.10867E+17                0.8363
    52    4   -2    -43.    -16.   -0.16372E+17    0.16467E+16   -0.42083E+17   -0.50055E+17   -0.22200E+16   -0.14845E+17                0.8350
    52    4   -1    -46.    -18.   -0.17438E+17   -0.22470E+16   -0.50483E+17   -0.51585E+17   -0.55538E+16   -0.18751E+17                0.8271
    52    5   -5     17.     10.   -0.13727E+17    0.98812E+16   -0.13266E+17   -0.44361E+17    0.84803E+16    0.50723E+16                0.8258
    52    5   -4     -7.      4.   -0.15200E+17    0.68431E+16   -0.21128E+17   -0.46484E+17    0.54955E+16    0.21680E+16                0.8353
    52    5   -3    -25.     -1.   -0.16554E+17    0.37395E+16   -0.28805E+17   -0.48277E+17    0.23996E+16   -0.78526E+15                0.8379
    52    5   -2    -36.     -5.   -0.17775E+17    0.59765E+15   -0.36229E+17   -0.49720E+17   -0.77729E+15   -0.37577E+16                0.8333
    52    5   -1    -41.     -8.   -0.18853E+17   -0.25545E+16   -0.43336E+17   -0.50795E+17   -0.40037E+16   -0.67186E+16                0.8217
    52    6   -4      8.     22.   -0.15921E+17    0.52203E+16   -0.18221E+17   -0.43961E+17    0.91839E+16    0.13496E+17                0.8238
    53    3   -6     18.    -12.   -0.10723E+17    0.22327E+17    0.29564E+16   -0.39964E+17    0.24332E+16   -0.60767E+16                0.7503
    53    3   -5      4.    -17.   -0.11353E+17    0.17109E+17   -0.57501E+16   -0.42208E+17    0.23442E+15   -0.97237E+16                0.7545
    53    3   -4    -13.    -20.   -0.11881E+17    0.11752E+17   -0.14414E+17   -0.44151E+17   -0.20212E+16   -0.13376E+17                0.7523
    53    4   -6     33.      5.   -0.11330E+17    0.17448E+17   -0.21113E+16   -0.39386E+17    0.63655E+16    0.21733E+16                0.7529
    53    4   -5     17.     -2.   -0.11856E+17    0.13527E+17   -0.77457E+16   -0.41478E+17    0.43136E+16   -0.68725E+15                0.7587
    53    4   -4     -1.     -7.   -0.12274E+17    0.94707E+16   -0.13320E+17   -0.43277E+17    0.21784E+16   -0.36062E+16                0.7569
    53    4   -3    -15.    -11.   -0.12578E+17    0.53211E+16   -0.18781E+17   -0.44761E+17   -0.18125E+14   -0.65527E+16                0.7476
    53    5   -6     38.     16.   -0.11717E+17    0.13232E+17   -0.26258E+16   -0.40089E+17    0.87635E+16    0.84601E+16                0.7527
    53    5   -5     28.     13.   -0.12163E+17    0.10228E+17   -0.67016E+16   -0.41717E+17    0.70605E+16    0.66025E+16                0.7578
    53    5   -4     16.      9.   -0.12497E+17    0.71132E+16   -0.10720E+17   -0.43042E+17    0.52637E+16    0.46556E+16                0.7543
    54    3   -3    -51.    -24.   -0.19159E+17    0.16581E+17   -0.38011E+17   -0.44288E+17   -0.20615E+17   -0.26819E+17                0.7232
    54    3   -2    -52.    -25.   -0.19181E+17    0.18256E+17   -0.38327E+17   -0.44585E+17   -0.20589E+17   -0.27525E+17                0.7365
    54    3   -1    -52.    -25.   -0.19037E+17    0.19806E+17   -0.38282E+17   -0.44558E+17   -0.20443E+17   -0.28071E+17                0.7387
    54    3    0    -53.    -25.   -0.18729E+17    0.21217E+17   -0.37879E+17   -0.44203E+17   -0.20177E+17   -0.28448E+17                0.7295
    54    4   -3    -46.    -18.   -0.19393E+17    0.14106E+17   -0.29948E+17   -0.43037E+17   -0.18169E+17   -0.15822E+17                0.7178
    54    4   -2    -46.    -18.   -0.19392E+17    0.15027E+17   -0.30263E+17   -0.43609E+17   -0.18320E+17   -0.16803E+17                0.7298
    54    4   -1    -47.    -19.   -0.19222E+17    0.15828E+17   -0.30295E+17   -0.43858E+17   -0.18359E+17   -0.17685E+17                0.7305
    54    4    0    -47.    -20.   -0.18887E+17    0.16503E+17   -0.30046E+17   -0.43780E+17   -0.18284E+17   -0.18457E+17                0.7199
    54    5   -2    -42.     -8.   -0.19668E+17    0.12430E+17   -0.24309E+17   -0.41952E+17   -0.15683E+17   -0.60176E+16                0.7175
    54    5   -1    -42.     -9.   -0.19469E+17    0.12992E+17   -0.24314E+17   -0.42196E+17   -0.15710E+17   -0.68830E+16                0.7164
    55    3   -1    -42.    -29.   -0.18971E+17    0.26341E+16   -0.54495E+17   -0.34861E+17   -0.22330E+17   -0.35601E+17                0.7748
    55    3    0    -37.    -32.   -0.19353E+17   -0.17351E+16   -0.48359E+17   -0.36444E+17   -0.25145E+17   -0.38981E+17                0.7914
    55    3    1    -32.    -34.   -0.19562E+17   -0.61587E+16   -0.41751E+17   -0.37792E+17   -0.27793E+17   -0.42112E+17                0.7995
    55    3    2    -29.    -36.   -0.19595E+17   -0.10592E+17   -0.34742E+17   -0.38895E+17   -0.30249E+17   -0.44968E+17                0.7990
    55    3    3    -28.    -37.   -0.19450E+17   -0.14991E+17   -0.27404E+17   -0.39745E+17   -0.32494E+17   -0.47527E+17                0.7899
    55    3    4    -28.    -38.   -0.19129E+17   -0.19309E+17   -0.19814E+17   -0.40335E+17   -0.34506E+17   -0.49768E+17                0.7727
    55    4    1    -19.    -24.   -0.20618E+17   -0.32621E+16   -0.26466E+17   -0.28251E+17   -0.16057E+17   -0.16964E+17                0.7767
    55    4    2    -15.    -26.   -0.20552E+17   -0.71353E+16   -0.21868E+17   -0.29506E+17   -0.18931E+17   -0.19722E+17                0.7817
    55    4    3    -15.    -28.   -0.20299E+17   -0.10988E+17   -0.17068E+17   -0.30581E+17   -0.21679E+17   -0.22366E+17                0.7782
    55    5    1     -2.    -10.   -0.21405E+17   -0.32221E+15   -0.17964E+17   -0.24273E+17   -0.10967E+17   -0.44571E+16                0.7727
    55    5    2      3.    -13.   -0.21265E+17   -0.35118E+16   -0.14608E+17   -0.24992E+17   -0.13459E+17   -0.61424E+16                0.7771
    56    3   -2    -53.    -27.   -0.15835E+17    0.15237E+17   -0.37942E+17   -0.42823E+17   -0.18714E+17   -0.29058E+17                0.6658
    56    3   -1    -53.    -27.   -0.16426E+17    0.11994E+17   -0.41716E+17   -0.43984E+17   -0.20998E+17   -0.31694E+17                0.6716
    56    3    0    -52.    -28.   -0.16872E+17    0.86677E+16   -0.45086E+17   -0.44834E+17   -0.23165E+17   -0.34147E+17                0.6693
    56    3    1    -50.    -28.   -0.17168E+17    0.52903E+16   -0.48021E+17   -0.45362E+17   -0.25192E+17   -0.36391E+17                0.6590
    56    4   -2    -51.    -19.   -0.16421E+17    0.12265E+17   -0.32248E+17   -0.40758E+17   -0.15357E+17   -0.16295E+17                0.6670
    56    4   -1    -50.    -20.   -0.16988E+17    0.96249E+16   -0.34594E+17   -0.41640E+17   -0.17366E+17   -0.18019E+17                0.6716
    56    4    0    -49.    -20.   -0.17405E+17    0.68999E+16   -0.36609E+17   -0.42223E+17   -0.19275E+17   -0.19642E+17                0.6679
    56    5   -2    -47.     -7.   -0.16873E+17    0.98690E+16   -0.26763E+17   -0.38694E+17   -0.12453E+17   -0.48168E+16                0.6606
    56    5   -1    -47.     -8.   -0.17437E+17    0.78126E+16   -0.28400E+17   -0.39262E+17   -0.14227E+17   -0.58129E+16                0.6642
    56    5    0    -47.     -9.   -0.17847E+17    0.56828E+16   -0.29764E+17   -0.39544E+17   -0.15918E+17   -0.67854E+16                0.6593
    57    3   -3    -36.    -24.   -0.16032E+17    0.10071E+17   -0.29763E+17   -0.49867E+17   -0.10037E+17   -0.22363E+17                0.8022
    57    4   -4    -26.    -11.   -0.15982E+17    0.10792E+17   -0.23299E+17   -0.47077E+17   -0.34331E+16   -0.79412E+16                0.8076
    57    4   -3    -33.    -13.   -0.16672E+17    0.81224E+16   -0.28331E+17   -0.48467E+17   -0.55038E+16   -0.10426E+17                0.8154
    57    4   -2    -38.    -15.   -0.17216E+17    0.53845E+16   -0.33096E+17   -0.49503E+17   -0.75842E+16   -0.12881E+17                0.8132
    57    4   -1    -41.    -17.   -0.17608E+17    0.26048E+16   -0.37550E+17   -0.50173E+17   -0.96527E+16   -0.15281E+17                0.8009
    57    5   -4    -16.      3.   -0.16590E+17    0.78451E+16   -0.20322E+17   -0.46928E+17   -0.97563E+15    0.18007E+16                0.8123
    57    5   -3    -24.      0.   -0.17230E+17    0.58610E+16   -0.24004E+17   -0.47973E+17   -0.28545E+16    0.99059E+14                0.8177
    57    5   -2    -30.     -2.   -0.17718E+17    0.38178E+16   -0.27456E+17   -0.48663E+17   -0.47537E+16   -0.16300E+16                0.8125
    57    6   -4      1.     21.   -0.16942E+17    0.62200E+16   -0.17319E+17   -0.44275E+17    0.31870E+16    0.13106E+17                0.8026
    57    6   -3     -6.     19.   -0.17546E+17    0.49674E+16   -0.20032E+17   -0.44840E+17    0.15347E+16    0.12123E+17                0.8041
    58    2   -1     42.     30.   -0.12034E+17   -0.16134E+17   -0.30972E+16   -0.74401E+16    0.61473E+16    0.10454E+17                0.5896
    58    3   -3     25.    -14.   -0.12636E+17   -0.10845E+17   -0.12687E+17   -0.14929E+17   -0.27071E+16   -0.38972E+16                0.5941
    58    3   -2     30.    -12.   -0.12520E+17   -0.16912E+17   -0.11505E+17   -0.15374E+17   -0.22282E+16   -0.34903E+16                0.6022
    58    3   -1     27.     -9.   -0.12282E+17   -0.22895E+17   -0.10190E+17   -0.15712E+17   -0.17375E+16   -0.30730E+16                0.6066
    58    3    0     22.     -7.   -0.11923E+17   -0.28731E+17   -0.87562E+16   -0.15941E+17   -0.12409E+16   -0.26522E+16                0.6073
    58    3    1     17.     -5.   -0.11444E+17   -0.34355E+17   -0.72174E+16   -0.16059E+17   -0.74450E+15   -0.22346E+16                0.6045
    58    3    2     12.     -4.   -0.10850E+17   -0.39705E+17   -0.55903E+16   -0.16067E+17   -0.25390E+15   -0.18266E+16                0.5985
    58    3    3      9.     -3.   -0.10145E+17   -0.44721E+17   -0.38923E+16   -0.15965E+17    0.22506E+15   -0.14345E+16                0.5896
    58    4   -2     49.      4.   -0.12732E+17   -0.15144E+17   -0.61852E+16   -0.13562E+17   -0.23019E+15    0.11247E+16                0.5921
    58    4   -1     38.      4.   -0.12460E+17   -0.20238E+17   -0.55617E+16   -0.14019E+17    0.19502E+15    0.13846E+16                0.5947
    58    4    0     30.      5.   -0.12065E+17   -0.25199E+17   -0.48733E+16   -0.14380E+17    0.61275E+15    0.16184E+16                0.5931
    59    6    1     15.     12.   -0.21341E+17   -0.42406E+16   -0.16831E+17   -0.17956E+17   -0.12418E+17    0.53715E+16                0.6113
    59    6    2     20.     11.   -0.21533E+17   -0.68028E+16   -0.16538E+17   -0.17621E+17   -0.13050E+17    0.51011E+16                0.6163
    59    6    3     23.     10.   -0.21538E+17   -0.93000E+16   -0.16084E+17   -0.17176E+17   -0.13601E+17    0.47742E+16                0.6134
    59    7    1     26.     23.   -0.22348E+17   -0.40338E+16   -0.14419E+17   -0.16119E+17   -0.10513E+17    0.11591E+17                0.6121
    59    7    2     30.     23.   -0.22570E+17   -0.62075E+16   -0.14186E+17   -0.15773E+17   -0.11142E+17    0.11394E+17                0.6185
    59    7    3     33.     22.   -0.22597E+17   -0.83205E+16   -0.13813E+17   -0.15329E+17   -0.11701E+17    0.11101E+17                0.6170
    59    8    2     35.     30.   -0.23417E+17   -0.56014E+16   -0.12620E+17   -0.14496E+17   -0.97696E+16    0.16327E+17                0.6164
    59    8    3     38.     29.   -0.23466E+17   -0.74579E+16   -0.12302E+17   -0.14050E+17   -0.10333E+17    0.16071E+17                0.6159
    59    9    2     39.     35.   -0.24087E+17   -0.50585E+16   -0.11490E+17   -0.13564E+17   -0.86999E+16    0.20343E+17                0.6101
    59    9    3     41.     35.   -0.24156E+17   -0.67367E+16   -0.11209E+17   -0.13116E+17   -0.92700E+16    0.20126E+17                0.6106
    60    4   -3    -20.    -20.   -0.88449E+16   -0.19422E+16   -0.26806E+17   -0.46938E+17    0.50159E+16   -0.14072E+17                0.8172
    60    4   -2    -31.    -20.   -0.98426E+16   -0.48785E+16   -0.33913E+17   -0.48125E+17    0.25461E+16   -0.16428E+17                0.8198
    60    4   -1    -39.    -21.   -0.10755E+17   -0.77792E+16   -0.40725E+17   -0.48960E+17   -0.47588E+13   -0.18705E+17                0.8143
    60    5   -4      4.     -1.   -0.79574E+16   -0.44315E+16   -0.20900E+17   -0.44207E+17    0.12423E+17   -0.48275E+15                0.8162
    60    5   -3    -15.     -4.   -0.90592E+16   -0.64310E+16   -0.26808E+17   -0.45379E+17    0.10051E+17   -0.21833E+16                0.8249
    60    5   -2    -27.     -6.   -0.10082E+17   -0.83954E+16   -0.32487E+17   -0.46219E+17    0.75420E+16   -0.38989E+16                0.8248
    60    5   -1    -35.     -8.   -0.11017E+17   -0.10306E+17   -0.37884E+17   -0.46717E+17    0.49191E+16   -0.56106E+16                0.8160
    60    6   -4     12.     18.   -0.80551E+16   -0.64701E+16   -0.19921E+17   -0.42033E+17    0.17354E+17    0.99479E+16                0.8122
    60    6   -3     -2.     16.   -0.91787E+16   -0.76668E+16   -0.24519E+17   -0.42680E+17    0.15066E+17    0.90626E+16                0.8161
    60    6   -2    -13.     15.   -0.10222E+17   -0.88111E+16   -0.28901E+17   -0.43006E+17    0.12607E+17    0.80975E+16                0.8108
    61    3   -2    -45.    -21.   -0.18694E+17    0.28405E+17   -0.29434E+17   -0.43556E+17   -0.12712E+17   -0.20387E+17                0.6699
    61    3   -1    -48.    -22.   -0.19280E+17    0.27003E+17   -0.32645E+17   -0.44794E+17   -0.14760E+17   -0.23176E+17                0.6791
    61    3    0    -50.    -24.   -0.19702E+17    0.25384E+17   -0.35557E+17   -0.45716E+17   -0.16750E+17   -0.25862E+17                0.6789
    61    3    1    -51.    -25.   -0.19954E+17    0.23566E+17   -0.38143E+17   -0.46310E+17   -0.18660E+17   -0.28415E+17                0.6692
    61    4   -2    -41.    -15.   -0.19339E+17    0.23096E+17   -0.26356E+17   -0.44648E+17   -0.11558E+17   -0.13026E+17                0.6734
    61    4   -1    -43.    -17.   -0.19890E+17    0.21699E+17   -0.28556E+17   -0.45824E+17   -0.13499E+17   -0.15234E+17                0.6813
    61    4    0    -44.    -18.   -0.20270E+17    0.20107E+17   -0.30500E+17   -0.46671E+17   -0.15380E+17   -0.17373E+17                0.6795
    61    4    1    -45.    -20.   -0.20476E+17    0.18333E+17   -0.32173E+17   -0.47176E+17   -0.17182E+17   -0.19419E+17                0.6681
    61    5   -1    -37.     -7.   -0.20317E+17    0.17619E+17   -0.23753E+17   -0.45237E+17   -0.11066E+17   -0.51874E+16                0.6731
    61    5    0    -38.     -9.   -0.20669E+17    0.16314E+17   -0.25132E+17   -0.45809E+17   -0.12751E+17   -0.66983E+16                0.6698
    62    3   -2    -26.    -29.   -0.12649E+17   -0.88807E+16   -0.20429E+17   -0.31124E+17   -0.12517E+17   -0.20622E+17                0.6761
    62    3   -1    -26.    -29.   -0.12618E+17   -0.11941E+17   -0.20999E+17   -0.32150E+17   -0.13251E+17   -0.21712E+17                0.6941
    62    3    0    -25.    -29.   -0.12466E+17   -0.14967E+17   -0.21351E+17   -0.32962E+17   -0.13911E+17   -0.22691E+17                0.7018
    62    3    1    -25.    -29.   -0.12196E+17   -0.17924E+17   -0.21482E+17   -0.33553E+17   -0.14492E+17   -0.23550E+17                0.6990
    62    3    2    -25.    -29.   -0.11809E+17   -0.20780E+17   -0.21392E+17   -0.33919E+17   -0.14987E+17   -0.24280E+17                0.6857
    62    4   -1     -7.    -14.   -0.12876E+17   -0.94864E+16   -0.13388E+17   -0.26898E+17   -0.62431E+16   -0.61478E+16                0.6821
    62    4    0     -9.    -15.   -0.12713E+17   -0.11048E+17   -0.13492E+17   -0.27701E+17   -0.68014E+16   -0.68413E+16                0.6882
    62    4    1    -11.    -16.   -0.12428E+17   -0.12563E+17   -0.13455E+17   -0.28322E+17   -0.73302E+16   -0.75234E+16                0.6835
    62    5   -1     16.      8.   -0.13124E+17   -0.75035E+16   -0.91537E+16   -0.24302E+17   -0.22675E+16    0.27635E+16                0.6742
    62    5    0     14.      7.   -0.12948E+17   -0.83117E+16   -0.91537E+16   -0.24959E+17   -0.25920E+16    0.24774E+16                0.6785
    63    3   -2    -52.    -31.   -0.14554E+17    0.33502E+16   -0.54041E+17   -0.45514E+17   -0.28067E+17   -0.43016E+17                0.7458
    63    4   -3    -58.    -21.   -0.15524E+17    0.10209E+17   -0.40541E+17   -0.39182E+17   -0.20438E+17   -0.21294E+17                0.7454
    63    4   -2    -57.    -22.   -0.16048E+17    0.85632E+16   -0.44680E+17   -0.40121E+17   -0.22628E+17   -0.24163E+17                0.7541
    63    4   -1    -55.    -23.   -0.16431E+17    0.68438E+16   -0.48375E+17   -0.40803E+17   -0.24703E+17   -0.26914E+17                0.7543
    63    4    0    -53.    -24.   -0.16670E+17    0.50667E+16   -0.51592E+17   -0.41217E+17   -0.26640E+17   -0.29516E+17                0.7461
    63    5   -3    -61.     -9.   -0.16522E+17    0.11164E+17   -0.34058E+17   -0.35388E+17   -0.16850E+17   -0.68905E+16                0.7460
    63    5   -2    -60.    -11.   -0.17063E+17    0.99289E+16   -0.37443E+17   -0.36045E+17   -0.18848E+17   -0.90772E+16                0.7539
    63    5   -1    -58.    -13.   -0.17455E+17    0.86022E+16   -0.40455E+17   -0.36467E+17   -0.20750E+17   -0.11234E+17                0.7534
    63    6   -2    -51.     11.   -0.17957E+17    0.94772E+16   -0.30932E+17   -0.30892E+17   -0.14031E+17    0.61283E+16                0.7462
    63    6   -1    -54.      8.   -0.18372E+17    0.85060E+16   -0.33399E+17   -0.31040E+17   -0.15765E+17    0.45203E+16                0.7449
    64    3    2    -45.    -34.   -0.21434E+17    0.10236E+17   -0.54143E+17   -0.47528E+17   -0.39885E+17   -0.56369E+17                0.7952
    64    4    2    -45.    -24.   -0.22486E+17    0.81999E+16   -0.47204E+17   -0.37417E+17   -0.28956E+17   -0.27872E+17                0.7962
    64    4    3    -41.    -26.   -0.22488E+17    0.52319E+16   -0.44383E+17   -0.38716E+17   -0.32187E+17   -0.30895E+17                0.7952
    64    5    2    -45.    -13.   -0.23441E+17    0.88947E+16   -0.39830E+17   -0.31862E+17   -0.23638E+17   -0.10802E+17                0.8020
    64    5    3    -41.    -14.   -0.23413E+17    0.63687E+16   -0.37652E+17   -0.32560E+17   -0.26347E+17   -0.12636E+17                0.8011
    64    6    2    -35.      9.   -0.24283E+17    0.79197E+16   -0.32905E+17   -0.25926E+17   -0.18076E+17    0.48595E+16                0.8002
    64    6    3    -32.      7.   -0.24226E+17    0.58774E+16   -0.31278E+17   -0.26291E+17   -0.20543E+17    0.37725E+16                0.7998
    64    7    2    -20.     26.   -0.25173E+17    0.73255E+16   -0.28633E+17   -0.21662E+17   -0.13814E+17    0.16338E+17                0.7964
    64    7    3    -16.     25.   -0.25086E+17    0.56091E+16   -0.27407E+17   -0.21847E+17   -0.16176E+17    0.15751E+17                0.7962
    64    8    2    -10.     36.   -0.25952E+17    0.70906E+16   -0.25119E+17   -0.18816E+17   -0.11638E+17    0.24648E+17                0.7970
    64    8    3     -7.     36.   -0.25832E+17    0.55702E+16   -0.24111E+17   -0.18749E+17   -0.13829E+17    0.24499E+17                0.7961
    65    3   -2    -56.    -25.   -0.16218E+17    0.12095E+17   -0.46275E+17   -0.44315E+17   -0.12947E+17   -0.27741E+17                0.7418
    65    3   -1    -55.    -26.   -0.17017E+17    0.92306E+16   -0.50991E+17   -0.46085E+17   -0.16421E+17   -0.32008E+17                0.7485
    65    3    0    -53.    -27.   -0.17671E+17    0.63130E+16   -0.55227E+17   -0.47536E+17   -0.19827E+17   -0.36096E+17                0.7470
    65    4   -2    -55.    -17.   -0.17298E+17    0.11785E+17   -0.41280E+17   -0.42575E+17   -0.89805E+16   -0.15474E+17                0.7491
    65    4   -1    -54.    -19.   -0.18102E+17    0.93988E+16   -0.44947E+17   -0.44100E+17   -0.12307E+17   -0.18792E+17                0.7556
    65    4    0    -53.    -20.   -0.18749E+17    0.69217E+16   -0.48209E+17   -0.45311E+17   -0.15583E+17   -0.22003E+17                0.7538
    65    4    1    -51.    -22.   -0.19234E+17    0.43766E+16   -0.51038E+17   -0.46194E+17   -0.18774E+17   -0.25076E+17                0.7437
    65    5   -2    -50.     -6.   -0.18109E+17    0.11213E+17   -0.33656E+17   -0.40966E+17   -0.67928E+16   -0.42695E+16                0.7456
    65    5   -1    -51.     -8.   -0.18902E+17    0.94068E+16   -0.36552E+17   -0.41947E+17   -0.97710E+16   -0.64054E+16                0.7498
    65    5    0    -51.    -10.   -0.19531E+17    0.75045E+16   -0.39113E+17   -0.42623E+17   -0.12709E+17   -0.85087E+16                0.7455
    66    3   -4    -41.    -24.   -0.12220E+17    0.97971E+16   -0.28403E+17   -0.41431E+17   -0.68239E+16   -0.19293E+17                0.7049
    66    3   -3    -46.    -25.   -0.12852E+17    0.64697E+16   -0.34634E+17   -0.43117E+17   -0.89559E+16   -0.22511E+17                0.7179
    66    3   -2    -49.    -25.   -0.13370E+17    0.31258E+16   -0.40545E+17   -0.44487E+17   -0.11059E+17   -0.25606E+17                0.7231
    66    3   -1    -50.    -26.   -0.13771E+17   -0.19956E+15   -0.46080E+17   -0.45522E+17   -0.13109E+17   -0.28542E+17                0.7201
    66    3    0    -49.    -26.   -0.14048E+17   -0.34714E+16   -0.51187E+17   -0.46208E+17   -0.15085E+17   -0.31286E+17                0.7090
    66    4   -3    -40.    -17.   -0.13250E+17    0.64738E+16   -0.28346E+17   -0.41836E+17   -0.54780E+16   -0.12122E+17                0.7162
    66    4   -2    -44.    -18.   -0.13725E+17    0.35046E+16   -0.32897E+17   -0.43171E+17   -0.75581E+16   -0.14752E+17                0.7200
    66    4   -1    -46.    -20.   -0.14077E+17    0.50934E+15   -0.37157E+17   -0.44183E+17   -0.96091E+16   -0.17297E+17                0.7158
    66    5   -3    -31.     -4.   -0.13582E+17    0.61111E+16   -0.22156E+17   -0.40379E+17   -0.27335E+16   -0.22565E+16                0.7071
    66    5   -2    -36.     -7.   -0.14016E+17    0.37128E+16   -0.25767E+17   -0.41331E+17   -0.45577E+16   -0.40917E+16                0.7074
    67    4   -5     34.     -4.   -0.98320E+16    0.80256E+16   -0.72084E+16   -0.44136E+17    0.90757E+16   -0.15974E+16                0.8419
    67    4   -4      9.     -9.   -0.10551E+17    0.36244E+16   -0.14994E+17   -0.46192E+17    0.68675E+16   -0.47773E+16                0.8451
    67    4   -3    -11.    -13.   -0.11175E+17   -0.81808E+15   -0.22660E+17   -0.47914E+17    0.45535E+16   -0.79798E+16                0.8405
    67    5   -6     59.     17.   -0.92865E+16    0.62782E+16   -0.18065E+16   -0.42669E+17    0.14841E+17    0.90131E+16                0.8407
    67    5   -5     43.     13.   -0.10032E+17    0.30770E+16   -0.77924E+16   -0.44559E+17    0.13014E+17    0.68661E+16                0.8508
    67    5   -4     25.      9.   -0.10686E+17   -0.17479E+15   -0.13722E+17   -0.46124E+17    0.11039E+17    0.46252E+16                0.8520
    67    5   -3      7.      4.   -0.11243E+17   -0.34464E+16   -0.19539E+17   -0.47347E+17    0.89356E+16    0.23132E+16                0.8442
    67    6   -6     60.     28.   -0.92940E+16    0.29658E+16   -0.29294E+16   -0.42012E+17    0.19078E+17    0.16697E+17                0.8399
    67    6   -5     47.     26.   -0.99901E+16    0.81352E+15   -0.74717E+16   -0.43296E+17    0.17511E+17    0.15432E+17                0.8457
    67    6   -4     34.     23.   -0.10594E+17   -0.13612E+16   -0.11951E+17   -0.44254E+17    0.15768E+17    0.14027E+17                0.8417
    68    3    1    -56.    -25.   -0.20152E+17    0.18863E+17   -0.46106E+17   -0.42811E+17   -0.23966E+17   -0.30855E+17                0.6598
    68    3    2    -53.    -26.   -0.20723E+17    0.16286E+17   -0.45583E+17   -0.43722E+17   -0.25305E+17   -0.32000E+17                0.6684
    68    3    3    -50.    -27.   -0.21110E+17    0.13576E+17   -0.44634E+17   -0.44316E+17   -0.26484E+17   -0.32956E+17                0.6675
    68    3    4    -47.    -27.   -0.21309E+17    0.10759E+17   -0.43271E+17   -0.44587E+17   -0.27490E+17   -0.33714E+17                0.6572
    68    4    1    -51.    -19.   -0.20537E+17    0.13829E+17   -0.36155E+17   -0.40670E+17   -0.20793E+17   -0.17867E+17                0.6533
    68    4    2    -48.    -19.   -0.21128E+17    0.11694E+17   -0.35560E+17   -0.41159E+17   -0.21702E+17   -0.18082E+17                0.6619
    68    4    3    -45.    -19.   -0.21532E+17    0.94556E+16   -0.34636E+17   -0.41344E+17   -0.22469E+17   -0.18196E+17                0.6612
    68    4    4    -42.    -19.   -0.21744E+17    0.71342E+16   -0.33393E+17   -0.41222E+17   -0.23087E+17   -0.18207E+17                0.6513
    68    5    2    -43.     -8.   -0.21528E+17    0.89812E+16   -0.28838E+17   -0.38357E+17   -0.18274E+17   -0.59957E+16                0.6515
    68    5    3    -40.     -8.   -0.21960E+17    0.72591E+16   -0.27978E+17   -0.38368E+17   -0.18915E+17   -0.57889E+16                0.6516
    69    3   -4    -48.    -29.   -0.15191E+17    0.19932E+16   -0.46405E+17   -0.38104E+17   -0.24463E+17   -0.34255E+17                0.7863
    69    3   -3    -49.    -29.   -0.15125E+17    0.30424E+16   -0.50752E+17   -0.38900E+17   -0.25898E+17   -0.36346E+17                0.7963
    69    3   -2    -50.    -29.   -0.14925E+17    0.40638E+16   -0.54567E+17   -0.39460E+17   -0.27203E+17   -0.38265E+17                0.7959
    69    3   -1    -51.    -29.   -0.14592E+17    0.50486E+16   -0.57812E+17   -0.39776E+17   -0.28363E+17   -0.39990E+17                0.7850
    69    4   -4    -45.    -19.   -0.16506E+17    0.30132E+16   -0.33126E+17   -0.31349E+17   -0.17972E+17   -0.15305E+17                0.7730
    69    4   -3    -48.    -20.   -0.16464E+17    0.33877E+16   -0.36793E+17   -0.32109E+17   -0.19435E+17   -0.17085E+17                0.7847
    69    4   -2    -49.    -21.   -0.16276E+17    0.37300E+16   -0.40076E+17   -0.32671E+17   -0.20803E+17   -0.18802E+17                0.7864
    69    4   -1    -51.    -21.   -0.15945E+17    0.40376E+16   -0.42943E+17   -0.33027E+17   -0.22061E+17   -0.20437E+17                0.7782
    69    5   -3    -43.     -7.   -0.17760E+17    0.34222E+16   -0.28884E+17   -0.27982E+17   -0.15691E+17   -0.45017E+16                0.7764
    69    5   -2    -46.     -9.   -0.17593E+17    0.34805E+16   -0.31686E+17   -0.28432E+17   -0.17014E+17   -0.59066E+16                0.7784
    70    3   -3    -42.    -34.   -0.14005E+17   -0.10273E+17   -0.41445E+17   -0.43031E+17   -0.36937E+17   -0.48538E+17                0.8674
    70    3   -2    -42.    -34.   -0.13651E+17   -0.12761E+17   -0.45457E+17   -0.43372E+17   -0.38019E+17   -0.49754E+17                0.8695
    70    4   -2    -41.    -25.   -0.15662E+17   -0.48064E+16   -0.33616E+17   -0.33602E+17   -0.28212E+17   -0.23905E+17                0.8714
    70    4   -1    -41.    -25.   -0.15217E+17   -0.66914E+16   -0.36612E+17   -0.33832E+17   -0.29246E+17   -0.25017E+17                0.8697
    70    5   -2    -37.    -10.   -0.17518E+17   -0.14564E+16   -0.27933E+17   -0.27135E+17   -0.21717E+17   -0.68171E+16                0.8706
    70    5   -1    -38.    -11.   -0.17096E+17   -0.29955E+16   -0.30559E+17   -0.27378E+17   -0.22783E+17   -0.78708E+16                0.8722
    70    6   -2    -20.     15.   -0.19185E+17    0.26106E+14   -0.22950E+17   -0.21612E+17   -0.16142E+17    0.75920E+16                0.8674
    70    6   -1    -23.     14.   -0.18785E+17   -0.12169E+16   -0.25176E+17   -0.21809E+17   -0.17184E+17    0.67119E+16                0.8712
    70    6    0    -26.     12.   -0.18220E+17   -0.24505E+16   -0.27140E+17   -0.21901E+17   -0.18154E+17    0.57400E+16                0.8663
    70    7   -1     -6.     31.   -0.20202E+17   -0.30858E+15   -0.21683E+17   -0.17912E+17   -0.13231E+17    0.17377E+17                0.8682
    71    3   -5    -57.    -23.   -0.12603E+17    0.97005E+16   -0.35249E+17   -0.33782E+17   -0.10937E+17   -0.19474E+17                0.6475
    71    3   -4    -56.    -25.   -0.12829E+17    0.72620E+16   -0.38985E+17   -0.35293E+17   -0.12811E+17   -0.22367E+17                0.6664
    71    3   -3    -55.    -26.   -0.12935E+17    0.47420E+16   -0.42350E+17   -0.36576E+17   -0.14634E+17   -0.25164E+17                0.6762
    71    3   -2    -53.    -27.   -0.12920E+17    0.21665E+16   -0.45310E+17   -0.37618E+17   -0.16387E+17   -0.27837E+17                0.6765
    71    3   -1    -51.    -27.   -0.12783E+17   -0.43781E+15   -0.47835E+17   -0.38407E+17   -0.18052E+17   -0.30357E+17                0.6672
    71    3    0    -50.    -28.   -0.12526E+17   -0.30434E+16   -0.49901E+17   -0.38933E+17   -0.19610E+17   -0.32697E+17                0.6488
    71    4   -4    -51.    -14.   -0.13115E+17    0.93205E+16   -0.26052E+17   -0.31681E+17   -0.78734E+16   -0.89646E+16                0.6444
    71    4   -3    -51.    -16.   -0.13198E+17    0.71150E+16   -0.28302E+17   -0.32819E+17   -0.95620E+16   -0.11133E+17                0.6519
    71    4   -2    -50.    -18.   -0.13158E+17    0.48279E+16   -0.30279E+17   -0.33734E+17   -0.11207E+17   -0.13257E+17                0.6505
    71    4   -1    -50.    -20.   -0.12993E+17    0.24819E+16   -0.31964E+17   -0.34416E+17   -0.12793E+17   -0.15317E+17                0.6402
    72    3    0    -52.    -32.   -0.18040E+17    0.16638E+17   -0.44515E+17   -0.40189E+17   -0.31182E+17   -0.42179E+17                0.7400
    72    3    1    -49.    -33.   -0.18107E+17    0.14230E+17   -0.42165E+17   -0.41278E+17   -0.33056E+17   -0.44471E+17                0.7408
    72    4    1    -46.    -21.   -0.18864E+17    0.89809E+16   -0.32958E+17   -0.31317E+17   -0.22475E+17   -0.18526E+17                0.7372
    72    5    0    -46.     -6.   -0.19485E+17    0.89998E+16   -0.27839E+17   -0.25851E+17   -0.16150E+17   -0.34003E+16                0.7363
    72    5    1    -42.     -7.   -0.19529E+17    0.74289E+16   -0.26661E+17   -0.26575E+17   -0.17723E+17   -0.44880E+16                0.7412
    72    6    1    -23.     16.   -0.20156E+17    0.56611E+16   -0.21341E+17   -0.21999E+17   -0.13345E+17    0.77532E+16                0.7408
    72    6    2    -21.     15.   -0.20010E+17    0.43463E+16   -0.20237E+17   -0.22388E+17   -0.14661E+17    0.71267E+16                0.7353
    72    7    1     -7.     31.   -0.20781E+17    0.46124E+16   -0.18015E+17   -0.18821E+17   -0.10280E+17    0.16659E+17                0.7390
    72    8    1      2.     40.   -0.21364E+17    0.42535E+16   -0.15766E+17   -0.16634E+17   -0.85915E+16    0.23252E+17                0.7396
    72    9    1      9.     46.   -0.21965E+17    0.36801E+16   -0.14182E+17   -0.14757E+17   -0.71500E+16    0.28600E+17                0.7373
    73    3   -4    -45.    -31.   -0.10712E+17    0.58234E+16   -0.23745E+17   -0.40942E+17   -0.19656E+17   -0.30609E+17                0.6700
    73    3   -3    -48.    -31.   -0.10942E+17    0.40016E+16   -0.29078E+17   -0.41564E+17   -0.20923E+17   -0.32391E+17                0.6788
    73    3   -2    -50.    -31.   -0.11073E+17    0.21511E+16   -0.34119E+17   -0.41910E+17   -0.22087E+17   -0.34013E+17                0.6797
    73    3   -1    -51.    -31.   -0.11103E+17    0.29202E+15   -0.38820E+17   -0.41976E+17   -0.23135E+17   -0.35453E+17                0.6727
    73    4   -4    -45.    -19.   -0.10981E+17    0.28776E+16   -0.20930E+17   -0.36177E+17   -0.13954E+17   -0.13714E+17                0.6656
    73    4   -3    -48.    -20.   -0.11225E+17    0.17069E+16   -0.24846E+17   -0.36803E+17   -0.15305E+17   -0.15306E+17                0.6754
    73    4   -2    -50.    -21.   -0.11367E+17    0.51406E+15   -0.28514E+17   -0.37181E+17   -0.16586E+17   -0.16840E+17                0.6773
    73    4   -1    -52.    -21.   -0.11405E+17   -0.68817E+15   -0.31901E+17   -0.37308E+17   -0.17782E+17   -0.18301E+17                0.6711
    73    5   -3    -47.     -4.   -0.11379E+17    0.27824E+15   -0.20669E+17   -0.33260E+17   -0.11202E+17   -0.22712E+16                0.6673
    73    5   -2    -50.     -6.   -0.11528E+17   -0.50952E+15   -0.23573E+17   -0.33507E+17   -0.12463E+17   -0.35264E+16                0.6682
    74    3   -3    -48.    -29.   -0.13197E+17    0.13830E+16   -0.39292E+17   -0.36062E+17   -0.20862E+17   -0.30513E+17                0.6614
    74    3   -2    -47.    -30.   -0.13287E+17   -0.50381E+15   -0.41368E+17   -0.37190E+17   -0.22259E+17   -0.32537E+17                0.6766
    74    3   -1    -47.    -30.   -0.13256E+17   -0.24039E+16   -0.43041E+17   -0.38075E+17   -0.23530E+17   -0.34385E+17                0.6815
    74    3    0    -46.    -31.   -0.13103E+17   -0.42975E+16   -0.44294E+17   -0.38710E+17   -0.24663E+17   -0.36036E+17                0.6759
    74    3    1    -45.    -31.   -0.12830E+17   -0.61649E+16   -0.45116E+17   -0.39085E+17   -0.25644E+17   -0.37473E+17                0.6600
    74    4   -2    -46.    -20.   -0.13769E+17    0.20343E+15   -0.30040E+17   -0.31144E+17   -0.15669E+17   -0.14466E+17                0.6589
    74    4   -1    -45.    -21.   -0.13747E+17   -0.13656E+16   -0.31383E+17   -0.31932E+17   -0.16863E+17   -0.15901E+17                0.6655
    74    4    0    -45.    -21.   -0.13600E+17   -0.29381E+16   -0.32420E+17   -0.32508E+17   -0.17959E+17   -0.17258E+17                0.6620
    74    5   -1    -42.     -7.   -0.14193E+17   -0.60911E+15   -0.24242E+17   -0.28085E+17   -0.12814E+17   -0.38072E+16                0.6524
    74    5    0    -42.     -8.   -0.14045E+17   -0.18739E+16   -0.25127E+17   -0.28490E+17   -0.13777E+17   -0.47919E+16                0.6492
    75    3   -4    -44.    -33.   -0.18123E+17    0.35353E+16   -0.50482E+17   -0.41085E+17   -0.30576E+17   -0.46116E+17                0.8272
    75    3   -3    -45.    -33.   -0.17886E+17    0.43809E+16   -0.56179E+17   -0.42180E+17   -0.32393E+17   -0.48605E+17                0.8360
    75    3   -2    -47.    -33.   -0.17489E+17    0.51775E+16   -0.61274E+17   -0.43047E+17   -0.34061E+17   -0.50876E+17                0.8344
    75    4   -3    -48.    -24.   -0.19005E+17    0.95684E+16   -0.41231E+17   -0.32774E+17   -0.23272E+17   -0.23765E+17                0.8323
    75    4   -2    -51.    -24.   -0.18652E+17    0.10347E+17   -0.45543E+17   -0.33563E+17   -0.24935E+17   -0.25696E+17                0.8346
    75    4   -1    -52.    -24.   -0.18134E+17    0.11016E+17   -0.49371E+17   -0.34171E+17   -0.26483E+17   -0.27528E+17                0.8270
    75    5   -3    -52.    -11.   -0.19949E+17    0.11473E+17   -0.34096E+17   -0.26836E+17   -0.17558E+17   -0.76570E+16                0.8274
    75    5   -2    -55.    -12.   -0.19634E+17    0.12281E+17   -0.37867E+17   -0.27494E+17   -0.19159E+17   -0.92329E+16                0.8310
    75    5   -1    -57.    -13.   -0.19144E+17    0.12960E+17   -0.41237E+17   -0.28009E+17   -0.20681E+17   -0.10807E+17                0.8250
    75    6   -2    -48.      9.   -0.20520E+17    0.11673E+17   -0.31074E+17   -0.22219E+17   -0.14101E+17    0.48053E+16                0.8258
    76    3   -1    -51.    -26.   -0.15077E+17   -0.11642E+16   -0.54183E+17   -0.43637E+17   -0.20339E+17   -0.31694E+17                0.7389
    76    3    0    -51.    -26.   -0.15567E+17   -0.84964E+15   -0.54599E+17   -0.44078E+17   -0.20893E+17   -0.32215E+17                0.7462
    76    3    1    -50.    -26.   -0.15925E+17   -0.45048E+15   -0.54492E+17   -0.44177E+17   -0.21308E+17   -0.32504E+17                0.7415
    76    3    2    -50.    -26.   -0.16148E+17    0.29914E+14   -0.53863E+17   -0.43931E+17   -0.21580E+17   -0.32553E+17                0.7249
    76    4   -1    -50.    -20.   -0.14837E+17   -0.43540E+16   -0.47609E+17   -0.41671E+17   -0.16997E+17   -0.20040E+17                0.7392
    76    4    0    -50.    -20.   -0.15306E+17   -0.45748E+16   -0.48088E+17   -0.42135E+17   -0.17495E+17   -0.20418E+17                0.7464
    76    4    1    -49.    -20.   -0.15643E+17   -0.47132E+16   -0.48112E+17   -0.42271E+17   -0.17877E+17   -0.20648E+17                0.7416
    76    5   -1    -49.    -11.   -0.14897E+17   -0.65302E+16   -0.42499E+17   -0.39159E+17   -0.13740E+17   -0.87175E+16                0.7260
    76    5    0    -49.    -11.   -0.15386E+17   -0.68063E+16   -0.42925E+17   -0.39595E+17   -0.14223E+17   -0.89434E+16                0.7324
    76    5    1    -48.    -11.   -0.15742E+17   -0.69922E+16   -0.42945E+17   -0.39723E+17   -0.14613E+17   -0.91028E+16                0.7270
    77    3   -3    -53.    -31.   -0.16507E+17    0.92679E+16   -0.60725E+17   -0.44961E+17   -0.30471E+17   -0.46075E+17                0.8374
    77    3   -2    -53.    -30.   -0.16413E+17    0.11215E+17   -0.65931E+17   -0.45466E+17   -0.31989E+17   -0.48379E+17                0.8407
    77    3   -1    -54.    -30.   -0.16172E+17    0.13060E+17   -0.70437E+17   -0.45712E+17   -0.33356E+17   -0.50460E+17                0.8338
    77    4   -3    -58.    -22.   -0.17506E+17    0.13602E+17   -0.45329E+17   -0.37012E+17   -0.22788E+17   -0.23234E+17                0.8337
    77    4   -2    -60.    -22.   -0.17464E+17    0.15203E+17   -0.49887E+17   -0.37571E+17   -0.24461E+17   -0.25449E+17                0.8405
    77    4   -1    -61.    -23.   -0.17267E+17    0.16656E+17   -0.53920E+17   -0.37912E+17   -0.26021E+17   -0.27563E+17                0.8376
    77    5   -3    -63.    -10.   -0.18409E+17    0.14630E+17   -0.37243E+17   -0.31721E+17   -0.17791E+17   -0.76208E+16                0.8277
    77    5   -2    -65.    -11.   -0.18416E+17    0.16055E+17   -0.41218E+17   -0.32169E+17   -0.19458E+17   -0.95340E+16                0.8349
    77    5   -1    -67.    -13.   -0.18260E+17    0.17323E+17   -0.44761E+17   -0.32430E+17   -0.21041E+17   -0.11439E+17                0.8325
    77    6   -2    -59.      8.   -0.19349E+17    0.14503E+17   -0.33619E+17   -0.26897E+17   -0.14556E+17    0.48667E+16                0.8275
    78    3   -5    -13.    -21.   -0.11002E+17    0.14832E+17   -0.12220E+17   -0.40606E+17   -0.21831E+16   -0.13136E+17                0.7216
    78    3   -4    -26.    -23.   -0.11512E+17    0.10299E+17   -0.19760E+17   -0.42502E+17   -0.43017E+16   -0.16589E+17                0.7291
    78    3   -3    -36.    -24.   -0.11918E+17    0.56962E+16   -0.27125E+17   -0.44089E+17   -0.64319E+16   -0.19977E+17                0.7296
    78    3   -2    -42.    -25.   -0.12214E+17    0.10717E+16   -0.34245E+17   -0.45348E+17   -0.85504E+16   -0.23262E+17                0.7232
    78    4   -5     -1.     -7.   -0.11425E+17    0.12647E+17   -0.11367E+17   -0.39421E+17    0.19373E+16   -0.34858E+16                0.7242
    78    4   -4    -15.    -11.   -0.11861E+17    0.91457E+16   -0.16475E+17   -0.41194E+17   -0.75359E+14   -0.62632E+16                0.7309
    78    4   -3    -25.    -14.   -0.12189E+17    0.55536E+16   -0.21442E+17   -0.42669E+17   -0.21276E+16   -0.90415E+16                0.7301
    78    4   -2    -33.    -17.   -0.12403E+17    0.19063E+16   -0.26223E+17   -0.43829E+17   -0.41979E+16   -0.11791E+17                0.7216
    78    5   -5     16.      9.   -0.11698E+17    0.10318E+17   -0.88977E+16   -0.39006E+17    0.47813E+16    0.43885E+16                0.7225
    78    5   -4      3.      5.   -0.12072E+17    0.76532E+16   -0.12668E+17   -0.40336E+17    0.30835E+16    0.25301E+16                0.7268
    78    5   -3     -9.      1.   -0.12335E+17    0.49044E+16   -0.16327E+17   -0.41369E+17    0.13299E+16    0.62240E+15                0.7228
    79    3    1    -36.    -31.   -0.19774E+17   -0.31934E+16   -0.45702E+17   -0.37868E+17   -0.26994E+17   -0.37598E+17                0.8446
    79    3    2    -33.    -33.   -0.20078E+17   -0.49177E+16   -0.38152E+17   -0.38726E+17   -0.28106E+17   -0.38941E+17                0.8457
    79    4    2    -20.    -21.   -0.21672E+17   -0.36459E+16   -0.27359E+17   -0.29971E+17   -0.18119E+17   -0.15904E+17                0.8408
    79    4    3    -16.    -23.   -0.21735E+17   -0.50740E+16   -0.22301E+17   -0.30834E+17   -0.19325E+17   -0.17168E+17                0.8400
    79    5    2     -3.     -7.   -0.23002E+17   -0.96673E+15   -0.19618E+17   -0.25725E+17   -0.13294E+17   -0.34655E+16                0.8440
    79    5    3      2.     -8.   -0.23017E+17   -0.21375E+16   -0.16052E+17   -0.26265E+17   -0.14152E+17   -0.40777E+16                0.8445
    79    6    2     21.     14.   -0.24091E+17   -0.36050E+15   -0.14181E+17   -0.21750E+17   -0.91062E+16    0.68109E+16                0.8433
    79    6    3     26.     14.   -0.24066E+17   -0.12874E+16   -0.11614E+17   -0.22150E+17   -0.98043E+16    0.65521E+16                0.8444
    79    7    2     34.     26.   -0.25106E+17   -0.11176E+15   -0.10944E+17   -0.19177E+17   -0.62270E+16    0.14051E+17                0.8399
    79    7    3     38.     26.   -0.25050E+17   -0.89002E+15   -0.89556E+16   -0.19545E+17   -0.68776E+16    0.13998E+17                0.8418
    80    3   -2    -29.    -32.   -0.10674E+17   -0.10322E+17   -0.12617E+17   -0.35834E+17   -0.15073E+17   -0.25691E+17                0.6937
    80    3   -1    -31.    -32.   -0.10606E+17   -0.11200E+17   -0.15869E+17   -0.36953E+17   -0.16048E+17   -0.27171E+17                0.7098
    80    3    0    -33.    -32.   -0.10439E+17   -0.12049E+17   -0.18958E+17   -0.37830E+17   -0.16940E+17   -0.28516E+17                0.7157
    80    3    1    -35.    -32.   -0.10172E+17   -0.12858E+17   -0.21854E+17   -0.38455E+17   -0.17739E+17   -0.29712E+17                0.7111
    80    3    2    -37.    -32.   -0.98078E+16   -0.13615E+17   -0.24527E+17   -0.38824E+17   -0.18435E+17   -0.30745E+17                0.6962
    80    4   -1    -19.    -18.   -0.10765E+17   -0.10068E+17   -0.11645E+17   -0.31189E+17   -0.84073E+16   -0.94572E+16                0.7050
    80    4    0    -24.    -19.   -0.10592E+17   -0.97383E+16   -0.13805E+17   -0.31894E+17   -0.91220E+16   -0.10341E+17                0.7087
    80    4    1    -28.    -19.   -0.10318E+17   -0.93749E+16   -0.15822E+17   -0.32390E+17   -0.97972E+16   -0.11197E+17                0.7019
    80    5   -1      0.      5.   -0.10929E+17   -0.87222E+16   -0.86533E+16   -0.27880E+17   -0.35463E+16    0.16748E+16                0.6991
    80    5    0     -7.      3.   -0.10749E+17   -0.79707E+16   -0.10278E+17   -0.28413E+17   -0.40917E+16    0.11607E+16                0.7006
    81    3   -4    -53.    -26.   -0.12200E+17    0.53935E+16   -0.35697E+17   -0.37352E+17   -0.14908E+17   -0.24366E+17                0.6196
    81    3   -3    -52.    -26.   -0.12642E+17    0.33181E+16   -0.38555E+17   -0.38514E+17   -0.16089E+17   -0.25969E+17                0.6405
    81    3   -2    -51.    -27.   -0.12969E+17    0.12518E+16   -0.41049E+17   -0.39382E+17   -0.17164E+17   -0.27394E+17                0.6525
    81    3   -1    -50.    -27.   -0.13175E+17   -0.78297E+15   -0.43155E+17   -0.39944E+17   -0.18118E+17   -0.28624E+17                0.6551
    81    3    0    -49.    -27.   -0.13259E+17   -0.27646E+16   -0.44854E+17   -0.40194E+17   -0.18942E+17   -0.29643E+17                0.6481
    81    3    1    -48.    -27.   -0.13220E+17   -0.46720E+16   -0.46130E+17   -0.40124E+17   -0.19624E+17   -0.30439E+17                0.6315
    81    4   -3    -48.    -20.   -0.12487E+17    0.20364E+16   -0.29622E+17   -0.36185E+17   -0.12831E+17   -0.14883E+17                0.6231
    81    4   -2    -48.    -20.   -0.12779E+17    0.13418E+14   -0.31550E+17   -0.36913E+17   -0.13724E+17   -0.15826E+17                0.6333
    81    4   -1    -47.    -20.   -0.12953E+17   -0.19909E+16   -0.33182E+17   -0.37355E+17   -0.14522E+17   -0.16657E+17                0.6345
    81    4    0    -46.    -21.   -0.13005E+17   -0.39566E+16   -0.34502E+17   -0.37504E+17   -0.15214E+17   -0.17367E+17                0.6264
    82    3   -4    -54.    -29.   -0.15126E+17    0.12322E+17   -0.41275E+17   -0.43615E+17   -0.22508E+17   -0.34186E+17                0.7826
    82    3   -3    -58.    -29.   -0.15308E+17    0.15014E+17   -0.46614E+17   -0.43657E+17   -0.23611E+17   -0.35967E+17                0.7921
    82    3   -2    -61.    -28.   -0.15353E+17    0.17566E+17   -0.51455E+17   -0.43453E+17   -0.24637E+17   -0.37631E+17                0.7927
    82    3   -1    -63.    -28.   -0.15261E+17    0.19953E+17   -0.55749E+17   -0.43002E+17   -0.25571E+17   -0.39156E+17                0.7841
    82    4   -4    -54.    -18.   -0.15641E+17    0.12019E+17   -0.32457E+17   -0.38071E+17   -0.16392E+17   -0.15514E+17                0.7820
    82    4   -3    -59.    -19.   -0.15849E+17    0.14203E+17   -0.36985E+17   -0.38398E+17   -0.17906E+17   -0.17629E+17                0.7927
    82    4   -2    -63.    -20.   -0.15916E+17    0.16246E+17   -0.41123E+17   -0.38498E+17   -0.19364E+17   -0.19710E+17                0.7945
    82    4   -1    -66.    -21.   -0.15841E+17    0.18127E+17   -0.44830E+17   -0.38367E+17   -0.20747E+17   -0.21734E+17                0.7874
    82    5   -3    -60.     -6.   -0.16263E+17    0.12557E+17   -0.30277E+17   -0.34687E+17   -0.13803E+17   -0.39314E+16                0.7867
    82    5   -2    -64.     -8.   -0.16342E+17    0.14278E+17   -0.33795E+17   -0.34754E+17   -0.15357E+17   -0.58763E+16                0.7872
    83    3    0    -44.    -31.   -0.12593E+17   -0.23022E+16   -0.29989E+17   -0.42321E+17   -0.23646E+17   -0.33966E+17                0.7739
    83    3    1    -44.    -31.   -0.12552E+17   -0.40503E+16   -0.31546E+17   -0.42278E+17   -0.24280E+17   -0.34076E+17                0.7754
    83    3    2    -44.    -31.   -0.12394E+17   -0.58210E+16   -0.32775E+17   -0.41956E+17   -0.24781E+17   -0.34010E+17                0.7646
    83    4    0    -42.    -17.   -0.12656E+17   -0.35510E+16   -0.25519E+17   -0.35277E+17   -0.14718E+17   -0.12402E+17                0.7758
    83    4    1    -43.    -17.   -0.12626E+17   -0.38386E+16   -0.26157E+17   -0.35105E+17   -0.15241E+17   -0.12285E+17                0.7765
    83    4    2    -44.    -17.   -0.12477E+17   -0.41420E+16   -0.26520E+17   -0.34702E+17   -0.15693E+17   -0.12136E+17                0.7646
    83    5    0    -38.      3.   -0.12756E+17   -0.35611E+16   -0.21736E+17   -0.31214E+17   -0.92168E+16    0.13196E+16                0.7759
    83    5    1    -39.      3.   -0.12728E+17   -0.32728E+16   -0.21974E+17   -0.30945E+17   -0.96509E+16    0.15872E+16                0.7756
    83    6    0    -17.     27.   -0.12904E+17   -0.31270E+16   -0.17955E+17   -0.27705E+17   -0.45831E+16    0.12712E+17                0.7720
    83    6    1    -18.     27.   -0.12876E+17   -0.26479E+16   -0.18011E+17   -0.27397E+17   -0.49774E+16    0.13040E+17                0.7712
    83    7    0     -5.     39.   -0.13089E+17   -0.26932E+16   -0.15620E+17   -0.25290E+17   -0.12723E+16    0.20910E+17                0.7654
    84    3   -3    -45.    -31.   -0.13144E+17    0.12326E+17   -0.24614E+17   -0.43770E+17   -0.21864E+17   -0.32759E+17                0.7015
    84    3   -2    -48.    -30.   -0.13258E+17    0.12789E+17   -0.28781E+17   -0.43498E+17   -0.22245E+17   -0.33521E+17                0.7032
    84    3   -1    -51.    -30.   -0.13256E+17    0.13153E+17   -0.32660E+17   -0.42934E+17   -0.22518E+17   -0.34113E+17                0.6959
    84    4   -4    -42.    -20.   -0.13370E+17    0.63617E+16   -0.20611E+17   -0.39735E+17   -0.15845E+17   -0.15140E+17                0.6920
    84    4   -3    -45.    -20.   -0.13599E+17    0.67162E+16   -0.24123E+17   -0.40109E+17   -0.16751E+17   -0.16530E+17                0.7030
    84    4   -2    -49.    -21.   -0.13709E+17    0.70057E+16   -0.27398E+17   -0.40212E+17   -0.17583E+17   -0.17858E+17                0.7051
    84    4   -1    -51.    -21.   -0.13698E+17    0.72282E+16   -0.30406E+17   -0.40040E+17   -0.18331E+17   -0.19108E+17                0.6982
    84    5   -3    -44.     -5.   -0.13938E+17    0.33399E+16   -0.21468E+17   -0.37250E+17   -0.12916E+17   -0.33255E+16                0.7003
    84    5   -2    -48.     -7.   -0.14035E+17    0.36269E+16   -0.24115E+17   -0.37337E+17   -0.13858E+17   -0.46111E+16                0.7008
    84    5   -1    -51.     -9.   -0.14009E+17    0.38726E+16   -0.26527E+17   -0.37166E+17   -0.14737E+17   -0.58986E+16                0.6923
    85    3   -2    -56.    -28.   -0.17200E+17    0.13542E+17   -0.50262E+17   -0.41264E+17   -0.22715E+17   -0.35272E+17                0.7412
    85    3   -1    -53.    -29.   -0.17461E+17    0.11324E+17   -0.50935E+17   -0.42867E+17   -0.25344E+17   -0.38759E+17                0.7487
    85    3    0    -51.    -31.   -0.17565E+17    0.89879E+16   -0.51119E+17   -0.44194E+17   -0.27834E+17   -0.42029E+17                0.7454
    85    3    1    -49.    -32.   -0.17512E+17    0.65556E+16   -0.50815E+17   -0.45230E+17   -0.30163E+17   -0.45052E+17                0.7313
    85    4   -2    -59.    -18.   -0.17956E+17    0.14568E+17   -0.39391E+17   -0.35843E+17   -0.15684E+17   -0.16309E+17                0.7322
    85    4   -1    -55.    -20.   -0.18190E+17    0.12327E+17   -0.39918E+17   -0.37146E+17   -0.18054E+17   -0.18808E+17                0.7397
    85    4    0    -52.    -21.   -0.18261E+17    0.99501E+16   -0.40063E+17   -0.38203E+17   -0.20328E+17   -0.21209E+17                0.7368
    85    5   -2    -57.     -6.   -0.18639E+17    0.14382E+17   -0.31146E+17   -0.33137E+17   -0.12324E+17   -0.42293E+16                0.7293
    85    5   -1    -54.     -8.   -0.18843E+17    0.12455E+17   -0.31554E+17   -0.33977E+17   -0.14301E+17   -0.57395E+16                0.7358
    85    5    0    -52.    -10.   -0.18877E+17    0.10393E+17   -0.31657E+17   -0.34589E+17   -0.16203E+17   -0.72328E+16                0.7319
    86    3   -2    -34.    -28.   -0.16405E+17   -0.61727E+16   -0.44576E+17   -0.29001E+17   -0.16187E+17   -0.26658E+17                0.7183
    86    3   -1    -29.    -30.   -0.16640E+17   -0.10755E+17   -0.40535E+17   -0.30486E+17   -0.18432E+17   -0.29761E+17                0.7371
    86    3    0    -25.    -33.   -0.16724E+17   -0.15308E+17   -0.36100E+17   -0.31775E+17   -0.20552E+17   -0.32673E+17                0.7476
    86    3    1    -23.    -34.   -0.16654E+17   -0.19784E+17   -0.31317E+17   -0.32859E+17   -0.22528E+17   -0.35370E+17                0.7495
    86    3    2    -23.    -35.   -0.16431E+17   -0.24138E+17   -0.26237E+17   -0.33731E+17   -0.24344E+17   -0.37830E+17                0.7428
    86    3    3    -25.    -36.   -0.16055E+17   -0.28321E+17   -0.20913E+17   -0.34384E+17   -0.25983E+17   -0.40034E+17                0.7279
    86    4    0     -2.    -23.   -0.17622E+17   -0.99306E+16   -0.18705E+17   -0.24115E+17   -0.10708E+17   -0.12332E+17                0.7130
    86    4    1     -4.    -25.   -0.17469E+17   -0.13652E+17   -0.16013E+17   -0.25341E+17   -0.13016E+17   -0.14959E+17                0.7194
    86    4    2     -9.    -27.   -0.17155E+17   -0.17291E+17   -0.13172E+17   -0.26413E+17   -0.15235E+17   -0.17498E+17                0.7175
    86    5    1     19.    -12.   -0.18079E+17   -0.89461E+16   -0.89026E+16   -0.22041E+17   -0.84843E+16   -0.45030E+16                0.7086
    87    3   -2    -57.    -25.   -0.16102E+17    0.23430E+17   -0.36112E+17   -0.39662E+17   -0.16451E+17   -0.25309E+17                0.6089
    87    3   -1    -58.    -26.   -0.16584E+17    0.21445E+17   -0.38839E+17   -0.40876E+17   -0.18317E+17   -0.27811E+17                0.6183
    87    3    0    -57.    -26.   -0.16922E+17    0.19288E+17   -0.41200E+17   -0.41810E+17   -0.20091E+17   -0.30172E+17                0.6190
    87    3    1    -56.    -27.   -0.17112E+17    0.16977E+17   -0.43174E+17   -0.42451E+17   -0.21755E+17   -0.32364E+17                0.6109
    87    4   -2    -52.    -18.   -0.16685E+17    0.19195E+17   -0.30024E+17   -0.39269E+17   -0.14782E+17   -0.15944E+17                0.6089
    87    4   -1    -52.    -20.   -0.17154E+17    0.17365E+17   -0.31841E+17   -0.40299E+17   -0.16423E+17   -0.17703E+17                0.6175
    87    4    0    -52.    -20.   -0.17473E+17    0.15381E+17   -0.33362E+17   -0.41043E+17   -0.17975E+17   -0.19369E+17                0.6174
    87    4    1    -51.    -21.   -0.17640E+17    0.13262E+17   -0.34573E+17   -0.41492E+17   -0.19420E+17   -0.20924E+17                0.6085
    87    5   -1    -48.    -10.   -0.17549E+17    0.14168E+17   -0.26128E+17   -0.38448E+17   -0.13549E+17   -0.68318E+16                0.6072
    87    5    0    -48.    -11.   -0.17864E+17    0.12511E+17   -0.27215E+17   -0.38965E+17   -0.14916E+17   -0.79481E+16                0.6066
    88    3   -2    -54.    -27.   -0.14900E+17    0.72570E+16   -0.44527E+17   -0.41961E+17   -0.19273E+17   -0.30402E+17                0.7211
    88    3   -1    -53.    -27.   -0.15272E+17    0.60712E+16   -0.46318E+17   -0.42813E+17   -0.20703E+17   -0.32120E+17                0.7322
    88    3    0    -52.    -28.   -0.15509E+17    0.48508E+16   -0.47667E+17   -0.43361E+17   -0.22012E+17   -0.33644E+17                0.7320
    88    3    1    -51.    -28.   -0.15607E+17    0.36084E+16   -0.48562E+17   -0.43597E+17   -0.23187E+17   -0.34956E+17                0.7206
    88    4   -2    -53.    -18.   -0.15187E+17    0.54808E+16   -0.36540E+17   -0.38630E+17   -0.14665E+17   -0.15858E+17                0.7136
    88    4   -1    -52.    -19.   -0.15557E+17    0.43581E+16   -0.37877E+17   -0.39374E+17   -0.15973E+17   -0.17097E+17                0.7243
    88    4    0    -51.    -20.   -0.15788E+17    0.31953E+16   -0.38857E+17   -0.39832E+17   -0.17188E+17   -0.18236E+17                0.7240
    88    4    1    -50.    -20.   -0.15877E+17    0.20035E+16   -0.39473E+17   -0.40000E+17   -0.18297E+17   -0.19260E+17                0.7127
    88    5   -1    -50.     -8.   -0.15869E+17    0.36089E+16   -0.30766E+17   -0.36640E+17   -0.12692E+17   -0.51958E+16                0.7129
    88    5    0    -49.     -8.   -0.16097E+17    0.27043E+16   -0.31495E+17   -0.36900E+17   -0.13758E+17   -0.59182E+16                0.7115
    89    3    0    -45.    -32.   -0.18987E+17    0.33113E+16   -0.67301E+17   -0.44257E+17   -0.35842E+17   -0.52997E+17                0.8363
    89    5    0    -51.    -12.   -0.21744E+17    0.95384E+16   -0.46489E+17   -0.29552E+17   -0.21267E+17   -0.10710E+17                0.8360
    89    5    1    -48.    -14.   -0.21793E+17    0.77642E+16   -0.46163E+17   -0.30439E+17   -0.23539E+17   -0.12718E+17                0.8385
    89    6    0    -45.      7.   -0.22877E+17    0.90148E+16   -0.38215E+17   -0.24069E+17   -0.16282E+17    0.40322E+16                0.8347
    89    6    1    -43.      4.   -0.22920E+17    0.75411E+16   -0.38116E+17   -0.24664E+17   -0.18333E+17    0.27070E+16                0.8387
    89    7    1    -27.     24.   -0.24007E+17    0.71858E+16   -0.32942E+17   -0.20446E+17   -0.14362E+17    0.14191E+17                0.8362
    89    8    0    -19.     36.   -0.24956E+17    0.81754E+16   -0.28784E+17   -0.17425E+17   -0.10298E+17    0.23204E+17                0.8337
    89    8    1    -16.     34.   -0.24977E+17    0.70569E+16   -0.28909E+17   -0.17626E+17   -0.12081E+17    0.22749E+17                0.8387
    89    8    2    -14.     33.   -0.24778E+17    0.58667E+16   -0.28758E+17   -0.17723E+17   -0.13790E+17    0.22131E+17                0.8322
    89    9    1     -9.     42.   -0.25856E+17    0.64899E+16   -0.26064E+17   -0.15273E+17   -0.99192E+16    0.29697E+17                0.8365
    90    3    2    -55.    -29.   -0.20527E+17    0.27996E+17   -0.41614E+17   -0.42932E+17   -0.29687E+17   -0.39857E+17                0.6720
    90    3    3    -51.    -31.   -0.20840E+17    0.22664E+17   -0.41699E+17   -0.44329E+17   -0.32903E+17   -0.43469E+17                0.6762
    90    3    4    -47.    -32.   -0.20968E+17    0.17071E+17   -0.41412E+17   -0.45448E+17   -0.35918E+17   -0.46846E+17                0.6727
    90    3    5    -44.    -33.   -0.20908E+17    0.11271E+17   -0.40759E+17   -0.46277E+17   -0.38701E+17   -0.49952E+17                0.6616
    90    4    2    -54.    -20.   -0.20940E+17    0.20460E+17   -0.35044E+17   -0.37505E+17   -0.22268E+17   -0.19504E+17                0.6667
    90    4    3    -49.    -22.   -0.21259E+17    0.16505E+17   -0.34310E+17   -0.38380E+17   -0.25092E+17   -0.21848E+17                0.6724
    90    4    4    -45.    -23.   -0.21389E+17    0.12349E+17   -0.33267E+17   -0.39013E+17   -0.27765E+17   -0.24094E+17                0.6701
    90    5    2    -51.     -7.   -0.21349E+17    0.16579E+17   -0.28868E+17   -0.33822E+17   -0.17415E+17   -0.53978E+16                0.6624
    90    5    3    -46.     -9.   -0.21671E+17    0.13634E+17   -0.27984E+17   -0.34130E+17   -0.19829E+17   -0.66755E+16                0.6685
    90    5    4    -42.    -11.   -0.21800E+17    0.10525E+17   -0.26845E+17   -0.34220E+17   -0.22120E+17   -0.79490E+16                0.6662
    91    3    0    -54.    -31.   -0.12743E+17    0.80359E+16   -0.40846E+17   -0.41698E+17   -0.26979E+17   -0.37709E+17                0.7053
    91    3    1    -55.    -31.   -0.12678E+17    0.85430E+16   -0.42964E+17   -0.42152E+17   -0.28006E+17   -0.38986E+17                0.7073
    91    4    0    -55.    -19.   -0.13119E+17    0.28467E+16   -0.35983E+17   -0.34675E+17   -0.19649E+17   -0.16700E+17                0.7090
    91    4    1    -56.    -20.   -0.13077E+17    0.35312E+16   -0.37772E+17   -0.35108E+17   -0.20703E+17   -0.17790E+17                0.7131
    91    4    2    -57.    -20.   -0.12921E+17    0.41508E+16   -0.39183E+17   -0.35313E+17   -0.21641E+17   -0.18802E+17                0.7063
    91    5    0    -57.     -4.   -0.13497E+17    0.10373E+16   -0.31248E+17   -0.30146E+17   -0.15103E+17   -0.26438E+16                0.7088
    91    5    1    -58.     -5.   -0.13474E+17    0.17589E+16   -0.32787E+17   -0.30469E+17   -0.16106E+17   -0.34616E+16                0.7133
    91    5    2    -60.     -6.   -0.13334E+17    0.24378E+16   -0.33999E+17   -0.30592E+17   -0.17023E+17   -0.42928E+16                0.7070
    91    6    0    -38.     21.   -0.13879E+17    0.30921E+15   -0.25936E+17   -0.25888E+17   -0.10933E+17    0.96802E+16                0.7042
    91    6    1    -41.     20.   -0.13876E+17    0.97494E+15   -0.27209E+17   -0.26099E+17   -0.11890E+17    0.91363E+16                0.7090
    92    3   -3    -44.    -29.   -0.14027E+17    0.15000E+17   -0.25550E+17   -0.44585E+17   -0.19020E+17   -0.30131E+17                0.6858
    92    3   -2    -48.    -29.   -0.14361E+17    0.13897E+17   -0.30657E+17   -0.44829E+17   -0.20124E+17   -0.31881E+17                0.6861
    92    4   -4    -40.    -19.   -0.14394E+17    0.11209E+17   -0.21406E+17   -0.41535E+17   -0.13684E+17   -0.14423E+17                0.6812
    92    4   -3    -44.    -20.   -0.14847E+17    0.10213E+17   -0.25541E+17   -0.42388E+17   -0.15214E+17   -0.16526E+17                0.6905
    92    4   -2    -47.    -21.   -0.15173E+17    0.91344E+16   -0.29432E+17   -0.42947E+17   -0.16679E+17   -0.18559E+17                0.6915
    92    4   -1    -50.    -22.   -0.15368E+17    0.79822E+16   -0.33044E+17   -0.43203E+17   -0.18062E+17   -0.20499E+17                0.6843
    92    5   -4    -38.     -4.   -0.15014E+17    0.75309E+16   -0.19455E+17   -0.39647E+17   -0.10649E+17   -0.23983E+16                0.6801
    92    5   -3    -42.     -6.   -0.15454E+17    0.67359E+16   -0.22762E+17   -0.40359E+17   -0.12149E+17   -0.40980E+16                0.6880
    92    5   -2    -45.     -8.   -0.15761E+17    0.58806E+16   -0.25851E+17   -0.40785E+17   -0.13599E+17   -0.58011E+16                0.6876
    92    5   -1    -48.    -10.   -0.15932E+17    0.49730E+16   -0.28694E+17   -0.40919E+17   -0.14983E+17   -0.74891E+16                0.6787
    93    3   -3    -40.    -22.   -0.13439E+17    0.86386E+16   -0.34151E+17   -0.45787E+17   -0.17330E+16   -0.18862E+17                0.8001
    93    3   -2    -48.    -23.   -0.14515E+17    0.39376E+16   -0.44028E+17   -0.47578E+17   -0.47984E+16   -0.23058E+17                0.7988
    93    4   -4    -22.    -11.   -0.13263E+17    0.10748E+17   -0.24462E+17   -0.44000E+17    0.47736E+16   -0.67329E+16                0.8084
    93    4   -3    -36.    -14.   -0.14496E+17    0.69738E+16   -0.32807E+17   -0.46263E+17    0.14833E+16   -0.10784E+17                0.8146
    93    4   -2    -44.    -17.   -0.15611E+17    0.31413E+16   -0.40870E+17   -0.48197E+17   -0.18800E+16   -0.14804E+17                0.8143
    93    4   -1    -47.    -19.   -0.16596E+17   -0.71367E+15   -0.48581E+17   -0.49778E+17   -0.52823E+16   -0.18749E+17                0.8076
    93    5   -5     17.      9.   -0.12990E+17    0.11857E+17   -0.12993E+17   -0.42197E+17    0.91962E+16    0.47065E+16                0.8003
    93    5   -4     -7.      4.   -0.14354E+17    0.90241E+16   -0.20078E+17   -0.44252E+17    0.62209E+16    0.18644E+16                0.8102
    93    5   -3    -25.     -2.   -0.15600E+17    0.61025E+16   -0.26991E+17   -0.45991E+17    0.31386E+16   -0.10227E+16                0.8131
    93    5   -2    -36.     -6.   -0.16718E+17    0.31178E+16   -0.33671E+17   -0.47395E+17   -0.20332E+14   -0.39253E+16                0.8090
    94    3   -1    -57.    -25.   -0.17220E+17    0.21193E+17   -0.38898E+17   -0.40194E+17   -0.17688E+17   -0.26357E+17                0.6395
    94    3    0    -55.    -26.   -0.17776E+17    0.16641E+17   -0.40892E+17   -0.41624E+17   -0.20351E+17   -0.29228E+17                0.6479
    94    3    1    -51.    -27.   -0.18171E+17    0.11923E+17   -0.42497E+17   -0.42775E+17   -0.22906E+17   -0.31951E+17                0.6490
    94    3    2    -48.    -28.   -0.18401E+17    0.70871E+16   -0.43701E+17   -0.43632E+17   -0.25327E+17   -0.34499E+17                0.6429
    94    4   -1    -53.    -16.   -0.17528E+17    0.17211E+17   -0.30893E+17   -0.37705E+17   -0.13354E+17   -0.12961E+17                0.6344
    94    4    0    -50.    -17.   -0.18063E+17    0.13618E+17   -0.31600E+17   -0.38594E+17   -0.15501E+17   -0.14467E+17                0.6416
    94    4    1    -47.    -18.   -0.18435E+17    0.98771E+16   -0.32006E+17   -0.39217E+17   -0.17564E+17   -0.15909E+17                0.6414
    94    4    2    -44.    -19.   -0.18639E+17    0.60250E+16   -0.32110E+17   -0.39564E+17   -0.19523E+17   -0.17275E+17                0.6337
    94    5    0    -45.     -5.   -0.18348E+17    0.11596E+17   -0.25081E+17   -0.36169E+17   -0.11877E+17   -0.30047E+16                0.6337
    94    5    1    -42.     -6.   -0.18715E+17    0.86875E+16   -0.25094E+17   -0.36365E+17   -0.13620E+17   -0.36267E+16                0.6328
    95    3   -1    -55.    -27.   -0.15201E+17    0.81139E+16   -0.45357E+17   -0.40589E+17   -0.20833E+17   -0.30072E+17                0.6463
    95    3    0    -53.    -27.   -0.15688E+17    0.73631E+16   -0.45708E+17   -0.41283E+17   -0.21549E+17   -0.30700E+17                0.6617
    95    3    1    -52.    -27.   -0.16036E+17    0.65827E+16   -0.45625E+17   -0.41670E+17   -0.22125E+17   -0.31129E+17                0.6665
    95    3    2    -51.    -27.   -0.16242E+17    0.57802E+16   -0.45110E+17   -0.41744E+17   -0.22556E+17   -0.31352E+17                0.6607
    95    3    3    -50.    -27.   -0.16302E+17    0.49628E+16   -0.44166E+17   -0.41503E+17   -0.22836E+17   -0.31364E+17                0.6443
    95    4    0    -50.    -20.   -0.15813E+17    0.31765E+16   -0.37685E+17   -0.38829E+17   -0.17927E+17   -0.17777E+17                0.6561
    95    4    1    -49.    -20.   -0.16172E+17    0.24913E+16   -0.37487E+17   -0.39076E+17   -0.18325E+17   -0.17838E+17                0.6607
    95    4    2    -48.    -20.   -0.16388E+17    0.18002E+16   -0.36936E+17   -0.39026E+17   -0.18602E+17   -0.17784E+17                0.6547
    95    5    0    -48.     -9.   -0.15978E+17    0.83943E+15   -0.31919E+17   -0.36150E+17   -0.14481E+17   -0.64413E+16                0.6435
    95    5    1    -47.     -9.   -0.16360E+17    0.39090E+15   -0.31634E+17   -0.36340E+17   -0.14836E+17   -0.63528E+16                0.6480
    96    3    0    -50.    -28.   -0.15385E+17    0.72506E+16   -0.37536E+17   -0.36272E+17   -0.24379E+17   -0.30153E+17                0.6215
    96    3    1    -48.    -29.   -0.15717E+17    0.58392E+16   -0.37972E+17   -0.36727E+17   -0.25613E+17   -0.31263E+17                0.6298
    96    3    2    -46.    -29.   -0.15911E+17    0.43731E+16   -0.38046E+17   -0.36923E+17   -0.26675E+17   -0.32174E+17                0.6288
    96    3    3    -45.    -30.   -0.15968E+17    0.28664E+16   -0.37759E+17   -0.36858E+17   -0.27552E+17   -0.32873E+17                0.6186
    96    4    0    -43.    -19.   -0.15955E+17    0.13441E+16   -0.29756E+17   -0.31575E+17   -0.19219E+17   -0.14334E+17                0.6124
    96    4    1    -42.    -19.   -0.16326E+17    0.35488E+15   -0.30068E+17   -0.31912E+17   -0.20354E+17   -0.15057E+17                0.6225
    96    4    2    -41.    -20.   -0.16556E+17   -0.64345E+15   -0.30098E+17   -0.32022E+17   -0.21350E+17   -0.15690E+17                0.6235
    96    4    3    -40.    -20.   -0.16643E+17   -0.16414E+16   -0.29848E+17   -0.31903E+17   -0.22197E+17   -0.16225E+17                0.6152
    96    5    1    -37.     -7.   -0.16957E+17   -0.13520E+16   -0.25078E+17   -0.28700E+17   -0.17012E+17   -0.38526E+16                0.6174
    96    5    2    -36.     -7.   -0.17212E+17   -0.20196E+16   -0.25068E+17   -0.28684E+17   -0.17910E+17   -0.42212E+16                0.6189
    97    3   -1    -56.    -23.   -0.18075E+17    0.44546E+17   -0.32328E+17   -0.34067E+17   -0.17989E+17   -0.24522E+17                0.5823
    97    3    0    -57.    -24.   -0.18509E+17    0.41317E+17   -0.33095E+17   -0.35845E+17   -0.20262E+17   -0.27655E+17                0.5914
    97    3    1    -57.    -26.   -0.18782E+17    0.37676E+17   -0.33560E+17   -0.37412E+17   -0.22445E+17   -0.30683E+17                0.5922
    97    3    2    -56.    -28.   -0.18890E+17    0.33657E+17   -0.33720E+17   -0.38751E+17   -0.24515E+17   -0.33575E+17                0.5847
    97    4   -1    -55.    -16.   -0.18733E+17    0.37204E+17   -0.26334E+17   -0.32687E+17   -0.14915E+17   -0.13605E+17                0.5773
    97    4    0    -54.    -17.   -0.19161E+17    0.34235E+17   -0.26605E+17   -0.34055E+17   -0.16718E+17   -0.15518E+17                0.5864
    97    4    1    -53.    -19.   -0.19422E+17    0.30921E+17   -0.26630E+17   -0.35209E+17   -0.18441E+17   -0.17380E+17                0.5874
    97    4    2    -51.    -21.   -0.19513E+17    0.27292E+17   -0.26410E+17   -0.36139E+17   -0.20068E+17   -0.19171E+17                0.5803
    97    5    0    -50.     -8.   -0.19743E+17    0.29035E+17   -0.21751E+17   -0.32137E+17   -0.13383E+17   -0.52437E+16                0.5770
    97    5    1    -49.     -9.   -0.19994E+17    0.26115E+17   -0.21664E+17   -0.32989E+17   -0.14811E+17   -0.63588E+16                0.5788
    98    4   -6     41.      2.   -0.10429E+17    0.15348E+17    0.32559E+15   -0.41937E+17    0.78766E+16    0.10711E+16                0.8271
    98    4   -5     20.     -5.   -0.11359E+17    0.10374E+17   -0.84482E+16   -0.44481E+17    0.56220E+16   -0.22874E+16                0.8344
    98    4   -4     -4.    -10.   -0.12191E+17    0.53076E+16   -0.17157E+17   -0.46711E+17    0.32638E+16   -0.56974E+16                0.8350
    98    4   -3    -21.    -13.   -0.12915E+17    0.19923E+15   -0.25720E+17   -0.48601E+17    0.82733E+15   -0.91219E+16                0.8288
    98    5   -6     44.     15.   -0.11067E+17    0.10151E+17   -0.16525E+16   -0.42823E+17    0.10251E+17    0.83391E+16                0.8315
    98    5   -5     28.     11.   -0.11924E+17    0.61875E+16   -0.85704E+16   -0.44899E+17    0.82753E+16    0.60264E+16                0.8382
    98    5   -4     10.      7.   -0.12677E+17    0.21568E+16   -0.15419E+17   -0.46650E+17    0.61869E+16    0.36275E+16                0.8370
    98    5   -3     -8.      2.   -0.13318E+17   -0.19028E+16   -0.22134E+17   -0.48053E+17    0.40072E+16    0.11673E+16                0.8279
    98    6   -6     49.     27.   -0.11285E+17    0.69426E+16   -0.25818E+16   -0.41672E+17    0.13826E+17    0.16639E+17                0.8257
    98    6   -5     36.     25.   -0.12071E+17    0.40727E+16   -0.79590E+16   -0.43121E+17    0.12180E+17    0.15281E+17                0.8284
    99    3   -2    -41.    -29.   -0.12663E+17    0.14482E+16   -0.25703E+17   -0.35377E+17   -0.15304E+17   -0.23859E+17                0.6758
    99    3   -1    -40.    -28.   -0.12593E+17   -0.79644E+15   -0.26614E+17   -0.35903E+17   -0.15221E+17   -0.23798E+17                0.6876
    99    3    0    -39.    -28.   -0.12404E+17   -0.30787E+16   -0.27257E+17   -0.36180E+17   -0.15054E+17   -0.23609E+17                0.6883
    99    3    1    -38.    -28.   -0.12097E+17   -0.53735E+16   -0.27622E+17   -0.36204E+17   -0.14805E+17   -0.23294E+17                0.6781
    99    4   -2    -32.    -16.   -0.12787E+17   -0.15652E+16   -0.19687E+17   -0.31224E+17   -0.94132E+16   -0.91911E+16                0.6721
    99    4   -1    -31.    -16.   -0.12705E+17   -0.26229E+16   -0.19932E+17   -0.31654E+17   -0.91422E+16   -0.88669E+16                0.6837
    99    4    0    -31.    -15.   -0.12503E+17   -0.36961E+16   -0.19974E+17   -0.31861E+17   -0.88279E+16   -0.85135E+16                0.6839
    99    4    1    -30.    -15.   -0.12182E+17   -0.47724E+16   -0.19811E+17   -0.31843E+17   -0.84730E+16   -0.81343E+16                0.6728
    99    5   -1    -18.      3.   -0.12829E+17   -0.33148E+16   -0.15844E+17   -0.29037E+17   -0.49414E+16    0.11295E+16                0.6762
    99    5    0    -17.      4.   -0.12614E+17   -0.37256E+16   -0.15669E+17   -0.29242E+17   -0.45533E+16    0.15173E+16                0.6759
   100    3    1    -46.    -32.   -0.22636E+17    0.12011E+17   -0.65162E+17   -0.43887E+17   -0.35255E+17   -0.52507E+17                0.8851
   100    3    2    -43.    -34.   -0.22768E+17    0.95093E+16   -0.58444E+17   -0.45842E+17   -0.39094E+17   -0.56847E+17                0.8808
   100    5    1    -47.    -10.   -0.25239E+17    0.11407E+17   -0.44871E+17   -0.27289E+17   -0.18159E+17   -0.80660E+16                0.8813
   100    5    2    -40.    -12.   -0.25226E+17    0.87561E+16   -0.41289E+17   -0.28411E+17   -0.21628E+17   -0.10184E+17                0.8843
   100    6    1    -35.     10.   -0.26277E+17    0.97546E+16   -0.36141E+17   -0.21984E+17   -0.13420E+17    0.55184E+16                0.8804
   100    6    2    -29.      8.   -0.26212E+17    0.75271E+16   -0.33470E+17   -0.22691E+17   -0.16633E+17    0.43787E+16                0.8846
   100    7    2    -13.     25.   -0.27194E+17    0.66604E+16   -0.28298E+17   -0.18752E+17   -0.12920E+17    0.15178E+17                0.8833
   100    8    1    -11.     35.   -0.28115E+17    0.82324E+16   -0.26318E+17   -0.15994E+17   -0.81453E+16    0.23020E+17                0.8808
   100    8    2     -4.     35.   -0.27970E+17    0.64863E+16   -0.24575E+17   -0.16138E+17   -0.11044E+17    0.23174E+17                0.8853
   100    9    2      3.     41.   -0.28743E+17    0.57362E+16   -0.21916E+17   -0.13917E+17   -0.91575E+16    0.29642E+17                0.8833
