 trial position no.            3
 
 
 
 
 
 
 
 
 
 
 
 
  Covariance matrix; NOT corrected for  scaling
   0.396697E+14  -0.164097E+14   0.344075E+14   0.530639E+14   0.565477E+14   0.715760E+14
  -0.164097E+14   0.685436E+15   0.470558E+15   0.163819E+15   0.111015E+15   0.186231E+15
   0.344075E+14   0.470558E+15   0.997758E+15  -0.664613E+14  -0.118823E+15  -0.125934E+15
   0.530639E+14   0.163819E+15  -0.664614E+14   0.483649E+15   0.460696E+15   0.750006E+15
   0.565477E+14   0.111014E+15  -0.118823E+15   0.460696E+15   0.541149E+15   0.783577E+15
   0.715761E+14   0.186231E+15  -0.125934E+15   0.750006E+15   0.783577E+15   0.129770E+16
 trial position no.            4
 
 
 
 
 
 
 
 
 
 
 
 
  Covariance matrix; NOT corrected for  scaling
   0.486238E+14  -0.271616E+14   0.387287E+14   0.538968E+14   0.588289E+14   0.585151E+14
  -0.271617E+14   0.412682E+15   0.217273E+15   0.600102E+14   0.207007E+14   0.214195E+14
   0.387288E+14   0.217273E+15   0.579375E+15  -0.601515E+13  -0.320280E+14  -0.168687E+13
   0.538968E+14   0.600101E+14  -0.601535E+13   0.300791E+15   0.270901E+15   0.390969E+15
   0.588289E+14   0.207006E+14  -0.320281E+14   0.270901E+15   0.353195E+15   0.413487E+15
   0.585151E+14   0.214193E+14  -0.168717E+13   0.390969E+15   0.413487E+15   0.645588E+15
 trial position no.            5
 
 
 
 
 
 
 
 
 
 
 
 
  Covariance matrix; NOT corrected for  scaling
   0.576201E+14  -0.301479E+14   0.397198E+14   0.549760E+14   0.615552E+14   0.414537E+14
  -0.301479E+14   0.302176E+15   0.135578E+15   0.308395E+14  -0.194439E+13  -0.181757E+14
   0.397199E+14   0.135578E+15   0.420622E+15   0.786645E+13  -0.789061E+13   0.254788E+14
   0.549760E+14   0.308395E+14   0.786637E+13   0.221532E+15   0.187191E+15   0.222315E+15
   0.615552E+14  -0.194438E+13  -0.789071E+13   0.187191E+15   0.273726E+15   0.236327E+15
   0.414537E+14  -0.181757E+14   0.254787E+14   0.222315E+15   0.236327E+15   0.363834E+15
 trial position no.            6
 
 
 
 
 
 
 
 
 
 
 
 
  Covariance matrix; NOT corrected for  scaling
   0.668076E+14  -0.306434E+14   0.387225E+14   0.516702E+14   0.599285E+14   0.162396E+14
  -0.306434E+14   0.211569E+15   0.916971E+14   0.181760E+14  -0.108095E+14  -0.255598E+14
   0.387225E+14   0.916971E+14   0.297244E+15   0.111560E+14   0.528250E+12   0.259173E+14
   0.516703E+14   0.181760E+14   0.111560E+14   0.166877E+15   0.126451E+15   0.109417E+15
   0.599286E+14  -0.108096E+14   0.528269E+12   0.126451E+15   0.215459E+15   0.112379E+15
   0.162396E+14  -0.255598E+14   0.259173E+14   0.109417E+15   0.112379E+15   0.212086E+15
 trial position no.            3
 
 
 
 
 
 
 
 
 
 
 
 
  Covariance matrix; NOT corrected for  scaling
   0.249861E+15   0.344626E+14   0.388638E+14  -0.992852E+14  -0.884102E+14   0.937609E+14
   0.344626E+14   0.129936E+16   0.228388E+15  -0.364061E+14  -0.224042E+14  -0.163819E+14
   0.388638E+14   0.228388E+15   0.132171E+16  -0.335936E+14  -0.446560E+14  -0.272759E+14
  -0.992851E+14  -0.364061E+14  -0.335936E+14   0.113475E+16   0.106403E+16   0.164733E+16
  -0.884101E+14  -0.224042E+14  -0.446560E+14   0.106403E+16   0.112386E+16   0.165169E+16
   0.937609E+14  -0.163819E+14  -0.272758E+14   0.164733E+16   0.165169E+16   0.282122E+16
 trial position no.            4
 
 
 
 
 
 
 
 
 
 
 
 
  Covariance matrix; NOT corrected for  scaling
   0.279179E+15   0.216917E+14   0.266026E+14  -0.104040E+15  -0.924925E+14   0.117852E+15
   0.216917E+14   0.791935E+15  -0.144311E+15  -0.579372E+13   0.557113E+13   0.178610E+14
   0.266027E+14  -0.144311E+15   0.784202E+15  -0.396353E+13  -0.131311E+14   0.118448E+14
  -0.104040E+15  -0.579372E+13  -0.396354E+13   0.741188E+15   0.667727E+15   0.823909E+15
  -0.924925E+14   0.557112E+13  -0.131312E+14   0.667727E+15   0.730854E+15   0.829661E+15
   0.117852E+15   0.178610E+14   0.118448E+14   0.823909E+15   0.829661E+15   0.130650E+16
 trial position no.            5
 
 
 
 
 
 
 
 
 
 
 
 
  Covariance matrix; NOT corrected for  scaling
   0.308504E+15   0.135616E+14   0.199449E+14  -0.112037E+15  -0.998391E+14   0.134919E+15
   0.135616E+14   0.642426E+15  -0.247965E+15   0.445901E+12   0.982849E+13   0.154750E+14
   0.199449E+14  -0.247965E+15   0.626244E+15  -0.217203E+11  -0.781313E+13   0.121173E+14
  -0.112037E+15   0.445900E+12  -0.217212E+11   0.558849E+15   0.482288E+15   0.453560E+15
  -0.998390E+14   0.982849E+13  -0.781313E+13   0.482288E+15   0.548609E+15   0.460112E+15
   0.134919E+15   0.154750E+14   0.121173E+14   0.453560E+15   0.460112E+15   0.731935E+15
 trial position no.            6
 
 
 
 
 
 
 
 
 
 
 
 
  Covariance matrix; NOT corrected for  scaling
   0.337537E+15   0.722493E+13   0.146310E+14  -0.119747E+15  -0.106884E+15   0.152664E+15
   0.722493E+13   0.492544E+15  -0.239296E+15   0.168825E+13   0.892827E+13   0.818940E+13
   0.146310E+14  -0.239296E+15   0.476344E+15   0.478075E+11  -0.611867E+13   0.852583E+13
  -0.119747E+15   0.168826E+13   0.478071E+11   0.420943E+15   0.340919E+15   0.188744E+15
  -0.106884E+15   0.892827E+13  -0.611867E+13   0.340919E+15   0.410634E+15   0.195961E+15
   0.152664E+15   0.818940E+13   0.852584E+13   0.188744E+15   0.195961E+15   0.406359E+15
 trial position no.            3
 
 
 
 
 
 
 
 
 
 
 
 
  Covariance matrix; NOT corrected for  scaling
   0.650992E+14  -0.841863E+13  -0.103361E+14  -0.870900E+13  -0.577298E+13  -0.415104E+13
  -0.841862E+13   0.190330E+16  -0.248619E+14  -0.949451E+13   0.452446E+14   0.356556E+14
  -0.103361E+14  -0.248619E+14   0.234846E+16   0.652692E+14   0.949867E+14   0.115400E+15
  -0.870901E+13  -0.949453E+13   0.652692E+14   0.137604E+16   0.124035E+16   0.216220E+16
  -0.577298E+13   0.452446E+14   0.949867E+14   0.124035E+16   0.146982E+16   0.224179E+16
  -0.415103E+13   0.356556E+14   0.115400E+15   0.216220E+16   0.224179E+16   0.382537E+16
 trial position no.            4
 
 
 
 
 
 
 
 
 
 
 
 
  Covariance matrix; NOT corrected for  scaling
   0.698211E+14  -0.854332E+13  -0.898087E+13  -0.824869E+13  -0.479028E+13  -0.134779E+13
  -0.854332E+13   0.113769E+16  -0.653313E+14   0.145120E+14   0.614849E+14   0.596690E+14
  -0.898087E+13  -0.653313E+14   0.138324E+16   0.533262E+14   0.813808E+14   0.791596E+14
  -0.824869E+13   0.145120E+14   0.533262E+14   0.907414E+15   0.741319E+15   0.114714E+16
  -0.479028E+13   0.614849E+14   0.813807E+14   0.741319E+15   0.993877E+15   0.120838E+16
  -0.134778E+13   0.596690E+14   0.791596E+14   0.114714E+16   0.120838E+16   0.184815E+16
 trial position no.            5
 
 
 
 
 
 
 
 
 
 
 
 
  Covariance matrix; NOT corrected for  scaling
   0.744100E+14  -0.904354E+13  -0.788663E+13  -0.913053E+13  -0.513879E+13  -0.669260E+12
  -0.904354E+13   0.801241E+15  -0.669470E+14  -0.243232E+13   0.413511E+14   0.290056E+14
  -0.788663E+13  -0.669470E+14   0.962424E+15   0.300901E+14   0.581949E+14   0.387041E+14
  -0.913053E+13  -0.243233E+13   0.300901E+14   0.688742E+15   0.500427E+15   0.692737E+15
  -0.513879E+13   0.413511E+14   0.581949E+14   0.500427E+15   0.786217E+15   0.748685E+15
  -0.669261E+12   0.290056E+14   0.387041E+14   0.692737E+15   0.748685E+15   0.108014E+16
 trial position no.            6
 
 
 
 
 
 
 
 
 
 
 
 
  Covariance matrix; NOT corrected for  scaling
   0.791134E+14  -0.869189E+13  -0.720267E+13  -0.989247E+13  -0.513132E+13   0.781780E+12
  -0.869189E+13   0.544645E+15  -0.524819E+14  -0.628232E+13   0.344428E+14   0.182016E+14
  -0.720267E+13  -0.524819E+14   0.652427E+15   0.170689E+14   0.452781E+14   0.166763E+14
  -0.989247E+13  -0.628232E+13   0.170689E+14   0.520303E+15   0.306547E+15   0.361938E+15
  -0.513131E+13   0.344428E+14   0.452781E+14   0.306547E+15   0.622667E+15   0.403226E+15
   0.781779E+12   0.182016E+14   0.166763E+14   0.361938E+15   0.403226E+15   0.599854E+15
 trial position no.            3
 
 
 
 
 
 
 
 
 
 
 
 
  Covariance matrix; NOT corrected for  scaling
   0.696735E+14  -0.130192E+14   0.124229E+14  -0.769709E+13   0.333992E+14   0.455828E+14
  -0.130192E+14   0.202489E+16   0.247542E+15   0.163634E+15   0.997195E+14   0.169935E+15
   0.124229E+14   0.247542E+15   0.261761E+16   0.986483E+13   0.325534E+14   0.444942E+14
  -0.769709E+13   0.163634E+15   0.986483E+13   0.183949E+16   0.151615E+16   0.262428E+16
   0.333991E+14   0.997195E+14   0.325534E+14   0.151615E+16   0.182323E+16   0.282805E+16
   0.455828E+14   0.169935E+15   0.444942E+14   0.262428E+16   0.282805E+16   0.471912E+16
 trial position no.            4
 
 
 
 
 
 
 
 
 
 
 
 
  Covariance matrix; NOT corrected for  scaling
   0.742016E+14  -0.154617E+14   0.720264E+13  -0.158437E+14   0.318509E+14   0.353330E+14
  -0.154617E+14   0.156088E+16   0.168196E+14   0.113412E+15   0.495819E+14   0.685708E+14
   0.720264E+13   0.168196E+14   0.123198E+16   0.126838E+14   0.304099E+14   0.349095E+14
  -0.158437E+14   0.113412E+15   0.126838E+14   0.126352E+16   0.884823E+15   0.134385E+16
   0.318509E+14   0.495818E+14   0.304099E+14   0.884823E+15   0.121790E+16   0.153421E+16
   0.353330E+14   0.685708E+14   0.349095E+14   0.134385E+16   0.153421E+16   0.224790E+16
 trial position no.            5
 
 
 
 
 
 
 
 
 
 
 
 
  Covariance matrix; NOT corrected for  scaling
   0.788233E+14  -0.181964E+14   0.602818E+13  -0.230101E+14   0.316872E+14   0.288862E+14
  -0.181964E+14   0.132067E+16  -0.399956E+14   0.929138E+14   0.269055E+14   0.247722E+14
   0.602818E+13  -0.399956E+14   0.775584E+15   0.501579E+12   0.196250E+14   0.172446E+14
  -0.230101E+14   0.929138E+14   0.501577E+12   0.100732E+16   0.574656E+15   0.763659E+15
   0.316872E+14   0.269055E+14   0.196250E+14   0.574656E+15   0.937115E+15   0.947204E+15
   0.288862E+14   0.247722E+14   0.172446E+14   0.763659E+15   0.947204E+15   0.127463E+16
 trial position no.            6
 
 
 
 
 
 
 
 
 
 
 
 
  Covariance matrix; NOT corrected for  scaling
   0.836335E+14  -0.188356E+14   0.565902E+13  -0.300073E+14   0.317780E+14   0.232475E+14
  -0.188356E+14   0.995172E+15  -0.453086E+14   0.763478E+14   0.127838E+14  -0.190872E+13
   0.565902E+13  -0.453086E+14   0.502924E+15  -0.492642E+13   0.165627E+14   0.110346E+14
  -0.300073E+14   0.763478E+14  -0.492642E+13   0.818589E+15   0.331254E+15   0.345635E+15
   0.317779E+14   0.127838E+14   0.165627E+14   0.331254E+15   0.722176E+15   0.520245E+15
   0.232475E+14  -0.190873E+13   0.110346E+14   0.345635E+15   0.520245E+15   0.685915E+15
 trial position no.            3
 
 
 
 
 
 
 
 
 
 
 
 
  Covariance matrix; NOT corrected for  scaling
   0.756921E+14  -0.619692E+14   0.660069E+14   0.558941E+14   0.638677E+14   0.138018E+15
  -0.619692E+14   0.110968E+16   0.420799E+15   0.182398E+15   0.151409E+15   0.190361E+15
   0.660070E+14   0.420800E+15   0.138619E+16  -0.115488E+15  -0.118873E+15  -0.127261E+15
   0.558940E+14   0.182398E+15  -0.115489E+15   0.900553E+15   0.856591E+15   0.145411E+16
   0.638676E+14   0.151409E+15  -0.118875E+15   0.856591E+15   0.954192E+15   0.150649E+16
   0.138018E+15   0.190361E+15  -0.127264E+15   0.145411E+16   0.150649E+16   0.259244E+16
 trial position no.            4
 
 
 
 
 
 
 
 
 
 
 
 
  Covariance matrix; NOT corrected for  scaling
   0.871648E+14  -0.682729E+14   0.690350E+14   0.506287E+14   0.605459E+14   0.116340E+15
  -0.682729E+14   0.677856E+15   0.268089E+14   0.978586E+14   0.720915E+14   0.374662E+14
   0.690350E+14   0.268089E+14   0.742600E+15  -0.492332E+14  -0.401404E+14   0.505184E+13
   0.506287E+14   0.978586E+14  -0.492333E+14   0.579502E+15   0.527249E+15   0.775992E+15
   0.605459E+14   0.720915E+14  -0.401404E+14   0.527249E+15   0.625324E+15   0.815529E+15
   0.116340E+15   0.374662E+14   0.505179E+13   0.775992E+15   0.815529E+15   0.126939E+16
 trial position no.            5
 
 
 
 
 
 
 
 
 
 
 
 
  Covariance matrix; NOT corrected for  scaling
   0.986952E+14  -0.742709E+14   0.715922E+14   0.405315E+14   0.525672E+14   0.913247E+14
  -0.742709E+14   0.519649E+15  -0.700796E+14   0.709399E+14   0.450584E+14  -0.142057E+14
   0.715922E+14  -0.700796E+14   0.530211E+15  -0.352048E+14  -0.209029E+14   0.353801E+14
   0.405315E+14   0.709399E+14  -0.352049E+14   0.423532E+15   0.363076E+15   0.451903E+15
   0.525672E+14   0.450584E+14  -0.209029E+14   0.363076E+15   0.461747E+15   0.480974E+15
   0.913247E+14  -0.142057E+14   0.353800E+14   0.451903E+15   0.480974E+15   0.706658E+15
 trial position no.            6
 
 
 
 
 
 
 
 
 
 
 
 
  Covariance matrix; NOT corrected for  scaling
   0.111091E+15  -0.739058E+14   0.686325E+14   0.287457E+14   0.432463E+14   0.650250E+14
  -0.739058E+14   0.373432E+15  -0.780119E+14   0.539658E+14   0.285092E+14  -0.371436E+14
   0.686324E+14  -0.780119E+14   0.369066E+15  -0.289256E+14  -0.130030E+14   0.419038E+14
   0.287457E+14   0.539658E+14  -0.289256E+14   0.310747E+15   0.241705E+15   0.226410E+15
   0.432463E+14   0.285092E+14  -0.130030E+14   0.241705E+15   0.340961E+15   0.245376E+15
   0.650250E+14  -0.371436E+14   0.419037E+14   0.226410E+15   0.245376E+15   0.375662E+15
 trial position no.            3
 
 
 
 
 
 
 
 
 
 
 
 
  Covariance matrix; NOT corrected for  scaling
   0.534113E+14  -0.227184E+14   0.369893E+14   0.642562E+14   0.703314E+14   0.728141E+14
  -0.227185E+14   0.826784E+15   0.559535E+15   0.195220E+15   0.129825E+15   0.225501E+15
   0.369893E+14   0.559535E+15   0.124374E+16  -0.115015E+15  -0.173051E+15  -0.204866E+15
   0.642561E+14   0.195220E+15  -0.115015E+15   0.598585E+15   0.570576E+15   0.916163E+15
   0.703314E+14   0.129825E+15  -0.173051E+15   0.570576E+15   0.682653E+15   0.969659E+15
   0.728140E+14   0.225502E+15  -0.204865E+15   0.916163E+15   0.969659E+15   0.159756E+16
 trial position no.            4
 
 
 
 
 
 
 
 
 
 
 
 
  Covariance matrix; NOT corrected for  scaling
   0.622736E+14  -0.337571E+14   0.391317E+14   0.623441E+14   0.703022E+14   0.522432E+14
  -0.337571E+14   0.546373E+15   0.315837E+15   0.788694E+14   0.250621E+14   0.366666E+14
   0.391317E+14   0.315837E+15   0.761715E+15  -0.198518E+14  -0.507185E+14  -0.228583E+14
   0.623441E+14   0.788692E+14  -0.198519E+14   0.367182E+15   0.328440E+15   0.466163E+15
   0.703021E+14   0.250620E+14  -0.507186E+14   0.328440E+15   0.444232E+15   0.503600E+15
   0.522432E+14   0.366666E+14  -0.228583E+14   0.466163E+15   0.503600E+15   0.789846E+15
 trial position no.            5
 
 
 
 
 
 
 
 
 
 
 
 
  Covariance matrix; NOT corrected for  scaling
   0.715822E+14  -0.366685E+14   0.366877E+14   0.640709E+14   0.744102E+14   0.326677E+14
  -0.366686E+14   0.418954E+15   0.229494E+15   0.415135E+14  -0.506159E+13  -0.155396E+14
   0.366876E+14   0.229494E+15   0.565358E+15  -0.293180E+12  -0.205918E+14   0.150243E+14
   0.640709E+14   0.415136E+14  -0.293129E+12   0.271210E+15   0.225665E+15   0.261744E+15
   0.744102E+14  -0.506147E+13  -0.205917E+14   0.225665E+15   0.348487E+15   0.286295E+15
   0.326677E+14  -0.155395E+14   0.150244E+14   0.261744E+15   0.286295E+15   0.451923E+15
 trial position no.            6
 
 
 
 
 
 
 
 
 
 
 
 
  Covariance matrix; NOT corrected for  scaling
   0.805710E+14  -0.371310E+14   0.342991E+14   0.594566E+14   0.721449E+14   0.341413E+13
  -0.371310E+14   0.301466E+15   0.168132E+15   0.252007E+14  -0.162050E+14  -0.260176E+14
   0.342991E+14   0.168132E+15   0.404804E+15   0.623773E+13  -0.862302E+13   0.215332E+14
   0.594566E+14   0.252007E+14   0.623772E+13   0.204978E+15   0.150244E+15   0.126852E+15
   0.721448E+14  -0.162050E+14  -0.862304E+13   0.150244E+15   0.277168E+15   0.134293E+15
   0.341408E+13  -0.260177E+14   0.215331E+14   0.126852E+15   0.134293E+15   0.273800E+15
 trial position no.            3
 
 
 
 
 
 
 
 
 
 
 
 
  Covariance matrix; NOT corrected for  scaling
   0.633153E+14  -0.450033E+14   0.428140E+14   0.530873E+14   0.580023E+14   0.549438E+14
  -0.450033E+14   0.109389E+16   0.592564E+15   0.243963E+15   0.188672E+15   0.312987E+15
   0.428140E+14   0.592564E+15   0.162087E+16  -0.193630E+15  -0.218618E+15  -0.293511E+15
   0.530873E+14   0.243963E+15  -0.193630E+15   0.823587E+15   0.771565E+15   0.129382E+16
   0.580024E+14   0.188672E+15  -0.218618E+15   0.771565E+15   0.941444E+15   0.138098E+16
   0.549439E+14   0.312988E+15  -0.293511E+15   0.129382E+16   0.138098E+16   0.233389E+16
 trial position no.            4
 
 
 
 
 
 
 
 
 
 
 
 
  Covariance matrix; NOT corrected for  scaling
   0.700276E+14  -0.482364E+14   0.387311E+14   0.530536E+14   0.593515E+14   0.396224E+14
  -0.482363E+14   0.743159E+15   0.343380E+15   0.112866E+15   0.680197E+14   0.859257E+14
   0.387311E+14   0.343380E+15   0.100059E+16  -0.602120E+14  -0.641806E+14  -0.460497E+14
   0.530536E+14   0.112866E+15  -0.602119E+14   0.517498E+15   0.448315E+15   0.673739E+15
   0.593515E+14   0.680197E+14  -0.641806E+14   0.448315E+15   0.627113E+15   0.738303E+15
   0.396225E+14   0.859257E+14  -0.460496E+14   0.673739E+15   0.738303E+15   0.117091E+16
 trial position no.            5
 
 
 
 
 
 
 
 
 
 
 
 
  Covariance matrix; NOT corrected for  scaling
   0.763586E+14  -0.484293E+14   0.330853E+14   0.523964E+14   0.605085E+14   0.228102E+14
  -0.484293E+14   0.564605E+15   0.252220E+15   0.597221E+14   0.230003E+14   0.649233E+13
   0.330854E+14   0.252220E+15   0.729766E+15  -0.312580E+14  -0.264451E+14   0.684960E+13
   0.523964E+14   0.597221E+14  -0.312581E+14   0.379046E+15   0.296629E+15   0.388413E+15
   0.605085E+14   0.230002E+14  -0.264452E+14   0.296629E+15   0.487040E+15   0.434302E+15
   0.228102E+14   0.649227E+13   0.684957E+13   0.388413E+15   0.434302E+15   0.685678E+15
 trial position no.            6
 
 
 
 
 
 
 
 
 
 
 
 
  Covariance matrix; NOT corrected for  scaling
   0.826941E+14  -0.461580E+14   0.290037E+14   0.464817E+14   0.566324E+14  -0.749514E+12
  -0.461580E+14   0.399303E+15   0.182947E+15   0.362025E+14   0.576357E+13  -0.174040E+14
   0.290037E+14   0.182947E+15   0.510020E+15  -0.186380E+14  -0.963973E+13   0.229531E+14
   0.464817E+14   0.362025E+14  -0.186380E+14   0.285475E+15   0.187299E+15   0.200937E+15
   0.566324E+14   0.576355E+13  -0.963974E+13   0.187299E+15   0.385552E+15   0.222567E+15
  -0.749491E+12  -0.174040E+14   0.229531E+14   0.200937E+15   0.222567E+15   0.413670E+15
 trial position no.            3
 
 
 
 
 
 
 
 
 
 
 
 
  Covariance matrix; NOT corrected for  scaling
   0.327855E+14  -0.194815E+14   0.286084E+14   0.251262E+14   0.217857E+14   0.211194E+14
  -0.194815E+14   0.697277E+15   0.353766E+15   0.166623E+15   0.120446E+15   0.201693E+15
   0.286083E+14   0.353766E+15   0.966575E+15  -0.744764E+14  -0.644407E+14  -0.107587E+15
   0.251262E+14   0.166623E+15  -0.744763E+14   0.514611E+15   0.455342E+15   0.800664E+15
   0.217857E+14   0.120446E+15  -0.644406E+14   0.455342E+15   0.555477E+15   0.860039E+15
   0.211194E+14   0.201693E+15  -0.107587E+15   0.800664E+15   0.860038E+15   0.149130E+16
 trial position no.            4
 
 
 
 
 
 
 
 
 
 
 
 
  Covariance matrix; NOT corrected for  scaling
   0.351121E+14  -0.234104E+14   0.204931E+14   0.252058E+14   0.228075E+14   0.158224E+14
  -0.234104E+14   0.509601E+15   0.211418E+15   0.894166E+14   0.471943E+14   0.602722E+14
   0.204931E+14   0.211418E+15   0.559561E+15  -0.123799E+14   0.136847E+13  -0.323029E+12
   0.252058E+14   0.894165E+14  -0.123800E+14   0.334832E+15   0.269021E+15   0.427524E+15
   0.228075E+14   0.471942E+14   0.136837E+13   0.269021E+15   0.384597E+15   0.487998E+15
   0.158224E+14   0.602720E+14  -0.323190E+12   0.427524E+15   0.487998E+15   0.776475E+15
 trial position no.            5
 
 
 
 
 
 
 
 
 
 
 
 
  Covariance matrix; NOT corrected for  scaling
   0.374327E+14  -0.250448E+14   0.154567E+14   0.245465E+14   0.231540E+14   0.947541E+13
  -0.250448E+14   0.407797E+15   0.159935E+15   0.573578E+14   0.188998E+14   0.758147E+13
   0.154567E+14   0.159935E+15   0.390830E+15  -0.150922E+13   0.137202E+14   0.142822E+14
   0.245465E+14   0.573578E+14  -0.150925E+13   0.251386E+15   0.174372E+15   0.249564E+15
   0.231540E+14   0.188998E+14   0.137202E+14   0.174372E+15   0.299405E+15   0.301325E+15
   0.947541E+13   0.758145E+13   0.142822E+14   0.249564E+15   0.301325E+15   0.461201E+15
 trial position no.            6
 
 
 
 
 
 
 
 
 
 
 
 
  Covariance matrix; NOT corrected for  scaling
   0.398871E+14  -0.245699E+14   0.122285E+14   0.217431E+14   0.216267E+14   0.392905E+12
  -0.245700E+14   0.295293E+15   0.117349E+15   0.395312E+14   0.641767E+13  -0.130250E+14
   0.122285E+14   0.117349E+15   0.267604E+15  -0.426456E+12   0.147577E+14   0.120476E+14
   0.217431E+14   0.395312E+14  -0.426458E+12   0.195089E+15   0.105412E+15   0.130417E+15
   0.216267E+14   0.641767E+13   0.147577E+14   0.105412E+15   0.237749E+15   0.169453E+15
   0.392905E+12  -0.130250E+14   0.120476E+14   0.130417E+15   0.169453E+15   0.273785E+15
 trial position no.            3
 
 
 
 
 
 
 
 
 
 
 
 
  Covariance matrix; NOT corrected for  scaling
   0.631391E+14  -0.546606E+14   0.520989E+14   0.495570E+14   0.489342E+14   0.934699E+14
  -0.546606E+14   0.124510E+16   0.498671E+15   0.244298E+15   0.224476E+15   0.310687E+15
   0.520989E+14   0.498672E+15   0.157582E+16  -0.143416E+15  -0.165093E+15  -0.198930E+15
   0.495570E+14   0.244298E+15  -0.143416E+15   0.947158E+15   0.889096E+15   0.152728E+16
   0.489342E+14   0.224476E+15  -0.165093E+15   0.889097E+15   0.103302E+16   0.157005E+16
   0.934700E+14   0.310687E+15  -0.198929E+15   0.152728E+16   0.157005E+16   0.270049E+16
 trial position no.            4
 
 
 
 
 
 
 
 
 
 
 
 
  Covariance matrix; NOT corrected for  scaling
   0.708990E+14  -0.511665E+14   0.563254E+14   0.472496E+14   0.476807E+14   0.765771E+14
  -0.511664E+14   0.718103E+15   0.127150E+15   0.118484E+15   0.104932E+15   0.907394E+14
   0.563255E+14   0.127150E+15   0.956436E+15  -0.643602E+14  -0.699425E+14  -0.338765E+14
   0.472496E+14   0.118484E+15  -0.643602E+14   0.608381E+15   0.536166E+15   0.818122E+15
   0.476807E+14   0.104932E+15  -0.699426E+14   0.536166E+15   0.682448E+15   0.840925E+15
   0.765772E+14   0.907393E+14  -0.338765E+14   0.818122E+15   0.840925E+15   0.133085E+16
 trial position no.            5
 
 
 
 
 
 
 
 
 
 
 
 
  Covariance matrix; NOT corrected for  scaling
   0.782714E+14  -0.498677E+14   0.565843E+14   0.411606E+14   0.430347E+14   0.563123E+14
  -0.498677E+14   0.503453E+15   0.265328E+14   0.723663E+14   0.605927E+14   0.158304E+14
   0.565844E+14   0.265328E+14   0.704268E+15  -0.423958E+14  -0.404047E+14   0.134457E+14
   0.411606E+14   0.723663E+14  -0.423958E+14   0.443554E+15   0.362555E+15   0.483155E+15
   0.430347E+14   0.605927E+14  -0.404047E+14   0.362555E+15   0.516202E+15   0.495328E+15
   0.563122E+14   0.158304E+14   0.134457E+14   0.483155E+15   0.495328E+15   0.758937E+15
 trial position no.            6
 
 
 
 
 
 
 
 
 
 
 
 
  Covariance matrix; NOT corrected for  scaling
   0.859744E+14  -0.465291E+14   0.526491E+14   0.329964E+14   0.364934E+14   0.340036E+14
  -0.465291E+14   0.341193E+15   0.897675E+12   0.484765E+14   0.368152E+14  -0.157148E+14
   0.526491E+14   0.897677E+12   0.491618E+15  -0.302456E+14  -0.240162E+14   0.314150E+14
   0.329964E+14   0.484765E+14  -0.302456E+14   0.326744E+15   0.235443E+15   0.253676E+15
   0.364934E+14   0.368152E+14  -0.240162E+14   0.235443E+15   0.394649E+15   0.252735E+15
   0.340036E+14  -0.157148E+14   0.314150E+14   0.253676E+15   0.252735E+15   0.424774E+15
 trial position no.            3
 
 
 
 
 
 
 
 
 
 
 
 
  Covariance matrix; NOT corrected for  scaling
   0.749111E+14  -0.242719E+14  -0.277759E+14  -0.362343E+14  -0.591971E+14  -0.214758E+14
  -0.242719E+14   0.107953E+16  -0.526566E+14  -0.688070E+14   0.253013E+14  -0.334543E+14
  -0.277759E+14  -0.526566E+14   0.161276E+16  -0.833450E+13   0.180028E+13  -0.164598E+14
  -0.362343E+14  -0.688071E+14  -0.833451E+13   0.780058E+15   0.777237E+15   0.123734E+16
  -0.591971E+14   0.253012E+14   0.180027E+13   0.777237E+15   0.986176E+15   0.134427E+16
  -0.214758E+14  -0.334545E+14  -0.164598E+14   0.123734E+16   0.134427E+16   0.218670E+16
 trial position no.            4
 
 
 
 
 
 
 
 
 
 
 
 
  Covariance matrix; NOT corrected for  scaling
   0.808386E+14  -0.188813E+14  -0.207001E+14  -0.306223E+14  -0.532029E+14  -0.116197E+13
  -0.188813E+14   0.622245E+15  -0.212374E+15  -0.142559E+14   0.628713E+14   0.367879E+14
  -0.207001E+14  -0.212374E+15   0.116618E+16   0.178442E+14   0.140507E+14   0.113261E+14
  -0.306223E+14  -0.142559E+14   0.178442E+14   0.496485E+15   0.471304E+15   0.638987E+15
  -0.532029E+14   0.628713E+14   0.140507E+14   0.471304E+15   0.672484E+15   0.698483E+15
  -0.116193E+13   0.367879E+14   0.113261E+14   0.638987E+15   0.698483E+15   0.104118E+16
 trial position no.            5
 
 
 
 
 
 
 
 
 
 
 
 
  Covariance matrix; NOT corrected for  scaling
   0.867806E+14  -0.171310E+14  -0.151173E+14  -0.299709E+14  -0.532941E+14   0.878697E+13
  -0.171310E+14   0.451487E+15  -0.242827E+15  -0.263021E+14   0.412151E+14   0.133259E+14
  -0.151173E+14  -0.242827E+15   0.955325E+15   0.186079E+14   0.900418E+13   0.619035E+13
  -0.299708E+14  -0.263021E+14   0.186079E+14   0.368970E+15   0.333362E+15   0.381621E+15
  -0.532941E+14   0.412151E+14   0.900417E+13   0.333362E+15   0.540125E+15   0.416768E+15
   0.878697E+13   0.133259E+14   0.619034E+13   0.381621E+15   0.416768E+15   0.619791E+15
 trial position no.            6
 
 
 
 
 
 
 
 
 
 
 
 
  Covariance matrix; NOT corrected for  scaling
   0.933344E+14  -0.165982E+14  -0.127589E+14  -0.284957E+14  -0.525494E+14   0.200958E+14
  -0.165982E+14   0.316648E+15  -0.203875E+15  -0.219685E+14   0.397468E+14   0.123152E+14
  -0.127589E+14  -0.203875E+15   0.713000E+15   0.168348E+14   0.511938E+13   0.418642E+12
  -0.284958E+14  -0.219686E+14   0.168348E+14   0.265207E+15   0.217158E+15   0.192810E+15
  -0.525494E+14   0.397468E+14   0.511938E+13   0.217158E+15   0.428364E+15   0.200202E+15
   0.200958E+14   0.123152E+14   0.418638E+12   0.192810E+15   0.200202E+15   0.366375E+15
 trial position no.            3
 
 
 
 
 
 
 
 
 
 
 
 
  Covariance matrix; NOT corrected for  scaling
   0.429390E+14  -0.176103E+12   0.184473E+14   0.583192E+14   0.741592E+14   0.539467E+14
  -0.176172E+12   0.404459E+15   0.343398E+15   0.984219E+14   0.500699E+14   0.991668E+14
   0.184473E+14   0.343398E+15   0.627276E+15  -0.228582E+14  -0.756697E+14  -0.717508E+14
   0.583191E+14   0.984222E+14  -0.228580E+14   0.274234E+15   0.278636E+15   0.382181E+15
   0.741592E+14   0.500702E+14  -0.756695E+14   0.278636E+15   0.353869E+15   0.416814E+15
   0.539466E+14   0.991673E+14  -0.717503E+14   0.382181E+15   0.416814E+15   0.631729E+15
 trial position no.            4
 
 
 
 
 
 
 
 
 
 
 
 
  Covariance matrix; NOT corrected for  scaling
   0.454496E+14  -0.128615E+14   0.229164E+14   0.442331E+14   0.611834E+14   0.217226E+14
  -0.128615E+14   0.290303E+15   0.239663E+15   0.363777E+14  -0.112977E+14   0.732653E+13
   0.229164E+14   0.239663E+15   0.438007E+15   0.138872E+14  -0.238310E+14  -0.499153E+13
   0.442331E+14   0.363778E+14   0.138873E+14   0.154947E+15   0.148233E+15   0.176697E+15
   0.611834E+14  -0.112976E+14  -0.238309E+14   0.148233E+15   0.220481E+15   0.192913E+15
   0.217226E+14   0.732668E+13  -0.499138E+13   0.176697E+15   0.192913E+15   0.306909E+15
 trial position no.            5
 
 
 
 
 
 
 
 
 
 
 
 
  Covariance matrix; NOT corrected for  scaling
   0.547940E+14  -0.155660E+14   0.224168E+14   0.492120E+14   0.715029E+14   0.745047E+13
  -0.155660E+14   0.251619E+15   0.215237E+15   0.212391E+14  -0.265105E+14  -0.129038E+14
   0.224168E+14   0.215237E+15   0.378351E+15   0.216512E+14  -0.134798E+14   0.722207E+13
   0.492120E+14   0.212391E+14   0.216512E+14   0.121350E+15   0.114634E+15   0.926884E+14
   0.715029E+14  -0.265105E+14  -0.134798E+14   0.114634E+15   0.197372E+15   0.999858E+14
   0.745055E+13  -0.129038E+14   0.722213E+13   0.926885E+14   0.999859E+14   0.178728E+15
 trial position no.            6
 
 
 
 
 
 
 
 
 
 
 
 
  Covariance matrix; NOT corrected for  scaling
   0.621676E+14  -0.178486E+14   0.224211E+14   0.461966E+14   0.727114E+14  -0.172184E+14
  -0.178486E+14   0.208519E+15   0.189981E+15   0.159337E+14  -0.336625E+14  -0.122758E+14
   0.224211E+14   0.189981E+15   0.317913E+15   0.246758E+14  -0.107885E+14   0.597045E+13
   0.461966E+14   0.159337E+14   0.246758E+14   0.934269E+14   0.815884E+14   0.346859E+14
   0.727114E+14  -0.336625E+14  -0.107885E+14   0.815885E+14   0.169451E+15   0.260916E+14
  -0.172184E+14  -0.122758E+14   0.597046E+13   0.346858E+14   0.260916E+14   0.122604E+15
 trial position no.            3
 
 
 
 
 
 
 
 
 
 
 
 
  Covariance matrix; NOT corrected for  scaling
   0.599716E+14  -0.414834E+14   0.278337E+14   0.549659E+14   0.716749E+14   0.565969E+14
  -0.414834E+14   0.777540E+15   0.473871E+15   0.144046E+15   0.993704E+14   0.188254E+15
   0.278337E+14   0.473871E+15   0.118913E+16  -0.136432E+15  -0.169564E+15  -0.210381E+15
   0.549658E+14   0.144046E+15  -0.136433E+15   0.571725E+15   0.555254E+15   0.896651E+15
   0.716748E+14   0.993704E+14  -0.169565E+15   0.555254E+15   0.694444E+15   0.962555E+15
   0.565965E+14   0.188254E+15  -0.210382E+15   0.896651E+15   0.962555E+15   0.160282E+16
 trial position no.            4
 
 
 
 
 
 
 
 
 
 
 
 
  Covariance matrix; NOT corrected for  scaling
   0.678394E+14  -0.442625E+14   0.314886E+14   0.532904E+14   0.724922E+14   0.367228E+14
  -0.442625E+14   0.528725E+15   0.299977E+15   0.532516E+14   0.139235E+14   0.383792E+14
   0.314886E+14   0.299977E+15   0.793458E+15  -0.373897E+14  -0.522658E+14  -0.276024E+14
   0.532904E+14   0.532515E+14  -0.373898E+14   0.358147E+15   0.326706E+15   0.468080E+15
   0.724921E+14   0.139235E+14  -0.522659E+14   0.326706E+15   0.466454E+15   0.506364E+15
   0.367228E+14   0.383790E+14  -0.276025E+14   0.468080E+15   0.506364E+15   0.810208E+15
 trial position no.            5
 
 
 
 
 
 
 
 
 
 
 
 
  Covariance matrix; NOT corrected for  scaling
   0.757196E+14  -0.441784E+14   0.288368E+14   0.538999E+14   0.766873E+14   0.185032E+14
  -0.441784E+14   0.404351E+15   0.234390E+15   0.194204E+14  -0.151245E+14  -0.622496E+13
   0.288368E+14   0.234390E+15   0.614401E+15  -0.172991E+14  -0.251391E+14   0.114698E+14
   0.538999E+14   0.194204E+14  -0.172991E+14   0.263147E+15   0.224833E+15   0.269604E+15
   0.766872E+14  -0.151246E+14  -0.251392E+14   0.224833E+15   0.373208E+15   0.290730E+15
   0.185031E+14  -0.622499E+13   0.114697E+14   0.269604E+15   0.290730E+15   0.478575E+15
 trial position no.            6
 
 
 
 
 
 
 
 
 
 
 
 
  Covariance matrix; NOT corrected for  scaling
   0.830861E+14  -0.421121E+14   0.267803E+14   0.481339E+14   0.742380E+14  -0.848245E+13
  -0.421121E+14   0.289681E+15   0.175843E+15   0.878854E+13  -0.218807E+14  -0.109576E+14
   0.267803E+14   0.175843E+15   0.446066E+15  -0.819260E+13  -0.113457E+14   0.235636E+14
   0.481338E+14   0.878857E+13  -0.819261E+13   0.196344E+15   0.147661E+15   0.137282E+15
   0.742379E+14  -0.218807E+14  -0.113457E+14   0.147661E+15   0.300046E+15   0.135408E+15
  -0.848241E+13  -0.109576E+14   0.235636E+14   0.137282E+15   0.135408E+15   0.298143E+15
 trial position no.            3
 
 
 
 
 
 
 
 
 
 
 
 
  Covariance matrix; NOT corrected for  scaling
   0.201394E+14  -0.168344E+14   0.601296E+13   0.187442E+14   0.234416E+14   0.182540E+14
  -0.168344E+14   0.302821E+15   0.206768E+15   0.518711E+14   0.359051E+14   0.689899E+14
   0.601295E+13   0.206768E+15   0.532438E+15  -0.814998E+14  -0.111093E+15  -0.121801E+15
   0.187442E+14   0.518711E+14  -0.814998E+14   0.222088E+15   0.220188E+15   0.350820E+15
   0.234416E+14   0.359050E+14  -0.111093E+15   0.220188E+15   0.291544E+15   0.388591E+15
   0.182540E+14   0.689899E+14  -0.121801E+15   0.350820E+15   0.388591E+15   0.636227E+15
 trial position no.            4
 
 
 
 
 
 
 
 
 
 
 
 
  Covariance matrix; NOT corrected for  scaling
   0.222709E+14  -0.169337E+14   0.961967E+13   0.176956E+14   0.220132E+14   0.110959E+14
  -0.169337E+14   0.197530E+15   0.119020E+15   0.201122E+14   0.922841E+13   0.166368E+14
   0.961968E+13   0.119020E+15   0.342786E+15  -0.254617E+14  -0.397833E+14  -0.143088E+14
   0.176956E+14   0.201122E+14  -0.254617E+14   0.135442E+15   0.121421E+15   0.179260E+15
   0.220132E+14   0.922836E+13  -0.397833E+14   0.121421E+15   0.188932E+15   0.197106E+15
   0.110959E+14   0.166367E+14  -0.143089E+14   0.179260E+15   0.197106E+15   0.321999E+15
 trial position no.            5
 
 
 
 
 
 
 
 
 
 
 
 
  Covariance matrix; NOT corrected for  scaling
   0.243040E+14  -0.165206E+14   0.889389E+13   0.178298E+14   0.226062E+14   0.527832E+13
  -0.165206E+14   0.147516E+15   0.883026E+14   0.586744E+13  -0.155074E+13  -0.255373E+13
   0.889389E+13   0.883027E+14   0.265279E+15  -0.154980E+14  -0.244322E+14   0.925154E+13
   0.178298E+14   0.586746E+13  -0.154980E+14   0.979022E+14   0.790989E+14   0.101265E+15
   0.226062E+14  -0.155073E+13  -0.244322E+14   0.790990E+14   0.151127E+15   0.109923E+15
   0.527834E+13  -0.255374E+13   0.925158E+13   0.101265E+15   0.109923E+15   0.191639E+15
 trial position no.            6
 
 
 
 
 
 
 
 
 
 
 
 
  Covariance matrix; NOT corrected for  scaling
   0.261491E+14  -0.153475E+14   0.853418E+13   0.157066E+14   0.207902E+14  -0.327503E+13
  -0.153475E+14   0.104329E+15   0.652755E+14   0.169389E+13  -0.372457E+13  -0.448794E+13
   0.853417E+13   0.652755E+14   0.192117E+15  -0.946728E+13  -0.144143E+14   0.187615E+14
   0.157066E+14   0.169388E+13  -0.946727E+13   0.730586E+14   0.483255E+14   0.522496E+14
   0.207902E+14  -0.372459E+13  -0.144143E+14   0.483255E+14   0.122767E+15   0.497320E+14
  -0.327500E+13  -0.448795E+13   0.187615E+14   0.522497E+14   0.497320E+14   0.124219E+15
 trial position no.            3
 
 
 
 
 
 
 
 
 
 
 
 
  Covariance matrix; NOT corrected for  scaling
   0.372988E+14  -0.183353E+14  -0.276865E+14  -0.184078E+14  -0.325269E+14  -0.263508E+14
  -0.183353E+14   0.828837E+15  -0.137083E+15  -0.567033E+14   0.550682E+14   0.121390E+14
  -0.276865E+14  -0.137083E+15   0.142811E+16   0.266493E+14   0.580785E+14   0.549257E+14
  -0.184079E+14  -0.567033E+14   0.266493E+14   0.538196E+15   0.529711E+15   0.876064E+15
  -0.325269E+14   0.550683E+14   0.580784E+14   0.529711E+15   0.744271E+15   0.100368E+16
  -0.263508E+14   0.121391E+14   0.549257E+14   0.876064E+15   0.100368E+16   0.162601E+16
 trial position no.            4
 
 
 
 
 
 
 
 
 
 
 
 
  Covariance matrix; NOT corrected for  scaling
   0.399436E+14  -0.165208E+14  -0.223900E+14  -0.143203E+14  -0.315481E+14  -0.157257E+14
  -0.165208E+14   0.480318E+15  -0.150135E+15  -0.176108E+14   0.832913E+14   0.565985E+14
  -0.223900E+14  -0.150135E+15   0.974463E+15   0.285053E+14   0.550675E+14   0.421647E+14
  -0.143203E+14  -0.176108E+14   0.285053E+14   0.344213E+15   0.312520E+15   0.457702E+15
  -0.315481E+14   0.832913E+14   0.550675E+14   0.312520E+15   0.539759E+15   0.546331E+15
  -0.157257E+14   0.565985E+14   0.421647E+14   0.457702E+15   0.546331E+15   0.800185E+15
 trial position no.            5
 
 
 
 
 
 
 
 
 
 
 
 
  Covariance matrix; NOT corrected for  scaling
   0.425780E+14  -0.158102E+14  -0.175680E+14  -0.126456E+14  -0.341377E+14  -0.103258E+14
  -0.158102E+14   0.335713E+15  -0.134210E+15  -0.283959E+14   0.654598E+14   0.305536E+14
  -0.175680E+14  -0.134210E+15   0.733999E+15   0.175988E+14   0.434035E+14   0.201398E+14
  -0.126456E+14  -0.283959E+14   0.175988E+14   0.258418E+15   0.213723E+15   0.280277E+15
  -0.341377E+14   0.654598E+14   0.434035E+14   0.213723E+15   0.468981E+15   0.348823E+15
  -0.103258E+14   0.305536E+14   0.201398E+14   0.280277E+15   0.348823E+15   0.494957E+15
 trial position no.            6
 
 
 
 
 
 
 
 
 
 
 
 
  Covariance matrix; NOT corrected for  scaling
   0.456141E+14  -0.154923E+14  -0.150602E+14  -0.104850E+14  -0.366329E+14  -0.354176E+13
  -0.154923E+14   0.229709E+15  -0.999819E+14  -0.254433E+14   0.656876E+14   0.245695E+14
  -0.150602E+14  -0.999819E+14   0.518046E+15   0.108811E+14   0.365508E+14   0.718222E+13
  -0.104850E+14  -0.254433E+14   0.108811E+14   0.188228E+15   0.125974E+15   0.148539E+15
  -0.366329E+14   0.656876E+14   0.365508E+14   0.125974E+15   0.409478E+15   0.186733E+15
  -0.354176E+13   0.245695E+14   0.718222E+13   0.148539E+15   0.186733E+15   0.300123E+15
 trial position no.            3
 
 
 
 
 
 
 
 
 
 
 
 
  Covariance matrix; NOT corrected for  scaling
   0.347636E+14  -0.121099E+14   0.375689E+14   0.373163E+14   0.333025E+14   0.403748E+14
  -0.121098E+14   0.860053E+15   0.517354E+15   0.242186E+15   0.141979E+15   0.248300E+15
   0.375689E+14   0.517354E+15   0.115892E+16  -0.646256E+14  -0.859503E+14  -0.121769E+15
   0.373164E+14   0.242186E+15  -0.646256E+14   0.598087E+15   0.520699E+15   0.907372E+15
   0.333026E+14   0.141979E+15  -0.859503E+14   0.520699E+15   0.634444E+15   0.977045E+15
   0.403749E+14   0.248300E+15  -0.121769E+15   0.907372E+15   0.977045E+15   0.167512E+16
 trial position no.            4
 
 
 
 
 
 
 
 
 
 
 
 
  Covariance matrix; NOT corrected for  scaling
   0.376046E+14  -0.234575E+14   0.264653E+14   0.349301E+14   0.337320E+14   0.308536E+14
  -0.234575E+14   0.619081E+15   0.277107E+15   0.133442E+15   0.367657E+14   0.490832E+14
   0.264653E+14   0.277107E+15   0.626876E+15  -0.339020E+13  -0.866419E+13  -0.304528E+13
   0.349301E+14   0.133442E+15  -0.339015E+13   0.380655E+15   0.299059E+15   0.471789E+15
   0.337320E+14   0.367657E+14  -0.866414E+13   0.299059E+15   0.439791E+15   0.555804E+15
   0.308536E+14   0.490832E+14  -0.304520E+13   0.471789E+15   0.555804E+15   0.872258E+15
 trial position no.            5
 
 
 
 
 
 
 
 
 
 
 
 
  Covariance matrix; NOT corrected for  scaling
   0.404483E+14  -0.279641E+14   0.201931E+14   0.327645E+14   0.336317E+14   0.206471E+14
  -0.279641E+14   0.506560E+15   0.197934E+15   0.976241E+14   0.191269E+13  -0.164976E+14
   0.201931E+14   0.197934E+15   0.426465E+15   0.715905E+13   0.714534E+13   0.140330E+14
   0.327645E+14   0.976241E+14   0.715909E+13   0.285983E+15   0.187519E+15   0.264689E+15
   0.336317E+14   0.191272E+13   0.714542E+13   0.187519E+15   0.340097E+15   0.338323E+15
   0.206471E+14  -0.164975E+14   0.140331E+14   0.264689E+15   0.338323E+15   0.508260E+15
 trial position no.            6
 
 
 
 
 
 
 
 
 
 
 
 
  Covariance matrix; NOT corrected for  scaling
   0.434033E+14  -0.289520E+14   0.160649E+14   0.282161E+14   0.314346E+14   0.739323E+13
  -0.289520E+14   0.372779E+15   0.143175E+15   0.749076E+14  -0.130018E+14  -0.402464E+14
   0.160649E+14   0.143175E+15   0.289992E+15   0.767041E+13   0.886985E+13   0.109560E+14
   0.282160E+14   0.749076E+14   0.767041E+13   0.225404E+15   0.108798E+15   0.130945E+15
   0.314346E+14  -0.130018E+14   0.886986E+13   0.108798E+15   0.270933E+15   0.189549E+15
   0.739321E+13  -0.402464E+14   0.109560E+14   0.130945E+15   0.189549E+15   0.300855E+15
 trial position no.            3
 
 
 
 
 
 
 
 
 
 
 
 
  Covariance matrix; NOT corrected for  scaling
   0.751191E+14  -0.345161E+14   0.217052E+14   0.161057E+14   0.295009E+14  -0.235644E+12
  -0.345161E+14   0.129322E+16   0.201728E+15   0.497429E+14   0.495241E+14   0.878995E+14
   0.217052E+14   0.201728E+15   0.158591E+16  -0.150172E+14   0.117282E+14  -0.962165E+13
   0.161057E+14   0.497429E+14  -0.150172E+14   0.917382E+15   0.840246E+15   0.146113E+16
   0.295010E+14   0.495241E+14   0.117282E+14   0.840246E+15   0.975696E+15   0.149517E+16
  -0.235627E+12   0.878995E+14  -0.962164E+13   0.146113E+16   0.149517E+16   0.260892E+16
 trial position no.            4
 
 
 
 
 
 
 
 
 
 
 
 
  Covariance matrix; NOT corrected for  scaling
   0.831373E+14  -0.269842E+14   0.139436E+14   0.160677E+14   0.325886E+14  -0.576450E+13
  -0.269842E+14   0.835507E+15   0.201528E+15   0.107226E+14   0.118758E+14   0.218169E+14
   0.139436E+14   0.201528E+15   0.102470E+16   0.263719E+14   0.478573E+14   0.463816E+14
   0.160677E+14   0.107226E+14   0.263719E+14   0.608497E+15   0.520367E+15   0.795827E+15
   0.325886E+14   0.118758E+14   0.478573E+14   0.520367E+15   0.663026E+15   0.817808E+15
  -0.576450E+13   0.218169E+14   0.463816E+14   0.795827E+15   0.817808E+15   0.130799E+16
 trial position no.            5
 
 
 
 
 
 
 
 
 
 
 
 
  Covariance matrix; NOT corrected for  scaling
   0.911453E+14  -0.242519E+14   0.970441E+13   0.152771E+14   0.352453E+14  -0.116900E+14
  -0.242519E+14   0.614147E+15   0.187372E+15  -0.453064E+13  -0.271516E+13   0.892732E+12
   0.970440E+13   0.187372E+15   0.757353E+15   0.245431E+14   0.440521E+14   0.363200E+14
   0.152771E+14  -0.453065E+13   0.245431E+14   0.457961E+15   0.361857E+15   0.486405E+15
   0.352453E+14  -0.271516E+13   0.440521E+14   0.361857E+15   0.514498E+15   0.501260E+15
  -0.116900E+14   0.892731E+12   0.363200E+14   0.486405E+15   0.501260E+15   0.781663E+15
 trial position no.            6
 
 
 
 
 
 
 
 
 
 
 
 
  Covariance matrix; NOT corrected for  scaling
   0.991972E+14  -0.218035E+14   0.700162E+13   0.129673E+14   0.365484E+14  -0.195083E+14
  -0.218035E+14   0.426313E+15   0.145923E+15  -0.593766E+13  -0.391105E+13  -0.212712E+12
   0.700162E+13   0.145923E+15   0.529619E+15   0.172549E+14   0.350546E+14   0.208796E+14
   0.129673E+14  -0.593766E+13   0.172549E+14   0.342219E+15   0.236748E+15   0.261198E+15
   0.365484E+14  -0.391105E+13   0.350547E+14   0.236748E+15   0.397938E+15   0.265852E+15
  -0.195083E+14  -0.212716E+12   0.208796E+14   0.261198E+15   0.265852E+15   0.453729E+15
 trial position no.            3
 
 
 
 
 
 
 
 
 
 
 
 
  Covariance matrix; NOT corrected for  scaling
   0.833106E+14  -0.589855E+14   0.375557E+14   0.570323E+14   0.719578E+14   0.435288E+14
  -0.589855E+14   0.109941E+16   0.479546E+15   0.192444E+15   0.153414E+15   0.274556E+15
   0.375558E+14   0.479546E+15   0.155816E+16  -0.179561E+15  -0.183777E+15  -0.264921E+15
   0.570324E+14   0.192444E+15  -0.179560E+15   0.848535E+15   0.802614E+15   0.133193E+16
   0.719578E+14   0.153414E+15  -0.183777E+15   0.802614E+15   0.975212E+15   0.140955E+16
   0.435289E+14   0.274556E+15  -0.264920E+15   0.133193E+16   0.140955E+16   0.239077E+16
 trial position no.            4
 
 
 
 
 
 
 
 
 
 
 
 
  Covariance matrix; NOT corrected for  scaling
   0.908322E+14  -0.549710E+14   0.312663E+14   0.564128E+14   0.733608E+14   0.240929E+14
  -0.549710E+14   0.774281E+15   0.355677E+15   0.774478E+14   0.433936E+14   0.772042E+14
   0.312663E+14   0.355677E+15   0.105166E+16  -0.551260E+14  -0.527444E+14  -0.452593E+14
   0.564128E+14   0.774481E+14  -0.551262E+14   0.542375E+15   0.480115E+15   0.699933E+15
   0.733608E+14   0.433938E+14  -0.527446E+14   0.480115E+15   0.657086E+15   0.750063E+15
   0.240929E+14   0.772046E+14  -0.452597E+14   0.699933E+15   0.750063E+15   0.119408E+16
 trial position no.            5
 
 
 
 
 
 
 
 
 
 
 
 
  Covariance matrix; NOT corrected for  scaling
   0.981782E+14  -0.520885E+14   0.247679E+14   0.561120E+14   0.757036E+14   0.592112E+13
  -0.520885E+14   0.600356E+15   0.303861E+15   0.332718E+14   0.394666E+13   0.140619E+14
   0.247678E+14   0.303861E+15   0.808107E+15  -0.280270E+14  -0.232217E+14   0.461768E+12
   0.561121E+14   0.332718E+14  -0.280270E+14   0.402832E+15   0.329572E+15   0.411861E+15
   0.757037E+14   0.394668E+13  -0.232216E+14   0.329573E+15   0.515460E+15   0.442674E+15
   0.592111E+13   0.140619E+14   0.461822E+12   0.411860E+15   0.442674E+15   0.710162E+15
 trial position no.            6
 
 
 
 
 
 
 
 
 
 
 
 
  Covariance matrix; NOT corrected for  scaling
   0.105426E+15  -0.482726E+14   0.209684E+14   0.501965E+14   0.725146E+14  -0.192686E+14
  -0.482726E+14   0.430593E+15   0.234273E+15   0.173519E+14  -0.785375E+13  -0.174950E+13
   0.209684E+14   0.234273E+15   0.580474E+15  -0.160317E+14  -0.964196E+13   0.161205E+14
   0.501965E+14   0.173519E+14  -0.160318E+14   0.302502E+15   0.215668E+15   0.213870E+15
   0.725146E+14  -0.785376E+13  -0.964196E+13   0.215668E+15   0.407065E+15   0.220760E+15
  -0.192686E+14  -0.174950E+13   0.161205E+14   0.213870E+15   0.220759E+15   0.431029E+15
 trial position no.            3
 
 
 
 
 
 
 
 
 
 
 
 
  Covariance matrix; NOT corrected for  scaling
   0.381798E+14  -0.278211E+14  -0.672072E+13  -0.794066E+13  -0.187032E+14  -0.100859E+14
  -0.278211E+14   0.885168E+15  -0.133955E+14   0.363833E+13   0.995445E+14   0.712661E+14
  -0.672072E+13  -0.133955E+14   0.134149E+16  -0.392408E+14  -0.144879E+14  -0.370144E+14
  -0.794065E+13   0.363836E+13  -0.392408E+14   0.602448E+15   0.575443E+15   0.985517E+15
  -0.187032E+14   0.995446E+14  -0.144879E+14   0.575443E+15   0.790266E+15   0.108238E+16
  -0.100859E+14   0.712662E+14  -0.370143E+14   0.985517E+15   0.108238E+16   0.180776E+16
 trial position no.            4
 
 
 
 
 
 
 
 
 
 
 
 
  Covariance matrix; NOT corrected for  scaling
   0.407569E+14  -0.214404E+14  -0.554475E+13  -0.623466E+13  -0.184087E+14  -0.539468E+13
  -0.214404E+14   0.500332E+15  -0.830419E+14   0.121668E+14   0.938026E+14   0.646105E+14
  -0.554475E+13  -0.830419E+14   0.955981E+15  -0.900490E+13   0.153719E+14   0.100818E+14
  -0.623466E+13   0.121668E+14  -0.900490E+13   0.393002E+15   0.342318E+15   0.529104E+15
  -0.184087E+14   0.938026E+14   0.153719E+14   0.342318E+15   0.567271E+15   0.587889E+15
  -0.539468E+13   0.646105E+14   0.100817E+14   0.529104E+15   0.587889E+15   0.899986E+15
 trial position no.            5
 
 
 
 
 
 
 
 
 
 
 
 
  Covariance matrix; NOT corrected for  scaling
   0.433219E+14  -0.189531E+14  -0.400275E+13  -0.596070E+13  -0.201136E+14  -0.335929E+13
  -0.189531E+14   0.340898E+15  -0.885768E+14  -0.663413E+13   0.669537E+14   0.270406E+14
  -0.400275E+13  -0.885768E+14   0.746849E+15  -0.989322E+13   0.162516E+14   0.875751E+13
  -0.596069E+13  -0.663412E+13  -0.989322E+13   0.294484E+15   0.230734E+15   0.326353E+15
  -0.201136E+14   0.669537E+14   0.162516E+14   0.230734E+15   0.479477E+15   0.366355E+15
  -0.335929E+13   0.270407E+14   0.875750E+13   0.326353E+15   0.366355E+15   0.550128E+15
 trial position no.            6
 
 
 
 
 
 
 
 
 
 
 
 
  Covariance matrix; NOT corrected for  scaling
   0.461464E+14  -0.170778E+14  -0.362518E+13  -0.561740E+13  -0.217989E+14  -0.507999E+12
  -0.170778E+14   0.228956E+15  -0.694279E+14  -0.100109E+14   0.585981E+14   0.145626E+14
  -0.362518E+13  -0.694279E+14   0.535541E+15  -0.856749E+13   0.190544E+14   0.904092E+13
  -0.561740E+13  -0.100109E+14  -0.856749E+13   0.216830E+15   0.136746E+15   0.178260E+15
  -0.217989E+14   0.585981E+14   0.190544E+14   0.136746E+15   0.407641E+15   0.191180E+15
  -0.508000E+12   0.145626E+14   0.904092E+13   0.178260E+15   0.191180E+15   0.329012E+15
 trial position no.            3
 
 
 
 
 
 
 
 
 
 
 
 
  Covariance matrix; NOT corrected for  scaling
   0.209235E+14  -0.186493E+14   0.714427E+13   0.443527E+13   0.145329E+12   0.111344E+13
  -0.186493E+14   0.522584E+15   0.113321E+15   0.487453E+14   0.745965E+14   0.100856E+15
   0.714427E+13   0.113321E+15   0.797459E+15  -0.563033E+14  -0.172224E+14  -0.457370E+14
   0.443527E+13   0.487453E+14  -0.563032E+14   0.402243E+15   0.363880E+15   0.647339E+15
   0.145321E+12   0.745965E+14  -0.172224E+14   0.363880E+15   0.474038E+15   0.726290E+15
   0.111344E+13   0.100856E+15  -0.457369E+14   0.647339E+15   0.726290E+15   0.124407E+16
 trial position no.            4
 
 
 
 
 
 
 
 
 
 
 
 
  Covariance matrix; NOT corrected for  scaling
   0.222798E+14  -0.174276E+14   0.477477E+13   0.516332E+13  -0.787402E+12  -0.108093E+12
  -0.174276E+14   0.357024E+15   0.423893E+14   0.255970E+14   0.549246E+14   0.566484E+14
   0.477477E+13   0.423893E+14   0.444818E+15  -0.159103E+14   0.191810E+14   0.143954E+14
   0.516333E+13   0.255970E+14  -0.159103E+14   0.268788E+15   0.214857E+15   0.348574E+15
  -0.787397E+12   0.549246E+14   0.191810E+14   0.214857E+15   0.335840E+15   0.415488E+15
  -0.108086E+12   0.566484E+14   0.143954E+14   0.348574E+15   0.415488E+15   0.640262E+15
 trial position no.            5
 
 
 
 
 
 
 
 
 
 
 
 
  Covariance matrix; NOT corrected for  scaling
   0.236146E+14  -0.170551E+14   0.355380E+13   0.531093E+13  -0.223242E+13  -0.168997E+13
  -0.170551E+14   0.267364E+15   0.236018E+14   0.544824E+13   0.380325E+14   0.251337E+14
   0.355380E+13   0.236018E+14   0.299025E+15  -0.142636E+14   0.187283E+14   0.129559E+14
   0.531093E+13   0.544824E+13  -0.142636E+14   0.205394E+15   0.139671E+15   0.210494E+15
  -0.223242E+13   0.380325E+14   0.187283E+14   0.139671E+15   0.277144E+15   0.272301E+15
  -0.168997E+13   0.251337E+14   0.129559E+14   0.210494E+15   0.272301E+15   0.392618E+15
 trial position no.            6
 
 
 
 
 
 
 
 
 
 
 
 
  Covariance matrix; NOT corrected for  scaling
   0.250145E+14  -0.157392E+14   0.269870E+13   0.505891E+13  -0.390111E+13  -0.315488E+13
  -0.157392E+14   0.186294E+15   0.160297E+14  -0.186579E+13   0.320887E+14   0.130475E+14
   0.269870E+13   0.160297E+14   0.199019E+15  -0.125024E+14   0.195575E+14   0.121325E+14
   0.505891E+13  -0.186579E+13  -0.125024E+14   0.157956E+15   0.784532E+14   0.110840E+15
  -0.390111E+13   0.320887E+14   0.195575E+14   0.784531E+14   0.231128E+15   0.161308E+15
  -0.315488E+13   0.130475E+14   0.121325E+14   0.110840E+15   0.161308E+15   0.230850E+15
 trial position no.            3
 
 
 
 
 
 
 
 
 
 
 
 
  Covariance matrix; NOT corrected for  scaling
   0.500825E+14  -0.418676E+14   0.293533E+14   0.389785E+14   0.483943E+14   0.404051E+14
  -0.418676E+14   0.813216E+15   0.477917E+15   0.153024E+15   0.120816E+15   0.206732E+15
   0.293533E+14   0.477917E+15   0.127583E+16  -0.154695E+15  -0.176352E+15  -0.226463E+15
   0.389785E+14   0.153024E+15  -0.154695E+15   0.592087E+15   0.564290E+15   0.947811E+15
   0.483942E+14   0.120816E+15  -0.176352E+15   0.564290E+15   0.715095E+15   0.102222E+16
   0.404051E+14   0.206733E+15  -0.226463E+15   0.947811E+15   0.102222E+16   0.173484E+16
 trial position no.            4
 
 
 
 
 
 
 
 
 
 
 
 
  Covariance matrix; NOT corrected for  scaling
   0.554825E+14  -0.418892E+14   0.309056E+14   0.393098E+14   0.500326E+14   0.291494E+14
  -0.418892E+14   0.537305E+15   0.274273E+15   0.641597E+14   0.394229E+14   0.543338E+14
   0.309056E+14   0.274273E+15   0.818503E+15  -0.475047E+14  -0.486894E+14  -0.244529E+14
   0.393097E+14   0.641597E+14  -0.475047E+14   0.374136E+15   0.328654E+15   0.502998E+15
   0.500326E+14   0.394230E+14  -0.486894E+14   0.328654E+15   0.483264E+15   0.550237E+15
   0.291493E+14   0.543339E+14  -0.244528E+14   0.502998E+15   0.550237E+15   0.893019E+15
 trial position no.            5
 
 
 
 
 
 
 
 
 
 
 
 
  Covariance matrix; NOT corrected for  scaling
   0.603947E+14  -0.407982E+14   0.278382E+14   0.389403E+14   0.517323E+14   0.162626E+14
  -0.407982E+14   0.400319E+15   0.200256E+15   0.260786E+14   0.723051E+13  -0.439277E+12
   0.278382E+14   0.200256E+15   0.614606E+15  -0.266145E+14  -0.192791E+14   0.169209E+14
   0.389403E+14   0.260785E+14  -0.266145E+14   0.272264E+15   0.216778E+15   0.293023E+15
   0.517324E+14   0.723047E+13  -0.192791E+14   0.216778E+15   0.382763E+15   0.323447E+15
   0.162627E+14  -0.439272E+12   0.169210E+14   0.293023E+15   0.323447E+15   0.532332E+15
 trial position no.            6
 
 
 
 
 
 
 
 
 
 
 
 
  Covariance matrix; NOT corrected for  scaling
   0.651807E+14  -0.378707E+14   0.251606E+14   0.338755E+14   0.487599E+14  -0.278339E+13
  -0.378707E+14   0.280659E+15   0.145032E+15   0.129710E+14  -0.193320E+13  -0.115385E+14
   0.251606E+14   0.145032E+15   0.435846E+15  -0.167831E+14  -0.473700E+13   0.296368E+14
   0.338755E+14   0.129710E+14  -0.167831E+14   0.203529E+15   0.135205E+15   0.155899E+15
   0.487599E+14  -0.193318E+13  -0.473702E+13   0.135205E+15   0.308281E+15   0.163551E+15
  -0.278335E+13  -0.115385E+14   0.296368E+14   0.155899E+15   0.163551E+15   0.330065E+15
 trial position no.            3
 
 
 
 
 
 
 
 
 
 
 
 
  Covariance matrix; NOT corrected for  scaling
   0.427404E+14  -0.435047E+14   0.298307E+14   0.278631E+14   0.315179E+14   0.345758E+14
  -0.435047E+14   0.816927E+15   0.430051E+15   0.146577E+15   0.138247E+15   0.208267E+15
   0.298307E+14   0.430051E+15   0.130936E+16  -0.170462E+15  -0.174664E+15  -0.230259E+15
   0.278631E+14   0.146577E+15  -0.170463E+15   0.608367E+15   0.578103E+15   0.990288E+15
   0.315179E+14   0.138247E+15  -0.174665E+15   0.578103E+15   0.744221E+15   0.108200E+16
   0.345758E+14   0.208267E+15  -0.230260E+15   0.990288E+15   0.108200E+16   0.184096E+16
 trial position no.            4
 
 
 
 
 
 
 
 
 
 
 
 
  Covariance matrix; NOT corrected for  scaling
   0.469564E+14  -0.414321E+14   0.308670E+14   0.290482E+14   0.331494E+14   0.279032E+14
  -0.414321E+14   0.519390E+15   0.199836E+15   0.678267E+14   0.659273E+14   0.669022E+14
   0.308670E+14   0.199836E+15   0.801576E+15  -0.613800E+14  -0.469810E+14  -0.243831E+14
   0.290483E+14   0.678268E+14  -0.613798E+14   0.388597E+15   0.336984E+15   0.530831E+15
   0.331494E+14   0.659274E+14  -0.469809E+14   0.336984E+15   0.508495E+15   0.591940E+15
   0.279032E+14   0.669024E+14  -0.243830E+14   0.530831E+15   0.591940E+15   0.949894E+15
 trial position no.            5
 
 
 
 
 
 
 
 
 
 
 
 
  Covariance matrix; NOT corrected for  scaling
   0.506750E+14  -0.398648E+14   0.284217E+14   0.278200E+14   0.329156E+14   0.178249E+14
  -0.398648E+14   0.375918E+15   0.125327E+15   0.283376E+14   0.309332E+14   0.599788E+13
   0.284217E+14   0.125327E+15   0.582316E+15  -0.393312E+14  -0.174121E+14   0.176484E+14
   0.278200E+14   0.283376E+14  -0.393311E+14   0.282327E+15   0.217539E+15   0.312244E+15
   0.329156E+14   0.309332E+14  -0.174120E+14   0.217539E+15   0.402956E+15   0.355120E+15
   0.178249E+14   0.599787E+13   0.176484E+14   0.312244E+15   0.355120E+15   0.567754E+15
 trial position no.            6
 
 
 
 
 
 
 
 
 
 
 
 
  Covariance matrix; NOT corrected for  scaling
   0.544660E+14  -0.363877E+14   0.255697E+14   0.233472E+14   0.296181E+14   0.384376E+13
  -0.363877E+14   0.257967E+15   0.846446E+14   0.139701E+14   0.189009E+14  -0.102892E+14
   0.255697E+14   0.846446E+14   0.402838E+15  -0.274348E+14  -0.183886E+13   0.321593E+14
   0.233472E+14   0.139701E+14  -0.274348E+14   0.210900E+15   0.130701E+15   0.168890E+15
   0.296181E+14   0.189009E+14  -0.183886E+13   0.130701E+15   0.326264E+15   0.187537E+15
   0.384377E+13  -0.102892E+14   0.321594E+14   0.168890E+15   0.187537E+15   0.346897E+15
 trial position no.            3
 
 
 
 
 
 
 
 
 
 
 
 
  Covariance matrix; NOT corrected for  scaling
   0.511172E+14  -0.406552E+14   0.285285E+14   0.421757E+14   0.557060E+14   0.466203E+14
  -0.406551E+14   0.752326E+15   0.446678E+15   0.138353E+15   0.103553E+15   0.184018E+15
   0.285286E+14   0.446678E+15   0.115970E+16  -0.135537E+15  -0.158636E+15  -0.201979E+15
   0.421756E+14   0.138353E+15  -0.135537E+15   0.544972E+15   0.525008E+15   0.869543E+15
   0.557059E+14   0.103553E+15  -0.158637E+15   0.525008E+15   0.658711E+15   0.932610E+15
   0.466202E+14   0.184017E+15  -0.201979E+15   0.869543E+15   0.932610E+15   0.157367E+16
 trial position no.            4
 
 
 
 
 
 
 
 
 
 
 
 
  Covariance matrix; NOT corrected for  scaling
   0.578508E+14  -0.414565E+14   0.320086E+14   0.422910E+14   0.582111E+14   0.335977E+14
  -0.414565E+14   0.496101E+15   0.260369E+15   0.543412E+14   0.255694E+14   0.425331E+14
   0.320086E+14   0.260369E+15   0.756317E+15  -0.394437E+14  -0.438496E+14  -0.219552E+14
   0.422910E+14   0.543412E+14  -0.394437E+14   0.343448E+15   0.309164E+15   0.460645E+15
   0.582111E+14   0.255694E+14  -0.438496E+14   0.309164E+15   0.444673E+15   0.498527E+15
   0.335975E+14   0.425332E+14  -0.219554E+14   0.460645E+15   0.498527E+15   0.804915E+15
 trial position no.            5
 
 
 
 
 
 
 
 
 
 
 
 
  Covariance matrix; NOT corrected for  scaling
   0.642313E+14  -0.407644E+14   0.299457E+14   0.422514E+14   0.614157E+14   0.191271E+14
  -0.407644E+14   0.369981E+15   0.191963E+15   0.208009E+14  -0.333854E+13  -0.388057E+13
   0.299457E+14   0.191963E+15   0.575067E+15  -0.203501E+14  -0.172646E+14   0.153744E+14
   0.422515E+14   0.208009E+14  -0.203501E+14   0.250164E+15   0.208947E+15   0.268123E+15
   0.614158E+14  -0.333860E+13  -0.172647E+14   0.208947E+15   0.353723E+15   0.290689E+15
   0.191272E+14  -0.388066E+13   0.153743E+14   0.268123E+15   0.290689E+15   0.477466E+15
 trial position no.            6
 
 
 
 
 
 
 
 
 
 
 
 
  Covariance matrix; NOT corrected for  scaling
   0.703975E+14  -0.382993E+14   0.278109E+14   0.370051E+14   0.593404E+14  -0.262473E+13
  -0.382993E+14   0.260229E+15   0.139644E+15   0.997464E+13  -0.109552E+14  -0.110520E+14
   0.278109E+14   0.139644E+15   0.411391E+15  -0.116545E+14  -0.419236E+13   0.262896E+14
   0.370051E+14   0.997463E+13  -0.116545E+14   0.185904E+15   0.134552E+15   0.140849E+15
   0.593404E+14  -0.109552E+14  -0.419235E+13   0.134552E+15   0.284322E+15   0.142215E+15
  -0.262474E+13  -0.110520E+14   0.262896E+14   0.140849E+15   0.142215E+15   0.295309E+15
 trial position no.            3
 
 
 
 
 
 
 
 
 
 
 
 
  Covariance matrix; NOT corrected for  scaling
   0.693060E+14  -0.716563E+14   0.489070E+14   0.289531E+14   0.200221E+14   0.747865E+14
  -0.716563E+14   0.101686E+16   0.303921E+15   0.995396E+14   0.136451E+15   0.127532E+15
   0.489069E+14   0.303922E+15   0.144520E+16  -0.175690E+15  -0.188711E+15  -0.220366E+15
   0.289531E+14   0.995397E+14  -0.175691E+15   0.780508E+15   0.755551E+15   0.127429E+16
   0.200219E+14   0.136451E+15  -0.188712E+15   0.755550E+15   0.903938E+15   0.134234E+16
   0.747862E+14   0.127532E+15  -0.220369E+15   0.127429E+16   0.134234E+16   0.229489E+16
 trial position no.            4
 
 
 
 
 
 
 
 
 
 
 
 
  Covariance matrix; NOT corrected for  scaling
   0.774355E+14  -0.635526E+14   0.592953E+14   0.270087E+14   0.181608E+14   0.645255E+14
  -0.635526E+14   0.595874E+15  -0.853422E+13   0.596457E+14   0.912696E+14   0.468400E+14
   0.592953E+14  -0.853421E+13   0.909000E+15  -0.786115E+14  -0.886908E+14  -0.356950E+14
   0.270087E+14   0.596457E+14  -0.786115E+14   0.502982E+15   0.460375E+15   0.682541E+15
   0.181608E+14   0.912696E+14  -0.886908E+14   0.460375E+15   0.602340E+15   0.717506E+15
   0.645255E+14   0.468401E+14  -0.356951E+14   0.682541E+15   0.717506E+15   0.113449E+16
 trial position no.            5
 
 
 
 
 
 
 
 
 
 
 
 
  Covariance matrix; NOT corrected for  scaling
   0.859873E+14  -0.633579E+14   0.639819E+14   0.214299E+14   0.127661E+14   0.516260E+14
  -0.633579E+14   0.429446E+15  -0.844581E+14   0.311087E+14   0.593906E+14  -0.367641E+13
   0.639819E+14  -0.844581E+14   0.696212E+15  -0.551652E+14  -0.635568E+14   0.124283E+14
   0.214299E+14   0.311087E+14  -0.551652E+14   0.366231E+15   0.315859E+15   0.405154E+15
   0.127661E+14   0.593906E+14  -0.635568E+14   0.315859E+15   0.461383E+15   0.424823E+15
   0.516260E+14  -0.367641E+13   0.124283E+14   0.405154E+15   0.424823E+15   0.660612E+15
 trial position no.            6
 
 
 
 
 
 
 
 
 
 
 
 
  Covariance matrix; NOT corrected for  scaling
   0.951821E+14  -0.599945E+14   0.616461E+14   0.142729E+14   0.584972E+13   0.379115E+14
  -0.599945E+14   0.297182E+15  -0.832912E+14   0.199981E+14   0.444800E+14  -0.205941E+14
   0.616461E+14  -0.832912E+14   0.496302E+15  -0.392880E+14  -0.447977E+14   0.359621E+14
   0.142729E+14   0.199981E+14  -0.392880E+14   0.265110E+15   0.206234E+15   0.210969E+15
   0.584972E+13   0.444800E+14  -0.447977E+14   0.206234E+15   0.354468E+15   0.213625E+15
   0.379115E+14  -0.205941E+14   0.359621E+14   0.210969E+15   0.213625E+15   0.378958E+15
 trial position no.            3
 
 
 
 
 
 
 
 
 
 
 
 
  Covariance matrix; NOT corrected for  scaling
   0.668302E+14  -0.459536E+13  -0.460161E+13  -0.521317E+13   0.267714E+12   0.828539E+13
  -0.459536E+13   0.203385E+16   0.434545E+14   0.377770E+14   0.716773E+14   0.885045E+14
  -0.460161E+13   0.434545E+14   0.242066E+16   0.822639E+14   0.110184E+15   0.137608E+15
  -0.521316E+13   0.377770E+14   0.822639E+14   0.150117E+16   0.132510E+16   0.232517E+16
   0.267709E+12   0.716773E+14   0.110184E+15   0.132510E+16   0.153745E+16   0.239188E+16
   0.828540E+13   0.885045E+14   0.137608E+15   0.232517E+16   0.239188E+16   0.410330E+16
 trial position no.            4
 
 
 
 
 
 
 
 
 
 
 
 
  Covariance matrix; NOT corrected for  scaling
   0.714510E+14  -0.670598E+13  -0.400163E+13  -0.614496E+13  -0.193815E+12   0.763020E+13
  -0.670598E+13   0.128686E+16  -0.634918E+14   0.415404E+14   0.706620E+14   0.781692E+14
  -0.400163E+13  -0.634918E+14   0.134526E+16   0.562194E+14   0.822560E+14   0.795216E+14
  -0.614495E+13   0.415405E+14   0.562194E+14   0.999095E+15   0.793035E+15   0.123399E+16
  -0.193811E+12   0.706620E+14   0.822560E+14   0.793035E+15   0.103236E+16   0.129487E+16
   0.763020E+13   0.781692E+14   0.795215E+14   0.123399E+16   0.129487E+16   0.198396E+16
 trial position no.            5
 
 
 
 
 
 
 
 
 
 
 
 
  Covariance matrix; NOT corrected for  scaling
   0.759948E+14  -0.858608E+13  -0.327323E+13  -0.768711E+13  -0.123456E+13   0.647171E+13
  -0.858608E+13   0.938879E+15  -0.808919E+14   0.214863E+14   0.489856E+14   0.413335E+14
  -0.327323E+13  -0.808919E+14   0.911338E+15   0.306145E+14   0.573777E+14   0.373911E+14
  -0.768711E+13   0.214863E+14   0.306145E+14   0.764891E+15   0.534159E+15   0.741810E+15
  -0.123456E+13   0.489856E+14   0.573777E+14   0.534159E+15   0.807704E+15   0.804462E+15
   0.647171E+13   0.413335E+14   0.373911E+14   0.741810E+15   0.804462E+15   0.115372E+16
 trial position no.            6
 
 
 
 
 
 
 
 
 
 
 
 
  Covariance matrix; NOT corrected for  scaling
   0.806572E+14  -0.896620E+13  -0.284428E+13  -0.901774E+13  -0.189651E+13   0.617870E+13
  -0.896620E+13   0.650191E+15  -0.670295E+14   0.121789E+14   0.376064E+14   0.223640E+14
  -0.284427E+13  -0.670295E+14   0.610598E+15   0.157485E+14   0.435928E+14   0.147886E+14
  -0.901774E+13   0.121789E+14   0.157485E+14   0.585402E+15   0.327017E+15   0.383086E+15
  -0.189651E+13   0.376064E+14   0.435928E+14   0.327017E+15   0.632086E+15   0.438892E+15
   0.617870E+13   0.223640E+14   0.147886E+14   0.383086E+15   0.438892E+15   0.634338E+15
 trial position no.            3
 
 
 
 
 
 
 
 
 
 
 
 
  Covariance matrix; NOT corrected for  scaling
   0.544600E+14  -0.241939E+14  -0.235689E+14  -0.232336E+14  -0.343552E+14  -0.321087E+14
  -0.241939E+14   0.121375E+16  -0.146722E+15  -0.308263E+14   0.891645E+14   0.444245E+14
  -0.235689E+14  -0.146722E+15   0.184161E+16  -0.218789E+14  -0.203134E+14  -0.259813E+14
  -0.232336E+14  -0.308262E+14  -0.218789E+14   0.809762E+15   0.797076E+15   0.131130E+16
  -0.343552E+14   0.891644E+14  -0.203134E+14   0.797076E+15   0.109406E+16   0.145720E+16
  -0.321088E+14   0.444245E+14  -0.259813E+14   0.131130E+16   0.145720E+16   0.236499E+16
 trial position no.            4
 
 
 
 
 
 
 
 
 
 
 
 
  Covariance matrix; NOT corrected for  scaling
   0.588814E+14  -0.197246E+14  -0.216185E+14  -0.185408E+14  -0.305315E+14  -0.182970E+14
  -0.197246E+14   0.659751E+15  -0.148909E+15   0.629681E+13   0.108131E+15   0.753134E+14
  -0.216185E+14  -0.148909E+15   0.132367E+16  -0.534300E+13  -0.746908E+12   0.292589E+13
  -0.185408E+14   0.629682E+13  -0.534301E+13   0.518998E+15   0.472495E+15   0.687128E+15
  -0.305315E+14   0.108131E+15  -0.746923E+12   0.472495E+15   0.769998E+15   0.768186E+15
  -0.182970E+14   0.753134E+14   0.292587E+13   0.687128E+15   0.768186E+15   0.114214E+16
 trial position no.            5
 
 
 
 
 
 
 
 
 
 
 
 
  Covariance matrix; NOT corrected for  scaling
   0.631310E+14  -0.175757E+14  -0.185087E+14  -0.171036E+14  -0.307412E+14  -0.112645E+14
  -0.175757E+14   0.442014E+15  -0.131325E+15  -0.128705E+14   0.768486E+14   0.337881E+14
  -0.185087E+14  -0.131325E+15   0.103987E+16  -0.105027E+14  -0.171628E+13  -0.771758E+12
  -0.171036E+14  -0.128705E+14  -0.105027E+14   0.386193E+15   0.321458E+15   0.417377E+15
  -0.307412E+14   0.768486E+14  -0.171628E+13   0.321458E+15   0.637317E+15   0.464007E+15
  -0.112645E+14   0.337881E+14  -0.771760E+12   0.417377E+15   0.464007E+15   0.687925E+15
 trial position no.            6
 
 
 
 
 
 
 
 
 
 
 
 
  Covariance matrix; NOT corrected for  scaling
   0.676861E+14  -0.161402E+14  -0.165979E+14  -0.155093E+14  -0.305204E+14  -0.341248E+13
  -0.161402E+14   0.294946E+15  -0.992869E+14  -0.146329E+14   0.680821E+14   0.204683E+14
  -0.165979E+14  -0.992869E+14   0.749841E+15  -0.853758E+13   0.306415E+13   0.282561E+13
  -0.155093E+14  -0.146329E+14  -0.853758E+13   0.281031E+15   0.194854E+15   0.221885E+15
  -0.305204E+14   0.680821E+14   0.306415E+13   0.194854E+15   0.526859E+15   0.227414E+15
  -0.341248E+13   0.204683E+14   0.282561E+13   0.221885E+15   0.227414E+15   0.410817E+15
 trial position no.            3
 
 
 
 
 
 
 
 
 
 
 
 
  Covariance matrix; NOT corrected for  scaling
   0.518401E+14  -0.266404E+14   0.465351E+14   0.429061E+14   0.369451E+14   0.433100E+14
  -0.266405E+14   0.136142E+16   0.626096E+15   0.373007E+15   0.248565E+15   0.429681E+15
   0.465352E+14   0.626096E+15   0.175142E+16  -0.125125E+15  -0.115273E+15  -0.186843E+15
   0.429060E+14   0.373007E+15  -0.125125E+15   0.103643E+16   0.892234E+15   0.158769E+16
   0.369451E+14   0.248565E+15  -0.115273E+15   0.892234E+15   0.108706E+16   0.168400E+16
   0.433098E+14   0.429680E+15  -0.186843E+15   0.158769E+16   0.168400E+16   0.291022E+16
 trial position no.            4
 
 
 
 
 
 
 
 
 
 
 
 
  Covariance matrix; NOT corrected for  scaling
   0.548025E+14  -0.322425E+14   0.326773E+14   0.410599E+14   0.362504E+14   0.313015E+14
  -0.322424E+14   0.986148E+15   0.361646E+15   0.215655E+15   0.952182E+14   0.133663E+15
   0.326774E+14   0.361646E+15   0.100009E+16  -0.204843E+14  -0.314268E+13  -0.477935E+13
   0.410599E+14   0.215655E+15  -0.204843E+14   0.676576E+15   0.513924E+15   0.835045E+15
   0.362504E+14   0.952182E+14  -0.314266E+13   0.513923E+15   0.750131E+15   0.944063E+15
   0.313015E+14   0.133663E+15  -0.477933E+13   0.835045E+15   0.944063E+15   0.148087E+16
 trial position no.            5
 
 
 
 
 
 
 
 
 
 
 
 
  Covariance matrix; NOT corrected for  scaling
   0.577892E+14  -0.339737E+14   0.245686E+14   0.386804E+14   0.349499E+14   0.192961E+14
  -0.339737E+14   0.785438E+15   0.267155E+15   0.156615E+15   0.381305E+14   0.271542E+14
   0.245687E+14   0.267155E+15   0.690742E+15  -0.234965E+13   0.165093E+14   0.191714E+14
   0.386804E+14   0.156615E+15  -0.234968E+13   0.518415E+15   0.323980E+15   0.485379E+15
   0.349499E+14   0.381304E+14   0.165092E+14   0.323980E+15   0.589285E+15   0.584253E+15
   0.192960E+14   0.271541E+14   0.191713E+14   0.485379E+15   0.584253E+15   0.868580E+15
 trial position no.            6
 
 
 
 
 
 
 
 
 
 
 
 
  Covariance matrix; NOT corrected for  scaling
   0.610319E+14  -0.330575E+14   0.195376E+14   0.337833E+14   0.317539E+14   0.465599E+13
  -0.330575E+14   0.567215E+15   0.194413E+15   0.118851E+15   0.905052E+13  -0.221284E+14
   0.195375E+14   0.194413E+15   0.469369E+15   0.100101E+13   0.195384E+14   0.174653E+14
   0.337832E+14   0.118851E+15   0.100102E+13   0.413738E+15   0.183279E+15   0.249169E+15
   0.317539E+14   0.905057E+13   0.195384E+14   0.183279E+15   0.473924E+15   0.329463E+15
   0.465600E+13  -0.221284E+14   0.174653E+14   0.249170E+15   0.329463E+15   0.502771E+15
 trial position no.            3
 
 
 
 
 
 
 
 
 
 
 
 
  Covariance matrix; NOT corrected for  scaling
   0.688046E+14  -0.399241E+14   0.285676E+14   0.214824E+14   0.181434E+14   0.649197E+14
  -0.399241E+14   0.124855E+16   0.287025E+15   0.872831E+14   0.102197E+15   0.117738E+15
   0.285676E+14   0.287025E+15   0.159316E+16  -0.104810E+15  -0.952274E+14  -0.130964E+15
   0.214824E+14   0.872831E+14  -0.104810E+15   0.102219E+16   0.951133E+15   0.161681E+16
   0.181434E+14   0.102197E+15  -0.952273E+14   0.951133E+15   0.107483E+16   0.167099E+16
   0.649198E+14   0.117738E+15  -0.130964E+15   0.161681E+16   0.167099E+16   0.285448E+16
 trial position no.            4
 
 
 
 
 
 
 
 
 
 
 
 
  Covariance matrix; NOT corrected for  scaling
   0.756655E+14  -0.375530E+14   0.282364E+14   0.176933E+14   0.117970E+14   0.513434E+14
  -0.375530E+14   0.798072E+15  -0.232869E+14   0.556463E+14   0.696592E+14   0.539068E+14
   0.282364E+14  -0.232869E+14   0.888332E+15  -0.344214E+14  -0.264867E+14  -0.120681E+14
   0.176933E+14   0.556463E+14  -0.344214E+14   0.667077E+15   0.582797E+15   0.857293E+15
   0.117969E+14   0.696592E+14  -0.264867E+14   0.582797E+15   0.708898E+15   0.895101E+15
   0.513434E+14   0.539068E+14  -0.120681E+14   0.857293E+15   0.895101E+15   0.137500E+16
 trial position no.            5
 
 
 
 
 
 
 
 
 
 
 
 
  Covariance matrix; NOT corrected for  scaling
   0.826906E+14  -0.386459E+14   0.279310E+14   0.132713E+14   0.492835E+13   0.399494E+14
  -0.386459E+14   0.603575E+15  -0.943934E+14   0.313428E+14   0.451803E+14   0.124377E+14
   0.279310E+14  -0.943934E+14   0.625359E+15  -0.224947E+14  -0.154935E+14   0.687894E+13
   0.132713E+14   0.313429E+14  -0.224947E+14   0.496766E+15   0.404387E+15   0.508719E+15
   0.492835E+13   0.451803E+14  -0.154934E+14   0.404387E+15   0.537771E+15   0.539005E+15
   0.399494E+14   0.124377E+14   0.687895E+13   0.508719E+15   0.539005E+15   0.783963E+15
 trial position no.            6
 
 
 
 
 
 
 
 
 
 
 
 
  Covariance matrix; NOT corrected for  scaling
   0.899797E+14  -0.373277E+14   0.257855E+14   0.866159E+13  -0.190912E+13   0.298566E+14
  -0.373277E+14   0.426848E+15  -0.897657E+14   0.200659E+14   0.332577E+14  -0.497151E+13
   0.257855E+14  -0.897657E+14   0.428650E+15  -0.160331E+14  -0.958089E+13   0.142023E+14
   0.866159E+13   0.200659E+14  -0.160331E+14   0.367189E+15   0.266071E+15   0.258797E+15
  -0.190912E+13   0.332577E+14  -0.958089E+13   0.266071E+15   0.406086E+15   0.279708E+15
   0.298566E+14  -0.497152E+13   0.142023E+14   0.258797E+15   0.279708E+15   0.426785E+15
 trial position no.            3
 
 
 
 
 
 
 
 
 
 
 
 
  Covariance matrix; NOT corrected for  scaling
   0.706089E+14  -0.100287E+14  -0.927074E+13  -0.660527E+13  -0.725497E+13  -0.425045E+14
  -0.100287E+14   0.128388E+16  -0.818443E+14   0.270779E+14   0.505273E+14   0.775745E+14
  -0.927074E+13  -0.818443E+14   0.155130E+16  -0.513351E+14  -0.514458E+14  -0.779755E+14
  -0.660527E+13   0.270779E+14  -0.513351E+14   0.898977E+15   0.820990E+15   0.138258E+16
  -0.725496E+13   0.505273E+14  -0.514458E+14   0.820990E+15   0.927405E+15   0.142248E+16
  -0.425045E+14   0.775745E+14  -0.779755E+14   0.138258E+16   0.142248E+16   0.241547E+16
 trial position no.            4
 
 
 
 
 
 
 
 
 
 
 
 
  Covariance matrix; NOT corrected for  scaling
   0.787689E+14  -0.125015E+14  -0.794956E+13  -0.198868E+13  -0.128904E+13  -0.335471E+14
  -0.125015E+14   0.815640E+15   0.870556E+14   0.220181E+14   0.462774E+14   0.602090E+14
  -0.794956E+13   0.870556E+14   0.864387E+15  -0.240563E+14  -0.167534E+14  -0.209900E+14
  -0.198867E+13   0.220181E+14  -0.240563E+14   0.584690E+15   0.496420E+15   0.717001E+15
  -0.128903E+13   0.462774E+14  -0.167534E+14   0.496420E+15   0.606451E+15   0.747270E+15
  -0.335471E+14   0.602090E+14  -0.209900E+14   0.717001E+15   0.747270E+15   0.114468E+16
 trial position no.            5
 
 
 
 
 
 
 
 
 
 
 
 
  Covariance matrix; NOT corrected for  scaling
   0.867795E+14  -0.146909E+14  -0.704370E+13   0.905887E+11   0.227622E+13  -0.295702E+14
  -0.146909E+14   0.609401E+15   0.116908E+15   0.440471E+13   0.305777E+14   0.335028E+14
  -0.704370E+13   0.116908E+15   0.600657E+15  -0.216990E+14  -0.104088E+14  -0.109434E+14
   0.905925E+11   0.440470E+13  -0.216990E+14   0.437079E+15   0.342595E+15   0.421454E+15
   0.227622E+13   0.305777E+14  -0.104088E+14   0.342595E+15   0.460190E+15   0.448328E+15
  -0.295702E+14   0.335028E+14  -0.109434E+14   0.421454E+15   0.448328E+15   0.663074E+15
 trial position no.            6
 
 
 
 
 
 
 
 
 
 
 
 
  Covariance matrix; NOT corrected for  scaling
   0.947455E+14  -0.152345E+14  -0.610057E+13   0.170998E+13   0.557698E+13  -0.260891E+14
  -0.152345E+14   0.429329E+15   0.985157E+14  -0.143939E+13   0.245597E+14   0.221894E+14
  -0.610057E+13   0.985156E+14   0.409306E+15  -0.172613E+14  -0.443941E+13  -0.241589E+13
   0.170997E+13  -0.143939E+13  -0.172613E+14   0.323900E+15   0.222398E+15   0.209455E+15
   0.557697E+13   0.245597E+14  -0.443941E+13   0.222398E+15   0.346902E+15   0.230600E+15
  -0.260891E+14   0.221894E+14  -0.241589E+13   0.209455E+15   0.230600E+15   0.374749E+15
 trial position no.            3
 
 
 
 
 
 
 
 
 
 
 
 
  Covariance matrix; NOT corrected for  scaling
   0.631829E+14  -0.418580E+14   0.455283E+14   0.597602E+14   0.709091E+14   0.847287E+14
  -0.418580E+14   0.131636E+16   0.648843E+15   0.316838E+15   0.208527E+15   0.351963E+15
   0.455281E+14   0.648844E+15   0.189390E+16  -0.233224E+15  -0.243559E+15  -0.333564E+15
   0.597602E+14   0.316838E+15  -0.233224E+15   0.106175E+16   0.986673E+15   0.164162E+16
   0.709092E+14   0.208527E+15  -0.243559E+15   0.986673E+15   0.120145E+16   0.179501E+16
   0.847288E+14   0.351963E+15  -0.333563E+15   0.164162E+16   0.179501E+16   0.297048E+16
 trial position no.            4
 
 
 
 
 
 
 
 
 
 
 
 
  Covariance matrix; NOT corrected for  scaling
   0.696996E+14  -0.513217E+14   0.349564E+14   0.549878E+14   0.723838E+14   0.640508E+14
  -0.513217E+14   0.936812E+15   0.329082E+15   0.170107E+15   0.653992E+14   0.845446E+14
   0.349562E+14   0.329082E+15   0.102687E+16  -0.758971E+14  -0.707702E+14  -0.577543E+14
   0.549878E+14   0.170107E+15  -0.758968E+14   0.665136E+15   0.573384E+15   0.837774E+15
   0.723839E+14   0.653992E+14  -0.707698E+14   0.573384E+15   0.808588E+15   0.973462E+15
   0.640508E+14   0.845446E+14  -0.577538E+14   0.837774E+15   0.973462E+15   0.145759E+16
 trial position no.            5
 
 
 
 
 
 
 
 
 
 
 
 
  Covariance matrix; NOT corrected for  scaling
   0.760613E+14  -0.548033E+14   0.281994E+14   0.494432E+14   0.726797E+14   0.424113E+14
  -0.548033E+14   0.743281E+15   0.223866E+15   0.116089E+15   0.145244E+14  -0.564050E+13
   0.281997E+14   0.223866E+15   0.692136E+15  -0.394436E+14  -0.295452E+14  -0.108044E+13
   0.494432E+14   0.116089E+15  -0.394439E+14   0.491594E+15   0.376737E+15   0.474410E+15
   0.726797E+14   0.145244E+14  -0.295455E+14   0.376737E+15   0.623244E+15   0.580018E+15
   0.424113E+14  -0.564049E+13  -0.108070E+13   0.474410E+15   0.580018E+15   0.830504E+15
 trial position no.            6
 
 
 
 
 
 
 
 
 
 
 
 
  Covariance matrix; NOT corrected for  scaling
   0.826582E+14  -0.537390E+14   0.238607E+14   0.400957E+14   0.695174E+14   0.158822E+14
  -0.537389E+14   0.536035E+15   0.157284E+15   0.854844E+14  -0.762405E+13  -0.382123E+14
   0.238607E+14   0.157284E+15   0.463905E+15  -0.237857E+14  -0.130137E+14   0.159525E+14
   0.400957E+14   0.854843E+14  -0.237857E+14   0.374898E+15   0.234348E+15   0.233519E+15
   0.695174E+14  -0.762406E+13  -0.130137E+14   0.234348E+15   0.488995E+15   0.303425E+15
   0.158823E+14  -0.382123E+14   0.159525E+14   0.233519E+15   0.303425E+15   0.474055E+15
 trial position no.            3
 
 
 
 
 
 
 
 
 
 
 
 
  Covariance matrix; NOT corrected for  scaling
   0.559904E+14  -0.143395E+14   0.139408E+14   0.994537E+13   0.173395E+14   0.430163E+14
  -0.143395E+14   0.145786E+16   0.232790E+15   0.108246E+15   0.100159E+15   0.144785E+15
   0.139408E+14   0.232790E+15   0.174709E+16  -0.107267E+14   0.285872E+13  -0.208332E+13
   0.994534E+13   0.108246E+15  -0.107267E+14   0.118425E+16   0.105394E+16   0.182245E+16
   0.173394E+14   0.100159E+15   0.285871E+13   0.105394E+16   0.119374E+16   0.187824E+16
   0.430163E+14   0.144785E+15  -0.208333E+13   0.182245E+16   0.187824E+16   0.320825E+16
 trial position no.            4
 
 
 
 
 
 
 
 
 
 
 
 
  Covariance matrix; NOT corrected for  scaling
   0.599691E+14  -0.150417E+14   0.105243E+14   0.564102E+13   0.123242E+14   0.316911E+14
  -0.150417E+14   0.989165E+15  -0.241248E+14   0.700090E+14   0.620160E+14   0.686109E+14
   0.105243E+14  -0.241248E+14   0.921927E+15   0.653793E+13   0.202895E+14   0.232291E+14
   0.564102E+13   0.700090E+14   0.653793E+13   0.786606E+15   0.638469E+15   0.963437E+15
   0.123242E+14   0.620160E+14   0.202895E+14   0.638469E+15   0.790119E+15   0.101329E+16
   0.316911E+14   0.686108E+14   0.232291E+14   0.963437E+15   0.101329E+16   0.154087E+16
 trial position no.            5
 
 
 
 
 
 
 
 
 
 
 
 
  Covariance matrix; NOT corrected for  scaling
   0.639581E+14  -0.164348E+14   0.931090E+13   0.215632E+13   0.821842E+13   0.238946E+14
  -0.164348E+14   0.767447E+15  -0.825945E+14   0.490684E+14   0.406835E+14   0.298736E+14
   0.931090E+13  -0.825945E+14   0.619783E+15  -0.585845E+12   0.139453E+14   0.132363E+14
   0.215631E+13   0.490684E+14  -0.585843E+12   0.600565E+15   0.437157E+15   0.572623E+15
   0.821842E+13   0.406835E+14   0.139453E+14   0.437157E+15   0.603336E+15   0.620551E+15
   0.238946E+14   0.298736E+14   0.132363E+14   0.572623E+15   0.620551E+15   0.879322E+15
 trial position no.            6
 
 
 
 
 
 
 
 
 
 
 
 
  Covariance matrix; NOT corrected for  scaling
   0.680575E+14  -0.163098E+14   0.824934E+13  -0.982740E+12   0.462129E+13   0.175906E+14
  -0.163098E+14   0.549766E+15  -0.780240E+14   0.355901E+14   0.272657E+14   0.746836E+13
   0.824934E+13  -0.780241E+14   0.415178E+15  -0.350468E+13   0.116912E+14   0.900193E+13
  -0.982741E+12   0.355901E+14  -0.350468E+13   0.458648E+15   0.279035E+15   0.289180E+15
   0.462129E+13   0.272657E+14   0.116912E+14   0.279035E+15   0.458630E+15   0.332441E+15
   0.175906E+14   0.746836E+13   0.900193E+13   0.289180E+15   0.332441E+15   0.473120E+15
 trial position no.            3
 
 
 
 
 
 
 
 
 
 
 
 
  Covariance matrix; NOT corrected for  scaling
   0.608295E+14  -0.408281E+14   0.673564E+13   0.644962E+13   0.126040E+14   0.141765E+13
  -0.408281E+14   0.103424E+16   0.134637E+15   0.896825E+13   0.438694E+14   0.531761E+14
   0.673564E+13   0.134637E+15   0.142766E+16  -0.579494E+14  -0.379334E+14  -0.631025E+14
   0.644961E+13   0.896828E+13  -0.579494E+14   0.736399E+15   0.695025E+15   0.119089E+16
   0.126040E+14   0.438694E+14  -0.379333E+14   0.695024E+15   0.840375E+15   0.125019E+16
   0.141765E+13   0.531761E+14  -0.631025E+14   0.119089E+16   0.125019E+16   0.214640E+16
 trial position no.            4
 
 
 
 
 
 
 
 
 
 
 
 
  Covariance matrix; NOT corrected for  scaling
   0.683640E+14  -0.320982E+14   0.448260E+13   0.670373E+13   0.139700E+14  -0.151062E+13
  -0.320982E+14   0.618068E+15   0.755523E+14  -0.183213E+13   0.278529E+14   0.293582E+14
   0.448260E+13   0.755523E+14   0.941724E+15  -0.366144E+13   0.167833E+14   0.224417E+14
   0.670373E+13  -0.183214E+13  -0.366143E+13   0.482841E+15   0.426310E+15   0.643932E+15
   0.139700E+14   0.278529E+14   0.167833E+14   0.426310E+15   0.570758E+15   0.677621E+15
  -0.151063E+13   0.293582E+14   0.224417E+14   0.643932E+15   0.677621E+15   0.107189E+16
 trial position no.            5
 
 
 
 
 
 
 
 
 
 
 
 
  Covariance matrix; NOT corrected for  scaling
   0.758492E+14  -0.289074E+14   0.324816E+13   0.569395E+13   0.141705E+14  -0.565313E+13
  -0.289074E+14   0.429757E+15   0.571056E+14  -0.177399E+14   0.871076E+13   0.531041E+13
   0.324815E+13   0.571056E+14   0.696402E+15  -0.525582E+12   0.207125E+14   0.241881E+14
   0.569395E+13  -0.177399E+14  -0.525587E+12   0.360368E+15   0.296192E+15   0.394240E+15
   0.141705E+14   0.871076E+13   0.207125E+14   0.296192E+15   0.447151E+15   0.415815E+15
  -0.565313E+13   0.531042E+13   0.241881E+14   0.394240E+15   0.415815E+15   0.648037E+15
 trial position no.            6
 
 
 
 
 
 
 
 
 
 
 
 
  Covariance matrix; NOT corrected for  scaling
   0.835309E+14  -0.259595E+14   0.207594E+13   0.343628E+13   0.133234E+14  -0.106146E+14
  -0.259595E+14   0.288598E+15   0.416244E+14  -0.161012E+14   0.781973E+13   0.574909E+13
   0.207594E+13   0.416244E+14   0.484379E+15  -0.500536E+12   0.202292E+14   0.203066E+14
   0.343628E+13  -0.161012E+14  -0.500535E+12   0.264541E+15   0.191618E+15   0.212177E+15
   0.133234E+14   0.781972E+13   0.202292E+14   0.191618E+15   0.348018E+15   0.218941E+15
  -0.106146E+14   0.574908E+13   0.203066E+14   0.212177E+15   0.218941E+15   0.384357E+15
 trial position no.            3
 
 
 
 
 
 
 
 
 
 
 
 
  Covariance matrix; NOT corrected for  scaling
   0.239632E+14  -0.102572E+14   0.131235E+14   0.143780E+14   0.367458E+13   0.712304E+13
  -0.102572E+14   0.768261E+15   0.193847E+15   0.140456E+15   0.834818E+14   0.147827E+15
   0.131235E+14   0.193847E+15   0.100946E+16  -0.347368E+14   0.275657E+14   0.109226E+14
   0.143780E+14   0.140456E+15  -0.347368E+14   0.636498E+15   0.495454E+15   0.917751E+15
   0.367457E+13   0.834818E+14   0.275657E+14   0.495454E+15   0.678493E+15   0.106852E+16
   0.712303E+13   0.147827E+15   0.109226E+14   0.917751E+15   0.106852E+16   0.182904E+16
 trial position no.            4
 
 
 
 
 
 
 
 
 
 
 
 
  Covariance matrix; NOT corrected for  scaling
   0.251546E+14  -0.127864E+14   0.691666E+13   0.142071E+14   0.176242E+13   0.307276E+13
  -0.127864E+14   0.615914E+15   0.976297E+14   0.969864E+14   0.379360E+14   0.565765E+14
   0.691666E+13   0.976297E+14   0.494026E+15  -0.101837E+13   0.467259E+14   0.438987E+14
   0.142071E+14   0.969864E+14  -0.101837E+13   0.450010E+15   0.275898E+15   0.478527E+15
   0.176242E+13   0.379360E+14   0.467259E+14   0.275898E+15   0.485866E+15   0.627914E+15
   0.307276E+13   0.565765E+14   0.438987E+14   0.478527E+15   0.627914E+15   0.949607E+15
 trial position no.            5
 
 
 
 
 
 
 
 
 
 
 
 
  Covariance matrix; NOT corrected for  scaling
   0.263980E+14  -0.149788E+14   0.418526E+13   0.139704E+14   0.139071E+12   0.938288E+11
  -0.149788E+14   0.526463E+15   0.689326E+14   0.760087E+14   0.162931E+14   0.154053E+14
   0.418526E+13   0.689326E+14   0.313368E+15  -0.576365E+13   0.368803E+14   0.277223E+14
   0.139704E+14   0.760087E+14  -0.576365E+13   0.371900E+15   0.159865E+15   0.272552E+15
   0.139068E+12   0.162931E+14   0.368803E+14   0.159865E+15   0.396483E+15   0.417453E+15
   0.938275E+11   0.154052E+14   0.277223E+14   0.272552E+15   0.417453E+15   0.575326E+15
 trial position no.            6
 
 
 
 
 
 
 
 
 
 
 
 
  Covariance matrix; NOT corrected for  scaling
   0.277127E+14  -0.151606E+14   0.279533E+13   0.135284E+14  -0.135843E+13  -0.253879E+13
  -0.151606E+14   0.394559E+15   0.498286E+14   0.600132E+14   0.575425E+13  -0.542451E+13
   0.279533E+13   0.498286E+14   0.204397E+15  -0.953326E+13   0.320479E+14   0.181805E+14
   0.135284E+14   0.600132E+14  -0.953326E+13   0.318771E+15   0.655866E+14   0.123803E+15
  -0.135843E+13   0.575425E+13   0.320479E+14   0.655866E+14   0.327485E+15   0.257676E+15
  -0.253879E+13  -0.542452E+13   0.181805E+14   0.123803E+15   0.257676E+15   0.330656E+15
 trial position no.            3
 
 
 
 
 
 
 
 
 
 
 
 
  Covariance matrix; NOT corrected for  scaling
   0.590323E+14  -0.414029E+14   0.368040E+14   0.285464E+14   0.352798E+14   0.713433E+14
  -0.414029E+14   0.124102E+16   0.380177E+15   0.156781E+15   0.147056E+15   0.202785E+15
   0.368040E+14   0.380177E+15   0.163609E+16  -0.103356E+15  -0.740905E+14  -0.111169E+15
   0.285464E+14   0.156781E+15  -0.103356E+15   0.990944E+15   0.913906E+15   0.157984E+16
   0.352797E+14   0.147056E+15  -0.740906E+14   0.913906E+15   0.105754E+16   0.166386E+16
   0.713432E+14   0.202785E+15  -0.111169E+15   0.157984E+16   0.166386E+16   0.286021E+16
 trial position no.            4
 
 
 
 
 
 
 
 
 
 
 
 
  Covariance matrix; NOT corrected for  scaling
   0.644144E+14  -0.418924E+14   0.324989E+14   0.239869E+14   0.306578E+14   0.549894E+14
  -0.418924E+14   0.817424E+15   0.537525E+14   0.909678E+14   0.820158E+14   0.769476E+14
   0.324989E+14   0.537525E+14   0.870810E+15  -0.340473E+14  -0.727462E+13   0.253189E+13
   0.239869E+14   0.909678E+14  -0.340474E+14   0.652169E+15   0.559954E+15   0.849222E+15
   0.306578E+14   0.820158E+14  -0.727462E+13   0.559954E+15   0.708366E+15   0.915647E+15
   0.549894E+14   0.769476E+14   0.253189E+13   0.849222E+15   0.915647E+15   0.141731E+16
 trial position no.            5
 
 
 
 
 
 
 
 
 
 
 
 
  Covariance matrix; NOT corrected for  scaling
   0.698546E+14  -0.432841E+14   0.301764E+14   0.185869E+14   0.254649E+14   0.406389E+14
  -0.432841E+14   0.622306E+15  -0.264547E+14   0.558327E+14   0.473433E+14   0.174519E+14
   0.301764E+14  -0.264547E+14   0.590149E+15  -0.227300E+14   0.280321E+13   0.180075E+14
   0.185869E+14   0.558327E+14  -0.227300E+14   0.487396E+15   0.383059E+15   0.506201E+15
   0.254649E+14   0.473433E+14   0.280320E+13   0.383059E+15   0.538835E+15   0.561120E+15
   0.406389E+14   0.174518E+14   0.180075E+14   0.506201E+15   0.561120E+15   0.819374E+15
 trial position no.            6
 
 
 
 
 
 
 
 
 
 
 
 
  Covariance matrix; NOT corrected for  scaling
   0.755172E+14  -0.412544E+14   0.270649E+14   0.124347E+14   0.198056E+14   0.266123E+14
  -0.412544E+14   0.439167E+15  -0.368892E+14   0.379916E+14   0.304942E+14  -0.752612E+13
   0.270649E+14  -0.368892E+14   0.395767E+15  -0.178330E+14   0.598213E+13   0.205517E+14
   0.124347E+14   0.379916E+14  -0.178330E+14   0.364832E+15   0.247370E+15   0.262324E+15
   0.198056E+14   0.304942E+14   0.598213E+13   0.247370E+15   0.409249E+15   0.303316E+15
   0.266123E+14  -0.752612E+13   0.205517E+14   0.262324E+15   0.303316E+15   0.453248E+15
 trial position no.            3
 
 
 
 
 
 
 
 
 
 
 
 
  Covariance matrix; NOT corrected for  scaling
   0.297317E+14  -0.410766E+14   0.115810E+14  -0.776973E+12  -0.130834E+14  -0.413896E+13
  -0.410766E+14   0.521974E+15   0.833575E+14   0.424921E+14   0.128545E+15   0.108443E+15
   0.115811E+14   0.833574E+14   0.914991E+15  -0.123648E+15  -0.147051E+15  -0.160430E+15
  -0.776960E+12   0.424921E+14  -0.123648E+15   0.369579E+15   0.381465E+15   0.618367E+15
  -0.130833E+14   0.128545E+15  -0.147051E+15   0.381465E+15   0.582461E+15   0.723774E+15
  -0.413896E+13   0.108443E+15  -0.160430E+15   0.618367E+15   0.723774E+15   0.116096E+16
 trial position no.            4
 
 
 
 
 
 
 
 
 
 
 
 
  Covariance matrix; NOT corrected for  scaling
   0.319139E+14  -0.323558E+14   0.151892E+14   0.126984E+13  -0.125572E+14  -0.106446E+13
  -0.323558E+14   0.307063E+15  -0.128944E+14   0.236172E+14   0.991346E+14   0.584727E+14
   0.151892E+14  -0.128944E+14   0.681599E+15  -0.589644E+14  -0.779203E+14  -0.339327E+14
   0.126984E+13   0.236172E+14  -0.589644E+14   0.235878E+15   0.220935E+15   0.328341E+15
  -0.125572E+14   0.991346E+14  -0.779203E+14   0.220935E+15   0.413633E+15   0.379098E+15
  -0.106446E+13   0.584727E+14  -0.339327E+14   0.328341E+15   0.379098E+15   0.581701E+15
 trial position no.            5
 
 
 
 
 
 
 
 
 
 
 
 
  Covariance matrix; NOT corrected for  scaling
   0.342980E+14  -0.287985E+14   0.172684E+14   0.156718E+13  -0.144580E+14  -0.511820E+12
  -0.287985E+14   0.211000E+15  -0.325609E+14   0.327831E+13   0.716364E+14   0.182814E+14
   0.172684E+14  -0.325609E+14   0.556713E+15  -0.446693E+14  -0.617958E+14  -0.788593E+11
   0.156718E+13   0.327832E+13  -0.446693E+14   0.173894E+15   0.146962E+15   0.200974E+15
  -0.144580E+14   0.716364E+14  -0.617958E+14   0.146962E+15   0.349808E+15   0.225070E+15
  -0.511822E+12   0.182814E+14  -0.788811E+11   0.200974E+15   0.225070E+15   0.362031E+15
 trial position no.            6
 
 
 
 
 
 
 
 
 
 
 
 
  Covariance matrix; NOT corrected for  scaling
   0.370838E+14  -0.259103E+14   0.165517E+14   0.112638E+13  -0.174913E+14  -0.211158E+12
  -0.259103E+14   0.142681E+15  -0.284050E+14  -0.262145E+13   0.603863E+14   0.337380E+13
   0.165517E+14  -0.284050E+14   0.403409E+15  -0.297527E+14  -0.407853E+14   0.245198E+14
   0.112639E+13  -0.262145E+13  -0.297527E+14   0.126524E+15   0.863972E+14   0.111481E+15
  -0.174913E+14   0.603863E+14  -0.407853E+14   0.863972E+14   0.298491E+15   0.106013E+15
  -0.211157E+12   0.337380E+13   0.245198E+14   0.111481E+15   0.106013E+15   0.231424E+15
 trial position no.            3
 
 
 
 
 
 
 
 
 
 
 
 
  Covariance matrix; NOT corrected for  scaling
   0.866877E+14  -0.202147E+14   0.670776E+13  -0.132139E+14   0.138984E+13   0.253402E+14
  -0.202147E+14   0.184844E+16   0.156035E+15   0.757387E+14   0.114579E+15   0.138352E+15
   0.670776E+13   0.156035E+15   0.230337E+16  -0.791895E+14  -0.857012E+14  -0.111734E+15
  -0.132139E+14   0.757387E+14  -0.791894E+14   0.144576E+16   0.135894E+16   0.226112E+16
   0.138980E+13   0.114579E+15  -0.857013E+14   0.135894E+16   0.158409E+16   0.237037E+16
   0.253401E+14   0.138352E+15  -0.111734E+15   0.226112E+16   0.237037E+16   0.394191E+16
 trial position no.            4
 
 
 
 
 
 
 
 
 
 
 
 
  Covariance matrix; NOT corrected for  scaling
   0.948366E+14  -0.172603E+14   0.642817E+13  -0.159630E+14   0.301382E+13   0.256245E+14
  -0.172603E+14   0.112278E+16  -0.102333E+15   0.678004E+14   0.102910E+15   0.102109E+15
   0.642816E+13  -0.102333E+15   0.138358E+16  -0.387727E+14  -0.441071E+14  -0.368642E+14
  -0.159630E+14   0.678004E+14  -0.387727E+14   0.942373E+15   0.826937E+15   0.118299E+16
   0.301381E+13   0.102910E+15  -0.441071E+14   0.826937E+15   0.105502E+16   0.125549E+16
   0.256245E+14   0.102109E+15  -0.368642E+14   0.118299E+16   0.125549E+16   0.186314E+16
 trial position no.            5
 
 
 
 
 
 
 
 
 
 
 
 
  Covariance matrix; NOT corrected for  scaling
   0.102960E+15  -0.172694E+14   0.695599E+13  -0.200471E+14   0.334963E+13   0.242947E+14
  -0.172694E+14   0.809504E+15  -0.151275E+15   0.387721E+14   0.707392E+14   0.481073E+14
   0.695599E+13  -0.151275E+15   0.993983E+15  -0.312539E+14  -0.344724E+14  -0.184136E+14
  -0.200472E+14   0.387721E+14  -0.312539E+14   0.703578E+15   0.568934E+15   0.696157E+15
   0.334962E+13   0.707392E+14  -0.344724E+14   0.568934E+15   0.809188E+15   0.749691E+15
   0.242947E+14   0.481073E+14  -0.184136E+14   0.696157E+15   0.749691E+15   0.105719E+16
 trial position no.            6
 
 
 
 
 
 
 
 
 
 
 
 
  Covariance matrix; NOT corrected for  scaling
   0.111295E+15  -0.168849E+14   0.668358E+13  -0.242424E+14   0.370277E+13   0.231974E+14
  -0.168849E+14   0.558910E+15  -0.129974E+15   0.247562E+14   0.531674E+14   0.203037E+14
   0.668358E+13  -0.129974E+15   0.686276E+15  -0.228714E+14  -0.239249E+14  -0.286726E+13
  -0.242424E+14   0.247562E+14  -0.228713E+14   0.521405E+15   0.366455E+15   0.348063E+15
   0.370276E+13   0.531674E+14  -0.239249E+14   0.366455E+15   0.617517E+15   0.379581E+15
   0.231974E+14   0.203037E+14  -0.286726E+13   0.348063E+15   0.379581E+15   0.576955E+15
 trial position no.            3
 
 
 
 
 
 
 
 
 
 
 
 
  Covariance matrix; NOT corrected for  scaling
   0.248602E+14  -0.304607E+14   0.123125E+14   0.138638E+14   0.180537E+14   0.170610E+14
  -0.304607E+14   0.400397E+15   0.203087E+15   0.557624E+14   0.671802E+14   0.902650E+14
   0.123125E+14   0.203087E+15   0.718011E+15  -0.121983E+15  -0.150016E+15  -0.165854E+15
   0.138638E+14   0.557625E+14  -0.121983E+15   0.298432E+15   0.300074E+15   0.492343E+15
   0.180537E+14   0.671802E+14  -0.150016E+15   0.300074E+15   0.415647E+15   0.550058E+15
   0.170610E+14   0.902652E+14  -0.165854E+15   0.492343E+15   0.550058E+15   0.910970E+15
 trial position no.            4
 
 
 
 
 
 
 
 
 
 
 
 
  Covariance matrix; NOT corrected for  scaling
   0.276389E+14  -0.261655E+14   0.184537E+14   0.144583E+14   0.185030E+14   0.131740E+14
  -0.261655E+14   0.241340E+15   0.877560E+14   0.229422E+14   0.364509E+14   0.301860E+14
   0.184538E+14   0.877560E+14   0.484510E+15  -0.491829E+14  -0.612030E+14  -0.223553E+14
   0.144583E+14   0.229422E+14  -0.491828E+14   0.187000E+15   0.169778E+15   0.260725E+15
   0.185030E+14   0.364509E+14  -0.612029E+14   0.169778E+15   0.276649E+15   0.283185E+15
   0.131740E+14   0.301860E+14  -0.223553E+14   0.260725E+15   0.283185E+15   0.464703E+15
 trial position no.            5
 
 
 
 
 
 
 
 
 
 
 
 
  Covariance matrix; NOT corrected for  scaling
   0.301350E+14  -0.240696E+14   0.195395E+14   0.139780E+14   0.185774E+14   0.789721E+13
  -0.240696E+14   0.168647E+15   0.523487E+14   0.467885E+13   0.188839E+14   0.139595E+13
   0.195395E+14   0.523487E+14   0.382010E+15  -0.339914E+14  -0.401694E+14   0.129466E+14
   0.139780E+14   0.467886E+13  -0.339914E+14   0.134497E+15   0.110467E+15   0.153999E+15
   0.185774E+14   0.188840E+14  -0.401694E+14   0.110467E+15   0.222612E+15   0.161724E+15
   0.789721E+13   0.139596E+13   0.129466E+14   0.153999E+15   0.161724E+15   0.283222E+15
 trial position no.            6
 
 
 
 
 
 
 
 
 
 
 
 
  Covariance matrix; NOT corrected for  scaling
   0.327037E+14  -0.215545E+14   0.191191E+14   0.113853E+14   0.164697E+14   0.113383E+12
  -0.215544E+14   0.114045E+15   0.348293E+14  -0.781091E+11   0.133490E+14  -0.429677E+13
   0.191191E+14   0.348292E+14   0.274003E+15  -0.226991E+14  -0.229026E+14   0.304754E+14
   0.113853E+14  -0.781153E+11  -0.226991E+14   0.984139E+14   0.664892E+14   0.843935E+14
   0.164697E+14   0.133490E+14  -0.229027E+14   0.664892E+14   0.181412E+15   0.755265E+14
   0.113401E+12  -0.429679E+13   0.304754E+14   0.843936E+14   0.755265E+14   0.183049E+15
 trial position no.            3
 
 
 
 
 
 
 
 
 
 
 
 
  Covariance matrix; NOT corrected for  scaling
   0.665380E+14  -0.192230E+14  -0.170642E+14  -0.104711E+14  -0.214574E+14  -0.254274E+14
  -0.192230E+14   0.186551E+16  -0.943474E+14  -0.874334E+14   0.156773E+14  -0.105165E+14
  -0.170642E+14  -0.943474E+14   0.266844E+16   0.518394E+14   0.100442E+15   0.120225E+15
  -0.104712E+14  -0.874334E+14   0.518394E+14   0.152447E+16   0.135968E+16   0.231362E+16
  -0.214574E+14   0.156773E+14   0.100442E+15   0.135968E+16   0.165549E+16   0.252659E+16
  -0.254274E+14  -0.105165E+14   0.120226E+15   0.231362E+16   0.252659E+16   0.419367E+16
 trial position no.            4
 
 
 
 
 
 
 
 
 
 
 
 
  Covariance matrix; NOT corrected for  scaling
   0.711188E+14  -0.199923E+14  -0.110849E+14  -0.554104E+13  -0.208677E+14  -0.179812E+14
  -0.199924E+14   0.129091E+16  -0.676208E+14  -0.491782E+14   0.594275E+14   0.545327E+14
  -0.110849E+14  -0.676208E+14   0.131879E+16   0.403324E+14   0.810660E+14   0.812824E+14
  -0.554104E+13  -0.491781E+14   0.403324E+14   0.101553E+16   0.804478E+15   0.119461E+16
  -0.208677E+14   0.594275E+14   0.810661E+14   0.804478E+15   0.111983E+16   0.137477E+16
  -0.179812E+14   0.545327E+14   0.812824E+14   0.119461E+16   0.137477E+16   0.201043E+16
 trial position no.            5
 
 
 
 
 
 
 
 
 
 
 
 
  Covariance matrix; NOT corrected for  scaling
   0.756950E+14  -0.211578E+14  -0.831142E+13  -0.298903E+13  -0.228682E+14  -0.149013E+14
  -0.211578E+14   0.999779E+15  -0.530299E+14  -0.679849E+14   0.466198E+14   0.340136E+14
  -0.831141E+13  -0.530299E+14   0.842375E+15   0.237317E+14   0.620687E+14   0.478932E+14
  -0.298904E+13  -0.679849E+14   0.237317E+14   0.778114E+15   0.534436E+15   0.693180E+15
  -0.228682E+14   0.466199E+14   0.620687E+14   0.534436E+15   0.883531E+15   0.861877E+15
  -0.149013E+14   0.340136E+14   0.478932E+14   0.693180E+15   0.861877E+15   0.116615E+16
 trial position no.            6
 
 
 
 
 
 
 
 
 
 
 
 
  Covariance matrix; NOT corrected for  scaling
   0.804860E+14  -0.206977E+14  -0.688310E+13  -0.453226E+12  -0.244370E+14  -0.106023E+14
  -0.206977E+14   0.713289E+15  -0.378400E+14  -0.635292E+14   0.498902E+14   0.353474E+14
  -0.688310E+13  -0.378400E+14   0.548737E+15   0.115742E+14   0.468693E+14   0.238628E+14
  -0.453225E+12  -0.635292E+14   0.115742E+14   0.595420E+15   0.316655E+15   0.331745E+15
  -0.244370E+14   0.498902E+14   0.468693E+14   0.316655E+15   0.695755E+15   0.476498E+15
  -0.106023E+14   0.353474E+14   0.238628E+14   0.331745E+15   0.476498E+15   0.644120E+15
 trial position no.            3
 
 
 
 
 
 
 
 
 
 
 
 
  Covariance matrix; NOT corrected for  scaling
   0.773783E+14  -0.798843E+13   0.539259E+13   0.796593E+12   0.293667E+14   0.157417E+14
  -0.798843E+13   0.133740E+16   0.955232E+14  -0.845812E+14  -0.658056E+14  -0.105582E+15
   0.539258E+13   0.955233E+14   0.156892E+16   0.619791E+14   0.707843E+14   0.972782E+14
   0.796585E+12  -0.845811E+14   0.619791E+14   0.100973E+16   0.932636E+15   0.157524E+16
   0.293667E+14  -0.658056E+14   0.707843E+14   0.932636E+15   0.104199E+16   0.161153E+16
   0.157417E+14  -0.105582E+15   0.972782E+14   0.157524E+16   0.161153E+16   0.272768E+16
 trial position no.            4
 
 
 
 
 
 
 
 
 
 
 
 
  Covariance matrix; NOT corrected for  scaling
   0.929107E+14  -0.469526E+13   0.353843E+13  -0.379289E+13   0.357332E+14   0.118940E+14
  -0.469526E+13   0.858233E+15   0.756301E+14  -0.617882E+14  -0.476600E+14  -0.581452E+14
   0.353843E+13   0.756301E+14   0.894581E+15   0.563539E+14   0.621434E+14   0.723256E+14
  -0.379290E+13  -0.617881E+14   0.563539E+14   0.661664E+15   0.574566E+15   0.834292E+15
   0.357332E+14  -0.476600E+14   0.621434E+14   0.574566E+15   0.691145E+15   0.862682E+15
   0.118940E+14  -0.581452E+14   0.723255E+14   0.834292E+15   0.862682E+15   0.130365E+16
 trial position no.            5
 
 
 
 
 
 
 
 
 
 
 
 
  Covariance matrix; NOT corrected for  scaling
   0.110470E+15  -0.328761E+13   0.203033E+13  -0.921360E+13   0.429719E+14   0.786865E+13
  -0.328761E+13   0.630017E+15   0.614582E+14  -0.520639E+14  -0.406427E+14  -0.365483E+14
   0.203033E+13   0.614582E+14   0.612624E+15   0.432380E+14   0.474224E+14   0.441105E+14
  -0.921360E+13  -0.520639E+14   0.432380E+14   0.495943E+15   0.400075E+15   0.497311E+15
   0.429719E+14  -0.406427E+14   0.474224E+14   0.400075E+15   0.526573E+15   0.520848E+15
   0.786863E+13  -0.365483E+14   0.441105E+14   0.497311E+15   0.520848E+15   0.745092E+15
 trial position no.            6
 
 
 
 
 
 
 
 
 
 
 
 
  Covariance matrix; NOT corrected for  scaling
   0.129585E+15  -0.227518E+13   0.395010E+12  -0.159786E+14   0.500847E+14   0.180523E+13
  -0.227518E+13   0.436988E+15   0.447358E+14  -0.383338E+14  -0.289060E+14  -0.140340E+14
   0.395010E+12   0.447359E+14   0.411656E+15   0.305800E+14   0.332403E+14   0.208071E+14
  -0.159786E+14  -0.383338E+14   0.305800E+14   0.369079E+15   0.262947E+15   0.253727E+15
   0.500847E+14  -0.289060E+14   0.332403E+14   0.262947E+15   0.399332E+15   0.270074E+15
   0.180521E+13  -0.140340E+14   0.208071E+14   0.253727E+15   0.270074E+15   0.406737E+15
 trial position no.            3
 
 
 
 
 
 
 
 
 
 
 
 
  Covariance matrix; NOT corrected for  scaling
   0.431784E+14  -0.363159E+14   0.319988E+14   0.327979E+14   0.358564E+14   0.372205E+14
  -0.363159E+14   0.804086E+15   0.443910E+15   0.158174E+15   0.130296E+15   0.210042E+15
   0.319989E+14   0.443910E+15   0.121753E+16  -0.131075E+15  -0.134205E+15  -0.185780E+15
   0.327979E+14   0.158174E+15  -0.131075E+15   0.589559E+15   0.550020E+15   0.946117E+15
   0.358564E+14   0.130296E+15  -0.134205E+15   0.550020E+15   0.682675E+15   0.101569E+16
   0.372205E+14   0.210042E+15  -0.185780E+15   0.946117E+15   0.101569E+16   0.174324E+16
 trial position no.            4
 
 
 
 
 
 
 
 
 
 
 
 
  Covariance matrix; NOT corrected for  scaling
   0.477134E+14  -0.374373E+14   0.300620E+14   0.338606E+14   0.377617E+14   0.294284E+14
  -0.374373E+14   0.530505E+15   0.231945E+15   0.720928E+14   0.508182E+14   0.588520E+14
   0.300620E+14   0.231945E+15   0.739057E+15  -0.387476E+14  -0.275680E+14  -0.145892E+14
   0.338606E+14   0.720929E+14  -0.387476E+14   0.377853E+15   0.324659E+15   0.507946E+15
   0.377617E+14   0.508182E+14  -0.275679E+14   0.324659E+15   0.465689E+15   0.560712E+15
   0.294284E+14   0.588520E+14  -0.145891E+14   0.507946E+15   0.560712E+15   0.902312E+15
 trial position no.            5
 
 
 
 
 
 
 
 
 
 
 
 
  Covariance matrix; NOT corrected for  scaling
   0.517933E+14  -0.371926E+14   0.264314E+14   0.329947E+14   0.380741E+14   0.185502E+14
  -0.371926E+14   0.394496E+15   0.158238E+15   0.342095E+14   0.180372E+14   0.194572E+13
   0.264315E+14   0.158238E+15   0.532396E+15  -0.209460E+14  -0.382390E+13   0.173939E+14
   0.329947E+14   0.342094E+14  -0.209462E+14   0.276338E+15   0.212666E+15   0.298014E+15
   0.380741E+14   0.180371E+14  -0.382402E+13   0.212666E+15   0.364510E+15   0.337306E+15
   0.185502E+14   0.194564E+13   0.173938E+14   0.298014E+15   0.337306E+15   0.536188E+15
 trial position no.            6
 
 
 
 
 
 
 
 
 
 
 
 
  Covariance matrix; NOT corrected for  scaling
   0.558770E+14  -0.347300E+14   0.231946E+14   0.286695E+14   0.351272E+14   0.322597E+13
  -0.347300E+14   0.274960E+15   0.110711E+15   0.192315E+14   0.682231E+13  -0.132375E+14
   0.231946E+14   0.110711E+15   0.368417E+15  -0.138756E+14   0.550415E+13   0.245350E+14
   0.286695E+14   0.192315E+14  -0.138756E+14   0.207773E+15   0.131545E+15   0.159393E+15
   0.351272E+14   0.682231E+13   0.550415E+13   0.131545E+15   0.290982E+15   0.180038E+15
   0.322597E+13  -0.132375E+14   0.245350E+14   0.159393E+15   0.180038E+15   0.324335E+15
 trial position no.            3
 
 
 
 
 
 
 
 
 
 
 
 
  Covariance matrix; NOT corrected for  scaling
   0.566029E+14  -0.423929E+14   0.465734E+14   0.601909E+14   0.707801E+14   0.914659E+14
  -0.423929E+14   0.104238E+16   0.631827E+15   0.222892E+15   0.158848E+15   0.258172E+15
   0.465734E+14   0.631827E+15   0.156055E+16  -0.169586E+15  -0.211366E+15  -0.257425E+15
   0.601909E+14   0.222892E+15  -0.169585E+15   0.765581E+15   0.736555E+15   0.121777E+16
   0.707802E+14   0.158849E+15  -0.211366E+15   0.736555E+15   0.887344E+15   0.130582E+16
   0.914659E+14   0.258173E+15  -0.257424E+15   0.121777E+16   0.130582E+16   0.217527E+16
 trial position no.            4
 
 
 
 
 
 
 
 
 
 
 
 
  Covariance matrix; NOT corrected for  scaling
   0.667971E+14  -0.519626E+14   0.498454E+14   0.606697E+14   0.758653E+14   0.771751E+14
  -0.519626E+14   0.648395E+15   0.265440E+15   0.952079E+14   0.429666E+14   0.421344E+14
   0.498454E+14   0.265440E+15   0.876815E+15  -0.495232E+14  -0.577712E+14  -0.230824E+14
   0.606697E+14   0.952079E+14  -0.495233E+14   0.476493E+15   0.434277E+15   0.637676E+15
   0.758653E+14   0.429666E+14  -0.577714E+14   0.434278E+15   0.590782E+15   0.703759E+15
   0.771751E+14   0.421345E+14  -0.230825E+14   0.637676E+15   0.703759E+15   0.108959E+16
 trial position no.            5
 
 
 
 
 
 
 
 
 
 
 
 
  Covariance matrix; NOT corrected for  scaling
   0.761356E+14  -0.551698E+14   0.485044E+14   0.577991E+14   0.776918E+14   0.550708E+14
  -0.551698E+14   0.478179E+15   0.151616E+15   0.509916E+14   0.444721E+13  -0.230433E+14
   0.485045E+14   0.151616E+15   0.616695E+15  -0.239174E+14  -0.197075E+14   0.263886E+14
   0.577991E+14   0.509916E+14  -0.239174E+14   0.343345E+15   0.291053E+15   0.363845E+15
   0.776918E+14   0.444726E+13  -0.197075E+14   0.291053E+15   0.455838E+15   0.410579E+15
   0.550709E+14  -0.230433E+14   0.263886E+14   0.363846E+15   0.410579E+15   0.621009E+15
 trial position no.            6
 
 
 
 
 
 
 
 
 
 
 
 
  Covariance matrix; NOT corrected for  scaling
   0.856278E+14  -0.538732E+14   0.453296E+14   0.498464E+14   0.746542E+14   0.248376E+14
  -0.538732E+14   0.333525E+15   0.972194E+14   0.323436E+14  -0.993555E+13  -0.370142E+14
   0.453296E+14   0.972193E+14   0.423627E+15  -0.136941E+14  -0.425988E+13   0.366953E+14
   0.498464E+14   0.323436E+14  -0.136941E+14   0.253748E+15   0.188530E+15   0.184417E+15
   0.746542E+14  -0.993556E+13  -0.425991E+13   0.188530E+15   0.358219E+15   0.206108E+15
   0.248376E+14  -0.370142E+14   0.366953E+14   0.184417E+15   0.206108E+15   0.361250E+15
 trial position no.            3
 
 
 
 
 
 
 
 
 
 
 
 
  Covariance matrix; NOT corrected for  scaling
   0.663695E+14  -0.219659E+14   0.230652E+14   0.867610E+13   0.289379E+14   0.387157E+14
  -0.219659E+14   0.213365E+16   0.298600E+15   0.341987E+15   0.291601E+15   0.457615E+15
   0.230652E+14   0.298600E+15   0.225943E+16  -0.342367E+14  -0.202612E+14  -0.389848E+14
   0.867609E+13   0.341987E+15  -0.342367E+14   0.158368E+16   0.140540E+16   0.247854E+16
   0.289378E+14   0.291601E+15  -0.202612E+14   0.140540E+16   0.165245E+16   0.250847E+16
   0.387157E+14   0.457614E+15  -0.389847E+14   0.247854E+16   0.250847E+16   0.430808E+16
 trial position no.            4
 
 
 
 
 
 
 
 
 
 
 
 
  Covariance matrix; NOT corrected for  scaling
   0.709875E+14  -0.178011E+14   0.170167E+14   0.157988E+13   0.292921E+14   0.277527E+14
  -0.178011E+14   0.124998E+16   0.518576E+14   0.206952E+15   0.160592E+15   0.204063E+15
   0.170167E+14   0.518577E+14   0.141006E+16  -0.173129E+14   0.398971E+13  -0.864027E+12
   0.157989E+13   0.206952E+15  -0.173129E+14   0.105100E+16   0.837194E+15   0.132597E+16
   0.292921E+14   0.160592E+15   0.398971E+13   0.837194E+15   0.112192E+16   0.134596E+16
   0.277527E+14   0.204063E+15  -0.864014E+12   0.132597E+16   0.134596E+16   0.207571E+16
 trial position no.            5
 
 
 
 
 
 
 
 
 
 
 
 
  Covariance matrix; NOT corrected for  scaling
   0.758255E+14  -0.163938E+14   0.138833E+14  -0.509849E+13   0.309198E+14   0.198136E+14
  -0.163938E+14   0.871624E+15  -0.101560E+14   0.151071E+15   0.102699E+15   0.101637E+15
   0.138833E+14  -0.101560E+14   0.102115E+16  -0.152555E+14   0.108922E+14   0.719372E+13
  -0.509848E+13   0.151071E+15  -0.152555E+14   0.806291E+15   0.553748E+15   0.801528E+15
   0.309198E+14   0.102699E+15   0.108922E+14   0.553748E+15   0.879150E+15   0.811715E+15
   0.198136E+14   0.101637E+15   0.719372E+13   0.801528E+15   0.811715E+15   0.118524E+16
 trial position no.            6
 
 
 
 
 
 
 
 
 
 
 
 
  Covariance matrix; NOT corrected for  scaling
   0.809223E+14  -0.153444E+14   0.117024E+14  -0.121752E+14   0.325994E+14   0.120792E+14
  -0.153444E+14   0.591094E+15  -0.208766E+14   0.111666E+15   0.614238E+14   0.359464E+14
   0.117024E+14  -0.208766E+14   0.704777E+15  -0.154808E+14   0.129869E+14   0.817711E+13
  -0.121752E+14   0.111666E+15  -0.154808E+14   0.626619E+15   0.331483E+15   0.425860E+15
   0.325994E+14   0.614238E+14   0.129869E+14   0.331483E+15   0.697092E+15   0.422417E+15
   0.120792E+14   0.359464E+14   0.817711E+13   0.425860E+15   0.422417E+15   0.641613E+15
 trial position no.            3
 
 
 
 
 
 
 
 
 
 
 
 
  Covariance matrix; NOT corrected for  scaling
   0.598357E+14  -0.779453E+13   0.364770E+14   0.815483E+14   0.978266E+14   0.881553E+14
  -0.779462E+13   0.785880E+15   0.611557E+15   0.195956E+15   0.114073E+15   0.210831E+15
   0.364770E+14   0.611557E+15   0.118199E+16  -0.607410E+14  -0.144347E+15  -0.146725E+15
   0.815482E+14   0.195956E+15  -0.607410E+14   0.531675E+15   0.520840E+15   0.784701E+15
   0.978264E+14   0.114073E+15  -0.144347E+15   0.520840E+15   0.638278E+15   0.838601E+15
   0.881553E+14   0.210830E+15  -0.146725E+15   0.784701E+15   0.838601E+15   0.132918E+16
 trial position no.            4
 
 
 
 
 
 
 
 
 
 
 
 
  Covariance matrix; NOT corrected for  scaling
   0.693695E+14  -0.256294E+14   0.423242E+14   0.719712E+14   0.918595E+14   0.530942E+14
  -0.256295E+14   0.523985E+15   0.374976E+15   0.731063E+14   0.926172E+12   0.215809E+14
   0.423242E+14   0.374976E+15   0.763761E+15   0.970855E+13  -0.423216E+14  -0.948723E+13
   0.719712E+14   0.731063E+14   0.970851E+13   0.315602E+15   0.292884E+15   0.385057E+15
   0.918595E+14   0.926210E+12  -0.423216E+14   0.292884E+15   0.412172E+15   0.417824E+15
   0.530941E+14   0.215809E+14  -0.948739E+13   0.385057E+15   0.417824E+15   0.649213E+15
 trial position no.            5
 
 
 
 
 
 
 
 
 
 
 
 
  Covariance matrix; NOT corrected for  scaling
   0.832492E+14  -0.294902E+14   0.424948E+14   0.774045E+14   0.103479E+15   0.299462E+14
  -0.294902E+14   0.416391E+15   0.295786E+15   0.406488E+14  -0.254851E+14  -0.216716E+14
   0.424948E+14   0.295786E+15   0.602929E+15   0.251912E+14  -0.152995E+14   0.188228E+14
   0.774044E+14   0.406489E+14   0.251912E+14   0.238947E+15   0.213431E+15   0.210766E+15
   0.103479E+15  -0.254850E+14  -0.152996E+14   0.213431E+15   0.344559E+15   0.229544E+15
   0.299461E+14  -0.216715E+14   0.188228E+14   0.210766E+15   0.229544E+15   0.370574E+15
 trial position no.            6
 
 
 
 
 
 
 
 
 
 
 
 
  Covariance matrix; NOT corrected for  scaling
   0.962356E+14  -0.320070E+14   0.423841E+14   0.734367E+14   0.105180E+15  -0.817130E+13
  -0.320070E+14   0.313344E+15   0.232022E+15   0.266750E+14  -0.361817E+14  -0.264012E+14
   0.423842E+14   0.232022E+15   0.459186E+15   0.291521E+14  -0.516825E+13   0.179744E+14
   0.734367E+14   0.266750E+14   0.291522E+14   0.182598E+15   0.148966E+15   0.927344E+14
   0.105180E+15  -0.361817E+14  -0.516823E+13   0.148966E+15   0.286314E+15   0.891095E+14
  -0.817125E+13  -0.264012E+14   0.179744E+14   0.927344E+14   0.891096E+14   0.233906E+15
 trial position no.            3
 
 
 
 
 
 
 
 
 
 
 
 
  Covariance matrix; NOT corrected for  scaling
   0.483172E+14  -0.302984E+14   0.387892E+14   0.319443E+14   0.368203E+14   0.436006E+14
  -0.302985E+14   0.122442E+16   0.473542E+15   0.304986E+15   0.244008E+15   0.396491E+15
   0.387893E+14   0.473542E+15   0.145471E+16  -0.903798E+14  -0.886402E+14  -0.136526E+15
   0.319443E+14   0.304986E+15  -0.903797E+14   0.906423E+15   0.805138E+15   0.143012E+16
   0.368204E+14   0.244008E+15  -0.886401E+14   0.805138E+15   0.950491E+15   0.145121E+16
   0.436007E+14   0.396491E+15  -0.136526E+15   0.143012E+16   0.145121E+16   0.253263E+16
 trial position no.            4
 
 
 
 
 
 
 
 
 
 
 
 
  Covariance matrix; NOT corrected for  scaling
   0.518873E+14  -0.275986E+14   0.328775E+14   0.304971E+14   0.364887E+14   0.323316E+14
  -0.275986E+14   0.776640E+15   0.249137E+15   0.155761E+15   0.104780E+15   0.132190E+15
   0.328774E+14   0.249137E+15   0.919828E+15  -0.260953E+14  -0.152202E+14  -0.152298E+14
   0.304971E+14   0.155761E+15  -0.260953E+14   0.588895E+15   0.475088E+15   0.766636E+15
   0.364887E+14   0.104780E+15  -0.152202E+14   0.475088E+15   0.642200E+15   0.786724E+15
   0.323316E+14   0.132190E+15  -0.152299E+14   0.766636E+15   0.786724E+15   0.126226E+16
 trial position no.            5
 
 
 
 
 
 
 
 
 
 
 
 
  Covariance matrix; NOT corrected for  scaling
   0.554266E+14  -0.253348E+14   0.286269E+14   0.280458E+14   0.353443E+14   0.207311E+14
  -0.253348E+14   0.560872E+15   0.170775E+15   0.102063E+15   0.564391E+14   0.450522E+14
   0.286269E+14   0.170775E+15   0.670823E+15  -0.920917E+13   0.602592E+13   0.132259E+14
   0.280458E+14   0.102063E+15  -0.920918E+13   0.440930E+15   0.312503E+15   0.459238E+15
   0.353443E+14   0.564391E+14   0.602591E+13   0.312503E+15   0.499618E+15   0.474115E+15
   0.207311E+14   0.450521E+14   0.132259E+14   0.459238E+15   0.474115E+15   0.735665E+15
 trial position no.            6
 
 
 
 
 
 
 
 
 
 
 
 
  Covariance matrix; NOT corrected for  scaling
   0.591722E+14  -0.231642E+14   0.247627E+14   0.235880E+14   0.324942E+14   0.695700E+13
  -0.231642E+14   0.384726E+15   0.119412E+15   0.713867E+14   0.297311E+14   0.282737E+13
   0.247627E+14   0.119412E+15   0.465480E+15  -0.517484E+13   0.114792E+14   0.164870E+14
   0.235880E+14   0.713867E+14  -0.517484E+13   0.338325E+15   0.192057E+15   0.248291E+15
   0.324942E+14   0.297311E+14   0.114792E+14   0.192057E+15   0.395781E+15   0.252423E+15
   0.695700E+13   0.282737E+13   0.164870E+14   0.248291E+15   0.252423E+15   0.421444E+15
 trial position no.            3
 
 
 
 
 
 
 
 
 
 
 
 
  Covariance matrix; NOT corrected for  scaling
   0.692132E+14  -0.657516E+14   0.565384E+14   0.531334E+14   0.543100E+14   0.989728E+14
  -0.657516E+14   0.115618E+16   0.492522E+15   0.189530E+15   0.174702E+15   0.234001E+15
   0.565386E+14   0.492522E+15   0.163391E+16  -0.195970E+15  -0.207250E+15  -0.261943E+15
   0.531334E+14   0.189530E+15  -0.195970E+15   0.909743E+15   0.869654E+15   0.146932E+16
   0.543100E+14   0.174702E+15  -0.207250E+15   0.869654E+15   0.101311E+16   0.154451E+16
   0.989729E+14   0.234000E+15  -0.261943E+15   0.146932E+16   0.154451E+16   0.262681E+16
 trial position no.            4
 
 
 
 
 
 
 
 
 
 
 
 
  Covariance matrix; NOT corrected for  scaling
   0.801325E+14  -0.664481E+14   0.614000E+14   0.538610E+14   0.556722E+14   0.849692E+14
  -0.664481E+14   0.706550E+15   0.124946E+15   0.918732E+14   0.825148E+14   0.600544E+14
   0.614000E+14   0.124946E+15   0.933094E+15  -0.738404E+14  -0.708277E+14  -0.336741E+14
   0.538610E+14   0.918732E+14  -0.738404E+14   0.583192E+15   0.527350E+15   0.785343E+15
   0.556722E+14   0.825148E+14  -0.708276E+14   0.527350E+15   0.668740E+15   0.833667E+15
   0.849693E+14   0.600543E+14  -0.336740E+14   0.785343E+15   0.833667E+15   0.130191E+16
 trial position no.            5
 
 
 
 
 
 
 
 
 
 
 
 
  Covariance matrix; NOT corrected for  scaling
   0.907024E+14  -0.680556E+14   0.620026E+14   0.492607E+14   0.520288E+14   0.641423E+14
  -0.680556E+14   0.513707E+15   0.258993E+14   0.497174E+14   0.423515E+14  -0.656713E+13
   0.620026E+14   0.258993E+14   0.662731E+15  -0.443590E+14  -0.361949E+14   0.189215E+14
   0.492607E+14   0.497174E+14  -0.443590E+14   0.424234E+15   0.358800E+15   0.461046E+15
   0.520288E+14   0.423515E+14  -0.361949E+14   0.358800E+15   0.503875E+15   0.493701E+15
   0.641423E+14  -0.656714E+13   0.189215E+14   0.461046E+15   0.493701E+15   0.745002E+15
 trial position no.            6
 
 
 
 
 
 
 
 
 
 
 
 
  Covariance matrix; NOT corrected for  scaling
   0.101803E+15  -0.652404E+14   0.584607E+14   0.410460E+14   0.450332E+14   0.385761E+14
  -0.652404E+14   0.354902E+15   0.179805E+12   0.310371E+14   0.244314E+14  -0.274970E+14
   0.584607E+14   0.179803E+12   0.454600E+15  -0.295785E+14  -0.193191E+14   0.361306E+14
   0.410460E+14   0.310371E+14  -0.295785E+14   0.310644E+15   0.234754E+15   0.238412E+15
   0.450332E+14   0.244314E+14  -0.193191E+14   0.234754E+15   0.382386E+15   0.253793E+15
   0.385761E+14  -0.274970E+14   0.361306E+14   0.238412E+15   0.253793E+15   0.419570E+15
 trial position no.            3
 
 
 
 
 
 
 
 
 
 
 
 
  Covariance matrix; NOT corrected for  scaling
   0.617046E+14  -0.447384E+14   0.360671E+14   0.381539E+14   0.558804E+14   0.371550E+14
  -0.447385E+14   0.113031E+16   0.487395E+15   0.282290E+15   0.241041E+15   0.389403E+15
   0.360670E+14   0.487395E+15   0.150407E+16  -0.179998E+15  -0.216045E+15  -0.280239E+15
   0.381538E+14   0.282290E+15  -0.179999E+15   0.845046E+15   0.788552E+15   0.134151E+16
   0.558804E+14   0.241041E+15  -0.216045E+15   0.788552E+15   0.992771E+15   0.139231E+16
   0.371548E+14   0.389403E+15  -0.280240E+15   0.134151E+16   0.139231E+16   0.237590E+16
 trial position no.            4
 
 
 
 
 
 
 
 
 
 
 
 
  Covariance matrix; NOT corrected for  scaling
   0.660552E+14  -0.368242E+14   0.356768E+14   0.377920E+14   0.552842E+14   0.232528E+14
  -0.368243E+14   0.719184E+15   0.326129E+15   0.127321E+15   0.957736E+14   0.121011E+15
   0.356767E+14   0.326129E+15   0.107973E+16  -0.705122E+14  -0.888488E+14  -0.663612E+14
   0.377920E+14   0.127321E+15  -0.705118E+14   0.531615E+15   0.451179E+15   0.701693E+15
   0.552842E+14   0.957737E+14  -0.888483E+14   0.451179E+15   0.658759E+15   0.717195E+15
   0.232529E+14   0.121011E+15  -0.663605E+14   0.701693E+15   0.717195E+15   0.117037E+16
 trial position no.            5
 
 
 
 
 
 
 
 
 
 
 
 
  Covariance matrix; NOT corrected for  scaling
   0.703821E+14  -0.316296E+14   0.330756E+14   0.372258E+14   0.552837E+14   0.974078E+13
  -0.316296E+14   0.521452E+15   0.264819E+15   0.697333E+14   0.457345E+14   0.338962E+14
   0.330756E+14   0.264819E+15   0.867299E+15  -0.408419E+14  -0.503857E+14  -0.571292E+13
   0.372258E+14   0.697332E+14  -0.408420E+14   0.389053E+15   0.296171E+15   0.413472E+15
   0.552837E+14   0.457345E+14  -0.503859E+14   0.296171E+15   0.518529E+15   0.411889E+15
   0.974072E+13   0.338962E+14  -0.571321E+13   0.413472E+15   0.411889E+15   0.688191E+15
 trial position no.            6
 
 
 
 
 
 
 
 
 
 
 
 
  Covariance matrix; NOT corrected for  scaling
   0.749255E+14  -0.281133E+14   0.306307E+14   0.325213E+14   0.512617E+14  -0.854027E+13
  -0.281133E+14   0.361430E+15   0.201967E+15   0.436540E+14   0.232623E+14   0.155343E+13
   0.306307E+14   0.201968E+15   0.637124E+15  -0.247464E+14  -0.276417E+14   0.204227E+14
   0.325213E+14   0.436540E+14  -0.247463E+14   0.292621E+15   0.183742E+15   0.222990E+15
   0.512618E+14   0.232623E+14  -0.276417E+14   0.183742E+15   0.415689E+15   0.198747E+15
  -0.854027E+13   0.155344E+13   0.204227E+14   0.222990E+15   0.198747E+15   0.416784E+15
 trial position no.            3
 
 
 
 
 
 
 
 
 
 
 
 
  Covariance matrix; NOT corrected for  scaling
   0.685052E+14   0.534701E+13  -0.637738E+12  -0.211272E+13   0.901207E+13   0.871099E+13
   0.534701E+13   0.163320E+16   0.702348E+14  -0.557720E+14  -0.362281E+14  -0.664983E+14
  -0.637737E+12   0.702348E+14   0.180013E+16   0.121348E+15   0.127507E+15   0.178188E+15
  -0.211273E+13  -0.557720E+14   0.121348E+15   0.118195E+16   0.106386E+16   0.183449E+16
   0.901207E+13  -0.362281E+14   0.127507E+15   0.106386E+16   0.117079E+16   0.184736E+16
   0.871101E+13  -0.664983E+14   0.178188E+15   0.183449E+16   0.184736E+16   0.317285E+16
 trial position no.            4
 
 
 
 
 
 
 
 
 
 
 
 
  Covariance matrix; NOT corrected for  scaling
   0.771788E+14   0.364423E+13  -0.940275E+12  -0.366555E+13   0.106161E+14   0.793280E+13
   0.364423E+13   0.103289E+16   0.237722E+14  -0.336160E+14  -0.199290E+14  -0.278120E+14
  -0.940275E+12   0.237722E+14   0.100362E+16   0.843077E+14   0.892659E+14   0.990094E+14
  -0.366555E+13  -0.336160E+14   0.843077E+14   0.778361E+15   0.652556E+15   0.975632E+15
   0.106161E+14  -0.199290E+14   0.892658E+14   0.652556E+15   0.770833E+15   0.992279E+15
   0.793280E+13  -0.278120E+14   0.990093E+14   0.975631E+15   0.992279E+15   0.152298E+16
 trial position no.            5
 
 
 
 
 
 
 
 
 
 
 
 
  Covariance matrix; NOT corrected for  scaling
   0.860564E+14   0.218864E+13  -0.144120E+13  -0.561990E+13   0.120053E+14   0.677769E+13
   0.218864E+13   0.752939E+15   0.828586E+13  -0.277957E+14  -0.172929E+14  -0.169827E+14
  -0.144119E+13   0.828586E+13   0.680620E+15   0.620361E+14   0.670432E+14   0.563791E+14
  -0.561990E+13  -0.277957E+14   0.620360E+14   0.586911E+15   0.453307E+15   0.585534E+15
   0.120053E+14  -0.172929E+14   0.670431E+14   0.453307E+15   0.582814E+15   0.604556E+15
   0.677769E+13  -0.169827E+14   0.563791E+14   0.585534E+15   0.604556E+15   0.873656E+15
 trial position no.            6
 
 
 
 
 
 
 
 
 
 
 
 
  Covariance matrix; NOT corrected for  scaling
   0.949955E+14   0.136897E+13  -0.196496E+13  -0.786191E+13   0.131565E+14   0.514118E+13
   0.136897E+13   0.521638E+15   0.256990E+13  -0.205186E+14  -0.123037E+14  -0.609617E+13
  -0.196496E+13   0.256990E+13   0.455412E+15   0.419331E+14   0.471169E+14   0.231741E+14
  -0.786191E+13  -0.205186E+14   0.419331E+14   0.439540E+15   0.297107E+15   0.301974E+15
   0.131565E+14  -0.123037E+14   0.471169E+14   0.297107E+15   0.436946E+15   0.320882E+15
   0.514119E+13  -0.609617E+13   0.231741E+14   0.301974E+15   0.320882E+15   0.475082E+15
 trial position no.            3
 
 
 
 
 
 
 
 
 
 
 
 
  Covariance matrix; NOT corrected for  scaling
   0.775834E+14  -0.370777E+14   0.501270E+14   0.617789E+14   0.561795E+14   0.549566E+14
  -0.370778E+14   0.139266E+16   0.514095E+15   0.357082E+15   0.270667E+15   0.439949E+15
   0.501271E+14   0.514095E+15   0.181158E+16  -0.219646E+15  -0.222823E+15  -0.332596E+15
   0.617790E+14   0.357082E+15  -0.219646E+15   0.114066E+16   0.102782E+16   0.171960E+16
   0.561795E+14   0.270667E+15  -0.222823E+15   0.102782E+16   0.117406E+16   0.178852E+16
   0.549566E+14   0.439949E+15  -0.332595E+15   0.171960E+16   0.178852E+16   0.301164E+16
 trial position no.            4
 
 
 
 
 
 
 
 
 
 
 
 
  Covariance matrix; NOT corrected for  scaling
   0.851602E+14  -0.416384E+14   0.352953E+14   0.601410E+14   0.564442E+14   0.361813E+14
  -0.416383E+14   0.103579E+16   0.345042E+15   0.195689E+15   0.120750E+15   0.149276E+15
   0.352955E+14   0.345043E+15   0.105096E+16  -0.675489E+14  -0.669411E+14  -0.734405E+14
   0.601409E+14   0.195688E+15  -0.675496E+14   0.725942E+15   0.606027E+15   0.878409E+15
   0.564442E+14   0.120750E+15  -0.669418E+14   0.606027E+15   0.767722E+15   0.945791E+15
   0.361812E+14   0.149276E+15  -0.734415E+14   0.878409E+15   0.945791E+15   0.144753E+16
 trial position no.            5
 
 
 
 
 
 
 
 
 
 
 
 
  Covariance matrix; NOT corrected for  scaling
   0.930966E+14  -0.439520E+14   0.271571E+14   0.590949E+14   0.573899E+14   0.190300E+14
  -0.439521E+14   0.838136E+15   0.280764E+15   0.134875E+15   0.674785E+14   0.462534E+14
   0.271570E+14   0.280764E+15   0.734776E+15  -0.280070E+14  -0.256752E+14  -0.154750E+14
   0.590949E+14   0.134875E+15  -0.280071E+14   0.545255E+15   0.411854E+15   0.505027E+15
   0.573899E+14   0.674784E+14  -0.256752E+14   0.411854E+15   0.581579E+15   0.560392E+15
   0.190300E+14   0.462533E+14  -0.154750E+14   0.505027E+15   0.560392E+15   0.828382E+15
 trial position no.            6
 
 
 
 
 
 
 
 
 
 
 
 
  Covariance matrix; NOT corrected for  scaling
   0.101337E+15  -0.444305E+14   0.224492E+14   0.538522E+14   0.545388E+14  -0.352637E+13
  -0.444305E+14   0.612168E+15   0.212387E+15   0.948492E+14   0.360525E+14  -0.670314E+13
   0.224492E+14   0.212387E+15   0.503063E+15  -0.135890E+14  -0.105095E+14   0.109883E+13
   0.538522E+14   0.948492E+14  -0.135890E+14   0.417170E+15   0.268990E+15   0.248428E+15
   0.545388E+14   0.360525E+14  -0.105095E+14   0.268990E+15   0.445457E+15   0.289654E+15
  -0.352636E+13  -0.670313E+13   0.109884E+13   0.248428E+15   0.289654E+15   0.473870E+15
 trial position no.            3
 
 
 
 
 
 
 
 
 
 
 
 
  Covariance matrix; NOT corrected for  scaling
   0.236697E+14  -0.112114E+14   0.187076E+14   0.164870E+14   0.948287E+13   0.149055E+14
  -0.112115E+14   0.763562E+15   0.253532E+15   0.179741E+15   0.785068E+14   0.149183E+15
   0.187076E+14   0.253532E+15   0.997057E+15  -0.327369E+14   0.402016E+14   0.302846E+14
   0.164870E+14   0.179741E+15  -0.327368E+14   0.611929E+15   0.461923E+15   0.857814E+15
   0.948287E+13   0.785069E+14   0.402016E+14   0.461923E+15   0.680985E+15   0.106304E+16
   0.149054E+14   0.149183E+15   0.302847E+14   0.857814E+15   0.106304E+16   0.179980E+16
 trial position no.            4
 
 
 
 
 
 
 
 
 
 
 
 
  Covariance matrix; NOT corrected for  scaling
   0.247726E+14  -0.158277E+14   0.104835E+14   0.150231E+14   0.811049E+13   0.981780E+13
  -0.158277E+14   0.629843E+15   0.117486E+15   0.130595E+15   0.170810E+14   0.344829E+14
   0.104835E+14   0.117486E+15   0.475464E+15  -0.281029E+13   0.516424E+14   0.507001E+14
   0.150231E+14   0.130595E+15  -0.281033E+13   0.435898E+15   0.253886E+15   0.443025E+15
   0.811047E+13   0.170811E+14   0.516424E+14   0.253886E+15   0.503139E+15   0.647279E+15
   0.981780E+13   0.344830E+14   0.507000E+14   0.443025E+15   0.647279E+15   0.964616E+15
 trial position no.            5
 
 
 
 
 
 
 
 
 
 
 
 
  Covariance matrix; NOT corrected for  scaling
   0.260477E+14  -0.193083E+14   0.713904E+13   0.134256E+14   0.717493E+13   0.605545E+13
  -0.193083E+14   0.559350E+15   0.797107E+14   0.114530E+15  -0.790230E+13  -0.991093E+13
   0.713905E+13   0.797107E+14   0.299872E+15  -0.266656E+13   0.455757E+14   0.384209E+14
   0.134256E+14   0.114530E+15  -0.266656E+13   0.364566E+15   0.137955E+15   0.241785E+15
   0.717492E+13  -0.790235E+13   0.455757E+14   0.137955E+15   0.404855E+15   0.427155E+15
   0.605546E+13  -0.991103E+13   0.384209E+14   0.241785E+15   0.427155E+15   0.581059E+15
 trial position no.            6
 
 
 
 
 
 
 
 
 
 
 
 
  Covariance matrix; NOT corrected for  scaling
   0.274664E+14  -0.201462E+14   0.530178E+13   0.113015E+14   0.613649E+13   0.220357E+13
  -0.201462E+14   0.428721E+15   0.564470E+14   0.978245E+14  -0.186897E+14  -0.303003E+14
   0.530178E+13   0.564470E+14   0.194958E+15  -0.743058E+13   0.372205E+14   0.236108E+14
   0.113015E+14   0.978245E+14  -0.743058E+13   0.319605E+15   0.473563E+14   0.101482E+15
   0.613649E+13  -0.186897E+14   0.372205E+14   0.473563E+14   0.330803E+15   0.264909E+15
   0.220357E+13  -0.303003E+14   0.236108E+14   0.101482E+15   0.264909E+15   0.336984E+15
 trial position no.            3
 
 
 
 
 
 
 
 
 
 
 
 
  Covariance matrix; NOT corrected for  scaling
   0.510562E+14  -0.529955E+14   0.110694E+14  -0.792890E+12  -0.957850E+13  -0.349330E+13
  -0.529955E+14   0.969474E+15   0.128188E+15   0.589193E+14   0.149150E+15   0.152615E+15
   0.110694E+14   0.128188E+15   0.155408E+16  -0.152008E+15  -0.140804E+15  -0.189783E+15
  -0.792890E+12   0.589193E+14  -0.152008E+15   0.701547E+15   0.684977E+15   0.115369E+16
  -0.957850E+13   0.149150E+15  -0.140804E+15   0.684977E+15   0.917455E+15   0.128042E+16
  -0.349331E+13   0.152615E+15  -0.189783E+15   0.115369E+16   0.128042E+16   0.213448E+16
 trial position no.            4
 
 
 
 
 
 
 
 
 
 
 
 
  Covariance matrix; NOT corrected for  scaling
   0.553240E+14  -0.423161E+14   0.123466E+14   0.104724E+13  -0.940485E+13  -0.158258E+13
  -0.423161E+14   0.578181E+15  -0.322577E+13   0.357539E+14   0.116663E+15   0.920646E+14
   0.123466E+14  -0.322576E+13   0.105431E+16  -0.654361E+14  -0.504457E+14  -0.346732E+14
   0.104724E+13   0.357539E+14  -0.654362E+14   0.454870E+15   0.409373E+15   0.617899E+15
  -0.940485E+13   0.116663E+15  -0.504457E+14   0.409373E+15   0.640796E+15   0.692692E+15
  -0.158258E+13   0.920646E+14  -0.346731E+14   0.617899E+15   0.692692E+15   0.106873E+16
 trial position no.            5
 
 
 
 
 
 
 
 
 
 
 
 
  Covariance matrix; NOT corrected for  scaling
   0.596436E+14  -0.380242E+14   0.132476E+14   0.101985E+13  -0.114022E+14  -0.215693E+13
  -0.380242E+14   0.399756E+15  -0.279638E+14   0.408126E+13   0.782057E+14   0.345959E+14
   0.132476E+14  -0.279638E+14   0.797682E+15  -0.486960E+14  -0.313507E+14  -0.336205E+13
   0.101985E+13   0.408126E+13  -0.486960E+14   0.337454E+15   0.277267E+15   0.377141E+15
  -0.114022E+14   0.782057E+14  -0.313507E+14   0.277267E+15   0.523435E+15   0.426227E+15
  -0.215693E+13   0.345959E+14  -0.336206E+13   0.377141E+15   0.426227E+15   0.653601E+15
 trial position no.            6
 
 
 
 
 
 
 
 
 
 
 
 
  Covariance matrix; NOT corrected for  scaling
   0.643662E+14  -0.342556E+14   0.123742E+14  -0.265677E+11  -0.144840E+14  -0.295486E+13
  -0.342556E+14   0.269124E+15  -0.251650E+14  -0.394360E+13   0.647653E+14   0.153096E+14
   0.123742E+14  -0.251650E+14   0.558888E+15  -0.339759E+14  -0.142311E+14   0.171346E+14
  -0.265684E+11  -0.394359E+13  -0.339759E+14   0.246906E+15   0.170321E+15   0.204604E+15
  -0.144840E+14   0.647653E+14  -0.142311E+14   0.170321E+15   0.429672E+15   0.222595E+15
  -0.295486E+13   0.153096E+14   0.171346E+14   0.204604E+15   0.222595E+15   0.397504E+15
 trial position no.            3
 
 
 
 
 
 
 
 
 
 
 
 
  Covariance matrix; NOT corrected for  scaling
   0.807163E+14  -0.134573E+14   0.225983E+14   0.565529E+13   0.254258E+14   0.661168E+14
  -0.134573E+14   0.160019E+16   0.292454E+15   0.902514E+14   0.852697E+14   0.117926E+15
   0.225983E+14   0.292454E+15   0.182239E+16   0.116679E+14   0.205233E+14   0.272160E+14
   0.565525E+13   0.902515E+14   0.116679E+14   0.130693E+16   0.117452E+16   0.200177E+16
   0.254258E+14   0.852698E+14   0.205233E+14   0.117452E+16   0.127608E+16   0.203438E+16
   0.661168E+14   0.117926E+15   0.272160E+14   0.200177E+16   0.203438E+16   0.348032E+16
 trial position no.            4
 
 
 
 
 
 
 
 
 
 
 
 
  Covariance matrix; NOT corrected for  scaling
   0.892713E+14  -0.162348E+14   0.181044E+14   0.110041E+12   0.203075E+14   0.538226E+14
  -0.162348E+14   0.110509E+16  -0.334988E+14   0.544718E+14   0.484167E+14   0.488917E+14
   0.181044E+14  -0.334987E+14   0.932707E+15   0.194469E+14   0.291953E+14   0.367493E+14
   0.110035E+12   0.544718E+14   0.194469E+14   0.864804E+15   0.726026E+15   0.105963E+16
   0.203074E+14   0.484167E+14   0.291953E+14   0.726026E+15   0.835619E+15   0.109503E+16
   0.538226E+14   0.488917E+14   0.367493E+14   0.105963E+16   0.109503E+16   0.166532E+16
 trial position no.            5
 
 
 
 
 
 
 
 
 
 
 
 
  Covariance matrix; NOT corrected for  scaling
   0.980841E+14  -0.197960E+14   0.167989E+14  -0.468883E+13   0.160555E+14   0.450793E+14
  -0.197960E+14   0.883158E+15  -0.111351E+15   0.404457E+14   0.319251E+14   0.195641E+14
   0.167989E+14  -0.111351E+15   0.627094E+15   0.151084E+14   0.260279E+14   0.281095E+14
  -0.468885E+13   0.404457E+14   0.151084E+14   0.653534E+15   0.506947E+15   0.625643E+15
   0.160555E+14   0.319251E+14   0.260279E+14   0.506947E+15   0.623340E+15   0.661529E+15
   0.450793E+14   0.195641E+14   0.281095E+14   0.625643E+15   0.661529E+15   0.938108E+15
 trial position no.            6
 
 
 
 
 
 
 
 
 
 
 
 
  Covariance matrix; NOT corrected for  scaling
   0.107028E+15  -0.213164E+14   0.153832E+14  -0.966500E+13   0.117938E+14   0.367733E+14
  -0.213164E+14   0.647054E+15  -0.107875E+15   0.305943E+14   0.205471E+14   0.141849E+13
   0.153832E+14  -0.107875E+15   0.422213E+15   0.759058E+13   0.190410E+14   0.158120E+14
  -0.966500E+13   0.305943E+14   0.759058E+13   0.491999E+15   0.336909E+15   0.311747E+15
   0.117938E+14   0.205471E+14   0.190410E+14   0.336909E+15   0.460006E+15   0.347513E+15
   0.367733E+14   0.141849E+13   0.158120E+14   0.311747E+15   0.347513E+15   0.497831E+15
 trial position no.            3
 
 
 
 
 
 
 
 
 
 
 
 
  Covariance matrix; NOT corrected for  scaling
   0.770823E+14  -0.711902E+14   0.706160E+14   0.674332E+14   0.673421E+14   0.136353E+15
  -0.711902E+14   0.120447E+16   0.524027E+15   0.203487E+15   0.178816E+15   0.227526E+15
   0.706160E+14   0.524027E+15   0.163052E+16  -0.170102E+15  -0.193945E+15  -0.219062E+15
   0.674332E+14   0.203487E+15  -0.170102E+15   0.945113E+15   0.903021E+15   0.152900E+16
   0.673422E+14   0.178816E+15  -0.193945E+15   0.903021E+15   0.103005E+16   0.158831E+16
   0.136353E+15   0.227526E+15  -0.219063E+15   0.152900E+16   0.158831E+16   0.271896E+16
 trial position no.            4
 
 
 
 
 
 
 
 
 
 
 
 
  Covariance matrix; NOT corrected for  scaling
   0.908915E+14  -0.768885E+14   0.795805E+14   0.672661E+14   0.680032E+14   0.119140E+15
  -0.768885E+14   0.714917E+15   0.874259E+14   0.948014E+14   0.786476E+14   0.378307E+14
   0.795804E+14   0.874259E+14   0.911894E+15  -0.641865E+14  -0.691207E+14  -0.105900E+14
   0.672661E+14   0.948015E+14  -0.641865E+14   0.605807E+15   0.550573E+15   0.819808E+15
   0.680032E+14   0.786477E+14  -0.691207E+14   0.550573E+15   0.675456E+15   0.856974E+15
   0.119140E+15   0.378308E+14  -0.105901E+14   0.819807E+15   0.856974E+15   0.134698E+16
 trial position no.            5
 
 
 
 
 
 
 
 
 
 
 
 
  Covariance matrix; NOT corrected for  scaling
   0.104168E+15  -0.820059E+14   0.837339E+14   0.597255E+14   0.615811E+14   0.925837E+14
  -0.820059E+14   0.526617E+15  -0.247334E+14   0.560380E+14   0.422098E+14  -0.254486E+14
   0.837339E+14  -0.247334E+14   0.657644E+15  -0.389679E+14  -0.365827E+14   0.392268E+14
   0.597254E+14   0.560380E+14  -0.389680E+14   0.438736E+15   0.375030E+15   0.477790E+15
   0.615811E+14   0.422098E+14  -0.365827E+14   0.375030E+15   0.502237E+15   0.501872E+15
   0.925837E+14  -0.254487E+14   0.392267E+14   0.477790E+15   0.501872E+15   0.758741E+15
 trial position no.            6
 
 
 
 
 
 
 
 
 
 
 
 
  Covariance matrix; NOT corrected for  scaling
   0.118332E+15  -0.804705E+14   0.807515E+14   0.489389E+14   0.522406E+14   0.615791E+14
  -0.804705E+14   0.368629E+15  -0.437783E+14   0.375705E+14   0.245087E+14  -0.449607E+14
   0.807515E+14  -0.437783E+14   0.457639E+15  -0.273951E+14  -0.214850E+14   0.518787E+14
   0.489389E+14   0.375705E+14  -0.273951E+14   0.319990E+15   0.247214E+15   0.243626E+15
   0.522406E+14   0.245087E+14  -0.214850E+14   0.247214E+15   0.376202E+15   0.254045E+15
   0.615791E+14  -0.449607E+14   0.518787E+14   0.243626E+15   0.254045E+15   0.417523E+15
 trial position no.            3
 
 
 
 
 
 
 
 
 
 
 
 
  Covariance matrix; NOT corrected for  scaling
   0.337810E+14   0.481129E+12   0.232646E+14   0.464644E+14   0.545057E+14   0.463684E+14
   0.481143E+12   0.490716E+15   0.402963E+15   0.125742E+15   0.645746E+14   0.123730E+15
   0.232646E+14   0.402963E+15   0.739275E+15  -0.247822E+14  -0.835489E+14  -0.833516E+14
   0.464645E+14   0.125742E+15  -0.247823E+14   0.307277E+15   0.295216E+15   0.446478E+15
   0.545056E+14   0.645745E+14  -0.835492E+14   0.295216E+15   0.365580E+15   0.479639E+15
   0.463683E+14   0.123730E+15  -0.833520E+14   0.446478E+15   0.479639E+15   0.764801E+15
 trial position no.            4
 
 
 
 
 
 
 
 
 
 
 
 
  Covariance matrix; NOT corrected for  scaling
   0.370980E+14  -0.122812E+14   0.224255E+14   0.380030E+14   0.489374E+14   0.249595E+14
  -0.122811E+14   0.340989E+15   0.256757E+15   0.517502E+14  -0.531947E+13   0.853834E+13
   0.224255E+14   0.256757E+15   0.471610E+15   0.117076E+14  -0.281307E+14  -0.828635E+13
   0.380030E+14   0.517502E+14   0.117076E+14   0.179229E+15   0.161200E+15   0.216433E+15
   0.489374E+14  -0.531952E+13  -0.281308E+14   0.161200E+15   0.237802E+15   0.241923E+15
   0.249595E+14   0.853831E+13  -0.828637E+13   0.216433E+15   0.241923E+15   0.382022E+15
 trial position no.            5
 
 
 
 
 
 
 
 
 
 
 
 
  Covariance matrix; NOT corrected for  scaling
   0.428964E+14  -0.156063E+14   0.197929E+14   0.394599E+14   0.545284E+14   0.128546E+14
  -0.156063E+14   0.284829E+15   0.211943E+15   0.331079E+14  -0.226184E+14  -0.192211E+14
   0.197928E+14   0.211943E+15   0.373873E+15   0.187842E+14  -0.156292E+14   0.576920E+13
   0.394599E+14   0.331080E+14   0.187842E+14   0.134259E+15   0.113292E+15   0.116305E+15
   0.545284E+14  -0.226183E+14  -0.156292E+14   0.113292E+15   0.199563E+15   0.133754E+15
   0.128547E+14  -0.192211E+14   0.576918E+13   0.116305E+15   0.133754E+15   0.220723E+15
 trial position no.            6
 
 
 
 
 
 
 
 
 
 
 
 
  Covariance matrix; NOT corrected for  scaling
   0.479487E+14  -0.179385E+14   0.177851E+14   0.358220E+14   0.547584E+14  -0.632809E+13
  -0.179385E+14   0.223747E+15   0.173366E+15   0.250560E+14  -0.301608E+14  -0.224584E+14
   0.177852E+14   0.173366E+15   0.289882E+15   0.204271E+14  -0.123292E+14   0.534773E+13
   0.358220E+14   0.250560E+14   0.204270E+14   0.102571E+15   0.751265E+14   0.513560E+14
   0.547584E+14  -0.301608E+14  -0.123293E+14   0.751265E+14   0.167717E+15   0.547847E+14
  -0.632813E+13  -0.224584E+14   0.534770E+13   0.513560E+14   0.547847E+14   0.142203E+15
 trial position no.            3
 
 
 
 
 
 
 
 
 
 
 
 
  Covariance matrix; NOT corrected for  scaling
   0.655673E+14  -0.484103E+14   0.238064E+14   0.497698E+14   0.650781E+14   0.366567E+14
  -0.484104E+14   0.753738E+15   0.394618E+15   0.150514E+15   0.119860E+15   0.216863E+15
   0.238065E+14   0.394618E+15   0.114754E+16  -0.171907E+15  -0.206318E+15  -0.258913E+15
   0.497697E+14   0.150514E+15  -0.171907E+15   0.573479E+15   0.557926E+15   0.891133E+15
   0.650780E+14   0.119861E+15  -0.206318E+15   0.557926E+15   0.697046E+15   0.949649E+15
   0.366564E+14   0.216863E+15  -0.258913E+15   0.891133E+15   0.949649E+15   0.158411E+16
 trial position no.            4
 
 
 
 
 
 
 
 
 
 
 
 
  Covariance matrix; NOT corrected for  scaling
   0.722797E+14  -0.465996E+14   0.261891E+14   0.486044E+14   0.633251E+14   0.173959E+14
  -0.465996E+14   0.517081E+15   0.277895E+15   0.577101E+14   0.344756E+14   0.622466E+14
   0.261891E+14   0.277895E+15   0.805218E+15  -0.626730E+14  -0.792280E+14  -0.540231E+14
   0.486045E+14   0.577100E+14  -0.626729E+14   0.354716E+15   0.320671E+15   0.453481E+15
   0.633251E+14   0.344756E+14  -0.792280E+14   0.320671E+15   0.453622E+15   0.479355E+15
   0.173960E+14   0.622466E+14  -0.540230E+14   0.453481E+15   0.479355E+15   0.782539E+15
 trial position no.            5
 
 
 
 
 
 
 
 
 
 
 
 
  Covariance matrix; NOT corrected for  scaling
   0.790556E+14  -0.446231E+14   0.227461E+14   0.504448E+14   0.659131E+14   0.208724E+13
  -0.446231E+14   0.396303E+15   0.234472E+15   0.196241E+14   0.267246E+13   0.107382E+14
   0.227459E+14   0.234472E+15   0.646903E+15  -0.389107E+14  -0.478788E+14  -0.294555E+13
   0.504448E+14   0.196241E+14  -0.389107E+14   0.260637E+15   0.219122E+15   0.258624E+15
   0.659131E+14   0.267250E+13  -0.478787E+14   0.219122E+15   0.357367E+15   0.268640E+15
   0.208725E+13   0.107382E+14  -0.294550E+13   0.258624E+15   0.268640E+15   0.465584E+15
 trial position no.            6
 
 
 
 
 
 
 
 
 
 
 
 
  Covariance matrix; NOT corrected for  scaling
   0.855154E+14  -0.419536E+14   0.214950E+14   0.458233E+14   0.619090E+14  -0.209191E+14
  -0.419536E+14   0.284939E+15   0.182252E+15   0.666153E+13  -0.633319E+13   0.647665E+12
   0.214949E+14   0.182252E+15   0.478760E+15  -0.245213E+14  -0.275307E+14   0.201643E+14
   0.458233E+14   0.666155E+13  -0.245213E+14   0.194490E+15   0.143080E+15   0.130048E+15
   0.619091E+14  -0.633319E+13  -0.275307E+14   0.143080E+15   0.283224E+15   0.120988E+15
  -0.209191E+14   0.647690E+12   0.201644E+14   0.130048E+15   0.120988E+15   0.297381E+15
 trial position no.            3
 
 
 
 
 
 
 
 
 
 
 
 
  Covariance matrix; NOT corrected for  scaling
   0.478451E+14  -0.374217E+14   0.339392E+14   0.414208E+14   0.551311E+14   0.593510E+14
  -0.374217E+14   0.102282E+16   0.556432E+15   0.248534E+15   0.190786E+15   0.313385E+15
   0.339392E+14   0.556432E+15   0.147684E+16  -0.168355E+15  -0.220309E+15  -0.260493E+15
   0.414208E+14   0.248534E+15  -0.168355E+15   0.755617E+15   0.717887E+15   0.120603E+16
   0.551311E+14   0.190786E+15  -0.220309E+15   0.717887E+15   0.917700E+15   0.129694E+16
   0.593511E+14   0.313384E+15  -0.260494E+15   0.120603E+16   0.129694E+16   0.216454E+16
 trial position no.            4
 
 
 
 
 
 
 
 
 
 
 
 
  Covariance matrix; NOT corrected for  scaling
   0.525896E+14  -0.371233E+14   0.356705E+14   0.389756E+14   0.557285E+14   0.444470E+14
  -0.371233E+14   0.632579E+15   0.276479E+15   0.114766E+15   0.680535E+14   0.832822E+14
   0.356705E+14   0.276479E+15   0.928168E+15  -0.639066E+14  -0.850843E+14  -0.473047E+14
   0.389756E+14   0.114765E+15  -0.639067E+14   0.470486E+15   0.407895E+15   0.627268E+15
   0.557285E+14   0.680535E+14  -0.850843E+14   0.407895E+15   0.616179E+15   0.682162E+15
   0.444470E+14   0.832821E+14  -0.473047E+14   0.627268E+15   0.682162E+15   0.107285E+16
 trial position no.            5
 
 
 
 
 
 
 
 
 
 
 
 
  Covariance matrix; NOT corrected for  scaling
   0.568736E+14  -0.352586E+14   0.335479E+14   0.355109E+14   0.559760E+14   0.280704E+14
  -0.352586E+14   0.453941E+15   0.181399E+15   0.653177E+14   0.258088E+14   0.828488E+13
   0.335479E+14   0.181399E+15   0.688937E+15  -0.386374E+14  -0.466408E+14   0.832079E+13
   0.355108E+14   0.653177E+14  -0.386375E+14   0.339940E+15   0.261697E+15   0.361552E+15
   0.559760E+14   0.258087E+14  -0.466408E+14   0.261697E+15   0.488549E+15   0.393733E+15
   0.280704E+14   0.828476E+13   0.832062E+13   0.361552E+15   0.393733E+15   0.620080E+15
 trial position no.            6
 
 
 
 
 
 
 
 
 
 
 
 
  Covariance matrix; NOT corrected for  scaling
   0.612550E+14  -0.324233E+14   0.307944E+14   0.286741E+14   0.529011E+14   0.756182E+13
  -0.324233E+14   0.311315E+15   0.125685E+15   0.431855E+14   0.772409E+13  -0.158835E+14
   0.307944E+14   0.125685E+15   0.484063E+15  -0.247329E+14  -0.245786E+14   0.299337E+14
   0.286741E+14   0.431855E+14  -0.247328E+14   0.255126E+15   0.156956E+15   0.191171E+15
   0.529011E+14   0.772407E+13  -0.245786E+14   0.156956E+15   0.396489E+15   0.192726E+15
   0.756184E+13  -0.158835E+14   0.299337E+14   0.191171E+15   0.192726E+15   0.370176E+15
 trial position no.            3
 
 
 
 
 
 
 
 
 
 
 
 
  Covariance matrix; NOT corrected for  scaling
   0.460684E+14   0.247193E+13   0.337687E+13   0.134149E+13   0.281173E+12  -0.940362E+13
   0.247193E+13   0.125029E+16   0.212238E+14   0.688650E+14   0.528373E+14   0.882464E+14
   0.337687E+13   0.212238E+14   0.145113E+16   0.407925E+14   0.429347E+14   0.518326E+14
   0.134148E+13   0.688650E+14   0.407924E+14   0.971148E+15   0.811031E+15   0.140594E+16
   0.281168E+12   0.528373E+14   0.429347E+14   0.811031E+15   0.906251E+15   0.143635E+16
  -0.940364E+13   0.882464E+14   0.518326E+14   0.140594E+16   0.143635E+16   0.245201E+16
 trial position no.            4
 
 
 
 
 
 
 
 
 
 
 
 
  Covariance matrix; NOT corrected for  scaling
   0.498721E+14  -0.423523E+12   0.247660E+13   0.132211E+13   0.297731E+13  -0.675864E+13
  -0.423523E+12   0.955892E+15   0.803845E+14   0.534001E+14   0.415002E+14   0.541761E+14
   0.247660E+13   0.803845E+14   0.699899E+15   0.230764E+14   0.273008E+14   0.233101E+14
   0.132210E+13   0.534000E+14   0.230764E+14   0.655160E+15   0.488480E+15   0.733465E+15
   0.297732E+13   0.415002E+14   0.273008E+14   0.488480E+15   0.596452E+15   0.774641E+15
  -0.675863E+13   0.541761E+14   0.233102E+14   0.733465E+15   0.774641E+15   0.117556E+16
 trial position no.            5
 
 
 
 
 
 
 
 
 
 
 
 
  Covariance matrix; NOT corrected for  scaling
   0.537503E+14  -0.326760E+13   0.208141E+13   0.100121E+13   0.533786E+13  -0.518391E+13
  -0.326760E+13   0.803945E+15   0.896881E+14   0.443441E+14   0.355473E+14   0.349280E+14
   0.208140E+13   0.896881E+14   0.448575E+15   0.160822E+14   0.223104E+14   0.132714E+14
   0.100120E+13   0.443442E+14   0.160822E+14   0.506875E+15   0.331487E+15   0.427578E+15
   0.533786E+13   0.355473E+14   0.223104E+14   0.331487E+15   0.450308E+15   0.474530E+15
  -0.518392E+13   0.349280E+14   0.132714E+14   0.427578E+15   0.474530E+15   0.674230E+15
 trial position no.            6
 
 
 
 
 
 
 
 
 
 
 
 
  Covariance matrix; NOT corrected for  scaling
   0.577152E+14  -0.492741E+13   0.189611E+13   0.468366E+12   0.728931E+13  -0.451642E+13
  -0.492741E+13   0.605750E+15   0.744269E+14   0.334595E+14   0.273417E+14   0.162343E+14
   0.189611E+13   0.744269E+14   0.293983E+15   0.887800E+13   0.167875E+14   0.417912E+13
   0.468369E+12   0.334595E+14   0.887800E+13   0.394440E+15   0.209358E+15   0.206466E+15
   0.728931E+13   0.273417E+14   0.167875E+14   0.209358E+15   0.338431E+15   0.257206E+15
  -0.451642E+13   0.162343E+14   0.417912E+13   0.206466E+15   0.257206E+15   0.370260E+15
 trial position no.            3
 
 
 
 
 
 
 
 
 
 
 
 
  Covariance matrix; NOT corrected for  scaling
   0.508967E+14  -0.352773E+14   0.387875E+14   0.541403E+14   0.628105E+14   0.769661E+14
  -0.352773E+14   0.103512E+16   0.625198E+15   0.236372E+15   0.156377E+15   0.265113E+15
   0.387875E+14   0.625198E+15   0.157705E+16  -0.185613E+15  -0.230433E+15  -0.283594E+15
   0.541403E+14   0.236372E+15  -0.185613E+15   0.774933E+15   0.737824E+15   0.121833E+16
   0.628105E+14   0.156377E+15  -0.230433E+15   0.737824E+15   0.911565E+15   0.133227E+16
   0.769660E+14   0.265113E+15  -0.283595E+15   0.121833E+16   0.133227E+16   0.220139E+16
 trial position no.            4
 
 
 
 
 
 
 
 
 
 
 
 
  Covariance matrix; NOT corrected for  scaling
   0.575118E+14  -0.445032E+14   0.360265E+14   0.514597E+14   0.644229E+14   0.602495E+14
  -0.445032E+14   0.675898E+15   0.286450E+15   0.112671E+15   0.431837E+14   0.505419E+14
   0.360265E+14   0.286450E+15   0.868195E+15  -0.593704E+14  -0.714597E+14  -0.408825E+14
   0.514597E+14   0.112671E+15  -0.593703E+14   0.478686E+15   0.424865E+15   0.625473E+15
   0.644229E+14   0.431837E+14  -0.714596E+14   0.424865E+15   0.609873E+15   0.717071E+15
   0.602495E+14   0.505419E+14  -0.408824E+14   0.625473E+15   0.717071E+15   0.109584E+16
 trial position no.            5
 
 
 
 
 
 
 
 
 
 
 
 
  Covariance matrix; NOT corrected for  scaling
   0.635171E+14  -0.472981E+14   0.319049E+14   0.476278E+14   0.646172E+14   0.404159E+14
  -0.472981E+14   0.511860E+15   0.178407E+15   0.671975E+14   0.413615E+13  -0.191417E+14
   0.319049E+14   0.178407E+15   0.598639E+15  -0.327150E+14  -0.329097E+14   0.106131E+14
   0.476278E+14   0.671975E+14  -0.327148E+14   0.346541E+15   0.276818E+15   0.351957E+15
   0.646172E+14   0.413620E+13  -0.329096E+14   0.276818E+15   0.472305E+15   0.419186E+15
   0.404158E+14  -0.191417E+14   0.106133E+14   0.351957E+15   0.419186E+15   0.625858E+15
 trial position no.            6
 
 
 
 
 
 
 
 
 
 
 
 
  Covariance matrix; NOT corrected for  scaling
   0.695248E+14  -0.458572E+14   0.284332E+14   0.398860E+14   0.610235E+14   0.152548E+14
  -0.458572E+14   0.360955E+15   0.120396E+15   0.460310E+14  -0.101656E+14  -0.369275E+14
   0.284332E+14   0.120396E+15   0.406604E+15  -0.201910E+14  -0.154206E+14   0.262993E+14
   0.398860E+14   0.460311E+14  -0.201910E+14   0.259906E+15   0.171758E+15   0.176040E+15
   0.610234E+14  -0.101656E+14  -0.154206E+14   0.171758E+15   0.374198E+15   0.213060E+15
   0.152548E+14  -0.369274E+14   0.262993E+14   0.176040E+15   0.213060E+15   0.367362E+15
 trial position no.            3
 
 
 
 
 
 
 
 
 
 
 
 
  Covariance matrix; NOT corrected for  scaling
   0.477177E+14  -0.384428E+14   0.184079E+14   0.368357E+14   0.523818E+14   0.327558E+14
  -0.384428E+14   0.600100E+15   0.359894E+15   0.102324E+15   0.748829E+14   0.145742E+15
   0.184080E+14   0.359894E+15   0.940059E+15  -0.117400E+15  -0.144593E+15  -0.174537E+15
   0.368357E+14   0.102324E+15  -0.117400E+15   0.431647E+15   0.419801E+15   0.685379E+15
   0.523818E+14   0.748828E+14  -0.144593E+15   0.419801E+15   0.541174E+15   0.733915E+15
   0.327558E+14   0.145742E+15  -0.174537E+15   0.685379E+15   0.733915E+15   0.124014E+16
 trial position no.            4
 
 
 
 
 
 
 
 
 
 
 
 
  Covariance matrix; NOT corrected for  scaling
   0.528485E+14  -0.368462E+14   0.232820E+14   0.359806E+14   0.519624E+14   0.189196E+14
  -0.368462E+14   0.401173E+15   0.233625E+15   0.365874E+14   0.147849E+14   0.367359E+14
   0.232820E+14   0.233625E+15   0.657153E+15  -0.362597E+14  -0.472396E+14  -0.215644E+14
   0.359806E+14   0.365873E+14  -0.362597E+14   0.271859E+15   0.244577E+15   0.361994E+15
   0.519624E+14   0.147848E+14  -0.472396E+14   0.244577E+15   0.362464E+15   0.382903E+15
   0.189196E+14   0.367358E+14  -0.215646E+14   0.361994E+15   0.382903E+15   0.637795E+15
 trial position no.            5
 
 
 
 
 
 
 
 
 
 
 
 
  Covariance matrix; NOT corrected for  scaling
   0.578044E+14  -0.349839E+14   0.217875E+14   0.367197E+14   0.543271E+14   0.687041E+13
  -0.349839E+14   0.302266E+15   0.186896E+15   0.952798E+13  -0.757413E+13   0.911359E+12
   0.217875E+14   0.186896E+15   0.527154E+15  -0.208030E+14  -0.252947E+14   0.124750E+14
   0.367197E+14   0.952800E+13  -0.208030E+14   0.198953E+15   0.166086E+15   0.210548E+15
   0.543271E+14  -0.757414E+13  -0.252947E+14   0.166086E+15   0.291003E+15   0.218304E+15
   0.687041E+13   0.911398E+12   0.124750E+14   0.210548E+15   0.218304E+15   0.384306E+15
 trial position no.            6
 
 
 
 
 
 
 
 
 
 
 
 
  Covariance matrix; NOT corrected for  scaling
   0.623946E+14  -0.321849E+14   0.207283E+14   0.324892E+14   0.514937E+14  -0.114989E+14
  -0.321849E+14   0.214990E+15   0.142022E+15   0.218086E+13  -0.117574E+14  -0.272127E+13
   0.207283E+14   0.142022E+15   0.389584E+15  -0.123399E+14  -0.117843E+14   0.254253E+14
   0.324892E+14   0.218085E+13  -0.123399E+14   0.148121E+15   0.106794E+15   0.110683E+15
   0.514938E+14  -0.117575E+14  -0.117843E+14   0.106794E+15   0.234656E+15   0.100808E+15
  -0.114989E+14  -0.272128E+13   0.254253E+14   0.110683E+15   0.100808E+15   0.246556E+15
 trial position no.            3
 
 
 
 
 
 
 
 
 
 
 
 
  Covariance matrix; NOT corrected for  scaling
   0.865440E+14  -0.170546E+14  -0.127561E+14  -0.119108E+14  -0.818261E+13  -0.533938E+14
  -0.170546E+14   0.147122E+16  -0.109812E+15   0.697897E+14   0.998438E+14   0.143817E+15
  -0.127561E+14  -0.109812E+15   0.172587E+16  -0.101057E+15  -0.112585E+15  -0.153498E+15
  -0.119108E+14   0.697897E+14  -0.101057E+15   0.987331E+15   0.927332E+15   0.154719E+16
  -0.818263E+13   0.998439E+14  -0.112585E+15   0.927332E+15   0.107188E+16   0.159242E+16
  -0.533939E+14   0.143817E+15  -0.153498E+15   0.154719E+16   0.159242E+16   0.268956E+16
 trial position no.            4
 
 
 
 
 
 
 
 
 
 
 
 
  Covariance matrix; NOT corrected for  scaling
   0.980408E+14  -0.173233E+14  -0.135759E+14  -0.541068E+13  -0.259145E+13  -0.431323E+14
  -0.173233E+14   0.836376E+15   0.803786E+14   0.479948E+14   0.752934E+14   0.900556E+14
  -0.135759E+14   0.803786E+14   0.108584E+16  -0.538629E+14  -0.534763E+14  -0.538160E+14
  -0.541068E+13   0.479948E+14  -0.538629E+14   0.636340E+15   0.561628E+15   0.804578E+15
  -0.259144E+13   0.752934E+14  -0.534763E+14   0.561628E+15   0.705230E+15   0.828082E+15
  -0.431323E+14   0.900556E+14  -0.538160E+14   0.804578E+15   0.828082E+15   0.127168E+16
 trial position no.            5
 
 
 
 
 
 
 
 
 
 
 
 
  Covariance matrix; NOT corrected for  scaling
   0.109456E+15  -0.187898E+14  -0.129896E+14  -0.208764E+13  -0.222082E+12  -0.388448E+14
  -0.187898E+14   0.584422E+15   0.117614E+15   0.202728E+14   0.473575E+14   0.451198E+14
  -0.129896E+14   0.117614E+15   0.805778E+15  -0.423821E+14  -0.352233E+14  -0.257450E+14
  -0.208764E+13   0.202728E+14  -0.423821E+14   0.470641E+15   0.387222E+15   0.474618E+15
  -0.222069E+12   0.473575E+14  -0.352233E+14   0.387222E+15   0.535920E+15   0.487857E+15
  -0.388448E+14   0.451198E+14  -0.257450E+14   0.474618E+15   0.487857E+15   0.736543E+15
 trial position no.            6
 
 
 
 
 
 
 
 
 
 
 
 
  Covariance matrix; NOT corrected for  scaling
   0.120882E+15  -0.191794E+14  -0.117324E+14   0.840638E+12   0.212151E+13  -0.343470E+14
  -0.191794E+14   0.398624E+15   0.100604E+15   0.923497E+13   0.353168E+14   0.253745E+14
  -0.117324E+14   0.100604E+15   0.566301E+15  -0.315000E+14  -0.213917E+14  -0.625607E+13
   0.840630E+12   0.923498E+13  -0.315000E+14   0.344354E+15   0.251866E+15   0.239778E+15
   0.212151E+13   0.353168E+14  -0.213917E+14   0.251866E+15   0.405590E+15   0.241750E+15
  -0.343470E+14   0.253745E+14  -0.625607E+13   0.239778E+15   0.241750E+15   0.420443E+15
 trial position no.            3
 
 
 
 
 
 
 
 
 
 
 
 
  Covariance matrix; NOT corrected for  scaling
   0.849253E+14  -0.187811E+14  -0.132816E+14  -0.324247E+14  -0.269719E+14  -0.130671E+13
  -0.187811E+14   0.153121E+16   0.103558E+13  -0.444311E+14   0.423437E+14   0.173300E+13
  -0.132816E+14   0.103558E+13   0.207131E+16  -0.367689E+14  -0.356226E+14  -0.545618E+14
  -0.324246E+14  -0.444311E+14  -0.367689E+14   0.114976E+16   0.110685E+16   0.181622E+16
  -0.269718E+14   0.423438E+14  -0.356226E+14   0.110685E+16   0.132809E+16   0.192807E+16
  -0.130660E+13   0.173304E+13  -0.545618E+14   0.181622E+16   0.192807E+16   0.318899E+16
 trial position no.            4
 
 
 
 
 
 
 
 
 
 
 
 
  Covariance matrix; NOT corrected for  scaling
   0.928923E+14  -0.142319E+14  -0.892980E+13  -0.314850E+14  -0.210231E+14   0.110731E+14
  -0.142318E+14   0.884170E+15  -0.197880E+15   0.678607E+13   0.774801E+14   0.616269E+14
  -0.892980E+13  -0.197880E+15   0.137392E+16  -0.257389E+13  -0.913509E+13  -0.381226E+13
  -0.314850E+14   0.678608E+13  -0.257388E+13   0.740264E+15   0.671777E+15   0.944859E+15
  -0.210231E+14   0.774801E+14  -0.913508E+13   0.671777E+15   0.890731E+15   0.101459E+16
   0.110731E+14   0.616269E+14  -0.381225E+13   0.944859E+15   0.101459E+16   0.151215E+16
 trial position no.            5
 
 
 
 
 
 
 
 
 
 
 
 
  Covariance matrix; NOT corrected for  scaling
   0.100758E+15  -0.129707E+14  -0.602225E+13  -0.337826E+14  -0.187372E+14   0.167903E+14
  -0.129707E+14   0.629470E+15  -0.229643E+15  -0.103002E+14   0.510815E+14   0.274447E+14
  -0.602225E+13  -0.229643E+15   0.105499E+16  -0.881494E+12  -0.970821E+13  -0.185668E+13
  -0.337826E+14  -0.103002E+14  -0.881494E+12   0.550796E+15   0.467765E+15   0.561044E+15
  -0.187372E+14   0.510815E+14  -0.970821E+13   0.467764E+15   0.695903E+15   0.609577E+15
   0.167903E+14   0.274447E+14  -0.185668E+13   0.561044E+15   0.609577E+15   0.878355E+15
 trial position no.            6
 
 
 
 
 
 
 
 
 
 
 
 
  Covariance matrix; NOT corrected for  scaling
   0.109052E+15  -0.121314E+14  -0.550931E+13  -0.358877E+14  -0.160813E+14   0.228194E+14
  -0.121314E+14   0.434153E+15  -0.190678E+15  -0.110174E+14   0.436585E+14   0.180917E+14
  -0.550931E+13  -0.190678E+15   0.756830E+15   0.141180E+13  -0.796368E+13   0.468340E+12
  -0.358877E+14  -0.110174E+14   0.141180E+13   0.401798E+15   0.302496E+15   0.282894E+15
  -0.160813E+14   0.436585E+14  -0.796368E+13   0.302496E+15   0.538660E+15   0.306358E+15
   0.228194E+14   0.180917E+14   0.468340E+12   0.282894E+15   0.306358E+15   0.496082E+15
 trial position no.            3
 
 
 
 
 
 
 
 
 
 
 
 
  Covariance matrix; NOT corrected for  scaling
   0.314858E+14  -0.135387E+14   0.203707E+14   0.327979E+14   0.387599E+14   0.304668E+14
  -0.135387E+14   0.474785E+15   0.345272E+15   0.105022E+15   0.635789E+14   0.121288E+15
   0.203708E+14   0.345272E+15   0.734507E+15  -0.586582E+14  -0.930580E+14  -0.109560E+15
   0.327979E+14   0.105022E+15  -0.586585E+14   0.317332E+15   0.299864E+15   0.487504E+15
   0.387599E+14   0.635788E+14  -0.930583E+14   0.299864E+15   0.373475E+15   0.519737E+15
   0.304668E+14   0.121288E+15  -0.109561E+15   0.487504E+15   0.519737E+15   0.873150E+15
 trial position no.            4
 
 
 
 
 
 
 
 
 
 
 
 
  Covariance matrix; NOT corrected for  scaling
   0.349091E+14  -0.189620E+14   0.207893E+14   0.304454E+14   0.376338E+14   0.188981E+14
  -0.189620E+14   0.327476E+15   0.218202E+15   0.439107E+14   0.801476E+13   0.211929E+14
   0.207893E+14   0.218202E+15   0.477093E+15  -0.649145E+13  -0.256291E+14  -0.883391E+13
   0.304455E+14   0.439107E+14  -0.649144E+13   0.195669E+15   0.170729E+15   0.252109E+15
   0.376337E+14   0.801475E+13  -0.256291E+14   0.170729E+15   0.248743E+15   0.274685E+15
   0.188980E+14   0.211929E+14  -0.883395E+13   0.252109E+15   0.274685E+15   0.451545E+15
 trial position no.            5
 
 
 
 
 
 
 
 
 
 
 
 
  Covariance matrix; NOT corrected for  scaling
   0.386104E+14  -0.204294E+14   0.179465E+14   0.310823E+14   0.401800E+14   0.990446E+13
  -0.204294E+14   0.259173E+15   0.172828E+15   0.220053E+14  -0.991231E+13  -0.936367E+13
   0.179465E+14   0.172828E+15   0.370655E+15   0.145227E+13  -0.119522E+14   0.948109E+13
   0.310823E+14   0.220053E+14   0.145229E+13   0.143603E+15   0.114559E+15   0.141920E+15
   0.401799E+14  -0.991229E+13  -0.119522E+14   0.114559E+15   0.200200E+15   0.157137E+15
   0.990445E+13  -0.936365E+13   0.948112E+13   0.141920E+15   0.157137E+15   0.266354E+15
 trial position no.            6
 
 
 
 
 
 
 
 
 
 
 
 
  Covariance matrix; NOT corrected for  scaling
   0.419606E+14  -0.204050E+14   0.159941E+14   0.279118E+14   0.388131E+14  -0.429802E+13
  -0.204050E+14   0.191491E+15   0.133320E+15   0.137452E+14  -0.149236E+14  -0.136589E+14
   0.159941E+14   0.133320E+15   0.274478E+15   0.414260E+13  -0.582149E+13   0.131488E+14
   0.279118E+14   0.137451E+14   0.414258E+13   0.108660E+15   0.731091E+14   0.714003E+14
   0.388130E+14  -0.149237E+14  -0.582153E+13   0.731091E+14   0.163302E+15   0.747053E+14
  -0.429802E+13  -0.136590E+14   0.131488E+14   0.714002E+14   0.747053E+14   0.168827E+15
 trial position no.            3
 
 
 
 
 
 
 
 
 
 
 
 
  Covariance matrix; NOT corrected for  scaling
   0.466127E+14  -0.219004E+14   0.286931E+14   0.543759E+14   0.327030E+14   0.459705E+14
  -0.219004E+14   0.986977E+15   0.435555E+15   0.278581E+15   0.194831E+15   0.317963E+15
   0.286929E+14   0.435556E+15   0.141541E+16  -0.227176E+15  -0.240346E+15  -0.341507E+15
   0.543759E+14   0.278582E+15  -0.227176E+15   0.915823E+15   0.808013E+15   0.135651E+16
   0.327031E+14   0.194831E+15  -0.240345E+15   0.808013E+15   0.954090E+15   0.144756E+16
   0.459706E+14   0.317962E+15  -0.341507E+15   0.135651E+16   0.144756E+16   0.240340E+16
 trial position no.            4
 
 
 
 
 
 
 
 
 
 
 
 
  Covariance matrix; NOT corrected for  scaling
   0.504117E+14  -0.255852E+14   0.205604E+14   0.538326E+14   0.283262E+14   0.298935E+14
  -0.255851E+14   0.732634E+15   0.249161E+15   0.162446E+15   0.845871E+14   0.100899E+15
   0.205603E+14   0.249162E+15   0.763365E+15  -0.653769E+14  -0.690571E+14  -0.627238E+14
   0.538326E+14   0.162445E+15  -0.653770E+14   0.578502E+15   0.453306E+15   0.671641E+15
   0.283263E+14   0.845869E+14  -0.690571E+14   0.453306E+15   0.619077E+15   0.762456E+15
   0.298935E+14   0.100899E+15  -0.627239E+14   0.671641E+15   0.762456E+15   0.114264E+16
 trial position no.            5
 
 
 
 
 
 
 
 
 
 
 
 
  Covariance matrix; NOT corrected for  scaling
   0.542454E+14  -0.258371E+14   0.157054E+14   0.546683E+14   0.247482E+14   0.161831E+14
  -0.258371E+14   0.598196E+15   0.186118E+15   0.120855E+15   0.461584E+14   0.219464E+14
   0.157054E+14   0.186118E+15   0.514538E+15  -0.265121E+14  -0.285514E+14  -0.617621E+13
   0.546682E+14   0.120855E+15  -0.265120E+14   0.443929E+15   0.292194E+15   0.373871E+15
   0.247482E+14   0.461584E+14  -0.285514E+14   0.292194E+15   0.466827E+15   0.450535E+15
   0.161831E+14   0.219464E+14  -0.617618E+13   0.373871E+15   0.450535E+15   0.641633E+15
 trial position no.            6
 
 
 
 
 
 
 
 
 
 
 
 
  Covariance matrix; NOT corrected for  scaling
   0.581151E+14  -0.249358E+14   0.129873E+14   0.528611E+14   0.190084E+14  -0.760173E+11
  -0.249358E+14   0.437698E+15   0.137650E+15   0.905498E+14   0.237436E+14  -0.187959E+14
   0.129873E+14   0.137650E+15   0.345724E+15  -0.113138E+14  -0.151958E+14   0.837192E+13
   0.528611E+14   0.905499E+14  -0.113138E+14   0.353659E+15   0.177287E+15   0.174766E+15
   0.190084E+14   0.237436E+14  -0.151958E+14   0.177287E+15   0.361481E+15   0.238808E+15
  -0.760231E+11  -0.187958E+14   0.837192E+13   0.174766E+15   0.238808E+15   0.361889E+15
 trial position no.            3
 
 
 
 
 
 
 
 
 
 
 
 
  Covariance matrix; NOT corrected for  scaling
   0.893660E+14  -0.217529E+14  -0.451651E+13  -0.106338E+14  -0.108722E+14  -0.199393E+14
  -0.217529E+14   0.174791E+16   0.861135E+13   0.375091E+14   0.807076E+14   0.988267E+14
  -0.451651E+13   0.861135E+13   0.209942E+16  -0.755500E+14  -0.787058E+14  -0.114924E+15
  -0.106338E+14   0.375091E+14  -0.755500E+14   0.123909E+16   0.116164E+16   0.194704E+16
  -0.108722E+14   0.807075E+14  -0.787059E+14   0.116164E+16   0.133894E+16   0.200830E+16
  -0.199393E+14   0.988267E+14  -0.114924E+15   0.194704E+16   0.200830E+16   0.337768E+16
 trial position no.            4
 
 
 
 
 
 
 
 
 
 
 
 
  Covariance matrix; NOT corrected for  scaling
   0.101988E+15  -0.193129E+14  -0.452722E+13  -0.723543E+13  -0.773298E+13  -0.126139E+14
  -0.193129E+14   0.101432E+16   0.916486E+13   0.374454E+14   0.747762E+14   0.795018E+14
  -0.452722E+13   0.916486E+13   0.130469E+16  -0.319470E+14  -0.283823E+14  -0.315407E+14
  -0.723543E+13   0.374454E+14  -0.319470E+14   0.802264E+15   0.706877E+15   0.102140E+16
  -0.773297E+13   0.747763E+14  -0.283823E+14   0.706877E+15   0.885116E+15   0.105710E+16
  -0.126139E+14   0.795018E+14  -0.315408E+14   0.102140E+16   0.105710E+16   0.160364E+16
 trial position no.            5
 
 
 
 
 
 
 
 
 
 
 
 
  Covariance matrix; NOT corrected for  scaling
   0.114797E+15  -0.197082E+14  -0.366927E+13  -0.646934E+13  -0.723752E+13  -0.995180E+13
  -0.197082E+14   0.699795E+15   0.938864E+13   0.135858E+14   0.478567E+14   0.377277E+14
  -0.366927E+13   0.938864E+13   0.937989E+15  -0.248880E+14  -0.173922E+14  -0.147551E+14
  -0.646934E+13   0.135858E+14  -0.248880E+14   0.595091E+15   0.489331E+15   0.607176E+15
  -0.723752E+13   0.478567E+14  -0.173922E+14   0.489331E+15   0.675864E+15   0.630901E+15
  -0.995180E+13   0.377277E+14  -0.147551E+14   0.607176E+15   0.630901E+15   0.925295E+15
 trial position no.            6
 
 
 
 
 
 
 
 
 
 
 
 
  Covariance matrix; NOT corrected for  scaling
   0.127784E+15  -0.197402E+14  -0.316306E+13  -0.603961E+13  -0.677965E+13  -0.715932E+13
  -0.197402E+14   0.470902E+15   0.695713E+13   0.564958E+13   0.369282E+14   0.206904E+14
  -0.316306E+13   0.695713E+13   0.645219E+15  -0.184564E+14  -0.936494E+13  -0.333827E+13
  -0.603961E+13   0.564958E+13  -0.184564E+14   0.435907E+15   0.318898E+15   0.310116E+15
  -0.677965E+13   0.369282E+14  -0.936494E+13   0.318898E+15   0.513004E+15   0.319576E+15
  -0.715932E+13   0.206904E+14  -0.333827E+13   0.310116E+15   0.319576E+15   0.519822E+15
 trial position no.            3
 
 
 
 
 
 
 
 
 
 
 
 
  Covariance matrix; NOT corrected for  scaling
   0.557154E+14  -0.324173E+14   0.289813E+14   0.343724E+14   0.447987E+14   0.318059E+14
  -0.324172E+14   0.900462E+15   0.329378E+15   0.131536E+15   0.968912E+14   0.173075E+15
   0.289813E+14   0.329378E+15   0.121140E+16  -0.818844E+14  -0.676759E+14  -0.112215E+15
   0.343724E+14   0.131536E+15  -0.818834E+14   0.690031E+15   0.637355E+15   0.108287E+16
   0.447987E+14   0.968910E+14  -0.676748E+14   0.637355E+15   0.761885E+15   0.114668E+16
   0.318058E+14   0.173075E+15  -0.112213E+15   0.108287E+16   0.114668E+16   0.195702E+16
 trial position no.            4
 
 
 
 
 
 
 
 
 
 
 
 
  Covariance matrix; NOT corrected for  scaling
   0.608625E+14  -0.317968E+14   0.207040E+14   0.323034E+14   0.467511E+14   0.196618E+14
  -0.317968E+14   0.653682E+15   0.242890E+15   0.545129E+14   0.210352E+14   0.398198E+14
   0.207040E+14   0.242890E+15   0.754567E+15  -0.135583E+14  -0.366121E+13  -0.446557E+13
   0.323034E+14   0.545129E+14  -0.135583E+14   0.450832E+15   0.388701E+15   0.579315E+15
   0.467511E+14   0.210352E+14  -0.366120E+13   0.388701E+15   0.522014E+15   0.629827E+15
   0.196619E+14   0.398198E+14  -0.446555E+13   0.579315E+15   0.629827E+15   0.983944E+15
 trial position no.            5
 
 
 
 
 
 
 
 
 
 
 
 
  Covariance matrix; NOT corrected for  scaling
   0.660637E+14  -0.315119E+14   0.153054E+14   0.300911E+14   0.489105E+14   0.831265E+13
  -0.315119E+14   0.516533E+15   0.205387E+15   0.271928E+14  -0.506904E+13   0.212581E+12
   0.153054E+14   0.205387E+15   0.547519E+15  -0.265989E+13   0.484689E+13   0.795034E+13
   0.300911E+14   0.271928E+14  -0.265989E+13   0.338671E+15   0.267032E+15   0.346128E+15
   0.489105E+14  -0.506904E+13   0.484689E+13   0.267032E+15   0.408813E+15   0.383431E+15
   0.831266E+13   0.212585E+12   0.795034E+13   0.346128E+15   0.383431E+15   0.583305E+15
 trial position no.            6
 
 
 
 
 
 
 
 
 
 
 
 
  Covariance matrix; NOT corrected for  scaling
   0.713512E+14  -0.298179E+14   0.121608E+14   0.253899E+14   0.486684E+14  -0.651421E+13
  -0.298179E+14   0.372411E+15   0.156643E+15   0.171824E+14  -0.124256E+14  -0.908320E+13
   0.121608E+14   0.156643E+15   0.380919E+15  -0.717170E+11   0.656350E+13   0.862895E+13
   0.253899E+14   0.171824E+14  -0.717140E+11   0.256425E+15   0.173278E+15   0.181445E+15
   0.486684E+14  -0.124256E+14   0.656350E+13   0.173278E+15   0.321385E+15   0.201807E+15
  -0.651421E+13  -0.908319E+13   0.862895E+13   0.181445E+15   0.201807E+15   0.341095E+15
 trial position no.            3
 
 
 
 
 
 
 
 
 
 
 
 
  Covariance matrix; NOT corrected for  scaling
   0.336150E+14  -0.353359E+14   0.131656E+14   0.587448E+13   0.144206E+13   0.120811E+14
  -0.353360E+14   0.694314E+15   0.160477E+15   0.521149E+14   0.104767E+15   0.116293E+15
   0.131656E+14   0.160477E+15   0.111511E+16  -0.101998E+15  -0.700024E+14  -0.108818E+15
   0.587448E+13   0.521149E+14  -0.101998E+15   0.523224E+15   0.499433E+15   0.860191E+15
   0.144202E+13   0.104767E+15  -0.700024E+14   0.499433E+15   0.651934E+15   0.958246E+15
   0.120811E+14   0.116293E+15  -0.108818E+15   0.860191E+15   0.958246E+15   0.162029E+16
 trial position no.            4
 
 
 
 
 
 
 
 
 
 
 
 
  Covariance matrix; NOT corrected for  scaling
   0.360489E+14  -0.304179E+14   0.139691E+14   0.597686E+13   0.926706E+11   0.934673E+13
  -0.304179E+14   0.437533E+15   0.127370E+14   0.305932E+14   0.802612E+14   0.666909E+14
   0.139691E+14   0.127370E+14   0.676801E+15  -0.379673E+14  -0.102794E+14  -0.523582E+13
   0.597686E+13   0.305933E+14  -0.379674E+14   0.343393E+15   0.300453E+15   0.465228E+15
   0.926696E+11   0.802612E+14  -0.102794E+14   0.300453E+15   0.458543E+15   0.535208E+15
   0.934674E+13   0.666909E+14  -0.523584E+13   0.465228E+15   0.535208E+15   0.825305E+15
 trial position no.            5
 
 
 
 
 
 
 
 
 
 
 
 
  Covariance matrix; NOT corrected for  scaling
   0.385431E+14  -0.286386E+14   0.138481E+14   0.519427E+13  -0.214280E+13   0.619850E+13
  -0.286386E+14   0.315067E+15  -0.195858E+14   0.566198E+13   0.534799E+14   0.234362E+14
   0.138482E+14  -0.195858E+14   0.482732E+15  -0.257392E+14   0.417565E+11   0.108898E+14
   0.519426E+13   0.566198E+13  -0.257392E+14   0.255558E+15   0.200924E+15   0.282297E+15
  -0.214280E+13   0.534799E+14   0.417556E+11   0.200924E+15   0.373064E+15   0.337566E+15
   0.619849E+13   0.234362E+14   0.108898E+14   0.282297E+15   0.337566E+15   0.501945E+15
 trial position no.            6
 
 
 
 
 
 
 
 
 
 
 
 
  Covariance matrix; NOT corrected for  scaling
   0.412685E+14  -0.260506E+14   0.124906E+14   0.365216E+13  -0.509273E+13   0.294949E+13
  -0.260506E+14   0.215843E+15  -0.203025E+14  -0.161040E+13   0.440490E+14   0.901296E+13
   0.124906E+14  -0.203025E+14   0.329164E+15  -0.185682E+14   0.607361E+13   0.170220E+14
   0.365216E+13  -0.161040E+13  -0.185682E+14   0.189393E+15   0.121519E+15   0.152056E+15
  -0.509273E+13   0.440490E+14   0.607361E+13   0.121519E+15   0.306162E+15   0.187131E+15
   0.294949E+13   0.901295E+13   0.170220E+14   0.152056E+15   0.187131E+15   0.298778E+15
 trial position no.            3
 
 
 
 
 
 
 
 
 
 
 
 
  Covariance matrix; NOT corrected for  scaling
   0.614063E+14  -0.318784E+14   0.418871E+14   0.529133E+14   0.636555E+14   0.547369E+14
  -0.318784E+14   0.994114E+15   0.501312E+15   0.215695E+15   0.147725E+15   0.261201E+15
   0.418871E+14   0.501312E+15   0.135494E+16  -0.103483E+15  -0.108046E+15  -0.163747E+15
   0.529134E+14   0.215696E+15  -0.103484E+15   0.748199E+15   0.690792E+15   0.116179E+16
   0.636556E+14   0.147725E+15  -0.108046E+15   0.690792E+15   0.828385E+15   0.123127E+16
   0.547370E+14   0.261201E+15  -0.163747E+15   0.116179E+16   0.123127E+16   0.208882E+16
 trial position no.            4
 
 
 
 
 
 
 
 
 
 
 
 
  Covariance matrix; NOT corrected for  scaling
   0.672521E+14  -0.372907E+14   0.326825E+14   0.498163E+14   0.654508E+14   0.369318E+14
  -0.372907E+14   0.730794E+15   0.344399E+15   0.100130E+15   0.327917E+14   0.576939E+14
   0.326825E+14   0.344398E+15   0.852844E+15  -0.163333E+14  -0.188976E+14  -0.175035E+14
   0.498163E+14   0.100130E+15  -0.163332E+14   0.477947E+15   0.413228E+15   0.611720E+15
   0.654508E+14   0.327918E+14  -0.188975E+14   0.413228E+15   0.566532E+15   0.673213E+15
   0.369319E+14   0.576940E+14  -0.175033E+14   0.611720E+15   0.673213E+15   0.105289E+16
 trial position no.            5
 
 
 
 
 
 
 
 
 
 
 
 
  Covariance matrix; NOT corrected for  scaling
   0.732302E+14  -0.389201E+14   0.256551E+14   0.476624E+14   0.682876E+14   0.203675E+14
  -0.389201E+14   0.589145E+15   0.282423E+15   0.617751E+14  -0.432134E+13  -0.237274E+13
   0.256550E+14   0.282422E+15   0.628061E+15   0.176211E+13  -0.126470E+13   0.647424E+13
   0.476624E+14   0.617751E+14   0.176213E+13   0.356558E+15   0.281083E+15   0.358197E+15
   0.682876E+14  -0.432137E+13  -0.126471E+13   0.281083E+15   0.445605E+15   0.404243E+15
   0.203676E+14  -0.237277E+13   0.647424E+13   0.358197E+15   0.404243E+15   0.618457E+15
 trial position no.            6
 
 
 
 
 
 
 
 
 
 
 
 
  Covariance matrix; NOT corrected for  scaling
   0.792713E+14  -0.383164E+14   0.209771E+14   0.413340E+14   0.670977E+14  -0.216997E+13
  -0.383164E+14   0.431888E+15   0.215266E+15   0.436087E+14  -0.182572E+14  -0.204856E+14
   0.209771E+14   0.215266E+15   0.443423E+15   0.600289E+13   0.292230E+13   0.844959E+13
   0.413340E+14   0.436087E+14   0.600289E+13   0.271322E+15   0.182001E+15   0.184866E+15
   0.670977E+14  -0.182573E+14   0.292230E+13   0.182001E+15   0.354338E+15   0.209709E+15
  -0.216996E+13  -0.204856E+14   0.844959E+13   0.184866E+15   0.209709E+15   0.365465E+15
 trial position no.            3
 
 
 
 
 
 
 
 
 
 
 
 
  Covariance matrix; NOT corrected for  scaling
   0.663937E+14  -0.507173E+14   0.342070E+14   0.504689E+14   0.645883E+14   0.520466E+14
  -0.507173E+14   0.964135E+15   0.481103E+15   0.181300E+15   0.141396E+15   0.245015E+15
   0.342070E+14   0.481103E+15   0.143638E+16  -0.182147E+15  -0.195603E+15  -0.264363E+15
   0.504689E+14   0.181300E+15  -0.182147E+15   0.737103E+15   0.705312E+15   0.116399E+16
   0.645883E+14   0.141396E+15  -0.195603E+15   0.705312E+15   0.868364E+15   0.125022E+16
   0.520466E+14   0.245015E+15  -0.264363E+15   0.116399E+16   0.125022E+16   0.209700E+16
 trial position no.            4
 
 
 
 
 
 
 
 
 
 
 
 
  Covariance matrix; NOT corrected for  scaling
   0.740064E+14  -0.508675E+14   0.317658E+14   0.497243E+14   0.670150E+14   0.348975E+14
  -0.508675E+14   0.661421E+15   0.300187E+15   0.766364E+14   0.421361E+14   0.657333E+14
   0.317658E+14   0.300187E+15   0.920734E+15  -0.613476E+14  -0.610001E+14  -0.459831E+14
   0.497243E+14   0.766364E+14  -0.613474E+14   0.465053E+15   0.417080E+15   0.608088E+15
   0.670149E+14   0.421362E+14  -0.610000E+14   0.417080E+15   0.583877E+15   0.665556E+15
   0.348974E+14   0.657335E+14  -0.459828E+14   0.608088E+15   0.665556E+15   0.104719E+16
 trial position no.            5
 
 
 
 
 
 
 
 
 
 
 
 
  Covariance matrix; NOT corrected for  scaling
   0.814033E+14  -0.501411E+14   0.270646E+14   0.488576E+14   0.699730E+14   0.174292E+14
  -0.501411E+14   0.502885E+15   0.231187E+15   0.338339E+14   0.406648E+13   0.499717E+13
   0.270646E+14   0.231187E+15   0.684303E+15  -0.348348E+14  -0.290201E+14   0.104677E+13
   0.488576E+14   0.338340E+14  -0.348347E+14   0.341321E+15   0.283031E+15   0.354026E+15
   0.699730E+14   0.406651E+13  -0.290200E+14   0.283031E+15   0.458863E+15   0.391003E+15
   0.174293E+14   0.499720E+13   0.104687E+13   0.354026E+15   0.391003E+15   0.617815E+15
 trial position no.            6
 
 
 
 
 
 
 
 
 
 
 
 
  Covariance matrix; NOT corrected for  scaling
   0.887458E+14  -0.473609E+14   0.240850E+14   0.425922E+14   0.675825E+14  -0.718309E+13
  -0.473608E+14   0.356017E+15   0.170333E+15   0.181336E+14  -0.762098E+13  -0.887574E+13
   0.240851E+14   0.170333E+15   0.481846E+15  -0.216371E+14  -0.126081E+14   0.184735E+14
   0.425922E+14   0.181336E+14  -0.216371E+14   0.254561E+15   0.183046E+15   0.183081E+15
   0.675825E+14  -0.762103E+13  -0.126081E+14   0.183046E+15   0.364117E+15   0.194153E+15
  -0.718307E+13  -0.887576E+13   0.184735E+14   0.183081E+15   0.194153E+15   0.374721E+15
 trial position no.            3
 
 
 
 
 
 
 
 
 
 
 
 
  Covariance matrix; NOT corrected for  scaling
   0.475775E+14  -0.368630E+14   0.251285E+14   0.343578E+14   0.481451E+14   0.328938E+14
  -0.368630E+14   0.760850E+15   0.412141E+15   0.169105E+15   0.136627E+15   0.231379E+15
   0.251285E+14   0.412141E+15   0.113250E+16  -0.144566E+15  -0.181013E+15  -0.221762E+15
   0.343578E+14   0.169105E+15  -0.144567E+15   0.556871E+15   0.530987E+15   0.885374E+15
   0.481451E+14   0.136627E+15  -0.181014E+15   0.530987E+15   0.680201E+15   0.938711E+15
   0.328938E+14   0.231379E+15  -0.221762E+15   0.885374E+15   0.938711E+15   0.158913E+16
 trial position no.            4
 
 
 
 
 
 
 
 
 
 
 
 
  Covariance matrix; NOT corrected for  scaling
   0.517684E+14  -0.338924E+14   0.278713E+14   0.336400E+14   0.475145E+14   0.204993E+14
  -0.338924E+14   0.494914E+15   0.261349E+15   0.717667E+14   0.475866E+14   0.657296E+14
   0.278713E+14   0.261349E+15   0.787514E+15  -0.516282E+14  -0.681113E+14  -0.402751E+14
   0.336400E+14   0.717668E+14  -0.516282E+14   0.347156E+15   0.301804E+15   0.461949E+15
   0.475145E+14   0.475867E+14  -0.681113E+14   0.301804E+15   0.449824E+15   0.483873E+15
   0.204993E+14   0.657296E+14  -0.402751E+14   0.461949E+15   0.483873E+15   0.797971E+15
 trial position no.            5
 
 
 
 
 
 
 
 
 
 
 
 
  Covariance matrix; NOT corrected for  scaling
   0.557551E+14  -0.311035E+14   0.259540E+14   0.335819E+14   0.485746E+14   0.898639E+13
  -0.311035E+14   0.364865E+15   0.205147E+15   0.330985E+14   0.155776E+14   0.996543E+13
   0.259540E+14   0.205147E+15   0.626447E+15  -0.313891E+14  -0.391061E+14   0.502564E+13
   0.335819E+14   0.330985E+14  -0.313892E+14   0.252087E+15   0.198454E+15   0.268455E+15
   0.485746E+14   0.155776E+14  -0.391061E+14   0.198454E+15   0.357060E+15   0.275825E+15
   0.898643E+13   0.996541E+13   0.502561E+13   0.268455E+15   0.275825E+15   0.473693E+15
 trial position no.            6
 
 
 
 
 
 
 
 
 
 
 
 
  Covariance matrix; NOT corrected for  scaling
   0.597337E+14  -0.283138E+14   0.243994E+14   0.293103E+14   0.453928E+14  -0.765241E+13
  -0.283138E+14   0.255614E+15   0.154662E+15   0.183383E+14   0.442190E+13  -0.472007E+13
   0.243995E+14   0.154662E+15   0.459374E+15  -0.196033E+14  -0.205875E+14   0.243440E+14
   0.293103E+14   0.183382E+14  -0.196034E+14   0.188477E+15   0.123418E+15   0.143202E+15
   0.453928E+14   0.442188E+13  -0.205876E+14   0.123418E+15   0.287946E+15   0.130861E+15
  -0.765240E+13  -0.472013E+13   0.243440E+14   0.143202E+15   0.130861E+15   0.296483E+15
 trial position no.            3
 
 
 
 
 
 
 
 
 
 
 
 
  Covariance matrix; NOT corrected for  scaling
   0.301423E+14  -0.390173E+14   0.805752E+13  -0.403905E+13  -0.222625E+14  -0.509487E+13
  -0.390173E+14   0.503995E+15   0.461054E+14   0.244200E+14   0.112496E+15   0.780164E+14
   0.805752E+13   0.461054E+14   0.849267E+15  -0.885997E+14  -0.984410E+14  -0.111689E+15
  -0.403904E+13   0.244199E+14  -0.885997E+14   0.345151E+15   0.353068E+15   0.574905E+15
  -0.222625E+14   0.112496E+15  -0.984411E+14   0.353068E+15   0.527798E+15   0.662153E+15
  -0.509487E+13   0.780164E+14  -0.111689E+15   0.574905E+15   0.662153E+15   0.107132E+16
 trial position no.            4
 
 
 
 
 
 
 
 
 
 
 
 
  Covariance matrix; NOT corrected for  scaling
   0.322649E+14  -0.307383E+14   0.126069E+14  -0.199990E+13  -0.215895E+14  -0.317490E+12
  -0.307383E+14   0.294068E+15  -0.526849E+14   0.181903E+14   0.927994E+14   0.494418E+14
   0.126069E+14  -0.526848E+14   0.645370E+15  -0.409555E+14  -0.546457E+14  -0.229405E+14
  -0.199991E+13   0.181903E+14  -0.409555E+14   0.221250E+15   0.208783E+15   0.306452E+15
  -0.215895E+14   0.927995E+14  -0.546457E+14   0.208783E+15   0.378166E+15   0.350437E+15
  -0.317502E+12   0.494418E+14  -0.229405E+14   0.306452E+15   0.350437E+15   0.536226E+15
 trial position no.            5
 
 
 
 
 
 
 
 
 
 
 
 
  Covariance matrix; NOT corrected for  scaling
   0.347285E+14  -0.278234E+14   0.159413E+14  -0.179070E+13  -0.237645E+14   0.150053E+13
  -0.278234E+14   0.205338E+15  -0.730981E+14   0.227717E+13   0.691163E+14   0.158788E+14
   0.159413E+14  -0.730981E+14   0.538737E+15  -0.315883E+14  -0.479144E+14  -0.761796E+12
  -0.179071E+13   0.227718E+13  -0.315883E+14   0.163757E+15   0.142456E+15   0.188596E+15
  -0.237645E+14   0.691163E+14  -0.479144E+14   0.142456E+15   0.321170E+15   0.211029E+15
   0.150053E+13   0.158788E+14  -0.761791E+12   0.188596E+15   0.211029E+15   0.333468E+15
 trial position no.            6
 
 
 
 
 
 
 
 
 
 
 
 
  Covariance matrix; NOT corrected for  scaling
   0.376196E+14  -0.254611E+14   0.157224E+14  -0.179420E+13  -0.266032E+14   0.370629E+13
  -0.254611E+14   0.140766E+15  -0.618071E+14  -0.205084E+13   0.594415E+14   0.287495E+13
   0.157224E+14  -0.618071E+14   0.397575E+15  -0.208885E+14  -0.346007E+14   0.171441E+14
  -0.179420E+13  -0.205084E+13  -0.208885E+14   0.118385E+15   0.867609E+14   0.103655E+15
  -0.266032E+14   0.594415E+14  -0.346007E+14   0.867609E+14   0.274346E+15   0.101131E+15
   0.370628E+13   0.287495E+13   0.171441E+14   0.103655E+15   0.101131E+15   0.210011E+15
 trial position no.            3
 
 
 
 
 
 
 
 
 
 
 
 
  Covariance matrix; NOT corrected for  scaling
   0.950668E+14  -0.352068E+14   0.274829E+14   0.246848E+14   0.533731E+14   0.477484E+14
  -0.352068E+14   0.171286E+16   0.298525E+15   0.489569E+14   0.432283E+14   0.698921E+14
   0.274829E+14   0.298525E+15   0.211770E+16  -0.365511E+14  -0.134319E+14  -0.338781E+14
   0.246849E+14   0.489569E+14  -0.365512E+14   0.132455E+16   0.123042E+16   0.208240E+16
   0.533731E+14   0.432283E+14  -0.134319E+14   0.123042E+16   0.140637E+16   0.216192E+16
   0.477484E+14   0.698921E+14  -0.338782E+14   0.208240E+16   0.216192E+16   0.365989E+16
 trial position no.            4
 
 
 
 
 
 
 
 
 
 
 
 
  Covariance matrix; NOT corrected for  scaling
   0.109708E+15  -0.295056E+14   0.205278E+14   0.193003E+14   0.579190E+14   0.344460E+14
  -0.295056E+14   0.113305E+16   0.174519E+15   0.441539E+13  -0.243158E+13  -0.185354E+12
   0.205278E+14   0.174519E+15   0.122724E+16   0.187725E+14   0.361521E+14   0.418285E+14
   0.193003E+14   0.441539E+13   0.187725E+14   0.869483E+15   0.759183E+15   0.111039E+16
   0.579190E+14  -0.243158E+13   0.361521E+14   0.759183E+15   0.942865E+15   0.117017E+16
   0.344461E+14  -0.185355E+12   0.418285E+14   0.111039E+16   0.117017E+16   0.177627E+16
 trial position no.            5
 
 
 
 
 
 
 
 
 
 
 
 
  Covariance matrix; NOT corrected for  scaling
   0.125321E+15  -0.276092E+14   0.167785E+14   0.135081E+14   0.631214E+14   0.222815E+14
  -0.276092E+14   0.840745E+15   0.127868E+15  -0.102093E+14  -0.183971E+14  -0.167976E+14
   0.167785E+14   0.127868E+15   0.845576E+15   0.210583E+14   0.359579E+14   0.359931E+14
   0.135081E+14  -0.102093E+14   0.210583E+14   0.651502E+15   0.527804E+15   0.663775E+15
   0.631214E+14  -0.183971E+14   0.359579E+14   0.527804E+15   0.722720E+15   0.709949E+15
   0.222815E+14  -0.167976E+14   0.359931E+14   0.663775E+15   0.709949E+15   0.102446E+16
 trial position no.            6
 
 
 
 
 
 
 
 
 
 
 
 
  Covariance matrix; NOT corrected for  scaling
   0.141526E+15  -0.256368E+14   0.138985E+14   0.563232E+13   0.667291E+14   0.664937E+13
  -0.256368E+14   0.584925E+15   0.907114E+14  -0.944912E+13  -0.183356E+14  -0.118658E+14
   0.138985E+14   0.907114E+14   0.569270E+15   0.156974E+14   0.286670E+14   0.219363E+14
   0.563231E+13  -0.944912E+13   0.156974E+14   0.485980E+15   0.347000E+15   0.342081E+15
   0.667291E+14  -0.183356E+14   0.286670E+14   0.347000E+15   0.552010E+15   0.371092E+15
   0.664937E+13  -0.118658E+14   0.219363E+14   0.342081E+15   0.371092E+15   0.567293E+15
 trial position no.            3
 
 
 
 
 
 
 
 
 
 
 
 
  Covariance matrix; NOT corrected for  scaling
   0.451789E+14  -0.363330E+13  -0.398225E+13  -0.829580E+13   0.761180E+13  -0.114720E+14
  -0.363330E+13   0.133654E+16  -0.255783E+14   0.500795E+14   0.702349E+14   0.856629E+14
  -0.398225E+13  -0.255783E+14   0.146821E+16   0.277878E+14   0.399683E+14   0.499943E+14
  -0.829581E+13   0.500794E+14   0.277878E+14   0.873568E+15   0.776048E+15   0.139246E+16
   0.761179E+13   0.702349E+14   0.399683E+14   0.776048E+15   0.973689E+15   0.139560E+16
  -0.114720E+14   0.856628E+14   0.499943E+14   0.139246E+16   0.139560E+16   0.243358E+16
 trial position no.            4
 
 
 
 
 
 
 
 
 
 
 
 
  Covariance matrix; NOT corrected for  scaling
   0.485304E+14  -0.308901E+13  -0.648336E+13  -0.848793E+13   0.102877E+14  -0.984272E+13
  -0.308901E+13   0.685859E+15   0.277165E+14   0.399686E+14   0.546989E+14   0.568371E+14
  -0.648335E+13   0.277165E+14   0.105589E+16   0.303691E+14   0.430928E+14   0.446989E+14
  -0.848793E+13   0.399686E+14   0.303691E+14   0.576449E+15   0.458252E+15   0.752495E+15
   0.102877E+14   0.546989E+14   0.430928E+14   0.458252E+15   0.672716E+15   0.736555E+15
  -0.984272E+13   0.568371E+14   0.446989E+14   0.752495E+15   0.736556E+15   0.118638E+16
 trial position no.            5
 
 
 
 
 
 
 
 
 
 
 
 
  Covariance matrix; NOT corrected for  scaling
   0.518220E+14  -0.314034E+13  -0.792680E+13  -0.942348E+13   0.122764E+14  -0.950411E+13
  -0.314034E+13   0.447217E+15   0.375954E+14   0.226089E+14   0.347357E+14   0.261582E+14
  -0.792680E+13   0.375954E+14   0.838429E+15   0.223531E+14   0.362473E+14   0.273983E+14
  -0.942348E+13   0.226089E+14   0.223531E+14   0.436590E+15   0.303030E+15   0.464870E+15
   0.122764E+14   0.347357E+14   0.362473E+14   0.303030E+15   0.540123E+15   0.439283E+15
  -0.950411E+13   0.261582E+14   0.273983E+14   0.464870E+15   0.439283E+15   0.700195E+15
 trial position no.            6
 
 
 
 
 
 
 
 
 
 
 
 
  Covariance matrix; NOT corrected for  scaling
   0.551983E+14  -0.300753E+13  -0.835233E+13  -0.104603E+14   0.142991E+14  -0.914958E+13
  -0.300753E+13   0.293969E+15   0.318961E+14   0.143766E+14   0.247577E+14   0.114796E+14
  -0.835233E+13   0.318961E+14   0.609018E+15   0.154793E+14   0.296687E+14   0.137352E+14
  -0.104603E+14   0.143766E+14   0.154793E+14   0.330140E+15   0.179961E+15   0.256996E+15
   0.142991E+14   0.247577E+14   0.296687E+14   0.179961E+15   0.438174E+15   0.218591E+15
  -0.914958E+13   0.114796E+14   0.137352E+14   0.256996E+15   0.218591E+15   0.399337E+15
 trial position no.            3
 
 
 
 
 
 
 
 
 
 
 
 
  Covariance matrix; NOT corrected for  scaling
   0.899295E+14  -0.479074E+14   0.154153E+14   0.177087E+14   0.386656E+14  -0.959736E+13
  -0.479074E+14   0.127303E+16   0.178348E+15   0.555291E+14   0.571310E+14   0.111866E+15
   0.154153E+14   0.178348E+15   0.162022E+16  -0.722527E+14  -0.567286E+14  -0.946929E+14
   0.177087E+14   0.555292E+14  -0.722527E+14   0.908000E+15   0.848881E+15   0.144348E+16
   0.386656E+14   0.571310E+14  -0.567286E+14   0.848881E+15   0.100611E+16   0.149190E+16
  -0.959736E+13   0.111866E+15  -0.946929E+14   0.144348E+16   0.149190E+16   0.257512E+16
 trial position no.            4
 
 
 
 
 
 
 
 
 
 
 
 
  Covariance matrix; NOT corrected for  scaling
   0.999154E+14  -0.376039E+14   0.679318E+13   0.180288E+14   0.425545E+14  -0.167796E+14
  -0.376039E+14   0.813140E+15   0.212097E+15   0.125386E+14   0.163023E+14   0.381156E+14
   0.679318E+13   0.212097E+15   0.108221E+16  -0.104216E+14   0.383455E+13   0.767572E+13
   0.180288E+14   0.125386E+14  -0.104216E+14   0.595132E+15   0.521201E+15   0.774090E+15
   0.425545E+14   0.163023E+14   0.383455E+13   0.521201E+15   0.680267E+15   0.798510E+15
  -0.167796E+14   0.381156E+14   0.767573E+13   0.774089E+15   0.798510E+15   0.127628E+16
 trial position no.            5
 
 
 
 
 
 
 
 
 
 
 
 
  Covariance matrix; NOT corrected for  scaling
   0.109687E+15  -0.339771E+14   0.250184E+13   0.174754E+14   0.458389E+14  -0.242783E+14
  -0.339771E+14   0.597580E+15   0.209621E+15  -0.792287E+13  -0.301158E+13   0.103706E+14
   0.250184E+13   0.209621E+15   0.821722E+15  -0.554443E+13   0.884646E+13   0.152856E+14
   0.174754E+14  -0.792286E+13  -0.554443E+13   0.445012E+15   0.362193E+15   0.468281E+15
   0.458389E+14  -0.301157E+13   0.884647E+13   0.362193E+15   0.528829E+15   0.479632E+15
  -0.242783E+14   0.103706E+14   0.152856E+14   0.468281E+15   0.479632E+15   0.764522E+15
 trial position no.            6
 
 
 
 
 
 
 
 
 
 
 
 
  Covariance matrix; NOT corrected for  scaling
   0.119446E+15  -0.306235E+14   0.630158E+12   0.149215E+14   0.472987E+14  -0.338545E+14
  -0.306235E+14   0.415690E+15   0.166913E+15  -0.974802E+13  -0.432084E+13   0.831200E+13
   0.630161E+12   0.166913E+15   0.583507E+15  -0.408198E+13   0.101039E+14   0.157588E+14
   0.149215E+14  -0.974802E+13  -0.408198E+13   0.329934E+15   0.237029E+15   0.247743E+15
   0.472987E+14  -0.432084E+13   0.101039E+14   0.237029E+15   0.410060E+15   0.243744E+15
  -0.338545E+14   0.831200E+13   0.157588E+14   0.247743E+15   0.243744E+15   0.452572E+15
 trial position no.            3
 
 
 
 
 
 
 
 
 
 
 
 
  Covariance matrix; NOT corrected for  scaling
   0.820279E+14  -0.110772E+14  -0.742363E+13  -0.161317E+14  -0.305609E+12   0.272898E+14
  -0.110772E+14   0.188327E+16   0.964271E+14  -0.418903E+14   0.387720E+14   0.158809E+14
  -0.742363E+13   0.964271E+14   0.247026E+16   0.417907E+14   0.690735E+14   0.788147E+14
  -0.161317E+14  -0.418903E+14   0.417907E+14   0.145500E+16   0.132659E+16   0.226314E+16
  -0.305611E+12   0.387720E+14   0.690735E+14   0.132659E+16   0.154051E+16   0.237933E+16
   0.272897E+14   0.158809E+14   0.788148E+14   0.226315E+16   0.237933E+16   0.403210E+16
 trial position no.            4
 
 
 
 
 
 
 
 
 
 
 
 
  Covariance matrix; NOT corrected for  scaling
   0.877966E+14  -0.117172E+14  -0.355934E+13  -0.183179E+14  -0.187379E+13   0.256577E+14
  -0.117172E+14   0.122814E+16  -0.168695E+15  -0.117448E+14   0.590489E+14   0.523129E+14
  -0.355934E+13  -0.168695E+15   0.136718E+16   0.470331E+14   0.622299E+14   0.632164E+14
  -0.183179E+14  -0.117448E+14   0.470331E+14   0.959595E+15   0.805348E+15   0.119220E+16
  -0.187379E+13   0.590489E+14   0.622299E+14   0.805349E+15   0.103059E+16   0.128622E+16
   0.256578E+14   0.523129E+14   0.632164E+14   0.119220E+16   0.128622E+16   0.194521E+16
 trial position no.            5
 
 
 
 
 
 
 
 
 
 
 
 
  Covariance matrix; NOT corrected for  scaling
   0.934941E+14  -0.141130E+14  -0.815040E+12  -0.212431E+14  -0.441699E+13   0.234744E+14
  -0.141130E+14   0.932231E+15  -0.213371E+15  -0.299605E+14   0.361212E+14   0.221852E+14
  -0.815040E+12  -0.213371E+15   0.945440E+15   0.333802E+14   0.452977E+14   0.340446E+14
  -0.212431E+14  -0.299605E+14   0.333802E+14   0.725322E+15   0.554577E+15   0.709609E+15
  -0.441701E+13   0.361212E+14   0.452977E+14   0.554577E+15   0.799959E+15   0.795304E+15
   0.234744E+14   0.221852E+14   0.340446E+14   0.709609E+15   0.795304E+15   0.113051E+16
 trial position no.            6
 
 
 
 
 
 
 
 
 
 
 
 
  Covariance matrix; NOT corrected for  scaling
   0.995123E+14  -0.149057E+14   0.212928E+12  -0.237611E+14  -0.630639E+13   0.228675E+14
  -0.149057E+14   0.660419E+15  -0.178037E+15  -0.279366E+14   0.323984E+14   0.185730E+14
   0.212929E+12  -0.178037E+15   0.643225E+15   0.218461E+14   0.329978E+14   0.137535E+14
  -0.237611E+14  -0.279366E+14   0.218461E+14   0.542146E+15   0.352883E+15   0.357857E+15
  -0.630638E+13   0.323983E+14   0.329978E+14   0.352883E+15   0.615963E+15   0.427847E+15
   0.228675E+14   0.185730E+14   0.137535E+14   0.357857E+15   0.427847E+15   0.625451E+15
 trial position no.            3
 
 
 
 
 
 
 
 
 
 
 
 
  Covariance matrix; NOT corrected for  scaling
   0.434977E+14  -0.420675E+14   0.569288E+13   0.318019E+13  -0.141456E+14  -0.125606E+14
  -0.420675E+14   0.958454E+15   0.105798E+15   0.625397E+14   0.132387E+15   0.161633E+15
   0.569287E+13   0.105798E+15   0.155369E+16  -0.170860E+15  -0.141177E+15  -0.209677E+15
   0.318020E+13   0.625396E+14  -0.170860E+15   0.806819E+15   0.775570E+15   0.128938E+16
  -0.141456E+14   0.132387E+15  -0.141177E+15   0.775570E+15   0.100812E+16   0.146893E+16
  -0.125605E+14   0.161633E+15  -0.209677E+15   0.128938E+16   0.146893E+16   0.239294E+16
 trial position no.            4
 
 
 
 
 
 
 
 
 
 
 
 
  Covariance matrix; NOT corrected for  scaling
   0.469014E+14  -0.364755E+14   0.329790E+13   0.669677E+13  -0.166185E+14  -0.111207E+14
  -0.364755E+14   0.636901E+15   0.235333E+14   0.342436E+14   0.108981E+15   0.101959E+15
   0.329790E+13   0.235333E+14   0.880015E+15  -0.631373E+14  -0.309509E+14  -0.288483E+14
   0.669677E+13   0.342436E+14  -0.631373E+14   0.522720E+15   0.456750E+15   0.667634E+15
  -0.166184E+14   0.108981E+15  -0.309509E+14   0.456750E+15   0.698629E+15   0.801889E+15
  -0.111207E+14   0.101959E+15  -0.288484E+14   0.667634E+15   0.801889E+15   0.116156E+16
 trial position no.            5
 
 
 
 
 
 
 
 
 
 
 
 
  Covariance matrix; NOT corrected for  scaling
   0.503661E+14  -0.342637E+14   0.249979E+13   0.862574E+13  -0.210287E+14  -0.115854E+14
  -0.342637E+14   0.469955E+15   0.872984E+13   0.553798E+12   0.786529E+14   0.477890E+14
   0.249979E+13   0.872984E+13   0.596484E+15  -0.414161E+14  -0.100951E+14   0.157972E+13
   0.862575E+13   0.553781E+12  -0.414161E+14   0.390792E+15   0.302016E+15   0.390660E+15
  -0.210287E+14   0.786529E+14  -0.100951E+14   0.302016E+15   0.568308E+15   0.501812E+15
  -0.115854E+14   0.477890E+14   0.157973E+13   0.390660E+15   0.501812E+15   0.682916E+15
 trial position no.            6
 
 
 
 
 
 
 
 
 
 
 
 
  Covariance matrix; NOT corrected for  scaling
   0.541011E+14  -0.316679E+14   0.191283E+13   0.100863E+14  -0.259247E+14  -0.109882E+14
  -0.316679E+14   0.326397E+15   0.530996E+13  -0.102516E+14   0.683780E+14   0.262834E+14
   0.191283E+13   0.530996E+13   0.396762E+15  -0.285069E+14   0.568051E+12   0.143787E+14
   0.100863E+14  -0.102516E+14  -0.285069E+14   0.291855E+15   0.177758E+15   0.195254E+15
  -0.259247E+14   0.683780E+14   0.568050E+12   0.177758E+15   0.466532E+15   0.273448E+15
  -0.109882E+14   0.262834E+14   0.143787E+14   0.195254E+15   0.273448E+15   0.388994E+15
 trial position no.            3
 
 
 
 
 
 
 
 
 
 
 
 
  Covariance matrix; NOT corrected for  scaling
   0.295712E+14  -0.260205E+14  -0.192996E+14  -0.222441E+14  -0.567965E+14  -0.349781E+14
  -0.260205E+14   0.459119E+15  -0.893626E+14  -0.588131E+13   0.105662E+15   0.485193E+14
  -0.192996E+14  -0.893626E+14   0.831209E+15  -0.228445E+13   0.601350E+13  -0.474384E+12
  -0.222441E+14  -0.588127E+13  -0.228444E+13   0.290902E+15   0.334376E+15   0.480199E+15
  -0.567965E+14   0.105662E+15   0.601353E+13   0.334376E+15   0.591155E+15   0.619353E+15
  -0.349780E+14   0.485193E+14  -0.474376E+12   0.480199E+15   0.619353E+15   0.885265E+15
 trial position no.            4
 
 
 
 
 
 
 
 
 
 
 
 
  Covariance matrix; NOT corrected for  scaling
   0.313746E+14  -0.207794E+14  -0.177757E+14  -0.155216E+14  -0.519420E+14  -0.166581E+14
  -0.207794E+14   0.264102E+15  -0.130565E+15   0.598751E+13   0.102279E+15   0.464893E+14
  -0.177757E+14  -0.130565E+15   0.721399E+15   0.540369E+13   0.508579E+13   0.593487E+13
  -0.155216E+14   0.598752E+13   0.540369E+13   0.178736E+15   0.193384E+15   0.241650E+15
  -0.519420E+14   0.102279E+15   0.508579E+13   0.193384E+15   0.439456E+15   0.311766E+15
  -0.166582E+14   0.464894E+14   0.593488E+13   0.241650E+15   0.311766E+15   0.417163E+15
 trial position no.            5
 
 
 
 
 
 
 
 
 
 
 
 
  Covariance matrix; NOT corrected for  scaling
   0.335966E+14  -0.179639E+14  -0.148655E+14  -0.129249E+14  -0.537415E+14  -0.711918E+13
  -0.179639E+14   0.188190E+15  -0.140260E+15  -0.507490E+13   0.806271E+14   0.193874E+14
  -0.148655E+14  -0.140260E+15   0.660841E+15   0.308263E+13  -0.236964E+13   0.163803E+13
  -0.129249E+14  -0.507488E+13   0.308261E+13   0.131858E+15   0.133666E+15   0.145985E+15
  -0.537415E+14   0.806272E+14  -0.236968E+13   0.133666E+15   0.393441E+15   0.179229E+15
  -0.711918E+13   0.193875E+14   0.163801E+13   0.145985E+15   0.179229E+15   0.256778E+15
 trial position no.            6
 
 
 
 
 
 
 
 
 
 
 
 
  Covariance matrix; NOT corrected for  scaling
   0.362934E+14  -0.171048E+14  -0.135033E+14  -0.959948E+13  -0.555213E+14   0.345837E+13
  -0.171048E+14   0.134357E+15  -0.118403E+15  -0.748014E+13   0.751880E+14   0.726225E+13
  -0.135032E+14  -0.118403E+15   0.526541E+15   0.373053E+13  -0.341686E+13   0.207212E+13
  -0.959947E+13  -0.748013E+13   0.373051E+13   0.933256E+14   0.782725E+14   0.771326E+14
  -0.555213E+14   0.751880E+14  -0.341684E+13   0.782725E+14   0.351801E+15   0.679562E+14
   0.345836E+13   0.726225E+13   0.207209E+13   0.771326E+14   0.679562E+14   0.164506E+15
 trial position no.            3
 
 
 
 
 
 
 
 
 
 
 
 
  Covariance matrix; NOT corrected for  scaling
   0.795013E+14  -0.879962E+13  -0.265629E+14  -0.310034E+14  -0.141785E+14  -0.200519E+14
  -0.879962E+13   0.163382E+16  -0.882097E+14  -0.105842E+15  -0.123832E+14  -0.522814E+14
  -0.265629E+14  -0.882097E+14   0.234766E+16   0.865459E+13   0.876456E+13   0.144694E+14
  -0.310034E+14  -0.105842E+15   0.865459E+13   0.122335E+16   0.115308E+16   0.190619E+16
  -0.141785E+14  -0.123833E+14   0.876456E+13   0.115308E+16   0.137814E+16   0.204306E+16
  -0.200518E+14  -0.522814E+14   0.144694E+14   0.190619E+16   0.204306E+16   0.337126E+16
 trial position no.            4
 
 
 
 
 
 
 
 
 
 
 
 
  Covariance matrix; NOT corrected for  scaling
   0.880552E+14  -0.911124E+13  -0.186660E+14  -0.289295E+14  -0.757633E+13  -0.751543E+13
  -0.911124E+13   0.100080E+16  -0.114920E+15  -0.422470E+14   0.416372E+14   0.376056E+14
  -0.186660E+14  -0.114920E+15   0.133932E+16   0.181185E+14   0.174924E+14   0.229950E+14
  -0.289295E+14  -0.422471E+14   0.181185E+14   0.791160E+15   0.691981E+15   0.983340E+15
  -0.757632E+13   0.416372E+14   0.174924E+14   0.691981E+15   0.918351E+15   0.107974E+16
  -0.751540E+13   0.376056E+14   0.229950E+14   0.983341E+15   0.107974E+16   0.159499E+16
 trial position no.            5
 
 
 
 
 
 
 
 
 
 
 
 
  Covariance matrix; NOT corrected for  scaling
   0.964580E+14  -0.976578E+13  -0.136127E+14  -0.301552E+14  -0.449002E+13  -0.167643E+13
  -0.976578E+13   0.718003E+15  -0.104976E+15  -0.526853E+14   0.242994E+14   0.185976E+14
  -0.136127E+14  -0.104976E+15   0.917189E+15   0.100556E+14   0.109039E+14   0.103040E+14
  -0.301553E+14  -0.526853E+14   0.100556E+14   0.592153E+15   0.475969E+15   0.579154E+15
  -0.449003E+13   0.242994E+14   0.109039E+14   0.475969E+15   0.715292E+15   0.656057E+15
  -0.167644E+13   0.185976E+14   0.103040E+14   0.579154E+15   0.656057E+15   0.929069E+15
 trial position no.            6
 
 
 
 
 
 
 
 
 
 
 
 
  Covariance matrix; NOT corrected for  scaling
   0.105205E+15  -0.990150E+13  -0.110633E+14  -0.315532E+14  -0.113924E+13   0.417744E+13
  -0.990150E+13   0.491568E+15  -0.799303E+14  -0.431302E+14   0.272934E+14   0.233449E+14
  -0.110633E+14  -0.799303E+14   0.616984E+15   0.686578E+13   0.850089E+13   0.499487E+13
  -0.315532E+14  -0.431303E+14   0.686578E+13   0.435559E+15   0.300969E+15   0.286928E+15
  -0.113924E+13   0.272934E+14   0.850089E+13   0.300969E+15   0.552079E+15   0.339557E+15
   0.417745E+13   0.233449E+14   0.499486E+13   0.286928E+15   0.339557E+15   0.527714E+15
 trial position no.            3
 
 
 
 
 
 
 
 
 
 
 
 
  Covariance matrix; NOT corrected for  scaling
   0.327577E+14  -0.108756E+14   0.168636E+14   0.421159E+14   0.193767E+14   0.255082E+14
  -0.108756E+14   0.672727E+15   0.305042E+15   0.200516E+15   0.123286E+15   0.207489E+15
   0.168636E+14   0.305042E+15   0.100124E+16  -0.177381E+15  -0.179298E+15  -0.257923E+15
   0.421159E+14   0.200516E+15  -0.177381E+15   0.647192E+15   0.550448E+15   0.923825E+15
   0.193768E+14   0.123285E+15  -0.179298E+15   0.550447E+15   0.671123E+15   0.101478E+16
   0.255083E+14   0.207489E+15  -0.257923E+15   0.923825E+15   0.101478E+16   0.167389E+16
 trial position no.            4
 
 
 
 
 
 
 
 
 
 
 
 
  Covariance matrix; NOT corrected for  scaling
   0.348203E+14  -0.145318E+14   0.110406E+14   0.407784E+14   0.153552E+14   0.134251E+14
  -0.145317E+14   0.527214E+15   0.189970E+15   0.124222E+15   0.471316E+14   0.590951E+14
   0.110406E+14   0.189970E+15   0.528158E+15  -0.472565E+14  -0.465400E+14  -0.427146E+14
   0.407783E+14   0.124222E+15  -0.472566E+14   0.408086E+15   0.298513E+15   0.443625E+15
   0.153552E+14   0.471315E+14  -0.465400E+14   0.298513E+15   0.441479E+15   0.542174E+15
   0.134251E+14   0.590950E+14  -0.427146E+14   0.443624E+15   0.542174E+15   0.803778E+15
 trial position no.            5
 
 
 
 
 
 
 
 
 
 
 
 
  Covariance matrix; NOT corrected for  scaling
   0.370239E+14  -0.154091E+14   0.762926E+13   0.417479E+14   0.132257E+14   0.493162E+13
  -0.154091E+14   0.451696E+15   0.152410E+15   0.989912E+14   0.207257E+14   0.445558E+13
   0.762928E+13   0.152410E+15   0.355125E+15  -0.171220E+14  -0.180113E+14  -0.367357E+13
   0.417479E+14   0.989912E+14  -0.171220E+14   0.319773E+15   0.185216E+15   0.238390E+15
   0.132257E+14   0.207258E+14  -0.180113E+14   0.185216E+15   0.335637E+15   0.324129E+15
   0.493163E+13   0.445563E+13  -0.367356E+13   0.238390E+15   0.324129E+15   0.454432E+15
 trial position no.            6
 
 
 
 
 
 
 
 
 
 
 
 
  Covariance matrix; NOT corrected for  scaling
   0.392150E+14  -0.155688E+14   0.603465E+13   0.406527E+14   0.958639E+13  -0.531867E+13
  -0.155688E+14   0.340398E+15   0.117330E+15   0.782252E+14   0.635669E+13  -0.230006E+14
   0.603466E+13   0.117330E+15   0.239763E+15  -0.535784E+13  -0.969019E+13   0.472225E+13
   0.406527E+14   0.782251E+14  -0.535787E+13   0.262038E+15   0.104895E+15   0.102988E+15
   0.958640E+13   0.635668E+13  -0.969020E+13   0.104894E+15   0.263377E+15   0.176839E+15
  -0.531869E+13  -0.230006E+14   0.472225E+13   0.102988E+15   0.176839E+15   0.260404E+15
 trial position no.            3
 
 
 
 
 
 
 
 
 
 
 
 
  Covariance matrix; NOT corrected for  scaling
   0.625331E+14  -0.252451E+14   0.251274E+14   0.165149E+14   0.252676E+14   0.352232E+14
  -0.252451E+14   0.201327E+16   0.317994E+15   0.340464E+15   0.274407E+15   0.443012E+15
   0.251274E+14   0.317994E+15   0.226358E+16  -0.713632E+14  -0.469228E+14  -0.879743E+14
   0.165149E+14   0.340464E+15  -0.713633E+14   0.157427E+16   0.138515E+16   0.244489E+16
   0.252676E+14   0.274407E+15  -0.469228E+14   0.138515E+16   0.163008E+16   0.249893E+16
   0.352232E+14   0.443012E+15  -0.879744E+14   0.244489E+16   0.249893E+16   0.428188E+16
 trial position no.            4
 
 
 
 
 
 
 
 
 
 
 
 
  Covariance matrix; NOT corrected for  scaling
   0.662830E+14  -0.206844E+14   0.174406E+14   0.118823E+14   0.234713E+14   0.244282E+14
  -0.206844E+14   0.126741E+16   0.109498E+15   0.208417E+15   0.147386E+15   0.193211E+15
   0.174406E+14   0.109498E+15   0.134040E+16  -0.195881E+14   0.942238E+13   0.274339E+13
   0.118823E+14   0.208417E+15  -0.195881E+14   0.104900E+16   0.820924E+15   0.130311E+16
   0.234713E+14   0.147386E+15   0.942238E+13   0.820924E+15   0.110578E+16   0.134994E+16
   0.244282E+14   0.193211E+15   0.274339E+13   0.130311E+16   0.134994E+16   0.206986E+16
 trial position no.            5
 
 
 
 
 
 
 
 
 
 
 
 
  Covariance matrix; NOT corrected for  scaling
   0.701382E+14  -0.186818E+14   0.135236E+14   0.767481E+13   0.225471E+14   0.164237E+14
  -0.186818E+14   0.915231E+15   0.506997E+14   0.153785E+15   0.923808E+14   0.928903E+14
   0.135236E+14   0.506997E+14   0.935766E+15  -0.136430E+14   0.172542E+14   0.123946E+14
   0.767481E+13   0.153785E+15  -0.136430E+14   0.810878E+15   0.540203E+15   0.783989E+15
   0.225471E+14   0.923808E+14   0.172542E+14   0.540203E+15   0.868637E+15   0.823610E+15
   0.164237E+14   0.928903E+14   0.123946E+14   0.783989E+15   0.823610E+15   0.118554E+16
 trial position no.            6
 
 
 
 
 
 
 
 
 
 
 
 
  Covariance matrix; NOT corrected for  scaling
   0.741954E+14  -0.169437E+14   0.110514E+14   0.307517E+13   0.215728E+14   0.862951E+13
  -0.169437E+14   0.629715E+15   0.284397E+14   0.114959E+15   0.538873E+14   0.295095E+14
   0.110514E+14   0.284397E+14   0.633591E+15  -0.123294E+14   0.188434E+14   0.123178E+14
   0.307517E+13   0.114959E+15  -0.123294E+14   0.636968E+15   0.319048E+15   0.411355E+15
   0.215728E+14   0.538873E+14   0.188434E+14   0.319048E+15   0.690423E+15   0.438572E+15
   0.862951E+13   0.295095E+14   0.123178E+14   0.411355E+15   0.438572E+15   0.642747E+15
 trial position no.            3
 
 
 
 
 
 
 
 
 
 
 
 
  Covariance matrix; NOT corrected for  scaling
   0.936083E+14  -0.145869E+14   0.436671E+14   0.109084E+15   0.121967E+15   0.820842E+14
  -0.145869E+14   0.723684E+15   0.444206E+15   0.201088E+15   0.142475E+15   0.241322E+15
   0.436671E+14   0.444206E+15   0.103141E+16  -0.916226E+14  -0.136139E+15  -0.185634E+15
   0.109084E+15   0.201088E+15  -0.916227E+14   0.603365E+15   0.581408E+15   0.842619E+15
   0.121967E+15   0.142475E+15  -0.136140E+15   0.581408E+15   0.681321E+15   0.881085E+15
   0.820843E+14   0.241322E+15  -0.185634E+15   0.842620E+15   0.881085E+15   0.140178E+16
 trial position no.            4
 
 
 
 
 
 
 
 
 
 
 
 
  Covariance matrix; NOT corrected for  scaling
   0.100138E+15  -0.282021E+14   0.441251E+14   0.926634E+14   0.105705E+15   0.306168E+14
  -0.282021E+14   0.553968E+15   0.363572E+15   0.830946E+14   0.269709E+14   0.518163E+14
   0.441251E+14   0.363572E+15   0.751321E+15  -0.485665E+13  -0.399299E+14  -0.387413E+14
   0.926634E+14   0.830947E+14  -0.485659E+13   0.359519E+15   0.326976E+15   0.394404E+15
   0.105705E+15   0.269710E+14  -0.399298E+14   0.326976E+15   0.427660E+15   0.417118E+15
   0.306168E+14   0.518163E+14  -0.387412E+14   0.394404E+15   0.417118E+15   0.658833E+15
 trial position no.            5
 
 
 
 
 
 
 
 
 
 
 
 
  Covariance matrix; NOT corrected for  scaling
   0.112863E+15  -0.294147E+14   0.399549E+14   0.991241E+14   0.114063E+15   0.380802E+13
  -0.294147E+14   0.482458E+15   0.348235E+15   0.501494E+14  -0.347312E+13   0.125704E+12
   0.399548E+14   0.348235E+15   0.641376E+15   0.177667E+14  -0.155517E+14  -0.650926E+13
   0.991241E+14   0.501494E+14   0.177668E+14   0.279734E+15   0.242202E+15   0.209847E+15
   0.114063E+15  -0.347306E+13  -0.155516E+14   0.242202E+15   0.348657E+15   0.221706E+15
   0.380802E+13   0.125718E+12  -0.650919E+13   0.209847E+15   0.221706E+15   0.381880E+15
 trial position no.            6
 
 
 
 
 
 
 
 
 
 
 
 
  Covariance matrix; NOT corrected for  scaling
   0.123355E+15  -0.320309E+14   0.373417E+14   0.936091E+14   0.110116E+15  -0.368596E+14
  -0.320309E+14   0.385200E+15   0.300482E+15   0.329259E+14  -0.185829E+14  -0.145848E+14
   0.373418E+14   0.300482E+15   0.513541E+15   0.248546E+14  -0.751868E+13  -0.321497E+13
   0.936091E+14   0.329259E+14   0.248545E+14   0.216427E+15   0.170987E+15   0.823653E+14
   0.110116E+15  -0.185829E+14  -0.751872E+13   0.170987E+15   0.279999E+15   0.798173E+14
  -0.368595E+14  -0.145849E+14  -0.321498E+13   0.823653E+14   0.798174E+14   0.250456E+15
 trial position no.            3
 
 
 
 
 
 
 
 
 
 
 
 
  Covariance matrix; NOT corrected for  scaling
   0.466465E+14  -0.361193E+13  -0.201231E+14  -0.213079E+14  -0.972019E+13  -0.104858E+14
  -0.361193E+13   0.112104E+16  -0.909213E+14  -0.720042E+14   0.197695E+14  -0.428069E+13
  -0.201231E+14  -0.909212E+14   0.173124E+16   0.273841E+14   0.375006E+14   0.491354E+14
  -0.213079E+14  -0.720042E+14   0.273841E+14   0.833696E+15   0.775479E+15   0.129418E+16
  -0.972020E+13   0.197694E+14   0.375006E+14   0.775479E+15   0.975837E+15   0.143805E+16
  -0.104858E+14  -0.428071E+13   0.491354E+14   0.129418E+16   0.143805E+16   0.236033E+16
 trial position no.            4
 
 
 
 
 
 
 
 
 
 
 
 
  Covariance matrix; NOT corrected for  scaling
   0.498581E+14  -0.494073E+13  -0.127667E+14  -0.195931E+14  -0.583148E+13  -0.255266E+13
  -0.494074E+13   0.720236E+15  -0.119346E+15  -0.315642E+14   0.584236E+14   0.529040E+14
  -0.127667E+14  -0.119346E+15   0.942290E+15   0.201023E+14   0.231768E+14   0.238974E+14
  -0.195931E+14  -0.315642E+14   0.201023E+14   0.544868E+15   0.457644E+15   0.665233E+15
  -0.583147E+13   0.584236E+14   0.231768E+14   0.457644E+15   0.666825E+15   0.776490E+15
  -0.255264E+13   0.529040E+14   0.238974E+14   0.665233E+15   0.776490E+15   0.113364E+16
 trial position no.            5
 
 
 
 
 
 
 
 
 
 
 
 
  Covariance matrix; NOT corrected for  scaling
   0.529928E+14  -0.603591E+13  -0.836481E+13  -0.198610E+14  -0.427881E+13   0.102871E+13
  -0.603590E+13   0.532458E+15  -0.108832E+15  -0.441152E+14   0.439442E+14   0.314161E+14
  -0.836481E+13  -0.108832E+15   0.631345E+15   0.111337E+14   0.134981E+14   0.836737E+13
  -0.198610E+14  -0.441152E+14   0.111337E+14   0.412617E+15   0.306662E+15   0.389669E+15
  -0.427881E+13   0.439442E+14   0.134981E+14   0.306662E+15   0.535817E+15   0.485831E+15
   0.102871E+13   0.314161E+14   0.836737E+13   0.389669E+15   0.485831E+15   0.670633E+15
 trial position no.            6
 
 
 
 
 
 
 
 
 
 
 
 
  Covariance matrix; NOT corrected for  scaling
   0.564095E+14  -0.640421E+13  -0.611896E+13  -0.202374E+14  -0.249867E+13   0.464951E+13
  -0.640421E+13   0.370826E+15  -0.821949E+14  -0.393959E+14   0.448720E+14   0.295015E+14
  -0.611896E+13  -0.821949E+14   0.420785E+15   0.679649E+13   0.953245E+13   0.198646E+13
  -0.202374E+14  -0.393959E+14   0.679649E+13   0.308789E+15   0.182054E+15   0.190386E+15
  -0.249867E+13   0.448720E+14   0.953245E+13   0.182054E+15   0.429701E+15   0.263912E+15
   0.464951E+13   0.295015E+14   0.198646E+13   0.190386E+15   0.263912E+15   0.385079E+15
 trial position no.            3
 
 
 
 
 
 
 
 
 
 
 
 
  Covariance matrix; NOT corrected for  scaling
   0.724433E+14  -0.482355E+14   0.121990E+13  -0.434824E+13  -0.487423E+13  -0.379442E+14
  -0.482355E+14   0.107415E+16   0.234611E+14   0.685574E+14   0.109350E+15   0.160394E+15
   0.121989E+13   0.234611E+14   0.147429E+16  -0.144602E+15  -0.147024E+15  -0.204433E+15
  -0.434820E+13   0.685574E+14  -0.144602E+15   0.759996E+15   0.726759E+15   0.120974E+16
  -0.487422E+13   0.109350E+15  -0.147024E+15   0.726759E+15   0.873098E+15   0.128011E+16
  -0.379442E+14   0.160394E+15  -0.204433E+15   0.120974E+16   0.128011E+16   0.216049E+16
 trial position no.            4
 
 
 
 
 
 
 
 
 
 
 
 
  Covariance matrix; NOT corrected for  scaling
   0.819542E+14  -0.403729E+14  -0.456261E+13   0.723518E+12  -0.146751E+13  -0.323659E+14
  -0.403729E+14   0.648477E+15   0.798540E+14   0.346607E+14   0.738702E+14   0.897088E+14
  -0.456260E+13   0.798540E+14   0.952227E+15  -0.674899E+14  -0.587602E+14  -0.554535E+14
   0.723501E+12   0.346608E+14  -0.674898E+14   0.489770E+15   0.439166E+15   0.633253E+15
  -0.146752E+13   0.738702E+14  -0.587602E+14   0.439166E+15   0.580769E+15   0.673544E+15
  -0.323659E+14   0.897088E+14  -0.554536E+14   0.633253E+15   0.673544E+15   0.104635E+16
 trial position no.            5
 
 
 
 
 
 
 
 
 
 
 
 
  Covariance matrix; NOT corrected for  scaling
   0.913551E+14  -0.382762E+14  -0.581520E+13   0.315461E+13  -0.773141E+12  -0.311236E+14
  -0.382762E+14   0.457532E+15   0.918099E+14   0.470315E+13   0.431502E+14   0.421949E+14
  -0.581520E+13   0.918099E+14   0.704991E+15  -0.511539E+14  -0.361723E+14  -0.202561E+14
   0.315462E+13   0.470314E+13  -0.511539E+14   0.362032E+15   0.302436E+15   0.376528E+15
  -0.773131E+12   0.431502E+14  -0.361723E+14   0.302436E+15   0.447851E+15   0.402636E+15
  -0.311236E+14   0.421949E+14  -0.202561E+14   0.376528E+15   0.402636E+15   0.623304E+15
 trial position no.            6
 
 
 
 
 
 
 
 
 
 
 
 
  Covariance matrix; NOT corrected for  scaling
   0.101014E+15  -0.360999E+14  -0.549975E+13   0.425383E+13  -0.109974E+13  -0.303179E+14
  -0.360999E+14   0.312132E+15   0.751272E+14  -0.317573E+13   0.335044E+14   0.262187E+14
  -0.549975E+13   0.751271E+14   0.492159E+15  -0.370453E+14  -0.196784E+14   0.219462E+13
   0.425383E+13  -0.317573E+13  -0.370453E+14   0.264112E+15   0.195246E+15   0.193861E+15
  -0.109974E+13   0.335044E+14  -0.196784E+14   0.195246E+15   0.344369E+15   0.204483E+15
  -0.303179E+14   0.262187E+14   0.219462E+13   0.193861E+15   0.204483E+15   0.370926E+15
 trial position no.            3
 
 
 
 
 
 
 
 
 
 
 
 
  Covariance matrix; NOT corrected for  scaling
   0.564393E+14  -0.284539E+14   0.395364E+14   0.522123E+14   0.524221E+14   0.438520E+14
  -0.284538E+14   0.852490E+15   0.482123E+15   0.210786E+15   0.155951E+15   0.263127E+15
   0.395364E+14   0.482123E+15   0.122536E+16  -0.130961E+15  -0.159468E+15  -0.219695E+15
   0.522122E+14   0.210786E+15  -0.130962E+15   0.637404E+15   0.588138E+15   0.975960E+15
   0.524221E+14   0.155950E+15  -0.159468E+15   0.588138E+15   0.695822E+15   0.102175E+16
   0.438520E+14   0.263126E+15  -0.219695E+15   0.975960E+15   0.102175E+16   0.173311E+16
 trial position no.            4
 
 
 
 
 
 
 
 
 
 
 
 
  Covariance matrix; NOT corrected for  scaling
   0.624743E+14  -0.343964E+14   0.343873E+14   0.515010E+14   0.521743E+14   0.281174E+14
  -0.343963E+14   0.605488E+15   0.317038E+15   0.972430E+14   0.517510E+14   0.693567E+14
   0.343873E+14   0.317038E+15   0.782776E+15  -0.312862E+14  -0.451386E+14  -0.368340E+14
   0.515011E+14   0.972429E+14  -0.312862E+14   0.397232E+15   0.339260E+15   0.499509E+15
   0.521743E+14   0.517509E+14  -0.451386E+14   0.339260E+15   0.455207E+15   0.536861E+15
   0.281174E+14   0.693566E+14  -0.368341E+14   0.499509E+15   0.536861E+15   0.862061E+15
 trial position no.            5
 
 
 
 
 
 
 
 
 
 
 
 
  Covariance matrix; NOT corrected for  scaling
   0.685297E+14  -0.360944E+14   0.281800E+14   0.527376E+14   0.541933E+14   0.139988E+14
  -0.360944E+14   0.478705E+15   0.253940E+15   0.541536E+14   0.157055E+14   0.473713E+13
   0.281800E+14   0.253940E+15   0.588220E+15  -0.112174E+14  -0.188736E+14   0.235487E+11
   0.527375E+14   0.541536E+14  -0.112174E+14   0.294424E+15   0.228568E+15   0.284707E+15
   0.541933E+14   0.157055E+14  -0.188736E+14   0.228568E+15   0.352445E+15   0.312466E+15
   0.139987E+14   0.473716E+13   0.235446E+11   0.284707E+15   0.312466E+15   0.503902E+15
 trial position no.            6
 
 
 
 
 
 
 
 
 
 
 
 
  Covariance matrix; NOT corrected for  scaling
   0.744765E+14  -0.359412E+14   0.241967E+14   0.486887E+14   0.511820E+14  -0.704716E+13
  -0.359412E+14   0.348523E+15   0.193069E+15   0.335414E+14   0.103586E+13  -0.156080E+14
   0.241967E+14   0.193069E+15   0.421662E+15  -0.352314E+13  -0.767630E+13   0.101399E+14
   0.486888E+14   0.335414E+14  -0.352312E+13   0.223804E+15   0.148287E+15   0.142771E+15
   0.511821E+14   0.103586E+13  -0.767629E+13   0.148287E+15   0.277630E+15   0.157123E+15
  -0.704713E+13  -0.156080E+14   0.101400E+14   0.142771E+15   0.157123E+15   0.307331E+15
 trial position no.            3
 
 
 
 
 
 
 
 
 
 
 
 
  Covariance matrix; NOT corrected for  scaling
   0.376515E+14  -0.322183E+14  -0.142777E+14  -0.205355E+14  -0.474116E+14  -0.320430E+14
  -0.322183E+14   0.677051E+15  -0.765160E+14  -0.101307E+14   0.103162E+15   0.583889E+14
  -0.142777E+14  -0.765160E+14   0.117782E+16  -0.399987E+14  -0.362829E+14  -0.489007E+14
  -0.205355E+14  -0.101307E+14  -0.399987E+14   0.466769E+15   0.494971E+15   0.766372E+15
  -0.474116E+14   0.103162E+15  -0.362829E+14   0.494971E+15   0.744374E+15   0.917502E+15
  -0.320429E+14   0.583891E+14  -0.489006E+14   0.766372E+15   0.917502E+15   0.140910E+16
 trial position no.            4
 
 
 
 
 
 
 
 
 
 
 
 
  Covariance matrix; NOT corrected for  scaling
   0.406148E+14  -0.263788E+14  -0.110948E+14  -0.153168E+14  -0.461385E+14  -0.177740E+14
  -0.263788E+14   0.393311E+15  -0.132362E+15   0.763546E+13   0.108817E+15   0.639047E+14
  -0.110948E+14  -0.132362E+15   0.884524E+15  -0.113064E+14  -0.124177E+14  -0.342933E+13
  -0.153168E+14   0.763548E+13  -0.113064E+14   0.293392E+15   0.293554E+15   0.394430E+15
  -0.461385E+14   0.108817E+15  -0.124178E+14   0.293554E+15   0.543251E+15   0.484063E+15
  -0.177739E+14   0.639048E+14  -0.342933E+13   0.394430E+15   0.484063E+15   0.676039E+15
 trial position no.            5
 
 
 
 
 
 
 
 
 
 
 
 
  Covariance matrix; NOT corrected for  scaling
   0.438236E+14  -0.237665E+14  -0.741013E+13  -0.131948E+14  -0.496449E+14  -0.988400E+13
  -0.237665E+14   0.275598E+15  -0.133152E+15  -0.805322E+13   0.841036E+14   0.285810E+14
  -0.741013E+13  -0.133152E+15   0.717280E+15  -0.856959E+13  -0.121992E+14   0.171125E+13
  -0.131948E+14  -0.805322E+13  -0.856959E+13   0.216914E+15   0.203188E+15   0.237987E+15
  -0.496449E+14   0.841036E+14  -0.121992E+14   0.203188E+15   0.472809E+15   0.293580E+15
  -0.988400E+13   0.285810E+14   0.171126E+13   0.237987E+15   0.293580E+15   0.410015E+15
 trial position no.            6
 
 
 
 
 
 
 
 
 
 
 
 
  Covariance matrix; NOT corrected for  scaling
   0.475387E+14  -0.226085E+14  -0.602638E+13  -0.103445E+14  -0.530496E+14  -0.242444E+12
  -0.226085E+14   0.190543E+15  -0.105474E+15  -0.105019E+14   0.781798E+14   0.146971E+14
  -0.602638E+13  -0.105474E+15   0.525555E+15  -0.440414E+13  -0.835176E+13   0.705877E+13
  -0.103445E+14  -0.105019E+14  -0.440414E+13   0.154854E+15   0.123079E+15   0.124281E+15
  -0.530496E+14   0.781798E+14  -0.835176E+13   0.123079E+15   0.411824E+15   0.137508E+15
  -0.242447E+12   0.146971E+14   0.705877E+13   0.124281E+15   0.137508E+15   0.249468E+15
 trial position no.            3
 
 
 
 
 
 
 
 
 
 
 
 
  Covariance matrix; NOT corrected for  scaling
   0.562978E+14  -0.455985E+14   0.490128E+14   0.409433E+14   0.675836E+14   0.950091E+14
  -0.455986E+14   0.136497E+16   0.586205E+15   0.321319E+15   0.200378E+15   0.333353E+15
   0.490130E+14   0.586205E+15   0.187203E+16  -0.189010E+15  -0.165333E+15  -0.229813E+15
   0.409434E+14   0.321318E+15  -0.189010E+15   0.109641E+16   0.100984E+16   0.170908E+16
   0.675836E+14   0.200378E+15  -0.165333E+15   0.100984E+16   0.125051E+16   0.190148E+16
   0.950091E+14   0.333353E+15  -0.229812E+15   0.170908E+16   0.190148E+16   0.315794E+16
 trial position no.            4
 
 
 
 
 
 
 
 
 
 
 
 
  Covariance matrix; NOT corrected for  scaling
   0.617085E+14  -0.546021E+14   0.380996E+14   0.335486E+14   0.683267E+14   0.755800E+14
  -0.546021E+14   0.951734E+15   0.194983E+15   0.193493E+15   0.708048E+14   0.856598E+14
   0.380996E+14   0.194983E+15   0.939582E+15  -0.771603E+14  -0.411509E+14  -0.316908E+14
   0.335487E+14   0.193493E+15  -0.771603E+14   0.703891E+15   0.593052E+15   0.883631E+15
   0.683267E+14   0.708048E+14  -0.411509E+14   0.593052E+15   0.855895E+15   0.105490E+16
   0.755800E+14   0.856598E+14  -0.316908E+14   0.883631E+15   0.105490E+16   0.156081E+16
 trial position no.            5
 
 
 
 
 
 
 
 
 
 
 
 
  Covariance matrix; NOT corrected for  scaling
   0.670300E+14  -0.586325E+14   0.331444E+14   0.237990E+14   0.664726E+14   0.548361E+14
  -0.586325E+14   0.756823E+15   0.868657E+14   0.147235E+15   0.218432E+14  -0.261012E+13
   0.331444E+14   0.868657E+14   0.612125E+15  -0.515106E+14  -0.107551E+14   0.103629E+14
   0.237990E+14   0.147235E+15  -0.515106E+14   0.527372E+15   0.383506E+15   0.500795E+15
   0.664726E+14   0.218433E+14  -0.107551E+14   0.383506E+15   0.658409E+15   0.638726E+15
   0.548361E+14  -0.261013E+13   0.103628E+14   0.500795E+15   0.638726E+15   0.884029E+15
 trial position no.            6
 
 
 
 
 
 
 
 
 
 
 
 
  Covariance matrix; NOT corrected for  scaling
   0.727805E+14  -0.571029E+14   0.292062E+14   0.121866E+14   0.633574E+14   0.325831E+14
  -0.571029E+14   0.546293E+15   0.472390E+14   0.116504E+15  -0.256974E+13  -0.405189E+14
   0.292062E+14   0.472390E+14   0.402657E+15  -0.389377E+14   0.141500E+13   0.231326E+14
   0.121866E+14   0.116504E+15  -0.389377E+14   0.409030E+15   0.229432E+15   0.243757E+15
   0.633574E+14  -0.256972E+13   0.141500E+13   0.229432E+15   0.514056E+15   0.344007E+15
   0.325831E+14  -0.405189E+14   0.231326E+14   0.243757E+15   0.344007E+15   0.489222E+15
 trial position no.            3
 
 
 
 
 
 
 
 
 
 
 
 
  Covariance matrix; NOT corrected for  scaling
   0.258873E+14  -0.296998E+14   0.725235E+13  -0.563733E+12  -0.893020E+13  -0.294624E+13
  -0.296998E+14   0.605205E+15   0.634998E+14   0.554260E+14   0.146383E+15   0.125134E+15
   0.725234E+13   0.634998E+14   0.907790E+15  -0.879928E+14  -0.970921E+14  -0.117378E+15
  -0.563743E+12   0.554260E+14  -0.879928E+14   0.421416E+15   0.405768E+15   0.698000E+15
  -0.893020E+13   0.146383E+15  -0.970921E+14   0.405768E+15   0.640600E+15   0.783432E+15
  -0.294625E+13   0.125134E+15  -0.117378E+15   0.698000E+15   0.783432E+15   0.128940E+16
 trial position no.            4
 
 
 
 
 
 
 
 
 
 
 
 
  Covariance matrix; NOT corrected for  scaling
   0.272566E+14  -0.215516E+14   0.777029E+13   0.784356E+12  -0.839834E+13  -0.884054E+12
  -0.215516E+14   0.337567E+15  -0.999805E+13   0.291722E+14   0.106227E+15   0.627371E+14
   0.777029E+13  -0.999805E+13   0.708042E+15  -0.446957E+14  -0.476962E+14  -0.285909E+14
   0.784356E+12   0.291722E+14  -0.446957E+14   0.276419E+15   0.231863E+15   0.378974E+15
  -0.839834E+13   0.106227E+15  -0.476962E+14   0.231863E+15   0.471894E+15   0.413614E+15
  -0.884053E+12   0.627370E+14  -0.285909E+14   0.378974E+15   0.413614E+15   0.647687E+15
 trial position no.            5
 
 
 
 
 
 
 
 
 
 
 
 
  Covariance matrix; NOT corrected for  scaling
   0.287375E+14  -0.182680E+14   0.806917E+13   0.847027E+12  -0.971680E+13  -0.784808E+12
  -0.182680E+14   0.224649E+15  -0.241645E+14   0.710175E+13   0.767195E+14   0.209569E+14
   0.806917E+13  -0.241645E+14   0.595125E+15  -0.375029E+14  -0.347016E+14  -0.596551E+13
   0.847026E+12   0.710175E+13  -0.375029E+14   0.206742E+15   0.147458E+15   0.235165E+15
  -0.971680E+13   0.767195E+14  -0.347017E+14   0.147458E+15   0.411522E+15   0.245409E+15
  -0.784809E+12   0.209569E+14  -0.596551E+13   0.235165E+15   0.245409E+15   0.397491E+15
 trial position no.            6
 
 
 
 
 
 
 
 
 
 
 
 
  Covariance matrix; NOT corrected for  scaling
   0.304514E+14  -0.159504E+14   0.729580E+13   0.548772E+12  -0.115446E+14  -0.599355E+12
  -0.159504E+14   0.149094E+15  -0.203668E+14  -0.790555E+12   0.633552E+14   0.392657E+13
   0.729580E+13  -0.203668E+14   0.441419E+15  -0.278644E+14  -0.174763E+14   0.122844E+14
   0.548771E+12  -0.790554E+12  -0.278644E+14   0.154491E+15   0.777254E+14   0.133921E+15
  -0.115446E+14   0.633552E+14  -0.174763E+14   0.777254E+14   0.363530E+15   0.112969E+15
  -0.599357E+12   0.392658E+13   0.122844E+14   0.133921E+15   0.112969E+15   0.244988E+15
 trial position no.            3
 
 
 
 
 
 
 
 
 
 
 
 
  Covariance matrix; NOT corrected for  scaling
   0.639406E+14  -0.347713E+14   0.526899E+14   0.590091E+14   0.652536E+14   0.744246E+14
  -0.347714E+14   0.129762E+16   0.647648E+15   0.321945E+15   0.217879E+15   0.367029E+15
   0.526899E+14   0.647648E+15   0.175292E+16  -0.150696E+15  -0.156816E+15  -0.227951E+15
   0.590090E+14   0.321946E+15  -0.150696E+15   0.988541E+15   0.899121E+15   0.152455E+16
   0.652535E+14   0.217879E+15  -0.156817E+15   0.899122E+15   0.106742E+16   0.162414E+16
   0.744245E+14   0.367030E+15  -0.227951E+15   0.152455E+16   0.162414E+16   0.274555E+16
 trial position no.            4
 
 
 
 
 
 
 
 
 
 
 
 
  Covariance matrix; NOT corrected for  scaling
   0.705512E+14  -0.452954E+14   0.396134E+14   0.555233E+14   0.669472E+14   0.558061E+14
  -0.452954E+14   0.934797E+15   0.361121E+15   0.168571E+15   0.695261E+14   0.907579E+14
   0.396133E+14   0.361120E+15   0.985947E+15  -0.359659E+14  -0.323421E+14  -0.283003E+14
   0.555232E+14   0.168571E+15  -0.359656E+14   0.628211E+15   0.530771E+15   0.793520E+15
   0.669472E+14   0.695263E+14  -0.323418E+14   0.530771E+15   0.721122E+15   0.890705E+15
   0.558062E+14   0.907581E+14  -0.282999E+14   0.793520E+15   0.890705E+15   0.137118E+16
 trial position no.            5
 
 
 
 
 
 
 
 
 
 
 
 
  Covariance matrix; NOT corrected for  scaling
   0.771900E+14  -0.493432E+14   0.317502E+14   0.516556E+14   0.679169E+14   0.364857E+14
  -0.493432E+14   0.747320E+15   0.261302E+15   0.115200E+15   0.196899E+14   0.146578E+13
   0.317501E+14   0.261302E+15   0.677460E+15  -0.102761E+14  -0.348128E+13   0.883176E+13
   0.516556E+14   0.115200E+15  -0.102760E+14   0.467823E+15   0.353361E+15   0.457199E+15
   0.679169E+14   0.196900E+14  -0.348112E+13   0.353360E+15   0.554784E+15   0.535371E+15
   0.364857E+14   0.146593E+13   0.883196E+13   0.457199E+15   0.535371E+15   0.791643E+15
 trial position no.            6
 
 
 
 
 
 
 
 
 
 
 
 
  Covariance matrix; NOT corrected for  scaling
   0.840835E+14  -0.493209E+14   0.264643E+14   0.438091E+14   0.652904E+14   0.117488E+14
  -0.493209E+14   0.542110E+15   0.188247E+15   0.839248E+14  -0.358621E+13  -0.335066E+14
   0.264643E+14   0.188247E+15   0.459720E+15  -0.323719E+13   0.415364E+13   0.134068E+14
   0.438091E+14   0.839248E+14  -0.323719E+13   0.358091E+15   0.224042E+15   0.230809E+15
   0.652904E+14  -0.358620E+13   0.415364E+13   0.224042E+15   0.433708E+15   0.284928E+15
   0.117488E+14  -0.335066E+14   0.134068E+14   0.230809E+15   0.284928E+15   0.456900E+15
 trial position no.            3
 
 
 
 
 
 
 
 
 
 
 
 
  Covariance matrix; NOT corrected for  scaling
   0.929291E+14   0.465610E+13   0.338841E+13  -0.283767E+13  -0.544587E+12  -0.143426E+13
   0.465610E+13   0.209101E+16   0.709692E+14   0.929047E+14   0.909571E+14   0.137430E+15
   0.338841E+13   0.709692E+14   0.223750E+16  -0.117853E+14  -0.190137E+14  -0.366020E+14
  -0.283767E+13   0.929047E+14  -0.117853E+14   0.156930E+16   0.141485E+16   0.238824E+16
  -0.544590E+12   0.909571E+14  -0.190137E+14   0.141485E+16   0.153807E+16   0.239562E+16
  -0.143426E+13   0.137430E+15  -0.366020E+14   0.238824E+16   0.239562E+16   0.404715E+16
 trial position no.            4
 
 
 
 
 
 
 
 
 
 
 
 
  Covariance matrix; NOT corrected for  scaling
   0.105690E+15   0.185576E+13   0.332208E+13  -0.106276E+13   0.186109E+13   0.196686E+13
   0.185576E+13   0.134982E+16   0.428838E+14   0.749981E+14   0.739243E+14   0.896703E+14
   0.332208E+13   0.428838E+14   0.122909E+16  -0.127987E+13  -0.106586E+13  -0.874226E+13
  -0.106276E+13   0.749981E+14  -0.127987E+13   0.102577E+16   0.863471E+15   0.124595E+16
   0.186109E+13   0.739243E+14  -0.106586E+13   0.863471E+15   0.999366E+15   0.126017E+16
   0.196687E+13   0.896703E+14  -0.874226E+13   0.124595E+16   0.126017E+16   0.189116E+16
 trial position no.            5
 
 
 
 
 
 
 
 
 
 
 
 
  Covariance matrix; NOT corrected for  scaling
   0.118838E+15  -0.104041E+13   0.338472E+13   0.208208E+11   0.361325E+13   0.351697E+13
  -0.104041E+13   0.998026E+15   0.287042E+14   0.586950E+14   0.581459E+14   0.544855E+14
   0.338472E+13   0.287042E+14   0.828737E+15   0.518612E+12   0.414315E+13  -0.247721E+13
   0.208196E+11   0.586950E+14   0.518611E+12   0.770009E+15   0.598899E+15   0.731724E+15
   0.361325E+13   0.581458E+14   0.414315E+13   0.598899E+15   0.746550E+15   0.749912E+15
   0.351697E+13   0.544855E+14  -0.247720E+13   0.731724E+15   0.749912E+15   0.105941E+16
 trial position no.            6
 
 
 
 
 
 
 
 
 
 
 
 
  Covariance matrix; NOT corrected for  scaling
   0.132025E+15  -0.329178E+13   0.335996E+13   0.572760E+12   0.484489E+13   0.363945E+13
  -0.329178E+13   0.697570E+15   0.184320E+14   0.425668E+14   0.421915E+14   0.248776E+14
   0.335996E+13   0.184320E+14   0.553475E+15  -0.116987E+13   0.406521E+13  -0.262715E+13
   0.572760E+12   0.425668E+14  -0.116987E+13   0.575967E+15   0.395153E+15   0.363141E+15
   0.484489E+13   0.421915E+14   0.406521E+13   0.395153E+15   0.554028E+15   0.383586E+15
   0.363945E+13   0.248776E+14  -0.262715E+13   0.363141E+15   0.383586E+15   0.566777E+15
 trial position no.            3
 
 
 
 
 
 
 
 
 
 
 
 
  Covariance matrix; NOT corrected for  scaling
   0.891793E+14  -0.703883E+14   0.634945E+14   0.448140E+14   0.710616E+14   0.115976E+15
  -0.703883E+14   0.189516E+16   0.629359E+15   0.338884E+15   0.276221E+15   0.408356E+15
   0.634943E+14   0.629359E+15   0.259916E+16  -0.293083E+15  -0.268783E+15  -0.370689E+15
   0.448140E+14   0.338884E+15  -0.293082E+15   0.159642E+16   0.150216E+16   0.252051E+16
   0.710617E+14   0.276222E+15  -0.268781E+15   0.150216E+16   0.178034E+16   0.271432E+16
   0.115976E+15   0.408356E+15  -0.370686E+15   0.252050E+16   0.271432E+16   0.452795E+16
 trial position no.            4
 
 
 
 
 
 
 
 
 
 
 
 
  Covariance matrix; NOT corrected for  scaling
   0.974747E+14  -0.702067E+14   0.549185E+14   0.369983E+14   0.686743E+14   0.910865E+14
  -0.702067E+14   0.125354E+16   0.133324E+15   0.205353E+15   0.148536E+15   0.152224E+15
   0.549185E+14   0.133323E+15   0.138401E+16  -0.130010E+15  -0.945897E+14  -0.783766E+14
   0.369983E+14   0.205353E+15  -0.130010E+15   0.102990E+16   0.902900E+15   0.131749E+16
   0.686743E+14   0.148536E+15  -0.945897E+14   0.902900E+15   0.118758E+16   0.146628E+16
   0.910865E+14   0.152224E+15  -0.783765E+14   0.131749E+16   0.146628E+16   0.218693E+16
 trial position no.            5
 
 
 
 
 
 
 
 
 
 
 
 
  Covariance matrix; NOT corrected for  scaling
   0.105812E+15  -0.705341E+14   0.501764E+14   0.267708E+14   0.642073E+14   0.668978E+14
  -0.705341E+14   0.952813E+15   0.710123E+13   0.142470E+15   0.874415E+14   0.404052E+14
   0.501764E+14   0.710123E+13   0.933233E+15  -0.888787E+14  -0.498471E+14  -0.817840E+13
   0.267708E+14   0.142470E+15  -0.888787E+14   0.764529E+15   0.608740E+15   0.764307E+15
   0.642073E+14   0.874415E+14  -0.498471E+14   0.608740E+15   0.903168E+15   0.878726E+15
   0.668978E+14   0.404052E+14  -0.817837E+13   0.764307E+15   0.878726E+15   0.123443E+16
 trial position no.            6
 
 
 
 
 
 
 
 
 
 
 
 
  Covariance matrix; NOT corrected for  scaling
   0.114672E+15  -0.665379E+14   0.449906E+14   0.145329E+14   0.581806E+14   0.415623E+14
  -0.665379E+14   0.671300E+15  -0.190396E+14   0.103695E+15   0.524210E+14  -0.146537E+14
   0.449906E+14  -0.190396E+14   0.623004E+15  -0.644661E+14  -0.261022E+14   0.232155E+14
   0.145329E+14   0.103695E+15  -0.644661E+14   0.574790E+15   0.388441E+15   0.381728E+15
   0.581806E+14   0.524210E+14  -0.261022E+14   0.388441E+15   0.690443E+15   0.458604E+15
   0.415623E+14  -0.146537E+14   0.232154E+14   0.381728E+15   0.458604E+15   0.673995E+15
 trial position no.            3
 
 
 
 
 
 
 
 
 
 
 
 
  Covariance matrix; NOT corrected for  scaling
   0.534659E+14  -0.247668E+14   0.433737E+14   0.615553E+14   0.643200E+14   0.715311E+14
  -0.247667E+14   0.995493E+15   0.654898E+15   0.243485E+15   0.160532E+15   0.275629E+15
   0.433737E+14   0.654898E+15   0.147472E+16  -0.131086E+15  -0.189595E+15  -0.230780E+15
   0.615553E+14   0.243484E+15  -0.131087E+15   0.708820E+15   0.661532E+15   0.109364E+16
   0.643201E+14   0.160531E+15  -0.189595E+15   0.661532E+15   0.796321E+15   0.116193E+16
   0.715312E+14   0.275628E+15  -0.230782E+15   0.109364E+16   0.116193E+16   0.194262E+16
 trial position no.            4
 
 
 
 
 
 
 
 
 
 
 
 
  Covariance matrix; NOT corrected for  scaling
   0.606690E+14  -0.365669E+14   0.403543E+14   0.593389E+14   0.643893E+14   0.531120E+14
  -0.365669E+14   0.658941E+15   0.349885E+15   0.108580E+15   0.394616E+14   0.501135E+14
   0.403543E+14   0.349885E+15   0.861549E+15  -0.266622E+14  -0.539848E+14  -0.262114E+14
   0.593390E+14   0.108580E+15  -0.266623E+14   0.437602E+15   0.379108E+15   0.561463E+15
   0.643894E+14   0.394616E+14  -0.539849E+14   0.379109E+15   0.525271E+15   0.618432E+15
   0.531121E+14   0.501135E+14  -0.262115E+14   0.561463E+15   0.618432E+15   0.974412E+15
 trial position no.            5
 
 
 
 
 
 
 
 
 
 
 
 
  Covariance matrix; NOT corrected for  scaling
   0.676115E+14  -0.398233E+14   0.356098E+14   0.585274E+14   0.657315E+14   0.339601E+14
  -0.398233E+14   0.505495E+15   0.244710E+15   0.633001E+14   0.267605E+13  -0.173073E+14
   0.356097E+14   0.244710E+15   0.617393E+15  -0.569419E+13  -0.207726E+14   0.156336E+14
   0.585274E+14   0.633001E+14  -0.569423E+13   0.320262E+15   0.250519E+15   0.315901E+15
   0.657315E+14   0.267604E+13  -0.207727E+14   0.250519E+15   0.406535E+15   0.357779E+15
   0.339601E+14  -0.173073E+14   0.156335E+14   0.315901E+15   0.357779E+15   0.560284E+15
 trial position no.            6
 
 
 
 
 
 
 
 
 
 
 
 
  Covariance matrix; NOT corrected for  scaling
   0.743425E+14  -0.396995E+14   0.316293E+14   0.525657E+14   0.620204E+14   0.755573E+13
  -0.396995E+14   0.361387E+15   0.175414E+15   0.418910E+14  -0.114326E+14  -0.346985E+14
   0.316294E+14   0.175414E+15   0.431609E+15   0.103660E+13  -0.853322E+13   0.231188E+14
   0.525657E+14   0.418910E+14   0.103659E+13   0.242553E+15   0.159330E+15   0.157510E+15
   0.620204E+14  -0.114326E+14  -0.853324E+13   0.159330E+15   0.322101E+15   0.179387E+15
   0.755581E+13  -0.346986E+14   0.231188E+14   0.157510E+15   0.179387E+15   0.336947E+15
 trial position no.            3
 
 
 
 
 
 
 
 
 
 
 
 
  Covariance matrix; NOT corrected for  scaling
   0.791723E+14  -0.312704E+14   0.197753E+14   0.208075E+14   0.343039E+14   0.155658E+14
  -0.312704E+14   0.136555E+16   0.210666E+15   0.202422E+14   0.225762E+14   0.413021E+14
   0.197753E+14   0.210666E+15   0.166852E+16  -0.200376E+13   0.191683E+14   0.989673E+13
   0.208075E+14   0.202422E+14  -0.200376E+13   0.989789E+15   0.912658E+15   0.156651E+16
   0.343039E+14   0.225761E+14   0.191683E+14   0.912658E+15   0.104662E+16   0.160953E+16
   0.155658E+14   0.413021E+14   0.989671E+13   0.156651E+16   0.160953E+16   0.277319E+16
 trial position no.            4
 
 
 
 
 
 
 
 
 
 
 
 
  Covariance matrix; NOT corrected for  scaling
   0.898079E+14  -0.254574E+14   0.136402E+14   0.192494E+14   0.369937E+14   0.671630E+13
  -0.254574E+14   0.886904E+15   0.176110E+15  -0.902225E+13  -0.729944E+13  -0.380733E+13
   0.136402E+14   0.176110E+15   0.103051E+16   0.320681E+14   0.479198E+14   0.512127E+14
   0.192494E+14  -0.902225E+13   0.320681E+14   0.655098E+15   0.566806E+15   0.847489E+15
   0.369937E+14  -0.729943E+13   0.479198E+14   0.566806E+15   0.706349E+15   0.877105E+15
   0.671631E+13  -0.380733E+13   0.512127E+14   0.847488E+15   0.877105E+15   0.137316E+16
 trial position no.            5
 
 
 
 
 
 
 
 
 
 
 
 
  Covariance matrix; NOT corrected for  scaling
   0.100697E+15  -0.235461E+14   0.101746E+14   0.172470E+14   0.396787E+14  -0.170362E+13
  -0.235461E+14   0.651347E+15   0.152740E+15  -0.191619E+14  -0.179276E+14  -0.141929E+14
   0.101746E+14   0.152740E+15   0.737799E+15   0.279462E+14   0.418313E+14   0.371390E+14
   0.172470E+14  -0.191619E+14   0.279462E+14   0.492170E+15   0.395719E+15   0.513804E+15
   0.396787E+14  -0.179276E+14   0.418313E+14   0.395718E+15   0.543751E+15   0.535291E+15
  -0.170361E+13  -0.141929E+14   0.371390E+14   0.513804E+15   0.535291E+15   0.809932E+15
 trial position no.            6
 
 
 
 
 
 
 
 
 
 
 
 
  Covariance matrix; NOT corrected for  scaling
   0.111715E+15  -0.215271E+14   0.771382E+13   0.137703E+14   0.410870E+14  -0.120872E+14
  -0.215271E+14   0.450920E+15   0.115685E+15  -0.161979E+14  -0.152720E+14  -0.730267E+13
   0.771382E+13   0.115685E+15   0.506787E+15   0.196156E+14   0.321025E+14   0.204088E+14
   0.137703E+14  -0.161979E+14   0.196156E+14   0.366675E+15   0.260855E+15   0.271150E+15
   0.410870E+14  -0.152720E+14   0.321025E+14   0.260855E+15   0.416343E+15   0.281955E+15
  -0.120872E+14  -0.730267E+13   0.204088E+14   0.271150E+15   0.281955E+15   0.462317E+15
 trial position no.            3
 
 
 
 
 
 
 
 
 
 
 
 
  Covariance matrix; NOT corrected for  scaling
   0.330956E+14  -0.377586E+14   0.354630E+13  -0.865738E+13  -0.286476E+14  -0.102156E+14
  -0.377585E+14   0.539691E+15   0.186728E+14   0.167749E+14   0.109024E+15   0.709326E+14
   0.354630E+13   0.186728E+14   0.916208E+15  -0.782586E+14  -0.870561E+14  -0.988143E+14
  -0.865737E+13   0.167750E+14  -0.782586E+14   0.370210E+15   0.383950E+15   0.612814E+15
  -0.286476E+14   0.109024E+15  -0.870561E+14   0.383950E+15   0.572430E+15   0.711660E+15
  -0.102156E+14   0.709326E+14  -0.988144E+14   0.612814E+15   0.711660E+15   0.113452E+16
 trial position no.            4
 
 
 
 
 
 
 
 
 
 
 
 
  Covariance matrix; NOT corrected for  scaling
   0.353756E+14  -0.295244E+14   0.781738E+13  -0.604463E+13  -0.270962E+14  -0.299902E+13
  -0.295244E+14   0.314559E+15  -0.773598E+14   0.165994E+14   0.946969E+14   0.512678E+14
   0.781738E+13  -0.773598E+14   0.703300E+15  -0.355033E+14  -0.499356E+14  -0.213994E+14
  -0.604463E+13   0.165994E+14  -0.355033E+14   0.236188E+15   0.228283E+15   0.323432E+15
  -0.270962E+14   0.946970E+14  -0.499356E+14   0.228283E+15   0.409993E+15   0.374695E+15
  -0.299903E+13   0.512678E+14  -0.213994E+14   0.323432E+15   0.374695E+15   0.560850E+15
 trial position no.            5
 
 
 
 
 
 
 
 
 
 
 
 
  Covariance matrix; NOT corrected for  scaling
   0.379810E+14  -0.265705E+14   0.114733E+14  -0.551690E+13  -0.287712E+14   0.396049E+12
  -0.265705E+14   0.220797E+15  -0.956877E+14   0.927186E+12   0.703390E+14   0.177411E+14
   0.114733E+14  -0.956877E+14   0.589746E+15  -0.271607E+14  -0.447391E+14  -0.208905E+13
  -0.551690E+13   0.927177E+12  -0.271607E+14   0.174788E+15   0.157102E+15   0.197860E+15
  -0.287712E+14   0.703390E+14  -0.447391E+14   0.157102E+15   0.346971E+15   0.224451E+15
   0.396045E+12   0.177411E+14  -0.208906E+13   0.197860E+15   0.224451E+15   0.346821E+15
 trial position no.            6
 
 
 
 
 
 
 
 
 
 
 
 
  Covariance matrix; NOT corrected for  scaling
   0.410503E+14  -0.244192E+14   0.117108E+14  -0.504858E+13  -0.309382E+14   0.426752E+13
  -0.244192E+14   0.152100E+15  -0.799630E+14  -0.289667E+13   0.610253E+14   0.479870E+13
   0.117108E+14  -0.799630E+14   0.437976E+15  -0.175547E+14  -0.332777E+14   0.139734E+14
  -0.504858E+13  -0.289667E+13  -0.175547E+14   0.125782E+15   0.966623E+14   0.107030E+15
  -0.309382E+14   0.610253E+14  -0.332777E+14   0.966623E+14   0.294228E+15   0.105674E+15
   0.426752E+13   0.479870E+13   0.139734E+14   0.107030E+15   0.105674E+15   0.217409E+15
 trial position no.            3
 
 
 
 
 
 
 
 
 
 
 
 
  Covariance matrix; NOT corrected for  scaling
   0.955259E+14  -0.349575E+14   0.391330E+14   0.283637E+14   0.260146E+14   0.910530E+14
  -0.349575E+14   0.183097E+16   0.389492E+15   0.197315E+15   0.184902E+15   0.250249E+15
   0.391330E+14   0.389492E+15   0.199891E+16  -0.886479E+14  -0.103803E+15  -0.123361E+15
   0.283636E+14   0.197315E+15  -0.886480E+14   0.146064E+16   0.136015E+16   0.229627E+16
   0.260145E+14   0.184902E+15  -0.103803E+15   0.136015E+16   0.150596E+16   0.232275E+16
   0.910528E+14   0.250249E+15  -0.123361E+15   0.229627E+16   0.232275E+16   0.394980E+16
 trial position no.            4
 
 
 
 
 
 
 
 
 
 
 
 
  Covariance matrix; NOT corrected for  scaling
   0.105670E+15  -0.307246E+14   0.362899E+14   0.210337E+14   0.190845E+14   0.728432E+14
  -0.307246E+14   0.108610E+16  -0.253344E+14   0.119830E+15   0.109880E+15   0.106384E+15
   0.362899E+14  -0.253344E+14   0.119046E+16  -0.441319E+14  -0.498121E+14  -0.287619E+14
   0.210337E+14   0.119830E+15  -0.441319E+14   0.947508E+15   0.833936E+15   0.120969E+16
   0.190845E+14   0.109880E+15  -0.498121E+14   0.833936E+15   0.985095E+15   0.122472E+16
   0.728432E+14   0.106384E+15  -0.287620E+14   0.120969E+16   0.122472E+16   0.186402E+16
 trial position no.            5
 
 
 
 
 
 
 
 
 
 
 
 
  Covariance matrix; NOT corrected for  scaling
   0.116072E+15  -0.302014E+14   0.342153E+14   0.141584E+14   0.127111E+14   0.588814E+14
  -0.302014E+14   0.789684E+15  -0.123331E+15   0.885113E+14   0.777239E+14   0.464295E+14
   0.342153E+14  -0.123331E+15   0.871342E+15  -0.328940E+14  -0.333541E+14  -0.160646E+13
   0.141584E+14   0.885112E+14  -0.328940E+14   0.704852E+15   0.579829E+15   0.713868E+15
   0.127112E+14   0.777239E+14  -0.333541E+14   0.579829E+15   0.737906E+15   0.721703E+15
   0.588814E+14   0.464294E+14  -0.160647E+13   0.713868E+15   0.721703E+15   0.103800E+16
 trial position no.            6
 
 
 
 
 
 
 
 
 
 
 
 
  Covariance matrix; NOT corrected for  scaling
   0.126642E+15  -0.289496E+14   0.307634E+14   0.704631E+13   0.614931E+13   0.455951E+14
  -0.289496E+14   0.550227E+15  -0.119893E+15   0.645178E+14   0.529107E+14   0.653668E+13
   0.307634E+14  -0.119893E+15   0.609823E+15  -0.260503E+14  -0.235064E+14   0.115956E+14
   0.704631E+13   0.645178E+14  -0.260503E+14   0.522795E+15   0.386170E+15   0.360581E+15
   0.614933E+13   0.529106E+14  -0.235064E+14   0.386170E+15   0.551298E+15   0.361622E+15
   0.455951E+14   0.653668E+13   0.115956E+14   0.360581E+15   0.361622E+15   0.548974E+15
 trial position no.            3
 
 
 
 
 
 
 
 
 
 
 
 
  Covariance matrix; NOT corrected for  scaling
   0.484910E+14  -0.310173E+14   0.400156E+14   0.574631E+14   0.645518E+14   0.827652E+14
  -0.310173E+14   0.848189E+15   0.556255E+15   0.182097E+15   0.128275E+15   0.211330E+15
   0.400155E+14   0.556256E+15   0.126758E+16  -0.113805E+15  -0.168169E+15  -0.186543E+15
   0.574631E+14   0.182098E+15  -0.113805E+15   0.601602E+15   0.579569E+15   0.951809E+15
   0.645518E+14   0.128275E+15  -0.168169E+15   0.579569E+15   0.694160E+15   0.100648E+16
   0.827652E+14   0.211331E+15  -0.186542E+15   0.951809E+15   0.100648E+16   0.167583E+16
 trial position no.            4
 
 
 
 
 
 
 
 
 
 
 
 
  Covariance matrix; NOT corrected for  scaling
   0.590358E+14  -0.404478E+14   0.476443E+14   0.592933E+14   0.689550E+14   0.703463E+14
  -0.404478E+14   0.506175E+15   0.239377E+15   0.675168E+14   0.276741E+14   0.256113E+14
   0.476443E+14   0.239377E+15   0.737133E+15  -0.244202E+14  -0.464477E+14  -0.632782E+13
   0.592934E+14   0.675168E+14  -0.244202E+14   0.375657E+15   0.342344E+15   0.501909E+15
   0.689550E+14   0.276740E+14  -0.464477E+14   0.342344E+15   0.457608E+15   0.536794E+15
   0.703463E+14   0.256112E+14  -0.632777E+13   0.501909E+15   0.536794E+15   0.843432E+15
 trial position no.            5
 
 
 
 
 
 
 
 
 
 
 
 
  Covariance matrix; NOT corrected for  scaling
   0.689954E+14  -0.434517E+14   0.491725E+14   0.587645E+14   0.715743E+14   0.505350E+14
  -0.434517E+14   0.366073E+15   0.139488E+15   0.318376E+14  -0.145955E+13  -0.234238E+14
   0.491725E+14   0.139488E+15   0.535552E+15  -0.522625E+13  -0.146680E+14   0.328138E+14
   0.587645E+14   0.318376E+14  -0.522633E+13   0.272060E+15   0.232924E+15   0.286859E+15
   0.715742E+14  -0.145961E+13  -0.146681E+14   0.232924E+15   0.354481E+15   0.308849E+15
   0.505349E+14  -0.234238E+14   0.328137E+14   0.286859E+15   0.308849E+15   0.479874E+15
 trial position no.            6
 
 
 
 
 
 
 
 
 
 
 
 
  Covariance matrix; NOT corrected for  scaling
   0.791203E+14  -0.430088E+14   0.477087E+14   0.531700E+14   0.692597E+14   0.218797E+14
  -0.430088E+14   0.253870E+15   0.905263E+14   0.179638E+14  -0.118644E+14  -0.310609E+14
   0.477087E+14   0.905263E+14   0.376268E+15   0.105612E+13  -0.190718E+13   0.376186E+14
   0.531700E+14   0.179639E+14   0.105610E+13   0.201530E+15   0.154120E+15   0.144891E+15
   0.692597E+14  -0.118644E+14  -0.190723E+13   0.154120E+15   0.279135E+15   0.149706E+15
   0.218797E+14  -0.310609E+14   0.376185E+14   0.144891E+15   0.149706E+15   0.281450E+15
 trial position no.            3
 
 
 
 
 
 
 
 
 
 
 
 
  Covariance matrix; NOT corrected for  scaling
   0.279434E+14  -0.185368E+14   0.206887E+14   0.120961E+14   0.220356E+14   0.165409E+14
  -0.185368E+14   0.890979E+15   0.292356E+15   0.274526E+15   0.219232E+15   0.370265E+15
   0.206886E+14   0.292356E+15   0.963782E+15  -0.673952E+14  -0.827935E+14  -0.110478E+15
   0.120961E+14   0.274526E+15  -0.673954E+14   0.667388E+15   0.555318E+15   0.104377E+16
   0.220356E+14   0.219232E+15  -0.827936E+14   0.555318E+15   0.718629E+15   0.101513E+16
   0.165409E+14   0.370265E+15  -0.110478E+15   0.104377E+16   0.101513E+16   0.181199E+16
 trial position no.            4
 
 
 
 
 
 
 
 
 
 
 
 
  Covariance matrix; NOT corrected for  scaling
   0.290693E+14  -0.132388E+14   0.187297E+14   0.114223E+14   0.223082E+14   0.114547E+14
  -0.132388E+14   0.519701E+15   0.175101E+15   0.137102E+15   0.910551E+14   0.129590E+15
   0.187297E+14   0.175101E+15   0.702965E+15  -0.277083E+14  -0.333956E+14  -0.267922E+14
   0.114224E+14   0.137102E+15  -0.277083E+14   0.436708E+15   0.300938E+15   0.558778E+15
   0.223082E+14   0.910550E+14  -0.333957E+14   0.300938E+15   0.500969E+15   0.523507E+15
   0.114548E+14   0.129590E+15  -0.267923E+14   0.558778E+15   0.523507E+15   0.888003E+15
 trial position no.            5
 
 
 
 
 
 
 
 
 
 
 
 
  Covariance matrix; NOT corrected for  scaling
   0.303041E+14  -0.105034E+14   0.168966E+14   0.101505E+14   0.223853E+14   0.616585E+13
  -0.105034E+14   0.358415E+15   0.133985E+15   0.900580E+14   0.471204E+14   0.532884E+14
   0.168966E+14   0.133985E+15   0.565811E+15  -0.152436E+14  -0.159669E+14  -0.371275E+12
   0.101505E+14   0.900581E+14  -0.152436E+14   0.334659E+15   0.175189E+15   0.341320E+15
   0.223853E+14   0.471204E+14  -0.159669E+14   0.175189E+15   0.420034E+15   0.301715E+15
   0.616586E+13   0.532883E+14  -0.371270E+12   0.341320E+15   0.301715E+15   0.517473E+15
 trial position no.            6
 
 
 
 
 
 
 
 
 
 
 
 
  Covariance matrix; NOT corrected for  scaling
   0.317369E+14  -0.908460E+13   0.150407E+14   0.761968E+13   0.215168E+14  -0.391125E+12
  -0.908460E+13   0.242154E+15   0.999594E+14   0.651256E+14   0.215328E+14   0.159093E+14
   0.150407E+14   0.999594E+14   0.413925E+15  -0.913539E+13  -0.599674E+13   0.991043E+13
   0.761968E+13   0.651256E+14  -0.913538E+13   0.269350E+15   0.788891E+14   0.196130E+15
   0.215168E+14   0.215328E+14  -0.599674E+13   0.788891E+14   0.366369E+15   0.143509E+15
  -0.391125E+12   0.159093E+14   0.991044E+13   0.196130E+15   0.143509E+15   0.299590E+15
 trial position no.            3
 
 
 
 
 
 
 
 
 
 
 
 
  Covariance matrix; NOT corrected for  scaling
   0.865606E+14  -0.624785E+14   0.702801E+14   0.775030E+14   0.736909E+14   0.128176E+15
  -0.624785E+14   0.178317E+16   0.734393E+15   0.396853E+15   0.321604E+15   0.483493E+15
   0.702802E+14   0.734393E+15   0.229823E+16  -0.238492E+15  -0.259006E+15  -0.345270E+15
   0.775030E+14   0.396853E+15  -0.238492E+15   0.146230E+16   0.135312E+16   0.229747E+16
   0.736909E+14   0.321604E+15  -0.259007E+15   0.135312E+16   0.153476E+16   0.237322E+16
   0.128176E+15   0.483493E+15  -0.345270E+15   0.229747E+16   0.237322E+16   0.402742E+16
 trial position no.            4
 
 
 
 
 
 
 
 
 
 
 
 
  Covariance matrix; NOT corrected for  scaling
   0.972322E+14  -0.666579E+14   0.635936E+14   0.752700E+14   0.702569E+14   0.102010E+15
  -0.666580E+14   0.114444E+16   0.241408E+15   0.208854E+15   0.149413E+15   0.148928E+15
   0.635938E+14   0.241407E+15   0.125602E+16  -0.902966E+14  -0.893165E+14  -0.642019E+14
   0.752700E+14   0.208854E+15  -0.902965E+14   0.936757E+15   0.810610E+15   0.120659E+16
   0.702570E+14   0.149413E+15  -0.893163E+14   0.810610E+15   0.100135E+16   0.126626E+16
   0.102010E+15   0.148928E+15  -0.642017E+14   0.120659E+16   0.126626E+16   0.194713E+16
 trial position no.            5
 
 
 
 
 
 
 
 
 
 
 
 
  Covariance matrix; NOT corrected for  scaling
   0.107489E+15  -0.674223E+14   0.586809E+14   0.695900E+14   0.631640E+14   0.730809E+14
  -0.674223E+14   0.853914E+15   0.101667E+15   0.140571E+15   0.884806E+14   0.339807E+14
   0.586809E+14   0.101667E+15   0.857549E+15  -0.516327E+14  -0.432675E+14   0.456234E+13
   0.695900E+14   0.140571E+15  -0.516327E+14   0.694016E+15   0.549841E+15   0.703533E+15
   0.631640E+14   0.884806E+14  -0.432676E+14   0.549841E+15   0.747819E+15   0.747374E+15
   0.730809E+14   0.339808E+14   0.456234E+13   0.703533E+15   0.747374E+15   0.109310E+16
 trial position no.            6
 
 
 
 
 
 
 
 
 
 
 
 
  Covariance matrix; NOT corrected for  scaling
   0.118136E+15  -0.641650E+14   0.526718E+14   0.606929E+14   0.532168E+14   0.406016E+14
  -0.641650E+14   0.595572E+15   0.526950E+14   0.980018E+14   0.524583E+14  -0.221570E+14
   0.526718E+14   0.526950E+14   0.576536E+15  -0.337875E+14  -0.237267E+14   0.270848E+14
   0.606930E+14   0.980018E+14  -0.337875E+14   0.521827E+15   0.359448E+15   0.357342E+15
   0.532168E+14   0.524583E+14  -0.237267E+14   0.359448E+15   0.564237E+15   0.385756E+15
   0.406016E+14  -0.221571E+14   0.270847E+14   0.357342E+15   0.385756E+15   0.598710E+15
 trial position no.            3
 
 
 
 
 
 
 
 
 
 
 
 
  Covariance matrix; NOT corrected for  scaling
   0.569637E+14  -0.287814E+14   0.521722E+14   0.651773E+14   0.717997E+14   0.882578E+14
  -0.287813E+14   0.108716E+16   0.675253E+15   0.273625E+15   0.189950E+15   0.316712E+15
   0.521722E+14   0.675253E+15   0.151456E+16  -0.111690E+15  -0.157756E+15  -0.196445E+15
   0.651773E+14   0.273625E+15  -0.111689E+15   0.775795E+15   0.725285E+15   0.121181E+16
   0.717997E+14   0.189951E+15  -0.157755E+15   0.725285E+15   0.850095E+15   0.126850E+16
   0.882579E+14   0.316712E+15  -0.196444E+15   0.121181E+16   0.126850E+16   0.213678E+16
 trial position no.            4
 
 
 
 
 
 
 
 
 
 
 
 
  Covariance matrix; NOT corrected for  scaling
   0.664795E+14  -0.418105E+14   0.498414E+14   0.646883E+14   0.752696E+14   0.713821E+14
  -0.418105E+14   0.698620E+15   0.331511E+15   0.119934E+15   0.501859E+14   0.588163E+14
   0.498413E+14   0.331511E+15   0.870898E+15  -0.194207E+14  -0.360370E+14  -0.129197E+14
   0.646882E+14   0.119934E+15  -0.194210E+14   0.482744E+15   0.426039E+15   0.631483E+15
   0.752696E+14   0.501857E+14  -0.360373E+14   0.426039E+15   0.563556E+15   0.682340E+15
   0.713821E+14   0.588159E+14  -0.129202E+14   0.631483E+15   0.682340E+15   0.106765E+16
 trial position no.            5
 
 
 
 
 
 
 
 
 
 
 
 
  Covariance matrix; NOT corrected for  scaling
   0.755247E+14  -0.455132E+14   0.461628E+14   0.632688E+14   0.774919E+14   0.497107E+14
  -0.455132E+14   0.526301E+15   0.216644E+15   0.715590E+14   0.892114E+13  -0.141356E+14
   0.461628E+14   0.216644E+15   0.616651E+15  -0.540693E+12  -0.604900E+13   0.231734E+14
   0.632688E+14   0.715590E+14  -0.540729E+12   0.352843E+15   0.287672E+15   0.360998E+15
   0.774919E+14   0.892115E+13  -0.604902E+13   0.287672E+15   0.434667E+15   0.399389E+15
   0.497107E+14  -0.141356E+14   0.231734E+14   0.360998E+15   0.399389E+15   0.608021E+15
 trial position no.            6
 
 
 
 
 
 
 
 
 
 
 
 
  Covariance matrix; NOT corrected for  scaling
   0.846497E+14  -0.454219E+14   0.421088E+14   0.565846E+14   0.746781E+14   0.196049E+14
  -0.454219E+14   0.372154E+15   0.149506E+15   0.480506E+14  -0.855324E+13  -0.352385E+14
   0.421088E+14   0.149506E+15   0.427195E+15   0.450205E+13   0.356094E+13   0.261092E+14
   0.565846E+14   0.480506E+14   0.450203E+13   0.265036E+15   0.188412E+15   0.182326E+15
   0.746781E+14  -0.855322E+13   0.356091E+13   0.188412E+15   0.341605E+15   0.202574E+15
   0.196049E+14  -0.352384E+14   0.261092E+14   0.182326E+15   0.202574E+15   0.353200E+15
 trial position no.            3
 
 
 
 
 
 
 
 
 
 
 
 
  Covariance matrix; NOT corrected for  scaling
   0.546132E+14  -0.330754E+14   0.840285E+13   0.213444E+11   0.106829E+14   0.203681E+14
  -0.330754E+14   0.114723E+16   0.155209E+15   0.379247E+14   0.958980E+14   0.109021E+15
   0.840285E+13   0.155209E+15   0.182195E+16  -0.124686E+15  -0.103679E+15  -0.139045E+15
   0.213436E+11   0.379247E+14  -0.124686E+15   0.913638E+15   0.879157E+15   0.145983E+16
   0.106830E+14   0.958980E+14  -0.103679E+15   0.879157E+15   0.112662E+16   0.164151E+16
   0.203681E+14   0.109021E+15  -0.139045E+15   0.145983E+16   0.164151E+16   0.269195E+16
 trial position no.            4
 
 
 
 
 
 
 
 
 
 
 
 
  Covariance matrix; NOT corrected for  scaling
   0.587487E+14  -0.277764E+14   0.832138E+13  -0.210125E+13   0.109026E+14   0.164760E+14
  -0.277764E+14   0.738992E+15  -0.233578E+14   0.246786E+14   0.825643E+14   0.742305E+14
   0.832138E+13  -0.233578E+14   0.104903E+16  -0.468929E+14  -0.323982E+14  -0.199150E+14
  -0.210125E+13   0.246786E+14  -0.468929E+14   0.595589E+15   0.525650E+15   0.763783E+15
   0.109026E+14   0.825643E+14  -0.323982E+14   0.525650E+15   0.774411E+15   0.890934E+15
   0.164760E+14   0.742305E+14  -0.199150E+14   0.763783E+15   0.890934E+15   0.131096E+16
 trial position no.            5
 
 
 
 
 
 
 
 
 
 
 
 
  Covariance matrix; NOT corrected for  scaling
   0.628735E+14  -0.261847E+14   0.888265E+13  -0.492077E+13   0.105290E+14   0.125565E+14
  -0.261847E+14   0.541723E+15  -0.559524E+14  -0.485832E+13   0.514195E+14   0.264101E+14
   0.888265E+13  -0.559524E+14   0.724306E+15  -0.326029E+14  -0.201464E+14  -0.944597E+12
  -0.492077E+13  -0.485833E+13  -0.326029E+14   0.445659E+15   0.353714E+15   0.451164E+15
   0.105290E+14   0.514195E+14  -0.201464E+14   0.353714E+15   0.618218E+15   0.549209E+15
   0.125565E+14   0.264101E+14  -0.944588E+12   0.451164E+15   0.549210E+15   0.772905E+15
 trial position no.            6
 
 
 
 
 
 
 
 
 
 
 
 
  Covariance matrix; NOT corrected for  scaling
   0.673122E+14  -0.238585E+14   0.850566E+13  -0.843746E+13   0.971846E+13   0.849758E+13
  -0.238585E+14   0.373907E+15  -0.490394E+14  -0.106373E+14   0.432601E+14   0.135112E+14
   0.850565E+13  -0.490394E+14   0.487215E+15  -0.220664E+14  -0.963374E+13   0.112218E+14
  -0.843746E+13  -0.106373E+14  -0.220664E+14   0.331262E+15   0.215228E+15   0.228330E+15
   0.971846E+13   0.432601E+14  -0.963374E+13   0.215228E+15   0.493008E+15   0.290468E+15
   0.849758E+13   0.135112E+14   0.112218E+14   0.228330E+15   0.290468E+15   0.444444E+15
 trial position no.            3
 
 
 
 
 
 
 
 
 
 
 
 
  Covariance matrix; NOT corrected for  scaling
   0.557469E+14  -0.340223E+14   0.162518E+14   0.391041E+13   0.151877E+14   0.260578E+14
  -0.340223E+14   0.132688E+16   0.200343E+15   0.130447E+15   0.163447E+15   0.212880E+15
   0.162518E+14   0.200343E+15   0.186976E+16  -0.140387E+15  -0.131021E+15  -0.177989E+15
   0.391040E+13   0.130447E+15  -0.140387E+15   0.104102E+16   0.985587E+15   0.166016E+16
   0.151877E+14   0.163447E+15  -0.131021E+15   0.985587E+15   0.124372E+16   0.181343E+16
   0.260577E+14   0.212880E+15  -0.177989E+15   0.166016E+16   0.181343E+16   0.300100E+16
 trial position no.            4
 
 
 
 
 
 
 
 
 
 
 
 
  Covariance matrix; NOT corrected for  scaling
   0.596694E+14  -0.278517E+14   0.140992E+14   0.927027E+12   0.155984E+14   0.204234E+14
  -0.278517E+14   0.823318E+15  -0.361349E+13   0.830565E+14   0.116885E+15   0.113985E+15
   0.140992E+14  -0.361348E+13   0.112978E+16  -0.676299E+14  -0.568632E+14  -0.486450E+14
   0.927036E+12   0.830565E+14  -0.676299E+14   0.681603E+15   0.589369E+15   0.876579E+15
   0.155984E+14   0.116885E+15  -0.568632E+14   0.589369E+15   0.856291E+15   0.980390E+15
   0.204234E+14   0.113985E+15  -0.486450E+14   0.876579E+15   0.980390E+15   0.145660E+16
 trial position no.            5
 
 
 
 
 
 
 
 
 
 
 
 
  Covariance matrix; NOT corrected for  scaling
   0.636525E+14  -0.256592E+14   0.133153E+14  -0.277219E+13   0.156061E+14   0.151162E+14
  -0.256592E+14   0.588395E+15  -0.460738E+14   0.426643E+14   0.759568E+14   0.454115E+14
   0.133153E+14  -0.460738E+14   0.803088E+15  -0.510024E+14  -0.385242E+14  -0.173969E+14
  -0.277219E+13   0.426643E+14  -0.510024E+14   0.510226E+15   0.392738E+15   0.519830E+15
   0.156061E+14   0.759568E+14  -0.385242E+14   0.392738E+15   0.681758E+15   0.596552E+15
   0.151162E+14   0.454115E+14  -0.173969E+14   0.519830E+15   0.596552E+15   0.846584E+15
 trial position no.            6
 
 
 
 
 
 
 
 
 
 
 
 
  Covariance matrix; NOT corrected for  scaling
   0.679302E+14  -0.232006E+14   0.122324E+14  -0.711695E+13   0.152385E+14   0.968605E+13
  -0.232006E+14   0.401573E+15  -0.434537E+14   0.246211E+14   0.563693E+14   0.149264E+14
   0.122324E+14  -0.434537E+14   0.547856E+15  -0.366298E+14  -0.220624E+14   0.451729E+13
  -0.711695E+13   0.246211E+14  -0.366298E+14   0.382837E+15   0.237323E+15   0.267911E+15
   0.152385E+14   0.563693E+14  -0.220624E+14   0.237323E+15   0.545311E+15   0.310166E+15
   0.968605E+13   0.149264E+14   0.451729E+13   0.267911E+15   0.310166E+15   0.477423E+15
 trial position no.            3
 
 
 
 
 
 
 
 
 
 
 
 
  Covariance matrix; NOT corrected for  scaling
   0.473888E+14  -0.194257E+14   0.203807E+14   0.530378E+14   0.654517E+14   0.503314E+14
  -0.194256E+14   0.581332E+15   0.398660E+15   0.132065E+15   0.812516E+14   0.154886E+15
   0.203807E+14   0.398660E+15   0.897492E+15  -0.959600E+14  -0.142497E+15  -0.165218E+15
   0.530378E+14   0.132065E+15  -0.959603E+14   0.423997E+15   0.413542E+15   0.636476E+15
   0.654517E+14   0.812514E+14  -0.142497E+15   0.413542E+15   0.514380E+15   0.686158E+15
   0.503315E+14   0.154886E+15  -0.165218E+15   0.636476E+15   0.686158E+15   0.110992E+16
 trial position no.            4
 
 
 
 
 
 
 
 
 
 
 
 
  Covariance matrix; NOT corrected for  scaling
   0.525956E+14  -0.272814E+14   0.225199E+14   0.466898E+14   0.611843E+14   0.269513E+14
  -0.272815E+14   0.411086E+15   0.266892E+15   0.526859E+14   0.640836E+13   0.269630E+14
   0.225199E+14   0.266892E+15   0.595517E+15  -0.209769E+14  -0.495034E+14  -0.261941E+14
   0.466898E+14   0.526859E+14  -0.209769E+14   0.254244E+15   0.232302E+15   0.314389E+15
   0.611843E+14   0.640839E+13  -0.495034E+14   0.232302E+15   0.334296E+15   0.344476E+15
   0.269513E+14   0.269630E+14  -0.261940E+14   0.314389E+15   0.344476E+15   0.546244E+15
 trial position no.            5
 
 
 
 
 
 
 
 
 
 
 
 
  Covariance matrix; NOT corrected for  scaling
   0.591301E+14  -0.293884E+14   0.191861E+14   0.479027E+14   0.658792E+14   0.115540E+14
  -0.293884E+14   0.330673E+15   0.219951E+15   0.256896E+14  -0.165771E+14  -0.918395E+13
   0.191861E+14   0.219951E+15   0.469580E+15  -0.664039E+13  -0.288448E+14   0.387537E+13
   0.479027E+14   0.256897E+14  -0.664036E+13   0.187964E+15   0.161298E+15   0.173253E+15
   0.658792E+14  -0.165771E+14  -0.288448E+14   0.161298E+15   0.271286E+15   0.190359E+15
   0.115539E+14  -0.918386E+13   0.387542E+13   0.173253E+15   0.190359E+15   0.318369E+15
 trial position no.            6
 
 
 
 
 
 
 
 
 
 
 
 
  Covariance matrix; NOT corrected for  scaling
   0.649444E+14  -0.299715E+14   0.174791E+14   0.431978E+14   0.642819E+14  -0.115747E+14
  -0.299715E+14   0.247274E+15   0.172960E+15   0.151680E+14  -0.237522E+14  -0.135831E+14
   0.174791E+14   0.172960E+15   0.350830E+15  -0.107254E+12  -0.179915E+14   0.132627E+14
   0.431977E+14   0.151681E+14  -0.107243E+12   0.141431E+15   0.106762E+15   0.813127E+14
   0.642819E+14  -0.237522E+14  -0.179915E+14   0.106762E+15   0.220680E+15   0.802095E+14
  -0.115748E+14  -0.135830E+14   0.132627E+14   0.813127E+14   0.802095E+14   0.203659E+15
 trial position no.            3
 
 
 
 
 
 
 
 
 
 
 
 
  Covariance matrix; NOT corrected for  scaling
   0.610006E+14  -0.214325E+14   0.305731E+13  -0.151228E+14   0.276582E+13   0.155629E+14
  -0.214325E+14   0.120893E+16   0.721061E+14  -0.593469E+13   0.580619E+14   0.507042E+14
   0.305731E+13   0.721061E+14   0.175703E+16  -0.667642E+14  -0.448647E+14  -0.737992E+14
  -0.151228E+14  -0.593468E+13  -0.667642E+14   0.952319E+15   0.896134E+15   0.150037E+16
   0.276584E+13   0.580619E+14  -0.448647E+14   0.896134E+15   0.107377E+16   0.161818E+16
   0.155630E+14   0.507041E+14  -0.737992E+14   0.150037E+16   0.161818E+16   0.270002E+16
 trial position no.            4
 
 
 
 
 
 
 
 
 
 
 
 
  Covariance matrix; NOT corrected for  scaling
   0.666052E+14  -0.182131E+14   0.490433E+13  -0.171600E+14   0.482319E+13   0.169408E+14
  -0.182131E+14   0.769419E+15  -0.933119E+14   0.113864E+14   0.684953E+14   0.633780E+14
   0.490433E+13  -0.933119E+14   0.100582E+16  -0.161877E+14  -0.218851E+13  -0.220778E+12
  -0.171600E+14   0.113863E+14  -0.161877E+14   0.621032E+15   0.542064E+15   0.784659E+15
   0.482318E+13   0.684952E+14  -0.218851E+13   0.542064E+15   0.722450E+15   0.872156E+15
   0.169408E+14   0.633779E+14  -0.220776E+12   0.784659E+15   0.872156E+15   0.130165E+16
 trial position no.            5
 
 
 
 
 
 
 
 
 
 
 
 
  Covariance matrix; NOT corrected for  scaling
   0.721285E+14  -0.178590E+14   0.640234E+13  -0.200794E+14   0.586079E+13   0.168317E+14
  -0.178590E+14   0.568043E+15  -0.118824E+15  -0.804689E+13   0.441381E+14   0.281345E+14
   0.640234E+13  -0.118824E+15   0.700385E+15  -0.117775E+14  -0.984325E+12   0.325145E+13
  -0.200794E+14  -0.804689E+13  -0.117775E+14   0.466055E+15   0.373494E+15   0.465564E+15
   0.586079E+13   0.441381E+14  -0.984325E+12   0.373494E+15   0.565802E+15   0.538586E+15
   0.168317E+14   0.281344E+14   0.325145E+13   0.465564E+15   0.538586E+15   0.762112E+15
 trial position no.            6
 
 
 
 
 
 
 
 
 
 
 
 
  Covariance matrix; NOT corrected for  scaling
   0.779228E+14  -0.168754E+14   0.626660E+13  -0.232376E+14   0.684759E+13   0.166143E+14
  -0.168754E+14   0.395326E+15  -0.982341E+14  -0.101976E+14   0.371208E+14   0.180550E+14
   0.626660E+13  -0.982341E+14   0.475811E+15  -0.802837E+13   0.110155E+13   0.581090E+13
  -0.232376E+14  -0.101976E+14  -0.802837E+13   0.344893E+15   0.237068E+15   0.233937E+15
   0.684759E+13   0.371208E+14   0.110155E+13   0.237068E+15   0.439661E+15   0.287083E+15
   0.166143E+14   0.180550E+14   0.581090E+13   0.233937E+15   0.287083E+15   0.429451E+15
 trial position no.            3
 
 
 
 
 
 
 
 
 
 
 
 
  Covariance matrix; NOT corrected for  scaling
   0.538795E+14  -0.462103E+13   0.123093E+14   0.646320E+13   0.138884E+14   0.137579E+14
  -0.462103E+13   0.168592E+16   0.161006E+15   0.797699E+14   0.520359E+14   0.877566E+14
   0.123093E+14   0.161006E+15   0.201708E+16   0.131380E+15   0.161972E+15   0.219371E+15
   0.646319E+13   0.797699E+14   0.131380E+15   0.131261E+16   0.109709E+16   0.195332E+16
   0.138883E+14   0.520359E+14   0.161972E+15   0.109709E+16   0.128320E+16   0.204274E+16
   0.137579E+14   0.877566E+14   0.219371E+15   0.195332E+16   0.204274E+16   0.351905E+16
 trial position no.            4
 
 
 
 
 
 
 
 
 
 
 
 
  Covariance matrix; NOT corrected for  scaling
   0.575510E+14  -0.696221E+13   0.688953E+13   0.317771E+13   0.140670E+14   0.952802E+13
  -0.696221E+13   0.126328E+16   0.963079E+14   0.445918E+14   0.166810E+14   0.233841E+14
   0.688953E+13   0.963079E+14   0.996828E+15   0.826231E+14   0.103193E+15   0.111563E+15
   0.317770E+13   0.445918E+14   0.826231E+14   0.899825E+15   0.657385E+15   0.104133E+16
   0.140670E+14   0.166810E+14   0.103193E+15   0.657385E+15   0.867522E+15   0.113521E+16
   0.952801E+13   0.233841E+14   0.111563E+15   0.104133E+16   0.113521E+16   0.173992E+16
 trial position no.            5
 
 
 
 
 
 
 
 
 
 
 
 
  Covariance matrix; NOT corrected for  scaling
   0.613271E+14  -0.928236E+13   0.481800E+13   0.364321E+12   0.149900E+14   0.690088E+13
  -0.928236E+13   0.103148E+16   0.743122E+14   0.339807E+14   0.460299E+13   0.353119E+13
   0.481800E+13   0.743122E+14   0.637801E+15   0.566618E+14   0.754305E+14   0.626132E+14
   0.364318E+12   0.339806E+14   0.566618E+14   0.708449E+15   0.436202E+15   0.618913E+15
   0.149900E+14   0.460298E+13   0.754305E+14   0.436202E+15   0.668935E+15   0.713564E+15
   0.690087E+13   0.353119E+13   0.626132E+14   0.618913E+15   0.713564E+15   0.101585E+16
 trial position no.            6
 
 
 
 
 
 
 
 
 
 
 
 
  Covariance matrix; NOT corrected for  scaling
   0.652431E+14  -0.989075E+13   0.373940E+13  -0.261225E+13   0.157592E+14   0.399328E+13
  -0.989075E+13   0.759603E+15   0.544819E+14   0.271763E+14  -0.154330E+13  -0.601824E+13
   0.373940E+13   0.544819E+14   0.415737E+15   0.344896E+14   0.536688E+14   0.272273E+14
  -0.261225E+13   0.271763E+14   0.344896E+14   0.564506E+15   0.261368E+15   0.310710E+15
   0.157592E+14  -0.154330E+13   0.536688E+14   0.261368E+15   0.515743E+15   0.403232E+15
   0.399327E+13  -0.601824E+13   0.272273E+14   0.310710E+15   0.403232E+15   0.561282E+15
