     1    4   -4    -35.    -19.   -0.14577E+17    0.82422E+16   -0.22157E+17   -0.46989E+17   -0.11839E+17   -0.15494E+17                0.7662
     1    4   -3    -41.    -20.   -0.15548E+17    0.47043E+16   -0.30321E+17   -0.48733E+17   -0.14219E+17   -0.18993E+17                0.7695
     1    4   -2    -45.    -21.   -0.16392E+17    0.11521E+16   -0.38195E+17   -0.50138E+17   -0.16557E+17   -0.22417E+17                0.7673
     1    5   -5    -23.      1.   -0.15093E+17    0.83329E+16   -0.14048E+17   -0.43886E+17   -0.74529E+16    0.40383E+15                0.7626
     1    5   -4    -32.     -3.   -0.16228E+17    0.57662E+16   -0.20823E+17   -0.45626E+17   -0.97276E+16   -0.22619E+16                0.7711
     1    5   -3    -39.     -7.   -0.17231E+17    0.31596E+16   -0.27396E+17   -0.47047E+17   -0.11991E+17   -0.49608E+16                0.7734
     1    5   -2    -43.     -9.   -0.18093E+17    0.53671E+15   -0.33707E+17   -0.48134E+17   -0.14221E+17   -0.76647E+16                0.7696
     1    5   -1    -45.    -11.   -0.18804E+17   -0.20779E+16   -0.39698E+17   -0.48872E+17   -0.16393E+17   -0.10343E+17                0.7595
     1    6   -4    -16.     20.   -0.17454E+17    0.47005E+16   -0.18321E+17   -0.41987E+17   -0.57448E+16    0.12585E+17                0.7629
     1    6   -3    -23.     17.   -0.18474E+17    0.28853E+16   -0.23572E+17   -0.42906E+17   -0.77483E+16    0.10775E+17                0.7619
     2    3   -3    -38.    -35.   -0.17163E+17   -0.89213E+16   -0.43423E+17   -0.43396E+17   -0.36888E+17   -0.52050E+17                0.8683
     2    3   -2    -39.    -35.   -0.16574E+17   -0.11129E+17   -0.47823E+17   -0.43847E+17   -0.38064E+17   -0.53209E+17                0.8670
     2    4   -3    -36.    -26.   -0.18565E+17   -0.76347E+15   -0.31796E+17   -0.33354E+17   -0.26816E+17   -0.25152E+17                0.8668
     2    4   -2    -38.    -26.   -0.18038E+17   -0.23866E+16   -0.35420E+17   -0.33870E+17   -0.28083E+17   -0.26300E+17                0.8710
     2    4   -1    -39.    -26.   -0.17344E+17   -0.39876E+16   -0.38666E+17   -0.34218E+17   -0.29230E+17   -0.27360E+17                0.8656
     2    5   -3    -34.    -11.   -0.19717E+17    0.25445E+16   -0.26718E+17   -0.26660E+17   -0.20082E+17   -0.71672E+16                0.8635
     2    5   -2    -36.    -12.   -0.19221E+17    0.12962E+16   -0.29874E+17   -0.27162E+17   -0.21360E+17   -0.81638E+16                0.8704
     2    5   -1    -39.    -13.   -0.18548E+17    0.31340E+14   -0.32712E+17   -0.27538E+17   -0.22558E+17   -0.91778E+16                0.8683
     2    6   -2    -23.     14.   -0.20206E+17    0.27286E+16   -0.24841E+17   -0.21546E+17   -0.15703E+17    0.70164E+16                0.8675
     2    6   -1    -28.     13.   -0.19545E+17    0.17265E+16   -0.27248E+17   -0.21878E+17   -0.16881E+17    0.61948E+16                0.8675
     3    3   -2    -38.    -30.   -0.13864E+17   -0.46890E+16   -0.31014E+17   -0.32322E+17   -0.19383E+17   -0.27188E+17                0.6878
     3    3   -1    -37.    -31.   -0.13823E+17   -0.60792E+16   -0.31472E+17   -0.33591E+17   -0.20534E+17   -0.28973E+17                0.7001
     3    3    0    -37.    -31.   -0.13655E+17   -0.74759E+16   -0.31611E+17   -0.34639E+17   -0.21562E+17   -0.30597E+17                0.7012
     3    3    1    -37.    -32.   -0.13362E+17   -0.88636E+16   -0.31430E+17   -0.35464E+17   -0.22462E+17   -0.32053E+17                0.6911
     3    4   -1    -28.    -18.   -0.14363E+17   -0.52405E+16   -0.21798E+17   -0.26602E+17   -0.12953E+17   -0.10405E+17                0.6872
     3    4    0    -29.    -19.   -0.14187E+17   -0.60617E+16   -0.22111E+17   -0.27643E+17   -0.13942E+17   -0.11704E+17                0.6898
     3    4    1    -31.    -20.   -0.13881E+17   -0.68712E+16   -0.22200E+17   -0.28508E+17   -0.14855E+17   -0.12959E+17                0.6815
     3    5   -1    -16.      0.   -0.14835E+17   -0.41311E+16   -0.16135E+17   -0.23037E+17   -0.91622E+16    0.46076E+14                0.6807
     3    5    0    -19.     -2.   -0.14649E+17   -0.46220E+16   -0.16480E+17   -0.23885E+17   -0.99405E+16   -0.75763E+15                0.6832
     3    6    0      3.     21.   -0.15061E+17   -0.37979E+16   -0.12582E+17   -0.20571E+17   -0.66681E+16    0.83329E+16                0.6757
     4    3   -4    -55.    -28.   -0.14971E+17    0.15739E+17   -0.34674E+17   -0.34067E+17   -0.18175E+17   -0.27277E+17                0.7129
     4    3   -3    -52.    -28.   -0.15123E+17    0.11731E+17   -0.35125E+17   -0.34316E+17   -0.18107E+17   -0.26830E+17                0.7248
     4    3   -2    -49.    -28.   -0.15135E+17    0.75489E+16   -0.35199E+17   -0.34337E+17   -0.17935E+17   -0.26233E+17                0.7260
     4    3   -1    -45.    -28.   -0.15004E+17    0.32341E+16   -0.34895E+17   -0.34126E+17   -0.17658E+17   -0.25488E+17                0.7165
     4    4   -4    -50.    -18.   -0.15333E+17    0.12936E+17   -0.24567E+17   -0.28890E+17   -0.12133E+17   -0.11582E+17                0.7059
     4    4   -3    -46.    -17.   -0.15476E+17    0.96618E+16   -0.24491E+17   -0.29120E+17   -0.11988E+17   -0.10999E+17                0.7183
     4    4   -2    -42.    -17.   -0.15476E+17    0.62410E+16   -0.24148E+17   -0.29152E+17   -0.11777E+17   -0.10365E+17                0.7200
     4    4   -1    -37.    -16.   -0.15330E+17    0.27077E+16   -0.23541E+17   -0.28988E+17   -0.11503E+17   -0.96906E+16                0.7110
     4    5   -3    -38.     -2.   -0.15838E+17    0.79393E+16   -0.19003E+17   -0.25910E+17   -0.81188E+16   -0.88497E+15                0.7100
     4    5   -2    -33.     -1.   -0.15826E+17    0.50619E+16   -0.18594E+17   -0.25956E+17   -0.78825E+16   -0.22791E+15                0.7124
     5    4   -4    -56.    -23.   -0.13315E+17    0.95471E+16   -0.31072E+17   -0.38222E+17   -0.23828E+17   -0.21791E+17                0.7336
     5    4   -3    -56.    -24.   -0.13735E+17    0.82530E+16   -0.35677E+17   -0.38739E+17   -0.25359E+17   -0.23943E+17                0.7410
     5    4   -2    -56.    -24.   -0.14036E+17    0.68939E+16   -0.39916E+17   -0.39022E+17   -0.26765E+17   -0.26001E+17                0.7413
     5    4   -1    -55.    -25.   -0.14217E+17    0.54824E+16   -0.43750E+17   -0.39064E+17   -0.28031E+17   -0.27942E+17                0.7342
     5    5   -4    -60.     -8.   -0.14119E+17    0.99533E+16   -0.26923E+17   -0.33314E+17   -0.18917E+17   -0.57806E+16                0.7337
     5    5   -3    -61.    -10.   -0.14567E+17    0.90480E+16   -0.30717E+17   -0.33713E+17   -0.20394E+17   -0.75760E+16                0.7417
     5    5   -2    -61.    -12.   -0.14889E+17    0.80637E+16   -0.34196E+17   -0.33908E+17   -0.21774E+17   -0.93754E+16                0.7426
     5    5   -1    -60.    -13.   -0.15083E+17    0.70099E+16   -0.37330E+17   -0.33894E+17   -0.23043E+17   -0.11158E+17                0.7362
     5    6   -3    -49.     16.   -0.15350E+17    0.86031E+16   -0.25656E+17   -0.28552E+17   -0.15324E+17    0.75422E+16                0.7366
     5    6   -2    -53.     12.   -0.15700E+17    0.79085E+16   -0.28513E+17   -0.28562E+17   -0.16594E+17    0.61091E+16                0.7373
     6    3   -4    -30.    -26.   -0.13281E+17    0.12691E+17   -0.19262E+17   -0.47036E+17   -0.10783E+17   -0.23372E+17                0.7593
     6    4   -5    -18.    -13.   -0.13654E+17    0.13171E+17   -0.14105E+17   -0.43578E+17   -0.45581E+16   -0.80951E+16                0.7605
     6    4   -4    -30.    -16.   -0.14578E+17    0.10019E+17   -0.21562E+17   -0.45481E+17   -0.69321E+16   -0.11469E+17                0.7677
     6    4   -3    -38.    -18.   -0.15381E+17    0.67940E+16   -0.28818E+17   -0.47065E+17   -0.93125E+16   -0.14815E+17                0.7684
     6    4   -2    -43.    -19.   -0.16057E+17    0.35279E+16   -0.35808E+17   -0.48313E+17   -0.11677E+17   -0.18101E+17                0.7626
     6    5   -5    -11.      4.   -0.14939E+17    0.98955E+16   -0.13231E+17   -0.43333E+17   -0.29735E+16    0.20403E+16                0.7640
     6    5   -4    -24.     -1.   -0.15859E+17    0.74025E+16   -0.19282E+17   -0.44905E+17   -0.52022E+16   -0.48580E+15                0.7697
     6    5   -3    -33.     -5.   -0.16648E+17    0.48487E+16   -0.25151E+17   -0.46159E+17   -0.74456E+16   -0.30471E+16                0.7684
     6    5   -2    -39.     -7.   -0.17298E+17    0.22573E+16   -0.30786E+17   -0.47074E+17   -0.96772E+16   -0.56124E+16                0.7599
     6    6   -4     -7.     21.   -0.16686E+17    0.60373E+16   -0.16665E+17   -0.41740E+17   -0.13959E+16    0.12337E+17                0.7583
     7    3   -2    -52.    -25.   -0.16470E+17    0.17432E+17   -0.36822E+17   -0.43735E+17   -0.15135E+17   -0.26344E+17                0.6755
     7    3   -1    -53.    -26.   -0.17356E+17    0.14496E+17   -0.41727E+17   -0.45346E+17   -0.18167E+17   -0.29919E+17                0.6835
     7    3    0    -52.    -27.   -0.18093E+17    0.11467E+17   -0.46241E+17   -0.46633E+17   -0.21105E+17   -0.33319E+17                0.6844
     7    3    1    -51.    -28.   -0.18677E+17    0.83740E+16   -0.50323E+17   -0.47579E+17   -0.23919E+17   -0.36510E+17                0.6780
     7    4   -2    -49.    -18.   -0.17217E+17    0.13463E+17   -0.33575E+17   -0.42800E+17   -0.12211E+17   -0.15339E+17                0.6789
     7    4   -1    -50.    -19.   -0.18092E+17    0.10996E+17   -0.37171E+17   -0.44188E+17   -0.15067E+17   -0.18007E+17                0.6865
     7    4    0    -50.    -20.   -0.18811E+17    0.84322E+16   -0.40433E+17   -0.45257E+17   -0.17845E+17   -0.20575E+17                0.6868
     7    4    1    -49.    -21.   -0.19369E+17    0.57958E+16   -0.43330E+17   -0.45996E+17   -0.20519E+17   -0.23015E+17                0.6795
     7    5   -1    -46.     -8.   -0.18676E+17    0.89176E+16   -0.30967E+17   -0.42390E+17   -0.12406E+17   -0.61514E+16                0.6800
     7    5    0    -47.    -10.   -0.19387E+17    0.69280E+16   -0.33438E+17   -0.43055E+17   -0.14926E+17   -0.78219E+16                0.6785
     8    3    1    -55.    -24.   -0.22437E+17    0.27671E+17   -0.42290E+17   -0.45425E+17   -0.21675E+17   -0.29325E+17                0.6588
     8    3    2    -53.    -26.   -0.23329E+17    0.22727E+17   -0.45892E+17   -0.47387E+17   -0.25365E+17   -0.33431E+17                0.6691
     8    3    3    -50.    -27.   -0.24018E+17    0.17586E+17   -0.49088E+17   -0.49011E+17   -0.28901E+17   -0.37347E+17                0.6730
     8    3    4    -47.    -28.   -0.24495E+17    0.12294E+17   -0.51850E+17   -0.50283E+17   -0.32249E+17   -0.41038E+17                0.6703
     8    3    5    -44.    -29.   -0.24757E+17    0.69031E+16   -0.54156E+17   -0.51182E+17   -0.35373E+17   -0.44461E+17                0.6609
     8    4    1    -49.    -18.   -0.23006E+17    0.21538E+17   -0.35919E+17   -0.45513E+17   -0.19599E+17   -0.18791E+17                0.6561
     8    4    2    -48.    -19.   -0.23857E+17    0.17612E+17   -0.37911E+17   -0.46792E+17   -0.22667E+17   -0.21180E+17                0.6651
     8    4    3    -46.    -21.   -0.24499E+17    0.13512E+17   -0.39575E+17   -0.47734E+17   -0.25593E+17   -0.23454E+17                0.6674
     8    4    4    -43.    -22.   -0.24927E+17    0.92762E+16   -0.40896E+17   -0.48327E+17   -0.28346E+17   -0.25586E+17                0.6629
     8    5    3    -41.    -11.   -0.24878E+17    0.11362E+17   -0.31762E+17   -0.45099E+17   -0.21827E+17   -0.95176E+16                0.6561
     9    4   -1    -54.    -23.   -0.14142E+17    0.25340E+16   -0.39443E+17   -0.39839E+17   -0.24031E+17   -0.23077E+17                0.6990
     9    4    0    -53.    -23.   -0.14480E+17    0.91840E+15   -0.42919E+17   -0.40397E+17   -0.25722E+17   -0.25224E+17                0.7021
     9    4    1    -51.    -24.   -0.14692E+17   -0.70662E+15   -0.45979E+17   -0.40689E+17   -0.27268E+17   -0.27238E+17                0.6970
     9    5   -2    -57.     -7.   -0.14242E+17    0.36442E+16   -0.31057E+17   -0.34449E+17   -0.17751E+17   -0.51068E+16                0.6891
     9    5   -1    -57.     -9.   -0.14745E+17    0.25619E+16   -0.34309E+17   -0.35037E+17   -0.19437E+17   -0.68422E+16                0.7010
     9    5    0    -56.    -11.   -0.15120E+17    0.14502E+16   -0.37226E+17   -0.35397E+17   -0.21023E+17   -0.85713E+16                0.7048
     9    5    1    -55.    -12.   -0.15366E+17    0.31901E+15   -0.39781E+17   -0.35524E+17   -0.22492E+17   -0.10276E+17                0.7004
     9    6   -1    -44.     17.   -0.15274E+17    0.25889E+16   -0.28711E+17   -0.29718E+17   -0.14441E+17    0.84649E+16                0.6939
     9    6    0    -46.     14.   -0.15687E+17    0.18421E+16   -0.31130E+17   -0.29852E+17   -0.15910E+17    0.71600E+16                0.6976
     9    6    1    -48.     10.   -0.15965E+17    0.10741E+16   -0.33246E+17   -0.29790E+17   -0.17296E+17    0.57783E+16                0.6932
    10    3    1    -40.    -35.   -0.20977E+17    0.39453E+15   -0.58751E+17   -0.44350E+17   -0.39128E+17   -0.56961E+17                0.8577
    10    4    1    -38.    -24.   -0.22564E+17    0.30587E+16   -0.49400E+17   -0.32454E+17   -0.26766E+17   -0.26802E+17                0.8591
    10    4    2    -35.    -26.   -0.22525E+17    0.43861E+15   -0.46818E+17   -0.33968E+17   -0.29766E+17   -0.29960E+17                0.8597
    10    5    1    -39.    -13.   -0.23736E+17    0.62202E+16   -0.42801E+17   -0.26913E+17   -0.21633E+17   -0.10408E+17                0.8706
    10    5    2    -35.    -15.   -0.23669E+17    0.38739E+16   -0.40875E+17   -0.27896E+17   -0.24168E+17   -0.12480E+17                0.8728
    10    5    3    -32.    -17.   -0.23394E+17    0.14642E+16   -0.38549E+17   -0.28713E+17   -0.26550E+17   -0.14484E+17                0.8633
    10    6    0    -34.     11.   -0.24711E+17    0.80042E+16   -0.36526E+17   -0.20472E+17   -0.14074E+17    0.55931E+16                0.8596
    10    6    1    -30.      8.   -0.24827E+17    0.61301E+16   -0.35473E+17   -0.21281E+17   -0.16483E+17    0.43015E+16                0.8750
    10    6    2    -27.      5.   -0.24726E+17    0.41775E+16   -0.34071E+17   -0.21969E+17   -0.18795E+17    0.29634E+16                0.8787
    10    6    3    -24.      3.   -0.24409E+17    0.21654E+16   -0.32338E+17   -0.22531E+17   -0.20989E+17    0.15909E+16                0.8705
    11    4   -5     38.     -3.   -0.84021E+16    0.76690E+16   -0.10518E+17   -0.44040E+17    0.13821E+17   -0.14906E+16                0.8918
    11    4   -4     -8.    -10.   -0.10379E+17    0.49504E+15   -0.24065E+17   -0.47487E+17    0.10314E+17   -0.56551E+16                0.8948
    11    4   -3    -30.    -13.   -0.12282E+17   -0.66677E+16   -0.37408E+17   -0.50600E+17    0.66447E+16   -0.98370E+16                0.8935
    11    5   -6     71.     17.   -0.77024E+16    0.78622E+16   -0.11273E+16   -0.42338E+17    0.18581E+17    0.90011E+16                0.8905
    11    5   -5     32.     12.   -0.98945E+16    0.15258E+16   -0.13278E+17   -0.45758E+17    0.15298E+17    0.62186E+16                0.8986
    11    5   -4     -2.      6.   -0.12025E+17   -0.48313E+16   -0.25325E+17   -0.48866E+17    0.11806E+17    0.33485E+16                0.9015
    11    5   -3    -24.      1.   -0.14072E+17   -0.11153E+17   -0.37162E+17   -0.51629E+17    0.81399E+16    0.42034E+15                0.8992
    11    5   -2    -33.     -3.   -0.16015E+17   -0.17381E+17   -0.48680E+17   -0.54018E+17    0.43345E+16   -0.25378E+16                0.8917
    11    6   -5     28.     25.   -0.10449E+17   -0.23760E+16   -0.14857E+17   -0.44762E+17    0.18853E+17    0.15360E+17                0.8918
    11    6   -4      5.     21.   -0.12620E+17   -0.76507E+16   -0.25271E+17   -0.47152E+17    0.15737E+17    0.13928E+17                0.8906
    12    3   -2    -52.    -26.   -0.15218E+17    0.45318E+16   -0.47139E+17   -0.45762E+17   -0.14699E+17   -0.28853E+17                0.7458
    12    3   -1    -52.    -26.   -0.16024E+17    0.23429E+16   -0.51850E+17   -0.47047E+17   -0.17016E+17   -0.31734E+17                0.7526
    12    3    0    -50.    -27.   -0.16697E+17    0.19554E+15   -0.56067E+17   -0.47986E+17   -0.19248E+17   -0.34415E+17                0.7501
    12    4   -2    -51.    -19.   -0.16104E+17    0.39437E+16   -0.42140E+17   -0.44557E+17   -0.11770E+17   -0.17641E+17                0.7524
    12    4   -1    -51.    -20.   -0.16912E+17    0.17747E+16   -0.46150E+17   -0.45819E+17   -0.14050E+17   -0.20044E+17                0.7597
    12    4    0    -50.    -20.   -0.17576E+17   -0.39467E+15   -0.49743E+17   -0.46740E+17   -0.16258E+17   -0.22317E+17                0.7576
    12    4    1    -49.    -21.   -0.18089E+17   -0.25431E+16   -0.52886E+17   -0.47308E+17   -0.18369E+17   -0.24436E+17                0.7462
    12    5   -2    -48.     -8.   -0.16981E+17    0.35202E+16   -0.35452E+17   -0.42832E+17   -0.96558E+16   -0.60440E+16                0.7454
    12    5   -1    -49.     -9.   -0.17793E+17    0.17291E+16   -0.38796E+17   -0.43779E+17   -0.11736E+17   -0.76887E+16                0.7504
    12    5    0    -48.    -11.   -0.18454E+17   -0.73950E+14   -0.41789E+17   -0.44397E+17   -0.13754E+17   -0.92842E+16                0.7461
    13    3   -2    -50.    -23.   -0.17447E+17    0.13863E+17   -0.42249E+17   -0.46498E+17   -0.77202E+16   -0.22948E+17                0.7888
    13    3   -1    -53.    -24.   -0.18265E+17    0.11312E+17   -0.48469E+17   -0.47925E+17   -0.10818E+17   -0.27025E+17                0.7877
    13    4   -3    -42.    -13.   -0.17753E+17    0.14402E+17   -0.33911E+17   -0.45127E+17   -0.11967E+16   -0.10106E+17                0.7961
    13    4   -2    -47.    -16.   -0.18714E+17    0.12037E+17   -0.39694E+17   -0.46966E+17   -0.44699E+16   -0.14002E+17                0.8034
    13    4   -1    -50.    -18.   -0.19519E+17    0.95637E+16   -0.45135E+17   -0.48470E+17   -0.77644E+16   -0.17832E+17                0.8025
    13    4    0    -51.    -20.   -0.20161E+17    0.70043E+16   -0.50186E+17   -0.49617E+17   -0.11045E+17   -0.21552E+17                0.7933
    13    5   -4    -18.      4.   -0.17872E+17    0.14989E+17   -0.22056E+17   -0.43629E+17    0.30383E+16    0.19857E+16                0.7860
    13    5   -3    -30.     -1.   -0.18963E+17    0.13210E+17   -0.27175E+17   -0.45269E+17    0.68084E+14   -0.79125E+15                0.7981
    13    5   -2    -38.     -5.   -0.19896E+17    0.11302E+17   -0.32058E+17   -0.46582E+17   -0.29548E+16   -0.35845E+16                0.8018
    13    5   -1    -43.     -8.   -0.20662E+17    0.92820E+16   -0.36661E+17   -0.47553E+17   -0.60009E+16   -0.63652E+16                0.7971
    14    3    1    -37.    -33.   -0.21172E+17    0.57696E+15   -0.46347E+17   -0.39747E+17   -0.30270E+17   -0.44628E+17                0.8351
    14    3    2    -32.    -36.   -0.21382E+17   -0.37589E+16   -0.38024E+17   -0.41034E+17   -0.33174E+17   -0.47727E+17                0.8408
    14    3    3    -29.    -37.   -0.21401E+17   -0.81258E+16   -0.29339E+17   -0.42054E+17   -0.35850E+17   -0.50516E+17                0.8380
    14    3    4    -28.    -38.   -0.21228E+17   -0.12480E+17   -0.20384E+17   -0.42794E+17   -0.38265E+17   -0.52961E+17                0.8269
    14    4    2    -20.    -25.   -0.22563E+17   -0.23327E+16   -0.26664E+17   -0.30546E+17   -0.20785E+17   -0.20253E+17                0.8283
    14    4    3    -17.    -27.   -0.22467E+17   -0.62124E+16   -0.20560E+17   -0.31769E+17   -0.23961E+17   -0.22996E+17                0.8310
    14    5    2     -6.    -11.   -0.23435E+17    0.42683E+15   -0.19254E+17   -0.25720E+17   -0.15226E+17   -0.58311E+16                0.8285
    14    5    3     -2.    -13.   -0.23258E+17   -0.27743E+16   -0.14641E+17   -0.26380E+17   -0.17968E+17   -0.74331E+16                0.8303
    14    6    2     18.     13.   -0.24175E+17    0.70879E+15   -0.14166E+17   -0.21077E+17   -0.10478E+17    0.62231E+16                0.8260
    14    6    3     23.     11.   -0.23921E+17   -0.18806E+16   -0.10720E+17   -0.21438E+17   -0.13085E+17    0.53415E+16                0.8275
    15    3   -1    -43.    -21.   -0.18832E+17    0.26327E+17   -0.30811E+17   -0.45881E+17   -0.10699E+17   -0.20081E+17                0.6583
    15    3    0    -48.    -23.   -0.19924E+17    0.20246E+17   -0.38377E+17   -0.48329E+17   -0.14979E+17   -0.25261E+17                0.6610
    15    3    1    -50.    -25.   -0.20844E+17    0.14009E+17   -0.45589E+17   -0.50431E+17   -0.19200E+17   -0.30328E+17                0.6592
    15    4   -2    -35.    -12.   -0.18470E+17    0.24166E+17   -0.25312E+17   -0.45397E+17   -0.53960E+16   -0.92357E+16                0.6596
    15    4   -1    -40.    -15.   -0.19634E+17    0.19988E+17   -0.29915E+17   -0.47480E+17   -0.91242E+16   -0.12620E+17                0.6668
    15    4    0    -43.    -17.   -0.20629E+17    0.15619E+17   -0.34251E+17   -0.49227E+17   -0.12836E+17   -0.15969E+17                0.6685
    15    4    1    -44.    -19.   -0.21446E+17    0.11100E+17   -0.38282E+17   -0.50622E+17   -0.16497E+17   -0.19254E+17                0.6645
    15    5   -1    -33.     -4.   -0.20048E+17    0.15202E+17   -0.25812E+17   -0.47478E+17   -0.63641E+16   -0.26615E+16                0.6630
    15    5    0    -36.     -6.   -0.21009E+17    0.11949E+17   -0.28687E+17   -0.48583E+17   -0.96645E+16   -0.46297E+16                0.6634
    15    5    1    -38.     -8.   -0.21787E+17    0.85715E+16   -0.31306E+17   -0.49333E+17   -0.12928E+17   -0.65957E+16                0.6576
    16    3    2    -51.    -28.   -0.18806E+17    0.12857E+17   -0.44322E+17   -0.40705E+17   -0.27029E+17   -0.33905E+17                0.6959
    16    3    3    -49.    -28.   -0.19067E+17    0.12228E+17   -0.41302E+17   -0.40985E+17   -0.27454E+17   -0.34122E+17                0.6959
    16    4    2    -45.    -19.   -0.19701E+17    0.62379E+16   -0.35339E+17   -0.35559E+17   -0.21306E+17   -0.16487E+17                0.6962
    16    4    3    -43.    -19.   -0.20017E+17    0.58235E+16   -0.33162E+17   -0.35780E+17   -0.21661E+17   -0.16495E+17                0.6996
    16    4    4    -40.    -19.   -0.20159E+17    0.53499E+16   -0.30682E+17   -0.35742E+17   -0.21872E+17   -0.16407E+17                0.6926
    16    5    2    -39.     -7.   -0.20567E+17    0.37163E+16   -0.29203E+17   -0.32025E+17   -0.17526E+17   -0.44202E+16                0.6947
    16    5    3    -36.     -6.   -0.20923E+17    0.34697E+16   -0.27487E+17   -0.32152E+17   -0.17785E+17   -0.42164E+16                0.7001
    16    5    4    -33.     -6.   -0.21097E+17    0.31854E+16   -0.25521E+17   -0.32044E+17   -0.17927E+17   -0.40014E+16                0.6951
    16    6    3    -19.     13.   -0.21722E+17    0.24449E+16   -0.22333E+17   -0.28371E+17   -0.13894E+17    0.70568E+16                0.6955
    16    6    4    -16.     14.   -0.21923E+17    0.22936E+16   -0.20764E+17   -0.28253E+17   -0.14029E+17    0.73024E+16                0.6917
    17    3   -2    -54.    -26.   -0.16337E+17    0.86951E+16   -0.46280E+17   -0.42305E+17   -0.20041E+17   -0.29668E+17                0.7040
    17    3   -1    -53.    -26.   -0.16884E+17    0.82168E+16   -0.47433E+17   -0.43348E+17   -0.21393E+17   -0.31322E+17                0.7201
    17    3    0    -52.    -27.   -0.17285E+17    0.77030E+16   -0.48140E+17   -0.44078E+17   -0.22617E+17   -0.32781E+17                0.7251
    17    3    1    -51.    -27.   -0.17538E+17    0.71600E+16   -0.48397E+17   -0.44479E+17   -0.23696E+17   -0.34019E+17                0.7189
    17    3    2    -50.    -28.   -0.17639E+17    0.65927E+16   -0.48201E+17   -0.44551E+17   -0.24622E+17   -0.35031E+17                0.7015
    17    4   -1    -51.    -19.   -0.17172E+17    0.54737E+16   -0.39543E+17   -0.40930E+17   -0.17682E+17   -0.18064E+17                0.7121
    17    4    0    -50.    -20.   -0.17559E+17    0.46722E+16   -0.40211E+17   -0.41577E+17   -0.18775E+17   -0.19121E+17                0.7170
    17    4    1    -49.    -20.   -0.17793E+17    0.38403E+16   -0.40510E+17   -0.41913E+17   -0.19747E+17   -0.20050E+17                0.7108
    17    5   -1    -49.     -9.   -0.17553E+17    0.42074E+16   -0.32620E+17   -0.38558E+17   -0.14788E+17   -0.65193E+16                0.6996
    17    5    0    -48.     -9.   -0.17932E+17    0.35019E+16   -0.33174E+17   -0.39028E+17   -0.15727E+17   -0.71734E+16                0.7033
    18    3    0    -46.    -32.   -0.17514E+17    0.43414E+16   -0.48953E+17   -0.40946E+17   -0.29823E+17   -0.42652E+17                0.7611
    18    3    1    -43.    -33.   -0.17725E+17    0.18936E+16   -0.45862E+17   -0.42680E+17   -0.32929E+17   -0.46171E+17                0.7746
    18    3    2    -41.    -34.   -0.17778E+17   -0.63327E+15   -0.42337E+17   -0.44134E+17   -0.35816E+17   -0.49399E+17                0.7777
    18    3    3    -40.    -36.   -0.17672E+17   -0.32142E+16   -0.38415E+17   -0.45296E+17   -0.38456E+17   -0.52308E+17                0.7705
    18    4    2    -39.    -24.   -0.18525E+17   -0.42565E+15   -0.34020E+17   -0.33845E+17   -0.24749E+17   -0.21905E+17                0.7678
    18    4    3    -37.    -25.   -0.18387E+17   -0.26332E+16   -0.31292E+17   -0.35017E+17   -0.27525E+17   -0.24422E+17                0.7653
    18    5    2    -36.    -10.   -0.19138E+17    0.13221E+16   -0.27116E+17   -0.28455E+17   -0.19678E+17   -0.62995E+16                0.7672
    18    5    3    -34.    -12.   -0.18970E+17   -0.39855E+15   -0.25117E+17   -0.29147E+17   -0.22031E+17   -0.78258E+16                0.7645
    18    6    2    -20.     15.   -0.19653E+17    0.13290E+16   -0.21597E+17   -0.23262E+17   -0.15140E+17    0.72403E+16                0.7634
    18    6    3    -20.     13.   -0.19451E+17   -0.72174E+13   -0.20170E+17   -0.23685E+17   -0.17294E+17    0.63576E+16                0.7609
    19    3   -3    -53.    -24.   -0.13574E+17    0.51714E+16   -0.38356E+17   -0.32493E+17   -0.10068E+17   -0.20161E+17                0.6268
    19    3   -2    -48.    -26.   -0.13722E+17    0.14133E+16   -0.38755E+17   -0.34426E+17   -0.12507E+17   -0.23710E+17                0.6425
    19    3   -1    -44.    -28.   -0.13741E+17   -0.23969E+16   -0.38808E+17   -0.36125E+17   -0.14872E+17   -0.27117E+17                0.6502
    19    3    0    -41.    -30.   -0.13630E+17   -0.62208E+16   -0.38515E+17   -0.37576E+17   -0.17140E+17   -0.30352E+17                0.6496
    19    3    1    -38.    -31.   -0.13391E+17   -0.10019E+17   -0.37878E+17   -0.38763E+17   -0.19290E+17   -0.33386E+17                0.6407
    19    3    2    -37.    -32.   -0.13025E+17   -0.13753E+17   -0.36905E+17   -0.39677E+17   -0.21301E+17   -0.36188E+17                0.6239
    19    4   -2    -35.    -14.   -0.14100E+17    0.39714E+16   -0.22692E+17   -0.29832E+17   -0.48957E+16   -0.77719E+16                0.6089
    19    4   -1    -32.    -18.   -0.14093E+17    0.72148E+15   -0.22725E+17   -0.31207E+17   -0.70291E+16   -0.10276E+17                0.6160
    19    4    0    -30.    -20.   -0.13953E+17   -0.25710E+16   -0.22557E+17   -0.32367E+17   -0.91208E+16   -0.12725E+17                0.6157
    19    4    1    -29.    -22.   -0.13681E+17   -0.58732E+16   -0.22190E+17   -0.33301E+17   -0.11150E+17   -0.15095E+17                0.6080
    20    3   -1    -55.    -25.   -0.17957E+17    0.14263E+17   -0.47306E+17   -0.45794E+17   -0.15764E+17   -0.29294E+17                0.7184
    20    3    0    -54.    -26.   -0.18887E+17    0.11834E+17   -0.51465E+17   -0.47421E+17   -0.19163E+17   -0.33171E+17                0.7240
    20    3    1    -52.    -27.   -0.19658E+17    0.93373E+16   -0.55147E+17   -0.48711E+17   -0.22465E+17   -0.36853E+17                0.7216
    20    4   -1    -53.    -18.   -0.18854E+17    0.11290E+17   -0.43136E+17   -0.45167E+17   -0.12853E+17   -0.18398E+17                0.7258
    20    4    0    -52.    -20.   -0.19789E+17    0.90950E+16   -0.46534E+17   -0.46571E+17   -0.16094E+17   -0.21383E+17                0.7315
    20    4    1    -51.    -21.   -0.20555E+17    0.68187E+16   -0.49521E+17   -0.47636E+17   -0.19247E+17   -0.24234E+17                0.7291
    20    4    2    -49.    -22.   -0.21145E+17    0.44805E+16   -0.52074E+17   -0.48347E+17   -0.22281E+17   -0.26922E+17                0.7185
    20    5   -1    -49.     -9.   -0.19554E+17    0.97916E+16   -0.35984E+17   -0.43488E+17   -0.10434E+17   -0.67443E+16                0.7196
    20    5    0    -49.    -10.   -0.20491E+17    0.80800E+16   -0.38715E+17   -0.44426E+17   -0.13385E+17   -0.86727E+16                0.7235
    20    5    1    -49.    -12.   -0.21253E+17    0.62882E+16   -0.41105E+17   -0.45033E+17   -0.16261E+17   -0.10546E+17                0.7191
    21    3    0    -56.    -27.   -0.19540E+17    0.17392E+17   -0.50665E+17   -0.46277E+17   -0.20981E+17   -0.35201E+17                0.7100
    21    3    1    -53.    -29.   -0.20272E+17    0.14211E+17   -0.53700E+17   -0.48031E+17   -0.25060E+17   -0.39801E+17                0.7139
    21    3    2    -50.    -30.   -0.20830E+17    0.10914E+17   -0.56248E+17   -0.49450E+17   -0.28992E+17   -0.44159E+17                0.7103
    21    4   -1    -58.    -18.   -0.19572E+17    0.17089E+17   -0.43045E+17   -0.42441E+17   -0.12654E+17   -0.17423E+17                0.7044
    21    4    0    -55.    -20.   -0.20477E+17    0.14565E+17   -0.45644E+17   -0.44068E+17   -0.16516E+17   -0.20852E+17                0.7156
    21    4    1    -53.    -21.   -0.21206E+17    0.11896E+17   -0.47839E+17   -0.45388E+17   -0.20292E+17   -0.24164E+17                0.7193
    21    4    2    -50.    -23.   -0.21750E+17    0.91050E+16   -0.49614E+17   -0.46383E+17   -0.23944E+17   -0.27325E+17                0.7155
    21    5    0    -53.     -9.   -0.21136E+17    0.13235E+17   -0.37699E+17   -0.41587E+17   -0.13358E+17   -0.78572E+16                0.7104
    21    5    1    -51.    -11.   -0.21855E+17    0.11189E+17   -0.39346E+17   -0.42290E+17   -0.16722E+17   -0.98764E+16                0.7126
    21    5    2    -50.    -13.   -0.22384E+17    0.90264E+16   -0.40644E+17   -0.42688E+17   -0.19983E+17   -0.11837E+17                0.7071
    22    3   -2    -55.    -25.   -0.14986E+17    0.77892E+16   -0.46892E+17   -0.44264E+17   -0.12749E+17   -0.27286E+17                0.7288
    22    3   -1    -54.    -26.   -0.15861E+17    0.55862E+16   -0.51954E+17   -0.45727E+17   -0.15540E+17   -0.30754E+17                0.7362
    22    3    0    -53.    -26.   -0.16603E+17    0.33884E+16   -0.56524E+17   -0.46860E+17   -0.18261E+17   -0.34036E+17                0.7351
    22    4   -2    -53.    -18.   -0.15866E+17    0.67379E+16   -0.41796E+17   -0.43348E+17   -0.10103E+17   -0.16803E+17                0.7339
    22    4   -1    -53.    -19.   -0.16777E+17    0.46555E+16   -0.46116E+17   -0.44789E+17   -0.12925E+17   -0.19752E+17                0.7422
    22    4    0    -52.    -21.   -0.17545E+17    0.25424E+16   -0.50021E+17   -0.45901E+17   -0.15685E+17   -0.22579E+17                0.7420
    22    4    1    -51.    -22.   -0.18163E+17    0.41710E+15   -0.53476E+17   -0.46676E+17   -0.18359E+17   -0.25259E+17                0.7334
    22    5   -2    -50.     -8.   -0.16594E+17    0.60216E+16   -0.34831E+17   -0.41644E+17   -0.79607E+16   -0.56614E+16                0.7262
    22    5   -1    -51.    -10.   -0.17529E+17    0.43554E+16   -0.38445E+17   -0.42707E+17   -0.10572E+17   -0.77051E+16                0.7323
    22    5    0    -51.    -11.   -0.18316E+17    0.26502E+16   -0.41714E+17   -0.43457E+17   -0.13135E+17   -0.97059E+16                0.7301
    23    4    0    -50.    -24.   -0.18398E+17    0.49294E+16   -0.52704E+17   -0.39072E+17   -0.28541E+17   -0.29403E+17                0.7815
    23    4    1    -48.    -25.   -0.18537E+17    0.29320E+16   -0.54253E+17   -0.40011E+17   -0.30796E+17   -0.32287E+17                0.7806
    23    5   -1    -57.    -11.   -0.19303E+17    0.93782E+16   -0.43537E+17   -0.32833E+17   -0.21455E+17   -0.98830E+16                0.7781
    23    5    0    -54.    -13.   -0.19614E+17    0.77853E+16   -0.45454E+17   -0.33621E+17   -0.23547E+17   -0.12094E+17                0.7878
    23    5    1    -51.    -15.   -0.19755E+17    0.61116E+16   -0.46930E+17   -0.34197E+17   -0.25503E+17   -0.14249E+17                0.7879
    23    5    2    -49.    -16.   -0.19724E+17    0.43729E+16   -0.47952E+17   -0.34554E+17   -0.27303E+17   -0.16324E+17                0.7784
    23    6   -1    -50.     10.   -0.20331E+17    0.92493E+16   -0.36484E+17   -0.27107E+17   -0.16115E+17    0.59527E+16                0.7752
    23    6    0    -50.      7.   -0.20658E+17    0.80103E+16   -0.38182E+17   -0.27605E+17   -0.17994E+17    0.43821E+16                0.7855
    23    6    1    -50.      4.   -0.20805E+17    0.66910E+16   -0.39510E+17   -0.27929E+17   -0.19774E+17    0.27623E+16                0.7863
    23    6    2    -50.      2.   -0.20771E+17    0.53038E+16   -0.40458E+17   -0.28078E+17   -0.21435E+17    0.11092E+16                0.7775
    24    3   -1    -41.    -30.   -0.14256E+17    0.12160E+16   -0.30179E+17   -0.32474E+17   -0.20436E+17   -0.28124E+17                0.6124
    24    3    0    -39.    -31.   -0.14299E+17   -0.24486E+16   -0.30625E+17   -0.33288E+17   -0.21665E+17   -0.29661E+17                0.6205
    24    3    1    -37.    -32.   -0.14212E+17   -0.61554E+16   -0.30759E+17   -0.33894E+17   -0.22768E+17   -0.31045E+17                0.6197
    24    3    2    -35.    -32.   -0.13995E+17   -0.98662E+16   -0.30581E+17   -0.34289E+17   -0.23738E+17   -0.32266E+17                0.6101
    24    4    0    -30.    -19.   -0.14829E+17   -0.33517E+16   -0.21869E+17   -0.26572E+17   -0.14447E+17   -0.11397E+17                0.6167
    24    4    1    -29.    -20.   -0.14738E+17   -0.57761E+16   -0.21835E+17   -0.27171E+17   -0.15536E+17   -0.12529E+17                0.6173
    24    5    0    -18.     -1.   -0.15299E+17   -0.32532E+16   -0.16744E+17   -0.22781E+17   -0.10435E+17   -0.50578E+15                0.6137
    24    5    1    -18.     -3.   -0.15204E+17   -0.49604E+16   -0.16677E+17   -0.23211E+17   -0.11357E+17   -0.12248E+16                0.6144
    24    6    0      4.     21.   -0.15730E+17   -0.30188E+16   -0.13010E+17   -0.19494E+17   -0.71742E+16    0.84669E+16                0.6089
    24    6    1      3.     20.   -0.15631E+17   -0.42560E+16   -0.12958E+17   -0.19819E+17   -0.79853E+16    0.80610E+16                0.6099
    25    3    1    -38.    -33.   -0.18408E+17   -0.47302E+16   -0.40975E+17   -0.40764E+17   -0.34131E+17   -0.43715E+17                0.8445
    25    3    2    -36.    -34.   -0.18483E+17   -0.73844E+16   -0.36187E+17   -0.41977E+17   -0.36836E+17   -0.46402E+17                0.8479
    25    3    3    -36.    -35.   -0.18393E+17   -0.10037E+17   -0.31042E+17   -0.42909E+17   -0.39282E+17   -0.48785E+17                0.8403
    25    4    2    -30.    -23.   -0.19544E+17   -0.53015E+16   -0.27949E+17   -0.31556E+17   -0.25658E+17   -0.19169E+17                0.8395
    25    4    3    -29.    -24.   -0.19408E+17   -0.74239E+16   -0.24284E+17   -0.32608E+17   -0.28304E+17   -0.21306E+17                0.8366
    25    5    1    -25.     -5.   -0.20360E+17   -0.86808E+15   -0.24248E+17   -0.25521E+17   -0.18326E+17   -0.27925E+16                0.8335
    25    5    2    -23.     -7.   -0.20371E+17   -0.24883E+16   -0.21703E+17   -0.26290E+17   -0.20647E+17   -0.39829E+16                0.8416
    25    5    3    -22.     -9.   -0.20201E+17   -0.41191E+16   -0.18948E+17   -0.26895E+17   -0.22826E+17   -0.51709E+16                0.8382
    25    6    2     -3.     18.   -0.21073E+17   -0.16988E+16   -0.16931E+17   -0.21404E+17   -0.16266E+17    0.89448E+16                0.8408
    25    6    3     -3.     16.   -0.20866E+17   -0.29589E+16   -0.14892E+17   -0.21768E+17   -0.18202E+17    0.83574E+16                0.8374
    26    3   -2    -40.    -23.   -0.13939E+17    0.19357E+17   -0.24609E+17   -0.40552E+17   -0.87855E+16   -0.19089E+17                0.6166
    26    3   -1    -44.    -24.   -0.14373E+17    0.15728E+17   -0.28880E+17   -0.41903E+17   -0.10873E+17   -0.21766E+17                0.6212
    26    3    0    -47.    -25.   -0.14677E+17    0.11959E+17   -0.32892E+17   -0.42960E+17   -0.12926E+17   -0.24350E+17                0.6181
    26    3    1    -48.    -26.   -0.14847E+17    0.80890E+16   -0.36603E+17   -0.43708E+17   -0.14921E+17   -0.26808E+17                0.6072
    26    4   -2    -33.    -14.   -0.14106E+17    0.13425E+17   -0.21555E+17   -0.40435E+17   -0.51655E+16   -0.93892E+16                0.6162
    26    4   -1    -36.    -16.   -0.14493E+17    0.10810E+17   -0.23985E+17   -0.41424E+17   -0.69148E+16   -0.11102E+17                0.6201
    26    4    0    -39.    -17.   -0.14748E+17    0.80770E+16   -0.26202E+17   -0.42115E+17   -0.86485E+16   -0.12777E+17                0.6158
    26    5   -2    -21.      0.   -0.14175E+17    0.93768E+16   -0.17985E+17   -0.39785E+17   -0.14242E+16   -0.80153E+14                0.6098
    26    5   -1    -25.     -2.   -0.14540E+17    0.75527E+16   -0.19538E+17   -0.40421E+17   -0.29542E+16   -0.11234E+16                0.6127
    26    5    0    -28.     -4.   -0.14772E+17    0.56370E+16   -0.20915E+17   -0.40759E+17   -0.44905E+16   -0.21855E+16                0.6070
    27    3   -4    -48.    -32.   -0.15060E+17    0.58590E+16   -0.40107E+17   -0.37944E+17   -0.26725E+17   -0.37512E+17                0.7081
    27    3   -3    -47.    -32.   -0.15210E+17    0.37703E+16   -0.43108E+17   -0.39234E+17   -0.28576E+17   -0.40274E+17                0.7237
    27    3   -2    -46.    -33.   -0.15222E+17    0.16340E+16   -0.45680E+17   -0.40295E+17   -0.30283E+17   -0.42844E+17                0.7290
    27    3   -1    -45.    -33.   -0.15098E+17   -0.52892E+15   -0.47797E+17   -0.41119E+17   -0.31831E+17   -0.45201E+17                0.7239
    27    3    0    -44.    -33.   -0.14839E+17   -0.26962E+16   -0.49441E+17   -0.41693E+17   -0.33201E+17   -0.47313E+17                0.7085
    27    4   -3    -49.    -22.   -0.16041E+17    0.71548E+16   -0.31847E+17   -0.31593E+17   -0.20381E+17   -0.18256E+17                0.7104
    27    4   -2    -48.    -23.   -0.16042E+17    0.50578E+16   -0.33954E+17   -0.32578E+17   -0.22049E+17   -0.20363E+17                0.7177
    27    4   -1    -46.    -24.   -0.15898E+17    0.29016E+16   -0.35723E+17   -0.33369E+17   -0.23605E+17   -0.22387E+17                0.7155
    27    5   -2    -48.     -9.   -0.16733E+17    0.62550E+16   -0.27176E+17   -0.27957E+17   -0.17202E+17   -0.58574E+16                0.7110
    27    5   -1    -47.    -11.   -0.16560E+17    0.42927E+16   -0.28634E+17   -0.28549E+17   -0.18609E+17   -0.74014E+16                0.7091
    28    3   -2    -29.    -26.   -0.15074E+17   -0.84979E+16   -0.31662E+17   -0.27083E+17   -0.16239E+17   -0.19814E+17                0.6976
    28    3   -1    -26.    -27.   -0.15280E+17   -0.11893E+17   -0.30716E+17   -0.27416E+17   -0.17271E+17   -0.20804E+17                0.7086
    28    3    0    -23.    -27.   -0.15347E+17   -0.15204E+17   -0.29454E+17   -0.27550E+17   -0.18178E+17   -0.21651E+17                0.7105
    28    3    1    -22.    -28.   -0.15274E+17   -0.18395E+17   -0.27892E+17   -0.27484E+17   -0.18952E+17   -0.22348E+17                0.7030
    28    3    2    -21.    -28.   -0.15062E+17   -0.21433E+17   -0.26050E+17   -0.27219E+17   -0.19584E+17   -0.22887E+17                0.6865
    28    4   -1    -11.    -16.   -0.16262E+17   -0.11167E+17   -0.21475E+17   -0.22774E+17   -0.12667E+17   -0.82291E+16                0.6945
    28    4    0    -10.    -17.   -0.16321E+17   -0.13531E+17   -0.21032E+17   -0.22904E+17   -0.13594E+17   -0.89351E+16                0.6984
    28    4    1     -9.    -17.   -0.16231E+17   -0.15779E+17   -0.20384E+17   -0.22868E+17   -0.14419E+17   -0.95816E+16                0.6928
    28    5   -1      4.     -3.   -0.17117E+17   -0.91611E+16   -0.16509E+17   -0.20609E+17   -0.10601E+17   -0.12630E+16                0.6879
    28    5    0      4.     -4.   -0.17163E+17   -0.11016E+17   -0.16351E+17   -0.20578E+17   -0.11394E+17   -0.16691E+16                0.6909
    29    3   -3    -50.    -25.   -0.15824E+17    0.14225E+17   -0.36073E+17   -0.45171E+17   -0.14859E+17   -0.25434E+17                0.7494
    29    3   -2    -51.    -25.   -0.16281E+17    0.11799E+17   -0.40167E+17   -0.45929E+17   -0.16495E+17   -0.27421E+17                0.7558
    29    3   -1    -52.    -26.   -0.16593E+17    0.92901E+16   -0.43856E+17   -0.46364E+17   -0.18061E+17   -0.29272E+17                0.7515
    29    4   -4    -45.    -15.   -0.15765E+17    0.14797E+17   -0.27603E+17   -0.42259E+17   -0.99068E+16   -0.11809E+17                0.7401
    29    4   -3    -47.    -16.   -0.16320E+17    0.12921E+17   -0.30353E+17   -0.43243E+17   -0.11474E+17   -0.13302E+17                0.7553
    29    4   -2    -48.    -17.   -0.16729E+17    0.10926E+17   -0.32799E+17   -0.43922E+17   -0.12999E+17   -0.14744E+17                0.7598
    29    4   -1    -49.    -18.   -0.16988E+17    0.88330E+16   -0.34920E+17   -0.44284E+17   -0.14466E+17   -0.16116E+17                0.7533
    29    5   -3    -41.     -4.   -0.16645E+17    0.10820E+17   -0.24958E+17   -0.41656E+17   -0.86323E+16   -0.24720E+16                0.7512
    29    5   -2    -43.     -5.   -0.17032E+17    0.92651E+16   -0.26624E+17   -0.42104E+17   -0.99887E+16   -0.33517E+16                0.7539
    29    5   -1    -44.     -6.   -0.17265E+17    0.76205E+16   -0.28023E+17   -0.42243E+17   -0.11302E+17   -0.42309E+16                0.7454
    30    3   -4    -44.    -31.   -0.13640E+17    0.44268E+16   -0.28548E+17   -0.33192E+17   -0.20286E+17   -0.29079E+17                0.6726
    30    3   -3    -42.    -31.   -0.13712E+17    0.62503E+15   -0.31093E+17   -0.33991E+17   -0.21375E+17   -0.30476E+17                0.6858
    30    3   -2    -41.    -31.   -0.13657E+17   -0.32295E+16   -0.33324E+17   -0.34581E+17   -0.22355E+17   -0.31727E+17                0.6896
    30    3   -1    -39.    -32.   -0.13473E+17   -0.70968E+16   -0.35217E+17   -0.34955E+17   -0.23213E+17   -0.32815E+17                0.6839
    30    3    0    -38.    -32.   -0.13164E+17   -0.10937E+17   -0.36753E+17   -0.35111E+17   -0.23942E+17   -0.33732E+17                0.6690
    30    4   -3    -37.    -20.   -0.14135E+17    0.93006E+15   -0.21602E+17   -0.27548E+17   -0.14370E+17   -0.12243E+17                0.6738
    30    4   -2    -36.    -20.   -0.14074E+17   -0.20577E+16   -0.22828E+17   -0.28056E+17   -0.15278E+17   -0.13162E+17                0.6784
    30    4   -1    -34.    -21.   -0.13881E+17   -0.50617E+16   -0.23814E+17   -0.28391E+17   -0.16110E+17   -0.14039E+17                0.6735
    30    5   -2    -27.     -3.   -0.14449E+17   -0.17118E+16   -0.17174E+17   -0.23997E+17   -0.10908E+17   -0.12953E+16                0.6679
    30    5   -1    -26.     -4.   -0.14245E+17   -0.41692E+16   -0.17816E+17   -0.24230E+17   -0.11661E+17   -0.19234E+16                0.6632
    31    3    2    -46.    -31.   -0.19625E+17    0.74500E+16   -0.49338E+17   -0.43488E+17   -0.32898E+17   -0.43519E+17                0.7684
    31    4    1    -45.    -20.   -0.20690E+17    0.47539E+16   -0.42955E+17   -0.35242E+17   -0.23769E+17   -0.20099E+17                0.7681
    31    4    2    -42.    -21.   -0.21051E+17    0.38384E+16   -0.40586E+17   -0.36071E+17   -0.25009E+17   -0.21247E+17                0.7750
    31    4    3    -40.    -22.   -0.21230E+17    0.28751E+16   -0.37849E+17   -0.36652E+17   -0.26082E+17   -0.22266E+17                0.7709
    31    5    1    -41.     -9.   -0.22011E+17    0.45025E+16   -0.34884E+17   -0.31117E+17   -0.19692E+17   -0.65475E+16                0.7714
    31    5    2    -38.    -10.   -0.22402E+17    0.36664E+16   -0.33238E+17   -0.31646E+17   -0.20631E+17   -0.70841E+16                0.7811
    31    5    3    -35.    -10.   -0.22601E+17    0.27878E+16   -0.31294E+17   -0.31954E+17   -0.21429E+17   -0.75850E+16                0.7795
    31    6    2    -22.     11.   -0.23545E+17    0.31770E+16   -0.26853E+17   -0.26971E+17   -0.16084E+17    0.59012E+16                0.7794
    31    6    3    -20.     10.   -0.23762E+17    0.24657E+16   -0.25434E+17   -0.27155E+17   -0.16760E+17    0.56767E+16                0.7795
    31    6    4    -17.     10.   -0.23773E+17    0.17245E+16   -0.23789E+17   -0.27148E+17   -0.17321E+17    0.54001E+16                0.7681
    32    3   -5     -9.    -10.   -0.11659E+17    0.12706E+17   -0.11558E+17   -0.29201E+17    0.12441E+16   -0.38833E+16                0.5766
    32    3   -4    -14.    -14.   -0.11759E+17    0.76318E+16   -0.13989E+17   -0.30970E+17   -0.23193E+13   -0.60442E+16                0.5844
    32    3   -3    -17.    -17.   -0.11745E+17    0.24308E+16   -0.16306E+17   -0.32525E+17   -0.12758E+16   -0.82059E+16                0.5865
    32    3   -2    -19.    -19.   -0.11616E+17   -0.28428E+16   -0.18484E+17   -0.33847E+17   -0.25614E+16   -0.10343E+17                0.5828
    32    3   -1    -19.    -21.   -0.11373E+17   -0.81337E+16   -0.20500E+17   -0.34924E+17   -0.38481E+16   -0.12439E+17                0.5735
    32    4   -4     24.      7.   -0.11955E+17    0.63035E+16   -0.75724E+16   -0.30081E+17    0.45406E+16    0.24611E+16                0.5772
    32    4   -3     22.      3.   -0.11902E+17    0.19609E+16   -0.86361E+16   -0.31317E+17    0.36884E+16    0.12190E+16                0.5783
    32    4   -2     20.      0.   -0.11732E+17   -0.24520E+16   -0.96225E+16   -0.32326E+17    0.27915E+16   -0.59240E+14                0.5733
    32    5   -4     42.     19.   -0.12180E+17    0.54605E+16   -0.44333E+16   -0.30123E+17    0.76388E+16    0.77209E+16                0.5724
    32    5   -3     42.     17.   -0.12095E+17    0.18923E+16   -0.50672E+16   -0.31085E+17    0.70391E+16    0.70242E+16                0.5724
    33    3   -1    -55.    -31.   -0.15741E+17    0.14668E+17   -0.49404E+17   -0.39989E+17   -0.28514E+17   -0.41782E+17                0.6179
    33    3    0    -52.    -32.   -0.16007E+17    0.11148E+17   -0.51667E+17   -0.41082E+17   -0.30877E+17   -0.45022E+17                0.6200
    33    3    1    -49.    -33.   -0.16131E+17    0.75147E+16   -0.53432E+17   -0.41922E+17   -0.33057E+17   -0.48007E+17                0.6144
    33    4   -1    -58.    -23.   -0.16493E+17    0.13941E+17   -0.39741E+17   -0.34123E+17   -0.22087E+17   -0.22367E+17                0.6188
    33    4    0    -54.    -24.   -0.16764E+17    0.10996E+17   -0.41014E+17   -0.34989E+17   -0.24244E+17   -0.24813E+17                0.6223
    33    4    1    -51.    -25.   -0.16888E+17    0.79341E+16   -0.41892E+17   -0.35636E+17   -0.26257E+17   -0.27125E+17                0.6182
    33    5   -1    -59.    -12.   -0.17139E+17    0.12929E+17   -0.32791E+17   -0.29999E+17   -0.17725E+17   -0.85199E+16                0.6150
    33    5    0    -55.    -13.   -0.17412E+17    0.10457E+17   -0.33645E+17   -0.30549E+17   -0.19606E+17   -0.10222E+17                0.6191
    33    5    1    -51.    -15.   -0.17532E+17    0.78771E+16   -0.34174E+17   -0.30906E+17   -0.21370E+17   -0.11881E+17                0.6156
    33    6    0    -49.      7.   -0.18036E+17    0.91817E+16   -0.27347E+17   -0.25674E+17   -0.14783E+17    0.33834E+16                0.6124
    34    3    0    -51.    -29.   -0.21381E+17    0.12576E+17   -0.65395E+17   -0.42974E+17   -0.26996E+17   -0.43235E+17                0.8578
    34    3    1    -48.    -31.   -0.21674E+17    0.10467E+17   -0.60204E+17   -0.45727E+17   -0.32279E+17   -0.48610E+17                0.8663
    34    3    2    -45.    -33.   -0.21776E+17    0.82334E+16   -0.54467E+17   -0.48172E+17   -0.37351E+17   -0.53664E+17                0.8650
    34    3    3    -42.    -35.   -0.21685E+17    0.58954E+16   -0.48240E+17   -0.50291E+17   -0.42170E+17   -0.58360E+17                0.8541
    34    4    1    -51.    -20.   -0.22841E+17    0.10739E+17   -0.53868E+17   -0.36446E+17   -0.20872E+17   -0.22084E+17                0.8554
    34    4    2    -46.    -22.   -0.22864E+17    0.79518E+16   -0.49513E+17   -0.38317E+17   -0.25579E+17   -0.25496E+17                0.8573
    34    4    3    -42.    -25.   -0.22685E+17    0.50619E+16   -0.44725E+17   -0.39930E+17   -0.30113E+17   -0.28744E+17                0.8500
    34    5    1    -54.     -9.   -0.23798E+17    0.11732E+17   -0.44824E+17   -0.32061E+17   -0.16894E+17   -0.70571E+16                0.8551
    34    5    2    -47.    -10.   -0.23758E+17    0.93016E+16   -0.41377E+17   -0.33131E+17   -0.20892E+17   -0.88036E+16                0.8573
    34    5    3    -42.    -12.   -0.23509E+17    0.67653E+16   -0.37566E+17   -0.33975E+17   -0.24741E+17   -0.10496E+17                0.8496
    34    6    2    -37.     12.   -0.24487E+17    0.85093E+16   -0.34369E+17   -0.27225E+17   -0.15522E+17    0.67632E+16                0.8496
    35    3   -1    -44.    -32.   -0.15103E+17   -0.14713E+16   -0.44832E+17   -0.39857E+17   -0.31038E+17   -0.41735E+17                0.7701
    35    3    0    -43.    -33.   -0.15097E+17   -0.42010E+16   -0.45371E+17   -0.40288E+17   -0.32390E+17   -0.43162E+17                0.7697
    35    4   -1    -43.    -21.   -0.15936E+17   -0.71679E+15   -0.34220E+17   -0.30786E+17   -0.22001E+17   -0.17855E+17                0.7676
    35    4    0    -41.    -22.   -0.15951E+17   -0.26840E+16   -0.34537E+17   -0.31216E+17   -0.23381E+17   -0.19050E+17                0.7702
    35    5   -1    -40.     -6.   -0.16696E+17    0.96168E+14   -0.27531E+17   -0.25906E+17   -0.17448E+17   -0.37629E+16                0.7690
    35    5    0    -39.     -8.   -0.16729E+17   -0.14003E+16   -0.27787E+17   -0.26132E+17   -0.18650E+17   -0.45129E+16                0.7728
    35    5    1    -37.     -9.   -0.16610E+17   -0.29157E+16   -0.27747E+17   -0.26201E+17   -0.19747E+17   -0.52676E+16                0.7649
    35    6   -1    -22.     18.   -0.17402E+17    0.21178E+15   -0.22068E+17   -0.21429E+17   -0.13336E+17    0.84482E+16                0.7676
    35    6    0    -22.     17.   -0.17449E+17   -0.92823E+15   -0.22300E+17   -0.21529E+17   -0.14435E+17    0.80245E+16                0.7724
    35    6    1    -21.     16.   -0.17339E+17   -0.20857E+16   -0.22294E+17   -0.21503E+17   -0.15456E+17    0.75165E+16                0.7657
    36    3   -1    -59.    -25.   -0.18130E+17    0.11533E+17   -0.61707E+17   -0.43608E+17   -0.14374E+17   -0.32315E+17                0.7814
    36    3    0    -55.    -27.   -0.18920E+17    0.96806E+16   -0.63952E+17   -0.45674E+17   -0.18850E+17   -0.37365E+17                0.7864
    36    3    1    -52.    -28.   -0.19550E+17    0.77632E+16   -0.65607E+17   -0.47428E+17   -0.23238E+17   -0.42191E+17                0.7825
    36    4   -1    -62.    -18.   -0.19542E+17    0.12201E+17   -0.55961E+17   -0.41176E+17   -0.10065E+17   -0.19082E+17                0.7855
    36    4    0    -58.    -20.   -0.20340E+17    0.10193E+17   -0.58526E+17   -0.42831E+17   -0.14238E+17   -0.22894E+17                0.7923
    36    4    1    -55.    -21.   -0.20964E+17    0.80830E+16   -0.60575E+17   -0.44183E+17   -0.18340E+17   -0.26556E+17                0.7906
    36    4    2    -52.    -23.   -0.21407E+17    0.58909E+16   -0.62092E+17   -0.45217E+17   -0.22330E+17   -0.30035E+17                0.7804
    36    5   -1    -62.     -9.   -0.20642E+17    0.12446E+17   -0.46168E+17   -0.39025E+17   -0.85450E+16   -0.73065E+16                0.7775
    36    5    0    -59.    -11.   -0.21436E+17    0.10805E+17   -0.48583E+17   -0.40009E+17   -0.12274E+17   -0.97335E+16                0.7829
    36    5    1    -56.    -12.   -0.22044E+17    0.90533E+16   -0.50564E+17   -0.40705E+17   -0.15938E+17   -0.12093E+17                0.7800
    37    3   -1    -69.    -26.   -0.19256E+17    0.41616E+17   -0.46712E+17   -0.36693E+17   -0.26381E+17   -0.34890E+17                0.7063
    37    3    0    -65.    -28.   -0.19471E+17    0.41032E+17   -0.43806E+17   -0.38431E+17   -0.28036E+17   -0.37419E+17                0.7161
    37    3    1    -61.    -29.   -0.19519E+17    0.39998E+17   -0.40461E+17   -0.39925E+17   -0.29523E+17   -0.39739E+17                0.7146
    37    3    2    -57.    -30.   -0.19398E+17    0.38525E+17   -0.36712E+17   -0.41164E+17   -0.30832E+17   -0.41833E+17                0.7021
    37    4    0    -60.    -17.   -0.20375E+17    0.28973E+17   -0.30863E+17   -0.30084E+17   -0.18393E+17   -0.15010E+17                0.6991
    37    4    1    -56.    -19.   -0.20404E+17    0.27876E+17   -0.29049E+17   -0.31493E+17   -0.19793E+17   -0.16786E+17                0.6996
    37    5    0    -53.     -6.   -0.21151E+17    0.22971E+17   -0.24145E+17   -0.26956E+17   -0.14498E+17   -0.40188E+16                0.6951
    37    5    1    -50.     -8.   -0.21163E+17    0.21944E+17   -0.22915E+17   -0.28059E+17   -0.15603E+17   -0.50951E+16                0.6963
    37    6    0    -34.     13.   -0.21856E+17    0.17706E+17   -0.19133E+17   -0.23440E+17   -0.10529E+17    0.60811E+16                0.6898
    37    6    1    -31.     12.   -0.21852E+17    0.16831E+17   -0.18238E+17   -0.24352E+17   -0.11448E+17    0.55164E+16                0.6913
    38    3   -3    -51.    -27.   -0.16409E+17    0.68841E+16   -0.64088E+17   -0.38770E+17   -0.26365E+17   -0.36267E+17                0.7499
    38    3   -2    -53.    -27.   -0.16274E+17    0.96677E+16   -0.65086E+17   -0.40379E+17   -0.27501E+17   -0.38306E+17                0.7685
    38    3   -1    -56.    -28.   -0.16000E+17    0.12373E+17   -0.65433E+17   -0.41712E+17   -0.28465E+17   -0.40112E+17                0.7752
    38    3    0    -57.    -28.   -0.15588E+17    0.14974E+17   -0.65122E+17   -0.42757E+17   -0.29247E+17   -0.41669E+17                0.7699
    38    3    1    -59.    -29.   -0.15045E+17    0.17444E+17   -0.64156E+17   -0.43499E+17   -0.29838E+17   -0.42953E+17                0.7528
    38    4   -2    -51.    -20.   -0.17831E+17    0.53688E+16   -0.46647E+17   -0.33605E+17   -0.21249E+17   -0.19344E+17                0.7522
    38    4   -1    -53.    -20.   -0.17564E+17    0.67889E+16   -0.47372E+17   -0.34784E+17   -0.22075E+17   -0.20625E+17                0.7619
    38    4    0    -55.    -21.   -0.17148E+17    0.81600E+16   -0.47623E+17   -0.35720E+17   -0.22759E+17   -0.21782E+17                0.7595
    38    5   -1    -47.    -11.   -0.19156E+17    0.44031E+16   -0.37174E+17   -0.30311E+17   -0.18250E+17   -0.79260E+16                0.7505
    38    5    0    -50.    -11.   -0.18748E+17    0.51651E+16   -0.37614E+17   -0.31112E+17   -0.18820E+17   -0.87366E+16                0.7499
    39    3    0    -55.    -27.   -0.19641E+17    0.18508E+17   -0.47915E+17   -0.46511E+17   -0.21354E+17   -0.34137E+17                0.6831
    39    3    1    -53.    -28.   -0.20475E+17    0.15260E+17   -0.51564E+17   -0.48207E+17   -0.24988E+17   -0.38316E+17                0.6885
    39    3    2    -51.    -29.   -0.21133E+17    0.11898E+17   -0.54744E+17   -0.49560E+17   -0.28472E+17   -0.42260E+17                0.6866
    39    4    0    -53.    -20.   -0.20640E+17    0.14603E+17   -0.43458E+17   -0.45490E+17   -0.18321E+17   -0.21742E+17                0.6906
    39    4    1    -51.    -21.   -0.21473E+17    0.11917E+17   -0.46045E+17   -0.46800E+17   -0.21641E+17   -0.24717E+17                0.6960
    39    4    2    -49.    -23.   -0.22121E+17    0.91168E+16   -0.48228E+17   -0.47773E+17   -0.24828E+17   -0.27538E+17                0.6939
    39    4    3    -47.    -24.   -0.22578E+17    0.62285E+16   -0.49987E+17   -0.48397E+17   -0.27850E+17   -0.30177E+17                0.6844
    39    5    0    -50.    -10.   -0.21325E+17    0.12540E+17   -0.36393E+17   -0.43290E+17   -0.15322E+17   -0.88942E+16                0.6855
    39    5    1    -49.    -12.   -0.22160E+17    0.10488E+17   -0.38311E+17   -0.44083E+17   -0.18281E+17   -0.10728E+17                0.6897
    39    5    2    -48.    -13.   -0.22804E+17    0.83296E+16   -0.39891E+17   -0.44551E+17   -0.21124E+17   -0.12495E+17                0.6863
    40    3   -3    -47.    -27.   -0.13808E+17    0.89226E+16   -0.34981E+17   -0.46432E+17   -0.14074E+17   -0.27763E+17                0.7489
    40    3   -2    -50.    -27.   -0.14558E+17    0.55146E+16   -0.43352E+17   -0.47453E+17   -0.16451E+17   -0.31236E+17                0.7481
    40    4   -4    -41.    -16.   -0.14159E+17    0.11158E+17   -0.26213E+17   -0.42765E+17   -0.78607E+16   -0.11591E+17                0.7511
    40    4   -3    -47.    -18.   -0.15093E+17    0.87943E+16   -0.32625E+17   -0.44322E+17   -0.10641E+17   -0.15091E+17                0.7586
    40    4   -2    -50.    -19.   -0.15899E+17    0.63660E+16   -0.38718E+17   -0.45577E+17   -0.13407E+17   -0.18547E+17                0.7591
    40    4   -1    -52.    -21.   -0.16569E+17    0.38967E+16   -0.44437E+17   -0.46516E+17   -0.16130E+17   -0.21921E+17                0.7527
    40    5   -4    -36.     -1.   -0.14979E+17    0.92252E+16   -0.22543E+17   -0.41273E+17   -0.56323E+16   -0.40414E+15                0.7515
    40    5   -3    -43.     -5.   -0.15938E+17    0.75483E+16   -0.27599E+17   -0.42476E+17   -0.82546E+16   -0.30059E+16                0.7573
    40    5   -2    -48.     -8.   -0.16760E+17    0.58076E+16   -0.32385E+17   -0.43384E+17   -0.10870E+17   -0.56284E+16                0.7558
    40    5   -1    -50.    -10.   -0.17439E+17    0.40201E+16   -0.36855E+17   -0.43982E+17   -0.13450E+17   -0.82412E+16                0.7469
    41    3    0    -55.    -30.   -0.12578E+17    0.13946E+17   -0.33809E+17   -0.40012E+17   -0.24980E+17   -0.34268E+17                0.6727
    41    3    1    -57.    -30.   -0.12500E+17    0.13466E+17   -0.36877E+17   -0.40231E+17   -0.26047E+17   -0.35334E+17                0.6718
    41    4    0    -56.    -18.   -0.12835E+17    0.59669E+16   -0.30402E+17   -0.33809E+17   -0.18072E+17   -0.14548E+17                0.6762
    41    4    1    -58.    -19.   -0.12778E+17    0.64910E+16   -0.32457E+17   -0.33854E+17   -0.19083E+17   -0.15308E+17                0.6767
    41    4    2    -59.    -19.   -0.12606E+17    0.69055E+16   -0.34175E+17   -0.33690E+17   -0.20001E+17   -0.16027E+17                0.6670
    41    5    0    -56.     -1.   -0.13105E+17    0.25739E+16   -0.26544E+17   -0.29564E+17   -0.13346E+17   -0.80785E+15                0.6760
    41    5    1    -59.     -2.   -0.13067E+17    0.34302E+16   -0.28110E+17   -0.29478E+17   -0.14348E+17   -0.13728E+16                0.6765
    41    5    2    -62.     -3.   -0.12913E+17    0.42129E+16   -0.29383E+17   -0.29210E+17   -0.15286E+17   -0.19802E+16                0.6668
    41    6    0    -33.     24.   -0.13426E+17    0.11258E+16   -0.22039E+17   -0.25674E+17   -0.92348E+16    0.10996E+17                0.6732
    41    6    1    -37.     23.   -0.13408E+17    0.20199E+16   -0.23259E+17   -0.25463E+17   -0.10238E+17    0.10622E+17                0.6737
    42    4   -5      8.    -10.   -0.10984E+17    0.98220E+16   -0.10521E+17   -0.44843E+17    0.34182E+16   -0.52244E+16                0.8324
    42    4   -4    -17.    -14.   -0.12519E+17    0.44702E+16   -0.21495E+17   -0.47570E+17    0.39050E+15   -0.90957E+16                0.8362
    42    4   -3    -32.    -16.   -0.13958E+17   -0.90082E+15   -0.32274E+17   -0.49965E+17   -0.27189E+16   -0.12968E+17                0.8351
    42    4   -2    -40.    -17.   -0.15287E+17   -0.62374E+16   -0.42755E+17   -0.52004E+17   -0.58802E+16   -0.16801E+17                0.8291
    42    5   -5     12.      8.   -0.12506E+17    0.46351E+16   -0.12278E+17   -0.45532E+17    0.47622E+16    0.43407E+16                0.8368
    42    5   -4    -11.      3.   -0.14145E+17    0.32088E+15   -0.21465E+17   -0.47922E+17    0.17645E+16    0.15438E+16                0.8405
    42    5   -3    -27.     -2.   -0.15675E+17   -0.39916E+16   -0.30455E+17   -0.49969E+17   -0.13163E+16   -0.13031E+16                0.8384
    42    5   -2    -35.     -5.   -0.17081E+17   -0.82620E+16   -0.39167E+17   -0.51652E+17   -0.44513E+16   -0.41708E+16                0.8305
    42    6   -5     19.     25.   -0.13353E+17    0.19245E+16   -0.12439E+17   -0.43616E+17    0.81203E+16    0.15628E+17                0.8292
    42    6   -4      2.     22.   -0.15047E+17   -0.12886E+16   -0.19940E+17   -0.45370E+17    0.54070E+16    0.14061E+17                0.8292
    43    3    1    -54.    -30.   -0.15660E+17    0.15946E+17   -0.37790E+17   -0.42678E+17   -0.24870E+17   -0.35285E+17                0.6244
    43    3    2    -53.    -30.   -0.16048E+17    0.12784E+17   -0.40967E+17   -0.43351E+17   -0.26907E+17   -0.37432E+17                0.6250
    43    3    3    -51.    -30.   -0.16295E+17    0.95050E+16   -0.43761E+17   -0.43730E+17   -0.28786E+17   -0.39367E+17                0.6179
    43    4    0    -53.    -20.   -0.15512E+17    0.10194E+17   -0.33169E+17   -0.39058E+17   -0.18274E+17   -0.18076E+17                0.6171
    43    4    1    -53.    -21.   -0.16058E+17    0.83947E+16   -0.35303E+17   -0.39655E+17   -0.20167E+17   -0.19559E+17                0.6271
    43    4    2    -52.    -21.   -0.16464E+17    0.65015E+16   -0.37114E+17   -0.39981E+17   -0.21948E+17   -0.20947E+17                0.6288
    43    4    3    -50.    -22.   -0.16727E+17    0.45316E+16   -0.38584E+17   -0.40032E+17   -0.23599E+17   -0.22225E+17                0.6221
    43    5    1    -52.     -8.   -0.16362E+17    0.45317E+16   -0.31221E+17   -0.36469E+17   -0.16008E+17   -0.58839E+16                0.6231
    43    5    2    -51.     -9.   -0.16791E+17    0.33955E+16   -0.32358E+17   -0.36554E+17   -0.17671E+17   -0.68199E+16                0.6248
    43    5    3    -50.    -10.   -0.17072E+17    0.22090E+16   -0.33200E+17   -0.36383E+17   -0.19229E+17   -0.77363E+16                0.6179
    44    3   -2    -53.    -31.   -0.14443E+17    0.63322E+16   -0.48576E+17   -0.44154E+17   -0.27486E+17   -0.41138E+17                0.6964
    44    3   -1    -51.    -31.   -0.14789E+17    0.41954E+16   -0.52890E+17   -0.45014E+17   -0.29506E+17   -0.44225E+17                0.6971
    44    4   -2    -56.    -22.   -0.15875E+17    0.88983E+16   -0.41316E+17   -0.39286E+17   -0.22293E+17   -0.23074E+17                0.7033
    44    4   -1    -54.    -23.   -0.16247E+17    0.70130E+16   -0.44742E+17   -0.40174E+17   -0.24388E+17   -0.25851E+17                0.7065
    44    4    0    -53.    -24.   -0.16479E+17    0.50722E+16   -0.47740E+17   -0.40794E+17   -0.26343E+17   -0.28483E+17                0.7019
    44    5   -2    -58.    -11.   -0.16897E+17    0.93264E+16   -0.34722E+17   -0.35613E+17   -0.18740E+17   -0.86178E+16                0.7027
    44    5   -1    -56.    -13.   -0.17273E+17    0.77957E+16   -0.37559E+17   -0.36220E+17   -0.20634E+17   -0.10747E+17                0.7054
    44    5    0    -55.    -14.   -0.17501E+17    0.61974E+16   -0.40036E+17   -0.36584E+17   -0.22409E+17   -0.12825E+17                0.7005
    44    6   -2    -48.     12.   -0.17774E+17    0.86779E+16   -0.28708E+17   -0.30698E+17   -0.14033E+17    0.61584E+16                0.6941
    44    6   -1    -50.      8.   -0.18164E+17    0.75155E+16   -0.31043E+17   -0.31019E+17   -0.15741E+17    0.46139E+16                0.6960
    45    3   -2    -46.    -30.   -0.12398E+17    0.80181E+16   -0.30727E+17   -0.43571E+17   -0.17483E+17   -0.31471E+17                0.6851
    45    3   -1    -48.    -30.   -0.13000E+17    0.66177E+16   -0.34824E+17   -0.44320E+17   -0.19280E+17   -0.33348E+17                0.6955
    45    3    0    -50.    -30.   -0.13489E+17    0.51827E+16   -0.38598E+17   -0.44750E+17   -0.20971E+17   -0.35017E+17                0.6974
    45    3    1    -50.    -30.   -0.13863E+17    0.37272E+16   -0.42014E+17   -0.44853E+17   -0.22540E+17   -0.36460E+17                0.6904
    45    4   -2    -46.    -20.   -0.12570E+17    0.27882E+16   -0.29789E+17   -0.40109E+17   -0.11915E+17   -0.16204E+17                0.6830
    45    4   -1    -48.    -21.   -0.13179E+17    0.16843E+16   -0.33092E+17   -0.40831E+17   -0.13726E+17   -0.17777E+17                0.6939
    45    4    0    -49.    -21.   -0.13673E+17    0.55753E+15   -0.36101E+17   -0.41259E+17   -0.15469E+17   -0.19248E+17                0.6961
    45    4    1    -50.    -22.   -0.14048E+17   -0.58106E+15   -0.38789E+17   -0.41385E+17   -0.17124E+17   -0.20598E+17                0.6895
    45    5   -1    -47.     -8.   -0.13482E+17   -0.46529E+15   -0.29330E+17   -0.37849E+17   -0.10126E+17   -0.49935E+16                0.6873
    45    5    0    -49.     -9.   -0.13975E+17   -0.12276E+16   -0.31746E+17   -0.38084E+17   -0.11809E+17   -0.60773E+16                0.6878
    46    4    2    -45.    -22.   -0.19119E+17    0.75065E+16   -0.35539E+17   -0.31382E+17   -0.23951E+17   -0.19951E+17                0.6385
    46    5    1    -40.    -10.   -0.20186E+17    0.56174E+16   -0.29960E+17   -0.26418E+17   -0.18757E+17   -0.62267E+16                0.6400
    46    5    2    -36.    -10.   -0.20583E+17    0.39002E+16   -0.29206E+17   -0.26656E+17   -0.19400E+17   -0.66290E+16                0.6502
    46    5    3    -32.    -11.   -0.20806E+17    0.21355E+16   -0.28171E+17   -0.26723E+17   -0.19924E+17   -0.70160E+16                0.6507
    46    5    4    -28.    -11.   -0.20849E+17    0.33920E+15   -0.26868E+17   -0.26617E+17   -0.20322E+17   -0.73834E+16                0.6416
    46    6    1    -21.     11.   -0.21433E+17    0.33734E+16   -0.24091E+17   -0.22316E+17   -0.14808E+17    0.50454E+16                0.6442
    46    6    2    -17.     10.   -0.21897E+17    0.20194E+16   -0.23514E+17   -0.22498E+17   -0.15401E+17    0.48476E+16                0.6573
    46    6    3    -13.      9.   -0.22175E+17    0.63898E+15   -0.22713E+17   -0.22536E+17   -0.15901E+17    0.45902E+16                0.6607
    46    6    4     -9.      9.   -0.22263E+17   -0.75548E+15   -0.21696E+17   -0.22430E+17   -0.16304E+17    0.42762E+16                0.6541
    46    6    5     -5.      8.   -0.22158E+17   -0.21512E+16   -0.20475E+17   -0.22180E+17   -0.16605E+17    0.39089E+16                0.6379
    47    3   -3    -52.    -25.   -0.15623E+17    0.21557E+17   -0.30015E+17   -0.39036E+17   -0.17511E+17   -0.24842E+17                0.6090
    47    3   -2    -53.    -26.   -0.16267E+17    0.18673E+17   -0.33607E+17   -0.40116E+17   -0.19510E+17   -0.27056E+17                0.6182
    47    3   -1    -53.    -27.   -0.16768E+17    0.15641E+17   -0.36868E+17   -0.40914E+17   -0.21401E+17   -0.29121E+17                0.6202
    47    3    0    -52.    -27.   -0.17121E+17    0.12495E+17   -0.39770E+17   -0.41418E+17   -0.23162E+17   -0.31011E+17                0.6151
    47    3    1    -51.    -28.   -0.17322E+17    0.92628E+16   -0.42287E+17   -0.41621E+17   -0.24775E+17   -0.32707E+17                0.6027
    47    4   -3    -48.    -18.   -0.16093E+17    0.16474E+17   -0.24749E+17   -0.37596E+17   -0.15145E+17   -0.14086E+17                0.6034
    47    4   -2    -48.    -19.   -0.16720E+17    0.13912E+17   -0.27096E+17   -0.38465E+17   -0.16926E+17   -0.15522E+17                0.6113
    47    4   -1    -48.    -19.   -0.17201E+17    0.11230E+17   -0.29179E+17   -0.39055E+17   -0.18609E+17   -0.16873E+17                0.6121
    47    4    0    -47.    -20.   -0.17529E+17    0.84566E+16   -0.30978E+17   -0.39360E+17   -0.20176E+17   -0.18125E+17                0.6056
    47    5   -1    -44.     -8.   -0.17635E+17    0.82661E+16   -0.23931E+17   -0.36872E+17   -0.15786E+17   -0.56311E+16                0.6008
    48    3    2    -52.    -22.   -0.22922E+17    0.42564E+17   -0.33591E+17   -0.41330E+17   -0.20320E+17   -0.26066E+17                0.6507
    48    3    3    -51.    -25.   -0.23501E+17    0.33461E+17   -0.35291E+17   -0.44077E+17   -0.23692E+17   -0.30361E+17                0.6589
    48    3    4    -47.    -27.   -0.23870E+17    0.23991E+17   -0.36693E+17   -0.46558E+17   -0.26954E+17   -0.34557E+17                0.6621
    48    3    5    -42.    -29.   -0.24026E+17    0.14248E+17   -0.37789E+17   -0.48743E+17   -0.30074E+17   -0.38611E+17                0.6604
    48    3    6    -38.    -31.   -0.23964E+17    0.43260E+16   -0.38570E+17   -0.50612E+17   -0.33024E+17   -0.42486E+17                0.6538
    48    4    3    -44.    -16.   -0.24020E+17    0.29628E+17   -0.26265E+17   -0.41551E+17   -0.18088E+17   -0.14524E+17                0.6562
    48    4    4    -39.    -18.   -0.24315E+17    0.21377E+17   -0.26009E+17   -0.43134E+17   -0.20296E+17   -0.16425E+17                0.6582
    48    4    5    -34.    -19.   -0.24393E+17    0.12875E+17   -0.25531E+17   -0.44440E+17   -0.22403E+17   -0.18292E+17                0.6552
    48    5    3    -36.     -3.   -0.24522E+17    0.26555E+17   -0.20644E+17   -0.39399E+17   -0.13383E+17   -0.20822E+16                0.6504
    48    5    4    -31.     -4.   -0.24770E+17    0.19328E+17   -0.20047E+17   -0.40441E+17   -0.15079E+17   -0.27979E+16                0.6527
    49    3    0    -48.    -30.   -0.19315E+17    0.87334E+16   -0.56479E+17   -0.41630E+17   -0.29465E+17   -0.42326E+17                0.7815
    49    3    1    -46.    -32.   -0.19639E+17    0.63225E+16   -0.53131E+17   -0.43583E+17   -0.33030E+17   -0.46340E+17                0.7921
    49    3    2    -43.    -33.   -0.19790E+17    0.38217E+16   -0.49294E+17   -0.45244E+17   -0.36374E+17   -0.50052E+17                0.7929
    49    3    3    -41.    -35.   -0.19766E+17    0.12543E+16   -0.45009E+17   -0.46598E+17   -0.39464E+17   -0.53429E+17                0.7838
    49    4    1    -45.    -21.   -0.20615E+17    0.56552E+16   -0.43124E+17   -0.34740E+17   -0.23040E+17   -0.21161E+17                0.7785
    49    4    2    -41.    -23.   -0.20745E+17    0.31414E+16   -0.40445E+17   -0.36111E+17   -0.26208E+17   -0.23906E+17                0.7839
    49    4    3    -38.    -25.   -0.20692E+17    0.56870E+15   -0.37405E+17   -0.37241E+17   -0.29195E+17   -0.26502E+17                0.7798
    49    5    1    -43.     -9.   -0.21499E+17    0.65948E+16   -0.34340E+17   -0.30353E+17   -0.18713E+17   -0.67170E+16                0.7772
    49    5    2    -39.    -11.   -0.21605E+17    0.45137E+16   -0.32373E+17   -0.31121E+17   -0.21339E+17   -0.82528E+16                0.7830
    49    5    3    -36.    -13.   -0.21519E+17    0.23698E+16   -0.30117E+17   -0.31681E+17   -0.23813E+17   -0.97440E+16                0.7789
    50    4    1    -49.    -26.   -0.20070E+17    0.15628E+17   -0.42613E+17   -0.30573E+17   -0.28351E+17   -0.27968E+17                0.6345
    50    5    0    -54.    -14.   -0.20843E+17    0.16401E+17   -0.35676E+17   -0.25284E+17   -0.21548E+17   -0.11223E+17                0.6352
    50    5    1    -47.    -16.   -0.21380E+17    0.13016E+17   -0.35842E+17   -0.25392E+17   -0.23087E+17   -0.12788E+17                0.6427
    50    5    2    -40.    -18.   -0.21736E+17    0.95007E+16   -0.35657E+17   -0.25360E+17   -0.24491E+17   -0.14304E+17                0.6428
    50    5    3    -34.    -19.   -0.21907E+17    0.58889E+16   -0.35126E+17   -0.25189E+17   -0.25747E+17   -0.15755E+17                0.6357
    50    6    0    -48.      3.   -0.21995E+17    0.13526E+17   -0.29306E+17   -0.20543E+17   -0.16773E+17    0.18456E+16                0.6364
    50    6    1    -41.      1.   -0.22585E+17    0.10668E+17   -0.29347E+17   -0.20511E+17   -0.18179E+17    0.69201E+15                0.6463
    50    6    2    -33.     -1.   -0.22986E+17    0.77063E+16   -0.29103E+17   -0.20372E+17   -0.19483E+17   -0.49630E+15                0.6489
    50    6    3    -25.     -3.   -0.23191E+17    0.46689E+16   -0.28577E+17   -0.20126E+17   -0.20670E+17   -0.17065E+16                0.6440
    50    6    4    -18.     -5.   -0.23198E+17    0.15844E+16   -0.27777E+17   -0.19775E+17   -0.21729E+17   -0.29253E+16                0.6319
    51    4   -3    -54.    -23.   -0.15059E+17    0.77885E+16   -0.35623E+17   -0.40849E+17   -0.23618E+17   -0.23109E+17                0.7334
    51    4   -2    -53.    -24.   -0.15555E+17    0.56518E+16   -0.40242E+17   -0.41712E+17   -0.25505E+17   -0.25738E+17                0.7402
    51    4   -1    -52.    -24.   -0.15917E+17    0.34760E+16   -0.44460E+17   -0.42307E+17   -0.27260E+17   -0.28246E+17                0.7397
    51    4    0    -51.    -25.   -0.16142E+17    0.12820E+16   -0.48238E+17   -0.42626E+17   -0.28864E+17   -0.30605E+17                0.7319
    51    5   -3    -57.     -9.   -0.16155E+17    0.87135E+16   -0.30602E+17   -0.36440E+17   -0.19305E+17   -0.71194E+16                0.7361
    51    5   -2    -56.    -11.   -0.16667E+17    0.71078E+16   -0.34372E+17   -0.37065E+17   -0.21030E+17   -0.91698E+16                0.7425
    51    5   -1    -55.    -13.   -0.17036E+17    0.54426E+16   -0.37800E+17   -0.37448E+17   -0.22648E+17   -0.11198E+17                0.7417
    51    5    0    -54.    -14.   -0.17259E+17    0.37333E+16   -0.40853E+17   -0.37586E+17   -0.24143E+17   -0.13184E+17                0.7335
    51    6   -2    -46.     13.   -0.17645E+17    0.72054E+16   -0.28721E+17   -0.31616E+17   -0.15813E+17    0.70038E+16                0.7360
    51    6   -1    -49.      9.   -0.18032E+17    0.59775E+16   -0.31526E+17   -0.31748E+17   -0.17271E+17    0.54481E+16                0.7343
    52    4   -5     33.      0.   -0.10895E+17    0.93055E+16   -0.10825E+17   -0.45941E+17    0.11808E+17    0.13064E+15                0.8753
    52    4   -4     -4.     -7.   -0.12668E+17    0.30561E+16   -0.22333E+17   -0.49148E+17    0.83295E+16   -0.38218E+16                0.8800
    52    4   -3    -25.    -11.   -0.14342E+17   -0.32117E+16   -0.33648E+17   -0.52010E+17    0.47052E+16   -0.78163E+16                0.8791
    52    5   -6     57.     18.   -0.98189E+16    0.70612E+16   -0.44450E+16   -0.44642E+17    0.17401E+17    0.10183E+17                0.8738
    52    5   -5     29.     13.   -0.11710E+17    0.20932E+16   -0.13895E+17   -0.47702E+17    0.14236E+17    0.76558E+16                0.8853
    52    5   -4      4.      9.   -0.13515E+17   -0.29041E+16   -0.23229E+17   -0.50429E+17    0.10880E+17    0.50261E+16                0.8900
    52    5   -3    -15.      4.   -0.15213E+17   -0.78854E+16   -0.32362E+17   -0.52790E+17    0.73716E+16    0.23234E+16                0.8878
    52    5   -2    -27.     -1.   -0.16789E+17   -0.12804E+17   -0.41210E+17   -0.54762E+17    0.37410E+16   -0.42838E+15                0.8786
    52    6   -5     29.     25.   -0.11856E+17   -0.18803E+16   -0.14907E+17   -0.46701E+17    0.18446E+17    0.16708E+17                0.8810
    52    6   -4     12.     23.   -0.13649E+17   -0.55146E+16   -0.22333E+17   -0.48643E+17    0.15441E+17    0.15444E+17                0.8814
    52    6   -3     -2.     20.   -0.15335E+17   -0.90991E+16   -0.29552E+17   -0.50222E+17    0.12252E+17    0.14052E+17                0.8738
    53    3   -3    -50.    -26.   -0.13985E+17    0.92920E+16   -0.35991E+17   -0.42509E+17   -0.13238E+17   -0.25483E+17                0.7019
    53    3   -2    -51.    -27.   -0.15005E+17    0.69646E+16   -0.41106E+17   -0.44132E+17   -0.16065E+17   -0.28663E+17                0.7127
    53    3   -1    -51.    -27.   -0.15902E+17    0.46271E+16   -0.45837E+17   -0.45433E+17   -0.18809E+17   -0.31660E+17                0.7163
    53    3    0    -50.    -27.   -0.16668E+17    0.23039E+16   -0.50140E+17   -0.46396E+17   -0.21444E+17   -0.34444E+17                0.7125
    53    3    1    -48.    -28.   -0.17296E+17    0.18254E+14   -0.53977E+17   -0.47006E+17   -0.23941E+17   -0.36981E+17                0.7013
    53    4   -2    -49.    -18.   -0.15555E+17    0.49205E+16   -0.36309E+17   -0.42006E+17   -0.12249E+17   -0.16111E+17                0.7077
    53    4   -1    -49.    -19.   -0.16429E+17    0.25480E+16   -0.40479E+17   -0.43203E+17   -0.14901E+17   -0.18522E+17                0.7112
    53    4    0    -49.    -20.   -0.17165E+17    0.16451E+15   -0.44290E+17   -0.44076E+17   -0.17464E+17   -0.20805E+17                0.7076
    53    5   -2    -45.     -7.   -0.16374E+17    0.41572E+16   -0.29877E+17   -0.40259E+17   -0.10263E+17   -0.47928E+16                0.6982
    53    5   -1    -46.     -9.   -0.17234E+17    0.21288E+16   -0.33495E+17   -0.41092E+17   -0.12677E+17   -0.64036E+16                0.6993
    54    3   -2    -45.    -28.   -0.13289E+17    0.73347E+16   -0.35437E+17   -0.46520E+17   -0.13299E+17   -0.29590E+17                0.7500
    54    3   -1    -48.    -28.   -0.13904E+17    0.43295E+16   -0.41251E+17   -0.47463E+17   -0.15666E+17   -0.32324E+17                0.7520
    54    4   -3    -41.    -17.   -0.12903E+17    0.60723E+16   -0.29484E+17   -0.42567E+17   -0.49855E+16   -0.12514E+17                0.7480
    54    4   -2    -45.    -18.   -0.13649E+17    0.41030E+16   -0.33915E+17   -0.43683E+17   -0.73676E+16   -0.14800E+17                0.7592
    54    4   -1    -48.    -19.   -0.14274E+17    0.20869E+16   -0.38031E+17   -0.44491E+17   -0.97478E+16   -0.17024E+17                0.7612
    54    4    0    -49.    -20.   -0.14772E+17    0.41665E+14   -0.41794E+17   -0.44984E+17   -0.12105E+17   -0.19168E+17                0.7541
    54    5   -3    -35.     -2.   -0.13140E+17    0.35446E+16   -0.25673E+17   -0.40616E+17   -0.12858E+16   -0.85000E+15                0.7486
    54    5   -2    -41.     -4.   -0.13892E+17    0.22744E+16   -0.29045E+17   -0.41370E+17   -0.35355E+16   -0.23716E+16                0.7576
    54    5   -1    -45.     -6.   -0.14522E+17    0.96686E+15   -0.32143E+17   -0.41827E+17   -0.58056E+16   -0.39053E+16                0.7573
    54    5    0    -47.     -8.   -0.15022E+17   -0.36571E+15   -0.34940E+17   -0.41982E+17   -0.80743E+16   -0.54363E+16                0.7474
    55    4    4      1.    -16.   -0.23237E+17   -0.46320E+16   -0.17767E+17   -0.22444E+17   -0.19280E+17   -0.89636E+16                0.6495
    55    4    5      7.    -16.   -0.23350E+17   -0.11168E+17   -0.15776E+17   -0.22035E+17   -0.19908E+17   -0.90710E+16                0.6565
    55    4    6      7.    -16.   -0.23252E+17   -0.17621E+17   -0.13639E+17   -0.21499E+17   -0.20413E+17   -0.91709E+16                0.6579
    55    5    4     23.      0.   -0.24246E+17   -0.60621E+16   -0.14662E+17   -0.19313E+17   -0.16609E+17    0.34510E+13                0.6571
    55    5    5     27.      0.   -0.24348E+17   -0.11371E+17   -0.13174E+17   -0.18838E+17   -0.17227E+17    0.48404E+13                0.6643
    55    5    6     25.      0.   -0.24231E+17   -0.16588E+17   -0.11566E+17   -0.18256E+17   -0.17738E+17   -0.42031E+14                0.6649
    55    6    3     28.     15.   -0.24851E+17   -0.16123E+16   -0.13153E+17   -0.17066E+17   -0.13581E+17    0.76310E+16                0.6467
    55    6    4     35.     15.   -0.25168E+17   -0.58602E+16   -0.12097E+17   -0.16648E+17   -0.14290E+17    0.78055E+16                0.6606
    55    6    5     38.     15.   -0.25261E+17   -0.10065E+17   -0.10928E+17   -0.16133E+17   -0.14910E+17    0.78877E+16                0.6675
    55    6    6     35.     15.   -0.25128E+17   -0.14186E+17   -0.96604E+16   -0.15526E+17   -0.15435E+17    0.78754E+16                0.6671
    56    3   -2    -48.    -26.   -0.15617E+17    0.83730E+16   -0.39929E+17   -0.47784E+17   -0.14356E+17   -0.27917E+17                0.7577
    56    4   -4    -38.    -13.   -0.14891E+17    0.13983E+17   -0.26081E+17   -0.43020E+17   -0.50879E+16   -0.96463E+16                0.7548
    56    4   -3    -43.    -15.   -0.15751E+17    0.11151E+17   -0.30763E+17   -0.44612E+17   -0.77171E+16   -0.12366E+17                0.7663
    56    4   -2    -46.    -17.   -0.16473E+17    0.82175E+16   -0.35148E+17   -0.45892E+17   -0.10345E+17   -0.15049E+17                0.7691
    56    4   -1    -48.    -18.   -0.17049E+17    0.52102E+16   -0.39195E+17   -0.46844E+17   -0.12942E+17   -0.17663E+17                0.7632
    56    5   -4    -31.      0.   -0.15513E+17    0.11407E+17   -0.22414E+17   -0.42235E+17   -0.27882E+16    0.21826E+15                0.7570
    56    5   -3    -37.     -2.   -0.16353E+17    0.93637E+16   -0.25778E+17   -0.43397E+17   -0.51400E+16   -0.14675E+16                0.7669
    56    5   -2    -41.     -5.   -0.17048E+17    0.72271E+16   -0.28888E+17   -0.44245E+17   -0.74964E+16   -0.31696E+16                0.7676
    56    5   -1    -43.     -7.   -0.17592E+17    0.50166E+16   -0.31717E+17   -0.44770E+17   -0.98353E+16   -0.48723E+16                0.7590
    56    6   -3    -18.     19.   -0.16798E+17    0.80669E+16   -0.21288E+17   -0.39966E+17   -0.97273E+15    0.10755E+17                0.7551
    57    3   -2    -54.    -25.   -0.14935E+17    0.59991E+16   -0.47846E+17   -0.44429E+17   -0.12354E+17   -0.27737E+17                0.7379
    57    3   -1    -53.    -26.   -0.15952E+17    0.40597E+16   -0.52198E+17   -0.46098E+17   -0.15250E+17   -0.31086E+17                0.7491
    57    3    0    -51.    -27.   -0.16838E+17    0.21409E+16   -0.56065E+17   -0.47429E+17   -0.18074E+17   -0.34235E+17                0.7514
    57    3    1    -50.    -27.   -0.17585E+17    0.26112E+15   -0.59412E+17   -0.48403E+17   -0.20796E+17   -0.37149E+17                0.7446
    57    4   -2    -53.    -18.   -0.15798E+17    0.49380E+16   -0.43272E+17   -0.43383E+17   -0.92979E+16   -0.17070E+17                0.7421
    57    4   -1    -52.    -19.   -0.16819E+17    0.29095E+16   -0.47312E+17   -0.44938E+17   -0.12059E+17   -0.19748E+17                0.7543
    57    4    0    -51.    -20.   -0.17699E+17    0.86326E+15   -0.50938E+17   -0.46161E+17   -0.14763E+17   -0.22297E+17                0.7577
    57    4    1    -49.    -21.   -0.18429E+17   -0.11825E+16   -0.54117E+17   -0.47038E+17   -0.17384E+17   -0.24691E+17                0.7522
    57    4    2    -48.    -22.   -0.19003E+17   -0.32097E+16   -0.56823E+17   -0.47560E+17   -0.19896E+17   -0.26908E+17                0.7379
    57    5   -1    -50.    -10.   -0.17731E+17    0.29205E+16   -0.39770E+17   -0.42860E+17   -0.98300E+16   -0.76719E+16                0.7436
    57    5    0    -50.    -11.   -0.18610E+17    0.11968E+16   -0.42948E+17   -0.43704E+17   -0.12287E+17   -0.93843E+16                0.7450
    58    3    0    -32.    -30.   -0.15775E+17   -0.11469E+17   -0.28978E+17   -0.32481E+17   -0.25069E+17   -0.28355E+17                0.7524
    58    3    1    -31.    -30.   -0.15889E+17   -0.13084E+17   -0.28358E+17   -0.32818E+17   -0.26305E+17   -0.29527E+17                0.7549
    58    3    2    -31.    -31.   -0.15866E+17   -0.14596E+17   -0.27454E+17   -0.32919E+17   -0.27347E+17   -0.30491E+17                0.7465
    58    4    0    -21.    -18.   -0.17012E+17   -0.10766E+17   -0.22331E+17   -0.26317E+17   -0.18767E+17   -0.11298E+17                0.7465
    58    4    1    -22.    -19.   -0.17130E+17   -0.11867E+17   -0.22181E+17   -0.26634E+17   -0.19997E+17   -0.12238E+17                0.7520
    58    4    2    -22.    -19.   -0.17101E+17   -0.12870E+17   -0.21819E+17   -0.26761E+17   -0.21080E+17   -0.13097E+17                0.7467
    58    5    0    -11.     -3.   -0.18082E+17   -0.87943E+16   -0.18123E+17   -0.23245E+17   -0.15710E+17   -0.14948E+16                0.7458
    58    5    1    -11.     -4.   -0.18201E+17   -0.96252E+16   -0.18161E+17   -0.23367E+17   -0.16762E+17   -0.20464E+16                0.7512
    58    5    2    -12.     -5.   -0.18163E+17   -0.10375E+17   -0.18030E+17   -0.23324E+17   -0.17690E+17   -0.25888E+16                0.7457
    58    6    1      5.     15.   -0.19065E+17   -0.76896E+16   -0.14812E+17   -0.20425E+17   -0.13889E+17    0.67777E+16                0.7464
    59    3   -1    -47.    -31.   -0.16299E+17    0.32043E+16   -0.59840E+17   -0.41666E+17   -0.32025E+17   -0.45691E+17                0.8163
    59    3    0    -47.    -32.   -0.16158E+17    0.33502E+16   -0.60899E+17   -0.43453E+17   -0.34802E+17   -0.49441E+17                0.8174
    59    3    1    -48.    -33.   -0.15875E+17    0.34171E+16   -0.61338E+17   -0.44969E+17   -0.37369E+17   -0.52901E+17                0.8063
    59    4   -1    -49.    -20.   -0.17421E+17    0.44807E+16   -0.46956E+17   -0.31068E+17   -0.21542E+17   -0.19192E+17                0.8032
    59    4    0    -49.    -22.   -0.17274E+17    0.41754E+16   -0.48654E+17   -0.32668E+17   -0.24245E+17   -0.22145E+17                0.8102
    59    4    1    -49.    -23.   -0.16976E+17    0.37913E+16   -0.49854E+17   -0.34070E+17   -0.26809E+17   -0.24987E+17                0.8057
    59    5    0    -51.     -9.   -0.18221E+17    0.54363E+16   -0.40206E+17   -0.27425E+17   -0.19737E+17   -0.70437E+16                0.8117
    59    5    1    -51.    -11.   -0.17923E+17    0.50912E+16   -0.41616E+17   -0.28447E+17   -0.22008E+17   -0.90558E+16                0.8093
    59    6    0    -39.     13.   -0.19086E+17    0.48002E+16   -0.32475E+17   -0.22280E+17   -0.15313E+17    0.64940E+16                0.8097
    59    6    1    -42.     10.   -0.18781E+17    0.45251E+16   -0.33843E+17   -0.23036E+17   -0.17399E+17    0.51475E+16                0.8089
    60    3   -3    -36.    -22.   -0.12549E+17    0.56131E+16   -0.31745E+17   -0.46279E+17   -0.17557E+16   -0.18481E+17                0.7970
    60    3   -2    -44.    -23.   -0.13475E+17    0.44600E+15   -0.41546E+17   -0.47993E+17   -0.44796E+16   -0.22304E+17                0.7944
    60    4   -4    -14.    -11.   -0.11993E+17    0.81450E+16   -0.21323E+17   -0.44160E+17    0.49112E+16   -0.63060E+16                0.8050
    60    4   -3    -30.    -14.   -0.12998E+17    0.38908E+16   -0.29271E+17   -0.46280E+17    0.20880E+16   -0.98633E+16                0.8093
    60    4   -2    -38.    -16.   -0.13892E+17   -0.39571E+15   -0.36972E+17   -0.48063E+17   -0.80254E+15   -0.13392E+17                0.8067
    60    4   -1    -43.    -18.   -0.14665E+17   -0.46715E+16   -0.44351E+17   -0.49487E+17   -0.37300E+16   -0.16855E+17                0.7971
    60    5   -5     25.      9.   -0.11467E+17    0.94388E+16   -0.11103E+17   -0.42119E+17    0.98434E+16    0.46379E+16                0.7970
    60    5   -4      3.      4.   -0.12545E+17    0.61357E+16   -0.17682E+17   -0.44064E+17    0.73725E+16    0.21921E+16                0.8055
    60    5   -3    -17.     -1.   -0.13516E+17    0.27664E+16   -0.24114E+17   -0.45689E+17    0.47972E+16   -0.30051E+15                0.8065
    60    5   -2    -29.     -4.   -0.14370E+17   -0.63916E+15   -0.30341E+17   -0.46973E+17    0.21431E+16   -0.28141E+16                0.7998
    61    3   -3    -38.    -26.   -0.18919E+17    0.26432E+17   -0.21056E+17   -0.47462E+17   -0.20232E+17   -0.28400E+17                0.7651
    61    4   -5    -30.    -15.   -0.19964E+17    0.18254E+17   -0.16034E+17   -0.45970E+17   -0.14978E+17   -0.11669E+17                0.7665
    61    4   -4    -33.    -16.   -0.20033E+17    0.20311E+17   -0.17988E+17   -0.46171E+17   -0.15788E+17   -0.13447E+17                0.7754
    61    4   -3    -36.    -17.   -0.19928E+17    0.22185E+17   -0.19766E+17   -0.46055E+17   -0.16535E+17   -0.15194E+17                0.7740
    61    5   -5    -23.      0.   -0.20912E+17    0.15159E+17   -0.13833E+17   -0.45050E+17   -0.11657E+17    0.14072E+15                0.7735
    61    5   -4    -27.     -2.   -0.20937E+17    0.16757E+17   -0.15432E+17   -0.45266E+17   -0.12555E+17   -0.16017E+16                0.7793
    61    5   -3    -30.     -5.   -0.20781E+17    0.18200E+17   -0.16877E+17   -0.45163E+17   -0.13405E+17   -0.33788E+16                0.7745
    61    6   -5     -5.     19.   -0.21705E+17    0.12786E+17   -0.11837E+17   -0.42282E+17   -0.71914E+16    0.12756E+17                0.7713
    61    6   -4    -10.     17.   -0.21687E+17    0.14124E+17   -0.13077E+17   -0.42283E+17   -0.80471E+16    0.11255E+17                0.7738
    61    6   -3    -15.     15.   -0.21481E+17    0.15334E+17   -0.14188E+17   -0.41978E+17   -0.88812E+16    0.96420E+16                0.7658
    62    3    0    -39.    -31.   -0.15862E+17   -0.58785E+16   -0.38739E+17   -0.36043E+17   -0.28517E+17   -0.35534E+17                0.7306
    62    3    1    -38.    -32.   -0.15910E+17   -0.79331E+16   -0.38128E+17   -0.36591E+17   -0.29856E+17   -0.37118E+17                0.7305
    62    4    0    -31.    -20.   -0.17236E+17   -0.62281E+16   -0.29433E+17   -0.28534E+17   -0.20888E+17   -0.15193E+17                0.7304
    62    4    1    -30.    -21.   -0.17303E+17   -0.78659E+16   -0.29332E+17   -0.29074E+17   -0.22234E+17   -0.16521E+17                0.7353
    62    5    0    -22.     -6.   -0.18461E+17   -0.49946E+16   -0.23527E+17   -0.24604E+17   -0.17030E+17   -0.32446E+16                0.7338
    62    5    1    -22.     -7.   -0.18546E+17   -0.63158E+16   -0.23641E+17   -0.24927E+17   -0.18178E+17   -0.41109E+16                0.7403
    62    5    2    -21.     -9.   -0.18470E+17   -0.75899E+16   -0.23525E+17   -0.25088E+17   -0.19207E+17   -0.49690E+16                0.7361
    62    6    0     -3.     15.   -0.19501E+17   -0.39721E+16   -0.18836E+17   -0.20949E+17   -0.13486E+17    0.72309E+16                0.7322
    62    6    1     -4.     14.   -0.19601E+17   -0.50201E+16   -0.19023E+17   -0.21147E+17   -0.14525E+17    0.66874E+16                0.7401
    62    6    2     -4.     13.   -0.19532E+17   -0.60298E+16   -0.19028E+17   -0.21208E+17   -0.15468E+17    0.60809E+16                0.7373
    63    3   -2    -53.    -26.   -0.15147E+17    0.39810E+16   -0.50102E+17   -0.40254E+17   -0.19277E+17   -0.29194E+17                0.6960
    63    3   -1    -52.    -26.   -0.15558E+17    0.22898E+16   -0.49913E+17   -0.41154E+17   -0.19843E+17   -0.29685E+17                0.7158
    63    3    0    -50.    -26.   -0.15826E+17    0.60176E+15   -0.49247E+17   -0.41746E+17   -0.20277E+17   -0.29978E+17                0.7245
    63    3    1    -48.    -26.   -0.15947E+17   -0.10660E+16   -0.48111E+17   -0.42023E+17   -0.20576E+17   -0.30072E+17                0.7218
    63    3    2    -46.    -26.   -0.15920E+17   -0.26974E+16   -0.46513E+17   -0.41983E+17   -0.20737E+17   -0.29969E+17                0.7076
    63    4   -1    -50.    -18.   -0.15607E+17    0.17762E+16   -0.37974E+17   -0.37985E+17   -0.15530E+17   -0.16051E+17                0.7010
    63    4    0    -47.    -18.   -0.15861E+17    0.29883E+15   -0.37372E+17   -0.38332E+17   -0.15650E+17   -0.15803E+17                0.7094
    63    4    1    -45.    -18.   -0.15968E+17   -0.11727E+16   -0.36413E+17   -0.38388E+17   -0.15665E+17   -0.15454E+17                0.7068
    63    4    2    -43.    -18.   -0.15926E+17   -0.26244E+16   -0.35107E+17   -0.38152E+17   -0.15574E+17   -0.15009E+17                0.6931
    63    5    0    -44.     -7.   -0.15957E+17    0.54135E+15   -0.29512E+17   -0.35467E+17   -0.12043E+17   -0.47687E+16                0.6917
    64    3    1    -53.    -32.   -0.21843E+17    0.21816E+17   -0.55620E+17   -0.45395E+17   -0.34274E+17   -0.49781E+17                0.7459
    64    3    2    -49.    -33.   -0.22172E+17    0.18327E+17   -0.52903E+17   -0.47310E+17   -0.38035E+17   -0.54253E+17                0.7533
    64    3    3    -45.    -35.   -0.22306E+17    0.14631E+17   -0.49708E+17   -0.48914E+17   -0.41544E+17   -0.58378E+17                0.7517
    64    4    2    -49.    -24.   -0.22999E+17    0.14502E+17   -0.45308E+17   -0.38682E+17   -0.27999E+17   -0.27722E+17                0.7513
    64    4    3    -45.    -26.   -0.23111E+17    0.10972E+17   -0.42797E+17   -0.39940E+17   -0.31322E+17   -0.30807E+17                0.7524
    64    5    2    -49.    -13.   -0.23787E+17    0.13748E+17   -0.37471E+17   -0.33706E+17   -0.22747E+17   -0.11232E+17                0.7536
    64    5    3    -44.    -15.   -0.23869E+17    0.10783E+17   -0.35436E+17   -0.34307E+17   -0.25525E+17   -0.13030E+17                0.7545
    64    5    4    -39.    -16.   -0.23742E+17    0.76941E+16   -0.33082E+17   -0.34684E+17   -0.28128E+17   -0.14757E+17                0.7465
    64    6    2    -40.      8.   -0.24508E+17    0.11790E+17   -0.30646E+17   -0.27902E+17   -0.16988E+17    0.43436E+16                0.7490
    64    6    3    -35.      6.   -0.24565E+17    0.94215E+16   -0.29079E+17   -0.28132E+17   -0.19518E+17    0.33421E+16                0.7500
    65    3   -2    -53.    -25.   -0.14961E+17    0.60795E+16   -0.44421E+17   -0.43596E+17   -0.16250E+17   -0.27494E+17                0.6933
    65    3   -1    -52.    -25.   -0.15556E+17    0.36213E+16   -0.47068E+17   -0.44672E+17   -0.17610E+17   -0.28949E+17                0.7079
    65    3    0    -50.    -26.   -0.16011E+17    0.11750E+16   -0.49262E+17   -0.45408E+17   -0.18863E+17   -0.30218E+17                0.7121
    65    3    1    -49.    -26.   -0.16320E+17   -0.12338E+16   -0.50981E+17   -0.45796E+17   -0.19995E+17   -0.31287E+17                0.7057
    65    4   -2    -50.    -18.   -0.15007E+17    0.45403E+16   -0.36508E+17   -0.41964E+17   -0.13063E+17   -0.16162E+17                0.6927
    65    4   -1    -49.    -18.   -0.15559E+17    0.24216E+16   -0.38225E+17   -0.42763E+17   -0.14066E+17   -0.16825E+17                0.7052
    65    4    0    -48.    -19.   -0.15968E+17    0.29712E+15   -0.39580E+17   -0.43237E+17   -0.14985E+17   -0.17384E+17                0.7073
    65    4    1    -47.    -19.   -0.16231E+17   -0.18135E+16   -0.40559E+17   -0.43378E+17   -0.15809E+17   -0.17831E+17                0.6988
    65    5   -1    -46.     -8.   -0.15552E+17    0.13560E+16   -0.31425E+17   -0.40445E+17   -0.10604E+17   -0.55033E+16                0.6924
    65    5    0    -45.     -8.   -0.15950E+17   -0.28554E+15   -0.32297E+17   -0.40741E+17   -0.11381E+17   -0.56915E+16                0.6928
    66    3   -2    -54.    -25.   -0.15955E+17    0.77220E+16   -0.47108E+17   -0.43523E+17   -0.17448E+17   -0.28936E+17                0.7212
    66    3   -1    -53.    -26.   -0.16677E+17    0.56544E+16   -0.50153E+17   -0.44820E+17   -0.19750E+17   -0.31540E+17                0.7320
    66    3    0    -51.    -27.   -0.17254E+17    0.35763E+16   -0.52720E+17   -0.45792E+17   -0.21941E+17   -0.33951E+17                0.7331
    66    3    1    -49.    -27.   -0.17681E+17    0.15098E+16   -0.54787E+17   -0.46424E+17   -0.23992E+17   -0.36134E+17                0.7244
    66    4   -2    -53.    -18.   -0.16482E+17    0.68381E+16   -0.39335E+17   -0.41377E+17   -0.13978E+17   -0.16335E+17                0.7179
    66    4   -1    -51.    -19.   -0.17197E+17    0.48855E+16   -0.41702E+17   -0.42473E+17   -0.16070E+17   -0.18159E+17                0.7280
    66    4    0    -50.    -20.   -0.17761E+17    0.28982E+16   -0.43683E+17   -0.43255E+17   -0.18066E+17   -0.19870E+17                0.7284
    66    4    1    -49.    -20.   -0.18168E+17    0.89494E+15   -0.45260E+17   -0.43714E+17   -0.19946E+17   -0.21447E+17                0.7191
    66    5   -1    -49.     -8.   -0.17722E+17    0.46048E+16   -0.33837E+17   -0.40151E+17   -0.13354E+17   -0.62157E+16                0.7166
    66    5    0    -48.     -9.   -0.18285E+17    0.29932E+16   -0.35387E+17   -0.40628E+17   -0.15124E+17   -0.72501E+16                0.7152
    67    3   -3    -44.    -27.   -0.11896E+17    0.83887E+16   -0.32170E+17   -0.42919E+17   -0.90469E+16   -0.25214E+17                0.7178
    67    3   -2    -48.    -28.   -0.12748E+17    0.57481E+16   -0.37933E+17   -0.44404E+17   -0.11683E+17   -0.28325E+17                0.7284
    67    3   -1    -50.    -28.   -0.13492E+17    0.30945E+16   -0.43346E+17   -0.45567E+17   -0.14276E+17   -0.31267E+17                0.7313
    67    3    0    -50.    -28.   -0.14121E+17    0.45311E+15   -0.48359E+17   -0.46392E+17   -0.16799E+17   -0.34007E+17                0.7264
    67    4   -3    -42.    -18.   -0.12250E+17    0.54660E+16   -0.29827E+17   -0.40822E+17   -0.43875E+16   -0.13068E+17                0.7179
    67    4   -2    -46.    -19.   -0.13108E+17    0.32305E+16   -0.34626E+17   -0.42207E+17   -0.69807E+16   -0.15611E+17                0.7286
    67    4   -1    -48.    -20.   -0.13853E+17    0.96128E+15   -0.39124E+17   -0.43287E+17   -0.95623E+16   -0.18071E+17                0.7317
    67    4    0    -49.    -21.   -0.14476E+17   -0.13186E+16   -0.43280E+17   -0.44048E+17   -0.12104E+17   -0.20418E+17                0.7269
    67    5   -2    -42.     -7.   -0.13552E+17    0.21956E+16   -0.28964E+17   -0.40039E+17   -0.40646E+16   -0.41387E+16                0.7199
    67    5   -1    -45.     -8.   -0.14292E+17    0.45261E+15   -0.32701E+17   -0.40750E+17   -0.64714E+16   -0.58397E+16                0.7202
    68    3    0    -47.    -31.   -0.21006E+17    0.79914E+16   -0.67158E+17   -0.43025E+17   -0.29389E+17   -0.47884E+17                0.8591
    68    3    1    -44.    -33.   -0.21152E+17    0.55434E+16   -0.62113E+17   -0.45684E+17   -0.34263E+17   -0.53241E+17                0.8657
    68    3    2    -42.    -35.   -0.21112E+17    0.30095E+16   -0.56498E+17   -0.48039E+17   -0.38911E+17   -0.58242E+17                0.8622
    68    3    3    -40.    -36.   -0.20884E+17    0.41299E+15   -0.50370E+17   -0.50072E+17   -0.43294E+17   -0.62850E+17                0.8490
    68    4    1    -47.    -22.   -0.22427E+17    0.80273E+16   -0.54665E+17   -0.35256E+17   -0.22191E+17   -0.24826E+17                0.8522
    68    4    2    -43.    -25.   -0.22283E+17    0.48722E+16   -0.50436E+17   -0.37217E+17   -0.26749E+17   -0.28541E+17                0.8538
    68    5    1    -51.    -11.   -0.23400E+17    0.10261E+17   -0.46276E+17   -0.30321E+17   -0.17723E+17   -0.91104E+16                0.8525
    68    5    2    -45.    -13.   -0.23182E+17    0.74646E+16   -0.42907E+17   -0.31516E+17   -0.21656E+17   -0.11232E+17                0.8545
    68    6    1    -43.     10.   -0.24189E+17    0.94743E+16   -0.38314E+17   -0.24762E+17   -0.12785E+17    0.55426E+16                0.8470
    68    6    2    -38.      8.   -0.23896E+17    0.71330E+16   -0.35794E+17   -0.25488E+17   -0.16418E+17    0.44891E+16                0.8493
    69    3   -3    -53.    -27.   -0.15746E+17    0.65809E+16   -0.57127E+17   -0.38630E+17   -0.24618E+17   -0.34360E+17                0.7256
    69    3   -2    -53.    -27.   -0.15807E+17    0.76194E+16   -0.57884E+17   -0.39636E+17   -0.25366E+17   -0.35614E+17                0.7441
    69    3   -1    -54.    -28.   -0.15729E+17    0.85991E+16   -0.58065E+17   -0.40375E+17   -0.25962E+17   -0.36661E+17                0.7503
    69    3    0    -55.    -28.   -0.15514E+17    0.95105E+16   -0.57668E+17   -0.40838E+17   -0.26400E+17   -0.37489E+17                0.7439
    69    3    1    -56.    -28.   -0.15162E+17    0.10345E+17   -0.56694E+17   -0.41019E+17   -0.26672E+17   -0.38085E+17                0.7254
    69    4   -2    -52.    -20.   -0.16745E+17    0.53633E+16   -0.42751E+17   -0.34366E+17   -0.20063E+17   -0.18534E+17                0.7313
    69    4   -1    -53.    -20.   -0.16685E+17    0.56771E+16   -0.43258E+17   -0.35076E+17   -0.20631E+17   -0.19342E+17                0.7403
    69    4    0    -53.    -21.   -0.16480E+17    0.59485E+16   -0.43335E+17   -0.35540E+17   -0.21070E+17   -0.20037E+17                0.7370
    69    5   -1    -50.    -10.   -0.17626E+17    0.42425E+16   -0.34331E+17   -0.31288E+17   -0.16974E+17   -0.70376E+16                0.7282
    69    5    0    -50.    -10.   -0.17436E+17    0.42456E+16   -0.34568E+17   -0.31686E+17   -0.17361E+17   -0.75421E+16                0.7266
    70    3    0    -40.    -31.   -0.12605E+17   -0.82709E+16   -0.28775E+17   -0.38014E+17   -0.23279E+17   -0.31601E+17                0.7790
    70    3    1    -41.    -31.   -0.12535E+17   -0.76768E+16   -0.29385E+17   -0.38660E+17   -0.23759E+17   -0.32292E+17                0.7899
    70    3    2    -42.    -31.   -0.12351E+17   -0.70740E+16   -0.29695E+17   -0.39043E+17   -0.24092E+17   -0.32797E+17                0.7880
    70    4    0    -38.    -17.   -0.12975E+17   -0.67530E+16   -0.24329E+17   -0.30691E+17   -0.15240E+17   -0.11280E+17                0.7737
    70    4    1    -39.    -17.   -0.12896E+17   -0.58369E+16   -0.24757E+17   -0.31357E+17   -0.15634E+17   -0.11770E+17                0.7853
    70    4    2    -41.    -18.   -0.12700E+17   -0.49111E+16   -0.24937E+17   -0.31812E+17   -0.15940E+17   -0.12218E+17                0.7845
    70    5    1    -36.      2.   -0.13226E+17   -0.43716E+16   -0.20934E+17   -0.27137E+17   -0.10979E+17    0.87021E+15                0.7812
    70    5    2    -39.      1.   -0.13018E+17   -0.33940E+16   -0.20997E+17   -0.27523E+17   -0.11117E+17    0.65347E+15                0.7804
    70    6    1    -16.     25.   -0.13533E+17   -0.34898E+16   -0.17083E+17   -0.23593E+17   -0.71773E+16    0.11292E+17                0.7748
    70    6    2    -18.     25.   -0.13310E+17   -0.25937E+16   -0.17086E+17   -0.23963E+17   -0.71944E+16    0.11219E+17                0.7745
    71    3   -1    -48.    -26.   -0.16286E+17    0.12647E+16   -0.50278E+17   -0.37415E+17   -0.23511E+17   -0.30576E+17                0.7406
    71    3    0    -47.    -27.   -0.16690E+17    0.13441E+16   -0.48291E+17   -0.38225E+17   -0.24214E+17   -0.31247E+17                0.7549
    71    3    1    -46.    -28.   -0.16947E+17    0.14214E+16   -0.45844E+17   -0.38759E+17   -0.24751E+17   -0.31708E+17                0.7577
    71    3    2    -45.    -28.   -0.17056E+17    0.14952E+16   -0.42963E+17   -0.39010E+17   -0.25118E+17   -0.31957E+17                0.7488
    71    3    3    -44.    -29.   -0.17014E+17    0.15644E+16   -0.39677E+17   -0.38973E+17   -0.25309E+17   -0.31988E+17                0.7287
    71    4    0    -42.    -18.   -0.17398E+17   -0.14547E+16   -0.37573E+17   -0.32953E+17   -0.18423E+17   -0.14574E+17                0.7393
    71    4    1    -41.    -18.   -0.17688E+17   -0.14417E+16   -0.35852E+17   -0.33427E+17   -0.18880E+17   -0.14775E+17                0.7460
    71    4    2    -40.    -18.   -0.17822E+17   -0.14148E+16   -0.33796E+17   -0.33655E+17   -0.19205E+17   -0.14881E+17                0.7411
    71    5    1    -36.     -6.   -0.18446E+17   -0.15106E+16   -0.29004E+17   -0.30168E+17   -0.15467E+17   -0.37157E+16                0.7364
    71    5    2    -34.     -6.   -0.18590E+17   -0.14584E+16   -0.27412E+17   -0.30287E+17   -0.15674E+17   -0.36095E+16                0.7333
    72    3    0    -48.    -32.   -0.17883E+17    0.10627E+17   -0.50411E+17   -0.38875E+17   -0.31557E+17   -0.44895E+17                0.6758
    72    3    1    -44.    -34.   -0.18045E+17    0.65586E+16   -0.49666E+17   -0.39640E+17   -0.33565E+17   -0.47446E+17                0.6762
    72    4    0    -46.    -23.   -0.18738E+17    0.85164E+16   -0.37881E+17   -0.29516E+17   -0.21815E+17   -0.20404E+17                0.6723
    72    4    1    -41.    -24.   -0.18907E+17    0.50939E+16   -0.37162E+17   -0.30254E+17   -0.23854E+17   -0.22573E+17                0.6762
    72    4    2    -37.    -26.   -0.18908E+17    0.15802E+16   -0.36069E+17   -0.30817E+17   -0.25752E+17   -0.24632E+17                0.6713
    72    5    0    -44.    -10.   -0.19505E+17    0.78020E+16   -0.30334E+17   -0.24731E+17   -0.16987E+17   -0.66035E+16                0.6732
    72    5    1    -38.    -12.   -0.19675E+17    0.48995E+16   -0.29657E+17   -0.25147E+17   -0.18754E+17   -0.80736E+16                0.6784
    72    5    2    -33.    -14.   -0.19670E+17    0.19176E+16   -0.28679E+17   -0.25419E+17   -0.20412E+17   -0.95243E+16                0.6746
    72    6    1    -23.     10.   -0.20383E+17    0.39081E+16   -0.23585E+17   -0.20403E+17   -0.14180E+17    0.44178E+16                0.6776
    72    6    2    -18.      8.   -0.20373E+17    0.14815E+16   -0.22788E+17   -0.20510E+17   -0.15714E+17    0.34002E+16                0.6751
    73    3   -3    -65.    -23.   -0.18762E+17    0.23683E+17   -0.48967E+17   -0.34005E+17   -0.19760E+17   -0.26272E+17                0.7593
    73    3   -2    -64.    -25.   -0.18981E+17    0.25726E+17   -0.47464E+17   -0.36390E+17   -0.22007E+17   -0.30103E+17                0.7781
    73    3   -1    -62.    -27.   -0.19034E+17    0.27499E+17   -0.45506E+17   -0.38559E+17   -0.24149E+17   -0.33798E+17                0.7854
    73    3    0    -60.    -29.   -0.18921E+17    0.28985E+17   -0.43115E+17   -0.40488E+17   -0.26160E+17   -0.37313E+17                0.7810
    73    3    1    -57.    -30.   -0.18643E+17    0.30169E+17   -0.40316E+17   -0.42161E+17   -0.28025E+17   -0.40623E+17                0.7651
    73    4   -2    -61.    -14.   -0.19782E+17    0.20695E+17   -0.34056E+17   -0.30409E+17   -0.13625E+17   -0.10798E+17                0.7559
    73    4   -1    -58.    -16.   -0.19783E+17    0.21283E+17   -0.33481E+17   -0.32295E+17   -0.15570E+17   -0.13611E+17                0.7636
    73    4    0    -56.    -19.   -0.19612E+17    0.21643E+17   -0.32590E+17   -0.33978E+17   -0.17438E+17   -0.16370E+17                0.7596
    73    5   -1    -50.     -5.   -0.20496E+17    0.18238E+17   -0.25359E+17   -0.30296E+17   -0.12362E+17   -0.32113E+16                0.7612
    73    5    0    -49.     -8.   -0.20267E+17    0.18225E+17   -0.25006E+17   -0.31586E+17   -0.13969E+17   -0.51969E+16                0.7562
    74    3    1    -37.    -33.   -0.24206E+17    0.40478E+16   -0.54078E+17   -0.41055E+17   -0.30308E+17   -0.48026E+17                0.9444
    74    3    2    -32.    -36.   -0.24140E+17   -0.62882E+15   -0.43213E+17   -0.43589E+17   -0.36494E+17   -0.53324E+17                0.9504
    74    3    3    -30.    -38.   -0.23861E+17   -0.53644E+16   -0.31936E+17   -0.45836E+17   -0.42429E+17   -0.58265E+17                0.9489
    74    3    4    -31.    -39.   -0.23369E+17   -0.10113E+17   -0.20366E+17   -0.47780E+17   -0.48064E+17   -0.62813E+17                0.9400
    74    4    3    -19.    -28.   -0.25340E+17   -0.35460E+16   -0.26000E+17   -0.33531E+17   -0.28083E+17   -0.26323E+17                0.9429
    74    5    2    -20.    -10.   -0.26721E+17    0.46131E+16   -0.29654E+17   -0.26222E+17   -0.16658E+17   -0.66106E+16                0.9433
    74    5    3     -9.    -13.   -0.26129E+17   -0.31850E+14   -0.20760E+17   -0.27478E+17   -0.22528E+17   -0.86378E+16                0.9458
    74    5    4    -10.    -15.   -0.25305E+17   -0.47005E+16   -0.11690E+17   -0.28564E+17   -0.28232E+17   -0.10621E+17                0.9407
    74    6    2     -1.     13.   -0.27554E+17    0.43815E+16   -0.23448E+17   -0.20933E+17   -0.11937E+17    0.71284E+16                0.9427
    74    6    3     13.     12.   -0.26841E+17    0.34631E+15   -0.16037E+17   -0.21621E+17   -0.17551E+17    0.64783E+16                0.9450
    75    3   -1    -47.    -28.   -0.19240E+17    0.81980E+16   -0.57888E+17   -0.36702E+17   -0.27173E+17   -0.37244E+17                0.8018
    75    3    0    -44.    -30.   -0.19597E+17    0.53091E+16   -0.54582E+17   -0.37551E+17   -0.29012E+17   -0.39229E+17                0.8085
    75    3    1    -41.    -31.   -0.19780E+17    0.23184E+16   -0.50717E+17   -0.38158E+17   -0.30666E+17   -0.40974E+17                0.8039
    75    4    0    -37.    -19.   -0.21125E+17    0.32303E+16   -0.38202E+17   -0.28175E+17   -0.19562E+17   -0.16060E+17                0.7991
    75    4    1    -32.    -21.   -0.21304E+17    0.66024E+15   -0.35811E+17   -0.28841E+17   -0.21339E+17   -0.17597E+17                0.8005
    75    5    0    -28.     -7.   -0.22437E+17    0.34778E+16   -0.29104E+17   -0.24064E+17   -0.15811E+17   -0.41740E+16                0.8024
    75    5    1    -22.     -9.   -0.22618E+17    0.13116E+16   -0.27397E+17   -0.24380E+17   -0.17272E+17   -0.50118E+16                0.8058
    75    6    0     -7.     13.   -0.23600E+17    0.28255E+16   -0.22610E+17   -0.19992E+17   -0.12189E+17    0.63645E+16                0.8032
    75    6    1     -1.     12.   -0.23782E+17    0.10713E+16   -0.21347E+17   -0.20131E+17   -0.13507E+17    0.59607E+16                0.8080
    75    6    2      4.     11.   -0.23754E+17   -0.71185E+15   -0.19869E+17   -0.20149E+17   -0.14740E+17    0.54978E+16                0.8014
    76    3   -4    -26.    -21.   -0.21847E+17    0.23705E+17   -0.17516E+17   -0.53182E+17   -0.14943E+17   -0.20806E+17                0.8429
    76    4   -5    -16.     -7.   -0.22747E+17    0.18727E+17   -0.14545E+17   -0.51453E+17   -0.93511E+16   -0.52742E+16                0.8467
    76    4   -4    -20.     -9.   -0.22733E+17    0.21624E+17   -0.16001E+17   -0.51377E+17   -0.10264E+17   -0.72848E+16                0.8526
    76    4   -3    -24.    -11.   -0.22522E+17    0.24324E+17   -0.17298E+17   -0.50939E+17   -0.11157E+17   -0.93136E+16                0.8473
    76    5   -5     -4.      7.   -0.23666E+17    0.16057E+17   -0.12123E+17   -0.51736E+17   -0.64685E+16    0.50205E+16                0.8556
    76    5   -4     -9.      5.   -0.23614E+17    0.18509E+17   -0.13227E+17   -0.51667E+17   -0.74728E+16    0.30097E+16                0.8583
    76    5   -3    -14.      1.   -0.23356E+17    0.20786E+17   -0.14199E+17   -0.51224E+17   -0.84681E+16    0.92884E+15                0.8495
    76    6   -6     13.     23.   -0.24266E+17    0.11685E+17   -0.94615E+16   -0.49524E+17   -0.12045E+16    0.18295E+17                0.8420
    76    6   -5      9.     22.   -0.24384E+17    0.13947E+17   -0.10349E+17   -0.49575E+17   -0.21548E+16    0.16644E+17                0.8527
    76    6   -4      5.     20.   -0.24291E+17    0.16083E+17   -0.11130E+17   -0.49261E+17   -0.31314E+16    0.14836E+17                0.8520
    77    3   -2    -45.    -30.   -0.12368E+17    0.80885E+16   -0.23412E+17   -0.37365E+17   -0.19266E+17   -0.28299E+17                0.6731
    77    3   -1    -47.    -30.   -0.12216E+17    0.86080E+16   -0.26336E+17   -0.37865E+17   -0.19808E+17   -0.29211E+17                0.6767
    77    3    0    -50.    -30.   -0.11953E+17    0.89997E+16   -0.28993E+17   -0.38127E+17   -0.20257E+17   -0.29995E+17                0.6702
    77    4   -2    -40.    -18.   -0.12559E+17    0.19215E+16   -0.19992E+17   -0.32540E+17   -0.13037E+17   -0.11567E+17                0.6701
    77    4   -1    -44.    -18.   -0.12404E+17    0.28609E+16   -0.22026E+17   -0.32985E+17   -0.13565E+17   -0.12304E+17                0.6737
    77    4    0    -47.    -19.   -0.12136E+17    0.37318E+16   -0.23835E+17   -0.33217E+17   -0.14036E+17   -0.13011E+17                0.6672
    77    5   -2    -33.      0.   -0.12759E+17   -0.82371E+15   -0.16815E+17   -0.29306E+17   -0.86690E+16    0.12888E+15                0.6652
    77    5   -1    -38.     -1.   -0.12601E+17    0.23796E+15   -0.18374E+17   -0.29667E+17   -0.91722E+16   -0.43291E+15                0.6678
    77    5    0    -43.     -2.   -0.12327E+17    0.12612E+16   -0.19742E+17   -0.29835E+17   -0.96444E+16   -0.10367E+16                0.6604
    77    6   -1    -16.     23.   -0.12837E+17   -0.67025E+15   -0.14996E+17   -0.26500E+17   -0.53461E+16    0.98140E+16                0.6594
    78    3   -5    -24.    -26.   -0.13684E+17    0.16724E+17   -0.83888E+16   -0.46686E+17   -0.12421E+17   -0.22491E+17                0.7276
    78    3   -4    -31.    -27.   -0.15027E+17    0.13148E+17   -0.16914E+17   -0.48671E+17   -0.14902E+17   -0.25461E+17                0.7326
    78    3   -3    -37.    -27.   -0.16253E+17    0.95274E+16   -0.25263E+17   -0.50297E+17   -0.17320E+17   -0.28283E+17                0.7319
    78    4   -5    -19.    -15.   -0.13951E+17    0.13284E+17   -0.10959E+17   -0.43877E+17   -0.74458E+16   -0.98689E+16                0.7273
    78    4   -4    -29.    -17.   -0.15230E+17    0.95912E+16   -0.18300E+17   -0.45939E+17   -0.99441E+16   -0.12424E+17                0.7329
    78    4   -3    -35.    -18.   -0.16390E+17    0.58392E+16   -0.25470E+17   -0.47670E+17   -0.12419E+17   -0.14923E+17                0.7328
    78    4   -2    -40.    -19.   -0.17418E+17    0.20629E+16   -0.32404E+17   -0.49050E+17   -0.14844E+17   -0.17343E+17                0.7268
    78    5   -5    -14.      1.   -0.15339E+17    0.93542E+16   -0.10903E+17   -0.43708E+17   -0.60115E+16    0.43402E+15                0.7263
    78    5   -4    -25.     -2.   -0.16617E+17    0.58323E+16   -0.17414E+17   -0.45554E+17   -0.83912E+16   -0.13231E+16                0.7310
    78    5   -3    -32.     -4.   -0.17765E+17    0.22699E+16   -0.23762E+17   -0.47069E+17   -0.10756E+17   -0.30920E+16                0.7295
    79    3    1    -38.    -32.   -0.21597E+17    0.51863E+16   -0.44367E+17   -0.37259E+17   -0.30750E+17   -0.40534E+17                0.7921
    79    3    2    -32.    -34.   -0.21926E+17   -0.95225E+15   -0.37623E+17   -0.37322E+17   -0.32488E+17   -0.41894E+17                0.7962
    79    3    3    -27.    -35.   -0.22058E+17   -0.71553E+16   -0.30491E+17   -0.37158E+17   -0.34019E+17   -0.43011E+17                0.7927
    79    4    2    -19.    -23.   -0.22958E+17   -0.15813E+16   -0.25970E+17   -0.27762E+17   -0.22315E+17   -0.17220E+17                0.7945
    79    4    3    -13.    -24.   -0.23045E+17   -0.65467E+16   -0.21021E+17   -0.27911E+17   -0.24303E+17   -0.18643E+17                0.7946
    79    5    2     -4.     -7.   -0.23817E+17   -0.17897E+15   -0.19809E+17   -0.23051E+17   -0.17568E+17   -0.37854E+16                0.7989
    79    5    3      5.     -9.   -0.23870E+17   -0.42429E+16   -0.15991E+17   -0.22814E+17   -0.19225E+17   -0.44875E+16                0.7985
    79    6    1      5.     16.   -0.24380E+17    0.31634E+16   -0.18277E+17   -0.18994E+17   -0.11855E+17    0.77135E+16                0.7915
    79    6    2     17.     15.   -0.24627E+17   -0.34569E+14   -0.15471E+17   -0.18710E+17   -0.13494E+17    0.74712E+16                0.8003
    79    6    3     26.     14.   -0.24652E+17   -0.32647E+16   -0.12503E+17   -0.18323E+17   -0.15052E+17    0.71488E+16                0.7999
    80    3    1    -39.    -30.   -0.19213E+17    0.16633E+15   -0.40872E+17   -0.37045E+17   -0.29390E+17   -0.34273E+17                0.7539
    80    3    2    -37.    -31.   -0.19475E+17   -0.16814E+16   -0.38385E+17   -0.37855E+17   -0.31401E+17   -0.36345E+17                0.7555
    80    3    3    -35.    -32.   -0.19571E+17   -0.35202E+16   -0.35542E+17   -0.38395E+17   -0.33178E+17   -0.38159E+17                0.7475
    80    4    2    -27.    -20.   -0.20928E+17   -0.42610E+16   -0.29083E+17   -0.31058E+17   -0.24194E+17   -0.16455E+17                0.7520
    80    4    3    -26.    -21.   -0.21027E+17   -0.58222E+16   -0.27436E+17   -0.31516E+17   -0.25913E+17   -0.17887E+17                0.7502
    80    5    1    -19.     -6.   -0.22020E+17   -0.17975E+16   -0.23720E+17   -0.27060E+17   -0.18918E+17   -0.35732E+16                0.7465
    80    5    2    -18.     -7.   -0.22294E+17   -0.31082E+16   -0.22916E+17   -0.27378E+17   -0.20479E+17   -0.44365E+16                0.7553
    80    5    3    -17.     -9.   -0.22380E+17   -0.43958E+16   -0.21913E+17   -0.27501E+17   -0.21882E+17   -0.52697E+16                0.7542
    80    6    2      0.     12.   -0.23419E+17   -0.21374E+16   -0.18504E+17   -0.23597E+17   -0.16748E+17    0.63573E+16                0.7526
    80    6    3      0.     11.   -0.23486E+17   -0.31761E+16   -0.17858E+17   -0.23553E+17   -0.18011E+17    0.58568E+16                0.7517
    81    3   -5    -24.    -24.   -0.11730E+17    0.17056E+17   -0.14107E+17   -0.40474E+17   -0.67329E+16   -0.17170E+17                0.6858
    81    3   -4    -34.    -25.   -0.12545E+17    0.13345E+17   -0.21325E+17   -0.42326E+17   -0.90389E+16   -0.20431E+17                0.6952
    81    3   -3    -41.    -26.   -0.13251E+17    0.95564E+16   -0.28341E+17   -0.43873E+17   -0.11322E+17   -0.23593E+17                0.6985
    81    3   -2    -46.    -26.   -0.13842E+17    0.57288E+16   -0.35091E+17   -0.45093E+17   -0.13556E+17   -0.26619E+17                0.6956
    81    3   -1    -48.    -27.   -0.14311E+17    0.19045E+16   -0.41510E+17   -0.45967E+17   -0.15713E+17   -0.29468E+17                0.6864
    81    4   -4    -29.    -15.   -0.13006E+17    0.11201E+17   -0.18945E+17   -0.40819E+17   -0.55331E+16   -0.99337E+16                0.6935
    81    4   -3    -37.    -17.   -0.13658E+17    0.78525E+16   -0.24294E+17   -0.42327E+17   -0.78016E+16   -0.12573E+17                0.6959
    81    4   -2    -41.    -19.   -0.14190E+17    0.44421E+16   -0.29427E+17   -0.43523E+17   -0.10046E+17   -0.15151E+17                0.6918
    81    5   -4    -20.     -1.   -0.13473E+17    0.91945E+16   -0.15288E+17   -0.39767E+17   -0.31975E+16   -0.54726E+15                0.6876
    81    5   -3    -29.     -4.   -0.14081E+17    0.64405E+16   -0.19553E+17   -0.40904E+17   -0.52293E+16   -0.23577E+16                0.6874
    82    3    0    -50.    -30.   -0.21761E+17    0.15159E+17   -0.62790E+17   -0.41554E+17   -0.30156E+17   -0.46072E+17                0.8896
    82    3    1    -47.    -33.   -0.21868E+17    0.13726E+17   -0.56142E+17   -0.44266E+17   -0.34399E+17   -0.51170E+17                0.8929
    82    3    2    -44.    -35.   -0.21783E+17    0.12107E+17   -0.48954E+17   -0.46691E+17   -0.38425E+17   -0.55941E+17                0.8854
    82    4    1    -47.    -21.   -0.23256E+17    0.11178E+17   -0.47395E+17   -0.32272E+17   -0.20253E+17   -0.20912E+17                0.8794
    82    4    2    -42.    -24.   -0.23005E+17    0.86615E+16   -0.42395E+17   -0.34483E+17   -0.24534E+17   -0.24736E+17                0.8765
    82    5    0    -56.     -6.   -0.24331E+17    0.13702E+17   -0.42621E+17   -0.26183E+17   -0.11995E+17   -0.42579E+16                0.8758
    82    5    1    -48.     -9.   -0.24184E+17    0.11514E+17   -0.39261E+17   -0.27850E+17   -0.15879E+17   -0.66035E+16                0.8847
    82    5    2    -41.    -12.   -0.23825E+17    0.91917E+16   -0.35532E+17   -0.29343E+17   -0.19672E+17   -0.89212E+16                0.8824
    82    6    1    -33.     13.   -0.25028E+17    0.97565E+16   -0.31621E+17   -0.22827E+17   -0.10988E+17    0.66175E+16                0.8825
    82    6    2    -28.     10.   -0.24559E+17    0.77399E+16   -0.28907E+17   -0.23852E+17   -0.14585E+17    0.53960E+16                0.8806
    83    3   -2    -56.    -26.   -0.15289E+17    0.15413E+17   -0.41367E+17   -0.44390E+17   -0.17273E+17   -0.28955E+17                0.7267
    83    3   -1    -56.    -27.   -0.15721E+17    0.11765E+17   -0.45499E+17   -0.45058E+17   -0.19434E+17   -0.31345E+17                0.7264
    83    4   -3    -54.    -16.   -0.15139E+17    0.16640E+17   -0.32039E+17   -0.40710E+17   -0.10788E+17   -0.12837E+17                0.7267
    83    4   -2    -55.    -17.   -0.15679E+17    0.14174E+17   -0.34334E+17   -0.41371E+17   -0.12734E+17   -0.14390E+17                0.7346
    83    4   -1    -55.    -18.   -0.16077E+17    0.11560E+17   -0.36275E+17   -0.41755E+17   -0.14636E+17   -0.15896E+17                0.7324
    83    4    0    -54.    -19.   -0.16327E+17    0.88213E+16   -0.37846E+17   -0.41856E+17   -0.16477E+17   -0.17341E+17                0.7202
    83    5   -3    -50.     -2.   -0.15322E+17    0.13854E+17   -0.26903E+17   -0.38650E+17   -0.71898E+16   -0.14392E+16                0.7239
    83    5   -2    -52.     -4.   -0.15866E+17    0.12011E+17   -0.28337E+17   -0.39006E+17   -0.89239E+16   -0.22728E+16                0.7310
    83    5   -1    -52.     -5.   -0.16266E+17    0.10038E+17   -0.29477E+17   -0.39093E+17   -0.10634E+17   -0.31281E+16                0.7278
    83    6   -2    -32.     18.   -0.16147E+17    0.10095E+17   -0.23073E+17   -0.35543E+17   -0.46364E+16    0.96025E+16                0.7217
    84    3    0    -48.    -32.   -0.16261E+17    0.49584E+16   -0.45408E+17   -0.43405E+17   -0.28132E+17   -0.41710E+17                0.7849
    84    3    1    -46.    -33.   -0.16420E+17    0.34804E+16   -0.43696E+17   -0.45130E+17   -0.31797E+17   -0.45309E+17                0.7962
    84    3    2    -45.    -34.   -0.16431E+17    0.19188E+16   -0.41582E+17   -0.46556E+17   -0.35260E+17   -0.48629E+17                0.7965
    84    3    3    -44.    -35.   -0.16295E+17    0.28934E+15   -0.39090E+17   -0.47666E+17   -0.38483E+17   -0.51636E+17                0.7856
    84    4    1    -48.    -20.   -0.16902E+17    0.29997E+16   -0.38207E+17   -0.35480E+17   -0.20765E+17   -0.18761E+17                0.7809
    84    4    2    -46.    -22.   -0.16900E+17    0.15942E+16   -0.36756E+17   -0.36687E+17   -0.24126E+17   -0.21243E+17                0.7844
    84    4    3    -45.    -23.   -0.16746E+17    0.12926E+15   -0.34974E+17   -0.37652E+17   -0.27328E+17   -0.23608E+17                0.7771
    84    5    1    -50.     -6.   -0.17308E+17    0.37420E+16   -0.31462E+17   -0.30504E+17   -0.16665E+17   -0.35902E+16                0.7777
    84    5    2    -48.     -7.   -0.17283E+17    0.27018E+16   -0.30458E+17   -0.31192E+17   -0.19590E+17   -0.49900E+16                0.7811
    84    5    3    -47.     -9.   -0.17104E+17    0.16034E+16   -0.29180E+17   -0.31674E+17   -0.22379E+17   -0.63786E+16                0.7735
    85    3   -2    -54.    -25.   -0.16431E+17    0.19140E+17   -0.37326E+17   -0.43102E+17   -0.16185E+17   -0.25951E+17                0.6549
    85    3   -1    -54.    -26.   -0.17228E+17    0.15455E+17   -0.41826E+17   -0.44570E+17   -0.18749E+17   -0.28877E+17                0.6642
    85    3    0    -53.    -26.   -0.17874E+17    0.11663E+17   -0.45919E+17   -0.45723E+17   -0.21217E+17   -0.31650E+17                0.6659
    85    3    1    -51.    -27.   -0.18361E+17    0.77976E+16   -0.49565E+17   -0.46547E+17   -0.23567E+17   -0.34242E+17                0.6598
    85    4   -2    -51.    -18.   -0.17009E+17    0.15464E+17   -0.32326E+17   -0.42330E+17   -0.14085E+17   -0.15648E+17                0.6594
    85    4   -1    -51.    -19.   -0.17775E+17    0.12543E+17   -0.35032E+17   -0.43425E+17   -0.16271E+17   -0.17427E+17                0.6674
    85    4    0    -50.    -19.   -0.18385E+17    0.95158E+16   -0.37401E+17   -0.44207E+17   -0.18370E+17   -0.19116E+17                0.6672
    85    4    1    -49.    -20.   -0.18831E+17    0.64115E+16   -0.39412E+17   -0.44667E+17   -0.20363E+17   -0.20698E+17                0.6590
    85    5   -1    -47.     -8.   -0.18129E+17    0.98437E+16   -0.29113E+17   -0.41482E+17   -0.13267E+17   -0.57233E+16                0.6595
    85    5    0    -46.     -9.   -0.18742E+17    0.74878E+16   -0.30681E+17   -0.41949E+17   -0.15146E+17   -0.66795E+16                0.6583
    86    4    0    -35.    -20.   -0.17566E+17    0.14934E+16   -0.27478E+17   -0.26330E+17   -0.19806E+17   -0.14185E+17                0.6200
    86    4    1    -32.    -21.   -0.17699E+17   -0.97922E+15   -0.27857E+17   -0.26349E+17   -0.20744E+17   -0.15019E+17                0.6219
    86    5    0    -22.     -6.   -0.18860E+17   -0.11990E+16   -0.22665E+17   -0.22734E+17   -0.16194E+17   -0.31880E+16                0.6278
    86    5    1    -19.     -7.   -0.19031E+17   -0.32246E+16   -0.22985E+17   -0.22703E+17   -0.17099E+17   -0.38497E+16                0.6326
    86    5    2    -17.     -9.   -0.19040E+17   -0.52265E+16   -0.23073E+17   -0.22529E+17   -0.17901E+17   -0.45137E+16                0.6287
    86    5    3    -15.    -10.   -0.18886E+17   -0.71847E+16   -0.22932E+17   -0.22216E+17   -0.18592E+17   -0.51740E+16                0.6162
    86    6    0     -2.     14.   -0.19984E+17   -0.19609E+16   -0.18462E+17   -0.19590E+17   -0.13026E+17    0.63802E+16                0.6306
    86    6    1      1.     13.   -0.20194E+17   -0.35906E+16   -0.18729E+17   -0.19501E+17   -0.13889E+17    0.59090E+16                0.6376
    86    6    2      3.     12.   -0.20233E+17   -0.51901E+16   -0.18810E+17   -0.19292E+17   -0.14669E+17    0.53732E+16                0.6357
    86    6    3      4.     10.   -0.20099E+17   -0.67436E+16   -0.18706E+17   -0.18964E+17   -0.15359E+17    0.47783E+16                0.6250
    87    3   -3    -54.    -30.   -0.14959E+17    0.11422E+17   -0.42671E+17   -0.43167E+17   -0.23767E+17   -0.36134E+17                0.7526
    87    3   -2    -54.    -30.   -0.15149E+17    0.99049E+16   -0.46285E+17   -0.43567E+17   -0.25149E+17   -0.37902E+17                0.7572
    87    3   -1    -54.    -30.   -0.15201E+17    0.82888E+16   -0.49422E+17   -0.43697E+17   -0.26412E+17   -0.39488E+17                0.7508
    87    4   -3    -55.    -20.   -0.15522E+17    0.11508E+17   -0.34151E+17   -0.37679E+17   -0.17573E+17   -0.17433E+17                0.7526
    87    4   -2    -56.    -20.   -0.15708E+17    0.10292E+17   -0.36611E+17   -0.38087E+17   -0.19004E+17   -0.18953E+17                0.7575
    87    4   -1    -56.    -21.   -0.15752E+17    0.89651E+16   -0.38694E+17   -0.38251E+17   -0.20346E+17   -0.20396E+17                0.7512
    87    5   -3    -55.     -6.   -0.15975E+17    0.10528E+17   -0.27916E+17   -0.34084E+17   -0.13531E+17   -0.40149E+16                0.7480
    87    5   -2    -56.     -8.   -0.16160E+17    0.95488E+16   -0.29793E+17   -0.34329E+17   -0.14865E+17   -0.51239E+16                0.7522
    87    5   -1    -56.     -9.   -0.16199E+17    0.84659E+16   -0.31361E+17   -0.34351E+17   -0.16131E+17   -0.62374E+16                0.7453
    87    6   -2    -40.     17.   -0.16647E+17    0.83300E+16   -0.24168E+17   -0.30008E+17   -0.10408E+17    0.79391E+16                0.7431
    88    3   -2    -43.    -26.   -0.16685E+17    0.13883E+17   -0.33395E+17   -0.49028E+17   -0.14155E+17   -0.27474E+17                0.7236
    88    4   -4    -28.    -14.   -0.15762E+17    0.16779E+17   -0.20933E+17   -0.44786E+17   -0.49385E+16   -0.95991E+16                0.7240
    88    4   -3    -37.    -16.   -0.16935E+17    0.13655E+17   -0.27278E+17   -0.46889E+17   -0.80507E+16   -0.13070E+17                0.7341
    88    4   -2    -42.    -18.   -0.17968E+17    0.10417E+17   -0.33374E+17   -0.48665E+17   -0.11165E+17   -0.16506E+17                0.7377
    88    4   -1    -45.    -20.   -0.18849E+17    0.70971E+16   -0.39163E+17   -0.50094E+17   -0.14251E+17   -0.19870E+17                0.7345
    88    4    0    -46.    -21.   -0.19571E+17    0.37246E+16   -0.44596E+17   -0.51157E+17   -0.17275E+17   -0.23126E+17                0.7246
    88    5   -4    -22.      0.   -0.16744E+17    0.12527E+17   -0.19499E+17   -0.44696E+17   -0.30006E+16    0.16491E+15                0.7263
    88    5   -3    -31.     -3.   -0.17911E+17    0.10194E+17   -0.24378E+17   -0.46358E+17   -0.58671E+16   -0.21795E+16                0.7357
    88    5   -2    -37.     -6.   -0.18929E+17    0.77684E+16   -0.29032E+17   -0.47688E+17   -0.87421E+16   -0.45431E+16                0.7378
    88    5   -1    -41.     -8.   -0.19788E+17    0.52708E+16   -0.33419E+17   -0.48670E+17   -0.11596E+17   -0.69001E+16                0.7326
    89    3    1    -51.    -28.   -0.18149E+17    0.91696E+16   -0.49581E+17   -0.40722E+17   -0.27688E+17   -0.36088E+17                0.7011
    89    4    1    -45.    -20.   -0.19360E+17    0.44008E+16   -0.38805E+17   -0.35163E+17   -0.21808E+17   -0.17974E+17                0.7045
    89    4    2    -43.    -20.   -0.19619E+17    0.36686E+16   -0.36932E+17   -0.35459E+17   -0.22086E+17   -0.18041E+17                0.7078
    89    4    3    -41.    -20.   -0.19708E+17    0.29045E+16   -0.34709E+17   -0.35500E+17   -0.22219E+17   -0.18002E+17                0.7003
    89    5    1    -39.     -8.   -0.20518E+17    0.26571E+16   -0.31687E+17   -0.31419E+17   -0.18000E+17   -0.55662E+16                0.7045
    89    5    2    -37.     -8.   -0.20829E+17    0.20167E+16   -0.30336E+17   -0.31627E+17   -0.18194E+17   -0.54278E+16                0.7108
    89    5    3    -34.     -8.   -0.20960E+17    0.13604E+16   -0.28698E+17   -0.31608E+17   -0.18271E+17   -0.52713E+16                0.7062
    89    6    1    -24.     11.   -0.21542E+17    0.18646E+16   -0.25532E+17   -0.27560E+17   -0.14157E+17    0.58451E+16                0.7000
    89    6    2    -21.     12.   -0.21902E+17    0.13580E+16   -0.24518E+17   -0.27732E+17   -0.14324E+17    0.61008E+16                0.7084
    89    6    3    -18.     12.   -0.22072E+17    0.84214E+15   -0.23274E+17   -0.27704E+17   -0.14399E+17    0.62960E+16                0.7059
    90    3    1    -44.    -33.   -0.22281E+17    0.77536E+16   -0.62193E+17   -0.45353E+17   -0.35948E+17   -0.54070E+17                0.8845
    90    3    2    -41.    -35.   -0.22308E+17    0.49710E+16   -0.55622E+17   -0.47730E+17   -0.40689E+17   -0.59044E+17                0.8845
    90    4    2    -41.    -24.   -0.23590E+17    0.58859E+16   -0.50165E+17   -0.36138E+17   -0.27827E+17   -0.28083E+17                0.8803
    90    4    3    -37.    -26.   -0.23307E+17    0.24096E+16   -0.44546E+17   -0.37929E+17   -0.32347E+17   -0.31612E+17                0.8757
    90    5    1    -50.    -10.   -0.24734E+17    0.11328E+17   -0.47700E+17   -0.29130E+17   -0.18596E+17   -0.86242E+16                0.8817
    90    5    2    -43.    -12.   -0.24592E+17    0.83202E+16   -0.43458E+17   -0.30370E+17   -0.22627E+17   -0.10677E+17                0.8867
    90    5    3    -38.    -14.   -0.24234E+17    0.52131E+16   -0.38821E+17   -0.31414E+17   -0.26504E+17   -0.12666E+17                0.8818
    90    6    1    -41.     10.   -0.25662E+17    0.10357E+17   -0.39775E+17   -0.23555E+17   -0.13537E+17    0.60012E+16                0.8804
    90    6    2    -35.      9.   -0.25453E+17    0.78354E+16   -0.36493E+17   -0.24317E+17   -0.17231E+17    0.50640E+16                0.8859
    90    6    3    -29.      7.   -0.25019E+17    0.52263E+16   -0.32884E+17   -0.24926E+17   -0.20804E+17    0.40837E+16                0.8811
    91    3   -2    -48.    -34.   -0.12995E+17   -0.13553E+15   -0.37127E+17   -0.43531E+17   -0.34949E+17   -0.45592E+17                0.7491
    91    4   -2    -49.    -23.   -0.13754E+17    0.48371E+15   -0.30891E+17   -0.34997E+17   -0.26382E+17   -0.21138E+17                0.7594
    91    4   -1    -50.    -23.   -0.13631E+17   -0.35902E+15   -0.33600E+17   -0.35312E+17   -0.27227E+17   -0.22181E+17                0.7619
    91    4    0    -50.    -23.   -0.13389E+17   -0.12109E+16   -0.35960E+17   -0.35419E+17   -0.27931E+17   -0.23142E+17                0.7541
    91    5   -2    -51.     -7.   -0.14373E+17    0.76346E+15   -0.26283E+17   -0.29308E+17   -0.20737E+17   -0.45004E+16                0.7606
    91    5   -1    -52.     -8.   -0.14272E+17    0.15664E+15   -0.28672E+17   -0.29597E+17   -0.21588E+17   -0.54139E+16                0.7657
    91    5    0    -52.     -9.   -0.14046E+17   -0.46473E+15   -0.30763E+17   -0.29713E+17   -0.22332E+17   -0.63481E+16                0.7605
    91    6   -2    -34.     20.   -0.14929E+17    0.89402E+15   -0.21644E+17   -0.24293E+17   -0.15788E+17    0.97184E+16                0.7569
    91    6   -1    -36.     19.   -0.14849E+17    0.45332E+15   -0.23670E+17   -0.24507E+17   -0.16600E+17    0.90143E+16                0.7635
    91    6    0    -39.     17.   -0.14639E+17   -0.25598E+13   -0.25449E+17   -0.24580E+17   -0.17335E+17    0.82039E+16                0.7600
    92    3   -3    -43.    -29.   -0.12944E+17    0.56241E+16   -0.32361E+17   -0.48216E+17   -0.15535E+17   -0.30671E+17                0.7516
    92    4   -4    -37.    -17.   -0.13589E+17    0.86364E+16   -0.24335E+17   -0.44077E+17   -0.90160E+16   -0.13271E+17                0.7568
    92    4   -3    -44.    -19.   -0.14631E+17    0.56525E+16   -0.32150E+17   -0.45857E+17   -0.11727E+17   -0.17042E+17                0.7627
    92    4   -2    -48.    -21.   -0.15553E+17    0.26391E+16   -0.39658E+17   -0.47321E+17   -0.14415E+17   -0.20751E+17                0.7630
    92    4   -1    -49.    -22.   -0.16345E+17   -0.37502E+15   -0.46792E+17   -0.48456E+17   -0.17056E+17   -0.24364E+17                0.7577
    92    5   -4    -34.     -2.   -0.14777E+17    0.67663E+16   -0.21575E+17   -0.42419E+17   -0.68537E+16   -0.95761E+15                0.7587
    92    5   -3    -42.     -6.   -0.15874E+17    0.46553E+16   -0.27930E+17   -0.43838E+17   -0.94321E+16   -0.38448E+16                0.7632
    92    5   -2    -46.     -9.   -0.16839E+17    0.25114E+16   -0.34016E+17   -0.44951E+17   -0.11997E+17   -0.67458E+16                0.7616
    92    5   -1    -49.    -11.   -0.17664E+17    0.35362E+15   -0.39779E+17   -0.45743E+17   -0.14523E+17   -0.96304E+16                0.7539
    92    6   -3    -25.     19.   -0.16766E+17    0.41976E+16   -0.23501E+17   -0.39651E+17   -0.52773E+16    0.10791E+17                0.7504
    93    3   -1    -34.    -34.   -0.98761E+16    0.41568E+16   -0.18392E+17   -0.46181E+17   -0.15152E+17   -0.34147E+17                0.7304
    93    3    0    -37.    -34.   -0.10008E+17    0.35965E+16   -0.22804E+17   -0.45990E+17   -0.15615E+17   -0.34472E+17                0.7328
    93    4   -1    -26.    -23.   -0.97945E+16   -0.24686E+16   -0.18996E+17   -0.42702E+17   -0.67443E+16   -0.16686E+17                0.7377
    93    4    0    -31.    -23.   -0.99279E+16   -0.20411E+16   -0.22119E+17   -0.42482E+17   -0.73441E+16   -0.17106E+17                0.7395
    93    4    1    -36.    -23.   -0.99693E+16   -0.16345E+16   -0.25046E+17   -0.41963E+17   -0.79340E+16   -0.17446E+17                0.7311
    93    5   -2     -7.     -6.   -0.95948E+16   -0.58652E+16   -0.15357E+17   -0.39982E+17    0.50731E+15   -0.27748E+16                0.7310
    93    5   -1    -14.     -6.   -0.98118E+16   -0.50300E+16   -0.17787E+17   -0.39946E+17   -0.20436E+15   -0.31848E+16                0.7402
    93    5    0    -22.     -7.   -0.99376E+16   -0.41894E+16   -0.20061E+17   -0.39627E+17   -0.95765E+15   -0.36088E+16                0.7391
    93    5    1    -28.     -7.   -0.99714E+16   -0.33496E+16   -0.22158E+17   -0.39024E+17   -0.17445E+16   -0.40399E+16                0.7278
    93    6   -1      6.     18.   -0.98816E+16   -0.52185E+16   -0.15582E+17   -0.36936E+17    0.56946E+16    0.86646E+16                0.7318
    94    3   -3    -50.    -32.   -0.14017E+17    0.13001E+17   -0.31103E+17   -0.43929E+17   -0.26289E+17   -0.37674E+17                0.6780
    94    3   -2    -51.    -32.   -0.14176E+17    0.11563E+17   -0.35462E+17   -0.44205E+17   -0.27360E+17   -0.39386E+17                0.6768
    94    4   -4    -49.    -21.   -0.14752E+17    0.12420E+17   -0.24574E+17   -0.38842E+17   -0.19829E+17   -0.18410E+17                0.6770
    94    4   -3    -51.    -22.   -0.15025E+17    0.11194E+17   -0.28121E+17   -0.39522E+17   -0.21171E+17   -0.20217E+17                0.6856
    94    4   -2    -52.    -23.   -0.15166E+17    0.98707E+16   -0.31388E+17   -0.39945E+17   -0.22411E+17   -0.21943E+17                0.6857
    94    4   -1    -53.    -23.   -0.15176E+17    0.84633E+16   -0.34343E+17   -0.40105E+17   -0.23533E+17   -0.23568E+17                0.6773
    94    5   -4    -49.     -7.   -0.15438E+17    0.10335E+17   -0.21345E+17   -0.35362E+17   -0.15783E+17   -0.44176E+16                0.6746
    94    5   -3    -51.     -9.   -0.15695E+17    0.92860E+16   -0.24195E+17   -0.35922E+17   -0.17063E+17   -0.58462E+16                0.6829
    94    5   -2    -53.    -10.   -0.15815E+17    0.81532E+16   -0.26803E+17   -0.36245E+17   -0.18264E+17   -0.72801E+16                0.6826
    94    5   -1    -53.    -11.   -0.15798E+17    0.69475E+16   -0.29146E+17   -0.36324E+17   -0.19370E+17   -0.87015E+16                0.6738
    94    6   -3    -36.     16.   -0.16305E+17    0.79323E+16   -0.20140E+17   -0.31529E+17   -0.12439E+17    0.80686E+16                0.6738
    95    3   -5    -23.    -27.   -0.10287E+17    0.12222E+17   -0.11038E+17   -0.43881E+17   -0.86867E+16   -0.20408E+17                0.7517
    95    3   -4    -33.    -27.   -0.10937E+17    0.82287E+16   -0.20363E+17   -0.45129E+17   -0.10412E+17   -0.23336E+17                0.7536
    95    3   -3    -41.    -27.   -0.11492E+17    0.42181E+16   -0.29470E+17   -0.46058E+17   -0.12120E+17   -0.26168E+17                0.7494
    95    4   -5    -20.    -13.   -0.11004E+17    0.90225E+16   -0.13874E+17   -0.41318E+17   -0.41703E+16   -0.78437E+16                0.7539
    95    4   -4    -31.    -16.   -0.11663E+17    0.61122E+16   -0.20604E+17   -0.42813E+17   -0.62436E+16   -0.10807E+17                0.7577
    95    4   -3    -39.    -18.   -0.12219E+17    0.31613E+16   -0.27135E+17   -0.44007E+17   -0.83246E+16   -0.13751E+17                0.7549
    95    4   -2    -45.    -19.   -0.12669E+17    0.19926E+15   -0.33406E+17   -0.44890E+17   -0.10395E+17   -0.16650E+17                0.7454
    95    5   -5    -11.      6.   -0.11453E+17    0.59022E+16   -0.12666E+17   -0.39961E+17   -0.13821E+16    0.26521E+16                0.7526
    95    5   -4    -25.      1.   -0.12094E+17    0.37421E+16   -0.17908E+17   -0.41157E+17   -0.33209E+16    0.40462E+15                0.7548
    95    5   -3    -34.     -3.   -0.12628E+17    0.15529E+16   -0.22974E+17   -0.42058E+17   -0.52813E+16   -0.18871E+16                0.7497
    96    3   -1    -49.    -29.   -0.18846E+17    0.77479E+16   -0.57311E+17   -0.39963E+17   -0.27384E+17   -0.39513E+17                0.8091
    96    3    0    -45.    -31.   -0.19143E+17    0.40419E+16   -0.53767E+17   -0.41125E+17   -0.29568E+17   -0.41733E+17                0.8167
    96    3    1    -42.    -32.   -0.19265E+17    0.25277E+15   -0.49690E+17   -0.42024E+17   -0.31571E+17   -0.43706E+17                0.8138
    96    3    2    -39.    -33.   -0.19210E+17   -0.35824E+16   -0.45124E+17   -0.42646E+17   -0.33370E+17   -0.45405E+17                0.8008
    96    4    0    -44.    -20.   -0.19888E+17    0.56939E+16   -0.38945E+17   -0.32601E+17   -0.19723E+17   -0.17511E+17                0.8010
    96    4    1    -39.    -21.   -0.20009E+17    0.22853E+16   -0.35828E+17   -0.33326E+17   -0.21618E+17   -0.18878E+17                0.8013
    96    5    0    -42.     -6.   -0.20627E+17    0.70106E+16   -0.30015E+17   -0.28564E+17   -0.15370E+17   -0.40810E+16                0.7990
    96    5    1    -35.     -7.   -0.20736E+17    0.41543E+16   -0.27525E+17   -0.28844E+17   -0.16831E+17   -0.45841E+16                0.7997
    96    6    0    -24.     16.   -0.21315E+17    0.64865E+16   -0.23721E+17   -0.24161E+17   -0.10938E+17    0.80809E+16                0.7945
    96    6    1    -18.     16.   -0.21410E+17    0.42183E+16   -0.21775E+17   -0.24233E+17   -0.12203E+17    0.80562E+16                0.7956
    97    3   -1    -48.    -31.   -0.15593E+17    0.29825E+16   -0.44317E+17   -0.40748E+17   -0.26588E+17   -0.37812E+17                0.7620
    97    3    0    -45.    -31.   -0.15722E+17   -0.24451E+15   -0.43927E+17   -0.41601E+17   -0.28520E+17   -0.39721E+17                0.7686
    97    3    1    -43.    -32.   -0.15706E+17   -0.35191E+16   -0.43095E+17   -0.42186E+17   -0.30281E+17   -0.41402E+17                0.7642
    97    3    2    -42.    -33.   -0.15546E+17   -0.68083E+16   -0.41832E+17   -0.42497E+17   -0.31856E+17   -0.42842E+17                0.7489
    97    4   -1    -47.    -19.   -0.16023E+17    0.30220E+16   -0.33976E+17   -0.32630E+17   -0.17547E+17   -0.15028E+17                0.7503
    97    4    0    -44.    -20.   -0.16169E+17    0.68486E+15   -0.33336E+17   -0.33310E+17   -0.19350E+17   -0.16324E+17                0.7582
    97    4    1    -42.    -21.   -0.16167E+17   -0.17042E+16   -0.32356E+17   -0.33778E+17   -0.21043E+17   -0.17547E+17                0.7551
    97    5    0    -43.     -4.   -0.16637E+17    0.16517E+16   -0.26274E+17   -0.28895E+17   -0.14823E+17   -0.24976E+16                0.7551
    97    5    1    -40.     -5.   -0.16635E+17   -0.11827E+15   -0.25382E+17   -0.29050E+17   -0.16235E+17   -0.30950E+16                0.7518
    97    6    0    -24.     20.   -0.17105E+17    0.17552E+16   -0.21001E+17   -0.24529E+17   -0.10591E+17    0.96503E+16                0.7495
    98    3   -4    -28.    -24.   -0.12890E+17    0.11439E+17   -0.22386E+17   -0.45744E+17   -0.50783E+16   -0.18794E+17                0.7827
    98    3   -3    -38.    -24.   -0.14166E+17    0.67754E+16   -0.31696E+17   -0.47806E+17   -0.80203E+16   -0.22406E+17                0.7876
    98    3   -2    -44.    -25.   -0.15325E+17    0.21204E+16   -0.40689E+17   -0.49513E+17   -0.10956E+17   -0.25900E+17                0.7862
    98    4   -4    -26.    -13.   -0.13347E+17    0.82908E+16   -0.23286E+17   -0.44591E+17   -0.82292E+15   -0.86834E+16                0.7914
    98    4   -3    -36.    -15.   -0.14583E+17    0.43518E+16   -0.30664E+17   -0.46582E+17   -0.37359E+16   -0.11662E+17                0.7969
    98    4   -2    -41.    -17.   -0.15697E+17    0.38571E+15   -0.37763E+17   -0.48231E+17   -0.66702E+16   -0.14589E+17                0.7955
    98    4   -1    -44.    -18.   -0.16678E+17   -0.35673E+16   -0.44520E+17   -0.49519E+17   -0.95977E+16   -0.17437E+17                0.7872
    98    5   -4    -16.      1.   -0.14196E+17    0.57119E+16   -0.20332E+17   -0.44363E+17    0.93439E+15    0.67022E+15                0.7916
    98    5   -3    -28.     -2.   -0.15423E+17    0.25260E+16   -0.26332E+17   -0.45946E+17   -0.17854E+16   -0.12998E+16                0.7947
    98    5   -2    -36.     -5.   -0.16520E+17   -0.68286E+15   -0.32091E+17   -0.47188E+17   -0.45356E+16   -0.32781E+16                0.7904
    99    3   -4    -54.    -25.   -0.16309E+17    0.83275E+16   -0.56511E+17   -0.33178E+17   -0.17209E+17   -0.27478E+17                0.7519
    99    3   -3    -52.    -26.   -0.16606E+17    0.79463E+16   -0.59209E+17   -0.35248E+17   -0.20161E+17   -0.31609E+17                0.7779
    99    3   -2    -51.    -27.   -0.16752E+17    0.74487E+16   -0.61305E+17   -0.37112E+17   -0.23025E+17   -0.35599E+17                0.7923
    99    3   -1    -50.    -29.   -0.16748E+17    0.68400E+16   -0.62779E+17   -0.38752E+17   -0.25770E+17   -0.39405E+17                0.7947
    99    3    0    -49.    -30.   -0.16592E+17    0.61270E+16   -0.63616E+17   -0.40157E+17   -0.28373E+17   -0.42997E+17                0.7850
    99    3    1    -48.    -31.   -0.16287E+17    0.53176E+16   -0.63810E+17   -0.41306E+17   -0.30801E+17   -0.46327E+17                0.7636
    99    4   -2    -54.    -17.   -0.17622E+17    0.84975E+16   -0.42639E+17   -0.28958E+17   -0.14327E+17   -0.14142E+17                0.7622
    99    4   -1    -52.    -19.   -0.17620E+17    0.75475E+16   -0.44204E+17   -0.30390E+17   -0.17001E+17   -0.17164E+17                0.7670
    99    4    0    -51.    -21.   -0.17460E+17    0.64925E+16   -0.45318E+17   -0.31637E+17   -0.19587E+17   -0.20109E+17                0.7608
    99    5   -1    -52.     -8.   -0.18415E+17    0.78934E+16   -0.33714E+17   -0.26533E+17   -0.13290E+17   -0.50806E+16                0.7557
   100    3    3    -51.    -28.   -0.20505E+17    0.23721E+17   -0.34471E+17   -0.37201E+17   -0.26329E+17   -0.31807E+17                0.6280
   100    3    4    -44.    -29.   -0.20720E+17    0.16266E+17   -0.31967E+17   -0.37572E+17   -0.26978E+17   -0.32271E+17                0.6271
   100    4    3    -43.    -18.   -0.21281E+17    0.17164E+17   -0.25136E+17   -0.31370E+17   -0.20031E+17   -0.14044E+17                0.6307
   100    4    4    -35.    -19.   -0.21503E+17    0.11446E+17   -0.23095E+17   -0.31539E+17   -0.20487E+17   -0.14073E+17                0.6323
   100    5    3    -34.     -4.   -0.22013E+17    0.12911E+17   -0.20171E+17   -0.27471E+17   -0.15782E+17   -0.20922E+16                0.6307
   100    5    4    -24.     -4.   -0.22238E+17    0.83739E+16   -0.18454E+17   -0.27545E+17   -0.16144E+17   -0.18908E+16                0.6344
   100    5    5    -15.     -3.   -0.22265E+17    0.37257E+16   -0.16566E+17   -0.27445E+17   -0.16419E+17   -0.17309E+16                0.6305
   100    6    3    -13.     16.   -0.22711E+17    0.97933E+16   -0.16129E+17   -0.23972E+17   -0.12107E+17    0.81233E+16                0.6296
   100    6    4     -3.     17.   -0.22942E+17    0.62822E+16   -0.14717E+17   -0.24008E+17   -0.12421E+17    0.84687E+16                0.6346
   100    6    5      5.     17.   -0.22968E+17    0.26873E+16   -0.13169E+17   -0.23892E+17   -0.12674E+17    0.87075E+16                0.6316
