    1    3   -6     73.     34.    -91. 0.64361E+17     51.    -22.    -27.           0.7422
    1    3   -5    261.     52.    -80. 0.68199E+17     45.    -26.    -29.           0.7515
    1    3   -4    265.     49.    -72. 0.73949E+17     37.    -33.    -30.           0.7559
    1    3   -3    266.     45.    -65. 0.81032E+17     30.    -40.    -30.           0.7553
    1    3   -2    264.     41.    -60. 0.88907E+17     26.    -44.    -30.           0.7495
    1    3   -1    259.     36.    -57. 0.97127E+17     24.    -46.    -29.           0.7387
    1    3    0    255.     32.    -56. 0.10532E+18     24.    -46.    -29.           0.7230
    1    3    1    250.     28.    -55. 0.11320E+18     26.    -45.    -29.           0.7028
    1    3    2    246.     25.    -56. 0.12055E+18     28.    -43.    -28.           0.6786
    1    3    3    243.     23.    -56. 0.12720E+18     31.    -41.    -28.           0.6510
    1    3    4    240.     21.    -57. 0.13297E+18     33.    -39.    -28.           0.6207
    1    3    5    238.     19.    -59. 0.13779E+18     36.    -37.    -27.           0.5884
    1    3    6    236.     18.    -60. 0.14152E+18     38.    -34.    -27.           0.5550
    1    4   -6    263.     53.    -78. 0.51729E+17     71.    -16.    -14.           0.7438
    1    4   -5    266.     51.    -71. 0.57057E+17     57.    -26.    -17.           0.7576
    1    4   -4     53.     48.   -115. 0.63529E+17     46.    -35.    -19.           0.7662
    1    4   -3    267.     45.    -61. 0.70671E+17     39.    -41.    -20.           0.7695
    1    4   -2    264.     41.    -58. 0.78107E+17     34.    -45.    -21.           0.7673
    1    4   -1    261.     38.    -56. 0.85547E+17     31.    -47.    -22.           0.7594
    1    4    0    258.     35.    -55. 0.92766E+17     30.    -47.    -23.           0.7462
    1    4    1    254.     32.    -55. 0.99582E+17     30.    -46.    -24.           0.7278
    1    4    2    251.     29.    -55. 0.10586E+18     31.    -45.    -24.           0.7047
    1    4    3    247.     27.    -56. 0.11146E+18     32.    -44.    -25.           0.6775
    1    4    4    244.     25.    -57. 0.11631E+18     33.    -42.    -25.           0.6471
    1    4    5    242.     23.    -58. 0.12032E+18     35.    -40.    -25.           0.6140
    1    4    6    239.     22.    -59. 0.12343E+18     36.    -38.    -26.           0.5793
    1    5   -6    263.     51.    -75. 0.48666E+17     84.    -10.      6.           0.7484
    1    5   -5    265.     49.    -69. 0.52947E+17     76.    -23.      1.           0.7626
    1    5   -4    266.     47.    -65. 0.57948E+17     64.    -32.     -3.           0.7711
    1    5   -3    265.     44.    -61. 0.63370E+17     54.    -39.     -7.           0.7734
    1    5   -2    264.     42.    -59. 0.68961E+17     48.    -43.     -9.           0.7696
    1    5   -1    262.     39.    -57. 0.74516E+17     43.    -45.    -11.           0.7595
    1    5    0    259.     36.    -56. 0.79878E+17     41.    -46.    -13.           0.7435
    1    5    1    256.     34.    -55. 0.84911E+17     39.    -46.    -14.           0.7220
    1    5    2    253.     32.    -55. 0.89505E+17     39.    -46.    -16.           0.6956
    1    5    3    250.     30.    -56. 0.93575E+17     39.    -45.    -17.           0.6649
    1    5    4    248.     28.    -56. 0.97051E+17     39.    -43.    -18.           0.6308
    1    5    5    245.     26.    -57. 0.99866E+17     40.    -42.    -19.           0.5943
    1    5    6    242.     25.    -58. 0.10198E+18     41.    -40.    -20.           0.5564
    1    6   -6    264.     50.    -72. 0.48336E+17     70.      4.     26.           0.7455
    1    6   -5    266.     48.    -67. 0.51070E+17     70.     -6.     23.           0.7574
    1    6   -4    266.     47.    -63. 0.54195E+17     64.    -16.     20.           0.7629
    1    6   -3    266.     45.    -60. 0.57557E+17     59.    -23.     17.           0.7619
    1    6   -2    265.     43.    -58. 0.61014E+17     56.    -30.     14.           0.7543
    1    6   -1    263.     41.    -56. 0.64443E+17     54.    -35.     11.           0.7404
    1    6    0    261.     38.    -55. 0.67734E+17     53.    -40.      7.           0.7203
    1    6    1    259.     36.    -54. 0.70797E+17     53.    -43.      4.           0.6948
    1    6    2    256.     34.    -54. 0.73554E+17     53.    -46.      1.           0.6644
    1    6    3    254.     32.    -54. 0.75947E+17     53.    -46.     -2.           0.6301
    1    6    4    251.     30.    -54. 0.77918E+17     52.    -44.     -4.           0.5928
    1    6    5    248.     29.    -55. 0.79427E+17     51.    -43.     -6.           0.5536
    1    6    6    245.     27.    -55. 0.80444E+17     51.    -41.     -8.           0.5137
    2    3   -6    240.     37.    -72. 0.92061E+17     28.    -35.    -37.           0.8109
    2    3   -5    239.     35.    -71. 0.96912E+17     27.    -36.    -37.           0.8398
    2    3   -4    237.     33.    -70. 0.10148E+18     27.    -37.    -36.           0.8591
    2    3   -3    235.     32.    -70. 0.10568E+18     27.    -38.    -35.           0.8683
    2    3   -2    234.     30.    -70. 0.10942E+18     26.    -39.    -35.           0.8670
    2    3   -1    232.     29.    -71. 0.11263E+18     26.    -39.    -35.           0.8552
    2    3    0    230.     27.    -71. 0.11523E+18     26.    -40.    -34.           0.8333
    2    3    1    227.     26.    -72. 0.11719E+18     26.    -40.    -34.           0.8018
    2    3    2    225.     25.    -74. 0.11844E+18     26.    -40.    -34.           0.7619
    2    3    3    223.     24.    -75. 0.11897E+18     26.    -41.    -33.           0.7147
    2    3    4    220.     23.    -77. 0.11874E+18     26.    -41.    -33.           0.6617
    2    3    5     25.     68.    -95. 0.11773E+18     25.    -42.    -33.           0.6045
    2    3    6     25.     68.    -94. 0.11595E+18     25.    -42.    -33.           0.5450
    2    4   -6    244.     42.    -68. 0.59756E+17     44.    -29.    -27.           0.8007
    2    4   -5    244.     39.    -66. 0.63614E+17     41.    -32.    -26.           0.8311
    2    4   -4    243.     37.    -65. 0.67368E+17     39.    -34.    -26.           0.8534
    2    4   -3    241.     36.    -65. 0.70931E+17     37.    -36.    -26.           0.8668
    2    4   -2    240.     34.    -65. 0.74231E+17     36.    -38.    -26.           0.8710
    2    4   -1    238.     32.    -65. 0.77202E+17     35.    -39.    -26.           0.8656
    2    4    0    235.     31.    -65. 0.79785E+17     34.    -40.    -26.           0.8508
    2    4    1    233.     29.    -66. 0.81936E+17     33.    -41.    -26.           0.8270
    2    4    2    231.     28.    -68. 0.83614E+17     32.    -42.    -26.           0.7948
    2    4    3    228.     27.    -69. 0.84788E+17     31.    -43.    -26.           0.7552
    2    4    4    225.     26.    -71. 0.85431E+17     30.    -43.    -26.           0.7095
    2    4    5     24.     66.    -98. 0.85530E+17     29.    -44.    -27.           0.6589
    2    4    6     23.     67.    -96. 0.85071E+17     29.    -45.    -27.           0.6049
    2    5   -6    249.     44.    -62. 0.44207E+17     71.    -20.     -9.           0.7935
    2    5   -5    248.     42.    -61. 0.47275E+17     64.    -26.    -10.           0.8244
    2    5   -4    247.     40.    -59. 0.50315E+17     59.    -30.    -10.           0.8480
    2    5   -3    246.     38.    -59. 0.53250E+17     55.    -34.    -11.           0.8635
    2    5   -2    244.     36.    -59. 0.56016E+17     52.    -36.    -12.           0.8704
    2    5   -1    243.     34.    -59. 0.58557E+17     49.    -39.    -13.           0.8683
    2    5    0    240.     33.    -60. 0.60825E+17     46.    -40.    -13.           0.8572
    2    5    1    238.     31.    -61. 0.62781E+17     44.    -42.    -14.           0.8375
    2    5    2    236.     30.    -62. 0.64392E+17     42.    -43.    -15.           0.8095
    2    5    3    233.     28.    -64. 0.65631E+17     40.    -44.    -16.           0.7742
    2    5    4    230.     27.    -66. 0.66478E+17     39.    -45.    -16.           0.7325
    2    5    5     22.     66.   -100. 0.66919E+17     37.    -46.    -17.           0.6857
    2    5    6     22.     67.    -99. 0.66942E+17     35.    -47.    -18.           0.6351
    2    6   -6    254.     47.    -55. 0.38274E+17     80.     -0.     20.           0.7864
    2    6   -5    253.     45.    -54. 0.40419E+17     74.     -7.     19.           0.8177
    2    6   -4    252.     43.    -53. 0.42526E+17     69.    -14.     17.           0.8421
    2    6   -3    251.     41.    -53. 0.44545E+17     65.    -19.     16.           0.8589
    2    6   -2    249.     39.    -53. 0.46430E+17     62.    -23.     14.           0.8675
    2    6   -1    247.     37.    -54. 0.48145E+17     60.    -28.     13.           0.8675
    2    6    0    245.     35.    -54. 0.49657E+17     58.    -31.     11.           0.8588
    2    6    1    243.     33.    -55. 0.50940E+17     57.    -35.      8.           0.8416
    2    6    2    241.     31.    -57. 0.51973E+17     55.    -39.      6.           0.8163
    2    6    3    238.     30.    -59. 0.52739E+17     54.    -42.      4.           0.7837
    2    6    4    235.     28.    -61. 0.53227E+17     53.    -45.      2.           0.7447
    2    6    5     22.     66.   -103. 0.53430E+17     51.    -48.     -0.           0.7003
    2    6    6     21.     66.   -101. 0.53345E+17     48.    -50.     -2.           0.6519
    3    3   -6    252.     36.    -56. 0.50612E+17     34.    -39.    -27.           0.5390
    3    3   -5    251.     36.    -58. 0.54913E+17     33.    -39.    -28.           0.5890
    3    3   -4    250.     35.    -59. 0.58904E+17     33.    -38.    -29.           0.6313
    3    3   -3    249.     34.    -61. 0.62550E+17     33.    -38.    -29.           0.6646
    3    3   -2    248.     34.    -62. 0.65816E+17     32.    -38.    -30.           0.6878
    3    3   -1    247.     33.    -64. 0.68683E+17     32.    -37.    -31.           0.7001
    3    3    0    246.     33.    -66. 0.71116E+17     31.    -37.    -31.           0.7012
    3    3    1    246.     33.    -67. 0.73109E+17     31.    -37.    -32.           0.6911
    3    3    2    245.     32.    -69. 0.74636E+17     30.    -38.    -32.           0.6702
    3    3    3    244.     32.    -70. 0.75701E+17     29.    -38.    -33.           0.6394
    3    3    4    244.     32.    -72. 0.76286E+17     29.    -38.    -33.           0.5998
    3    3    5    243.     32.    -74. 0.76390E+17     28.    -39.    -34.           0.5528
    3    3    6    243.     31.    -76. 0.76017E+17     27.    -39.    -34.           0.5001
    3    4   -6    257.     38.    -54. 0.32290E+17     69.    -21.    -10.           0.5232
    3    4   -5    256.     37.    -56. 0.35370E+17     65.    -23.    -12.           0.5730
    3    4   -4    254.     37.    -58. 0.38282E+17     62.    -24.    -14.           0.6155
    3    4   -3    253.     36.    -60. 0.40996E+17     59.    -26.    -15.           0.6494
    3    4   -2    252.     35.    -61. 0.43487E+17     56.    -27.    -17.           0.6736
    3    4   -1    251.     35.    -63. 0.45731E+17     54.    -28.    -18.           0.6872
    3    4    0    250.     35.    -65. 0.47711E+17     51.    -29.    -19.           0.6898
    3    4    1    249.     34.    -66. 0.49411E+17     49.    -31.    -20.           0.6815
    3    4    2    249.     34.    -68. 0.50822E+17     47.    -32.    -21.           0.6626
    3    4    3    248.     34.    -69. 0.51931E+17     44.    -33.    -22.           0.6338
    3    4    4    247.     34.    -71. 0.52733E+17     42.    -35.    -23.           0.5963
    3    4    5    246.     33.    -73. 0.53229E+17     40.    -36.    -24.           0.5513
    3    4    6    246.     33.    -74. 0.53415E+17     37.    -38.    -25.           0.5005
    3    5   -6    258.     40.    -56. 0.27219E+17     85.      4.     11.           0.5187
    3    5   -5    257.     39.    -57. 0.29392E+17     91.     -0.      9.           0.5680
    3    5   -4    256.     38.    -59. 0.31413E+17     89.     -4.      7.           0.6101
    3    5   -3    255.     38.    -60. 0.33262E+17     87.     -8.      5.           0.6435
    3    5   -2    254.     37.    -62. 0.34921E+17     86.    -12.      2.           0.6674
    3    5   -1    253.     37.    -63. 0.36376E+17     84.    -16.      0.           0.6807
    3    5    0    252.     36.    -65. 0.37619E+17     79.    -19.     -2.           0.6832
    3    5    1    251.     36.    -66. 0.38637E+17     75.    -21.     -4.           0.6748
    3    5    2    251.     36.    -67. 0.39427E+17     70.    -24.     -6.           0.6559
    3    5    3    250.     36.    -69. 0.39985E+17     66.    -27.     -7.           0.6272
    3    5    4    249.     35.    -70. 0.40310E+17     62.    -30.     -9.           0.5897
    3    5    5    249.     35.    -72. 0.40405E+17     57.    -32.    -10.           0.5449
    3    5    6    248.     35.    -73. 0.40275E+17     53.    -35.    -12.           0.4942
    3    6   -6    260.     41.    -53. 0.25971E+17     49.     24.     28.           0.5133
    3    6   -5    259.     40.    -55. 0.27645E+17     54.     20.     26.           0.5619
    3    6   -4    257.     40.    -57. 0.29154E+17     58.     17.     25.           0.6034
    3    6   -3    256.     39.    -59. 0.30484E+17     63.     13.     24.           0.6365
    3    6   -2    255.     39.    -60. 0.31623E+17     67.     10.     23.           0.6600
    3    6   -1    255.     38.    -62. 0.32562E+17     72.      6.     22.           0.6732
    3    6    0    254.     38.    -63. 0.33294E+17     77.      3.     21.           0.6757
    3    6    1    253.     37.    -65. 0.33817E+17     79.     -1.     19.           0.6675
    3    6    2    252.     37.    -66. 0.34130E+17     77.     -5.     18.           0.6489
    3    6    3    251.     37.    -68. 0.34232E+17     74.     -9.     17.           0.6206
    3    6    4    251.     37.    -69. 0.34130E+17     71.    -13.     15.           0.5836
    3    6    5    250.     36.    -71. 0.33829E+17     68.    -18.     14.           0.5393
    3    6    6    249.     36.    -72. 0.33339E+17     65.    -23.     12.           0.4893
    4    3   -6    266.     54.    -57. 0.70350E+17     13.    -59.    -28.           0.6590
    4    3   -5    262.     50.    -55. 0.70347E+17     14.    -58.    -28.           0.6908
    4    3   -4    259.     46.    -54. 0.70002E+17     17.    -55.    -28.           0.7129
    4    3   -3    256.     43.    -54. 0.69330E+17     20.    -52.    -28.           0.7248
    4    3   -2    255.     40.    -54. 0.68365E+17     23.    -49.    -28.           0.7260
    4    3   -1    253.     38.    -55. 0.67132E+17     27.    -45.    -28.           0.7165
    4    3    0    253.     35.    -57. 0.65674E+17     31.    -41.    -27.           0.6967
    4    3    1    252.     33.    -59. 0.64035E+17     35.    -38.    -27.           0.6674
    4    3    2    251.     31.    -62. 0.62264E+17     40.    -34.    -27.           0.6298
    4    3    3    250.     29.    -65. 0.60414E+17     44.    -30.    -26.           0.5852
    4    3    4    249.     27.    -69. 0.58544E+17     47.    -27.    -26.           0.5354
    4    3    5    247.     25.    -74. 0.56708E+17     51.    -25.    -25.           0.4822
    4    3    6    245.     23.    -79. 0.54961E+17     53.    -23.    -24.           0.4275
    4    4   -6    266.     55.    -57. 0.51443E+17     27.    -55.    -18.           0.6505
    4    4   -5    264.     52.    -56. 0.51037E+17     29.    -53.    -18.           0.6830
    4    4   -4    262.     49.    -55. 0.50394E+17     33.    -50.    -18.           0.7059
    4    4   -3    261.     46.    -55. 0.49547E+17     37.    -46.    -17.           0.7183
    4    4   -2    259.     44.    -55. 0.48524E+17     42.    -42.    -17.           0.7200
    4    4   -1    258.     41.    -57. 0.47366E+17     47.    -37.    -16.           0.7110
    4    4    0    257.     39.    -58. 0.46116E+17     52.    -32.    -16.           0.6914
    4    4    1    256.     36.    -61. 0.44820E+17     58.    -27.    -15.           0.6623
    4    4    2    254.     34.    -64. 0.43530E+17     63.    -22.    -14.           0.6246
    4    4    3    252.     32.    -69. 0.42298E+17     69.    -18.    -13.           0.5798
    4    4    4    250.     29.    -74. 0.41175E+17     73.    -15.    -12.           0.5296
    4    4    5    247.     27.    -80. 0.40207E+17     76.    -13.    -11.           0.4759
    4    4    6     61.     65.    -91. 0.39432E+17     78.    -12.    -10.           0.4206
    4    5   -6    266.     55.    -56. 0.41748E+17     44.    -50.     -6.           0.6395
    4    5   -5    265.     53.    -55. 0.41431E+17     48.    -47.     -5.           0.6729
    4    5   -4    263.     50.    -54. 0.40940E+17     54.    -43.     -3.           0.6966
    4    5   -3    262.     48.    -55. 0.40296E+17     60.    -38.     -2.           0.7100
    4    5   -2    261.     45.    -55. 0.39526E+17     67.    -33.     -1.           0.7124
    4    5   -1    260.     43.    -56. 0.38663E+17     73.    -26.      1.           0.7040
    4    5    0    259.     41.    -58. 0.37743E+17     78.    -19.      3.           0.6850
    4    5    1    258.     38.    -61. 0.36802E+17     84.    -12.      4.           0.6561
    4    5    2    256.     35.    -65. 0.35881E+17     89.     -6.      6.           0.6186
    4    5    3    253.     33.    -70. 0.35021E+17     92.     -1.      7.           0.5737
    4    5    4    250.     30.    -77. 0.34260E+17     90.      2.      8.           0.5232
    4    5    5    246.     28.    -84. 0.33631E+17     88.      3.      9.           0.4689
    4    5    6     64.     64.    -89. 0.33160E+17     88.      2.     10.           0.4129
    4    6   -6    266.     55.    -54. 0.36092E+17     54.    -32.     14.           0.6304
    4    6   -5    265.     53.    -53. 0.36174E+17     57.    -27.     16.           0.6641
    4    6   -4    264.     51.    -53. 0.36099E+17     61.    -22.     17.           0.6883
    4    6   -3    264.     49.    -53. 0.35878E+17     65.    -16.     19.           0.7020
    4    6   -2    263.     47.    -54. 0.35524E+17     70.    -11.     20.           0.7048
    4    6   -1    262.     44.    -55. 0.35055E+17     74.     -5.     21.           0.6967
    4    6    0    261.     42.    -57. 0.34490E+17     77.      1.     22.           0.6780
    4    6    1    260.     39.    -60. 0.33851E+17     70.      7.     23.           0.6493
    4    6    2    257.     37.    -64. 0.33165E+17     65.     12.     23.           0.6118
    4    6    3    254.     34.    -69. 0.32454E+17     61.     15.     24.           0.5669
    4    6    4    250.     31.    -77. 0.31747E+17     58.     17.     25.           0.5163
    4    6    5     60.     61.    -93. 0.31070E+17     58.     17.     25.           0.4617
    4    6    6     66.     63.    -88. 0.30445E+17     60.     15.     25.           0.4053
    5    3   -6    256.     46.    -70. 0.81359E+17     18.    -49.    -33.           0.6935
    5    3   -5    254.     43.    -67. 0.86697E+17     16.    -51.    -33.           0.7116
    5    3   -4    249.     40.    -64. 0.91939E+17     15.    -52.    -33.           0.7230
    5    3   -3    244.     36.    -63. 0.96952E+17     15.    -52.    -33.           0.7273
    5    3   -2    240.     33.    -62. 0.10161E+18     16.    -52.    -33.           0.7243
    5    3   -1    235.     30.    -63. 0.10580E+18     17.    -50.    -32.           0.7139
    5    3    0    232.     28.    -63. 0.10944E+18     19.    -49.    -32.           0.6964
    5    3    1    229.     26.    -64. 0.11244E+18     20.    -47.    -32.           0.6723
    5    3    2    226.     25.    -65. 0.11474E+18     22.    -46.    -32.           0.6422
    5    3    3    224.     24.    -66. 0.11630E+18     24.    -44.    -32.           0.6070
    5    3    4    222.     22.    -67. 0.11706E+18     25.    -42.    -32.           0.5677
    5    3    5    220.     21.    -68. 0.11701E+18     27.    -40.    -32.           0.5254
    5    3    6    219.     20.    -70. 0.11612E+18     29.    -39.    -33.           0.4813
    5    4   -6    258.     48.    -67. 0.60616E+17     27.    -52.    -21.           0.6986
    5    4   -5    256.     45.    -64. 0.65310E+17     23.    -55.    -22.           0.7193
    5    4   -4    253.     43.    -62. 0.69897E+17     21.    -56.    -23.           0.7336
    5    4   -3    249.     40.    -60. 0.74268E+17     20.    -56.    -24.           0.7410
    5    4   -2    246.     37.    -59. 0.78329E+17     20.    -56.    -24.           0.7413
    5    4   -1    242.     34.    -59. 0.82000E+17     20.    -55.    -25.           0.7342
    5    4    0    238.     32.    -59. 0.85215E+17     21.    -53.    -25.           0.7199
    5    4    1    235.     30.    -60. 0.87916E+17     22.    -52.    -26.           0.6989
    5    4    2    233.     29.    -61. 0.90058E+17     24.    -50.    -26.           0.6715
    5    4    3    230.     27.    -62. 0.91603E+17     25.    -48.    -27.           0.6387
    5    4    4    228.     26.    -63. 0.92521E+17     26.    -46.    -28.           0.6012
    5    4    5    225.     25.    -64. 0.92791E+17     27.    -45.    -28.           0.5603
    5    4    6    223.     24.    -65. 0.92402E+17     29.    -43.    -29.           0.5170
    5    5   -6    259.     49.    -65. 0.49165E+17     40.    -56.     -4.           0.6981
    5    5   -5    258.     47.    -62. 0.52773E+17     35.    -59.     -6.           0.7190
    5    5   -4    255.     44.    -60. 0.56314E+17     31.    -60.     -8.           0.7337
    5    5   -3    253.     42.    -58. 0.59697E+17     29.    -61.    -10.           0.7417
    5    5   -2    249.     39.    -57. 0.62850E+17     28.    -61.    -12.           0.7426
    5    5   -1    246.     37.    -57. 0.65709E+17     27.    -60.    -13.           0.7362
    5    5    0    243.     35.    -57. 0.68220E+17     27.    -58.    -15.           0.7228
    5    5    1    240.     33.    -57. 0.70338E+17     28.    -56.    -16.           0.7025
    5    5    2    237.     31.    -57. 0.72028E+17     29.    -54.    -17.           0.6760
    5    5    3    235.     30.    -58. 0.73258E+17     30.    -52.    -18.           0.6439
    5    5    4    232.     28.    -59. 0.74008E+17     31.    -50.    -19.           0.6072
    5    5    5    230.     27.    -60. 0.74261E+17     32.    -48.    -21.           0.5669
    5    5    6    228.     26.    -62. 0.74010E+17     33.    -45.    -22.           0.5242
    5    6   -6    260.     50.    -62. 0.43682E+17     41.    -35.     24.           0.6939
    5    6   -5    259.     48.    -60. 0.46005E+17     38.    -40.     22.           0.7144
    5    6   -4    257.     46.    -58. 0.48266E+17     36.    -45.     19.           0.7288
    5    6   -3    255.     44.    -56. 0.50406E+17     35.    -49.     16.           0.7366
    5    6   -2    253.     41.    -55. 0.52374E+17     35.    -53.     12.           0.7373
    5    6   -1    250.     39.    -54. 0.54127E+17     36.    -56.      8.           0.7310
    5    6    0    248.     37.    -54. 0.55627E+17     37.    -58.      5.           0.7177
    5    6    1    245.     35.    -54. 0.56844E+17     39.    -59.      2.           0.6977
    5    6    2    243.     33.    -54. 0.57754E+17     41.    -59.     -0.           0.6716
    5    6    3    240.     32.    -54. 0.58336E+17     41.    -56.     -3.           0.6400
    5    6    4    238.     30.    -55. 0.58578E+17     42.    -53.     -5.           0.6038
    5    6    5    235.     29.    -56. 0.58472E+17     42.    -50.     -7.           0.5641
    5    6    6     17.     67.   -106. 0.58015E+17     43.    -48.    -10.           0.5220
    6    3   -6    260.     56.    -84. 0.56763E+17     65.    -12.    -23.           0.7434
    6    3   -5    266.     53.    -75. 0.60663E+17     54.    -20.    -25.           0.7544
    6    3   -4    269.     51.    -68. 0.66058E+17     43.    -30.    -26.           0.7593
    6    3   -3    270.     48.    -62. 0.72466E+17     35.    -39.    -27.           0.7581
    6    3   -2    268.     44.    -57. 0.79421E+17     28.    -45.    -27.           0.7507
    6    3   -1    264.     40.    -54. 0.86586E+17     25.    -48.    -27.           0.7372
    6    3    0    259.     35.    -52. 0.93661E+17     24.    -49.    -27.           0.7179
    6    3    1    254.     31.    -51. 0.10043E+18     25.    -48.    -27.           0.6934
    6    3    2    250.     27.    -51. 0.10669E+18     27.    -47.    -27.           0.6643
    6    3    3    246.     24.    -52. 0.11231E+18     29.    -44.    -27.           0.6315
    6    3    4    243.     22.    -53. 0.11716E+18     31.    -42.    -27.           0.5958
    6    3    5    240.     20.    -55. 0.12116E+18     34.    -39.    -27.           0.5582
    6    3    6    237.     18.    -56. 0.12422E+18     37.    -37.    -27.           0.5199
    6    4   -6    266.     55.    -75. 0.48036E+17     88.     -3.     -9.           0.7471
    6    4   -5    270.     53.    -68. 0.52684E+17     69.    -18.    -13.           0.7605
    6    4   -4    271.     50.    -63. 0.58369E+17     54.    -30.    -16.           0.7677
    6    4   -3    270.     47.    -59. 0.64673E+17     44.    -38.    -18.           0.7684
    6    4   -2    269.     44.    -56. 0.71264E+17     37.    -43.    -19.           0.7626
    6    4   -1    266.     40.    -54. 0.77884E+17     33.    -46.    -21.           0.7504
    6    4    0    262.     37.    -53. 0.84318E+17     31.    -47.    -22.           0.7320
    6    4    1    258.     34.    -53. 0.90416E+17     30.    -47.    -22.           0.7080
    6    4    2    255.     31.    -53. 0.96037E+17     30.    -47.    -23.           0.6790
    6    4    3    251.     28.    -54. 0.10107E+18     31.    -45.    -24.           0.6459
    6    4    4    248.     26.    -55. 0.10544E+18     32.    -44.    -24.           0.6097
    6    4    5    244.     24.    -56. 0.10907E+18     33.    -42.    -25.           0.5712
    6    4    6    241.     22.    -58. 0.11190E+18     35.    -40.    -25.           0.5318
    6    5   -6    266.     53.    -73. 0.46650E+17     87.      4.      9.           0.7514
    6    5   -5    269.     51.    -67. 0.50178E+17     85.    -11.      4.           0.7640
    6    5   -4     52.     48.   -117. 0.54365E+17     75.    -24.     -1.           0.7697
    6    5   -3    269.     46.    -60. 0.58965E+17     62.    -33.     -5.           0.7684
    6    5   -2    268.     44.    -58. 0.63753E+17     53.    -39.     -7.           0.7599
    6    5   -1    266.     41.    -56. 0.68549E+17     47.    -43.    -10.           0.7446
    6    5    0    263.     39.    -55. 0.73207E+17     43.    -45.    -12.           0.7228
    6    5    1    260.     36.    -54. 0.77603E+17     40.    -46.    -13.           0.6952
    6    5    2    257.     33.    -54. 0.81638E+17     39.    -46.    -15.           0.6626
    6    5    3    254.     31.    -54. 0.85226E+17     38.    -46.    -16.           0.6258
    6    5    4    251.     29.    -55. 0.88304E+17     38.    -45.    -17.           0.5861
    6    5    5    248.     27.    -56. 0.90816E+17     39.    -43.    -18.           0.5446
    6    5    6    244.     25.    -58. 0.92719E+17     40.    -41.    -19.           0.5025
    6    6   -6    268.     52.    -70. 0.46578E+17     59.     15.     26.           0.7467
    6    6   -5    270.     51.    -65. 0.48730E+17     73.      4.     23.           0.7562
    6    6   -4     50.     49.   -119. 0.51218E+17     72.     -7.     21.           0.7583
    6    6   -3    270.     47.    -58. 0.53916E+17     66.    -17.     18.           0.7530
    6    6   -2    269.     45.    -56. 0.56712E+17     61.    -25.     15.           0.7403
    6    6   -1    267.     43.    -55. 0.59501E+17     57.    -31.     12.           0.7207
    6    6    0    265.     40.    -54. 0.62195E+17     55.    -37.      8.           0.6945
    6    6    1    263.     38.    -53. 0.64710E+17     54.    -42.      4.           0.6628
    6    6    2    260.     36.    -53. 0.66981E+17     53.    -46.      1.           0.6262
    6    6    3    257.     34.    -53. 0.68953E+17     52.    -47.     -1.           0.5861
    6    6    4    254.     31.    -53. 0.70577E+17     50.    -46.     -4.           0.5435
    6    6    5    251.     29.    -54. 0.71821E+17     49.    -45.     -6.           0.4997
    6    6    6    247.     27.    -55. 0.72654E+17     49.    -43.     -8.           0.4560
    7    3   -6    276.     65.    -68. 0.50807E+17     60.    -23.    -18.           0.5813
    7    3   -5    277.     62.    -65. 0.56503E+17     45.    -35.    -20.           0.6127
    7    3   -4    275.     59.    -62. 0.62787E+17     35.    -43.    -22.           0.6394
    7    3   -3    273.     55.    -59. 0.69369E+17     28.    -49.    -24.           0.6606
    7    3   -2    269.     51.    -56. 0.75998E+17     23.    -52.    -25.           0.6755
    7    3   -1    264.     46.    -55. 0.82494E+17     21.    -53.    -26.           0.6835
    7    3    0    259.     42.    -54. 0.88694E+17     21.    -52.    -27.           0.6844
    7    3    1    255.     39.    -54. 0.94471E+17     21.    -51.    -28.           0.6780
    7    3    2    251.     36.    -55. 0.99731E+17     22.    -49.    -28.           0.6644
    7    3    3    247.     33.    -56. 0.10437E+18     24.    -47.    -29.           0.6439
    7    3    4    244.     32.    -57. 0.10833E+18     25.    -46.    -30.           0.6173
    7    3    5    241.     30.    -59. 0.11153E+18     26.    -44.    -30.           0.5851
    7    3    6    238.     28.    -61. 0.11392E+18     28.    -42.    -31.           0.5484
    7    4   -6    278.     62.    -63. 0.46233E+17     67.    -25.     -8.           0.5834
    7    4   -5    277.     59.    -60. 0.51101E+17     53.    -36.    -11.           0.6155
    7    4   -4    275.     56.    -59. 0.56277E+17     43.    -43.    -14.           0.6427
    7    4   -3    272.     53.    -57. 0.61561E+17     37.    -47.    -16.           0.6641
    7    4   -2    268.     49.    -56. 0.66794E+17     33.    -49.    -18.           0.6789
    7    4   -1    265.     46.    -55. 0.71845E+17     31.    -50.    -19.           0.6865
    7    4    0    261.     43.    -55. 0.76610E+17     30.    -50.    -20.           0.6868
    7    4    1    258.     40.    -55. 0.81001E+17     30.    -49.    -21.           0.6795
    7    4    2    254.     38.    -56. 0.84945E+17     30.    -48.    -22.           0.6650
    7    4    3    251.     36.    -57. 0.88378E+17     31.    -46.    -23.           0.6435
    7    4    4    248.     34.    -59. 0.91248E+17     31.    -45.    -24.           0.6158
    7    4    5    245.     32.    -60. 0.93509E+17     32.    -43.    -24.           0.5826
    7    4    6    242.     31.    -62. 0.95132E+17     33.    -42.    -25.           0.5450
    7    5   -6    277.     59.    -61. 0.43301E+17     77.    -18.      5.           0.5817
    7    5   -5    275.     57.    -60. 0.47180E+17     69.    -29.      1.           0.6136
    7    5   -4    273.     54.    -58. 0.51165E+17     61.    -37.     -2.           0.6401
    7    5   -3    270.     51.    -57. 0.55132E+17     54.    -42.     -4.           0.6605
    7    5   -2    268.     49.    -57. 0.58977E+17     49.    -45.     -6.           0.6740
    7    5   -1    265.     46.    -57. 0.62616E+17     46.    -46.     -8.           0.6800
    7    5    0    262.     44.    -57. 0.65977E+17     44.    -47.    -10.           0.6785
    7    5    1    259.     42.    -57. 0.69002E+17     42.    -47.    -11.           0.6694
    7    5    2    256.     40.    -58. 0.71641E+17     42.    -46.    -12.           0.6528
    7    5    3    253.     38.    -58. 0.73851E+17     41.    -45.    -13.           0.6294
    7    5    4    251.     36.    -60. 0.75597E+17     41.    -44.    -15.           0.5998
    7    5    5    248.     35.    -61. 0.76857E+17     41.    -43.    -15.           0.5649
    7    5    6    245.     33.    -63. 0.77611E+17     42.    -42.    -16.           0.5257
    7    6   -6    277.     59.    -58. 0.40866E+17     76.     -2.     22.           0.5747
    7    6   -5    275.     56.    -57. 0.43783E+17     68.    -11.     20.           0.6050
    7    6   -4    273.     54.    -56. 0.46676E+17     63.    -19.     18.           0.6296
    7    6   -3    271.     52.    -56. 0.49468E+17     59.    -24.     17.           0.6478
    7    6   -2    269.     49.    -56. 0.52097E+17     57.    -29.     15.           0.6590
    7    6   -1    266.     47.    -55. 0.54507E+17     55.    -32.     13.           0.6627
    7    6    0    264.     45.    -56. 0.56656E+17     54.    -35.     11.           0.6589
    7    6    1    261.     43.    -56. 0.58502E+17     54.    -37.      9.           0.6474
    7    6    2    258.     42.    -57. 0.60017E+17     54.    -39.      7.           0.6287
    7    6    3    256.     40.    -57. 0.61175E+17     55.    -40.      5.           0.6034
    7    6    4    253.     38.    -58. 0.61957E+17     56.    -41.      3.           0.5721
    7    6    5    250.     37.    -60. 0.62351E+17     57.    -41.      2.           0.5359
    7    6    6    247.     35.    -61. 0.62350E+17     59.    -41.      0.           0.4958
    8    3   -6    277.     80.    -75. 0.59549E+17     91.      7.      2.           0.4632
    8    3   -5    279.     77.    -72. 0.61020E+17     83.    -12.     -5.           0.4980
    8    3   -4    280.     74.    -70. 0.63697E+17     62.    -28.    -10.           0.5322
    8    3   -3    280.     71.    -67. 0.67436E+17     47.    -39.    -14.           0.5648
    8    3   -2    278.     68.    -64. 0.72029E+17     35.    -48.    -17.           0.5947
    8    3   -1    275.     63.    -61. 0.77248E+17     27.    -53.    -20.           0.6209
    8    3    0    270.     58.    -58. 0.82871E+17     23.    -55.    -22.           0.6425
    8    3    1    264.     52.    -55. 0.88687E+17     21.    -55.    -24.           0.6588
    8    3    2    258.     47.    -55. 0.94521E+17     21.    -53.    -26.           0.6691
    8    3    3    254.     43.    -55. 0.10021E+18     23.    -50.    -27.           0.6730
    8    3    4    250.     39.    -56. 0.10562E+18     25.    -47.    -28.           0.6703
    8    3    5    246.     37.    -58. 0.11063E+18     27.    -44.    -29.           0.6609
    8    3    6    243.     34.    -61. 0.11514E+18     29.    -41.    -30.           0.6452
    8    4   -6    281.     75.    -70. 0.53138E+17     87.    -11.     -1.           0.4589
    8    4   -5    281.     72.    -67. 0.55918E+17     69.    -26.     -5.           0.4952
    8    4   -4    279.     69.    -65. 0.59189E+17     56.    -36.     -8.           0.5305
    8    4   -3    277.     66.    -63. 0.62818E+17     46.    -43.    -11.           0.5638
    8    4   -2    274.     62.    -61. 0.66675E+17     39.    -48.    -13.           0.5939
    8    4   -1    271.     58.    -59. 0.70646E+17     35.    -50.    -15.           0.6199
    8    4    0    267.     54.    -58. 0.74616E+17     33.    -50.    -17.           0.6409
    8    4    1    263.     50.    -57. 0.78489E+17     32.    -49.    -18.           0.6561
    8    4    2    259.     47.    -57. 0.82179E+17     33.    -48.    -19.           0.6651
    8    4    3    255.     44.    -58. 0.85611E+17     34.    -46.    -21.           0.6674
    8    4    4    252.     41.    -59. 0.88717E+17     35.    -43.    -22.           0.6629
    8    4    5    249.     39.    -61. 0.91443E+17     36.    -41.    -23.           0.6517
    8    4    6    246.     37.    -63. 0.93737E+17     38.    -39.    -23.           0.6340
    8    5   -6    281.     71.    -66. 0.47853E+17     84.    -13.      4.           0.4472
    8    5   -5    279.     68.    -64. 0.50792E+17     74.    -25.      1.           0.4845
    8    5   -4    277.     65.    -62. 0.53891E+17     65.    -34.     -1.           0.5207
    8    5   -3    274.     62.    -61. 0.57058E+17     58.    -39.     -3.           0.5545
    8    5   -2    271.     59.    -60. 0.60208E+17     53.    -43.     -5.           0.5850
    8    5   -1    268.     56.    -59. 0.63265E+17     50.    -44.     -6.           0.6110
    8    5    0    265.     53.    -58. 0.66166E+17     48.    -45.     -7.           0.6318
    8    5    1    262.     50.    -58. 0.68853E+17     47.    -44.     -9.           0.6465
    8    5    2    259.     47.    -59. 0.71278E+17     48.    -43.    -10.           0.6548
    8    5    3    256.     45.    -60. 0.73398E+17     48.    -41.    -11.           0.6561
    8    5    4    253.     43.    -61. 0.75182E+17     49.    -40.    -12.           0.6505
    8    5    5    250.     41.    -63. 0.76598E+17     50.    -38.    -12.           0.6381
    8    5    6    247.     39.    -65. 0.77627E+17     50.    -36.    -13.           0.6192
    8    6   -6    281.     69.    -61. 0.42658E+17     82.     -4.     15.           0.4361
    8    6   -5    279.     66.    -60. 0.45464E+17     73.    -12.     15.           0.4734
    8    6   -4    276.     63.    -59. 0.48261E+17     67.    -19.     14.           0.5093
    8    6   -3    274.     61.    -58. 0.50979E+17     63.    -23.     14.           0.5427
    8    6   -2    271.     58.    -58. 0.53560E+17     60.    -27.     13.           0.5724
    8    6   -1    268.     55.    -57. 0.55954E+17     59.    -29.     12.           0.5975
    8    6    0    265.     53.    -58. 0.58116E+17     59.    -30.     12.           0.6172
    8    6    1    263.     51.    -58. 0.60011E+17     59.    -30.     11.           0.6307
    8    6    2    260.     49.    -58. 0.61609E+17     60.    -30.     10.           0.6376
    8    6    3    257.     47.    -59. 0.62885E+17     61.    -30.      9.           0.6375
    8    6    4    254.     45.    -61. 0.63822E+17     62.    -30.      8.           0.6305
    8    6    5    252.     43.    -62. 0.64405E+17     64.    -29.      7.           0.6166
    8    6    6    249.     41.    -64. 0.64628E+17     66.    -28.      6.           0.5963
    9    3   -6    261.     50.    -72. 0.68115E+17     25.    -44.    -31.           0.5796
    9    3   -5    260.     48.    -69. 0.74347E+17     21.    -47.    -32.           0.6139
    9    3   -4    258.     45.    -66. 0.80596E+17     19.    -49.    -32.           0.6426
    9    3   -3    254.     42.    -64. 0.86697E+17     17.    -51.    -32.           0.6649
    9    3   -2    250.     39.    -63. 0.92521E+17     17.    -51.    -32.           0.6800
    9    3   -1    246.     36.    -63. 0.97951E+17     17.    -50.    -32.           0.6874
    9    3    0    242.     34.    -63. 0.10288E+18     18.    -50.    -33.           0.6868
    9    3    1    239.     31.    -63. 0.10723E+18     19.    -49.    -33.           0.6782
    9    3    2    236.     30.    -64. 0.11093E+18     20.    -47.    -33.           0.6617
    9    3    3    234.     28.    -65. 0.11391E+18     21.    -46.    -33.           0.6379
    9    3    4    231.     27.    -66. 0.11613E+18     22.    -45.    -33.           0.6074
    9    3    5    229.     26.    -67. 0.11754E+18     23.    -44.    -33.           0.5712
    9    3    6    227.     25.    -69. 0.11810E+18     24.    -42.    -33.           0.5303
    9    4   -6    263.     49.    -67. 0.49812E+17     35.    -48.    -17.           0.5747
    9    4   -5    262.     47.    -64. 0.55179E+17     30.    -51.    -19.           0.6116
    9    4   -4    259.     44.    -62. 0.60543E+17     27.    -53.    -20.           0.6435
    9    4   -3    256.     41.    -60. 0.65765E+17     25.    -54.    -21.           0.6692
    9    4   -2    253.     39.    -60. 0.70742E+17     24.    -54.    -22.           0.6879
    9    4   -1    249.     36.    -59. 0.75385E+17     24.    -54.    -23.           0.6990
    9    4    0    246.     34.    -59. 0.79621E+17     24.    -53.    -23.           0.7021
    9    4    1    243.     33.    -60. 0.83378E+17     25.    -51.    -24.           0.6970
    9    4    2    241.     31.    -61. 0.86608E+17     25.    -50.    -25.           0.6839
    9    4    3    238.     30.    -61. 0.89260E+17     26.    -49.    -25.           0.6630
    9    4    4    236.     28.    -63. 0.91298E+17     27.    -47.    -26.           0.6349
    9    4    5    234.     27.    -64. 0.92693E+17     28.    -46.    -26.           0.6007
    9    4    6    231.     26.    -65. 0.93420E+17     29.    -45.    -27.           0.5612
    9    5   -6    263.     48.    -65. 0.41655E+17     50.    -46.      3.           0.5730
    9    5   -5    262.     46.    -62. 0.45769E+17     46.    -54.     -0.           0.6105
    9    5   -4    260.     44.    -60. 0.49888E+17     41.    -56.     -3.           0.6431
    9    5   -3    257.     42.    -59. 0.53906E+17     37.    -57.     -5.           0.6696
    9    5   -2    255.     40.    -58. 0.57733E+17     35.    -57.     -7.           0.6891
    9    5   -1    252.     37.    -58. 0.61300E+17     34.    -57.     -9.           0.7010
    9    5    0    249.     36.    -58. 0.64542E+17     33.    -56.    -11.           0.7048
    9    5    1    247.     34.    -58. 0.67409E+17     33.    -55.    -12.           0.7004
    9    5    2    244.     32.    -58. 0.69858E+17     33.    -53.    -13.           0.6879
    9    5    3    242.     31.    -59. 0.71851E+17     34.    -52.    -15.           0.6675
    9    5    4    239.     30.    -60. 0.73362E+17     34.    -50.    -16.           0.6398
    9    5    5    237.     29.    -61. 0.74367E+17     35.    -48.    -17.           0.6058
    9    5    6    235.     28.    -62. 0.74852E+17     35.    -47.    -18.           0.5664
    9    6   -6     47.     48.   -117. 0.38671E+17     46.    -24.     30.           0.5677
    9    6   -5    263.     46.    -60. 0.41486E+17     43.    -30.     27.           0.6047
    9    6   -4    262.     45.    -58. 0.44284E+17     40.    -35.     25.           0.6368
    9    6   -3    259.     43.    -57. 0.46990E+17     39.    -39.     22.           0.6629
    9    6   -2    257.     41.    -56. 0.49544E+17     39.    -42.     20.           0.6822
    9    6   -1    255.     39.    -55. 0.51891E+17     39.    -44.     17.           0.6939
    9    6    0    252.     37.    -55. 0.53988E+17     40.    -46.     14.           0.6976
    9    6    1    250.     36.    -55. 0.55797E+17     41.    -48.     10.           0.6932
    9    6    2    248.     34.    -56. 0.57286E+17     43.    -50.      7.           0.6808
    9    6    3    245.     33.    -56. 0.58432E+17     45.    -51.      5.           0.6606
    9    6    4    243.     32.    -57. 0.59214E+17     47.    -51.      2.           0.6332
    9    6    5    241.     30.    -58. 0.59620E+17     48.    -51.     -0.           0.5996
    9    6    6    238.     29.    -59. 0.59640E+17     48.    -49.     -3.           0.5606
   10    3   -6    231.     18.    -40. 0.85708E+17     28.    -52.    -21.           0.6087
   10    3   -5    233.     21.    -43. 0.91158E+17     26.    -50.    -23.           0.6693
   10    3   -4    234.     23.    -46. 0.96460E+17     26.    -49.    -26.           0.7240
   10    3   -3    235.     25.    -48. 0.10153E+18     25.    -47.    -28.           0.7709
   10    3   -2    236.     27.    -51. 0.10629E+18     25.    -45.    -30.           0.8087
   10    3   -1    236.     29.    -55. 0.11071E+18     25.    -43.    -32.           0.8362
   10    3    0    236.     30.    -58. 0.11471E+18     26.    -41.    -33.           0.8527
   10    3    1    235.     31.    -61. 0.11829E+18     26.    -40.    -35.           0.8577
   10    3    2    234.     32.    -65. 0.12138E+18     26.    -38.    -36.           0.8511
   10    3    3    233.     32.    -68. 0.12397E+18     26.    -37.    -37.           0.8333
   10    3    4    231.     33.    -72. 0.12604E+18     26.    -36.    -38.           0.8050
   10    3    5     33.     57.    -99. 0.12758E+18     25.    -36.    -39.           0.7673
   10    3    6     35.     56.    -97. 0.12857E+18     24.    -36.    -40.           0.7213
   10    4   -6    353.     84.   -106. 0.61761E+17     30.    -67.     -3.           0.5785
   10    4   -5    245.     22.    -25. 0.64536E+17     29.    -64.     -7.           0.6404
   10    4   -4    246.     26.    -31. 0.67421E+17     30.    -59.    -11.           0.6976
   10    4   -3    246.     28.    -35. 0.70360E+17     31.    -54.    -14.           0.7483
   10    4   -2    246.     30.    -40. 0.73300E+17     33.    -50.    -17.           0.7910
   10    4   -1    245.     31.    -44. 0.76195E+17     35.    -45.    -20.           0.8242
   10    4    0    244.     32.    -48. 0.79007E+17     37.    -41.    -22.           0.8471
   10    4    1    242.     32.    -53. 0.81699E+17     38.    -38.    -24.           0.8591
   10    4    2    240.     32.    -57. 0.84243E+17     38.    -35.    -26.           0.8597
   10    4    3    238.     32.    -62. 0.86608E+17     39.    -33.    -28.           0.8493
   10    4    4    235.     33.    -67. 0.88771E+17     38.    -32.    -30.           0.8281
   10    4    5     31.     59.   -101. 0.90712E+17     37.    -32.    -31.           0.7971
   10    4    6     34.     58.    -98. 0.92411E+17     36.    -32.    -32.           0.7574
   10    5   -6    355.     83.   -112. 0.54403E+17     19.    -74.      8.           0.5746
   10    5   -5    251.     29.    -24. 0.56429E+17     23.    -73.      4.           0.6386
   10    5   -4    252.     32.    -28. 0.58371E+17     29.    -70.      0.           0.6981
   10    5   -3    252.     34.    -32. 0.60202E+17     34.    -63.     -3.           0.7512
   10    5   -2    251.     35.    -36. 0.61904E+17     38.    -56.     -5.           0.7962
   10    5   -1    250.     35.    -40. 0.63462E+17     42.    -50.     -8.           0.8318
   10    5    0    249.     35.    -44. 0.64867E+17     45.    -44.    -10.           0.8568
   10    5    1    247.     35.    -48. 0.66114E+17     48.    -39.    -13.           0.8706
   10    5    2    245.     35.    -52. 0.67202E+17     50.    -35.    -15.           0.8728
   10    5    3    242.     34.    -57. 0.68131E+17     51.    -32.    -17.           0.8633
   10    5    4    239.     34.    -62. 0.68906E+17     52.    -30.    -19.           0.8427
   10    5    5     28.     59.   -105. 0.69530E+17     51.    -28.    -20.           0.8116
   10    5    6     31.     58.   -102. 0.70010E+17     50.    -28.    -22.           0.7712
   10    6   -6      3.     80.   -124. 0.47698E+17     13.    -59.     28.           0.5686
   10    6   -5    259.     38.    -22. 0.49242E+17     20.    -56.     24.           0.6337
   10    6   -4    259.     39.    -26. 0.50631E+17     27.    -52.     21.           0.6944
   10    6   -3    258.     40.    -29. 0.51849E+17     34.    -48.     18.           0.7489
   10    6   -2    257.     40.    -33. 0.52888E+17     41.    -43.     16.           0.7956
   10    6   -1    255.     39.    -36. 0.53742E+17     48.    -39.     13.           0.8328
   10    6    0    254.     38.    -39. 0.54416E+17     55.    -34.     11.           0.8596
   10    6    1    251.     38.    -43. 0.54913E+17     62.    -30.      8.           0.8750
   10    6    2    249.     37.    -47. 0.55242E+17     68.    -27.      5.           0.8787
   10    6    3    246.     36.    -52. 0.55418E+17     73.    -24.      3.           0.8705
   10    6    4     24.     61.   -111. 0.55454E+17     78.    -22.      0.           0.8509
   10    6    5     27.     60.   -108. 0.55368E+17     78.    -20.     -2.           0.8205
   10    6    6     29.     58.   -104. 0.55178E+17     76.    -19.     -4.           0.7805
   11    3   -6    244.     66.   -110. 0.46637E+17     60.     30.    -10.           0.8740
   11    3   -5    268.     56.    -82. 0.45736E+17     51.     30.    -19.           0.8761
   11    3   -4    280.     52.    -61. 0.52878E+17     75.     -3.    -22.           0.8742
   11    3   -3    281.     46.    -51. 0.65282E+17     49.    -29.    -22.           0.8684
   11    3   -2    276.     39.    -46. 0.80221E+17     38.    -40.    -22.           0.8586
   11    3   -1    270.     32.    -44. 0.96073E+17     36.    -42.    -22.           0.8451
   11    3    0    264.     27.    -45. 0.11196E+18     37.    -41.    -22.           0.8281
   11    3    1    260.     23.    -46. 0.12735E+18     40.    -39.    -22.           0.8080
   11    3    2    256.     21.    -48. 0.14188E+18     42.    -36.    -22.           0.7852
   11    3    3    252.     19.    -50. 0.15530E+18     45.    -34.    -21.           0.7601
   11    3    4    249.     18.    -52. 0.16737E+18     47.    -32.    -21.           0.7334
   11    3    5    246.     16.    -54. 0.17793E+18     49.    -30.    -21.           0.7055
   11    3    6    244.     15.    -56. 0.18684E+18     51.    -28.    -21.           0.6772
   11    4   -6    256.     58.   -100. 0.38817E+17     20.     75.      6.           0.8845
   11    4   -5    286.     56.    -56. 0.42015E+17     59.     38.     -3.           0.8918
   11    4   -4    287.     50.    -48. 0.51056E+17     83.     -8.    -10.           0.8948
   11    4   -3    284.     44.    -44. 0.63310E+17     57.    -30.    -13.           0.8935
   11    4   -2    279.     37.    -42. 0.76991E+17     47.    -38.    -14.           0.8877
   11    4   -1    274.     32.    -41. 0.91111E+17     44.    -40.    -16.           0.8777
   11    4    0    269.     28.    -42. 0.10510E+18     44.    -40.    -16.           0.8635
   11    4    1    265.     24.    -43. 0.11861E+18     45.    -38.    -17.           0.8457
   11    4    2    261.     22.    -45. 0.13136E+18     46.    -36.    -18.           0.8245
   11    4    3    257.     20.    -47. 0.14316E+18     48.    -34.    -18.           0.8005
   11    4    4    254.     19.    -50. 0.15384E+18     49.    -32.    -18.           0.7742
   11    4    5    251.     18.    -52. 0.16327E+18     51.    -31.    -19.           0.7464
   11    4    6    248.     17.    -54. 0.17134E+18     52.    -29.    -19.           0.7177
   11    5   -6    280.     54.    -66. 0.39938E+17     12.     71.     17.           0.8905
   11    5   -5     53.     53.   -131. 0.44298E+17     56.     32.     12.           0.8986
   11    5   -4    287.     47.    -45. 0.52692E+17     92.     -2.      6.           0.9015
   11    5   -3    284.     41.    -43. 0.63366E+17     76.    -24.      1.           0.8992
   11    5   -2    279.     36.    -42. 0.75104E+17     64.    -33.     -3.           0.8917
   11    5   -1    275.     32.    -42. 0.87171E+17     58.    -36.     -5.           0.8792
   11    5    0    270.     28.    -42. 0.99115E+17     56.    -37.     -7.           0.8620
   11    5    1    266.     25.    -44. 0.11063E+18     56.    -36.     -9.           0.8406
   11    5    2    263.     23.    -45. 0.12150E+18     56.    -34.    -10.           0.8154
   11    5    3    259.     21.    -47. 0.13154E+18     56.    -33.    -11.           0.7873
   11    5    4    256.     20.    -50. 0.14061E+18     57.    -31.    -11.           0.7570
   11    5    5    252.     19.    -52. 0.14859E+18     58.    -30.    -12.           0.7253
   11    5    6    249.     18.    -54. 0.15540E+18     59.    -28.    -13.           0.6930
   11    6   -6     44.     63.   -153. 0.42874E+17     16.     56.     28.           0.8870
   11    6   -5    294.     54.    -38. 0.46953E+17     47.     28.     25.           0.8918
   11    6   -4    290.     47.    -38. 0.53631E+17     74.      5.     21.           0.8906
   11    6   -3    286.     41.    -38. 0.61902E+17     71.    -12.     18.           0.8833
   11    6   -2    282.     37.    -38. 0.70988E+17     65.    -21.     14.           0.8703
   11    6   -1    278.     33.    -38. 0.80357E+17     62.    -26.     11.           0.8517
   11    6    0    274.     29.    -39. 0.89644E+17     63.    -29.      8.           0.8281
   11    6    1    270.     26.    -40. 0.98588E+17     64.    -30.      5.           0.8001
   11    6    2    266.     24.    -42. 0.10700E+18     66.    -31.      3.           0.7685
   11    6    3    263.     22.    -44. 0.11472E+18     68.    -30.      1.           0.7343
   11    6    4    259.     21.    -46. 0.12164E+18     70.    -30.     -0.           0.6984
   11    6    5    256.     20.    -48. 0.12766E+18     71.    -28.     -1.           0.6618
   11    6    6    252.     18.    -51. 0.13270E+18     71.    -26.     -3.           0.6255
   12    3   -6    278.     55.    -59. 0.53747E+17     38.    -40.    -22.           0.6358
   12    3   -5    276.     51.    -56. 0.60947E+17     30.    -47.    -23.           0.6740
   12    3   -4    272.     48.    -54. 0.68168E+17     25.    -50.    -24.           0.7057
   12    3   -3    268.     44.    -52. 0.75198E+17     23.    -52.    -25.           0.7300
   12    3   -2    264.     40.    -51. 0.81889E+17     22.    -52.    -26.           0.7458
   12    3   -1    260.     37.    -51. 0.88117E+17     22.    -52.    -26.           0.7526
   12    3    0    256.     34.    -51. 0.93785E+17     23.    -50.    -27.           0.7501
   12    3    1    253.     32.    -52. 0.98802E+17     24.    -49.    -27.           0.7382
   12    3    2    250.     31.    -52. 0.10309E+18     25.    -48.    -27.           0.7172
   12    3    3    248.     29.    -54. 0.10660E+18     26.    -46.    -28.           0.6877
   12    3    4    245.     28.    -55. 0.10927E+18     27.    -45.    -28.           0.6506
   12    3    5    243.     27.    -56. 0.11107E+18     28.    -43.    -29.           0.6069
   12    3    6    240.     26.    -57. 0.11198E+18     29.    -42.    -29.           0.5582
   12    4   -6    278.     55.    -57. 0.47964E+17     49.    -38.    -12.           0.6404
   12    4   -5    276.     52.    -55. 0.54052E+17     41.    -45.    -14.           0.6791
   12    4   -4    273.     48.    -53. 0.60175E+17     35.    -49.    -16.           0.7113
   12    4   -3    270.     45.    -52. 0.66158E+17     32.    -50.    -17.           0.7360
   12    4   -2    267.     42.    -51. 0.71873E+17     30.    -51.    -19.           0.7524
   12    4   -1    263.     39.    -51. 0.77215E+17     30.    -51.    -20.           0.7597
   12    4    0    260.     37.    -51. 0.82094E+17     30.    -50.    -20.           0.7576
   12    4    1    257.     35.    -52. 0.86434E+17     30.    -49.    -21.           0.7462
   12    4    2    255.     33.    -53. 0.90176E+17     31.    -47.    -22.           0.7257
   12    4    3    252.     31.    -54. 0.93271E+17     31.    -46.    -22.           0.6966
   12    4    4    250.     30.    -55. 0.95675E+17     32.    -45.    -23.           0.6600
   12    4    5    247.     29.    -56. 0.97358E+17     33.    -43.    -24.           0.6168
   12    4    6    245.     27.    -58. 0.98297E+17     34.    -42.    -24.           0.5684
   12    5   -6    276.     53.    -58. 0.44370E+17     68.    -31.      1.           0.6408
   12    5   -5    275.     51.    -56. 0.49124E+17     59.    -39.     -2.           0.6780
   12    5   -4    272.     48.    -54. 0.53875E+17     52.    -44.     -4.           0.7085
   12    5   -3    270.     46.    -53. 0.58496E+17     47.    -47.     -6.           0.7312
   12    5   -2    267.     43.    -53. 0.62879E+17     44.    -48.     -8.           0.7454
   12    5   -1    265.     41.    -53. 0.66944E+17     42.    -49.     -9.           0.7504
   12    5    0    262.     39.    -53. 0.70619E+17     41.    -48.    -11.           0.7461
   12    5    1    260.     37.    -53. 0.73848E+17     40.    -48.    -12.           0.7324
   12    5    2    257.     35.    -53. 0.76582E+17     40.    -47.    -13.           0.7099
   12    5    3    255.     34.    -54. 0.78786E+17     40.    -46.    -14.           0.6790
   12    5    4    252.     32.    -55. 0.80426E+17     40.    -45.    -15.           0.6409
   12    5    5    250.     31.    -56. 0.81482E+17     41.    -44.    -15.           0.5965
   12    5    6    247.     30.    -58. 0.81941E+17     41.    -42.    -16.           0.5475
   12    6   -6    277.     53.    -55. 0.41518E+17     67.    -12.     21.           0.6340
   12    6   -5     46.     51.   -126. 0.44992E+17     61.    -20.     19.           0.6683
   12    6   -4    273.     49.    -53. 0.48412E+17     57.    -26.     17.           0.6956
   12    6   -3    271.     47.    -52. 0.51688E+17     54.    -31.     15.           0.7150
   12    6   -2    269.     45.    -52. 0.54747E+17     52.    -35.     13.           0.7257
   12    6   -1    267.     43.    -52. 0.57530E+17     52.    -38.     11.           0.7273
   12    6    0    265.     41.    -52. 0.59984E+17     51.    -40.      9.           0.7197
   12    6    1    262.     39.    -52. 0.62069E+17     52.    -42.      6.           0.7030
   12    6    2    260.     38.    -52. 0.63752E+17     52.    -43.      5.           0.6777
   12    6    3    258.     36.    -53. 0.65007E+17     53.    -44.      3.           0.6446
   12    6    4    255.     35.    -53. 0.65814E+17     54.    -44.      1.           0.6047
   12    6    5    253.     33.    -54. 0.66161E+17     55.    -44.     -0.           0.5593
   12    6    6    250.     32.    -55. 0.66043E+17     55.    -43.     -2.           0.5097
   13    3   -6    279.     63.    -63. 0.47243E+17     84.     -4.    -11.           0.7144
   13    3   -5    280.     61.    -59. 0.53225E+17     60.    -24.    -16.           0.7437
   13    3   -4    279.     58.    -56. 0.60152E+17     44.    -37.    -19.           0.7664
   13    3   -3    277.     54.    -53. 0.67581E+17     34.    -45.    -21.           0.7815
   13    3   -2    274.     50.    -51. 0.75181E+17     27.    -50.    -23.           0.7888
   13    3   -1    270.     46.    -49. 0.82696E+17     23.    -53.    -24.           0.7877
   13    3    0    265.     41.    -48. 0.89939E+17     22.    -53.    -25.           0.7784
   13    3    1    260.     37.    -48. 0.96750E+17     22.    -52.    -26.           0.7610
   13    3    2    255.     34.    -48. 0.10301E+18     22.    -51.    -27.           0.7360
   13    3    3    251.     31.    -49. 0.10861E+18     24.    -49.    -28.           0.7043
   13    3    4    247.     29.    -51. 0.11346E+18     25.    -47.    -28.           0.6666
   13    3    5    243.     27.    -52. 0.11749E+18     26.    -45.    -29.           0.6243
   13    3    6    240.     26.    -54. 0.12064E+18     28.    -43.    -29.           0.5785
   13    4   -6    282.     64.    -57. 0.45159E+17     94.      3.      3.           0.7286
   13    4   -5    282.     61.    -55. 0.50181E+17     76.    -20.     -4.           0.7580
   13    4   -4    280.     58.    -53. 0.56123E+17     57.    -34.     -9.           0.7808
   13    4   -3    278.     54.    -51. 0.62591E+17     45.    -42.    -13.           0.7961
   13    4   -2    275.     50.    -50. 0.69286E+17     37.    -47.    -16.           0.8034
   13    4   -1    271.     46.    -49. 0.75977E+17     32.    -50.    -18.           0.8025
   13    4    0    267.     43.    -48. 0.82479E+17     30.    -51.    -20.           0.7933
   13    4    1    263.     39.    -48. 0.88655E+17     28.    -50.    -21.           0.7761
   13    4    2    259.     36.    -49. 0.94379E+17     28.    -50.    -22.           0.7514
   13    4    3    255.     33.    -50. 0.99563E+17     28.    -48.    -23.           0.7200
   13    4    4    252.     31.    -51. 0.10412E+18     29.    -47.    -24.           0.6828
   13    4    5    248.     29.    -53. 0.10798E+18     30.    -45.    -25.           0.6409
   13    4    6    244.     28.    -55. 0.11111E+18     31.    -43.    -26.           0.5957
   13    5   -6    279.     61.    -58. 0.45365E+17     69.     18.     14.           0.7387
   13    5   -5    279.     59.    -56. 0.48910E+17     90.     -1.      9.           0.7660
   13    5   -4    278.     56.    -55. 0.53072E+17     79.    -18.      4.           0.7860
   13    5   -3    276.     54.    -53. 0.57617E+17     68.    -30.     -1.           0.7981
   13    5   -2    274.     51.    -52. 0.62344E+17     57.    -38.     -5.           0.8018
   13    5   -1    272.     48.    -51. 0.67086E+17     49.    -43.     -8.           0.7971
   13    5    0    269.     45.    -51. 0.71707E+17     44.    -46.    -10.           0.7840
   13    5    1    265.     42.    -50. 0.76093E+17     40.    -47.    -12.           0.7630
   13    5    2    262.     39.    -51. 0.80151E+17     38.    -48.    -14.           0.7346
   13    5    3    259.     37.    -51. 0.83804E+17     37.    -48.    -16.           0.6997
   13    5    4    255.     34.    -52. 0.86989E+17     36.    -47.    -17.           0.6595
   13    5    5    251.     32.    -53. 0.89652E+17     36.    -46.    -18.           0.6152
   13    5    6    247.     30.    -55. 0.91756E+17     37.    -44.    -19.           0.5681
   13    6   -6    281.     62.    -53. 0.45751E+17     46.     28.     27.           0.7374
   13    6   -5    280.     60.    -52. 0.47883E+17     62.     14.     24.           0.7608
   13    6   -4    279.     57.    -52. 0.50346E+17     77.      1.     22.           0.7766
   13    6   -3    277.     55.    -51. 0.53029E+17     71.    -10.     19.           0.7842
   13    6   -2     42.     52.   -129. 0.55824E+17     64.    -20.     16.           0.7834
   13    6   -1    273.     50.    -50. 0.58634E+17     60.    -28.     13.           0.7741
   13    6    0    270.     47.    -50. 0.61373E+17     56.    -34.     10.           0.7567
   13    6    1    268.     45.    -49. 0.63963E+17     54.    -40.      6.           0.7316
   13    6    2    265.     42.    -49. 0.66341E+17     53.    -44.      3.           0.6997
   13    6    3    261.     39.    -50. 0.68455E+17     52.    -47.     -0.           0.6618
   13    6    4    258.     37.    -50. 0.70256E+17     50.    -47.     -3.           0.6193
   13    6    5    254.     35.    -52. 0.71709E+17     49.    -46.     -5.           0.5733
   13    6    6    250.     32.    -53. 0.72785E+17     48.    -45.     -7.           0.5254
   14    3   -6    346.     85.    -96. 0.99209E+17     38.    -49.    -13.           0.5965
   14    3   -5    350.     83.    -98. 0.98295E+17     32.    -52.    -16.           0.6456
   14    3   -4    355.     81.   -102. 0.97393E+17     27.    -54.    -20.           0.6916
   14    3   -3    232.     20.    -41. 0.96597E+17     24.    -54.    -23.           0.7333
   14    3   -2    238.     25.    -43. 0.96009E+17     23.    -51.    -25.           0.7694
   14    3   -1    241.     29.    -47. 0.95720E+17     24.    -47.    -28.           0.7989
   14    3    0    243.     32.    -53. 0.95815E+17     27.    -42.    -31.           0.8210
   14    3    1    242.     34.    -59. 0.96350E+17     30.    -37.    -33.           0.8351
   14    3    2    240.     35.    -67. 0.97362E+17     32.    -32.    -36.           0.8408
   14    3    3    236.     35.    -75. 0.98863E+17     33.    -29.    -37.           0.8380
   14    3    4    231.     36.    -84. 0.10081E+18     33.    -28.    -38.           0.8269
   14    3    5     49.     53.    -88. 0.10316E+18     31.    -30.    -39.           0.8079
   14    3    6    221.     39.   -100. 0.10583E+18     28.    -33.    -39.           0.7817
   14    4   -6    161.     89.     95. 0.70221E+17     39.    -56.      5.           0.5514
   14    4   -5    345.     89.    -99. 0.67725E+17     32.    -66.      1.           0.6018
   14    4   -4    353.     86.   -106. 0.65357E+17     26.    -71.     -3.           0.6503
   14    4   -3    251.     26.    -24. 0.63268E+17     25.    -68.     -7.           0.6953
   14    4   -2    255.     33.    -31. 0.61614E+17     29.    -60.    -11.           0.7356
   14    4   -1    256.     36.    -38. 0.60552E+17     36.    -49.    -15.           0.7700
   14    4    0    255.     38.    -45. 0.60210E+17     44.    -37.    -19.           0.7973
   14    4    1    251.     37.    -53. 0.60677E+17     51.    -27.    -22.           0.8170
   14    4    2    246.     37.    -63. 0.61974E+17     55.    -20.    -25.           0.8283
   14    4    3    239.     36.    -74. 0.64062E+17     56.    -17.    -27.           0.8310
   14    4    4    232.     37.    -85. 0.66845E+17     53.    -18.    -29.           0.8252
   14    4    5     50.     53.    -87. 0.70191E+17     48.    -22.    -30.           0.8110
   14    4    6    219.     39.   -102. 0.73947E+17     42.    -28.    -30.           0.7890
   14    5   -6    157.     87.     94. 0.56614E+17     20.    -68.     12.           0.5335
   14    5   -5    347.     90.   -104. 0.54762E+17     13.    -78.      9.           0.5876
   14    5   -4    259.     33.    -18. 0.52905E+17     14.    -80.      7.           0.6396
   14    5   -3    263.     42.    -27. 0.51142E+17     24.    -72.      4.           0.6879
   14    5   -2    264.     44.    -33. 0.49582E+17     38.    -61.      1.           0.7311
   14    5   -1    262.     45.    -38. 0.48341E+17     53.    -46.     -2.           0.7677
   14    5    0    260.     44.    -44. 0.47524E+17     65.    -30.     -5.           0.7967
   14    5    1    255.     42.    -51. 0.47225E+17     76.    -16.     -8.           0.8172
   14    5    2    249.     40.    -61. 0.47498E+17     83.     -6.    -11.           0.8285
   14    5    3    241.     39.    -72. 0.48359E+17     85.     -2.    -13.           0.8303
   14    5    4    233.     39.    -84. 0.49778E+17     81.     -3.    -16.           0.8227
   14    5    5     50.     51.    -87. 0.51685E+17     74.     -9.    -17.           0.8059
   14    5    6    219.     40.   -102. 0.53986E+17     64.    -18.    -18.           0.7806
   14    6   -6    152.     84.     90. 0.47141E+17      6.    -68.     26.           0.5215
   14    6   -5    270.     48.    -19. 0.45919E+17      5.    -69.     26.           0.5775
   14    6   -4    272.     52.    -25. 0.44666E+17     16.    -58.     25.           0.6314
   14    6   -3    271.     53.    -28. 0.43446E+17     29.    -48.     23.           0.6814
   14    6   -2    269.     52.    -31. 0.42327E+17     44.    -36.     21.           0.7260
   14    6   -1    267.     50.    -35. 0.41381E+17     60.    -22.     19.           0.7638
   14    6    0    264.     48.    -40. 0.40678E+17     77.     -7.     17.           0.7937
   14    6    1    259.     46.    -47. 0.40280E+17     77.      8.     15.           0.8146
   14    6    2    253.     43.    -57. 0.40232E+17     69.     18.     13.           0.8260
   14    6    3    243.     40.    -70. 0.40556E+17     66.     23.     11.           0.8275
   14    6    4     45.     51.    -95. 0.41249E+17     70.     20.      9.           0.8190
   14    6    5     51.     50.    -86. 0.42283E+17     80.     12.      7.           0.8010
   14    6    6    217.     41.   -103. 0.43609E+17     94.     -0.      5.           0.7739
   15    3   -6    260.     77.    -87. 0.60753E+17     56.     36.      8.           0.5879
   15    3   -5    267.     74.    -79. 0.58387E+17     74.     25.      1.           0.6082
   15    3   -4    272.     70.    -73. 0.58508E+17     89.      3.     -7.           0.6258
   15    3   -3    275.     67.    -68. 0.61207E+17     69.    -18.    -13.           0.6403
   15    3   -2    275.     63.    -64. 0.66182E+17     49.    -33.    -18.           0.6513
   15    3   -1    273.     58.    -60. 0.72886E+17     36.    -43.    -21.           0.6583
   15    3    0    269.     52.    -56. 0.80752E+17     28.    -48.    -23.           0.6610
   15    3    1    263.     45.    -54. 0.89269E+17     25.    -50.    -25.           0.6592
   15    3    2    258.     40.    -54. 0.98039E+17     25.    -48.    -26.           0.6530
   15    3    3    252.     35.    -55. 0.10674E+18     27.    -46.    -27.           0.6424
   15    3    4    248.     32.    -57. 0.11514E+18     29.    -43.    -28.           0.6276
   15    3    5    244.     29.    -59. 0.12301E+18     31.    -41.    -29.           0.6090
   15    3    6    241.     27.    -62. 0.13020E+18     32.    -39.    -29.           0.5870
   15    4   -6    275.     72.    -72. 0.51101E+17     67.     26.      7.           0.5834
   15    4   -5    277.     69.    -68. 0.52602E+17     91.      7.      1.           0.6084
   15    4   -4    277.     66.    -65. 0.55296E+17     84.    -12.     -4.           0.6299
   15    4   -3    276.     62.    -62. 0.58998E+17     66.    -26.     -9.           0.6471
   15    4   -2    274.     58.    -60. 0.63473E+17     53.    -35.    -12.           0.6596
   15    4   -1    272.     54.    -58. 0.68481E+17     45.    -40.    -15.           0.6668
   15    4    0     43.     50.   -123. 0.73791E+17     40.    -43.    -17.           0.6685
   15    4    1    264.     46.    -57. 0.79212E+17     37.    -44.    -19.           0.6645
   15    4    2    260.     42.    -57. 0.84572E+17     36.    -44.    -20.           0.6550
   15    4    3    257.     39.    -58. 0.89731E+17     35.    -43.    -21.           0.6401
   15    4    4    253.     36.    -59. 0.94565E+17     36.    -42.    -22.           0.6204
   15    4    5    249.     34.    -61. 0.98968E+17     36.    -40.    -23.           0.5962
   15    4    6    246.     32.    -64. 0.10286E+18     37.    -39.    -24.           0.5685
   15    5   -6    279.     68.    -65. 0.47344E+17     66.     22.     12.           0.5759
   15    5   -5    278.     65.    -63. 0.49626E+17     84.      7.      9.           0.6029
   15    5   -4    277.     62.    -62. 0.52410E+17     88.     -7.      6.           0.6258
   15    5   -3    275.     59.    -60. 0.55569E+17     79.    -19.      2.           0.6438
   15    5   -2    273.     55.    -59. 0.58973E+17     71.    -28.     -1.           0.6564
   15    5   -1    271.     52.    -59. 0.62504E+17     63.    -33.     -4.           0.6630
   15    5    0     45.     50.   -121. 0.66049E+17     58.    -36.     -6.           0.6634
   15    5    1    265.     46.    -59. 0.69513E+17     54.    -38.     -8.           0.6576
   15    5    2    262.     43.    -59. 0.72806E+17     51.    -39.    -10.           0.6457
   15    5    3    258.     41.    -60. 0.75858E+17     49.    -39.    -11.           0.6279
   15    5    4    255.     39.    -61. 0.78603E+17     48.    -39.    -13.           0.6050
   15    5    5    251.     36.    -63. 0.80985E+17     48.    -39.    -14.           0.5774
   15    5    6    248.     34.    -65. 0.82960E+17     47.    -38.    -15.           0.5462
   15    6   -6    282.     66.    -59. 0.44986E+17     52.     27.     21.           0.5675
   15    6   -5    280.     63.    -58. 0.47216E+17     64.     16.     20.           0.5942
   15    6   -4    278.     60.    -58. 0.49558E+17     74.      7.     19.           0.6162
   15    6   -3    276.     58.    -58. 0.51938E+17     80.     -2.     18.           0.6329
   15    6   -2    274.     55.    -58. 0.54292E+17     74.    -10.     16.           0.6438
   15    6   -1    272.     53.    -57. 0.56558E+17     70.    -15.     15.           0.6483
   15    6    0    269.     50.    -58. 0.58683E+17     66.    -20.     14.           0.6463
   15    6    1    266.     48.    -58. 0.60620E+17     64.    -24.     12.           0.6379
   15    6    2    263.     46.    -59. 0.62328E+17     63.    -27.     10.           0.6232
   15    6    3    260.     43.    -59. 0.63774E+17     62.    -30.      9.           0.6026
   15    6    4    257.     41.    -61. 0.64929E+17     62.    -32.      6.           0.5768
   15    6    5    253.     39.    -62. 0.65771E+17     62.    -33.      4.           0.5466
   15    6    6    250.     37.    -64. 0.66283E+17     63.    -34.      3.           0.5129
   16    3   -6      2.     73.   -104. 0.75021E+17     16.    -60.    -24.           0.3916
   16    3   -5    229.     25.    -49. 0.78557E+17     15.    -60.    -25.           0.4481
   16    3   -4    234.     28.    -49. 0.81569E+17     15.    -60.    -25.           0.5025
   16    3   -3    238.     30.    -49. 0.84032E+17     15.    -59.    -26.           0.5530
   16    3   -2    241.     33.    -50. 0.85933E+17     16.    -58.    -26.           0.5979
   16    3   -1    244.     35.    -51. 0.87251E+17     17.    -57.    -26.           0.6358
   16    3    0    246.     37.    -52. 0.87990E+17     18.    -55.    -27.           0.6654
   16    3    1    247.     38.    -54. 0.88143E+17     19.    -53.    -27.           0.6856
   16    3    2    248.     39.    -55. 0.87723E+17     21.    -51.    -28.           0.6959
   16    3    3    249.     40.    -57. 0.86742E+17     22.    -49.    -28.           0.6959
   16    3    4    249.     41.    -59. 0.85223E+17     24.    -47.    -29.           0.6856
   16    3    5    249.     42.    -61. 0.83195E+17     26.    -45.    -29.           0.6654
   16    3    6    249.     42.    -63. 0.80694E+17     28.    -42.    -30.           0.6360
   16    4   -6    243.     29.    -47. 0.56775E+17     21.    -61.    -17.           0.3722
   16    4   -5    245.     32.    -47. 0.59638E+17     23.    -60.    -18.           0.4296
   16    4   -4    247.     34.    -48. 0.62100E+17     24.    -58.    -18.           0.4854
   16    4   -3    249.     35.    -49. 0.64137E+17     26.    -56.    -18.           0.5379
   16    4   -2    250.     36.    -51. 0.65732E+17     28.    -54.    -18.           0.5853
   16    4   -1    251.     37.    -52. 0.66873E+17     30.    -52.    -18.           0.6260
   16    4    0    251.     38.    -53. 0.67552E+17     32.    -50.    -18.           0.6588
   16    4    1    251.     39.    -55. 0.67768E+17     34.    -47.    -18.           0.6824
   16    4    2    251.     39.    -56. 0.67525E+17     36.    -45.    -19.           0.6962
   16    4    3    251.     40.    -58. 0.66835E+17     38.    -43.    -19.           0.6996
   16    4    4    250.     40.    -60. 0.65710E+17     41.    -40.    -19.           0.6926
   16    4    5    250.     41.    -62. 0.64171E+17     43.    -38.    -19.           0.6755
   16    4    6    249.     41.    -64. 0.62247E+17     45.    -35.    -20.           0.6487
   16    5   -6    251.     34.    -47. 0.46967E+17     31.    -60.     -9.           0.3598
   16    5   -5    252.     35.    -48. 0.49453E+17     34.    -58.     -9.           0.4176
   16    5   -4    253.     36.    -49. 0.51609E+17     37.    -55.     -8.           0.4742
   16    5   -3    253.     37.    -50. 0.53412E+17     40.    -52.     -8.           0.5277
   16    5   -2    253.     38.    -52. 0.54846E+17     43.    -50.     -8.           0.5764
   16    5   -1    253.     39.    -53. 0.55896E+17     46.    -47.     -7.           0.6188
   16    5    0    253.     39.    -54. 0.56553E+17     49.    -44.     -7.           0.6533
   16    5    1    253.     40.    -55. 0.56816E+17     51.    -42.     -7.           0.6789
   16    5    2    253.     40.    -57. 0.56683E+17     54.    -39.     -7.           0.6947
   16    5    3    252.     40.    -58. 0.56160E+17     57.    -36.     -6.           0.7001
   16    5    4    251.     41.    -60. 0.55257E+17     60.    -33.     -6.           0.6951
   16    5    5    251.     41.    -62. 0.53988E+17     63.    -31.     -6.           0.6797
   16    5    6    250.     41.    -64. 0.52374E+17     66.    -28.     -6.           0.6544
   16    6   -6    255.     37.    -47. 0.39312E+17     42.    -53.      6.           0.3497
   16    6   -5    256.     38.    -48. 0.41668E+17     45.    -48.      7.           0.4072
   16    6   -4    256.     38.    -49. 0.43758E+17     48.    -43.      8.           0.4637
   16    6   -3    256.     39.    -50. 0.45557E+17     51.    -39.      9.           0.5175
   16    6   -2    256.     40.    -51. 0.47046E+17     54.    -35.     11.           0.5667
   16    6   -1    256.     40.    -52. 0.48209E+17     57.    -32.     11.           0.6097
   16    6    0    255.     40.    -54. 0.49034E+17     59.    -29.     12.           0.6451
   16    6    1    255.     41.    -55. 0.49515E+17     62.    -26.     12.           0.6718
   16    6    2    254.     41.    -56. 0.49647E+17     65.    -22.     13.           0.6888
   16    6    3    253.     41.    -57. 0.49431E+17     67.    -19.     13.           0.6955
   16    6    4    253.     42.    -59. 0.48871E+17     70.    -16.     14.           0.6917
   16    6    5    252.     42.    -61. 0.47976E+17     73.    -13.     14.           0.6776
   16    6    6    251.     42.    -63. 0.46758E+17     75.    -10.     15.           0.6536
   17    3   -6    263.     44.    -51. 0.65335E+17     17.    -59.    -24.           0.5466
   17    3   -5    261.     42.    -51. 0.70438E+17     18.    -58.    -24.           0.5974
   17    3   -4    259.     41.    -52. 0.75072E+17     19.    -56.    -25.           0.6416
   17    3   -3    257.     40.    -52. 0.79183E+17     19.    -55.    -25.           0.6776
   17    3   -2    256.     39.    -52. 0.82728E+17     20.    -54.    -26.           0.7040
   17    3   -1    255.     38.    -53. 0.85663E+17     20.    -53.    -26.           0.7201
   17    3    0    254.     38.    -54. 0.87971E+17     21.    -52.    -27.           0.7251
   17    3    1    253.     38.    -54. 0.89615E+17     21.    -51.    -27.           0.7189
   17    3    2    252.     37.    -55. 0.90590E+17     22.    -50.    -28.           0.7015
   17    3    3    251.     37.    -56. 0.90867E+17     22.    -50.    -28.           0.6736
   17    3    4    250.     37.    -57. 0.90458E+17     22.    -49.    -29.           0.6360
   17    3    5    249.     36.    -57. 0.89355E+17     23.    -48.    -29.           0.5900
   17    3    6    247.     36.    -58. 0.87576E+17     23.    -47.    -30.           0.5371
   17    4   -6    266.     46.    -53. 0.54711E+17     28.    -57.    -16.           0.5418
   17    4   -5    264.     44.    -53. 0.58908E+17     28.    -56.    -17.           0.5918
   17    4   -4    262.     43.    -53. 0.62709E+17     28.    -54.    -17.           0.6352
   17    4   -3    261.     42.    -53. 0.66071E+17     29.    -53.    -18.           0.6705
   17    4   -2    260.     41.    -54. 0.68959E+17     29.    -52.    -19.           0.6964
   17    4   -1    258.     40.    -54. 0.71341E+17     30.    -51.    -19.           0.7121
   17    4    0    257.     39.    -55. 0.73193E+17     30.    -50.    -20.           0.7170
   17    4    1    256.     39.    -56. 0.74496E+17     31.    -49.    -20.           0.7108
   17    4    2    255.     38.    -56. 0.75237E+17     31.    -48.    -21.           0.6937
   17    4    3    254.     38.    -57. 0.75405E+17     31.    -47.    -21.           0.6663
   17    4    4    253.     37.    -58. 0.75003E+17     32.    -46.    -22.           0.6294
   17    4    5    251.     37.    -59. 0.74035E+17     32.    -45.    -22.           0.5842
   17    4    6    250.     36.    -60. 0.72509E+17     32.    -45.    -23.           0.5322
   17    5   -6    267.     46.    -55. 0.47868E+17     42.    -53.     -5.           0.5367
   17    5   -5    265.     45.    -55. 0.51280E+17     42.    -52.     -6.           0.5852
   17    5   -4    264.     44.    -55. 0.54339E+17     42.    -51.     -7.           0.6270
   17    5   -3    262.     43.    -55. 0.57007E+17     42.    -50.     -7.           0.6607
   17    5   -2    261.     42.    -55. 0.59258E+17     42.    -49.     -8.           0.6852
   17    5   -1    260.     42.    -56. 0.61068E+17     43.    -49.     -9.           0.6996
   17    5    0    259.     41.    -56. 0.62417E+17     43.    -48.     -9.           0.7033
   17    5    1    258.     40.    -57. 0.63291E+17     43.    -47.    -10.           0.6963
   17    5    2    257.     40.    -58. 0.63684E+17     43.    -46.    -11.           0.6786
   17    5    3    256.     39.    -58. 0.63587E+17     43.    -45.    -11.           0.6509
   17    5    4    254.     38.    -59. 0.63007E+17     44.    -45.    -12.           0.6140
   17    5    5    253.     38.    -60. 0.61949E+17     44.    -44.    -12.           0.5691
   17    5    6    252.     37.    -61. 0.60423E+17     44.    -43.    -13.           0.5177
   17    6   -6    268.     47.    -54. 0.42367E+17     49.    -36.     16.           0.5284
   17    6   -5    266.     46.    -54. 0.45096E+17     49.    -36.     15.           0.5746
   17    6   -4    265.     45.    -54. 0.47504E+17     50.    -36.     14.           0.6140
   17    6   -3    264.     44.    -55. 0.49564E+17     51.    -37.     13.           0.6454
   17    6   -2    263.     44.    -55. 0.51253E+17     51.    -37.     12.           0.6676
   17    6   -1    262.     43.    -55. 0.52552E+17     52.    -37.     11.           0.6799
   17    6    0    261.     42.    -56. 0.53450E+17     53.    -37.     10.           0.6819
   17    6    1    260.     42.    -56. 0.53936E+17     54.    -37.      9.           0.6733
   17    6    2    259.     41.    -57. 0.54004E+17     54.    -37.      9.           0.6544
   17    6    3    258.     41.    -58. 0.53655E+17     55.    -37.      8.           0.6259
   17    6    4    256.     40.    -58. 0.52891E+17     56.    -37.      7.           0.5887
   17    6    5    255.     40.    -59. 0.51721E+17     57.    -37.      6.           0.5439
   17    6    6    254.     39.    -60. 0.50158E+17     58.    -37.      5.           0.4930
   18    3   -6    355.     80.   -102. 0.71204E+17     19.    -62.    -18.           0.5054
   18    3   -5      2.     76.   -106. 0.75452E+17     18.    -61.    -21.           0.5625
   18    3   -4    238.     26.    -43. 0.79771E+17     18.    -58.    -24.           0.6159
   18    3   -3    241.     29.    -47. 0.84069E+17     18.    -55.    -26.           0.6639
   18    3   -2    242.     31.    -50. 0.88269E+17     20.    -52.    -28.           0.7049
   18    3   -1    242.     33.    -54. 0.92304E+17     21.    -49.    -30.           0.7376
   18    3    0    242.     33.    -58. 0.96114E+17     22.    -46.    -32.           0.7611
   18    3    1    241.     34.    -62. 0.99649E+17     23.    -43.    -33.           0.7746
   18    3    2    239.     35.    -66. 0.10286E+18     24.    -41.    -34.           0.7777
   18    3    3    237.     35.    -70. 0.10571E+18     24.    -40.    -36.           0.7705
   18    3    4    235.     35.    -74. 0.10816E+18     24.    -39.    -36.           0.7532
   18    3    5    232.     36.    -79. 0.11019E+18     24.    -39.    -37.           0.7265
   18    3    6    230.     36.    -83. 0.11176E+18     23.    -39.    -38.           0.6912
   18    4   -6    355.     85.   -106. 0.50294E+17     21.    -78.      1.           0.4752
   18    4   -5    251.     25.    -26. 0.52145E+17     21.    -76.     -3.           0.5324
   18    4   -4    253.     31.    -32. 0.54254E+17     24.    -69.     -8.           0.5867
   18    4   -3    254.     34.    -37. 0.56569E+17     27.    -62.    -11.           0.6362
   18    4   -2    253.     35.    -42. 0.59036E+17     31.    -55.    -14.           0.6796
   18    4   -1    252.     35.    -47. 0.61602E+17     34.    -49.    -17.           0.7154
   18    4    0    249.     36.    -52. 0.64216E+17     36.    -45.    -20.           0.7425
   18    4    1    247.     35.    -57. 0.66828E+17     37.    -41.    -22.           0.7602
   18    4    2    244.     35.    -62. 0.69398E+17     38.    -39.    -24.           0.7678
   18    4    3    241.     35.    -67. 0.71879E+17     38.    -37.    -25.           0.7653
   18    4    4    238.     35.    -72. 0.74234E+17     37.    -36.    -27.           0.7527
   18    4    5    234.     35.    -76. 0.76425E+17     36.    -36.    -28.           0.7306
   18    4    6    231.     36.    -81. 0.78424E+17     34.    -37.    -29.           0.6998
   18    5   -6    263.     37.    -23. 0.41871E+17     13.    -74.     13.           0.4656
   18    5   -5    263.     40.    -29. 0.43371E+17     21.    -69.      9.           0.5243
   18    5   -4    262.     41.    -34. 0.44930E+17     30.    -65.      6.           0.5802
   18    5   -3    261.     41.    -38. 0.46516E+17     38.    -60.      3.           0.6313
   18    5   -2    259.     40.    -42. 0.48105E+17     45.    -55.     -0.           0.6760
   18    5   -1    256.     40.    -46. 0.49673E+17     49.    -48.     -3.           0.7130
   18    5    0    253.     39.    -51. 0.51196E+17     52.    -43.     -5.           0.7411
   18    5    1    250.     38.    -55. 0.52655E+17     53.    -39.     -8.           0.7593
   18    5    2    247.     38.    -60. 0.54034E+17     54.    -36.    -10.           0.7672
   18    5    3    243.     37.    -65. 0.55316E+17     54.    -34.    -12.           0.7645
   18    5    4    240.     37.    -69. 0.56485E+17     53.    -33.    -13.           0.7514
   18    5    5    236.     37.    -74. 0.57528E+17     52.    -33.    -15.           0.7283
   18    5    6    232.     37.    -79. 0.58435E+17     49.    -34.    -16.           0.6961
   18    6   -6    272.     50.    -27. 0.36435E+17     18.    -50.     32.           0.4573
   18    6   -5    270.     48.    -30. 0.37780E+17     26.    -45.     29.           0.5166
   18    6   -4    268.     47.    -33. 0.39095E+17     34.    -40.     27.           0.5731
   18    6   -3    265.     45.    -36. 0.40358E+17     41.    -35.     24.           0.6248
   18    6   -2    263.     44.    -40. 0.41551E+17     47.    -30.     22.           0.6702
   18    6   -1    260.     43.    -44. 0.42656E+17     53.    -27.     20.           0.7078
   18    6    0    256.     41.    -48. 0.43663E+17     58.    -23.     19.           0.7364
   18    6    1    253.     40.    -53. 0.44559E+17     62.    -21.     17.           0.7552
   18    6    2    249.     39.    -58. 0.45339E+17     65.    -20.     15.           0.7634
   18    6    3    245.     38.    -63. 0.45994E+17     67.    -20.     13.           0.7609
   18    6    4    241.     38.    -68. 0.46523E+17     69.    -20.     11.           0.7478
   18    6    5    237.     37.    -73. 0.46922E+17     69.    -22.      9.           0.7246
   18    6    6    233.     37.    -77. 0.47190E+17     68.    -25.      7.           0.6921
   19    3   -6    278.     56.    -45. 0.49787E+17      9.    -77.    -14.           0.5378
   19    3   -5    269.     46.    -42. 0.53394E+17     14.    -68.    -18.           0.5736
   19    3   -4    264.     42.    -44. 0.57330E+17     19.    -60.    -21.           0.6036
   19    3   -3    261.     39.    -47. 0.61451E+17     23.    -53.    -24.           0.6268
   19    3   -2    259.     37.    -50. 0.65632E+17     26.    -48.    -26.           0.6425
   19    3   -1    257.     35.    -53. 0.69765E+17     28.    -44.    -28.           0.6502
   19    3    0    254.     33.    -57. 0.73753E+17     30.    -41.    -30.           0.6496
   19    3    1    252.     32.    -61. 0.77517E+17     30.    -38.    -31.           0.6407
   19    3    2    250.     31.    -65. 0.80983E+17     31.    -37.    -32.           0.6239
   19    3    3    248.     30.    -69. 0.84092E+17     31.    -36.    -33.           0.5998
   19    3    4    246.     29.    -73. 0.86788E+17     30.    -36.    -34.           0.5691
   19    3    5    244.     28.    -76. 0.89028E+17     29.    -36.    -35.           0.5330
   19    3    6    242.     28.    -80. 0.90774E+17     28.    -36.    -35.           0.4926
   19    4   -6    284.     67.    -50. 0.35836E+17     44.    -50.      6.           0.5130
   19    4   -5    280.     60.    -48. 0.37074E+17     48.    -52.     -0.           0.5457
   19    4   -4    275.     54.    -48. 0.38798E+17     48.    -46.     -6.           0.5732
   19    4   -3    272.     50.    -50. 0.40924E+17     50.    -40.    -11.           0.5944
   19    4   -2    268.     46.    -52. 0.43360E+17     50.    -35.    -14.           0.6089
   19    4   -1    265.     42.    -55. 0.46007E+17     51.    -32.    -18.           0.6160
   19    4    0    262.     39.    -59. 0.48775E+17     50.    -30.    -20.           0.6157
   19    4    1    258.     37.    -63. 0.51579E+17     49.    -29.    -22.           0.6080
   19    4    2    255.     35.    -67. 0.54344E+17     47.    -28.    -24.           0.5931
   19    4    3    252.     33.    -72. 0.57004E+17     45.    -29.    -26.           0.5717
   19    4    4    249.     32.    -76. 0.59498E+17     43.    -30.    -27.           0.5445
   19    4    5    247.     31.    -80. 0.61781E+17     40.    -32.    -28.           0.5124
   19    4    6    245.     30.    -83. 0.63802E+17     37.    -34.    -29.           0.4766
   19    5   -6    282.     67.    -50. 0.32473E+17     70.    -13.     18.           0.5091
   19    5   -5    279.     62.    -50. 0.32991E+17     73.    -13.     14.           0.5407
   19    5   -4    276.     58.    -51. 0.33712E+17     77.    -13.     10.           0.5667
   19    5   -3    273.     54.    -53. 0.34623E+17     82.    -12.      6.           0.5861
   19    5   -2    270.     50.    -55. 0.35699E+17     86.    -12.      2.           0.5985
   19    5   -1    267.     47.    -58. 0.36909E+17     85.    -12.     -3.           0.6033
   19    5    0    264.     44.    -62. 0.38218E+17     81.    -13.     -6.           0.6005
   19    5    1    260.     41.    -65. 0.39589E+17     77.    -14.     -9.           0.5903
   19    5    2    257.     39.    -69. 0.40985E+17     72.    -16.    -12.           0.5730
   19    5    3    254.     37.    -74. 0.42368E+17     67.    -19.    -14.           0.5492
   19    5    4    251.     35.    -78. 0.43704E+17     62.    -22.    -16.           0.5197
   19    5    5    248.     33.    -81. 0.44959E+17     57.    -26.    -18.           0.4857
   19    5    6    245.     32.    -85. 0.46103E+17     51.    -29.    -19.           0.4483
   19    6   -6    284.     70.    -45. 0.31390E+17     63.     10.     28.           0.5040
   19    6   -5    281.     65.    -46. 0.31655E+17     63.     11.     26.           0.5342
   19    6   -4    278.     61.    -47. 0.31940E+17     64.     12.     24.           0.5586
   19    6   -3    276.     57.    -50. 0.32245E+17     65.     12.     22.           0.5762
   19    6   -2    273.     53.    -53. 0.32573E+17     67.     13.     20.           0.5867
   19    6   -1    269.     50.    -56. 0.32923E+17     70.     12.     18.           0.5895
   19    6    0    266.     46.    -60. 0.33292E+17     74.     11.     15.           0.5848
   19    6    1    262.     43.    -64. 0.33676E+17     79.      8.     13.           0.5726
   19    6    2    259.     41.    -69. 0.34070E+17     86.      4.     10.           0.5534
   19    6    3    255.     39.    -73. 0.34466E+17     91.     -2.      8.           0.5280
   19    6    4    252.     37.    -77. 0.34857E+17     87.     -8.      5.           0.4971
   19    6    5    249.     35.    -81. 0.35232E+17     83.    -16.      1.           0.4619
   19    6    6    246.     34.    -85. 0.35582E+17     75.    -23.     -2.           0.4236
   20    3   -6    284.     66.    -61. 0.48322E+17     55.    -31.    -14.           0.5857
   20    3   -5    283.     63.    -59. 0.55051E+17     40.    -43.    -18.           0.6235
   20    3   -4    280.     59.    -56. 0.62299E+17     30.    -50.    -20.           0.6566
   20    3   -3    276.     55.    -54. 0.69750E+17     24.    -54.    -22.           0.6841
   20    3   -2    271.     50.    -52. 0.77169E+17     21.    -56.    -24.           0.7049
   20    3   -1    265.     45.    -51. 0.84371E+17     19.    -55.    -25.           0.7184
   20    3    0    260.     41.    -51. 0.91217E+17     20.    -54.    -26.           0.7240
   20    3    1    256.     38.    -51. 0.97590E+17     21.    -52.    -27.           0.7216
   20    3    2    252.     36.    -52. 0.10337E+18     22.    -50.    -28.           0.7110
   20    3    3    248.     34.    -54. 0.10848E+18     23.    -48.    -29.           0.6925
   20    3    4    245.     32.    -55. 0.11286E+18     24.    -46.    -30.           0.6668
   20    3    5    242.     31.    -57. 0.11643E+18     25.    -45.    -30.           0.6344
   20    3    6    240.     30.    -59. 0.11915E+18     26.    -43.    -31.           0.5965
   20    4   -6    284.     65.    -57. 0.45249E+17     63.    -32.     -5.           0.5911
   20    4   -5    282.     61.    -55. 0.50929E+17     48.    -43.     -9.           0.6294
   20    4   -4    279.     57.    -54. 0.56963E+17     39.    -49.    -13.           0.6631
   20    4   -3    275.     53.    -52. 0.63115E+17     33.    -52.    -15.           0.6909
   20    4   -2    271.     49.    -51. 0.69202E+17     30.    -53.    -17.           0.7121
   20    4   -1    267.     46.    -51. 0.75081E+17     28.    -53.    -18.           0.7258
   20    4    0    263.     42.    -51. 0.80641E+17     28.    -52.    -20.           0.7315
   20    4    1    259.     40.    -52. 0.85783E+17     28.    -51.    -21.           0.7291
   20    4    2    255.     37.    -53. 0.90428E+17     29.    -49.    -22.           0.7185
   20    4    3    252.     36.    -54. 0.94507E+17     29.    -48.    -23.           0.7000
   20    4    4    249.     34.    -56. 0.97967E+17     30.    -46.    -24.           0.6742
   20    4    5    246.     32.    -57. 0.10076E+18     31.    -44.    -25.           0.6418
   20    4    6    243.     31.    -59. 0.10285E+18     32.    -43.    -25.           0.6039
   20    5   -6    282.     62.    -56. 0.42749E+17     74.    -19.      7.           0.5915
   20    5   -5    280.     58.    -55. 0.47250E+17     65.    -33.      2.           0.6291
   20    5   -4    277.     55.    -54. 0.51922E+17     57.    -41.     -1.           0.6617
   20    5   -3    274.     52.    -53. 0.56607E+17     50.    -46.     -4.           0.6882
   20    5   -2    271.     49.    -53. 0.61180E+17     45.    -48.     -7.           0.7077
   20    5   -1    267.     47.    -53. 0.65538E+17     42.    -49.     -9.           0.7196
   20    5    0    264.     44.    -53. 0.69601E+17     41.    -49.    -10.           0.7235
   20    5    1    261.     42.    -53. 0.73296E+17     40.    -49.    -12.           0.7191
   20    5    2    258.     40.    -54. 0.76568E+17     39.    -48.    -13.           0.7065
   20    5    3    255.     38.    -55. 0.79369E+17     39.    -47.    -14.           0.6862
   20    5    4    252.     36.    -56. 0.81657E+17     39.    -46.    -15.           0.6587
   20    5    5    249.     35.    -58. 0.83404E+17     40.    -44.    -16.           0.6248
   20    5    6    246.     33.    -60. 0.84586E+17     40.    -43.    -17.           0.5857
   20    6   -6    283.     61.    -52. 0.40425E+17     74.     -3.     23.           0.5852
   20    6   -5    280.     58.    -52. 0.43756E+17     66.    -14.     21.           0.6206
   20    6   -4    278.     55.    -51. 0.47138E+17     60.    -21.     18.           0.6509
   20    6   -3    275.     53.    -51. 0.50471E+17     56.    -27.     16.           0.6748
   20    6   -2    272.     50.    -51. 0.53673E+17     54.    -32.     14.           0.6917
   20    6   -1    269.     48.    -51. 0.56673E+17     52.    -36.     12.           0.7010
   20    6    0    266.     46.    -52. 0.59413E+17     52.    -38.     10.           0.7022
   20    6    1    263.     44.    -52. 0.61845E+17     52.    -41.      7.           0.6954
   20    6    2    260.     42.    -53. 0.63928E+17     53.    -42.      5.           0.6806
   20    6    3    257.     40.    -54. 0.65630E+17     53.    -43.      4.           0.6584
   20    6    4    254.     39.    -55. 0.66924E+17     55.    -44.      2.           0.6293
   20    6    5    251.     37.    -56. 0.67791E+17     56.    -44.      0.           0.5943
   20    6    6    248.     36.    -58. 0.68220E+17     56.    -42.     -1.           0.5545
   21    3   -6    289.     74.    -63. 0.51046E+17     58.    -33.     -9.           0.5536
   21    3   -5    288.     70.    -61. 0.56841E+17     40.    -46.    -14.           0.5915
   21    3   -4    285.     66.    -59. 0.63547E+17     28.    -54.    -18.           0.6260
   21    3   -3    280.     61.    -56. 0.70789E+17     21.    -58.    -21.           0.6560
   21    3   -2    273.     55.    -53. 0.78270E+17     17.    -59.    -24.           0.6805
   21    3   -1    266.     49.    -51. 0.85761E+17     16.    -58.    -26.           0.6987
   21    3    0    260.     44.    -51. 0.93073E+17     17.    -56.    -27.           0.7100
   21    3    1    254.     40.    -52. 0.10006E+18     18.    -53.    -29.           0.7139
   21    3    2    250.     37.    -54. 0.10659E+18     20.    -50.    -30.           0.7103
   21    3    3    246.     35.    -56. 0.11256E+18     21.    -48.    -31.           0.6991
   21    3    4    243.     34.    -58. 0.11788E+18     23.    -46.    -32.           0.6808
   21    3    5    240.     32.    -61. 0.12246E+18     24.    -44.    -32.           0.6557
   21    3    6    236.     31.    -63. 0.12625E+18     25.    -42.    -33.           0.6247
   21    4   -6    290.     73.    -58. 0.47602E+17     60.    -40.      1.           0.5584
   21    4   -5    287.     68.    -56. 0.52209E+17     44.    -51.     -5.           0.5967
   21    4   -4    283.     63.    -54. 0.57378E+17     34.    -56.    -10.           0.6315
   21    4   -3    278.     58.    -52. 0.62864E+17     28.    -59.    -13.           0.6617
   21    4   -2    273.     53.    -51. 0.68471E+17     25.    -59.    -16.           0.6862
   21    4   -1    267.     49.    -50. 0.74038E+17     25.    -58.    -18.           0.7044
   21    4    0    262.     45.    -51. 0.79433E+17     25.    -55.    -20.           0.7156
   21    4    1    258.     42.    -52. 0.84549E+17     26.    -53.    -21.           0.7193
   21    4    2    254.     39.    -53. 0.89291E+17     27.    -50.    -23.           0.7155
   21    4    3    250.     37.    -55. 0.93585E+17     28.    -48.    -24.           0.7042
   21    4    4    247.     35.    -58. 0.97364E+17     29.    -46.    -25.           0.6857
   21    4    5    244.     34.    -60. 0.10058E+18     30.    -44.    -26.           0.6606
   21    4    6    240.     33.    -63. 0.10317E+18     31.    -42.    -27.           0.6297
   21    5   -6    287.     69.    -54. 0.44510E+17     62.    -28.     10.           0.5578
   21    5   -5    284.     65.    -54. 0.48234E+17     55.    -40.      5.           0.5961
   21    5   -4    280.     61.    -53. 0.52187E+17     50.    -49.      1.           0.6305
   21    5   -3    276.     57.    -52. 0.56230E+17     45.    -53.     -3.           0.6600
   21    5   -2    272.     53.    -52. 0.60247E+17     41.    -54.     -5.           0.6837
   21    5   -1    268.     50.    -52. 0.64135E+17     39.    -54.     -7.           0.7006
   21    5    0    264.     47.    -52. 0.67817E+17     38.    -53.     -9.           0.7104
   21    5    1    261.     44.    -53. 0.71222E+17     37.    -51.    -11.           0.7126
   21    5    2    257.     42.    -54. 0.74292E+17     38.    -50.    -13.           0.7071
   21    5    3    253.     40.    -56. 0.76977E+17     38.    -48.    -14.           0.6940
   21    5    4    250.     38.    -58. 0.79239E+17     39.    -46.    -15.           0.6738
   21    5    5    246.     36.    -60. 0.81044E+17     40.    -44.    -16.           0.6471
   21    5    6    243.     35.    -62. 0.82369E+17     40.    -42.    -18.           0.6146
   21    6   -6    287.     68.    -49. 0.41500E+17     64.    -13.     23.           0.5512
   21    6   -5    284.     64.    -49. 0.44300E+17     57.    -21.     22.           0.5882
   21    6   -4    280.     61.    -49. 0.47169E+17     53.    -27.     20.           0.6213
   21    6   -3    277.     57.    -49. 0.50021E+17     50.    -32.     18.           0.6493
   21    6   -2    273.     54.    -49. 0.52784E+17     48.    -36.     16.           0.6712
   21    6   -1    270.     51.    -50. 0.55396E+17     48.    -38.     14.           0.6865
   21    6    0    266.     49.    -50. 0.57804E+17     48.    -40.     12.           0.6946
   21    6    1    263.     46.    -51. 0.59963E+17     49.    -42.      9.           0.6951
   21    6    2    259.     44.    -53. 0.61837E+17     51.    -42.      7.           0.6880
   21    6    3    256.     42.    -54. 0.63394E+17     52.    -43.      5.           0.6735
   21    6    4    252.     40.    -56. 0.64610E+17     54.    -43.      3.           0.6521
   21    6    5    249.     38.    -58. 0.65468E+17     56.    -42.      1.           0.6243
   21    6    6    245.     37.    -60. 0.65955E+17     58.    -41.     -0.           0.5911
   22    3   -6    282.     59.    -59. 0.49320E+17     44.    -37.    -19.           0.6243
   22    3   -5    280.     56.    -56. 0.56719E+17     32.    -46.    -21.           0.6600
   22    3   -4     46.     51.   -127. 0.64342E+17     25.    -52.    -23.           0.6900
   22    3   -3    272.     47.    -51. 0.71929E+17     21.    -55.    -24.           0.7132
   22    3   -2    266.     42.    -49. 0.79291E+17     20.    -55.    -25.           0.7288
   22    3   -1    261.     38.    -49. 0.86277E+17     20.    -54.    -26.           0.7362
   22    3    0    257.     35.    -49. 0.92763E+17     21.    -53.    -26.           0.7351
   22    3    1    253.     33.    -50. 0.98655E+17     22.    -51.    -27.           0.7255
   22    3    2    249.     31.    -51. 0.10385E+18     23.    -49.    -28.           0.7075
   22    3    3    246.     29.    -53. 0.10830E+18     24.    -47.    -28.           0.6817
   22    3    4    243.     28.    -54. 0.11193E+18     26.    -46.    -29.           0.6488
   22    3    5    241.     27.    -56. 0.11469E+18     27.    -44.    -29.           0.6099
   22    3    6    238.     26.    -58. 0.11654E+18     28.    -42.    -30.           0.5660
   22    4   -6    282.     59.    -56. 0.44388E+17     57.    -34.     -9.           0.6273
   22    4   -5    280.     55.    -54. 0.50616E+17     44.    -44.    -12.           0.6634
   22    4   -4     45.     52.   -127. 0.57092E+17     36.    -50.    -15.           0.6938
   22    4   -3    273.     48.    -51. 0.63577E+17     31.    -52.    -17.           0.7176
   22    4   -2    269.     44.    -50. 0.69904E+17     28.    -53.    -18.           0.7339
   22    4   -1    265.     41.    -50. 0.75941E+17     27.    -53.    -19.           0.7422
   22    4    0    261.     38.    -50. 0.81572E+17     27.    -52.    -21.           0.7420
   22    4    1    257.     35.    -51. 0.86715E+17     28.    -51.    -22.           0.7334
   22    4    2    254.     33.    -52. 0.91286E+17     28.    -49.    -22.           0.7164
   22    4    3    251.     31.    -53. 0.95230E+17     29.    -48.    -23.           0.6917
   22    4    4    248.     30.    -55. 0.98492E+17     30.    -46.    -24.           0.6599
   22    4    5    245.     29.    -56. 0.10103E+18     31.    -44.    -25.           0.6221
   22    4    6    242.     28.    -58. 0.10281E+18     32.    -43.    -25.           0.5793
   22    5   -6    280.     57.    -56. 0.41352E+17     73.    -21.      6.           0.6268
   22    5   -5    278.     54.    -55. 0.46121E+17     64.    -35.      1.           0.6614
   22    5   -4     46.     51.   -127. 0.51069E+17     54.    -43.     -3.           0.6901
   22    5   -3    273.     48.    -52. 0.56022E+17     47.    -48.     -5.           0.7120
   22    5   -2    270.     45.    -52. 0.60844E+17     42.    -50.     -8.           0.7262
   22    5   -1    266.     43.    -51. 0.65426E+17     40.    -51.    -10.           0.7323
   22    5    0    263.     40.    -52. 0.69683E+17     38.    -51.    -11.           0.7301
   22    5    1    260.     38.    -52. 0.73540E+17     37.    -50.    -13.           0.7195
   22    5    2    257.     36.    -53. 0.76938E+17     37.    -49.    -14.           0.7007
   22    5    3    254.     34.    -54. 0.79827E+17     37.    -48.    -15.           0.6745
   22    5    4    251.     33.    -55. 0.82168E+17     38.    -47.    -16.           0.6415
   22    5    5    248.     31.    -56. 0.83928E+17     38.    -45.    -17.           0.6027
   22    5    6    245.     30.    -58. 0.85085E+17     39.    -43.    -18.           0.5594
   22    6   -6    281.     57.    -53. 0.39185E+17     73.     -3.     24.           0.6199
   22    6   -5    279.     54.    -52. 0.42554E+17     64.    -15.     21.           0.6517
   22    6   -4     44.     52.   -128. 0.46021E+17     58.    -24.     19.           0.6774
   22    6   -3    274.     49.    -51. 0.49472E+17     54.    -30.     16.           0.6962
   22    6   -2    271.     47.    -51. 0.52809E+17     51.    -35.     14.           0.7073
   22    6   -1    268.     44.    -50. 0.55954E+17     50.    -40.     11.           0.7104
   22    6    0    266.     42.    -51. 0.58840E+17     49.    -43.      8.           0.7054
   22    6    1    263.     40.    -51. 0.61415E+17     50.    -45.      5.           0.6922
   22    6    2    260.     38.    -51. 0.63632E+17     50.    -47.      3.           0.6713
   22    6    3    257.     37.    -52. 0.65455E+17     51.    -48.      1.           0.6432
   22    6    4    254.     35.    -53. 0.66855E+17     52.    -47.     -1.           0.6089
   22    6    5    251.     33.    -54. 0.67811E+17     52.    -46.     -2.           0.5694
   22    6    6    248.     32.    -56. 0.68307E+17     52.    -44.     -4.           0.5259
   23    3   -6    251.     39.    -53. 0.75738E+17     15.    -57.    -28.           0.6138
   23    3   -5    247.     36.    -54. 0.84164E+17     16.    -55.    -29.           0.6605
   23    3   -4    243.     34.    -55. 0.92207E+17     17.    -52.    -30.           0.7006
   23    3   -3    241.     32.    -57. 0.99765E+17     19.    -50.    -31.           0.7328
   23    3   -2    239.     31.    -58. 0.10675E+18     20.    -49.    -32.           0.7561
   23    3   -1    237.     30.    -60. 0.11309E+18     20.    -47.    -32.           0.7698
   23    3    0    235.     30.    -62. 0.11871E+18     21.    -46.    -33.           0.7733
   23    3    1    233.     29.    -63. 0.12355E+18     22.    -45.    -34.           0.7666
   23    3    2    232.     29.    -65. 0.12756E+18     22.    -44.    -34.           0.7498
   23    3    3    230.     28.    -66. 0.13071E+18     22.    -43.    -35.           0.7235
   23    3    4    229.     28.    -68. 0.13296E+18     22.    -42.    -36.           0.6885
   23    3    5    227.     28.    -70. 0.13428E+18     23.    -41.    -36.           0.6461
   23    3    6    226.     28.    -72. 0.13467E+18     22.    -41.    -37.           0.5974
   23    4   -6    262.     47.    -49. 0.55093E+17     18.    -68.    -14.           0.6031
   23    4   -5    256.     42.    -49. 0.61411E+17     19.    -64.    -16.           0.6505
   23    4   -4    251.     39.    -49. 0.67581E+17     21.    -61.    -18.           0.6923
   23    4   -3    248.     36.    -50. 0.73493E+17     23.    -57.    -20.           0.7274
   23    4   -2    245.     34.    -52. 0.79055E+17     24.    -54.    -22.           0.7545
   23    4   -1    243.     33.    -53. 0.84195E+17     25.    -52.    -23.           0.7727
   23    4    0    241.     32.    -55. 0.88846E+17     26.    -50.    -24.           0.7815
   23    4    1    239.     31.    -57. 0.92955E+17     27.    -48.    -25.           0.7806
   23    4    2    237.     30.    -59. 0.96477E+17     28.    -46.    -26.           0.7699
   23    4    3    235.     30.    -61. 0.99375E+17     28.    -45.    -27.           0.7499
   23    4    4    233.     29.    -63. 0.10162E+18     28.    -43.    -28.           0.7212
   23    4    5    232.     29.    -65. 0.10318E+18     29.    -42.    -29.           0.6846
   23    4    6    230.     28.    -67. 0.10406E+18     29.    -41.    -30.           0.6415
   23    5   -6    265.     51.    -50. 0.47915E+17     29.    -69.      2.           0.6065
   23    5   -5    260.     47.    -48. 0.52494E+17     29.    -70.     -2.           0.6538
   23    5   -4    256.     43.    -48. 0.56962E+17     29.    -66.     -5.           0.6959
   23    5   -3    253.     40.    -48. 0.61229E+17     30.    -63.     -7.           0.7313
   23    5   -2    250.     38.    -49. 0.65225E+17     31.    -60.     -9.           0.7590
   23    5   -1    248.     36.    -50. 0.68886E+17     32.    -57.    -11.           0.7781
   23    5    0    245.     35.    -52. 0.72161E+17     33.    -54.    -13.           0.7878
   23    5    1    243.     34.    -53. 0.75009E+17     34.    -51.    -15.           0.7879
   23    5    2    241.     32.    -55. 0.77396E+17     35.    -49.    -16.           0.7784
   23    5    3    239.     32.    -57. 0.79293E+17     35.    -47.    -18.           0.7595
   23    5    4    237.     31.    -59. 0.80680E+17     36.    -45.    -19.           0.7318
   23    5    5    235.     30.    -61. 0.81544E+17     36.    -44.    -20.           0.6962
   23    5    6    233.     30.    -63. 0.81877E+17     36.    -42.    -22.           0.6537
   23    6   -6    267.     53.    -47. 0.43397E+17     30.    -42.     28.           0.6036
   23    6   -5    263.     49.    -46. 0.46557E+17     30.    -45.     25.           0.6505
   23    6   -4    260.     46.    -46. 0.49615E+17     32.    -47.     21.           0.6924
   23    6   -3    257.     43.    -46. 0.52504E+17     34.    -48.     18.           0.7278
   23    6   -2    255.     41.    -46. 0.55172E+17     37.    -49.     14.           0.7557
   23    6   -1    252.     39.    -47. 0.57571E+17     40.    -50.     10.           0.7752
   23    6    0    250.     37.    -48. 0.59667E+17     43.    -50.      7.           0.7855
   23    6    1    248.     36.    -49. 0.61428E+17     46.    -50.      4.           0.7863
   23    6    2    246.     35.    -51. 0.62833E+17     49.    -50.      2.           0.7775
   23    6    3    244.     34.    -52. 0.63861E+17     51.    -49.     -1.           0.7594
   23    6    4    242.     33.    -54. 0.64503E+17     51.    -46.     -3.           0.7326
   23    6    5    239.     32.    -56. 0.64751E+17     51.    -44.     -5.           0.6979
   23    6    6    237.     31.    -59. 0.64605E+17     51.    -42.     -7.           0.6563
   24    3   -6    266.     54.    -57. 0.51801E+17     18.    -56.    -26.           0.4556
   24    3   -5    261.     49.    -56. 0.54993E+17     19.    -53.    -27.           0.4995
   24    3   -4    256.     45.    -56. 0.58115E+17     21.    -50.    -28.           0.5382
   24    3   -3    253.     42.    -57. 0.61119E+17     24.    -47.    -29.           0.5706
   24    3   -2    251.     39.    -59. 0.63965E+17     26.    -44.    -30.           0.5956
   24    3   -1    248.     37.    -61. 0.66617E+17     28.    -41.    -30.           0.6124
   24    3    0    246.     35.    -63. 0.69041E+17     30.    -39.    -31.           0.6205
   24    3    1    244.     33.    -66. 0.71208E+17     31.    -37.    -32.           0.6197
   24    3    2    242.     32.    -69. 0.73097E+17     33.    -35.    -32.           0.6101
   24    3    3    241.     31.    -73. 0.74683E+17     33.    -34.    -32.           0.5921
   24    3    4    239.     30.    -76. 0.75946E+17     34.    -34.    -33.           0.5664
   24    3    5    237.     29.    -79. 0.76877E+17     34.    -33.    -33.           0.5339
   24    3    6    235.     28.    -83. 0.77446E+17     33.    -34.    -33.           0.4959
   24    4   -6    264.     51.    -52. 0.34100E+17     42.    -48.    -10.           0.4399
   24    4   -5    261.     47.    -52. 0.36427E+17     44.    -44.    -12.           0.4857
   24    4   -4    259.     44.    -54. 0.38721E+17     46.    -41.    -14.           0.5266
   24    4   -3    256.     42.    -55. 0.40945E+17     48.    -37.    -15.           0.5612
   24    4   -2    254.     40.    -58. 0.43073E+17     49.    -34.    -17.           0.5882
   24    4   -1    252.     38.    -60. 0.45077E+17     50.    -32.    -18.           0.6070
   24    4    0    250.     36.    -63. 0.46935E+17     51.    -30.    -19.           0.6167
   24    4    1    248.     35.    -66. 0.48627E+17     51.    -29.    -20.           0.6173
   24    4    2    245.     33.    -69. 0.50138E+17     51.    -28.    -21.           0.6087
   24    4    3    243.     32.    -73. 0.51451E+17     50.    -28.    -22.           0.5913
   24    4    4    241.     31.    -76. 0.52554E+17     49.    -28.    -23.           0.5658
   24    4    5    239.     30.    -80. 0.53438E+17     47.    -29.    -24.           0.5330
   24    4    6    237.     30.    -83. 0.54090E+17     45.    -30.    -24.           0.4943
   24    5   -6    264.     50.    -50. 0.28323E+17     63.    -27.     10.           0.4326
   24    5   -5    262.     47.    -51. 0.30096E+17     67.    -25.      8.           0.4794
   24    5   -4    260.     44.    -53. 0.31782E+17     71.    -23.      6.           0.5212
   24    5   -3    258.     42.    -55. 0.33360E+17     75.    -21.      4.           0.5566
   24    5   -2    256.     40.    -57. 0.34812E+17     78.    -20.      2.           0.5844
   24    5   -1    254.     39.    -60. 0.36128E+17     80.    -19.      0.           0.6036
   24    5    0    251.     37.    -63. 0.37296E+17     81.    -18.     -1.           0.6137
   24    5    1    249.     36.    -66. 0.38308E+17     79.    -18.     -3.           0.6144
   24    5    2    247.     35.    -69. 0.39157E+17     77.    -18.     -5.           0.6057
   24    5    3    244.     34.    -73. 0.39842E+17     75.    -19.     -6.           0.5880
   24    5    4    242.     33.    -76. 0.40356E+17     72.    -20.     -8.           0.5618
   24    5    5    240.     32.    -80. 0.40703E+17     69.    -22.     -9.           0.5282
   24    5    6    237.     31.    -83. 0.40880E+17     65.    -25.    -11.           0.4883
   24    6   -6    266.     50.    -47. 0.26305E+17     70.     -3.     27.           0.4255
   24    6   -5    264.     47.    -48. 0.27841E+17     73.     -1.     26.           0.4726
   24    6   -4    262.     45.    -50. 0.29241E+17     74.      1.     25.           0.5148
   24    6   -3    260.     43.    -53. 0.30489E+17     73.      2.     24.           0.5505
   24    6   -2    258.     41.    -55. 0.31576E+17     74.      3.     23.           0.5787
   24    6   -1    256.     40.    -58. 0.32494E+17     74.      4.     22.           0.5984
   24    6    0    253.     38.    -61. 0.33237E+17     75.      4.     21.           0.6089
   24    6    1    251.     37.    -65. 0.33803E+17     77.      3.     20.           0.6099
   24    6    2    248.     36.    -68. 0.34192E+17     80.      2.     19.           0.6015
   24    6    3    246.     35.    -72. 0.34405E+17     83.     -0.     17.           0.5839
   24    6    4    243.     34.    -75. 0.34448E+17     81.     -3.     16.           0.5578
   24    6    5    240.     33.    -79. 0.34326E+17     79.     -6.     15.           0.5242
   24    6    6    238.     32.    -83. 0.34048E+17     77.    -10.     13.           0.4842
   25    3   -6      1.     79.   -104. 0.74776E+17     26.    -56.    -19.           0.5589
   25    3   -5    236.     22.    -42. 0.77862E+17     24.    -54.    -22.           0.6197
   25    3   -4    239.     25.    -45. 0.80977E+17     24.    -52.    -24.           0.6765
   25    3   -3    240.     28.    -49. 0.84078E+17     25.    -49.    -26.           0.7273
   25    3   -2    241.     30.    -53. 0.87123E+17     26.    -46.    -28.           0.7707
   25    3   -1    241.     31.    -58. 0.90068E+17     27.    -43.    -30.           0.8054
   25    3    0    239.     32.    -62. 0.92874E+17     28.    -40.    -32.           0.8302
   25    3    1    238.     33.    -67. 0.95523E+17     29.    -38.    -33.           0.8445
   25    3    2    235.     34.    -72. 0.97982E+17     29.    -36.    -34.           0.8479
   25    3    3    233.     34.    -77. 0.10021E+18     29.    -36.    -35.           0.8403
   25    3    4    230.     35.    -82. 0.10220E+18     29.    -35.    -36.           0.8220
   25    3    5     43.     54.    -92. 0.10390E+18     27.    -36.    -37.           0.7939
   25    3    6     46.     53.    -88. 0.10531E+18     26.    -37.    -37.           0.7567
   25    4   -6      1.     83.   -110. 0.51359E+17     33.    -67.      0.           0.5243
   25    4   -5    253.     26.    -27. 0.52433E+17     33.    -63.     -4.           0.5862
   25    4   -4    253.     30.    -33. 0.53721E+17     36.    -57.     -7.           0.6448
   25    4   -3    253.     32.    -39. 0.55210E+17     39.    -50.    -11.           0.6983
   25    4   -2    252.     33.    -45. 0.56881E+17     42.    -44.    -14.           0.7450
   25    4   -1    249.     34.    -50. 0.58711E+17     45.    -39.    -16.           0.7835
   25    4    0    247.     34.    -56. 0.60672E+17     47.    -34.    -19.           0.8126
   25    4    1    243.     34.    -63. 0.62731E+17     48.    -31.    -21.           0.8315
   25    4    2    240.     34.    -69. 0.64855E+17     48.    -30.    -23.           0.8395
   25    4    3    236.     35.    -75. 0.67005E+17     47.    -29.    -24.           0.8366
   25    4    4    232.     35.    -81. 0.69148E+17     45.    -30.    -25.           0.8229
   25    4    5     43.     54.    -93. 0.71240E+17     42.    -31.    -26.           0.7989
   25    4    6     45.     53.    -89. 0.73243E+17     39.    -34.    -27.           0.7655
   25    5   -6    261.     33.    -23. 0.42325E+17     27.    -62.     11.           0.5143
   25    5   -5    261.     36.    -29. 0.43321E+17     34.    -57.      9.           0.5786
   25    5   -4    260.     38.    -34. 0.44348E+17     43.    -51.      6.           0.6395
   25    5   -3    258.     38.    -39. 0.45400E+17     51.    -45.      4.           0.6952
   25    5   -2    256.     38.    -44. 0.46467E+17     59.    -39.      1.           0.7438
   25    5   -1    253.     38.    -49. 0.47545E+17     66.    -34.     -1.           0.7838
   25    5    0    250.     37.    -55. 0.48624E+17     69.    -28.     -3.           0.8141
   25    5    1    246.     37.    -61. 0.49697E+17     70.    -25.     -5.           0.8335
   25    5    2    242.     37.    -67. 0.50757E+17     70.    -23.     -7.           0.8416
   25    5    3    238.     37.    -73. 0.51793E+17     69.    -22.     -9.           0.8382
   25    5    4    233.     37.    -79. 0.52794E+17     67.    -23.    -10.           0.8234
   25    5    5    229.     37.    -84. 0.53747E+17     63.    -25.    -12.           0.7978
   25    5    6     44.     52.    -90. 0.54639E+17     59.    -28.    -13.           0.7622
   25    6   -6    268.     43.    -24. 0.36523E+17     29.    -43.     28.           0.5065
   25    6   -5    266.     43.    -29. 0.37665E+17     38.    -36.     26.           0.5720
   25    6   -4    265.     43.    -33. 0.38766E+17     46.    -29.     25.           0.6341
   25    6   -3    262.     43.    -37. 0.39811E+17     54.    -22.     24.           0.6910
   25    6   -2    259.     42.    -42. 0.40788E+17     62.    -16.     22.           0.7406
   25    6   -1    256.     41.    -47. 0.41689E+17     68.    -11.     21.           0.7816
   25    6    0    252.     40.    -53. 0.42506E+17     73.     -7.     20.           0.8125
   25    6    1    248.     39.    -59. 0.43234E+17     77.     -4.     19.           0.8325
   25    6    2    244.     38.    -65. 0.43869E+17     80.     -3.     18.           0.8408
   25    6    3    239.     38.    -71. 0.44408E+17     80.     -3.     16.           0.8374
   25    6    4    234.     38.    -77. 0.44850E+17     80.     -5.     15.           0.8222
   25    6    5    230.     38.    -83. 0.45194E+17     78.     -8.     14.           0.7960
   25    6    6     43.     52.    -91. 0.45439E+17     74.    -13.     12.           0.7595
   26    3   -6    271.     67.    -74. 0.48292E+17     82.     -3.    -14.           0.5289
   26    3   -5    273.     65.    -71. 0.50819E+17     67.    -15.    -17.           0.5599
   26    3   -4    275.     62.    -67. 0.53991E+17     55.    -26.    -20.           0.5854
   26    3   -3    275.     59.    -64. 0.57651E+17     45.    -34.    -22.           0.6046
   26    3   -2    274.     56.    -62. 0.61636E+17     37.    -40.    -23.           0.6166
   26    3   -1    272.     53.    -59. 0.65791E+17     31.    -44.    -24.           0.6212
   26    3    0    269.     49.    -57. 0.69983E+17     28.    -47.    -25.           0.6181
   26    3    1    266.     45.    -56. 0.74086E+17     25.    -48.    -26.           0.6072
   26    3    2    262.     41.    -55. 0.77986E+17     25.    -48.    -27.           0.5890
   26    3    3    258.     37.    -55. 0.81596E+17     25.    -48.    -28.           0.5639
   26    3    4    255.     34.    -56. 0.84827E+17     25.    -46.    -28.           0.5328
   26    3    5    251.     32.    -58. 0.87609E+17     26.    -45.    -29.           0.4966
   26    3    6    248.     29.    -59. 0.89886E+17     28.    -43.    -29.           0.4565
   26    4   -6    275.     63.    -67. 0.42707E+17     90.     -5.     -5.           0.5245
   26    4   -5    276.     61.    -65. 0.45226E+17     77.    -15.     -8.           0.5574
   26    4   -4    275.     58.    -63. 0.47891E+17     67.    -22.    -11.           0.5842
   26    4   -3    275.     56.    -62. 0.50625E+17     59.    -28.    -13.           0.6040
   26    4   -2    273.     53.    -60. 0.53354E+17     53.    -33.    -14.           0.6162
   26    4   -1    272.     51.    -59. 0.56012E+17     48.    -36.    -16.           0.6201
   26    4    0    270.     48.    -59. 0.58540E+17     44.    -39.    -17.           0.6158
   26    4    1    268.     46.    -58. 0.60885E+17     41.    -40.    -18.           0.6032
   26    4    2    266.     43.    -58. 0.62999E+17     39.    -41.    -19.           0.5828
   26    4    3    263.     41.    -59. 0.64842E+17     38.    -42.    -20.           0.5552
   26    4    4    261.     38.    -59. 0.66377E+17     37.    -42.    -21.           0.5212
   26    4    5    258.     36.    -60. 0.67574E+17     36.    -42.    -22.           0.4821
   26    4    6    255.     34.    -62. 0.68406E+17     36.    -41.    -23.           0.4391
   26    5   -6    277.     59.    -63. 0.39444E+17     85.      7.      8.           0.5189
   26    5   -5    276.     57.    -62. 0.41589E+17     92.     -2.      6.           0.5522
   26    5   -4    276.     56.    -61. 0.43670E+17     87.     -9.      4.           0.5790
   26    5   -3    275.     54.    -60. 0.45643E+17     82.    -16.      2.           0.5985
   26    5   -2    274.     52.    -60. 0.47475E+17     79.    -21.     -0.           0.6098
   26    5   -1    272.     50.    -60. 0.49133E+17     73.    -25.     -2.           0.6127
   26    5    0    271.     48.    -60. 0.50587E+17     68.    -28.     -4.           0.6070
   26    5    1    269.     46.    -60. 0.51818E+17     64.    -31.     -6.           0.5927
   26    5    2    268.     44.    -60. 0.52804E+17     60.    -33.     -7.           0.5704
   26    5    3    266.     42.    -60. 0.53530E+17     57.    -35.     -9.           0.5408
   26    5    4    264.     40.    -61. 0.53986E+17     54.    -36.    -10.           0.5048
   26    5    5    261.     39.    -62. 0.54162E+17     52.    -37.    -11.           0.4637
   26    5    6    259.     37.    -63. 0.54056E+17     50.    -38.    -13.           0.4187
   26    6   -6    280.     58.    -58. 0.38085E+17     59.     19.     22.           0.5127
   26    6   -5    279.     56.    -58. 0.39806E+17     65.     14.     21.           0.5446
   26    6   -4    277.     55.    -58. 0.41343E+17     71.      9.     20.           0.5698
   26    6   -3    276.     53.    -58. 0.42673E+17     77.      4.     19.           0.5874
   26    6   -2    275.     52.    -58. 0.43778E+17     81.     -1.     18.           0.5968
   26    6   -1    274.     51.    -58. 0.44643E+17     78.     -5.     17.           0.5976
   26    6    0    273.     49.    -58. 0.45256E+17     75.     -9.     16.           0.5897
   26    6    1    271.     48.    -59. 0.45611E+17     73.    -12.     15.           0.5734
   26    6    2    270.     46.    -59. 0.45703E+17     70.    -16.     14.           0.5491
   26    6    3    268.     45.    -60. 0.45531E+17     68.    -19.     13.           0.5176
   26    6    4    266.     43.    -61. 0.45100E+17     67.    -22.     11.           0.4801
   26    6    5    264.     41.    -61. 0.44417E+17     65.    -25.     10.           0.4376
   26    6    6    261.     40.    -63. 0.43493E+17     63.    -29.      8.           0.3917
   27    3   -6    250.     41.    -58. 0.73390E+17     20.    -49.    -31.           0.6486
   27    3   -5    247.     38.    -58. 0.79149E+17     20.    -49.    -31.           0.6828
   27    3   -4    244.     36.    -59. 0.84549E+17     20.    -48.    -32.           0.7081
   27    3   -3    242.     34.    -60. 0.89521E+17     21.    -47.    -32.           0.7237
   27    3   -2    240.     33.    -61. 0.93997E+17     21.    -46.    -33.           0.7290
   27    3   -1    238.     32.    -62. 0.97931E+17     22.    -45.    -33.           0.7239
   27    3    0    236.     31.    -64. 0.10126E+18     22.    -44.    -33.           0.7085
   27    3    1    234.     30.    -65. 0.10396E+18     23.    -44.    -34.           0.6836
   27    3    2    233.     29.    -67. 0.10599E+18     23.    -43.    -34.           0.6498
   27    3    3    231.     28.    -68. 0.10734E+18     23.    -42.    -35.           0.6083
   27    3    4    229.     28.    -70. 0.10796E+18     23.    -42.    -35.           0.5606
   27    3    5    227.     27.    -72. 0.10787E+18     23.    -42.    -36.           0.5083
   27    3    6    226.     27.    -74. 0.10705E+18     22.    -42.    -36.           0.4530
   27    4   -6    258.     48.    -56. 0.50538E+17     32.    -51.    -18.           0.6351
   27    4   -5    255.     45.    -56. 0.54620E+17     30.    -51.    -19.           0.6684
   27    4   -4    252.     42.    -56. 0.58559E+17     30.    -50.    -21.           0.6938
   27    4   -3    249.     39.    -57. 0.62290E+17     30.    -49.    -22.           0.7104
   27    4   -2    247.     37.    -58. 0.65754E+17     30.    -48.    -23.           0.7177
   27    4   -1    245.     36.    -59. 0.68902E+17     30.    -46.    -24.           0.7155
   27    4    0    243.     34.    -61. 0.71689E+17     30.    -45.    -25.           0.7039
   27    4    1    240.     33.    -62. 0.74083E+17     30.    -44.    -26.           0.6833
   27    4    2    238.     32.    -64. 0.76052E+17     30.    -44.    -27.           0.6545
   27    4    3    236.     31.    -66. 0.77569E+17     29.    -43.    -27.           0.6183
   27    4    4    234.     30.    -68. 0.78622E+17     29.    -43.    -28.           0.5761
   27    4    5    232.     29.    -71. 0.79190E+17     29.    -42.    -29.           0.5292
   27    4    6    230.     28.    -73. 0.79271E+17     28.    -42.    -30.           0.4792
   27    5   -6    260.     51.    -55. 0.41709E+17     50.    -50.      0.           0.6317
   27    5   -5    258.     48.    -55. 0.44347E+17     47.    -51.     -3.           0.6636
   27    5   -4    256.     45.    -55. 0.46914E+17     45.    -50.     -5.           0.6879
   27    5   -3    253.     43.    -55. 0.49362E+17     44.    -49.     -7.           0.7039
   27    5   -2    251.     41.    -56. 0.51648E+17     43.    -48.     -9.           0.7110
   27    5   -1    249.     39.    -57. 0.53734E+17     42.    -47.    -11.           0.7091
   27    5    0    247.     37.    -59. 0.55589E+17     41.    -46.    -13.           0.6983
   27    5    1    244.     35.    -60. 0.57188E+17     41.    -45.    -14.           0.6789
   27    5    2    242.     34.    -62. 0.58506E+17     40.    -44.    -16.           0.6515
   27    5    3    240.     32.    -65. 0.59529E+17     39.    -43.    -17.           0.6171
   27    5    4    237.     31.    -67. 0.60238E+17     38.    -43.    -19.           0.5769
   27    5    5    235.     30.    -70. 0.60627E+17     37.    -43.    -20.           0.5322
   27    5    6    232.     29.    -72. 0.60689E+17     36.    -43.    -21.           0.4843
   27    6   -6    262.     53.    -52. 0.37591E+17     49.    -26.     25.           0.6249
   27    6   -5    261.     51.    -52. 0.39195E+17     49.    -28.     23.           0.6557
   27    6   -4    259.     48.    -52. 0.40711E+17     49.    -30.     21.           0.6792
   27    6   -3    257.     45.    -53. 0.42115E+17     50.    -32.     19.           0.6947
   27    6   -2    254.     43.    -54. 0.43384E+17     51.    -33.     16.           0.7016
   27    6   -1    252.     41.    -55. 0.44498E+17     52.    -35.     14.           0.6999
   27    6    0    250.     39.    -56. 0.45442E+17     53.    -36.     11.           0.6896
   27    6    1    248.     37.    -58. 0.46205E+17     55.    -38.      8.           0.6709
   27    6    2    245.     35.    -60. 0.46775E+17     56.    -39.      5.           0.6447
   27    6    3    243.     34.    -62. 0.47147E+17     57.    -41.      2.           0.6116
   27    6    4    240.     32.    -65. 0.47318E+17     56.    -43.     -1.           0.5728
   27    6    5    238.     31.    -68. 0.47285E+17     54.    -43.     -3.           0.5296
   27    6    6    235.     30.    -71. 0.47051E+17     51.    -43.     -6.           0.4834
   28    3   -6    253.     36.    -47. 0.50029E+17     27.    -51.    -22.           0.5731
   28    3   -5    252.     34.    -49. 0.52198E+17     33.    -44.    -23.           0.6144
   28    3   -4    251.     33.    -53. 0.54218E+17     37.    -39.    -24.           0.6497
   28    3   -3    249.     31.    -56. 0.56057E+17     42.    -34.    -25.           0.6777
   28    3   -2    247.     30.    -60. 0.57688E+17     45.    -29.    -26.           0.6976
   28    3   -1    245.     29.    -64. 0.59085E+17     48.    -26.    -27.           0.7086
   28    3    0    242.     28.    -69. 0.60230E+17     49.    -23.    -27.           0.7105
   28    3    1    239.     27.    -74. 0.61108E+17     51.    -22.    -28.           0.7030
   28    3    2    236.     26.    -80. 0.61709E+17     51.    -21.    -28.           0.6865
   28    3    3    233.     26.    -85. 0.62027E+17     51.    -21.    -28.           0.6615
   28    3    4     51.     65.    -90. 0.62058E+17     50.    -21.    -29.           0.6289
   28    3    5    228.     25.    -96. 0.61803E+17     49.    -23.    -29.           0.5898
   28    3    6    225.     25.   -101. 0.61267E+17     47.    -25.    -29.           0.5454
   28    4   -6    259.     40.    -49. 0.34726E+17     58.    -32.    -10.           0.5490
   28    4   -5    257.     37.    -51. 0.36802E+17     63.    -26.    -11.           0.5919
   28    4   -4    254.     35.    -55. 0.38787E+17     67.    -20.    -13.           0.6291
   28    4   -3    252.     33.    -59. 0.40638E+17     70.    -16.    -14.           0.6592
   28    4   -2    249.     32.    -63. 0.42323E+17     72.    -13.    -15.           0.6812
   28    4   -1    246.     30.    -67. 0.43812E+17     73.    -11.    -16.           0.6945
   28    4    0    243.     29.    -72. 0.45081E+17     74.    -10.    -17.           0.6984
   28    4    1    239.     28.    -77. 0.46111E+17     73.     -9.    -17.           0.6928
   28    4    2    236.     27.    -81. 0.46886E+17     72.    -10.    -18.           0.6780
   28    4    3    233.     27.    -86. 0.47397E+17     71.    -11.    -18.           0.6543
   28    4    4     51.     64.    -89. 0.47636E+17     68.    -13.    -19.           0.6226
   28    4    5    227.     26.    -96. 0.47602E+17     66.    -15.    -19.           0.5840
   28    4    6    224.     26.   -100. 0.47295E+17     63.    -18.    -20.           0.5396
   28    5   -6    260.     42.    -52. 0.30286E+17     85.    -12.      3.           0.5446
   28    5   -5    257.     40.    -55. 0.32020E+17     91.     -8.      1.           0.5875
   28    5   -4    254.     37.    -58. 0.33640E+17     97.     -3.     -0.           0.6244
   28    5   -3    252.     35.    -61. 0.35112E+17     99.      0.     -1.           0.6541
   28    5   -2    249.     34.    -65. 0.36412E+17     95.      2.     -2.           0.6755
   28    5   -1    246.     32.    -69. 0.37516E+17     93.      4.     -3.           0.6879
   28    5    0    242.     31.    -73. 0.38408E+17     92.      4.     -4.           0.6909
   28    5    1    239.     30.    -77. 0.39074E+17     91.      4.     -5.           0.6842
   28    5    2    236.     29.    -82. 0.39504E+17     91.      3.     -6.           0.6681
   28    5    3     48.     62.    -92. 0.39692E+17     92.      1.     -7.           0.6431
   28    5    4     50.     62.    -90. 0.39635E+17     91.     -1.     -7.           0.6100
   28    5    5    226.     27.    -95. 0.39333E+17     88.     -4.     -8.           0.5699
   28    5    6    223.     27.    -99. 0.38792E+17     83.     -8.     -9.           0.5241
   28    6   -6    260.     44.    -52. 0.28144E+17     75.      8.     17.           0.5409
   28    6   -5    258.     41.    -55. 0.29638E+17     73.     12.     16.           0.5834
   28    6   -4    255.     39.    -58. 0.30994E+17     71.     14.     15.           0.6199
   28    6   -3    252.     37.    -61. 0.32189E+17     70.     16.     14.           0.6490
   28    6   -2    249.     36.    -65. 0.33203E+17     69.     18.     13.           0.6698
   28    6   -1    246.     34.    -69. 0.34019E+17     69.     18.     12.           0.6814
   28    6    0    243.     33.    -73. 0.34625E+17     70.     18.     12.           0.6836
   28    6    1    239.     32.    -77. 0.35012E+17     71.     18.     11.           0.6761
   28    6    2    236.     31.    -82. 0.35172E+17     73.     17.     10.           0.6592
   28    6    3     48.     60.    -92. 0.35105E+17     75.     15.     10.           0.6334
   28    6    4     50.     61.    -90. 0.34808E+17     78.     13.      9.           0.5996
   28    6    5    226.     29.    -95. 0.34287E+17     82.     10.      8.           0.5588
   28    6    6    223.     29.    -99. 0.33549E+17     87.      6.      7.           0.5125
   29    3   -6    273.     57.    -64. 0.61698E+17     40.    -38.    -23.           0.6717
   29    3   -5    272.     54.    -62. 0.66319E+17     33.    -43.    -24.           0.7066
   29    3   -4    271.     52.    -59. 0.70860E+17     29.    -47.    -24.           0.7328
   29    3   -3    269.     49.    -57. 0.75211E+17     26.    -50.    -25.           0.7494
   29    3   -2    266.     46.    -55. 0.79276E+17     23.    -51.    -25.           0.7558
   29    3   -1    263.     43.    -54. 0.82966E+17     22.    -52.    -26.           0.7515
   29    3    0    259.     40.    -53. 0.86210E+17     22.    -52.    -26.           0.7367
   29    3    1    256.     37.    -53. 0.88948E+17     22.    -51.    -26.           0.7117
   29    3    2    253.     35.    -53. 0.91127E+17     23.    -50.    -27.           0.6773
   29    3    3    250.     32.    -54. 0.92708E+17     24.    -49.    -27.           0.6346
   29    3    4    247.     30.    -55. 0.93658E+17     25.    -47.    -28.           0.5850
   29    3    5    244.     29.    -57. 0.93952E+17     26.    -46.    -28.           0.5301
   29    3    6    241.     27.    -58. 0.93571E+17     28.    -44.    -28.           0.4718
   29    4   -6    273.     56.    -62. 0.54426E+17     50.    -38.    -13.           0.6800
   29    4   -5    272.     54.    -60. 0.57895E+17     44.    -42.    -14.           0.7146
   29    4   -4    271.     52.    -59. 0.61165E+17     40.    -45.    -15.           0.7401
   29    4   -3     45.     50.   -122. 0.64170E+17     37.    -47.    -16.           0.7553
   29    4   -2    267.     48.    -57. 0.66859E+17     35.    -48.    -17.           0.7598
   29    4   -1    265.     45.    -56. 0.69185E+17     34.    -49.    -18.           0.7533
   29    4    0    263.     43.    -56. 0.71111E+17     33.    -49.    -19.           0.7359
   29    4    1    261.     41.    -56. 0.72606E+17     32.    -49.    -19.           0.7081
   29    4    2    259.     39.    -56. 0.73643E+17     32.    -48.    -20.           0.6709
   29    4    3    256.     37.    -57. 0.74206E+17     32.    -48.    -21.           0.6254
   29    4    4    254.     36.    -58. 0.74287E+17     32.    -47.    -22.           0.5731
   29    4    5    251.     34.    -59. 0.73879E+17     32.    -46.    -22.           0.5159
   29    4    6    248.     32.    -61. 0.72981E+17     33.    -44.    -23.           0.4555
   29    5   -6    272.     55.    -62. 0.49520E+17     68.    -32.      0.           0.6799
   29    5   -5    271.     53.    -60. 0.52121E+17     63.    -36.     -1.           0.7135
   29    5   -4    270.     51.    -60. 0.54471E+17     58.    -39.     -3.           0.7376
   29    5   -3     46.     49.   -121. 0.56529E+17     55.    -41.     -4.           0.7512
   29    5   -2    267.     48.    -59. 0.58264E+17     52.    -43.     -5.           0.7539
   29    5   -1    266.     46.    -58. 0.59648E+17     50.    -44.     -6.           0.7454
   29    5    0    264.     45.    -58. 0.60660E+17     48.    -45.     -7.           0.7260
   29    5    1    263.     43.    -58. 0.61285E+17     47.    -45.     -8.           0.6962
   29    5    2    261.     42.    -59. 0.61514E+17     45.    -45.     -9.           0.6571
   29    5    3    259.     40.    -59. 0.61343E+17     45.    -45.    -10.           0.6099
   29    5    4    256.     38.    -60. 0.60775E+17     44.    -45.    -11.           0.5561
   29    5    5    254.     37.    -61. 0.59816E+17     43.    -45.    -12.           0.4976
   29    5    6    251.     35.    -63. 0.58477E+17     43.    -44.    -13.           0.4364
   29    6   -6    273.     54.    -60. 0.45882E+17     67.    -14.     19.           0.6742
   29    6   -5    272.     53.    -59. 0.47828E+17     64.    -18.     18.           0.7059
   29    6   -4    271.     51.    -59. 0.49487E+17     62.    -21.     18.           0.7280
   29    6   -3    270.     50.    -58. 0.50834E+17     60.    -24.     17.           0.7395
   29    6   -2    268.     49.    -58. 0.51850E+17     58.    -26.     16.           0.7400
   29    6   -1    267.     48.    -58. 0.52519E+17     57.    -28.     15.           0.7293
   29    6    0    266.     46.    -58. 0.52832E+17     56.    -30.     14.           0.7079
   29    6    1    264.     45.    -58. 0.52781E+17     55.    -32.     13.           0.6762
   29    6    2    262.     44.    -58. 0.52368E+17     54.    -33.     12.           0.6355
   29    6    3    261.     42.    -59. 0.51596E+17     54.    -35.     11.           0.5869
   29    6    4    259.     41.    -59. 0.50475E+17     54.    -36.     10.           0.5322
   29    6    5    256.     39.    -60. 0.49018E+17     54.    -38.      8.           0.4731
   29    6    6    254.     38.    -62. 0.47245E+17     55.    -39.      7.           0.4116
   30    3   -6    257.     47.    -61. 0.60471E+17     24.    -46.    -31.           0.6201
   30    3   -5    254.     43.    -61. 0.63730E+17     24.    -45.    -31.           0.6504
   30    3   -4    251.     40.    -61. 0.66899E+17     25.    -44.    -31.           0.6726
   30    3   -3    248.     37.    -62. 0.69908E+17     26.    -42.    -31.           0.6858
   30    3   -2    246.     34.    -63. 0.72705E+17     28.    -41.    -31.           0.6896
   30    3   -1    244.     32.    -65. 0.75229E+17     29.    -39.    -32.           0.6839
   30    3    0    242.     30.    -66. 0.77441E+17     30.    -38.    -32.           0.6690
   30    3    1    241.     28.    -68. 0.79297E+17     31.    -37.    -32.           0.6454
   30    3    2    239.     27.    -71. 0.80761E+17     32.    -36.    -31.           0.6139
   30    3    3    238.     26.    -73. 0.81805E+17     33.    -36.    -31.           0.5757
   30    3    4    236.     24.    -75. 0.82407E+17     34.    -35.    -31.           0.5322
   30    3    5    235.     23.    -78. 0.82548E+17     34.    -35.    -31.           0.4847
   30    3    6    234.     22.    -80. 0.82213E+17     34.    -35.    -31.           0.4351
   30    4   -6    259.     49.    -60. 0.41426E+17     42.    -40.    -17.           0.6065
   30    4   -5    257.     45.    -60. 0.43484E+17     42.    -39.    -18.           0.6373
   30    4   -4    255.     42.    -60. 0.45511E+17     43.    -38.    -19.           0.6600
   30    4   -3    253.     39.    -61. 0.47470E+17     43.    -37.    -20.           0.6738
   30    4   -2    251.     37.    -63. 0.49320E+17     44.    -36.    -20.           0.6784
   30    4   -1    249.     35.    -65. 0.51030E+17     45.    -34.    -21.           0.6735
   30    4    0    247.     33.    -67. 0.52567E+17     45.    -33.    -22.           0.6595
   30    4    1    245.     31.    -69. 0.53907E+17     45.    -33.    -22.           0.6367
   30    4    2    243.     30.    -72. 0.55026E+17     45.    -32.    -23.           0.6061
   30    4    3    241.     28.    -75. 0.55904E+17     45.    -32.    -23.           0.5687
   30    4    4    239.     27.    -78. 0.56525E+17     44.    -33.    -23.           0.5258
   30    4    5    238.     26.    -80. 0.56876E+17     43.    -33.    -24.           0.4791
   30    4    6    236.     25.    -83. 0.56946E+17     42.    -34.    -24.           0.4300
   30    5   -6     37.     50.   -121. 0.33272E+17     68.    -30.      2.           0.5954
   30    5   -5    258.     46.    -59. 0.34593E+17     69.    -30.      1.           0.6262
   30    5   -4    256.     43.    -59. 0.35884E+17     70.    -29.     -0.           0.6491
   30    5   -3    255.     41.    -61. 0.37122E+17     70.    -28.     -2.           0.6631
   30    5   -2    253.     38.    -62. 0.38285E+17     70.    -27.     -3.           0.6679
   30    5   -1    251.     36.    -65. 0.39355E+17     69.    -26.     -4.           0.6632
   30    5    0    249.     34.    -67. 0.40315E+17     69.    -26.     -6.           0.6494
   30    5    1    246.     32.    -70. 0.41148E+17     67.    -26.     -7.           0.6269
   30    5    2    244.     31.    -73. 0.41843E+17     66.    -26.     -8.           0.5964
   30    5    3    242.     29.    -76. 0.42389E+17     64.    -27.     -9.           0.5592
   30    5    4    240.     28.    -79. 0.42775E+17     61.    -29.    -10.           0.5164
   30    5    5    238.     27.    -83. 0.42996E+17     58.    -30.    -12.           0.4697
   30    5    6    236.     26.    -86. 0.43045E+17     55.    -33.    -13.           0.4206
   30    6   -6     35.     51.   -124. 0.30269E+17     68.     -6.     25.           0.5841
   30    6   -5    260.     48.    -56. 0.31230E+17     69.     -6.     24.           0.6148
   30    6   -4    259.     45.    -57. 0.32107E+17     71.     -6.     23.           0.6376
   30    6   -3    257.     42.    -59. 0.32886E+17     72.     -5.     22.           0.6518
   30    6   -2    255.     40.    -61. 0.33558E+17     73.     -5.     21.           0.6568
   30    6   -1    253.     38.    -63. 0.34116E+17     74.     -6.     20.           0.6524
   30    6    0    251.     35.    -66. 0.34554E+17     75.     -6.     19.           0.6389
   30    6    1    248.     34.    -69. 0.34870E+17     75.     -8.     18.           0.6168
   30    6    2    246.     32.    -72. 0.35062E+17     74.    -10.     16.           0.5868
   30    6    3    243.     30.    -76. 0.35129E+17     73.    -12.     15.           0.5499
   30    6    4    241.     29.    -80. 0.35075E+17     72.    -15.     13.           0.5076
   30    6    5    238.     28.    -83. 0.34903E+17     70.    -19.     11.           0.4613
   30    6    6     52.     63.    -92. 0.34617E+17     67.    -24.      9.           0.4126
   31    3   -6    226.     19.    -48. 0.82696E+17     25.    -53.    -22.           0.5037
   31    3   -5    229.     21.    -48. 0.86664E+17     24.    -53.    -23.           0.5616
   31    3   -4    232.     24.    -49. 0.90188E+17     22.    -53.    -24.           0.6153
   31    3   -3    234.     26.    -50. 0.93230E+17     21.    -53.    -26.           0.6631
   31    3   -2    237.     28.    -51. 0.95763E+17     21.    -52.    -27.           0.7033
   31    3   -1    239.     30.    -52. 0.97777E+17     21.    -51.    -28.           0.7348
   31    3    0    240.     32.    -54. 0.99255E+17     21.    -50.    -29.           0.7566
   31    3    1    241.     34.    -56. 0.10019E+18     22.    -48.    -30.           0.7679
   31    3    2    242.     35.    -58. 0.10060E+18     23.    -46.    -31.           0.7684
   31    3    3    242.     37.    -61. 0.10048E+18     24.    -44.    -32.           0.7583
   31    3    4    242.     38.    -63. 0.99862E+17     24.    -43.    -33.           0.7378
   31    3    5    242.     39.    -66. 0.98763E+17     25.    -41.    -34.           0.7077
   31    3    6    241.     39.    -70. 0.97215E+17     26.    -39.    -35.           0.6691
   31    4   -6    240.     24.    -40. 0.60128E+17     26.    -61.    -12.           0.4686
   31    4   -5    243.     27.    -41. 0.63289E+17     27.    -60.    -14.           0.5293
   31    4   -4    245.     29.    -43. 0.66120E+17     28.    -57.    -15.           0.5869
   31    4   -3    246.     31.    -45. 0.68590E+17     29.    -55.    -16.           0.6393
   31    4   -2    247.     33.    -47. 0.70675E+17     30.    -52.    -17.           0.6849
   31    4   -1    247.     34.    -50. 0.72355E+17     32.    -50.    -18.           0.7224
   31    4    0    247.     35.    -52. 0.73624E+17     34.    -47.    -19.           0.7504
   31    4    1    247.     36.    -54. 0.74474E+17     35.    -45.    -20.           0.7681
   31    4    2    247.     36.    -57. 0.74906E+17     36.    -42.    -21.           0.7750
   31    4    3    246.     37.    -59. 0.74932E+17     38.    -40.    -22.           0.7709
   31    4    4    245.     37.    -62. 0.74559E+17     39.    -38.    -23.           0.7559
   31    4    5    244.     37.    -65. 0.73811E+17     40.    -36.    -24.           0.7307
   31    4    6    242.     38.    -68. 0.72709E+17     41.    -34.    -25.           0.6960
   31    5   -6    250.     33.    -40. 0.49578E+17     30.    -67.     -4.           0.4528
   31    5   -5    252.     35.    -42. 0.52290E+17     33.    -62.     -5.           0.5155
   31    5   -4    252.     36.    -44. 0.54690E+17     36.    -58.     -5.           0.5753
   31    5   -3    252.     37.    -46. 0.56751E+17     40.    -54.     -6.           0.6304
   31    5   -2    252.     37.    -48. 0.58452E+17     43.    -51.     -7.           0.6790
   31    5   -1    252.     38.    -50. 0.59779E+17     45.    -47.     -8.           0.7196
   31    5    0    251.     38.    -52. 0.60722E+17     48.    -44.     -8.           0.7507
   31    5    1    250.     38.    -54. 0.61276E+17     50.    -41.     -9.           0.7714
   31    5    2    249.     38.    -56. 0.61444E+17     53.    -38.    -10.           0.7811
   31    5    3    248.     38.    -58. 0.61230E+17     55.    -35.    -10.           0.7795
   31    5    4    247.     38.    -60. 0.60645E+17     57.    -32.    -11.           0.7665
   31    5    5    246.     38.    -63. 0.59706E+17     59.    -30.    -12.           0.7428
   31    5    6    244.     39.    -66. 0.58434E+17     60.    -27.    -13.           0.7091
   31    6   -6    257.     39.    -40. 0.41601E+17     35.    -51.     14.           0.4395
   31    6   -5    257.     40.    -42. 0.44062E+17     40.    -46.     14.           0.5029
   31    6   -4    257.     40.    -43. 0.46247E+17     44.    -42.     14.           0.5637
   31    6   -3    256.     40.    -45. 0.48131E+17     48.    -39.     13.           0.6201
   31    6   -2    256.     40.    -47. 0.49696E+17     52.    -35.     13.           0.6702
   31    6   -1    255.     40.    -48. 0.50925E+17     56.    -32.     12.           0.7124
   31    6    0    254.     40.    -50. 0.51808E+17     60.    -28.     12.           0.7453
   31    6    1    253.     40.    -52. 0.52338E+17     63.    -25.     11.           0.7679
   31    6    2    252.     40.    -54. 0.52514E+17     67.    -22.     11.           0.7794
   31    6    3    251.     40.    -56. 0.52338E+17     70.    -20.     10.           0.7795
   31    6    4    249.     40.    -58. 0.51817E+17     73.    -17.     10.           0.7681
   31    6    5    248.     40.    -61. 0.50961E+17     76.    -14.      9.           0.7457
   31    6    6    246.     40.    -63. 0.49788E+17     79.    -12.      9.           0.7130
   32    3   -6    276.     63.    -63. 0.34755E+17     94.     -1.     -5.           0.5633
   32    3   -5    275.     58.    -60. 0.35658E+17     81.     -9.    -10.           0.5766
   32    3   -4    274.     52.    -58. 0.37500E+17     72.    -14.    -14.           0.5844
   32    3   -3    273.     47.    -58. 0.40146E+17     66.    -17.    -17.           0.5865
   32    3   -2    271.     42.    -58. 0.43405E+17     62.    -19.    -19.           0.5828
   32    3   -1    269.     38.    -59. 0.47082E+17     60.    -19.    -21.           0.5735
   32    3    0    267.     34.    -61. 0.50994E+17     58.    -20.    -22.           0.5591
   32    3    1    266.     31.    -62. 0.54983E+17     56.    -21.    -23.           0.5401
   32    3    2    264.     28.    -64. 0.58912E+17     55.    -21.    -24.           0.5172
   32    3    3    263.     26.    -66. 0.62670E+17     53.    -22.    -24.           0.4911
   32    3    4    262.     24.    -68. 0.66161E+17     52.    -23.    -25.           0.4630
   32    3    5    261.     22.    -70. 0.69301E+17     51.    -24.    -25.           0.4337
   32    3    6    260.     21.    -72. 0.72023E+17     49.    -25.    -25.           0.4042
   32    4   -6    276.     63.    -61. 0.31839E+17     60.     28.     12.           0.5564
   32    4   -5    275.     58.    -61. 0.31770E+17     64.     26.     10.           0.5698
   32    4   -4    274.     53.    -61. 0.32218E+17     69.     24.      7.           0.5772
   32    4   -3     54.     49.   -118. 0.33183E+17     74.     22.      3.           0.5783
   32    4   -2    271.     43.    -64. 0.34624E+17     80.     20.     -0.           0.5733
   32    4   -1    269.     39.    -66. 0.36462E+17     80.     16.     -4.           0.5623
   32    4    0    267.     35.    -69. 0.38604E+17     82.     12.     -7.           0.5458
   32    4    1    265.     32.    -71. 0.40947E+17     84.      7.     -9.           0.5245
   32    4    2    264.     30.    -73. 0.43392E+17     86.      3.    -11.           0.4992
   32    4    3    263.     27.    -76. 0.45849E+17     86.     -1.    -13.           0.4708
   32    4    4    262.     25.    -77. 0.48238E+17     81.     -5.    -14.           0.4405
   32    4    5    262.     23.    -79. 0.50484E+17     76.     -9.    -15.           0.4093
   32    4    6    262.     22.    -80. 0.52527E+17     72.    -12.    -16.           0.3783
   32    5   -6    276.     62.    -60. 0.31905E+17     37.     43.     21.           0.5517
   32    5   -5    275.     58.    -60. 0.31839E+17     38.     43.     20.           0.5654
   32    5   -4    274.     53.    -61. 0.31982E+17     39.     42.     19.           0.5724
   32    5   -3     55.     48.   -117. 0.32350E+17     42.     42.     17.           0.5724
   32    5   -2    270.     44.    -67. 0.32946E+17     45.     40.     15.           0.5655
   32    5   -1    268.     40.    -70. 0.33756E+17     49.     38.     13.           0.5520
   32    5    0    266.     37.    -73. 0.34753E+17     55.     35.     11.           0.5326
   32    5    1    264.     34.    -76. 0.35902E+17     61.     31.      9.           0.5078
   32    5    2    262.     31.    -79. 0.37157E+17     68.     26.      6.           0.4787
   32    5    3    261.     29.    -81. 0.38471E+17     75.     21.      4.           0.4465
   32    5    4    261.     26.    -83. 0.39796E+17     83.     16.      1.           0.4122
   32    5    5    261.     24.    -84. 0.41083E+17     89.     10.     -1.           0.3772
   32    5    6    261.     23.    -85. 0.42289E+17     93.      4.     -4.           0.3427
   32    6   -6    280.     63.    -53. 0.32679E+17     22.     51.     27.           0.5453
   32    6   -5    279.     59.    -54. 0.32812E+17     22.     51.     27.           0.5579
   32    6   -4    277.     55.    -57. 0.32938E+17     22.     52.     26.           0.5633
   32    6   -3     53.     48.   -121. 0.33068E+17     23.     51.     26.           0.5612
   32    6   -2     58.     49.   -114. 0.33211E+17     25.     51.     25.           0.5518
   32    6   -1    269.     42.    -69. 0.33371E+17     28.     49.     24.           0.5354
   32    6    0    266.     39.    -73. 0.33552E+17     31.     46.     22.           0.5128
   32    6    1    264.     36.    -77. 0.33755E+17     36.     43.     21.           0.4847
   32    6    2    262.     33.    -80. 0.33977E+17     42.     39.     19.           0.4523
   32    6    3    261.     31.    -83. 0.34211E+17     48.     35.     17.           0.4167
   32    6    4     74.     61.    -93. 0.34451E+17     55.     30.     16.           0.3793
   32    6    5     76.     63.    -92. 0.34684E+17     62.     25.     14.           0.3414
   32    6    6     77.     65.    -91. 0.34900E+17     70.     19.     11.           0.3046
   33    3   -6    282.     65.    -65. 0.66769E+17     14.    -61.    -25.           0.5043
   33    3   -5    275.     60.    -60. 0.72770E+17      9.    -64.    -27.           0.5386
   33    3   -4     34.     51.   -126. 0.78739E+17      7.    -65.    -28.           0.5679
   33    3   -3    252.     43.    -52. 0.84543E+17      9.    -62.    -29.           0.5914
   33    3   -2    245.     38.    -53. 0.90084E+17     11.    -58.    -30.           0.6083
   33    3   -1    241.     35.    -54. 0.95261E+17     14.    -55.    -31.           0.6179
   33    3    0    238.     33.    -56. 0.10000E+18     16.    -52.    -32.           0.6200
   33    3    1    236.     32.    -58. 0.10423E+18     18.    -49.    -33.           0.6144
   33    3    2    234.     31.    -61. 0.10790E+18     20.    -46.    -34.           0.6014
   33    3    3    232.     30.    -63. 0.11095E+18     22.    -44.    -34.           0.5814
   33    3    4    230.     29.    -65. 0.11335E+18     23.    -42.    -35.           0.5550
   33    3    5    229.     28.    -68. 0.11505E+18     24.    -41.    -35.           0.5230
   33    3    6    227.     28.    -71. 0.11604E+18     25.    -39.    -36.           0.4867
   33    4   -6    280.     65.    -61. 0.53253E+17     20.    -67.    -13.           0.5008
   33    4   -5    274.     60.    -57. 0.57205E+17     15.    -69.    -16.           0.5355
   33    4   -4    266.     53.    -53. 0.61149E+17     14.    -68.    -18.           0.5656
   33    4   -3    259.     47.    -51. 0.64997E+17     15.    -65.    -20.           0.5900
   33    4   -2    253.     43.    -52. 0.68677E+17     17.    -62.    -21.           0.6079
   33    4   -1    249.     40.    -53. 0.72125E+17     20.    -58.    -23.           0.6188
   33    4    0    246.     38.    -54. 0.75285E+17     22.    -54.    -24.           0.6223
   33    4    1    243.     36.    -56. 0.78114E+17     24.    -51.    -25.           0.6182
   33    4    2    241.     34.    -59. 0.80565E+17     26.    -48.    -26.           0.6068
   33    4    3    239.     33.    -61. 0.82611E+17     28.    -45.    -27.           0.5883
   33    4    4    236.     32.    -64. 0.84223E+17     29.    -43.    -28.           0.5635
   33    4    5    234.     31.    -67. 0.85382E+17     30.    -41.    -29.           0.5331
   33    4    6    231.     30.    -70. 0.86069E+17     31.    -39.    -30.           0.4981
   33    5   -6    276.     64.    -58. 0.46073E+17     30.    -70.      0.           0.4948
   33    5   -5    272.     59.    -55. 0.48708E+17     26.    -71.     -3.           0.5298
   33    5   -4    266.     54.    -53. 0.51289E+17     25.    -70.     -5.           0.5602
   33    5   -3    261.     50.    -51. 0.53765E+17     25.    -67.     -8.           0.5851
   33    5   -2    257.     46.    -51. 0.56093E+17     27.    -63.    -10.           0.6035
   33    5   -1    254.     43.    -52. 0.58232E+17     29.    -59.    -12.           0.6150
   33    5    0    251.     41.    -53. 0.60149E+17     31.    -55.    -13.           0.6191
   33    5    1    248.     39.    -55. 0.61817E+17     34.    -51.    -15.           0.6156
   33    5    2    245.     37.    -57. 0.63214E+17     35.    -48.    -16.           0.6048
   33    5    3    243.     35.    -60. 0.64322E+17     37.    -45.    -18.           0.5868
   33    5    4    240.     34.    -63. 0.65128E+17     38.    -42.    -19.           0.5624
   33    5    5    237.     33.    -66. 0.65621E+17     39.    -40.    -21.           0.5324
   33    5    6    234.     32.    -69. 0.65798E+17     40.    -38.    -22.           0.4976
   33    6   -6    274.     63.    -54. 0.40530E+17     32.    -46.     22.           0.4856
   33    6   -5    271.     59.    -52. 0.42346E+17     30.    -49.     20.           0.5208
   33    6   -4    267.     55.    -50. 0.44056E+17     31.    -51.     18.           0.5515
   33    6   -3    263.     51.    -50. 0.45631E+17     34.    -52.     15.           0.5768
   33    6   -2    260.     48.    -50. 0.47045E+17     37.    -51.     12.           0.5957
   33    6   -1    257.     45.    -50. 0.48278E+17     40.    -50.      9.           0.6077
   33    6    0    254.     43.    -52. 0.49314E+17     44.    -49.      7.           0.6124
   33    6    1    251.     41.    -53. 0.50139E+17     48.    -47.      4.           0.6096
   33    6    2    249.     39.    -55. 0.50745E+17     53.    -46.      2.           0.5994
   33    6    3    246.     37.    -57. 0.51127E+17     56.    -44.     -0.           0.5820
   33    6    4    243.     36.    -60. 0.51283E+17     57.    -40.     -2.           0.5582
   33    6    5    240.     34.    -63. 0.51215E+17     58.    -38.     -4.           0.5285
   33    6    6    237.     33.    -67. 0.50926E+17     58.    -35.     -6.           0.4941
   34    3   -6    348.     89.    -96. 0.89330E+17     42.    -51.     -7.           0.6350
   34    3   -5    351.     86.    -99. 0.90939E+17     33.    -55.    -12.           0.6874
   34    3   -4    355.     83.   -102. 0.93147E+17     27.    -57.    -16.           0.7355
   34    3   -3    360.     80.   -105. 0.95917E+17     23.    -57.    -20.           0.7777
   34    3   -2    239.     23.    -39. 0.99193E+17     20.    -56.    -23.           0.8129
   34    3   -1    241.     28.    -44. 0.10289E+18     20.    -54.    -26.           0.8398
   34    3    0    243.     31.    -48. 0.10692E+18     20.    -51.    -29.           0.8578
   34    3    1    243.     34.    -54. 0.11116E+18     21.    -48.    -31.           0.8663
   34    3    2    241.     35.    -59. 0.11551E+18     22.    -45.    -33.           0.8650
   34    3    3    239.     36.    -64. 0.11987E+18     23.    -42.    -35.           0.8541
   34    3    4    237.     37.    -69. 0.12413E+18     23.    -41.    -36.           0.8339
   34    3    5    233.     38.    -74. 0.12818E+18     23.    -40.    -37.           0.8052
   34    3    6     36.     52.    -98. 0.13193E+18     22.    -40.    -38.           0.7687
   34    4   -6    161.     87.     93. 0.77448E+17     40.    -55.      5.           0.6178
   34    4   -5    165.     89.     97. 0.77302E+17     34.    -66.      0.           0.6692
   34    4   -4    350.     88.   -101. 0.77396E+17     27.    -69.     -4.           0.7169
   34    4   -3    356.     84.   -107. 0.77769E+17     22.    -70.     -8.           0.7594
   34    4   -2    248.     25.    -28. 0.78452E+17     21.    -67.    -11.           0.7955
   34    4   -1    250.     30.    -34. 0.79460E+17     23.    -63.    -14.           0.8241
   34    4    0    250.     33.    -40. 0.80790E+17     26.    -57.    -17.           0.8442
   34    4    1    249.     35.    -46. 0.82432E+17     29.    -51.    -20.           0.8554
   34    4    2    247.     36.    -52. 0.84352E+17     31.    -46.    -22.           0.8573
   34    4    3    244.     36.    -58. 0.86507E+17     33.    -42.    -25.           0.8500
   34    4    4    241.     36.    -64. 0.88845E+17     34.    -39.    -26.           0.8336
   34    4    5    236.     36.    -70. 0.91303E+17     34.    -38.    -28.           0.8089
   34    4    6    232.     37.    -76. 0.93810E+17     33.    -38.    -29.           0.7766
   34    5   -6    158.     87.     92. 0.66509E+17     25.    -68.      8.           0.6049
   34    5   -5    164.     90.     98. 0.66713E+17     18.    -76.      5.           0.6588
   34    5   -4    354.     86.   -108. 0.66890E+17     15.    -82.      3.           0.7089
   34    5   -3    255.     29.    -22. 0.67062E+17     17.    -83.      0.           0.7537
   34    5   -2    257.     35.    -29. 0.67253E+17     21.    -77.     -2.           0.7917
   34    5   -1    257.     38.    -35. 0.67482E+17     27.    -69.     -4.           0.8219
   34    5    0    256.     39.    -40. 0.67772E+17     33.    -61.     -6.           0.8432
   34    5    1    254.     39.    -45. 0.68139E+17     38.    -54.     -9.           0.8551
   34    5    2    251.     39.    -50. 0.68597E+17     42.    -47.    -10.           0.8573
   34    5    3    247.     38.    -55. 0.69151E+17     45.    -42.    -12.           0.8496
   34    5    4    243.     38.    -61. 0.69804E+17     47.    -39.    -14.           0.8323
   34    5    5    239.     38.    -68. 0.70545E+17     48.    -37.    -15.           0.8062
   34    5    6    233.     38.    -74. 0.71362E+17     47.    -36.    -17.           0.7719
   34    6   -6    157.     85.     92. 0.56814E+17     12.    -69.     19.           0.5937
   34    6   -5    171.     89.    108. 0.57184E+17      7.    -74.     18.           0.6484
   34    6   -4    264.     36.    -17. 0.57452E+17     10.    -73.     18.           0.6993
   34    6   -3    265.     42.    -24. 0.57628E+17     16.    -67.     17.           0.7448
   34    6   -2    265.     43.    -29. 0.57726E+17     23.    -60.     16.           0.7834
   34    6   -1    263.     43.    -33. 0.57763E+17     31.    -54.     15.           0.8140
   34    6    0    261.     43.    -37. 0.57755E+17     38.    -47.     14.           0.8357
   34    6    1    258.     42.    -42. 0.57720E+17     45.    -42.     13.           0.8476
   34    6    2    255.     41.    -47. 0.57676E+17     51.    -37.     12.           0.8496
   34    6    3    251.     40.    -52. 0.57639E+17     57.    -32.     11.           0.8416
   34    6    4    246.     39.    -58. 0.57624E+17     61.    -29.      9.           0.8237
   34    6    5    241.     38.    -64. 0.57640E+17     64.    -28.      8.           0.7967
   34    6    6     31.     55.   -104. 0.57694E+17     66.    -28.      6.           0.7614
   35    3   -6    250.     40.    -56. 0.73618E+17     16.    -54.    -30.           0.6127
   35    3   -5    247.     38.    -57. 0.78403E+17     18.    -52.    -31.           0.6625
   35    3   -4    244.     36.    -58. 0.82778E+17     19.    -50.    -31.           0.7043
   35    3   -3    242.     34.    -60. 0.86685E+17     21.    -48.    -32.           0.7368
   35    3   -2    240.     33.    -61. 0.90090E+17     22.    -46.    -32.           0.7590
   35    3   -1    238.     32.    -63. 0.92962E+17     23.    -44.    -32.           0.7701
   35    3    0    237.     31.    -65. 0.95266E+17     24.    -43.    -33.           0.7697
   35    3    1    235.     30.    -67. 0.96987E+17     25.    -42.    -33.           0.7579
   35    3    2    234.     30.    -69. 0.98110E+17     26.    -41.    -33.           0.7353
   35    3    3    232.     29.    -72. 0.98628E+17     27.    -40.    -33.           0.7025
   35    3    4    231.     29.    -74. 0.98545E+17     27.    -39.    -34.           0.6607
   35    3    5    229.     28.    -77. 0.97856E+17     27.    -39.    -34.           0.6114
   35    3    6    227.     28.    -79. 0.96585E+17     27.    -38.    -34.           0.5564
   35    4   -6    255.     42.    -52. 0.48948E+17     29.    -54.    -17.           0.5974
   35    4   -5    253.     40.    -53. 0.52430E+17     31.    -51.    -18.           0.6490
   35    4   -4    250.     38.    -55. 0.55645E+17     33.    -49.    -19.           0.6932
   35    4   -3    248.     36.    -56. 0.58554E+17     34.    -46.    -20.           0.7284
   35    4   -2    246.     35.    -58. 0.61128E+17     35.    -44.    -20.           0.7535
   35    4   -1    244.     34.    -60. 0.63347E+17     36.    -43.    -21.           0.7676
   35    4    0    242.     33.    -62. 0.65190E+17     37.    -41.    -22.           0.7702
   35    4    1    240.     32.    -64. 0.66644E+17     38.    -40.    -23.           0.7614
   35    4    2    238.     31.    -67. 0.67703E+17     38.    -39.    -23.           0.7415
   35    4    3    236.     31.    -69. 0.68365E+17     38.    -38.    -24.           0.7112
   35    4    4    234.     30.    -72. 0.68629E+17     38.    -37.    -25.           0.6716
   35    4    5    232.     30.    -75. 0.68503E+17     37.    -37.    -25.           0.6241
   35    4    6    230.     30.    -78. 0.67997E+17     37.    -37.    -26.           0.5703
   35    5   -6    258.     44.    -52. 0.39738E+17     48.    -51.     -1.           0.5931
   35    5   -5    255.     42.    -53. 0.42280E+17     49.    -49.     -2.           0.6458
   35    5   -4    253.     40.    -54. 0.44584E+17     50.    -46.     -3.           0.6911
   35    5   -3    251.     38.    -55. 0.46627E+17     52.    -44.     -4.           0.7275
   35    5   -2    249.     37.    -56. 0.48389E+17     53.    -42.     -5.           0.7538
   35    5   -1    247.     36.    -58. 0.49855E+17     53.    -40.     -6.           0.7690
   35    5    0    245.     35.    -60. 0.51015E+17     54.    -39.     -8.           0.7728
   35    5    1    243.     34.    -62. 0.51863E+17     54.    -37.     -9.           0.7649
   35    5    2    241.     33.    -65. 0.52398E+17     54.    -36.    -10.           0.7457
   35    5    3    239.     32.    -67. 0.52621E+17     54.    -35.    -11.           0.7159
   35    5    4    237.     32.    -70. 0.52540E+17     54.    -35.    -12.           0.6766
   35    5    5    234.     31.    -73. 0.52162E+17     53.    -35.    -13.           0.6290
   35    5    6    231.     31.    -76. 0.51506E+17     51.    -35.    -14.           0.5750
   35    6   -6    260.     45.    -50. 0.35064E+17     50.    -26.     24.           0.5867
   35    6   -5    258.     43.    -50. 0.37073E+17     52.    -25.     23.           0.6401
   35    6   -4    256.     42.    -51. 0.38853E+17     54.    -25.     21.           0.6864
   35    6   -3    254.     40.    -53. 0.40386E+17     56.    -24.     20.           0.7238
   35    6   -2    252.     39.    -54. 0.41658E+17     58.    -23.     19.           0.7512
   35    6   -1    250.     38.    -56. 0.42658E+17     60.    -22.     18.           0.7676
   35    6    0    248.     37.    -58. 0.43380E+17     61.    -22.     17.           0.7724
   35    6    1    246.     35.    -60. 0.43823E+17     63.    -21.     16.           0.7657
   35    6    2    244.     35.    -62. 0.43985E+17     64.    -21.     15.           0.7475
   35    6    3    241.     34.    -65. 0.43875E+17     65.    -21.     14.           0.7186
   35    6    4    239.     33.    -68. 0.43500E+17     66.    -22.     12.           0.6800
   35    6    5    236.     32.    -71. 0.42873E+17     67.    -23.     11.           0.6329
   35    6    6    233.     32.    -75. 0.42010E+17     67.    -24.      9.           0.5791
   36    3   -6    304.     76.    -57. 0.55344E+17     13.    -79.     -8.           0.6391
   36    3   -5    292.     65.    -49. 0.62321E+17      6.    -80.    -13.           0.6804
   36    3   -4    273.     48.    -38. 0.69796E+17      7.    -76.    -17.           0.7163
   36    3   -3    264.     40.    -38. 0.77472E+17     10.    -69.    -21.           0.7457
   36    3   -2    259.     36.    -40. 0.85125E+17     13.    -64.    -23.           0.7677
   36    3   -1    255.     34.    -43. 0.92579E+17     16.    -59.    -25.           0.7814
   36    3    0    252.     33.    -46. 0.99690E+17     18.    -55.    -27.           0.7864
   36    3    1    249.     32.    -48. 0.10634E+18     19.    -52.    -28.           0.7825
   36    3    2    246.     32.    -51. 0.11242E+18     21.    -50.    -30.           0.7698
   36    3    3    243.     31.    -54. 0.11786E+18     22.    -47.    -31.           0.7486
   36    3    4    240.     31.    -57. 0.12256E+18     22.    -46.    -32.           0.7197
   36    3    5    238.     30.    -60. 0.12647E+18     23.    -44.    -33.           0.6838
   36    3    6    235.     30.    -63. 0.12954E+18     24.    -42.    -34.           0.6421
   36    4   -6    298.     74.    -52. 0.50466E+17     26.    -72.      2.           0.6410
   36    4   -5    291.     67.    -48. 0.55885E+17     18.    -78.     -5.           0.6818
   36    4   -4    282.     57.    -43. 0.61794E+17     14.    -77.     -9.           0.7177
   36    4   -3    273.     48.    -40. 0.67932E+17     15.    -72.    -13.           0.7476
   36    4   -2    267.     43.    -40. 0.74095E+17     17.    -67.    -16.           0.7704
   36    4   -1    262.     39.    -41. 0.80123E+17     20.    -62.    -18.           0.7855
   36    4    0    257.     36.    -43. 0.85884E+17     22.    -58.    -20.           0.7923
   36    4    1    254.     34.    -46. 0.91273E+17     24.    -55.    -21.           0.7906
   36    4    2    250.     33.    -48. 0.96200E+17     26.    -52.    -23.           0.7804
   36    4    3    247.     32.    -51. 0.10059E+18     27.    -49.    -24.           0.7620
   36    4    4    244.     31.    -54. 0.10438E+18     28.    -46.    -25.           0.7361
   36    4    5    241.     30.    -57. 0.10753E+18     29.    -44.    -26.           0.7033
   36    4    6    238.     30.    -60. 0.10998E+18     30.    -43.    -27.           0.6646
   36    5   -6    291.     69.    -48. 0.45887E+17     41.    -48.     11.           0.6400
   36    5   -5    286.     64.    -46. 0.50241E+17     36.    -59.      5.           0.6795
   36    5   -4    281.     58.    -45. 0.54860E+17     33.    -67.      0.           0.7140
   36    5   -3    276.     53.    -44. 0.59570E+17     30.    -67.     -3.           0.7424
   36    5   -2    271.     48.    -43. 0.64226E+17     29.    -65.     -6.           0.7638
   36    5   -1    266.     44.    -44. 0.68717E+17     29.    -62.     -9.           0.7775
   36    5    0    262.     41.    -45. 0.72946E+17     30.    -59.    -11.           0.7829
   36    5    1    258.     39.    -46. 0.76836E+17     32.    -56.    -12.           0.7800
   36    5    2    254.     37.    -48. 0.80324E+17     33.    -53.    -14.           0.7688
   36    5    3    250.     35.    -50. 0.83355E+17     34.    -51.    -15.           0.7496
   36    5    4    247.     33.    -53. 0.85887E+17     35.    -48.    -17.           0.7231
   36    5    5    244.     32.    -55. 0.87886E+17     36.    -46.    -18.           0.6899
   36    5    6    240.     31.    -58. 0.89327E+17     38.    -44.    -19.           0.6511
   36    6   -6    289.     69.    -43. 0.42640E+17     46.    -28.     26.           0.6337
   36    6   -5    285.     64.    -43. 0.45714E+17     41.    -36.     24.           0.6709
   36    6   -4    281.     59.    -43. 0.48954E+17     38.    -41.     21.           0.7031
   36    6   -3    277.     55.    -42. 0.52244E+17     37.    -45.     18.           0.7291
   36    6   -2    273.     51.    -42. 0.55484E+17     37.    -48.     15.           0.7483
   36    6   -1    268.     47.    -43. 0.58590E+17     38.    -50.     11.           0.7600
   36    6    0    264.     44.    -44. 0.61492E+17     40.    -51.      8.           0.7637
   36    6    1    261.     41.    -45. 0.64132E+17     43.    -52.      5.           0.7593
   36    6    2    257.     39.    -46. 0.66462E+17     46.    -51.      3.           0.7469
   36    6    3    253.     37.    -48. 0.68441E+17     48.    -51.      1.           0.7269
   36    6    4    250.     35.    -50. 0.70037E+17     50.    -49.     -1.           0.6999
   36    6    5    246.     34.    -53. 0.71226E+17     51.    -46.     -3.           0.6666
   36    6    6    243.     33.    -55. 0.71990E+17     52.    -43.     -4.           0.6281
   37    3   -6    327.     80.    -93. 0.80376E+17     13.    -68.    -19.           0.5113
   37    3   -5    325.     79.    -91. 0.84324E+17      9.    -71.    -20.           0.5660
   37    3   -4    321.     78.    -89. 0.87837E+17      6.    -72.    -22.           0.6143
   37    3   -3    311.     76.    -82. 0.90882E+17      3.    -74.    -23.           0.6546
   37    3   -2    285.     68.    -65. 0.93442E+17      3.    -73.    -25.           0.6856
   37    3   -1    273.     62.    -60. 0.95504E+17      5.    -69.    -26.           0.7063
   37    3    0    268.     59.    -59. 0.97069E+17      7.    -65.    -28.           0.7161
   37    3    1    265.     58.    -60. 0.98138E+17     10.    -61.    -29.           0.7146
   37    3    2    262.     57.    -61. 0.98730E+17     13.    -57.    -30.           0.7021
   37    3    3    260.     56.    -63. 0.98859E+17     15.    -54.    -31.           0.6791
   37    3    4    257.     55.    -65. 0.98556E+17     17.    -50.    -33.           0.6465
   37    3    5    255.     54.    -67. 0.97854E+17     19.    -47.    -34.           0.6054
   37    3    6    252.     53.    -70. 0.96784E+17     21.    -44.    -35.           0.5576
   37    4   -6    295.     77.    -67. 0.53839E+17      4.    -90.     -6.           0.4898
   37    4   -5    277.     67.    -54. 0.56572E+17      6.    -86.     -8.           0.5442
   37    4   -4    271.     63.    -52. 0.59037E+17     10.    -80.    -10.           0.5927
   37    4   -3    268.     60.    -52. 0.61211E+17     13.    -75.    -12.           0.6336
   37    4   -2    266.     59.    -52. 0.63082E+17     16.    -70.    -14.           0.6656
   37    4   -1    264.     57.    -53. 0.64643E+17     20.    -65.    -16.           0.6876
   37    4    0    262.     56.    -55. 0.65892E+17     22.    -60.    -17.           0.6991
   37    4    1    260.     55.    -56. 0.66834E+17     25.    -56.    -19.           0.6996
   37    4    2    259.     54.    -58. 0.67484E+17     27.    -52.    -20.           0.6894
   37    4    3    257.     53.    -60. 0.67851E+17     29.    -49.    -22.           0.6688
   37    4    4    255.     52.    -62. 0.67960E+17     31.    -46.    -24.           0.6386
   37    4    5    253.     51.    -65. 0.67831E+17     32.    -43.    -25.           0.6001
   37    4    6    250.     50.    -68. 0.67494E+17     33.    -40.    -26.           0.5547
   37    5   -6    271.     64.    -48. 0.44917E+17     18.    -78.      4.           0.4838
   37    5   -5    268.     62.    -49. 0.47129E+17     23.    -75.      2.           0.5383
   37    5   -4    267.     60.    -49. 0.49074E+17     28.    -72.      0.           0.5869
   37    5   -3    265.     59.    -50. 0.50734E+17     31.    -67.     -1.           0.6281
   37    5   -2    264.     57.    -51. 0.52101E+17     35.    -62.     -3.           0.6605
   37    5   -1    262.     56.    -52. 0.53171E+17     38.    -58.     -5.           0.6831
   37    5    0    261.     55.    -54. 0.53943E+17     40.    -53.     -6.           0.6951
   37    5    1    259.     54.    -55. 0.54425E+17     43.    -50.     -8.           0.6963
   37    5    2    258.     53.    -57. 0.54628E+17     45.    -46.     -9.           0.6867
   37    5    3    256.     52.    -59. 0.54568E+17     47.    -43.    -11.           0.6667
   37    5    4    254.     51.    -62. 0.54265E+17     48.    -40.    -12.           0.6371
   37    5    5    252.     50.    -64. 0.53740E+17     49.    -37.    -14.           0.5989
   37    5    6    250.     49.    -67. 0.53026E+17     49.    -35.    -15.           0.5537
   37    6   -6    268.     62.    -44. 0.38800E+17     29.    -50.     21.           0.4785
   37    6   -5    267.     60.    -45. 0.40680E+17     33.    -47.     20.           0.5327
   37    6   -4    266.     59.    -46. 0.42303E+17     37.    -44.     18.           0.5811
   37    6   -3    265.     58.    -47. 0.43657E+17     41.    -41.     17.           0.6222
   37    6   -2    263.     57.    -49. 0.44733E+17     45.    -39.     16.           0.6547
   37    6   -1    262.     56.    -50. 0.45528E+17     49.    -36.     15.           0.6774
   37    6    0    261.     55.    -52. 0.46042E+17     53.    -34.     13.           0.6898
   37    6    1    260.     54.    -53. 0.46280E+17     57.    -31.     12.           0.6913
   37    6    2    258.     53.    -55. 0.46253E+17     61.    -29.     11.           0.6822
   37    6    3    256.     52.    -58. 0.45974E+17     64.    -27.      9.           0.6627
   37    6    4    255.     51.    -60. 0.45460E+17     67.    -25.      8.           0.6337
   37    6    5    253.     50.    -63. 0.44734E+17     70.    -24.      6.           0.5961
   37    6    6    250.     48.    -66. 0.43821E+17     72.    -23.      4.           0.5515
   38    3   -6    239.     25.    -52. 0.84027E+17     31.    -43.    -25.           0.6313
   38    3   -5    238.     26.    -52. 0.89302E+17     28.    -46.    -26.           0.6801
   38    3   -4    237.     26.    -52. 0.94001E+17     25.    -49.    -26.           0.7201
   38    3   -3    235.     27.    -52. 0.98067E+17     22.    -51.    -27.           0.7499
   38    3   -2    234.     27.    -52. 0.10145E+18     19.    -53.    -27.           0.7685
   38    3   -1    232.     27.    -53. 0.10412E+18     17.    -56.    -28.           0.7752
   38    3    0    230.     27.    -53. 0.10605E+18     14.    -57.    -28.           0.7699
   38    3    1    229.     28.    -53. 0.10721E+18     12.    -59.    -29.           0.7528
   38    3    2    227.     28.    -54. 0.10760E+18     10.    -61.    -29.           0.7245
   38    3    3    224.     28.    -55. 0.10722E+18      8.    -63.    -30.           0.6861
   38    3    4      3.     67.   -106. 0.10606E+18      5.    -64.    -30.           0.6390
   38    3    5    358.     68.   -105. 0.10418E+18      3.    -66.    -31.           0.5848
   38    3    6    342.     69.    -96. 0.10157E+18      1.    -67.    -31.           0.5254
   38    4   -6    248.     32.    -50. 0.59569E+17     43.    -40.    -17.           0.6047
   38    4   -5    247.     32.    -50. 0.63707E+17     39.    -43.    -18.           0.6557
   38    4   -4    247.     32.    -51. 0.67408E+17     35.    -46.    -19.           0.6982
   38    4   -3    246.     33.    -51. 0.70631E+17     32.    -49.    -19.           0.7307
   38    4   -2    246.     33.    -51. 0.73341E+17     29.    -51.    -20.           0.7522
   38    4   -1    246.     33.    -51. 0.75511E+17     27.    -53.    -20.           0.7619
   38    4    0    245.     34.    -52. 0.77118E+17     24.    -55.    -21.           0.7595
   38    4    1    245.     34.    -52. 0.78149E+17     22.    -57.    -22.           0.7451
   38    4    2    245.     35.    -52. 0.78595E+17     19.    -58.    -22.           0.7193
   38    4    3    245.     36.    -53. 0.78453E+17     17.    -60.    -23.           0.6829
   38    4    4    246.     37.    -54. 0.77731E+17     15.    -62.    -23.           0.6374
   38    4    5    246.     38.    -54. 0.76439E+17     13.    -63.    -24.           0.5843
   38    4    6    248.     40.    -55. 0.74598E+17     11.    -65.    -25.           0.5254
   38    5   -6    252.     36.    -51. 0.48061E+17     61.    -33.     -6.           0.5873
   38    5   -5    251.     36.    -51. 0.51341E+17     56.    -36.     -7.           0.6389
   38    5   -4    251.     36.    -51. 0.54261E+17     52.    -40.     -8.           0.6824
   38    5   -3    251.     36.    -51. 0.56787E+17     48.    -42.     -9.           0.7161
   38    5   -2    251.     36.    -51. 0.58895E+17     45.    -45.    -10.           0.7391
   38    5   -1    250.     36.    -52. 0.60559E+17     42.    -47.    -11.           0.7505
   38    5    0    250.     37.    -52. 0.61767E+17     39.    -50.    -11.           0.7499
   38    5    1    250.     37.    -53. 0.62505E+17     36.    -52.    -12.           0.7374
   38    5    2    250.     37.    -53. 0.62767E+17     34.    -53.    -13.           0.7134
   38    5    3    250.     38.    -54. 0.62553E+17     31.    -55.    -14.           0.6788
   38    5    4    250.     38.    -54. 0.61866E+17     29.    -57.    -14.           0.6348
   38    5    5    250.     39.    -55. 0.60720E+17     26.    -59.    -15.           0.5829
   38    5    6    250.     40.    -56. 0.59126E+17     23.    -61.    -16.           0.5250
   38    6   -6    254.     39.    -50. 0.41368E+17     74.    -14.     12.           0.5739
   38    6   -5    254.     39.    -50. 0.43941E+17     71.    -18.     11.           0.6259
   38    6   -4    254.     39.    -50. 0.46202E+17     68.    -22.     10.           0.6700
   38    6   -3    253.     39.    -51. 0.48126E+17     65.    -26.      9.           0.7047
   38    6   -2    253.     39.    -51. 0.49693E+17     62.    -30.      8.           0.7289
   38    6   -1    253.     39.    -51. 0.50886E+17     60.    -33.      7.           0.7417
   38    6    0    253.     39.    -52. 0.51693E+17     58.    -37.      6.           0.7427
   38    6    1    253.     39.    -52. 0.52107E+17     55.    -40.      4.           0.7319
   38    6    2    252.     39.    -53. 0.52126E+17     53.    -43.      3.           0.7096
   38    6    3    252.     39.    -54. 0.51748E+17     51.    -47.      2.           0.6767
   38    6    4    252.     39.    -54. 0.50980E+17     49.    -50.      1.           0.6343
   38    6    5    252.     40.    -55. 0.49833E+17     46.    -54.      0.           0.5838
   38    6    6    252.     40.    -56. 0.48320E+17     43.    -56.     -1.           0.5271
   39    3   -6    283.     72.    -67. 0.50736E+17     65.    -24.    -11.           0.5259
   39    3   -5    283.     69.    -64. 0.56375E+17     46.    -38.    -16.           0.5628
   39    3   -4    281.     65.    -61. 0.62898E+17     33.    -48.    -19.           0.5968
   39    3   -3    278.     61.    -59. 0.69946E+17     25.    -53.    -22.           0.6267
   39    3   -2    273.     56.    -56. 0.77215E+17     20.    -56.    -24.           0.6516
   39    3   -1    267.     50.    -54. 0.84487E+17     18.    -57.    -25.           0.6706
   39    3    0    261.     45.    -53. 0.91568E+17     18.    -55.    -27.           0.6831
   39    3    1    256.     41.    -53. 0.98316E+17     19.    -53.    -28.           0.6885
   39    3    2    251.     38.    -54. 0.10460E+18     20.    -51.    -29.           0.6866
   39    3    3    248.     36.    -55. 0.11033E+18     22.    -48.    -30.           0.6774
   39    3    4    244.     34.    -57. 0.11539E+18     23.    -46.    -31.           0.6611
   39    3    5    241.     33.    -59. 0.11973E+18     25.    -44.    -31.           0.6382
   39    3    6    238.     31.    -61. 0.12326E+18     26.    -42.    -32.           0.6092
   39    4   -6    285.     69.    -61. 0.47481E+17     63.    -33.     -4.           0.5293
   39    4   -5    283.     65.    -59. 0.52528E+17     47.    -44.     -9.           0.5674
   39    4   -4    279.     61.    -57. 0.58023E+17     37.    -50.    -12.           0.6024
   39    4   -3    275.     57.    -55. 0.63732E+17     31.    -54.    -15.           0.6331
   39    4   -2    271.     53.    -54. 0.69469E+17     28.    -55.    -17.           0.6586
   39    4   -1    266.     49.    -53. 0.75089E+17     27.    -55.    -19.           0.6780
   39    4    0    262.     45.    -53. 0.80469E+17     27.    -53.    -20.           0.6906
   39    4    1    258.     42.    -54. 0.85505E+17     27.    -51.    -21.           0.6960
   39    4    2    254.     40.    -55. 0.90114E+17     28.    -49.    -23.           0.6939
   39    4    3    251.     38.    -56. 0.94229E+17     29.    -47.    -24.           0.6844
   39    4    4    248.     36.    -58. 0.97783E+17     30.    -45.    -25.           0.6677
   39    4    5    245.     35.    -60. 0.10073E+18     31.    -44.    -25.           0.6443
   39    4    6    242.     33.    -62. 0.10302E+18     32.    -42.    -26.           0.6148
   39    5   -6    282.     65.    -58. 0.44346E+17     68.    -27.      5.           0.5266
   39    5   -5    280.     62.    -57. 0.48542E+17     60.    -39.      1.           0.5650
   39    5   -4    277.     59.    -56. 0.52899E+17     52.    -46.     -2.           0.6000
   39    5   -3    273.     55.    -55. 0.57277E+17     46.    -49.     -5.           0.6304
   39    5   -2    270.     52.    -54. 0.61559E+17     42.    -51.     -7.           0.6554
   39    5   -1    266.     49.    -54. 0.65653E+17     40.    -51.     -9.           0.6739
   39    5    0    263.     46.    -54. 0.69479E+17     39.    -50.    -10.           0.6855
   39    5    1    260.     44.    -55. 0.72971E+17     39.    -49.    -12.           0.6897
   39    5    2    257.     42.    -56. 0.76073E+17     39.    -48.    -13.           0.6863
   39    5    3    253.     40.    -57. 0.78740E+17     40.    -46.    -14.           0.6753
   39    5    4    250.     38.    -58. 0.80932E+17     40.    -45.    -15.           0.6571
   39    5    5    248.     37.    -60. 0.82620E+17     41.    -43.    -16.           0.6322
   39    5    6    245.     35.    -62. 0.83780E+17     41.    -41.    -17.           0.6014
   39    6   -6    283.     64.    -54. 0.41005E+17     67.    -12.     21.           0.5190
   39    6   -5    280.     61.    -53. 0.44283E+17     61.    -20.     19.           0.5563
   39    6   -4    277.     58.    -53. 0.47579E+17     56.    -27.     17.           0.5900
   39    6   -3    274.     55.    -53. 0.50803E+17     53.    -31.     16.           0.6191
   39    6   -2    271.     52.    -53. 0.53880E+17     51.    -35.     14.           0.6424
   39    6   -1    267.     50.    -53. 0.56750E+17     51.    -37.     12.           0.6593
   39    6    0    264.     48.    -53. 0.59360E+17     51.    -39.     10.           0.6692
   39    6    1    262.     46.    -54. 0.61665E+17     52.    -40.      8.           0.6717
   39    6    2    259.     44.    -55. 0.63629E+17     53.    -41.      6.           0.6667
   39    6    3    256.     42.    -56. 0.65222E+17     55.    -41.      4.           0.6542
   39    6    4    253.     40.    -57. 0.66423E+17     56.    -41.      2.           0.6347
   39    6    5    250.     39.    -58. 0.67212E+17     58.    -41.      1.           0.6087
   39    6    6    247.     37.    -60. 0.67579E+17     59.    -40.     -1.           0.5770
   40    3   -6    267.     56.    -76. 0.55002E+17     58.    -18.    -24.           0.7132
   40    3   -5    271.     53.    -68. 0.60781E+17     45.    -30.    -25.           0.7311
   40    3   -4    272.     51.    -62. 0.67681E+17     34.    -40.    -26.           0.7431
   40    3   -3    270.     47.    -58. 0.75217E+17     27.    -47.    -27.           0.7489
   40    3   -2    265.     42.    -54. 0.82996E+17     22.    -50.    -27.           0.7481
   40    3   -1    260.     37.    -52. 0.90723E+17     21.    -52.    -27.           0.7406
   40    3    0    254.     33.    -52. 0.98178E+17     21.    -51.    -28.           0.7267
   40    3    1    249.     29.    -52. 0.10516E+18     23.    -49.    -28.           0.7066
   40    3    2    244.     26.    -53. 0.11154E+18     25.    -47.    -28.           0.6810
   40    3    3    241.     24.    -55. 0.11717E+18     27.    -44.    -28.           0.6504
   40    3    4    238.     22.    -56. 0.12197E+18     30.    -42.    -28.           0.6159
   40    3    5    235.     21.    -58. 0.12585E+18     32.    -40.    -29.           0.5783
   40    3    6    232.     20.    -60. 0.12876E+18     34.    -37.    -29.           0.5387
   40    4   -6    272.     56.    -67. 0.46719E+17     75.    -17.     -9.           0.7168
   40    4   -5    273.     53.    -63. 0.52356E+17     56.    -31.    -13.           0.7370
   40    4   -4    273.     51.    -59. 0.58655E+17     44.    -41.    -16.           0.7511
   40    4   -3    270.     48.    -56. 0.65272E+17     36.    -47.    -18.           0.7586
   40    4   -2    267.     44.    -54. 0.71948E+17     30.    -50.    -19.           0.7591
   40    4   -1    263.     40.    -53. 0.78481E+17     28.    -52.    -21.           0.7527
   40    4    0    258.     37.    -53. 0.84715E+17     27.    -52.    -22.           0.7393
   40    4    1    254.     34.    -53. 0.90522E+17     26.    -51.    -23.           0.7195
   40    4    2    250.     31.    -54. 0.95797E+17     27.    -49.    -24.           0.6936
   40    4    3    246.     29.    -55. 0.10045E+18     28.    -47.    -25.           0.6626
   40    4    4    243.     27.    -56. 0.10441E+18     29.    -45.    -25.           0.6272
   40    4    5    239.     26.    -58. 0.10762E+18     30.    -43.    -26.           0.5885
   40    4    6    236.     24.    -60. 0.11003E+18     32.    -41.    -27.           0.5476
   40    5   -6    272.     54.    -66. 0.44146E+17     83.     -7.     10.           0.7192
   40    5   -5    272.     52.    -62. 0.48243E+17     72.    -23.      4.           0.7387
   40    5   -4    271.     50.    -59. 0.52778E+17     63.    -36.     -1.           0.7515
   40    5   -3    270.     48.    -57. 0.57526E+17     52.    -43.     -5.           0.7573
   40    5   -2    267.     45.    -56. 0.62312E+17     45.    -48.     -8.           0.7558
   40    5   -1    264.     42.    -55. 0.66987E+17     40.    -50.    -10.           0.7469
   40    5    0    261.     40.    -54. 0.71435E+17     37.    -51.    -12.           0.7310
   40    5    1    257.     37.    -54. 0.75557E+17     35.    -51.    -14.           0.7083
   40    5    2    254.     35.    -54. 0.79274E+17     34.    -50.    -15.           0.6796
   40    5    3    250.     33.    -55. 0.82519E+17     34.    -49.    -17.           0.6458
   40    5    4    247.     31.    -56. 0.85234E+17     34.    -47.    -18.           0.6078
   40    5    5    243.     29.    -58. 0.87379E+17     35.    -46.    -19.           0.5667
   40    5    6    240.     27.    -59. 0.88916E+17     36.    -44.    -20.           0.5238
   40    6   -6    273.     54.    -63. 0.43435E+17     66.      7.     27.           0.7142
   40    6   -5    273.     52.    -60. 0.45976E+17     69.     -6.     25.           0.7314
   40    6   -4    272.     50.    -57. 0.48748E+17     62.    -17.     22.           0.7417
   40    6   -3    271.     48.    -56. 0.51636E+17     56.    -25.     19.           0.7447
   40    6   -2    268.     46.    -55. 0.54537E+17     52.    -33.     16.           0.7403
   40    6   -1    266.     44.    -54. 0.57358E+17     49.    -39.     12.           0.7285
   40    6    0    263.     42.    -53. 0.60022E+17     48.    -44.      8.           0.7097
   40    6    1    260.     40.    -53. 0.62462E+17     48.    -48.      4.           0.6844
   40    6    2    257.     37.    -53. 0.64619E+17     48.    -50.      1.           0.6533
   40    6    3    253.     35.    -53. 0.66449E+17     48.    -51.     -1.           0.6173
   40    6    4    250.     33.    -54. 0.67914E+17     47.    -49.     -4.           0.5776
   40    6    5    247.     32.    -55. 0.68980E+17     47.    -47.     -6.           0.5353
   40    6    6    243.     30.    -57. 0.69629E+17     47.    -45.     -8.           0.4917
   41    3   -6    258.     51.    -75. 0.57423E+17     32.    -36.    -32.           0.4910
   41    3   -5    259.     51.    -71. 0.61774E+17     28.    -40.    -32.           0.5389
   41    3   -4    260.     50.    -68. 0.66037E+17     25.    -44.    -31.           0.5814
   41    3   -3    260.     49.    -66. 0.70112E+17     21.    -48.    -31.           0.6172
   41    3   -2     44.     48.   -116. 0.73933E+17     19.    -51.    -31.           0.6449
   41    3   -1    258.     47.    -62. 0.77415E+17     16.    -53.    -30.           0.6637
   41    3    0    256.     45.    -61. 0.80509E+17     14.    -55.    -30.           0.6727
   41    3    1    253.     43.    -59. 0.83157E+17     13.    -57.    -30.           0.6718
   41    3    2    249.     40.    -58. 0.85323E+17     12.    -58.    -30.           0.6609
   41    3    3    245.     38.    -58. 0.86955E+17     11.    -58.    -30.           0.6403
   41    3    4    240.     35.    -58. 0.88036E+17     12.    -58.    -30.           0.6109
   41    3    5    235.     33.    -59. 0.88538E+17     12.    -58.    -30.           0.5734
   41    3    6    231.     31.    -60. 0.88443E+17     13.    -57.    -31.           0.5293
   41    4   -6    258.     43.    -70. 0.41207E+17     50.    -32.    -18.           0.4853
   41    4   -5    259.     43.    -67. 0.44667E+17     44.    -37.    -18.           0.5344
   41    4   -4    259.     43.    -64. 0.48046E+17     40.    -42.    -18.           0.5784
   41    4   -3    259.     43.    -62. 0.51262E+17     35.    -46.    -18.           0.6158
   41    4   -2    258.     42.    -61. 0.54254E+17     32.    -50.    -18.           0.6452
   41    4   -1    257.     42.    -59. 0.56967E+17     29.    -53.    -18.           0.6655
   41    4    0    255.     41.    -58. 0.59353E+17     26.    -56.    -18.           0.6762
   41    4    1    253.     40.    -57. 0.61373E+17     24.    -58.    -19.           0.6767
   41    4    2    251.     39.    -57. 0.62998E+17     22.    -59.    -19.           0.6670
   41    4    3    249.     38.    -56. 0.64198E+17     20.    -60.    -19.           0.6474
   41    4    4    246.     36.    -56. 0.64957E+17     19.    -61.    -20.           0.6186
   41    4    5    242.     35.    -57. 0.65255E+17     18.    -62.    -20.           0.5815
   41    4    6    239.     33.    -57. 0.65085E+17     17.    -62.    -21.           0.5373
   41    5   -6    259.     39.    -68. 0.34516E+17     75.    -21.      4.           0.4863
   41    5   -5    260.     40.    -65. 0.37184E+17     68.    -29.      3.           0.5352
   41    5   -4    260.     40.    -62. 0.39775E+17     62.    -36.      2.           0.5790
   41    5   -3    260.     40.    -60. 0.42228E+17     56.    -42.      1.           0.6161
   41    5   -2    259.     40.    -59. 0.44491E+17     52.    -48.      0.           0.6453
   41    5   -1    258.     40.    -57. 0.46519E+17     47.    -53.     -1.           0.6655
   41    5    0    257.     40.    -57. 0.48276E+17     42.    -56.     -1.           0.6760
   41    5    1    256.     39.    -56. 0.49732E+17     38.    -59.     -2.           0.6765
   41    5    2    254.     39.    -55. 0.50863E+17     35.    -62.     -3.           0.6668
   41    5    3    252.     38.    -55. 0.51652E+17     32.    -64.     -4.           0.6473
   41    5    4    250.     37.    -55. 0.52083E+17     29.    -65.     -5.           0.6186
   41    5    5    247.     37.    -55. 0.52148E+17     27.    -67.     -6.           0.5816
   41    5    6    244.     36.    -55. 0.51846E+17     25.    -67.     -7.           0.5376
   41    6   -6    261.     38.    -66. 0.32614E+17     73.     -1.     26.           0.4859
   41    6   -5    262.     39.    -62. 0.34719E+17     66.     -8.     26.           0.5342
   41    6   -4    262.     40.    -60. 0.36712E+17     60.    -14.     26.           0.5774
   41    6   -3    262.     40.    -58. 0.38549E+17     55.    -20.     26.           0.6141
   41    6   -2    261.     40.    -57. 0.40192E+17     50.    -25.     25.           0.6429
   41    6   -1    260.     40.    -56. 0.41611E+17     46.    -29.     25.           0.6628
   41    6    0    259.     40.    -55. 0.42780E+17     43.    -33.     24.           0.6732
   41    6    1    258.     40.    -54. 0.43680E+17     40.    -37.     23.           0.6737
   41    6    2    257.     40.    -54. 0.44293E+17     37.    -41.     22.           0.6641
   41    6    3    255.     39.    -54. 0.44611E+17     35.    -44.     22.           0.6448
   41    6    4    253.     39.    -54. 0.44626E+17     32.    -47.     21.           0.6165
   41    6    5    251.     38.    -54. 0.44337E+17     30.    -50.     19.           0.5800
   41    6    6    248.     38.    -54. 0.43746E+17     29.    -54.     17.           0.5365
   42    3   -6    250.     61.    -99. 0.53395E+17     77.      4.    -19.           0.8209
   42    3   -5    263.     54.    -83. 0.54845E+17     75.     -0.    -24.           0.8245
   42    3   -4    272.     50.    -69. 0.60861E+17     57.    -17.    -26.           0.8237
   42    3   -3    274.     46.    -60. 0.70108E+17     42.    -32.    -26.           0.8184
   42    3   -2    271.     41.    -54. 0.81195E+17     34.    -41.    -26.           0.8088
   42    3   -1    266.     35.    -50. 0.93125E+17     31.    -44.    -25.           0.7951
   42    3    0    261.     29.    -49. 0.10521E+18     31.    -44.    -25.           0.7774
   42    3    1    256.     26.    -49. 0.11701E+18     33.    -42.    -24.           0.7563
   42    3    2    252.     23.    -50. 0.12817E+18     36.    -40.    -24.           0.7321
   42    3    3    249.     20.    -52. 0.13846E+18     39.    -37.    -24.           0.7055
   42    3    4    246.     19.    -53. 0.14767E+18     41.    -35.    -24.           0.6770
   42    3    5    244.     17.    -55. 0.15566E+18     44.    -33.    -23.           0.6474
   42    3    6    241.     16.    -57. 0.16231E+18     46.    -30.    -23.           0.6174
   42    4   -6    263.     55.    -85. 0.42929E+17     64.     33.     -3.           0.8238
   42    4   -5    274.     52.    -68. 0.47308E+17     82.      8.    -10.           0.8324
   42    4   -4    277.     49.    -59. 0.54839E+17     69.    -17.    -14.           0.8362
   42    4   -3    276.     45.    -54. 0.64259E+17     52.    -32.    -16.           0.8351
   42    4   -2    273.     40.    -51. 0.74624E+17     43.    -40.    -17.           0.8291
   42    4   -1    269.     35.    -49. 0.85302E+17     39.    -43.    -18.           0.8182
   42    4    0    264.     31.    -48. 0.95886E+17     38.    -43.    -19.           0.8028
   42    4    1    260.     28.    -49. 0.10609E+18     38.    -42.    -20.           0.7831
   42    4    2    256.     25.    -50. 0.11568E+18     39.    -40.    -20.           0.7597
   42    4    3    253.     23.    -51. 0.12449E+18     41.    -39.    -21.           0.7332
   42    4    4    250.     21.    -53. 0.13240E+18     42.    -37.    -21.           0.7042
   42    4    5    247.     20.    -55. 0.13928E+18     44.    -35.    -21.           0.6735
   42    4    6    244.     19.    -57. 0.14504E+18     45.    -33.    -22.           0.6419
   42    5   -6    268.     52.    -78. 0.42948E+17     52.     34.     13.           0.8275
   42    5   -5    275.     49.    -64. 0.47286E+17     80.     12.      8.           0.8368
   42    5   -4    276.     46.    -58. 0.53661E+17     86.    -11.      3.           0.8405
   42    5   -3    275.     43.    -54. 0.61286E+17     71.    -27.     -2.           0.8384
   42    5   -2    272.     39.    -51. 0.69554E+17     59.    -35.     -5.           0.8305
   42    5   -1    269.     36.    -50. 0.78028E+17     53.    -39.     -8.           0.8169
   42    5    0    265.     33.    -50. 0.86402E+17     50.    -41.     -9.           0.7981
   42    5    1    262.     30.    -50. 0.94451E+17     48.    -41.    -11.           0.7744
   42    5    2    258.     27.    -51. 0.10200E+18     48.    -40.    -12.           0.7467
   42    5    3    255.     25.    -52. 0.10891E+18     48.    -39.    -13.           0.7156
   42    5    4    252.     24.    -53. 0.11507E+18     49.    -37.    -14.           0.6820
   42    5    5    249.     22.    -55. 0.12039E+18     50.    -35.    -15.           0.6468
   42    5    6    246.     21.    -57. 0.12480E+18     51.    -34.    -16.           0.6111
   42    6   -6    273.     50.    -69. 0.44897E+17     35.     37.     28.           0.8229
   42    6   -5    278.     49.    -59. 0.48137E+17     56.     19.     25.           0.8292
   42    6   -4    278.     46.    -54. 0.52580E+17     76.      2.     22.           0.8292
   42    6   -3    276.     43.    -51. 0.57825E+17     69.    -12.     19.           0.8226
   42    6   -2    274.     40.    -49. 0.63518E+17     63.    -21.     16.           0.8096
   42    6   -1    271.     37.    -48. 0.69377E+17     60.    -28.     12.           0.7906
   42    6    0    268.     34.    -48. 0.75179E+17     58.    -33.      9.           0.7661
   42    6    1    265.     32.    -48. 0.80752E+17     59.    -36.      6.           0.7367
   42    6    2    261.     29.    -49. 0.85957E+17     60.    -37.      3.           0.7033
   42    6    3    258.     27.    -50. 0.90688E+17     61.    -38.      1.           0.6669
   42    6    4    255.     26.    -51. 0.94851E+17     62.    -37.     -1.           0.6285
   42    6    5    251.     24.    -52. 0.98381E+17     62.    -35.     -3.           0.5892
   42    6    6    248.     23.    -54. 0.10122E+18     62.    -33.     -5.           0.5502
   43    3   -6    270.     66.    -76. 0.53679E+17     51.    -26.    -24.           0.4358
   43    3   -5    272.     64.    -73. 0.57937E+17     41.    -34.    -25.           0.4766
   43    3   -4    272.     62.    -70. 0.62518E+17     34.    -40.    -26.           0.5145
   43    3   -3    272.     59.    -67. 0.67257E+17     27.    -46.    -27.           0.5485
   43    3   -2    270.     56.    -64. 0.72030E+17     22.    -50.    -28.           0.5773
   43    3   -1    266.     53.    -62. 0.76711E+17     19.    -52.    -28.           0.6001
   43    3    0     40.     49.   -120. 0.81204E+17     17.    -54.    -29.           0.6159
   43    3    1    257.     45.    -58. 0.85420E+17     17.    -54.    -30.           0.6244
   43    3    2    252.     42.    -58. 0.89279E+17     17.    -53.    -30.           0.6250
   43    3    3    248.     38.    -58. 0.92711E+17     18.    -51.    -30.           0.6179
   43    3    4    244.     36.    -59. 0.95659E+17     20.    -50.    -31.           0.6032
   43    3    5    241.     34.    -61. 0.98066E+17     21.    -48.    -31.           0.5812
   43    3    6    238.     32.    -62. 0.99889E+17     23.    -46.    -31.           0.5528
   43    4   -6    275.     60.    -66. 0.43288E+17     48.    -37.    -15.           0.4204
   43    4   -5    274.     57.    -64. 0.47587E+17     41.    -43.    -16.           0.4643
   43    4   -4    272.     55.    -62. 0.51865E+17     35.    -48.    -17.           0.5054
   43    4   -3    269.     52.    -60. 0.56029E+17     31.    -51.    -18.           0.5424
   43    4   -2     43.     49.   -121. 0.60004E+17     29.    -53.    -19.           0.5740
   43    4   -1    263.     47.    -58. 0.63727E+17     27.    -53.    -19.           0.5992
   43    4    0    260.     44.    -57. 0.67142E+17     27.    -53.    -20.           0.6171
   43    4    1    257.     42.    -57. 0.70196E+17     27.    -53.    -21.           0.6271
   43    4    2    254.     40.    -58. 0.72847E+17     27.    -52.    -21.           0.6288
   43    4    3    251.     38.    -58. 0.75061E+17     28.    -50.    -22.           0.6221
   43    4    4    248.     36.    -59. 0.76809E+17     29.    -49.    -23.           0.6073
   43    4    5    245.     35.    -61. 0.78065E+17     29.    -47.    -23.           0.5847
   43    4    6    243.     34.    -62. 0.78812E+17     30.    -46.    -24.           0.5552
   43    5   -6    275.     54.    -60. 0.37572E+17     60.    -39.      1.           0.4117
   43    5   -5    273.     52.    -58. 0.41278E+17     54.    -45.     -1.           0.4567
   43    5   -4    271.     50.    -58. 0.44859E+17     49.    -49.     -3.           0.4988
   43    5   -3    268.     48.    -57. 0.48249E+17     45.    -51.     -4.           0.5366
   43    5   -2    266.     46.    -57. 0.51401E+17     43.    -52.     -5.           0.5689
   43    5   -1    263.     45.    -56. 0.54274E+17     41.    -52.     -6.           0.5947
   43    5    0    260.     43.    -57. 0.56828E+17     41.    -52.     -7.           0.6129
   43    5    1    258.     41.    -57. 0.59034E+17     40.    -52.     -8.           0.6231
   43    5    2    255.     40.    -57. 0.60866E+17     40.    -51.     -9.           0.6248
   43    5    3    253.     38.    -58. 0.62301E+17     40.    -50.    -10.           0.6179
   43    5    4    251.     37.    -59. 0.63323E+17     40.    -49.    -11.           0.6027
   43    5    5    248.     36.    -60. 0.63921E+17     41.    -47.    -12.           0.5797
   43    5    6    246.     35.    -62. 0.64088E+17     41.    -46.    -13.           0.5495
   43    6   -6    277.     52.    -55. 0.34697E+17     57.    -21.     23.           0.4051
   43    6   -5     46.     51.   -125. 0.37685E+17     53.    -25.     22.           0.4496
   43    6   -4    272.     49.    -54. 0.40503E+17     50.    -29.     21.           0.4912
   43    6   -3    269.     47.    -54. 0.43109E+17     48.    -32.     20.           0.5284
   43    6   -2    267.     46.    -54. 0.45469E+17     47.    -34.     19.           0.5601
   43    6   -1    265.     44.    -55. 0.47553E+17     47.    -36.     17.           0.5852
   43    6    0    262.     43.    -55. 0.49335E+17     47.    -37.     16.           0.6029
   43    6    1    260.     42.    -55. 0.50795E+17     47.    -38.     15.           0.6125
   43    6    2    258.     41.    -56. 0.51918E+17     48.    -38.     14.           0.6137
   43    6    3    256.     40.    -57. 0.52690E+17     49.    -39.     13.           0.6064
   43    6    4    253.     39.    -58. 0.53103E+17     50.    -39.     11.           0.5908
   43    6    5    251.     38.    -59. 0.53152E+17     51.    -39.     10.           0.5674
   43    6    6    248.     37.    -60. 0.52839E+17     52.    -40.      8.           0.5371
   44    3   -6    265.     50.    -62. 0.68115E+17     20.    -51.    -28.           0.6186
   44    3   -5    261.     46.    -60. 0.75262E+17     17.    -53.    -29.           0.6482
   44    3   -4    256.     42.    -58. 0.82253E+17     16.    -54.    -30.           0.6715
   44    3   -3    251.     38.    -57. 0.88947E+17     16.    -54.    -30.           0.6878
   44    3   -2    247.     35.    -57. 0.95212E+17     16.    -53.    -31.           0.6964
   44    3   -1    243.     33.    -58. 0.10096E+18     17.    -51.    -31.           0.6971
   44    3    0    239.     31.    -59. 0.10609E+18     19.    -50.    -32.           0.6898
   44    3    1    237.     29.    -60. 0.11054E+18     20.    -48.    -32.           0.6746
   44    3    2    234.     28.    -61. 0.11424E+18     21.    -47.    -32.           0.6520
   44    3    3    232.     27.    -62. 0.11714E+18     22.    -45.    -33.           0.6226
   44    3    4    230.     26.    -64. 0.11920E+18     23.    -44.    -33.           0.5873
   44    3    5    228.     25.    -65. 0.12038E+18     24.    -42.    -34.           0.5471
   44    3    6    226.     24.    -67. 0.12067E+18     25.    -41.    -34.           0.5033
   44    4   -6    267.     52.    -60. 0.53677E+17     30.    -54.    -16.           0.6194
   44    4   -5    264.     49.    -58. 0.59447E+17     26.    -56.    -18.           0.6498
   44    4   -4    260.     45.    -56. 0.65146E+17     23.    -57.    -20.           0.6744
   44    4   -3    256.     42.    -55. 0.70649E+17     22.    -57.    -21.           0.6925
   44    4   -2    252.     39.    -55. 0.75848E+17     22.    -56.    -22.           0.7033
   44    4   -1    249.     37.    -55. 0.80659E+17     22.    -54.    -23.           0.7065
   44    4    0    245.     34.    -56. 0.85006E+17     23.    -53.    -24.           0.7019
   44    4    1    243.     33.    -57. 0.88826E+17     24.    -51.    -25.           0.6896
   44    4    2    240.     31.    -58. 0.92071E+17     25.    -49.    -26.           0.6699
   44    4    3    238.     30.    -60. 0.94692E+17     26.    -48.    -27.           0.6435
   44    4    4    235.     29.    -61. 0.96659E+17     26.    -46.    -28.           0.6110
   44    4    5    233.     28.    -63. 0.97940E+17     27.    -44.    -28.           0.5735
   44    4    6    231.     27.    -65. 0.98521E+17     28.    -43.    -29.           0.5321
   44    5   -6    267.     53.    -60. 0.46937E+17     46.    -54.     -0.           0.6213
   44    5   -5     40.     50.   -122. 0.51123E+17     39.    -57.     -4.           0.6510
   44    5   -4    261.     47.    -56. 0.55271E+17     35.    -58.     -6.           0.6750
   44    5   -3    258.     44.    -55. 0.59277E+17     33.    -58.     -9.           0.6924
   44    5   -2    255.     42.    -55. 0.63059E+17     31.    -58.    -11.           0.7027
   44    5   -1    252.     39.    -55. 0.66545E+17     31.    -56.    -13.           0.7054
   44    5    0    249.     37.    -55. 0.69675E+17     31.    -55.    -14.           0.7005
   44    5    1    247.     35.    -56. 0.72403E+17     31.    -53.    -16.           0.6880
   44    5    2    244.     34.    -57. 0.74686E+17     31.    -51.    -17.           0.6682
   44    5    3    242.     32.    -58. 0.76489E+17     32.    -50.    -18.           0.6418
   44    5    4    239.     31.    -59. 0.77789E+17     33.    -48.    -20.           0.6094
   44    5    5    237.     30.    -61. 0.78566E+17     33.    -46.    -21.           0.5721
   44    5    6    234.     29.    -63. 0.78809E+17     34.    -44.    -22.           0.5310
   44    6   -6    267.     53.    -58. 0.42851E+17     45.    -30.     25.           0.6168
   44    6   -5    265.     51.    -56. 0.45608E+17     42.    -36.     22.           0.6454
   44    6   -4    263.     48.    -55. 0.48314E+17     40.    -41.     19.           0.6683
   44    6   -3    260.     46.    -54. 0.50902E+17     40.    -44.     16.           0.6847
   44    6   -2    258.     44.    -53. 0.53314E+17     41.    -48.     12.           0.6941
   44    6   -1    255.     42.    -53. 0.55500E+17     42.    -50.      8.           0.6960
   44    6    0    253.     40.    -53. 0.57419E+17     43.    -52.      5.           0.6904
   44    6    1    250.     38.    -54. 0.59037E+17     45.    -53.      2.           0.6774
   44    6    2    248.     36.    -54. 0.60324E+17     46.    -54.     -0.           0.6574
   44    6    3    246.     35.    -55. 0.61261E+17     46.    -51.     -3.           0.6308
   44    6    4    243.     33.    -57. 0.61829E+17     46.    -49.     -5.           0.5986
   44    6    5    241.     32.    -58. 0.62019E+17     46.    -47.     -7.           0.5616
   44    6    6    238.     31.    -60. 0.61825E+17     46.    -45.     -9.           0.5208
   45    3   -6    269.     53.    -72. 0.54890E+17     41.    -29.    -30.           0.5685
   45    3   -5    269.     51.    -69. 0.60083E+17     35.    -35.    -30.           0.6071
   45    3   -4    269.     50.    -66. 0.65232E+17     30.    -40.    -30.           0.6401
   45    3   -3     51.     48.   -116. 0.70218E+17     26.    -43.    -30.           0.6664
   45    3   -2    266.     46.    -61. 0.74924E+17     24.    -46.    -30.           0.6851
   45    3   -1    263.     44.    -60. 0.79273E+17     22.    -48.    -30.           0.6955
   45    3    0    260.     41.    -59. 0.83179E+17     20.    -50.    -30.           0.6974
   45    3    1    256.     39.    -58. 0.86580E+17     20.    -50.    -30.           0.6904
   45    3    2    253.     36.    -57. 0.89416E+17     20.    -50.    -30.           0.6749
   45    3    3    249.     34.    -58. 0.91635E+17     20.    -50.    -30.           0.6512
   45    3    4    246.     32.    -58. 0.93217E+17     21.    -49.    -30.           0.6201
   45    3    5    242.     31.    -59. 0.94113E+17     22.    -48.    -30.           0.5825
   45    3    6    239.     29.    -60. 0.94308E+17     23.    -47.    -30.           0.5397
   45    4   -6    273.     50.    -65. 0.42661E+17     56.    -26.    -17.           0.5634
   45    4   -5     54.     48.   -117. 0.47348E+17     48.    -34.    -18.           0.6029
   45    4   -4    271.     47.    -61. 0.51968E+17     42.    -39.    -19.           0.6367
   45    4   -3    269.     45.    -59. 0.56424E+17     37.    -43.    -20.           0.6637
   45    4   -2    267.     43.    -58. 0.60627E+17     34.    -46.    -20.           0.6830
   45    4   -1    264.     41.    -57. 0.64511E+17     31.    -48.    -21.           0.6939
   45    4    0    262.     39.    -56. 0.68015E+17     30.    -49.    -21.           0.6961
   45    4    1    259.     38.    -56. 0.71087E+17     29.    -50.    -22.           0.6895
   45    4    2    256.     36.    -56. 0.73684E+17     28.    -50.    -22.           0.6741
   45    4    3    253.     34.    -57. 0.75768E+17     28.    -50.    -22.           0.6505
   45    4    4    250.     32.    -57. 0.77319E+17     28.    -49.    -23.           0.6194
   45    4    5    247.     31.    -58. 0.78305E+17     29.    -48.    -23.           0.5818
   45    4    6    244.     30.    -59. 0.78715E+17     29.    -47.    -23.           0.5388
   45    5   -6    274.     48.    -62. 0.37496E+17     78.    -20.      1.           0.5633
   45    5   -5    273.     47.    -60. 0.41255E+17     69.    -30.     -1.           0.6019
   45    5   -4    271.     45.    -59. 0.44934E+17     60.    -36.     -3.           0.6346
   45    5   -3    270.     44.    -57. 0.48450E+17     54.    -41.     -5.           0.6602
   45    5   -2    268.     42.    -57. 0.51741E+17     49.    -45.     -6.           0.6780
   45    5   -1    266.     41.    -56. 0.54753E+17     45.    -47.     -8.           0.6873
   45    5    0    263.     39.    -56. 0.57441E+17     43.    -49.     -9.           0.6878
   45    5    1    261.     38.    -56. 0.59766E+17     41.    -50.    -10.           0.6795
   45    5    2    258.     36.    -56. 0.61694E+17     39.    -50.    -11.           0.6625
   45    5    3    255.     35.    -56. 0.63201E+17     38.    -50.    -12.           0.6374
   45    5    4    253.     34.    -57. 0.64267E+17     38.    -50.    -12.           0.6050
   45    5    5    250.     32.    -57. 0.64875E+17     37.    -49.    -13.           0.5662
   45    5    6    247.     31.    -58. 0.65020E+17     37.    -49.    -14.           0.5223
   45    6   -6    277.     48.    -57. 0.35369E+17     73.     -3.     23.           0.5585
   45    6   -5    275.     46.    -56. 0.38127E+17     66.    -12.     22.           0.5948
   45    6   -4    274.     45.    -55. 0.40777E+17     61.    -19.     20.           0.6251
   45    6   -3    272.     44.    -54. 0.43267E+17     57.    -25.     19.           0.6483
   45    6   -2    270.     43.    -54. 0.45549E+17     53.    -29.     17.           0.6636
   45    6   -1    268.     42.    -54. 0.47585E+17     51.    -33.     16.           0.6704
   45    6    0    266.     40.    -54. 0.49344E+17     49.    -36.     14.           0.6687
   45    6    1    263.     39.    -54. 0.50800E+17     48.    -39.     13.           0.6583
   45    6    2    261.     38.    -54. 0.51931E+17     47.    -42.     11.           0.6395
   45    6    3    258.     36.    -54. 0.52720E+17     47.    -44.      9.           0.6130
   45    6    4    256.     35.    -55. 0.53157E+17     47.    -46.      7.           0.5796
   45    6    5    253.     34.    -55. 0.53234E+17     48.    -47.      5.           0.5403
   45    6    6    250.     33.    -56. 0.52948E+17     49.    -48.      4.           0.4963
   46    3   -6    322.     75.    -88. 0.79229E+17      6.    -68.    -26.           0.3921
   46    3   -5    333.     74.    -95. 0.82987E+17      4.    -70.    -26.           0.4413
   46    3   -4    351.     70.   -106. 0.86227E+17      4.    -69.    -27.           0.4872
   46    3   -3    229.     32.    -49. 0.88918E+17      5.    -67.    -28.           0.5282
   46    3   -2    236.     35.    -50. 0.91043E+17      8.    -64.    -28.           0.5630
   46    3   -1    238.     36.    -51. 0.92596E+17     10.    -61.    -29.           0.5905
   46    3    0    240.     37.    -53. 0.93570E+17     12.    -58.    -30.           0.6097
   46    3    1    241.     37.    -54. 0.93967E+17     15.    -55.    -30.           0.6202
   46    3    2    241.     37.    -56. 0.93802E+17     17.    -52.    -31.           0.6216
   46    3    3    241.     37.    -58. 0.93086E+17     19.    -49.    -32.           0.6138
   46    3    4    240.     37.    -60. 0.91855E+17     22.    -46.    -32.           0.5974
   46    3    5    240.     36.    -63. 0.90136E+17     24.    -43.    -33.           0.5728
   46    3    6    239.     36.    -66. 0.87966E+17     26.    -40.    -34.           0.5409
   46    4   -6    250.     43.    -46. 0.55373E+17      5.    -78.    -17.           0.3738
   46    4   -5    249.     42.    -47. 0.58234E+17     10.    -72.    -18.           0.4257
   46    4   -4    248.     41.    -48. 0.60753E+17     14.    -68.    -18.           0.4749
   46    4   -3    248.     40.    -49. 0.62910E+17     18.    -63.    -19.           0.5200
   46    4   -2    248.     40.    -50. 0.64681E+17     21.    -59.    -19.           0.5594
   46    4   -1    247.     39.    -51. 0.66056E+17     25.    -55.    -20.           0.5919
   46    4    0    247.     39.    -53. 0.67028E+17     28.    -52.    -21.           0.6164
   46    4    1    246.     38.    -54. 0.67597E+17     31.    -48.    -21.           0.6321
   46    4    2    245.     38.    -56. 0.67765E+17     33.    -45.    -22.           0.6385
   46    4    3    244.     37.    -58. 0.67543E+17     36.    -41.    -23.           0.6355
   46    4    4    243.     37.    -60. 0.66944E+17     39.    -38.    -23.           0.6232
   46    4    5    242.     36.    -63. 0.65988E+17     41.    -35.    -24.           0.6021
   46    4    6    241.     36.    -66. 0.64701E+17     43.    -32.    -25.           0.5730
   46    5   -6    256.     46.    -47. 0.43840E+17     19.    -75.     -6.           0.3602
   46    5   -5    254.     44.    -47. 0.46207E+17     25.    -69.     -7.           0.4138
   46    5   -4    253.     43.    -48. 0.48309E+17     30.    -63.     -7.           0.4654
   46    5   -3    252.     42.    -48. 0.50125E+17     34.    -58.     -7.           0.5134
   46    5   -2    251.     41.    -50. 0.51635E+17     39.    -53.     -8.           0.5561
   46    5   -1    250.     40.    -51. 0.52826E+17     43.    -48.     -8.           0.5922
   46    5    0    250.     40.    -52. 0.53690E+17     47.    -44.     -9.           0.6205
   46    5    1    249.     39.    -54. 0.54222E+17     51.    -40.    -10.           0.6400
   46    5    2    248.     38.    -56. 0.54423E+17     54.    -36.    -10.           0.6502
   46    5    3    247.     38.    -58. 0.54299E+17     58.    -32.    -11.           0.6507
   46    5    4    245.     37.    -60. 0.53859E+17     61.    -28.    -11.           0.6416
   46    5    5    244.     36.    -63. 0.53117E+17     63.    -24.    -12.           0.6231
   46    5    6    242.     36.    -66. 0.52089E+17     66.    -21.    -13.           0.5959
   46    6   -6    258.     47.    -46. 0.36464E+17     31.    -56.     13.           0.3490
   46    6   -5    257.     46.    -46. 0.38618E+17     37.    -50.     13.           0.4037
   46    6   -4    256.     44.    -47. 0.40551E+17     43.    -44.     13.           0.4569
   46    6   -3    255.     43.    -47. 0.42239E+17     48.    -39.     13.           0.5068
   46    6   -2    254.     42.    -48. 0.43663E+17     53.    -35.     12.           0.5519
   46    6   -1    253.     42.    -50. 0.44809E+17     58.    -30.     12.           0.5906
   46    6    0    252.     41.    -51. 0.45665E+17     63.    -25.     11.           0.6217
   46    6    1    251.     40.    -52. 0.46228E+17     68.    -21.     11.           0.6442
   46    6    2    250.     39.    -54. 0.46493E+17     73.    -17.     10.           0.6573
   46    6    3    249.     39.    -56. 0.46462E+17     78.    -13.      9.           0.6607
   46    6    4    247.     38.    -59. 0.46141E+17     82.     -9.      9.           0.6541
   46    6    5    246.     37.    -61. 0.45538E+17     87.     -5.      8.           0.6379
   46    6    6    243.     37.    -65. 0.44667E+17     91.     -2.      7.           0.6126
   47    3   -6    273.     63.    -68. 0.58794E+17     38.    -40.    -22.           0.5439
   47    3   -5    272.     60.    -65. 0.62885E+17     31.    -45.    -24.           0.5712
   47    3   -4    270.     57.    -63. 0.67012E+17     26.    -49.    -25.           0.5932
   47    3   -3    267.     54.    -60. 0.71059E+17     23.    -52.    -25.           0.6090
   47    3   -2     39.     50.   -122. 0.74922E+17     21.    -53.    -26.           0.6182
   47    3   -1    259.     46.    -57. 0.78515E+17     20.    -53.    -27.           0.6202
   47    3    0    255.     42.    -56. 0.81760E+17     21.    -52.    -27.           0.6151
   47    3    1    251.     39.    -56. 0.84592E+17     22.    -51.    -28.           0.6027
   47    3    2    248.     37.    -57. 0.86956E+17     23.    -49.    -28.           0.5835
   47    3    3    245.     34.    -58. 0.88806E+17     25.    -47.    -29.           0.5581
   47    3    4    242.     32.    -60. 0.90102E+17     26.    -45.    -29.           0.5271
   47    3    5    240.     31.    -61. 0.90817E+17     28.    -43.    -30.           0.4915
   47    3    6    237.     29.    -63. 0.90930E+17     29.    -41.    -30.           0.4526
   47    4   -6    270.     60.    -66. 0.51377E+17     46.    -40.    -15.           0.5405
   47    4   -5    269.     57.    -64. 0.54491E+17     41.    -44.    -16.           0.5673
   47    4   -4    267.     54.    -62. 0.57535E+17     37.    -46.    -17.           0.5885
   47    4   -3    264.     51.    -61. 0.60438E+17     34.    -48.    -18.           0.6034
   47    4   -2    262.     49.    -60. 0.63133E+17     33.    -48.    -19.           0.6113
   47    4   -1    259.     46.    -60. 0.65565E+17     33.    -48.    -19.           0.6121
   47    4    0    256.     43.    -60. 0.67687E+17     33.    -47.    -20.           0.6056
   47    4    1    253.     41.    -60. 0.69457E+17     33.    -46.    -21.           0.5919
   47    4    2    251.     39.    -61. 0.70841E+17     34.    -45.    -21.           0.5714
   47    4    3    248.     37.    -62. 0.71817E+17     35.    -43.    -22.           0.5448
   47    4    4    246.     35.    -63. 0.72364E+17     36.    -42.    -23.           0.5128
   47    4    5    243.     33.    -65. 0.72464E+17     37.    -40.    -23.           0.4765
   47    4    6    240.     32.    -67. 0.72114E+17     38.    -39.    -24.           0.4371
   47    5   -6    268.     57.    -65. 0.45643E+17     61.    -36.     -3.           0.5310
   47    5   -5    267.     55.    -63. 0.48157E+17     56.    -40.     -4.           0.5576
   47    5   -4    265.     52.    -62. 0.50545E+17     52.    -42.     -5.           0.5786
   47    5   -3    263.     50.    -62. 0.52759E+17     50.    -44.     -6.           0.5930
   47    5   -2    261.     48.    -61. 0.54750E+17     49.    -44.     -7.           0.6006
   47    5   -1    258.     45.    -61. 0.56484E+17     48.    -44.     -8.           0.6008
   47    5    0    256.     43.    -62. 0.57924E+17     47.    -43.     -9.           0.5938
   47    5    1    254.     41.    -62. 0.59046E+17     47.    -43.    -10.           0.5795
   47    5    2    252.     40.    -63. 0.59831E+17     48.    -42.    -11.           0.5585
   47    5    3    249.     38.    -64. 0.60260E+17     48.    -41.    -12.           0.5314
   47    5    4    247.     36.    -66. 0.60328E+17     48.    -39.    -12.           0.4990
   47    5    5    244.     35.    -67. 0.60027E+17     49.    -38.    -13.           0.4623
   47    5    6    242.     33.    -69. 0.59362E+17     49.    -37.    -14.           0.4226
   47    6   -6    268.     56.    -63. 0.41423E+17     64.    -20.     16.           0.5218
   47    6   -5    266.     54.    -62. 0.43462E+17     61.    -24.     15.           0.5476
   47    6   -4    265.     52.    -62. 0.45321E+17     59.    -26.     15.           0.5676
   47    6   -3    263.     50.    -61. 0.46966E+17     58.    -28.     14.           0.5811
   47    6   -2    261.     48.    -61. 0.48365E+17     57.    -30.     13.           0.5875
   47    6   -1    259.     46.    -61. 0.49493E+17     57.    -31.     12.           0.5865
   47    6    0    257.     44.    -61. 0.50331E+17     57.    -31.     11.           0.5783
   47    6    1    255.     43.    -62. 0.50865E+17     58.    -31.     11.           0.5628
   47    6    2    253.     41.    -62. 0.51083E+17     59.    -32.     10.           0.5408
   47    6    3    251.     39.    -63. 0.50979E+17     60.    -32.      8.           0.5127
   47    6    4    248.     38.    -65. 0.50553E+17     61.    -31.      7.           0.4794
   47    6    5    246.     36.    -66. 0.49807E+17     63.    -31.      6.           0.4422
   47    6    6    243.     35.    -68. 0.48750E+17     64.    -31.      5.           0.4020
   48    3   -6    277.     87.    -82. 0.95699E+17     86.      7.      7.           0.4622
   48    3   -5    279.     86.    -80. 0.93205E+17     95.     -2.      4.           0.4914
   48    3   -4    280.     84.    -78. 0.90730E+17     88.    -12.     -0.           0.5206
   48    3   -3    280.     82.    -76. 0.88445E+17     74.    -22.     -5.           0.5489
   48    3   -2    281.     80.    -74. 0.86541E+17     61.    -31.     -9.           0.5755
   48    3   -1    280.     77.    -72. 0.85214E+17     49.    -39.    -12.           0.5997
   48    3    0    279.     73.    -69. 0.84645E+17     38.    -46.    -16.           0.6207
   48    3    1    275.     69.    -66. 0.84974E+17     30.    -51.    -19.           0.6378
   48    3    2    270.     63.    -62. 0.86287E+17     25.    -52.    -22.           0.6507
   48    3    3    264.     56.    -59. 0.88591E+17     24.    -51.    -25.           0.6589
   48    3    4     35.     50.   -121. 0.91827E+17     26.    -47.    -27.           0.6621
   48    3    5    252.     44.    -61. 0.95868E+17     29.    -42.    -29.           0.6604
   48    3    6    248.     40.    -64. 0.10056E+18     32.    -38.    -31.           0.6538
   48    4   -6    281.     85.    -79. 0.85948E+17     92.     -7.      2.           0.4587
   48    4   -5    282.     84.    -78. 0.84642E+17     85.    -15.      0.           0.4891
   48    4   -4    282.     82.    -76. 0.83047E+17     76.    -22.     -2.           0.5193
   48    4   -3    281.     80.    -74. 0.81245E+17     67.    -29.     -4.           0.5483
   48    4   -2    280.     78.    -72. 0.79336E+17     59.    -36.     -6.           0.5753
   48    4   -1    279.     75.    -69. 0.77436E+17     51.    -41.     -8.           0.5996
   48    4    0    276.     71.    -66. 0.75675E+17     45.    -45.    -10.           0.6203
   48    4    1    272.     67.    -64. 0.74191E+17     41.    -47.    -12.           0.6369
   48    4    2    268.     62.    -61. 0.73115E+17     40.    -47.    -14.           0.6490
   48    4    3    263.     56.    -60. 0.72569E+17     40.    -44.    -16.           0.6562
   48    4    4    259.     51.    -61. 0.72645E+17     43.    -39.    -18.           0.6582
   48    4    5    255.     47.    -64. 0.73396E+17     46.    -34.    -19.           0.6552
   48    4    6    250.     42.    -68. 0.74817E+17     49.    -30.    -21.           0.6472
   48    5   -6    281.     84.    -77. 0.77312E+17     88.     -9.      2.           0.4395
   48    5   -5    281.     82.    -75. 0.76441E+17     82.    -16.      2.           0.4717
   48    5   -4    281.     81.    -73. 0.75226E+17     76.    -22.      2.           0.5038
   48    5   -3    280.     79.    -71. 0.73719E+17     71.    -28.      1.           0.5347
   48    5   -2    278.     76.    -69. 0.71987E+17     66.    -34.      1.           0.5636
   48    5   -1    276.     73.    -67. 0.70110E+17     62.    -38.      0.           0.5895
   48    5    0    274.     70.    -64. 0.68185E+17     59.    -41.     -0.           0.6118
   48    5    1    271.     66.    -62. 0.66318E+17     57.    -42.     -1.           0.6297
   48    5    2    267.     62.    -61. 0.64626E+17     58.    -40.     -2.           0.6427
   48    5    3    264.     57.    -61. 0.63228E+17     61.    -36.     -3.           0.6504
   48    5    4    260.     52.    -62. 0.62237E+17     65.    -31.     -4.           0.6527
   48    5    5     40.     48.   -116. 0.61746E+17     69.    -26.     -5.           0.6494
   48    5    6    252.     44.    -69. 0.61820E+17     72.    -21.     -6.           0.6408
   48    6   -6    281.     83.    -74. 0.65477E+17     86.     -7.      7.           0.4208
   48    6   -5    280.     81.    -72. 0.65294E+17     80.    -12.      8.           0.4549
   48    6   -4    279.     79.    -70. 0.64826E+17     74.    -17.      9.           0.4888
   48    6   -3    278.     77.    -68. 0.64100E+17     69.    -20.     11.           0.5215
   48    6   -2    277.     75.    -66. 0.63153E+17     65.    -23.     12.           0.5521
   48    6   -1    275.     72.    -64. 0.62031E+17     62.    -25.     13.           0.5795
   48    6    0    272.     69.    -62. 0.60789E+17     61.    -25.     14.           0.6030
   48    6    1    270.     66.    -60. 0.59489E+17     61.    -24.     15.           0.6217
   48    6    2    267.     62.    -59. 0.58201E+17     63.    -22.     15.           0.6352
   48    6    3    264.     58.    -59. 0.56999E+17     66.    -18.     15.           0.6430
   48    6    4    261.     54.    -61. 0.55959E+17     71.    -14.     15.           0.6448
   48    6    5    257.     50.    -63. 0.55150E+17     76.     -9.     15.           0.6406
   48    6    6    253.     46.    -67. 0.54634E+17     80.     -5.     15.           0.6307
   49    3   -6    349.     83.    -99. 0.76682E+17     24.    -61.    -14.           0.5496
   49    3   -5    355.     80.   -102. 0.80586E+17     20.    -62.    -18.           0.6027
   49    3   -4      1.     77.   -106. 0.84647E+17     19.    -60.    -21.           0.6519
   49    3   -3    237.     25.    -43. 0.88779E+17     18.    -58.    -24.           0.6956
   49    3   -2    240.     29.    -46. 0.92893E+17     19.    -55.    -26.           0.7325
   49    3   -1    241.     31.    -50. 0.96917E+17     20.    -52.    -28.           0.7615
   49    3    0    241.     33.    -54. 0.10077E+18     21.    -48.    -30.           0.7815
   49    3    1    241.     34.    -58. 0.10440E+18     23.    -46.    -32.           0.7921
   49    3    2    240.     34.    -62. 0.10775E+18     24.    -43.    -33.           0.7929
   49    3    3    238.     35.    -66. 0.11076E+18     24.    -41.    -35.           0.7838
   49    3    4    236.     35.    -70. 0.11341E+18     25.    -40.    -36.           0.7653
   49    3    5    233.     36.    -74. 0.11563E+18     25.    -39.    -37.           0.7380
   49    3    6    231.     36.    -79. 0.11739E+18     24.    -38.    -38.           0.7027
   49    4   -6    345.     87.    -98. 0.58804E+17     21.    -78.      0.           0.5217
   49    4   -5    355.     83.   -106. 0.60661E+17     17.    -79.     -4.           0.5744
   49    4   -4    247.     26.    -29. 0.62717E+17     18.    -74.     -8.           0.6241
   49    4   -3    250.     31.    -35. 0.64925E+17     21.    -68.    -11.           0.6692
   49    4   -2    251.     34.    -40. 0.67238E+17     25.    -61.    -14.           0.7083
   49    4   -1    251.     35.    -44. 0.69608E+17     28.    -55.    -17.           0.7401
   49    4    0    250.     36.    -49. 0.71990E+17     31.    -49.    -19.           0.7638
   49    4    1    248.     36.    -53. 0.74340E+17     34.    -45.    -21.           0.7785
   49    4    2    245.     36.    -58. 0.76619E+17     36.    -41.    -23.           0.7839
   49    4    3    242.     36.    -63. 0.78789E+17     37.    -38.    -25.           0.7798
   49    4    4    239.     35.    -67. 0.80813E+17     37.    -37.    -26.           0.7664
   49    4    5    236.     35.    -72. 0.82659E+17     37.    -36.    -28.           0.7441
   49    4    6    232.     36.    -77. 0.84300E+17     36.    -35.    -29.           0.7138
   49    5   -6      1.     81.   -116. 0.49530E+17      5.    -87.      8.           0.5106
   49    5   -5    261.     40.    -30. 0.51158E+17     12.    -83.      5.           0.5650
   49    5   -4    261.     42.    -34. 0.52782E+17     20.    -78.      2.           0.6164
   49    5   -3    260.     42.    -38. 0.54372E+17     28.    -71.     -1.           0.6631
   49    5   -2    258.     41.    -41. 0.55903E+17     35.    -62.     -3.           0.7037
   49    5   -1    256.     41.    -45. 0.57353E+17     40.    -55.     -5.           0.7369
   49    5    0    254.     40.    -48. 0.58702E+17     44.    -49.     -7.           0.7617
   49    5    1    251.     39.    -52. 0.59934E+17     47.    -43.     -9.           0.7772
   49    5    2    248.     39.    -56. 0.61035E+17     50.    -39.    -11.           0.7830
   49    5    3    245.     38.    -61. 0.61994E+17     51.    -36.    -13.           0.7789
   49    5    4    242.     37.    -65. 0.62803E+17     52.    -34.    -14.           0.7651
   49    5    5    238.     37.    -70. 0.63456E+17     52.    -32.    -16.           0.7420
   49    5    6    234.     37.    -75. 0.63945E+17     51.    -32.    -17.           0.7105
   49    6   -6    274.     56.    -33. 0.42747E+17     11.    -62.     27.           0.5009
   49    6   -5    271.     52.    -33. 0.44198E+17     18.    -57.     25.           0.5559
   49    6   -4    268.     49.    -35. 0.45569E+17     26.    -52.     22.           0.6078
   49    6   -3    265.     47.    -37. 0.46836E+17     33.    -47.     20.           0.6551
   49    6   -2    263.     46.    -40. 0.47981E+17     40.    -42.     18.           0.6963
   49    6   -1    260.     44.    -43. 0.48989E+17     46.    -37.     17.           0.7299
   49    6    0    257.     43.    -46. 0.49848E+17     52.    -33.     15.           0.7551
   49    6    1    255.     42.    -50. 0.50550E+17     58.    -29.     13.           0.7709
   49    6    2    251.     40.    -54. 0.51092E+17     62.    -26.     11.           0.7769
   49    6    3    248.     39.    -58. 0.51470E+17     66.    -24.     10.           0.7728
   49    6    4    244.     39.    -63. 0.51685E+17     69.    -22.      8.           0.7588
   49    6    5    240.     38.    -68. 0.51741E+17     72.    -22.      7.           0.7354
   49    6    6    236.     37.    -73. 0.51642E+17     73.    -23.      5.           0.7033
   50    3   -6    287.     71.    -74. 0.79307E+17     17.    -57.    -26.           0.4747
   50    3   -5    287.     70.    -72. 0.83898E+17     11.    -62.    -27.           0.5103
   50    3   -4    284.     67.    -68. 0.88336E+17      6.    -66.    -28.           0.5421
   50    3   -3    263.     55.    -56. 0.92547E+17      3.    -68.    -29.           0.5692
   50    3   -2    241.     41.    -50. 0.96468E+17      5.    -64.    -30.           0.5905
   50    3   -1    236.     37.    -51. 0.10003E+18      9.    -59.    -31.           0.6055
   50    3    0    234.     35.    -53. 0.10320E+18     13.    -55.    -32.           0.6137
   50    3    1    233.     34.    -54. 0.10592E+18     16.    -50.    -33.           0.6148
   50    3    2    232.     33.    -56. 0.10817E+18     19.    -47.    -34.           0.6088
   50    3    3     15.     63.   -108. 0.10993E+18     22.    -43.    -35.           0.5960
   50    3    4     17.     63.   -106. 0.11116E+18     25.    -40.    -36.           0.5768
   50    3    5     19.     63.   -104. 0.11186E+18     27.    -37.    -36.           0.5518
   50    3    6     21.     63.   -102. 0.11202E+18     29.    -34.    -37.           0.5218
   50    4   -6    287.     72.    -70. 0.62654E+17     18.    -67.    -15.           0.4737
   50    4   -5    283.     69.    -66. 0.65545E+17     11.    -72.    -17.           0.5113
   50    4   -4    271.     62.    -58. 0.68315E+17      7.    -74.    -19.           0.5456
   50    4   -3    256.     51.    -50. 0.70918E+17      8.    -72.    -20.           0.5755
   50    4   -2    248.     44.    -48. 0.73316E+17     12.    -66.    -22.           0.6000
   50    4   -1    244.     41.    -49. 0.75479E+17     17.    -60.    -23.           0.6184
   50    4    0    242.     39.    -50. 0.77382E+17     21.    -55.    -24.           0.6300
   50    4    1    240.     37.    -52. 0.79003E+17     25.    -49.    -26.           0.6345
   50    4    2    239.     35.    -54. 0.80323E+17     29.    -44.    -27.           0.6318
   50    4    3     19.     62.   -110. 0.81335E+17     32.    -40.    -28.           0.6219
   50    4    4     21.     62.   -108. 0.82025E+17     35.    -35.    -29.           0.6052
   50    4    5     23.     62.   -106. 0.82392E+17     38.    -32.    -30.           0.5823
   50    4    6     25.     62.   -103. 0.82434E+17     40.    -29.    -31.           0.5539
   50    5   -6    284.     72.    -65. 0.53165E+17     21.    -76.     -3.           0.4659
   50    5   -5    277.     67.    -60. 0.54932E+17     15.    -80.     -5.           0.5047
   50    5   -4    266.     59.    -52. 0.56591E+17     13.    -80.     -7.           0.5407
   50    5   -3    257.     51.    -48. 0.58118E+17     16.    -75.     -9.           0.5727
   50    5   -2    252.     47.    -47. 0.59497E+17     21.    -68.    -11.           0.5997
   50    5   -1    249.     43.    -47. 0.60713E+17     27.    -61.    -12.           0.6207
   50    5    0    247.     41.    -48. 0.61754E+17     32.    -54.    -14.           0.6352
   50    5    1    245.     39.    -50. 0.62613E+17     37.    -47.    -16.           0.6427
   50    5    2    243.     37.    -52. 0.63286E+17     42.    -40.    -18.           0.6428
   50    5    3     20.     61.   -113. 0.63770E+17     46.    -34.    -19.           0.6357
   50    5    4     22.     61.   -110. 0.64065E+17     50.    -29.    -21.           0.6215
   50    5    5     24.     61.   -107. 0.64175E+17     53.    -24.    -22.           0.6007
   50    5    6     27.     61.   -104. 0.64103E+17     56.    -20.    -24.           0.5739
   50    6   -6    278.     70.    -59. 0.45830E+17     21.    -62.     17.           0.4564
   50    6   -5    272.     65.    -53. 0.47001E+17     19.    -66.     14.           0.4963
   50    6   -4    264.     58.    -48. 0.48046E+17     21.    -67.     12.           0.5336
   50    6   -3    259.     53.    -46. 0.48952E+17     26.    -64.     10.           0.5673
   50    6   -2    256.     49.    -45. 0.49712E+17     33.    -60.      8.           0.5963
   50    6   -1    253.     46.    -45. 0.50322E+17     41.    -54.      6.           0.6196
   50    6    0    251.     44.    -46. 0.50780E+17     49.    -48.      3.           0.6364
   50    6    1    249.     42.    -47. 0.51088E+17     58.    -41.      1.           0.6463
   50    6    2    247.     40.    -49. 0.51250E+17     66.    -33.     -1.           0.6489
   50    6    3     20.     61.   -116. 0.51273E+17     72.    -25.     -3.           0.6440
   50    6    4     22.     61.   -113. 0.51165E+17     77.    -18.     -5.           0.6319
   50    6    5     24.     61.   -110. 0.50937E+17     81.    -11.     -7.           0.6128
   50    6    6     27.     60.   -106. 0.50599E+17     85.     -6.     -9.           0.5875
   51    3   -6    260.     48.    -71. 0.76576E+17     22.    -46.    -32.           0.6703
   51    3   -5    258.     45.    -67. 0.83162E+17     19.    -49.    -32.           0.6946
   51    3   -4    254.     41.    -64. 0.89788E+17     18.    -50.    -32.           0.7127
   51    3   -3    249.     38.    -63. 0.96267E+17     17.    -50.    -32.           0.7240
   51    3   -2    245.     35.    -62. 0.10244E+18     18.    -50.    -32.           0.7282
   51    3   -1    241.     32.    -62. 0.10816E+18     19.    -49.    -32.           0.7250
   51    3    0    238.     30.    -63. 0.11331E+18     20.    -47.    -32.           0.7144
   51    3    1    235.     28.    -64. 0.11780E+18     22.    -46.    -32.           0.6967
   51    3    2    232.     26.    -65. 0.12155E+18     23.    -44.    -33.           0.6722
   51    3    3    230.     25.    -66. 0.12450E+18     25.    -43.    -33.           0.6418
   51    3    4    228.     24.    -67. 0.12657E+18     26.    -41.    -33.           0.6062
   51    3    5    226.     23.    -68. 0.12773E+18     27.    -40.    -33.           0.5664
   51    3    6    225.     22.    -70. 0.12795E+18     29.    -38.    -33.           0.5236
   51    4   -6    262.     50.    -66. 0.58008E+17     32.    -49.    -19.           0.6738
   51    4   -5    260.     47.    -63. 0.63545E+17     28.    -52.    -21.           0.6996
   51    4   -4    257.     44.    -61. 0.69087E+17     25.    -53.    -22.           0.7198
   51    4   -3    254.     41.    -60. 0.74490E+17     23.    -54.    -23.           0.7334
   51    4   -2    250.     38.    -59. 0.79632E+17     23.    -53.    -24.           0.7402
   51    4   -1    247.     35.    -59. 0.84410E+17     23.    -52.    -24.           0.7397
   51    4    0    244.     33.    -59. 0.88739E+17     24.    -51.    -25.           0.7319
   51    4    1    241.     31.    -60. 0.92542E+17     25.    -49.    -26.           0.7169
   51    4    2    238.     30.    -61. 0.95767E+17     26.    -48.    -26.           0.6952
   51    4    3    236.     28.    -62. 0.98358E+17     27.    -46.    -27.           0.6673
   51    4    4    234.     27.    -63. 0.10027E+18     28.    -44.    -28.           0.6340
   51    4    5    231.     26.    -64. 0.10149E+18     29.    -43.    -28.           0.5963
   51    4    6    229.     25.    -66. 0.10197E+18     30.    -41.    -29.           0.5552
   51    5   -6    262.     51.    -65. 0.49138E+17     47.    -51.     -2.           0.6773
   51    5   -5     42.     49.   -118. 0.53206E+17     41.    -54.     -5.           0.7029
   51    5   -4    258.     46.    -60. 0.57287E+17     37.    -56.     -7.           0.7228
   51    5   -3    256.     43.    -59. 0.61265E+17     34.    -57.     -9.           0.7361
   51    5   -2    253.     40.    -58. 0.65049E+17     32.    -56.    -11.           0.7425
   51    5   -1    250.     38.    -57. 0.68558E+17     32.    -55.    -13.           0.7417
   51    5    0    247.     36.    -57. 0.71725E+17     32.    -54.    -14.           0.7335
   51    5    1    245.     34.    -58. 0.74495E+17     32.    -52.    -16.           0.7182
   51    5    2    242.     32.    -58. 0.76819E+17     33.    -50.    -17.           0.6962
   51    5    3    240.     31.    -59. 0.78662E+17     33.    -49.    -18.           0.6680
   51    5    4    238.     29.    -60. 0.79993E+17     34.    -47.    -19.           0.6345
   51    5    5    235.     28.    -61. 0.80787E+17     35.    -45.    -20.           0.5965
   51    5    6    233.     27.    -63. 0.81033E+17     36.    -43.    -21.           0.5553
   51    6   -6    263.     51.    -62. 0.44719E+17     46.    -29.     25.           0.6744
   51    6   -5     40.     49.   -120. 0.47355E+17     43.    -35.     22.           0.6992
   51    6   -4    260.     47.    -58. 0.49973E+17     41.    -39.     20.           0.7181
   51    6   -3    258.     45.    -56. 0.52501E+17     40.    -43.     17.           0.7305
   51    6   -2    256.     42.    -55. 0.54875E+17     41.    -46.     13.           0.7360
   51    6   -1    253.     40.    -55. 0.57042E+17     42.    -49.      9.           0.7343
   51    6    0    251.     38.    -54. 0.58955E+17     43.    -51.      6.           0.7254
   51    6    1    249.     36.    -55. 0.60577E+17     45.    -52.      3.           0.7094
   51    6    2    246.     34.    -55. 0.61874E+17     47.    -53.      1.           0.6869
   51    6    3    244.     33.    -56. 0.62823E+17     47.    -51.     -2.           0.6583
   51    6    4    242.     31.    -56. 0.63404E+17     47.    -49.     -4.           0.6245
   51    6    5    240.     30.    -58. 0.63604E+17     47.    -46.     -6.           0.5865
   51    6    6    237.     29.    -59. 0.63416E+17     48.    -44.     -8.           0.5453
   52    3   -6    245.     66.   -106. 0.50900E+17     66.     26.     -8.           0.8557
   52    3   -5    263.     57.    -85. 0.49896E+17     60.     24.    -17.           0.8597
   52    3   -4    275.     52.    -66. 0.55697E+17     78.     -2.    -20.           0.8594
   52    3   -3    277.     47.    -56. 0.66406E+17     53.    -25.    -21.           0.8547
   52    3   -2    274.     41.    -51. 0.79767E+17     41.    -37.    -22.           0.8459
   52    3   -1    269.     34.    -48. 0.94269E+17     37.    -41.    -22.           0.8329
   52    3    0    264.     29.    -47. 0.10900E+18     37.    -41.    -22.           0.8160
   52    3    1    259.     25.    -48. 0.12340E+18     39.    -39.    -22.           0.7955
   52    3    2    256.     23.    -49. 0.13708E+18     41.    -37.    -22.           0.7720
   52    3    3    252.     20.    -51. 0.14976E+18     43.    -35.    -22.           0.7459
   52    3    4    249.     19.    -53. 0.16122E+18     45.    -33.    -22.           0.7178
   52    3    5    246.     17.    -55. 0.17128E+18     47.    -31.    -22.           0.6884
   52    3    6    243.     16.    -57. 0.17981E+18     49.    -29.    -22.           0.6583
   52    4   -6    267.     57.    -83. 0.41629E+17     28.     64.      8.           0.8652
   52    4   -5    282.     55.    -59. 0.45056E+17     66.     33.      0.           0.8753
   52    4   -4    283.     50.    -52. 0.52592E+17     90.     -4.     -7.           0.8800
   52    4   -3    281.     45.    -48. 0.62628E+17     64.    -25.    -11.           0.8791
   52    4   -2    278.     40.    -46. 0.73917E+17     52.    -35.    -13.           0.8725
   52    4   -1    274.     35.    -45. 0.85670E+17     47.    -38.    -15.           0.8605
   52    4    0    269.     31.    -45. 0.97390E+17     45.    -39.    -16.           0.8432
   52    4    1    265.     28.    -46. 0.10874E+18     44.    -39.    -17.           0.8212
   52    4    2    261.     25.    -47. 0.11949E+18     45.    -37.    -18.           0.7949
   52    4    3    257.     23.    -49. 0.12942E+18     46.    -36.    -18.           0.7651
   52    4    4    254.     21.    -51. 0.13840E+18     47.    -34.    -19.           0.7326
   52    4    5    251.     20.    -54. 0.14630E+18     48.    -33.    -19.           0.6983
   52    4    6    247.     19.    -56. 0.15302E+18     49.    -31.    -20.           0.6630
   52    5   -6    283.     55.    -58. 0.42900E+17     25.     57.     18.           0.8738
   52    5   -5     54.     52.   -128. 0.47133E+17     57.     29.     13.           0.8853
   52    5   -4    285.     47.    -48. 0.53678E+17     87.      4.      9.           0.8900
   52    5   -3    282.     43.    -47. 0.61653E+17     81.    -15.      4.           0.8878
   52    5   -2    279.     39.    -46. 0.70373E+17     72.    -27.     -1.           0.8786
   52    5   -1    275.     36.    -45. 0.79355E+17     64.    -33.     -4.           0.8627
   52    5    0    272.     32.    -46. 0.88265E+17     59.    -35.     -6.           0.8405
   52    5    1    268.     29.    -47. 0.96856E+17     56.    -36.     -8.           0.8127
   52    5    2    264.     27.    -48. 0.10494E+18     55.    -36.     -9.           0.7800
   52    5    3    260.     25.    -50. 0.11238E+18     54.    -35.    -10.           0.7434
   52    5    4    257.     23.    -51. 0.11904E+18     54.    -34.    -11.           0.7040
   52    5    5    253.     22.    -54. 0.12484E+18     55.    -33.    -12.           0.6628
   52    5    6    250.     21.    -56. 0.12969E+18     55.    -32.    -13.           0.6212
   52    6   -6     47.     59.   -144. 0.45979E+17     24.     48.     28.           0.8728
   52    6   -5    292.     53.    -41. 0.49446E+17     45.     29.     25.           0.8810
   52    6   -4    289.     48.    -42. 0.54099E+17     65.     12.     23.           0.8814
   52    6   -3    286.     44.    -42. 0.59536E+17     78.     -2.     20.           0.8738
   52    6   -2    282.     41.    -42. 0.65401E+17     70.    -12.     17.           0.8584
   52    6   -1    279.     37.    -42. 0.71413E+17     66.    -20.     14.           0.8356
   52    6    0    275.     34.    -43. 0.77353E+17     64.    -25.     12.           0.8061
   52    6    1    272.     32.    -44. 0.83047E+17     63.    -28.      9.           0.7707
   52    6    2    268.     29.    -45. 0.88357E+17     63.    -31.      6.           0.7305
   52    6    3    264.     27.    -47. 0.93170E+17     64.    -32.      4.           0.6867
   52    6    4    260.     25.    -48. 0.97406E+17     65.    -33.      2.           0.6406
   52    6    5    257.     24.    -51. 0.10098E+18     67.    -33.      0.           0.5937
   52    6    6    253.     22.    -53. 0.10385E+18     67.    -32.     -2.           0.5472
   53    3   -6    277.     57.    -63. 0.50375E+17     45.    -33.    -23.           0.6314
   53    3   -5    275.     54.    -60. 0.57282E+17     35.    -41.    -24.           0.6605
   53    3   -4     47.     50.   -123. 0.64365E+17     28.    -47.    -25.           0.6843
   53    3   -3    268.     46.    -55. 0.71389E+17     24.    -50.    -26.           0.7019
   53    3   -2    264.     43.    -54. 0.78169E+17     23.    -51.    -27.           0.7127
   53    3   -1    259.     39.    -54. 0.84566E+17     22.    -51.    -27.           0.7163
   53    3    0    255.     36.    -54. 0.90466E+17     23.    -50.    -27.           0.7125
   53    3    1    251.     34.    -54. 0.95772E+17     24.    -48.    -28.           0.7013
   53    3    2    248.     32.    -55. 0.10040E+18     25.    -47.    -28.           0.6830
   53    3    3    245.     30.    -57. 0.10428E+18     26.    -45.    -29.           0.6580
   53    3    4    242.     29.    -58. 0.10737E+18     27.    -44.    -29.           0.6271
   53    3    5    240.     28.    -59. 0.10961E+18     29.    -42.    -29.           0.5911
   53    3    6    237.     27.    -61. 0.11097E+18     30.    -41.    -29.           0.5512
   53    4   -6    277.     57.    -61. 0.43210E+17     62.    -27.    -11.           0.6285
   53    4   -5    276.     53.    -58. 0.48829E+17     48.    -38.    -14.           0.6569
   53    4   -4     47.     50.   -124. 0.54701E+17     40.    -44.    -16.           0.6800
   53    4   -3    270.     46.    -55. 0.60598E+17     35.    -47.    -17.           0.6971
   53    4   -2    266.     43.    -54. 0.66355E+17     33.    -49.    -18.           0.7077
   53    4   -1    262.     40.    -54. 0.71846E+17     31.    -49.    -19.           0.7112
   53    4    0    259.     37.    -54. 0.76961E+17     31.    -49.    -20.           0.7076
   53    4    1    255.     35.    -54. 0.81619E+17     31.    -48.    -21.           0.6969
   53    4    2    252.     33.    -55. 0.85746E+17     32.    -46.    -22.           0.6793
   53    4    3    249.     31.    -57. 0.89283E+17     33.    -45.    -22.           0.6553
   53    4    4    246.     30.    -58. 0.92181E+17     34.    -43.    -23.           0.6256
   53    4    5    243.     28.    -59. 0.94404E+17     35.    -42.    -23.           0.5911
   53    4    6    241.     27.    -61. 0.95918E+17     36.    -40.    -24.           0.5528
   53    5   -6    274.     55.    -63. 0.40288E+17     81.    -15.      4.           0.6272
   53    5   -5    273.     52.    -60. 0.44540E+17     71.    -29.      0.           0.6539
   53    5   -4     47.     50.   -122. 0.48999E+17     60.    -37.     -3.           0.6751
   53    5   -3    269.     47.    -57. 0.53494E+17     53.    -42.     -5.           0.6900
   53    5   -2    266.     44.    -56. 0.57895E+17     48.    -45.     -7.           0.6982
   53    5   -1    263.     41.    -55. 0.62090E+17     45.    -46.     -9.           0.6993
   53    5    0    260.     39.    -55. 0.65998E+17     43.    -47.    -10.           0.6933
   53    5    1    257.     37.    -56. 0.69543E+17     42.    -47.    -11.           0.6803
   53    5    2    254.     35.    -56. 0.72670E+17     42.    -46.    -12.           0.6607
   53    5    3    251.     33.    -57. 0.75327E+17     42.    -45.    -13.           0.6350
   53    5    4    248.     31.    -58. 0.77479E+17     43.    -43.    -14.           0.6040
   53    5    5    246.     30.    -60. 0.79095E+17     43.    -42.    -15.           0.5686
   53    5    6    243.     29.    -61. 0.80152E+17     44.    -40.    -15.           0.5298
   53    6   -6    275.     55.    -60. 0.38354E+17     75.      2.     23.           0.6194
   53    6   -5    274.     52.    -58. 0.41388E+17     70.     -9.     21.           0.6432
   53    6   -4     46.     50.   -123. 0.44538E+17     63.    -18.     19.           0.6613
   53    6   -3    270.     48.    -56. 0.47692E+17     58.    -25.     17.           0.6729
   53    6   -2    267.     45.    -55. 0.50758E+17     55.    -30.     15.           0.6778
   53    6   -1    265.     43.    -54. 0.53657E+17     53.    -34.     13.           0.6757
   53    6    0    262.     41.    -54. 0.56326E+17     52.    -37.     11.           0.6666
   53    6    1    259.     39.    -54. 0.58712E+17     53.    -39.      8.           0.6507
   53    6    2    257.     37.    -55. 0.60769E+17     53.    -40.      6.           0.6286
   53    6    3    254.     35.    -55. 0.62463E+17     54.    -41.      4.           0.6008
   53    6    4    251.     33.    -56. 0.63766E+17     56.    -41.      3.           0.5682
   53    6    5    248.     32.    -57. 0.64656E+17     58.    -41.      1.           0.5317
   53    6    6    245.     30.    -59. 0.65119E+17     59.    -40.     -0.           0.4925
   54    3   -6    271.     57.    -73. 0.52206E+17     60.    -14.    -26.           0.6625
   54    3   -5    273.     55.    -68. 0.57548E+17     48.    -25.    -27.           0.6950
   54    3   -4    274.     52.    -64. 0.63459E+17     38.    -34.    -28.           0.7209
   54    3   -3    273.     50.    -60. 0.69649E+17     31.    -41.    -28.           0.7395
   54    3   -2    270.     46.    -57. 0.75889E+17     26.    -45.    -28.           0.7500
   54    3   -1    267.     43.    -55. 0.81992E+17     23.    -48.    -28.           0.7520
   54    3    0    262.     39.    -54. 0.87799E+17     22.    -49.    -29.           0.7454
   54    3    1    257.     35.    -54. 0.93192E+17     22.    -49.    -29.           0.7303
   54    3    2    253.     32.    -54. 0.98055E+17     23.    -48.    -29.           0.7071
   54    3    3    249.     29.    -55. 0.10231E+18     24.    -47.    -29.           0.6766
   54    3    4    245.     27.    -57. 0.10586E+18     26.    -45.    -29.           0.6396
   54    3    5    241.     26.    -58. 0.10867E+18     27.    -44.    -29.           0.5972
   54    3    6    238.     24.    -60. 0.11067E+18     29.    -42.    -29.           0.5509
   54    4   -6    279.     55.    -62. 0.42834E+17     77.    -12.    -11.           0.6660
   54    4   -5    278.     53.    -59. 0.47700E+17     61.    -25.    -14.           0.7007
   54    4   -4    277.     51.    -57. 0.52794E+17     50.    -35.    -15.           0.7283
   54    4   -3    275.     48.    -55. 0.57936E+17     42.    -41.    -17.           0.7480
   54    4   -2    273.     45.    -54. 0.62978E+17     37.    -45.    -18.           0.7592
   54    4   -1    270.     43.    -53. 0.67803E+17     33.    -48.    -19.           0.7612
   54    4    0    266.     40.    -52. 0.72323E+17     31.    -49.    -20.           0.7541
   54    4    1    263.     37.    -52. 0.76452E+17     30.    -49.    -21.           0.7380
   54    4    2    259.     35.    -53. 0.80123E+17     29.    -49.    -21.           0.7133
   54    4    3    255.     32.    -54. 0.83282E+17     30.    -48.    -22.           0.6809
   54    4    4    251.     30.    -55. 0.85881E+17     30.    -47.    -23.           0.6417
   54    4    5    248.     29.    -57. 0.87881E+17     31.    -46.    -23.           0.5970
   54    4    6    244.     27.    -58. 0.89256E+17     32.    -44.    -24.           0.5482
   54    5   -6    281.     53.    -57. 0.39470E+17     92.      0.      8.           0.6699
   54    5   -5    280.     52.    -56. 0.43096E+17     80.    -15.      5.           0.7040
   54    5   -4    278.     50.    -54. 0.46807E+17     72.    -27.      1.           0.7305
   54    5   -3    276.     48.    -54. 0.50486E+17     63.    -35.     -2.           0.7486
   54    5   -2    274.     46.    -53. 0.54041E+17     55.    -41.     -4.           0.7576
   54    5   -1    272.     43.    -52. 0.57393E+17     50.    -45.     -6.           0.7573
   54    5    0    269.     41.    -52. 0.60478E+17     45.    -47.     -8.           0.7474
   54    5    1    266.     39.    -52. 0.63241E+17     42.    -49.     -9.           0.7284
   54    5    2    263.     37.    -53. 0.65637E+17     40.    -49.    -10.           0.7008
   54    5    3    259.     35.    -54. 0.67629E+17     39.    -49.    -12.           0.6654
   54    5    4    256.     33.    -55. 0.69185E+17     38.    -49.    -13.           0.6233
   54    5    5    252.     32.    -56. 0.70285E+17     38.    -48.    -14.           0.5760
   54    5    6    248.     30.    -58. 0.70912E+17     38.    -47.    -15.           0.5249
   54    6   -6    284.     54.    -51. 0.38716E+17     61.     14.     26.           0.6673
   54    6   -5     49.     52.   -129. 0.41152E+17     74.      2.     24.           0.6989
   54    6   -4    281.     50.    -50. 0.43565E+17     70.     -7.     23.           0.7227
   54    6   -3    279.     49.    -50. 0.45890E+17     64.    -16.     21.           0.7379
   54    6   -2    277.     47.    -50. 0.48072E+17     59.    -22.     19.           0.7438
   54    6   -1    274.     45.    -50. 0.50062E+17     55.    -28.     18.           0.7403
   54    6    0    272.     43.    -50. 0.51823E+17     52.    -32.     16.           0.7274
   54    6    1    269.     41.    -51. 0.53321E+17     50.    -36.     14.           0.7056
   54    6    2    266.     40.    -51. 0.54529E+17     49.    -40.     12.           0.6754
   54    6    3    263.     38.    -52. 0.55424E+17     48.    -43.      9.           0.6377
   54    6    4    259.     36.    -53. 0.55993E+17     48.    -45.      7.           0.5939
   54    6    5    255.     34.    -54. 0.56224E+17     49.    -47.      4.           0.5453
   54    6    6    251.     32.    -55. 0.56114E+17     50.    -48.      2.           0.4935
   55    3   -6     68.     12.   -136. 0.87445E+17     45.    -41.    -15.           0.4266
   55    3   -5    295.     81.    -80. 0.85302E+17     37.    -47.    -16.           0.4512
   55    3   -4    295.     80.    -79. 0.82734E+17     30.    -54.    -17.           0.4769
   55    3   -3    294.     78.    -76. 0.79830E+17     22.    -60.    -18.           0.5029
   55    3   -2    289.     75.    -72. 0.76700E+17     14.    -67.    -19.           0.5286
   55    3   -1    276.     67.    -61. 0.73479E+17      9.    -70.    -20.           0.5532
   55    3    0    260.     55.    -52. 0.70324E+17     13.    -65.    -22.           0.5761
   55    3    1    253.     48.    -51. 0.67410E+17     22.    -55.    -23.           0.5966
   55    3    2    249.     44.    -53. 0.64935E+17     32.    -43.    -25.           0.6141
   55    3    3    246.     40.    -58. 0.63077E+17     43.    -30.    -27.           0.6281
   55    3    4    241.     37.    -65. 0.62006E+17     53.    -19.    -28.           0.6381
   55    3    5    234.     34.    -76. 0.61832E+17     60.    -11.    -29.           0.6438
   55    3    6     46.     59.    -90. 0.62592E+17     63.     -9.    -28.           0.6451
   55    4   -6     53.     16.   -144. 0.64137E+17     46.    -45.     -9.           0.3888
   55    4   -5    287.     79.    -74. 0.62302E+17     38.    -53.    -10.           0.4181
   55    4   -4    284.     77.    -70. 0.60247E+17     30.    -60.    -10.           0.4490
   55    4   -3    279.     73.    -65. 0.58051E+17     24.    -65.    -11.           0.4808
   55    4   -2    270.     66.    -58. 0.55811E+17     23.    -66.    -11.           0.5125
   55    4   -1    262.     59.    -53. 0.53634E+17     27.    -61.    -12.           0.5431
   55    4    0    257.     53.    -51. 0.51646E+17     36.    -51.    -13.           0.5717
   55    4    1    253.     48.    -52. 0.49975E+17     48.    -38.    -14.           0.5974
   55    4    2    249.     44.    -55. 0.48748E+17     62.    -24.    -15.           0.6194
   55    4    3    245.     40.    -61. 0.48072E+17     75.    -10.    -16.           0.6370
   55    4    4    239.     36.    -70. 0.48018E+17     83.      1.    -16.           0.6495
   55    4    5    231.     33.    -82. 0.48609E+17     76.      7.    -16.           0.6565
   55    4    6    222.     31.    -96. 0.49811E+17     76.      7.    -16.           0.6579
   55    5   -6    284.     79.    -72. 0.51800E+17     47.    -50.     -3.           0.3608
   55    5   -5    281.     76.    -68. 0.50441E+17     40.    -58.     -3.           0.3941
   55    5   -4    276.     73.    -63. 0.48985E+17     35.    -63.     -2.           0.4294
   55    5   -3    270.     67.    -57. 0.47498E+17     34.    -64.     -2.           0.4657
   55    5   -2    264.     61.    -53. 0.46053E+17     39.    -59.     -2.           0.5020
   55    5   -1    259.     56.    -50. 0.44731E+17     49.    -50.     -1.           0.5370
   55    5    0    256.     51.    -50. 0.43613E+17     63.    -36.     -1.           0.5696
   55    5    1    253.     47.    -52. 0.42778E+17     79.    -21.     -1.           0.5989
   55    5    2    250.     43.    -55. 0.42294E+17     96.     -3.     -0.           0.6237
   55    5    3    245.     40.    -62. 0.42206E+17     88.     12.     -0.           0.6434
   55    5    4    238.     36.    -72. 0.42534E+17     77.     23.      0.           0.6571
   55    5    5     43.     57.    -93. 0.43265E+17     73.     27.      0.           0.6643
   55    5    6    219.     32.   -100. 0.44360E+17     75.     25.     -0.           0.6649
   55    6   -6    280.     77.    -66. 0.42570E+17     45.    -48.      6.           0.3450
   55    6   -5    276.     73.    -61. 0.41954E+17     40.    -52.      8.           0.3809
   55    6   -4    270.     68.    -56. 0.41335E+17     39.    -51.     10.           0.4190
   55    6   -3    266.     63.    -52. 0.40750E+17     42.    -45.     12.           0.4580
   55    6   -2    262.     59.    -49. 0.40238E+17     50.    -37.     14.           0.4969
   55    6   -1    259.     55.    -48. 0.39836E+17     60.    -25.     15.           0.5343
   55    6    0    256.     51.    -49. 0.39575E+17     73.    -12.     15.           0.5691
   55    6    1    254.     48.    -51. 0.39482E+17     82.      3.     15.           0.6001
   55    6    2    251.     44.    -54. 0.39572E+17     68.     17.     15.           0.6263
   55    6    3    246.     40.    -61. 0.39849E+17     57.     28.     15.           0.6467
   55    6    4    238.     36.    -72. 0.40309E+17     50.     35.     15.           0.6606
   55    6    5     44.     56.    -92. 0.40931E+17     47.     38.     15.           0.6675
   55    6    6    217.     33.   -102. 0.41689E+17     49.     35.     15.           0.6671
   56    3   -6    272.     60.    -72. 0.53537E+17     65.    -15.    -20.           0.6992
   56    3   -5    274.     57.    -66. 0.58846E+17     50.    -28.    -22.           0.7243
   56    3   -4    274.     54.    -62. 0.65131E+17     38.    -38.    -24.           0.7429
   56    3   -3     48.     50.   -122. 0.71988E+17     31.    -44.    -25.           0.7542
   56    3   -2    268.     45.    -55. 0.79074E+17     26.    -48.    -26.           0.7577
   56    3   -1    264.     41.    -53. 0.86141E+17     24.    -50.    -26.           0.7534
   56    3    0    259.     36.    -53. 0.92967E+17     24.    -49.    -27.           0.7411
   56    3    1    254.     33.    -53. 0.99393E+17     25.    -48.    -27.           0.7212
   56    3    2    250.     30.    -54. 0.10527E+18     26.    -46.    -28.           0.6942
   56    3    3    246.     27.    -56. 0.11050E+18     28.    -44.    -28.           0.6609
   56    3    4    243.     26.    -58. 0.11498E+18     30.    -42.    -28.           0.6222
   56    3    5    240.     24.    -60. 0.11862E+18     31.    -40.    -29.           0.5793
   56    3    6    237.     23.    -62. 0.12139E+18     33.    -38.    -29.           0.5335
   56    4   -6    277.     59.    -63. 0.48286E+17     74.    -18.     -8.           0.7081
   56    4   -5    276.     56.    -60. 0.52826E+17     59.    -30.    -11.           0.7352
   56    4   -4    275.     53.    -58. 0.57729E+17     49.    -38.    -13.           0.7548
   56    4   -3     47.     50.   -124. 0.62787E+17     41.    -43.    -15.           0.7663
   56    4   -2    270.     47.    -55. 0.67837E+17     37.    -46.    -17.           0.7691
   56    4   -1    267.     43.    -54. 0.72733E+17     34.    -48.    -18.           0.7632
   56    4    0    263.     40.    -54. 0.77366E+17     32.    -48.    -20.           0.7486
   56    4    1    260.     37.    -54. 0.81634E+17     32.    -48.    -21.           0.7257
   56    4    2    256.     35.    -55. 0.85460E+17     32.    -47.    -22.           0.6952
   56    4    3    253.     33.    -56. 0.88778E+17     32.    -45.    -23.           0.6580
   56    4    4    250.     31.    -58. 0.91531E+17     33.    -44.    -23.           0.6153
   56    4    5    246.     29.    -60. 0.93678E+17     33.    -43.    -24.           0.5683
   56    4    6    243.     27.    -62. 0.95184E+17     34.    -41.    -25.           0.5186
   56    5   -6    276.     57.    -61. 0.45942E+17     83.    -10.      7.           0.7114
   56    5   -5    275.     55.    -60. 0.49303E+17     75.    -22.      4.           0.7383
   56    5   -4    274.     52.    -58. 0.52751E+17     68.    -31.      0.           0.7570
   56    5   -3     47.     50.   -123. 0.56175E+17     61.    -37.     -2.           0.7669
   56    5   -2    270.     47.    -56. 0.59480E+17     54.    -41.     -5.           0.7676
   56    5   -1    268.     45.    -56. 0.62591E+17     50.    -43.     -7.           0.7590
   56    5    0    265.     43.    -56. 0.65439E+17     47.    -45.     -8.           0.7412
   56    5    1    262.     40.    -56. 0.67972E+17     44.    -46.    -10.           0.7149
   56    5    2    259.     38.    -57. 0.70137E+17     43.    -46.    -11.           0.6807
   56    5    3    256.     36.    -58. 0.71902E+17     42.    -45.    -13.           0.6399
   56    5    4    253.     34.    -59. 0.73237E+17     41.    -45.    -14.           0.5935
   56    5    5    250.     32.    -61. 0.74114E+17     41.    -44.    -15.           0.5432
   56    5    6    246.     31.    -63. 0.74524E+17     41.    -43.    -16.           0.4905
   56    6   -6    278.     56.    -58. 0.44350E+17     72.      5.     23.           0.7065
   56    6   -5    276.     55.    -57. 0.46698E+17     74.     -4.     22.           0.7315
   56    6   -4    275.     53.    -56. 0.48967E+17     68.    -12.     20.           0.7479
   56    6   -3     46.     50.   -125. 0.51099E+17     63.    -18.     19.           0.7551
   56    6   -2    271.     49.    -55. 0.53045E+17     59.    -23.     17.           0.7529
   56    6   -1    269.     47.    -55. 0.54764E+17     57.    -28.     16.           0.7412
   56    6    0    267.     45.    -55. 0.56220E+17     55.    -31.     14.           0.7203
   56    6    1    265.     43.    -55. 0.57386E+17     54.    -34.     12.           0.6908
   56    6    2    262.     41.    -56. 0.58238E+17     53.    -37.     10.           0.6537
   56    6    3    259.     39.    -56. 0.58760E+17     53.    -39.      7.           0.6101
   56    6    4    256.     37.    -57. 0.58943E+17     54.    -41.      5.           0.5614
   56    6    5    253.     35.    -59. 0.58780E+17     55.    -42.      3.           0.5091
   56    6    6    249.     34.    -61. 0.58273E+17     56.    -43.      1.           0.4550
   57    3   -6    284.     58.    -55. 0.49730E+17     36.    -44.    -20.           0.6169
   57    3   -5    281.     54.    -53. 0.57400E+17     28.    -50.    -22.           0.6567
   57    3   -4    276.     49.    -51. 0.65108E+17     23.    -54.    -23.           0.6909
   57    3   -3    271.     45.    -49. 0.72643E+17     21.    -55.    -24.           0.7183
   57    3   -2    266.     41.    -49. 0.79861E+17     21.    -54.    -25.           0.7379
   57    3   -1    261.     38.    -49. 0.86636E+17     21.    -53.    -26.           0.7491
   57    3    0    257.     35.    -50. 0.92859E+17     22.    -51.    -27.           0.7514
   57    3    1    254.     33.    -51. 0.98443E+17     23.    -50.    -27.           0.7446
   57    3    2    251.     32.    -52. 0.10332E+18     24.    -48.    -28.           0.7289
   57    3    3    248.     30.    -53. 0.10743E+18     25.    -47.    -28.           0.7046
   57    3    4    245.     29.    -55. 0.11070E+18     26.    -45.    -29.           0.6726
   57    3    5    243.     28.    -56. 0.11311E+18     27.    -44.    -29.           0.6336
   57    3    6    241.     28.    -58. 0.11463E+18     28.    -42.    -30.           0.5891
   57    4   -6    284.     58.    -54. 0.44647E+17     50.    -40.    -10.           0.6188
   57    4   -5    281.     54.    -52. 0.51098E+17     39.    -47.    -13.           0.6589
   57    4   -4    277.     50.    -50. 0.57663E+17     33.    -51.    -15.           0.6936
   57    4   -3    273.     46.    -49. 0.64145E+17     30.    -53.    -17.           0.7216
   57    4   -2    269.     43.    -49. 0.70395E+17     29.    -53.    -18.           0.7421
   57    4   -1    265.     39.    -49. 0.76299E+17     28.    -52.    -19.           0.7543
   57    4    0    261.     37.    -49. 0.81760E+17     29.    -51.    -20.           0.7577
   57    4    1    258.     35.    -50. 0.86699E+17     29.    -49.    -21.           0.7522
   57    4    2    255.     33.    -51. 0.91052E+17     30.    -48.    -22.           0.7379
   57    4    3    252.     32.    -53. 0.94754E+17     31.    -46.    -23.           0.7151
   57    4    4    249.     30.    -54. 0.97771E+17     32.    -45.    -23.           0.6845
   57    4    5    247.     29.    -56. 0.10006E+18     33.    -43.    -24.           0.6470
   57    4    6    244.     28.    -57. 0.10159E+18     34.    -42.    -24.           0.6039
   57    5   -6    281.     56.    -54. 0.41271E+17     70.    -27.      3.           0.6178
   57    5   -5    279.     53.    -53. 0.46303E+17     60.    -39.     -1.           0.6563
   57    5   -4    276.     50.    -52. 0.51424E+17     51.    -45.     -4.           0.6891
   57    5   -3    273.     47.    -51. 0.56482E+17     46.    -48.     -6.           0.7152
   57    5   -2    270.     44.    -50. 0.61351E+17     42.    -50.     -8.           0.7336
   57    5   -1    267.     42.    -50. 0.65938E+17     41.    -50.    -10.           0.7436
   57    5    0    263.     39.    -51. 0.70159E+17     40.    -50.    -11.           0.7450
   57    5    1    261.     37.    -51. 0.73954E+17     39.    -49.    -12.           0.7375
   57    5    2    258.     35.    -52. 0.77265E+17     39.    -48.    -13.           0.7214
   57    5    3    255.     34.    -53. 0.80049E+17     40.    -47.    -14.           0.6971
   57    5    4    252.     32.    -54. 0.82271E+17     40.    -45.    -15.           0.6654
   57    5    5    250.     31.    -55. 0.83901E+17     41.    -44.    -16.           0.6271
   57    5    6    247.     30.    -57. 0.84922E+17     41.    -42.    -16.           0.5836
   57    6   -6    282.     57.    -51. 0.38710E+17     70.     -8.     22.           0.6102
   57    6   -5    279.     54.    -51. 0.42375E+17     62.    -18.     20.           0.6458
   57    6   -4    277.     51.    -50. 0.46087E+17     56.    -26.     17.           0.6754
   57    6   -3    274.     48.    -49. 0.49735E+17     53.    -32.     15.           0.6981
   57    6   -2    272.     46.    -49. 0.53225E+17     51.    -36.     13.           0.7131
   57    6   -1    269.     44.    -49. 0.56485E+17     50.    -39.     11.           0.7198
   57    6    0    266.     41.    -49. 0.59453E+17     50.    -42.      8.           0.7179
   57    6    1    263.     40.    -50. 0.62079E+17     51.    -43.      6.           0.7076
   57    6    2    261.     38.    -50. 0.64320E+17     52.    -44.      4.           0.6889
   57    6    3    258.     36.    -51. 0.66145E+17     53.    -45.      2.           0.6626
   57    6    4    255.     35.    -52. 0.67524E+17     54.    -45.      1.           0.6293
   57    6    5    253.     33.    -53. 0.68442E+17     55.    -44.     -1.           0.5901
   57    6    6    250.     32.    -55. 0.68882E+17     56.    -42.     -2.           0.5461
   58    3   -6    251.     35.    -58. 0.50802E+17     34.    -40.    -26.           0.5387
   58    3   -5    248.     34.    -60. 0.54951E+17     35.    -38.    -27.           0.5927
   58    3   -4    246.     34.    -63. 0.58783E+17     37.    -36.    -27.           0.6412
   58    3   -3    244.     33.    -65. 0.62255E+17     37.    -34.    -28.           0.6827
   58    3   -2    242.     32.    -68. 0.65332E+17     38.    -33.    -29.           0.7157
   58    3   -1    240.     32.    -70. 0.67980E+17     39.    -32.    -29.           0.7392
   58    3    0    238.     31.    -72. 0.70170E+17     39.    -32.    -30.           0.7524
   58    3    1    237.     31.    -75. 0.71887E+17     39.    -31.    -30.           0.7549
   58    3    2    235.     31.    -77. 0.73109E+17     39.    -31.    -31.           0.7465
   58    3    3    233.     31.    -80. 0.73826E+17     38.    -31.    -31.           0.7277
   58    3    4    231.     31.    -82. 0.74035E+17     38.    -31.    -31.           0.6989
   58    3    5    229.     31.    -85. 0.73732E+17     37.    -31.    -32.           0.6612
   58    3    6     45.     59.    -91. 0.72926E+17     36.    -32.    -32.           0.6157
   58    4   -6    254.     36.    -57. 0.35565E+17     65.    -24.    -11.           0.5212
   58    4   -5    251.     35.    -60. 0.38842E+17     65.    -23.    -12.           0.5761
   58    4   -4    249.     34.    -63. 0.41904E+17     64.    -22.    -14.           0.6259
   58    4   -3    246.     33.    -65. 0.44713E+17     64.    -22.    -15.           0.6692
   58    4   -2    244.     33.    -68. 0.47237E+17     63.    -21.    -16.           0.7045
   58    4   -1    242.     32.    -70. 0.49447E+17     62.    -21.    -17.           0.7305
   58    4    0    240.     32.    -73. 0.51324E+17     61.    -21.    -18.           0.7465
   58    4    1    238.     31.    -75. 0.52846E+17     60.    -22.    -19.           0.7520
   58    4    2    236.     31.    -77. 0.54000E+17     59.    -22.    -19.           0.7467
   58    4    3    234.     31.    -80. 0.54777E+17     57.    -23.    -20.           0.7308
   58    4    4    232.     31.    -82. 0.55170E+17     56.    -24.    -21.           0.7048
   58    4    5    230.     31.    -84. 0.55178E+17     54.    -25.    -21.           0.6696
   58    4    6    228.     31.    -86. 0.54803E+17     52.    -26.    -22.           0.6264
   58    5   -6    254.     38.    -59. 0.31409E+17     87.     -8.      5.           0.5204
   58    5   -5    252.     37.    -62. 0.34012E+17     88.     -8.      4.           0.5753
   58    5   -4    249.     36.    -64. 0.36411E+17     90.     -8.      2.           0.6252
   58    5   -3    247.     35.    -66. 0.38579E+17     91.     -9.      0.           0.6685
   58    5   -2    245.     34.    -68. 0.40489E+17     90.     -9.     -1.           0.7038
   58    5   -1    243.     34.    -70. 0.42120E+17     88.    -10.     -2.           0.7298
   58    5    0    241.     33.    -72. 0.43456E+17     86.    -11.     -3.           0.7458
   58    5    1    239.     33.    -74. 0.44483E+17     84.    -11.     -4.           0.7512
   58    5    2    237.     32.    -76. 0.45191E+17     82.    -12.     -5.           0.7457
   58    5    3    235.     32.    -78. 0.45573E+17     81.    -13.     -6.           0.7297
   58    5    4    233.     32.    -80. 0.45626E+17     78.    -14.     -7.           0.7035
   58    5    5    231.     32.    -82. 0.45353E+17     76.    -16.     -8.           0.6680
   58    5    6    229.     32.    -84. 0.44756E+17     74.    -17.     -9.           0.6244
   58    6   -6    255.     39.    -59. 0.29569E+17     69.     10.     21.           0.5160
   58    6   -5    253.     38.    -61. 0.31762E+17     70.     10.     20.           0.5707
   58    6   -4    250.     37.    -63. 0.33757E+17     72.      9.     19.           0.6204
   58    6   -3    248.     36.    -66. 0.35532E+17     74.      9.     18.           0.6635
   58    6   -2    246.     36.    -68. 0.37065E+17     75.      8.     17.           0.6987
   58    6   -1    244.     35.    -70. 0.38339E+17     77.      7.     16.           0.7248
   58    6    0    242.     34.    -72. 0.39340E+17     79.      6.     15.           0.7409
   58    6    1    240.     34.    -74. 0.40058E+17     80.      5.     15.           0.7464
   58    6    2    238.     34.    -75. 0.40485E+17     82.      4.     14.           0.7412
   58    6    3    236.     33.    -77. 0.40617E+17     85.      2.     13.           0.7254
   58    6    4    234.     33.    -79. 0.40453E+17     87.      1.     12.           0.6995
   58    6    5    232.     33.    -81. 0.39994E+17     88.     -1.     11.           0.6644
   58    6    6    230.     33.    -83. 0.39247E+17     87.     -3.     11.           0.6211
   59    3   -6    247.     29.    -48. 0.69033E+17     29.    -46.    -25.           0.6425
   59    3   -5    244.     29.    -50. 0.77260E+17     27.    -47.    -27.           0.6964
   59    3   -4    241.     29.    -52. 0.85074E+17     25.    -47.    -28.           0.7421
   59    3   -3    239.     29.    -54. 0.92396E+17     24.    -47.    -29.           0.7781
   59    3   -2    237.     29.    -56. 0.99153E+17     23.    -47.    -30.           0.8031
   59    3   -1    235.     29.    -58. 0.10528E+18     22.    -47.    -31.           0.8163
   59    3    0    233.     29.    -59. 0.11072E+18     21.    -47.    -32.           0.8174
   59    3    1    231.     29.    -61. 0.11542E+18     20.    -48.    -33.           0.8063
   59    3    2    229.     29.    -63. 0.11935E+18     19.    -48.    -33.           0.7835
   59    3    3    228.     29.    -64. 0.12246E+18     18.    -48.    -34.           0.7498
   59    3    4    226.     30.    -66. 0.12472E+18     17.    -48.    -35.           0.7064
   59    3    5    224.     30.    -67. 0.12614E+18     16.    -48.    -36.           0.6548
   59    3    6    223.     30.    -69. 0.12669E+18     15.    -48.    -36.           0.5966
   59    4   -6    258.     37.    -39. 0.43795E+17     42.    -50.     -7.           0.6146
   59    4   -5    255.     35.    -41. 0.49847E+17     39.    -50.    -11.           0.6691
   59    4   -4    252.     34.    -44. 0.55785E+17     36.    -50.    -14.           0.7167
   59    4   -3    249.     33.    -46. 0.61505E+17     34.    -49.    -16.           0.7557
   59    4   -2    246.     32.    -49. 0.66921E+17     33.    -49.    -18.           0.7848
   59    4   -1    243.     31.    -51. 0.71968E+17     31.    -49.    -20.           0.8032
   59    4    0    241.     31.    -53. 0.76588E+17     30.    -49.    -22.           0.8102
   59    4    1    238.     30.    -55. 0.80731E+17     29.    -49.    -23.           0.8057
   59    4    2    236.     30.    -57. 0.84358E+17     27.    -49.    -24.           0.7898
   59    4    3    234.     30.    -60. 0.87436E+17     26.    -49.    -25.           0.7632
   59    4    4    231.     30.    -62. 0.89940E+17     25.    -49.    -26.           0.7267
   59    4    5    229.     30.    -64. 0.91851E+17     24.    -49.    -27.           0.6817
   59    4    6    226.     30.    -66. 0.93156E+17     23.    -49.    -28.           0.6298
   59    5   -6    263.     44.    -39. 0.36701E+17     50.    -37.     13.           0.6094
   59    5   -5    260.     41.    -41. 0.41149E+17     50.    -44.      7.           0.6641
   59    5   -4    257.     39.    -43. 0.45559E+17     49.    -49.      2.           0.7122
   59    5   -3    254.     37.    -45. 0.49831E+17     47.    -51.     -2.           0.7521
   59    5   -2    251.     36.    -46. 0.53888E+17     44.    -51.     -5.           0.7826
   59    5   -1    248.     35.    -48. 0.57667E+17     42.    -51.     -7.           0.8027
   59    5    0    245.     34.    -50. 0.61119E+17     40.    -51.     -9.           0.8117
   59    5    1    243.     33.    -52. 0.64200E+17     38.    -51.    -11.           0.8093
   59    5    2    240.     32.    -54. 0.66878E+17     36.    -51.    -13.           0.7957
   59    5    3    238.     32.    -56. 0.69124E+17     35.    -51.    -15.           0.7714
   59    5    4    235.     31.    -58. 0.70917E+17     33.    -51.    -16.           0.7371
   59    5    5    232.     31.    -61. 0.72243E+17     32.    -51.    -17.           0.6940
   59    5    6     19.     63.   -105. 0.73093E+17     30.    -51.    -19.           0.6437
   59    6   -6    267.     49.    -36. 0.33960E+17     53.    -16.     31.           0.6045
   59    6   -5    264.     45.    -38. 0.37012E+17     51.    -21.     28.           0.6588
   59    6   -4    261.     43.    -40. 0.40054E+17     50.    -25.     25.           0.7068
   59    6   -3    258.     41.    -42. 0.43007E+17     49.    -29.     22.           0.7471
   59    6   -2    255.     39.    -44. 0.45810E+17     49.    -32.     19.           0.7783
   59    6   -1    253.     38.    -45. 0.48410E+17     48.    -36.     16.           0.7994
   59    6    0    250.     36.    -47. 0.50766E+17     48.    -39.     13.           0.8097
   59    6    1    247.     35.    -49. 0.52844E+17     49.    -42.     10.           0.8089
   59    6    2    245.     34.    -51. 0.54616E+17     49.    -45.      7.           0.7970
   59    6    3    242.     33.    -53. 0.56062E+17     49.    -48.      4.           0.7745
   59    6    4    239.     33.    -56. 0.57164E+17     48.    -50.      1.           0.7420
   59    6    5    236.     32.    -58. 0.57913E+17     47.    -52.     -1.           0.7008
   59    6    6     19.     63.   -107. 0.58303E+17     44.    -52.     -3.           0.6521
   60    3   -6    267.     60.    -81. 0.43864E+17     59.     26.    -15.           0.7671
   60    3   -5    277.     57.    -67. 0.47679E+17     78.      3.    -19.           0.7831
   60    3   -4    280.     54.    -59. 0.54319E+17     58.    -21.    -21.           0.7932
   60    3   -3    279.     49.    -53. 0.62730E+17     42.    -36.    -22.           0.7970
   60    3   -2    276.     44.    -49. 0.72059E+17     33.    -44.    -23.           0.7944
   60    3   -1    271.     38.    -47. 0.81725E+17     29.    -47.    -23.           0.7853
   60    3    0    265.     33.    -46. 0.91313E+17     29.    -47.    -24.           0.7699
   60    3    1    261.     28.    -46. 0.10054E+18     30.    -46.    -24.           0.7484
   60    3    2    256.     25.    -47. 0.10917E+18     32.    -43.    -24.           0.7215
   60    3    3    253.     23.    -49. 0.11706E+18     34.    -41.    -24.           0.6899
   60    3    4    249.     21.    -51. 0.12405E+18     37.    -39.    -25.           0.6543
   60    3    5    246.     19.    -53. 0.13003E+18     39.    -37.    -25.           0.6159
   60    3    6    243.     18.    -55. 0.13493E+18     41.    -35.    -25.           0.5756
   60    4   -6    276.     59.    -69. 0.40184E+17     56.     42.      2.           0.7764
   60    4   -5    281.     57.    -60. 0.44004E+17     83.     11.     -6.           0.7939
   60    4   -4    282.     53.    -55. 0.49818E+17     75.    -14.    -11.           0.8050
   60    4   -3    281.     49.    -51. 0.56889E+17     56.    -30.    -14.           0.8093
   60    4   -2    278.     45.    -49. 0.64640E+17     45.    -38.    -16.           0.8067
   60    4   -1    274.     40.    -47. 0.72646E+17     39.    -43.    -18.           0.7971
   60    4    0    270.     36.    -47. 0.80602E+17     36.    -45.    -19.           0.7809
   60    4    1    266.     32.    -47. 0.88282E+17     35.    -45.    -20.           0.7584
   60    4    2    262.     29.    -48. 0.95529E+17     35.    -44.    -21.           0.7302
   60    4    3    258.     27.    -49. 0.10219E+18     36.    -42.    -22.           0.6972
   60    4    4    255.     24.    -51. 0.10816E+18     37.    -41.    -22.           0.6603
   60    4    5    251.     23.    -53. 0.11335E+18     38.    -39.    -23.           0.6206
   60    4    6    248.     21.    -55. 0.11767E+18     40.    -37.    -23.           0.5792
   60    5   -6    277.     57.    -66. 0.40147E+17     40.     46.     14.           0.7812
   60    5   -5    281.     55.    -59. 0.42807E+17     66.     25.      9.           0.7970
   60    5   -4    282.     52.    -55. 0.46755E+17     93.      3.      4.           0.8055
   60    5   -3    281.     49.    -52. 0.51607E+17     83.    -17.     -1.           0.8065
   60    5   -2    279.     46.    -50. 0.57007E+17     67.    -29.     -4.           0.7998
   60    5   -1    276.     42.    -49. 0.62663E+17     57.    -36.     -7.           0.7856
   60    5    0    273.     39.    -48. 0.68352E+17     50.    -40.     -9.           0.7643
   60    5    1    270.     36.    -48. 0.73894E+17     46.    -42.    -11.           0.7365
   60    5    2    267.     33.    -48. 0.79148E+17     44.    -43.    -13.           0.7030
   60    5    3    263.     30.    -49. 0.84004E+17     43.    -43.    -14.           0.6649
   60    5    4    259.     27.    -50. 0.88367E+17     43.    -42.    -15.           0.6232
   60    5    5    255.     25.    -52. 0.92168E+17     44.    -40.    -16.           0.5793
   60    5    6    251.     23.    -54. 0.95344E+17     44.    -39.    -17.           0.5344
   60    6   -6    284.     59.    -55. 0.40961E+17     23.     51.     26.           0.7758
   60    6   -5    285.     57.    -52. 0.42497E+17     42.     34.     24.           0.7875
   60    6   -4    284.     54.    -50. 0.44729E+17     61.     18.     21.           0.7914
   60    6   -3    283.     51.    -49. 0.47498E+17     79.      3.     18.           0.7870
   60    6   -2    282.     48.    -48. 0.50637E+17     74.    -11.     16.           0.7747
   60    6   -1    279.     45.    -47. 0.53984E+17     66.    -21.     13.           0.7546
   60    6    0    277.     42.    -46. 0.57401E+17     61.    -29.      9.           0.7274
   60    6    1    274.     39.    -46. 0.60766E+17     59.    -35.      6.           0.6938
   60    6    2    271.     36.    -46. 0.63977E+17     57.    -40.      3.           0.6549
   60    6    3    267.     33.    -46. 0.66949E+17     57.    -43.     -0.           0.6119
   60    6    4    263.     30.    -47. 0.69614E+17     55.    -43.     -2.           0.5661
   60    6    5    259.     28.    -49. 0.71916E+17     54.    -42.     -4.           0.5189
   60    6    6    255.     26.    -51. 0.73807E+17     53.    -41.     -6.           0.4718
   61    3   -6    258.     51.    -73. 0.74995E+17     43.    -31.    -26.           0.7360
   61    3   -5    260.     52.    -71. 0.76817E+17     41.    -33.    -26.           0.7551
   61    3   -4    262.     54.    -69. 0.78356E+17     38.    -36.    -26.           0.7649
   61    3   -3    263.     55.    -68. 0.79574E+17     35.    -38.    -26.           0.7651
   61    3   -2    265.     56.    -67. 0.80438E+17     33.    -41.    -26.           0.7556
   61    3   -1    267.     58.    -66. 0.80915E+17     30.    -43.    -27.           0.7368
   61    3    0    269.     59.    -66. 0.80987E+17     27.    -46.    -27.           0.7092
   61    3    1    271.     61.    -66. 0.80636E+17     25.    -48.    -27.           0.6738
   61    3    2    273.     63.    -66. 0.79846E+17     23.    -50.    -27.           0.6318
   61    3    3    276.     65.    -67. 0.78613E+17     20.    -52.    -27.           0.5845
   61    3    4    279.     67.    -68. 0.76937E+17     19.    -54.    -27.           0.5335
   61    3    5    284.     70.    -71. 0.74830E+17     18.    -55.    -28.           0.4803
   61    3    6    288.     72.    -74. 0.72301E+17     17.    -55.    -28.           0.4268
   61    4   -6    260.     51.    -70. 0.62398E+17     61.    -26.    -13.           0.7477
   61    4   -5    261.     52.    -69. 0.64955E+17     56.    -30.    -15.           0.7665
   61    4   -4    262.     53.    -68. 0.67221E+17     51.    -33.    -16.           0.7754
   61    4   -3    263.     54.    -67. 0.69153E+17     47.    -36.    -17.           0.7740
   61    4   -2    264.     54.    -66. 0.70725E+17     43.    -39.    -18.           0.7623
   61    4   -1    265.     55.    -65. 0.71901E+17     39.    -41.    -20.           0.7407
   61    4    0    265.     56.    -65. 0.72666E+17     35.    -44.    -21.           0.7099
   61    4    1    266.     56.    -64. 0.73000E+17     32.    -47.    -22.           0.6710
   61    4    2    267.     57.    -64. 0.72892E+17     28.    -49.    -23.           0.6251
   61    4    3    268.     58.    -64. 0.72333E+17     25.    -51.    -24.           0.5738
   61    4    4    269.     59.    -64. 0.71325E+17     21.    -53.    -25.           0.5186
   61    4    5    271.     60.    -65. 0.69874E+17     18.    -56.    -27.           0.4615
   61    4    6    273.     61.    -66. 0.67989E+17     14.    -58.    -28.           0.4041
   61    5   -6    260.     51.    -70. 0.57743E+17     79.    -17.      3.           0.7574
   61    5   -5    261.     51.    -69. 0.59574E+17     77.    -23.      0.           0.7735
   61    5   -4    261.     52.    -68. 0.61124E+17     71.    -27.     -2.           0.7793
   61    5   -3    262.     52.    -67. 0.62369E+17     65.    -30.     -5.           0.7745
   61    5   -2    262.     53.    -66. 0.63287E+17     59.    -34.     -7.           0.7592
   61    5   -1    263.     53.    -66. 0.63864E+17     54.    -37.     -9.           0.7341
   61    5    0    263.     54.    -65. 0.64085E+17     49.    -40.    -11.           0.6998
   61    5    1    264.     54.    -65. 0.63948E+17     44.    -43.    -13.           0.6575
   61    5    2    264.     55.    -64. 0.63447E+17     39.    -46.    -15.           0.6085
   61    5    3    265.     55.    -64. 0.62586E+17     35.    -49.    -17.           0.5546
   61    5    4    265.     56.    -64. 0.61373E+17     30.    -51.    -19.           0.4972
   61    5    5    266.     56.    -64. 0.59820E+17     26.    -54.    -20.           0.4384
   61    5    6    266.     57.    -64. 0.57945E+17     21.    -57.    -22.           0.3800
   61    6   -6    260.     51.    -69. 0.55398E+17     78.     -1.     21.           0.7583
   61    6   -5    261.     51.    -68. 0.56235E+17     75.     -5.     19.           0.7713
   61    6   -4    262.     52.    -67. 0.56778E+17     73.    -10.     17.           0.7738
   61    6   -3    262.     52.    -66. 0.57019E+17     70.    -15.     15.           0.7658
   61    6   -2    263.     53.    -65. 0.56955E+17     68.    -19.     13.           0.7476
   61    6   -1    263.     53.    -65. 0.56584E+17     65.    -24.     11.           0.7196
   61    6    0    263.     54.    -64. 0.55912E+17     63.    -30.      8.           0.6829
   61    6    1    263.     54.    -64. 0.54947E+17     60.    -35.      4.           0.6385
   61    6    2    264.     54.    -64. 0.53702E+17     57.    -42.      1.           0.5881
   61    6    3    264.     55.    -64. 0.52195E+17     51.    -46.     -2.           0.5331
   61    6    4    264.     55.    -63. 0.50446E+17     45.    -50.     -6.           0.4754
   61    6    5    264.     56.    -63. 0.48485E+17     38.    -54.     -9.           0.4168
   61    6    6    264.     56.    -63. 0.46343E+17     31.    -57.    -12.           0.3591
   62    3   -6    248.     36.    -53. 0.60700E+17     22.    -52.    -26.           0.5288
   62    3   -5    246.     35.    -55. 0.65341E+17     24.    -48.    -27.           0.5817
   62    3   -4    245.     34.    -57. 0.69641E+17     26.    -46.    -28.           0.6286
   62    3   -3    243.     33.    -59. 0.73553E+17     27.    -44.    -29.           0.6681
   62    3   -2    242.     33.    -61. 0.77036E+17     29.    -42.    -30.           0.6989
   62    3   -1    240.     32.    -63. 0.80058E+17     29.    -40.    -30.           0.7199
   62    3    0    239.     32.    -66. 0.82590E+17     30.    -39.    -31.           0.7306
   62    3    1    237.     31.    -68. 0.84611E+17     31.    -38.    -32.           0.7305
   62    3    2    236.     31.    -70. 0.86106E+17     31.    -37.    -32.           0.7198
   62    3    3    234.     31.    -73. 0.87060E+17     31.    -36.    -33.           0.6988
   62    3    4    233.     31.    -76. 0.87469E+17     31.    -36.    -33.           0.6682
   62    3    5    231.     31.    -78. 0.87335E+17     31.    -35.    -34.           0.6292
   62    3    6    230.     30.    -81. 0.86663E+17     30.    -35.    -34.           0.5830
   62    4   -6    255.     39.    -51. 0.40593E+17     43.    -45.    -12.           0.5078
   62    4   -5    253.     38.    -53. 0.44143E+17     45.    -41.    -14.           0.5624
   62    4   -4    251.     36.    -55. 0.47504E+17     47.    -38.    -15.           0.6119
   62    4   -3    249.     35.    -57. 0.50630E+17     48.    -35.    -17.           0.6547
   62    4   -2    247.     34.    -60. 0.53486E+17     48.    -34.    -18.           0.6895
   62    4   -1    245.     33.    -62. 0.56040E+17     49.    -32.    -19.           0.7150
   62    4    0    243.     33.    -65. 0.58266E+17     49.    -31.    -20.           0.7304
   62    4    1    241.     32.    -67. 0.60142E+17     49.    -30.    -21.           0.7353
   62    4    2    239.     32.    -70. 0.61652E+17     48.    -30.    -22.           0.7296
   62    4    3    237.     31.    -72. 0.62784E+17     48.    -30.    -23.           0.7134
   62    4    4    235.     31.    -75. 0.63530E+17     47.    -30.    -24.           0.6873
   62    4    5    233.     31.    -78. 0.63885E+17     46.    -30.    -25.           0.6523
   62    4    6    231.     30.    -80. 0.63853E+17     44.    -30.    -25.           0.6095
   62    5   -6    257.     42.    -52. 0.34249E+17     65.    -31.      5.           0.5029
   62    5   -5    255.     40.    -53. 0.36974E+17     69.    -29.      2.           0.5584
   62    5   -4    253.     39.    -55. 0.39529E+17     72.    -28.      0.           0.6091
   62    5   -3    251.     37.    -57. 0.41879E+17     73.    -26.     -1.           0.6533
   62    5   -2    249.     36.    -59. 0.43994E+17     73.    -24.     -3.           0.6896
   62    5   -1    247.     35.    -61. 0.45850E+17     72.    -23.     -5.           0.7167
   62    5    0    245.     34.    -64. 0.47429E+17     72.    -22.     -6.           0.7338
   62    5    1    243.     34.    -66. 0.48713E+17     71.    -22.     -7.           0.7403
   62    5    2    241.     33.    -68. 0.49693E+17     70.    -21.     -9.           0.7361
   62    5    3    239.     32.    -71. 0.50357E+17     69.    -21.    -10.           0.7213
   62    5    4    237.     32.    -73. 0.50706E+17     67.    -22.    -11.           0.6964
   62    5    5    235.     31.    -76. 0.50735E+17     65.    -22.    -12.           0.6621
   62    5    6    232.     31.    -79. 0.50450E+17     63.    -23.    -13.           0.6198
   62    6   -6    259.     44.    -50. 0.31449E+17     69.     -7.     24.           0.4959
   62    6   -5    257.     42.    -52. 0.33658E+17     72.     -6.     22.           0.5519
   62    6   -4    255.     41.    -54. 0.35694E+17     74.     -5.     21.           0.6032
   62    6   -3    253.     39.    -56. 0.37529E+17     76.     -4.     19.           0.6482
   62    6   -2    251.     38.    -58. 0.39141E+17     78.     -4.     18.           0.6855
   62    6   -1    249.     37.    -60. 0.40511E+17     80.     -3.     17.           0.7138
   62    6    0    247.     36.    -62. 0.41624E+17     81.     -3.     15.           0.7322
   62    6    1    245.     35.    -64. 0.42470E+17     82.     -4.     14.           0.7401
   62    6    2    243.     34.    -67. 0.43040E+17     83.     -4.     13.           0.7373
   62    6    3    241.     34.    -69. 0.43331E+17     84.     -5.     11.           0.7237
   62    6    4    238.     33.    -72. 0.43340E+17     84.     -6.     10.           0.7000
   62    6    5    236.     33.    -74. 0.43072E+17     84.     -7.      9.           0.6668
   62    6    6    234.     32.    -77. 0.42531E+17     84.     -9.      7.           0.6252
   63    3   -6    248.     33.    -47. 0.72727E+17     12.    -62.    -25.           0.5266
   63    3   -5    249.     34.    -48. 0.75991E+17     15.    -60.    -25.           0.5797
   63    3   -4    250.     34.    -49. 0.78726E+17     17.    -58.    -25.           0.6267
   63    3   -3    251.     34.    -50. 0.80894E+17     19.    -55.    -25.           0.6660
   63    3   -2    252.     34.    -51. 0.82474E+17     21.    -53.    -26.           0.6960
   63    3   -1    252.     34.    -52. 0.83453E+17     23.    -52.    -26.           0.7158
   63    3    0    252.     34.    -53. 0.83813E+17     24.    -50.    -26.           0.7245
   63    3    1    252.     34.    -54. 0.83550E+17     26.    -48.    -26.           0.7218
   63    3    2    252.     34.    -55. 0.82672E+17     28.    -46.    -26.           0.7076
   63    3    3    252.     33.    -57. 0.81187E+17     29.    -44.    -27.           0.6824
   63    3    4    252.     33.    -58. 0.79114E+17     30.    -43.    -27.           0.6470
   63    3    5    252.     33.    -60. 0.76479E+17     32.    -41.    -27.           0.6026
   63    3    6    251.     33.    -62. 0.73312E+17     33.    -39.    -28.           0.5508
   63    4   -6    260.     41.    -51. 0.59207E+17     19.    -61.    -20.           0.5175
   63    4   -5    259.     41.    -51. 0.61468E+17     22.    -59.    -19.           0.5690
   63    4   -4    259.     40.    -52. 0.63293E+17     25.    -56.    -19.           0.6146
   63    4   -3    259.     39.    -52. 0.64658E+17     27.    -54.    -19.           0.6527
   63    4   -2    258.     39.    -53. 0.65546E+17     30.    -52.    -19.           0.6818
   63    4   -1    258.     38.    -54. 0.65948E+17     32.    -50.    -18.           0.7010
   63    4    0    258.     38.    -55. 0.65856E+17     34.    -47.    -18.           0.7094
   63    4    1    258.     37.    -56. 0.65275E+17     37.    -45.    -18.           0.7068
   63    4    2    257.     37.    -57. 0.64212E+17     39.    -43.    -18.           0.6931
   63    4    3    257.     36.    -58. 0.62677E+17     41.    -41.    -18.           0.6688
   63    4    4    257.     36.    -59. 0.60689E+17     43.    -39.    -18.           0.6347
   63    4    5    256.     35.    -61. 0.58272E+17     46.    -37.    -18.           0.5919
   63    4    6    255.     35.    -63. 0.55459E+17     48.    -35.    -17.           0.5420
   63    5   -6    263.     44.    -53. 0.49500E+17     30.    -59.    -11.           0.5047
   63    5   -5    263.     43.    -53. 0.51338E+17     33.    -56.    -11.           0.5551
   63    5   -4    262.     42.    -54. 0.52805E+17     36.    -54.    -10.           0.5996
   63    5   -3    262.     42.    -54. 0.53885E+17     39.    -51.     -9.           0.6367
   63    5   -2    261.     41.    -54. 0.54561E+17     42.    -49.     -9.           0.6650
   63    5   -1    261.     41.    -55. 0.54829E+17     45.    -47.     -8.           0.6836
   63    5    0    261.     40.    -56. 0.54682E+17     48.    -44.     -7.           0.6917
   63    5    1    260.     40.    -57. 0.54121E+17     51.    -42.     -7.           0.6889
   63    5    2    260.     39.    -58. 0.53156E+17     54.    -40.     -6.           0.6754
   63    5    3    259.     38.    -59. 0.51795E+17     57.    -37.     -5.           0.6515
   63    5    4    259.     38.    -60. 0.50054E+17     60.    -35.     -5.           0.6181
   63    5    5    258.     37.    -62. 0.47957E+17     64.    -32.     -4.           0.5763
   63    5    6    257.     37.    -63. 0.45529E+17     67.    -30.     -3.           0.5275
   63    6   -6    265.     45.    -53. 0.41820E+17     44.    -51.      4.           0.4937
   63    6   -5    265.     45.    -53. 0.43500E+17     47.    -47.      6.           0.5425
   63    6   -4    264.     44.    -54. 0.44864E+17     49.    -44.      7.           0.5853
   63    6   -3    264.     43.    -54. 0.45893E+17     51.    -40.      9.           0.6208
   63    6   -2    264.     43.    -54. 0.46577E+17     53.    -37.     10.           0.6476
   63    6   -1    263.     43.    -55. 0.46907E+17     55.    -34.     11.           0.6648
   63    6    0    263.     42.    -56. 0.46876E+17     57.    -31.     12.           0.6717
   63    6    1    263.     42.    -56. 0.46487E+17     59.    -28.     13.           0.6680
   63    6    2    262.     41.    -57. 0.45742E+17     61.    -25.     14.           0.6538
   63    6    3    262.     41.    -58. 0.44649E+17     63.    -22.     15.           0.6295
   63    6    4    261.     40.    -59. 0.43221E+17     65.    -19.     16.           0.5961
   63    6    5    261.     40.    -61. 0.41474E+17     67.    -16.     17.           0.5545
   63    6    6    260.     39.    -62. 0.39431E+17     69.    -13.     18.           0.5062
   64    3   -6    323.     85.    -85. 0.78705E+17     24.    -64.    -13.           0.4939
   64    3   -5    326.     83.    -87. 0.83202E+17     16.    -68.    -17.           0.5439
   64    3   -4    332.     81.    -92. 0.87965E+17      9.    -71.    -20.           0.5914
   64    3   -3    346.     77.   -102. 0.92880E+17      6.    -72.    -23.           0.6351
   64    3   -2    236.     31.    -43. 0.97841E+17      6.    -68.    -25.           0.6735
   64    3   -1    243.     36.    -46. 0.10275E+18     10.    -63.    -28.           0.7054
   64    3    0    244.     38.    -50. 0.10751E+18     13.    -58.    -30.           0.7298
   64    3    1    244.     38.    -53. 0.11205E+18     16.    -53.    -32.           0.7459
   64    3    2    242.     38.    -57. 0.11630E+18     18.    -49.    -33.           0.7533
   64    3    3    241.     38.    -60. 0.12019E+18     20.    -45.    -35.           0.7517
   64    3    4    238.     38.    -64. 0.12367E+18     21.    -43.    -36.           0.7412
   64    3    5    236.     38.    -68. 0.12668E+18     22.    -41.    -37.           0.7222
   64    3    6    233.     38.    -72. 0.12918E+18     23.    -39.    -38.           0.6953
   64    4   -6    318.     87.    -80. 0.65179E+17     27.    -72.      0.           0.4867
   64    4   -5    319.     85.    -82. 0.67333E+17     16.    -80.     -4.           0.5356
   64    4   -4    324.     84.    -85. 0.69696E+17      7.    -85.     -8.           0.5826
   64    4   -3    241.     29.    -33. 0.72218E+17      3.    -86.    -11.           0.6262
   64    4   -2    253.     40.    -39. 0.74848E+17      9.    -77.    -14.           0.6650
   64    4   -1    253.     41.    -42. 0.77536E+17     15.    -68.    -17.           0.6978
   64    4    0    252.     41.    -46. 0.80236E+17     20.    -61.    -20.           0.7236
   64    4    1    250.     40.    -49. 0.82901E+17     24.    -54.    -22.           0.7416
   64    4    2    247.     39.    -53. 0.85488E+17     27.    -49.    -24.           0.7513
   64    4    3    245.     39.    -57. 0.87960E+17     30.    -45.    -26.           0.7524
   64    4    4    242.     38.    -62. 0.90280E+17     32.    -41.    -27.           0.7449
   64    4    5    239.     37.    -66. 0.92411E+17     33.    -38.    -29.           0.7292
   64    4    6    235.     37.    -71. 0.94326E+17     34.    -36.    -30.           0.7057
   64    5   -6    307.     84.    -70. 0.57017E+17     19.    -75.      6.           0.4815
   64    5   -5    300.     79.    -65. 0.58808E+17     11.    -86.      3.           0.5318
   64    5   -4    283.     67.    -51. 0.60562E+17      8.    -92.      0.           0.5802
   64    5   -3    269.     55.    -43. 0.62249E+17     12.    -86.     -2.           0.6250
   64    5   -2    263.     50.    -43. 0.63850E+17     18.    -77.     -5.           0.6650
   64    5   -1    260.     47.    -44. 0.65343E+17     24.    -69.     -7.           0.6987
   64    5    0    257.     45.    -46. 0.66715E+17     29.    -61.     -9.           0.7253
   64    5    1    254.     44.    -49. 0.67954E+17     34.    -55.    -11.           0.7437
   64    5    2    251.     42.    -52. 0.69053E+17     38.    -49.    -13.           0.7536
   64    5    3    248.     41.    -56. 0.70004E+17     42.    -44.    -15.           0.7545
   64    5    4    245.     40.    -60. 0.70808E+17     44.    -39.    -16.           0.7465
   64    5    5    241.     39.    -64. 0.71457E+17     46.    -36.    -18.           0.7299
   64    5    6    237.     38.    -69. 0.71953E+17     47.    -34.    -19.           0.7052
   64    6   -6    295.     80.    -57. 0.49188E+17     16.    -62.     22.           0.4724
   64    6   -5    286.     72.    -50. 0.50678E+17     14.    -66.     20.           0.5234
   64    6   -4    277.     63.    -44. 0.52048E+17     16.    -66.     18.           0.5725
   64    6   -3    271.     57.    -41. 0.53278E+17     20.    -63.     17.           0.6180
   64    6   -2    266.     53.    -41. 0.54355E+17     27.    -59.     15.           0.6586
   64    6   -1    263.     50.    -42. 0.55268E+17     33.    -54.     13.           0.6930
   64    6    0    260.     48.    -44. 0.56013E+17     40.    -49.     11.           0.7200
   64    6    1    257.     46.    -47. 0.56587E+17     46.    -44.      9.           0.7389
   64    6    2    254.     44.    -50. 0.56993E+17     53.    -40.      8.           0.7490
   64    6    3    251.     43.    -53. 0.57236E+17     59.    -35.      6.           0.7500
   64    6    4    248.     41.    -57. 0.57325E+17     64.    -32.      4.           0.7419
   64    6    5    244.     40.    -61. 0.57271E+17     69.    -29.      2.           0.7250
   64    6    6    240.     39.    -66. 0.57085E+17     73.    -27.      0.           0.6998
   65    3   -6    276.     54.    -58. 0.60429E+17     23.    -53.    -24.           0.5491
   65    3   -5     45.     51.   -125. 0.65545E+17     21.    -55.    -25.           0.5956
   65    3   -4    269.     47.    -54. 0.70408E+17     20.    -55.    -25.           0.6361
   65    3   -3    265.     43.    -53. 0.74921E+17     21.    -54.    -25.           0.6691
   65    3   -2    262.     41.    -52. 0.79001E+17     21.    -53.    -25.           0.6933
   65    3   -1    259.     38.    -52. 0.82583E+17     23.    -52.    -25.           0.7079
   65    3    0    257.     36.    -53. 0.85606E+17     24.    -50.    -26.           0.7121
   65    3    1    255.     35.    -53. 0.88024E+17     25.    -49.    -26.           0.7057
   65    3    2    254.     33.    -54. 0.89795E+17     27.    -47.    -26.           0.6888
   65    3    3    252.     32.    -55. 0.90889E+17     28.    -46.    -26.           0.6618
   65    3    4    251.     31.    -56. 0.91286E+17     29.    -44.    -26.           0.6255
   65    3    5    249.     30.    -57. 0.90971E+17     30.    -43.    -27.           0.5811
   65    3    6    247.     29.    -59. 0.89942E+17     31.    -42.    -27.           0.5300
   65    4   -6    274.     53.    -58. 0.53638E+17     32.    -50.    -18.           0.5542
   65    4   -5    272.     50.    -56. 0.57385E+17     31.    -51.    -18.           0.5998
   65    4   -4    269.     47.    -55. 0.60852E+17     30.    -52.    -18.           0.6390
   65    4   -3    267.     45.    -55. 0.63978E+17     31.    -51.    -18.           0.6704
   65    4   -2    265.     43.    -54. 0.66710E+17     31.    -50.    -18.           0.6927
   65    4   -1    263.     41.    -54. 0.69005E+17     32.    -49.    -18.           0.7052
   65    4    0    262.     39.    -54. 0.70830E+17     33.    -48.    -19.           0.7073
   65    4    1    260.     38.    -55. 0.72153E+17     34.    -47.    -19.           0.6988
   65    4    2    259.     36.    -55. 0.72956E+17     36.    -45.    -19.           0.6799
   65    4    3    257.     35.    -56. 0.73220E+17     37.    -44.    -19.           0.6512
   65    4    4    256.     34.    -57. 0.72942E+17     38.    -43.    -19.           0.6134
   65    4    5    254.     32.    -58. 0.72118E+17     39.    -41.    -19.           0.5680
   65    4    6    253.     31.    -60. 0.70754E+17     40.    -40.    -20.           0.5162
   65    5   -6    273.     51.    -57. 0.46871E+17     46.    -47.     -7.           0.5491
   65    5   -5    272.     49.    -57. 0.49908E+17     45.    -48.     -8.           0.5936
   65    5   -4    270.     47.    -56. 0.52657E+17     45.    -48.     -8.           0.6314
   65    5   -3    268.     45.    -56. 0.55072E+17     45.    -47.     -8.           0.6611
   65    5   -2    267.     43.    -55. 0.57119E+17     45.    -47.     -8.           0.6817
   65    5   -1    266.     42.    -55. 0.58768E+17     46.    -46.     -8.           0.6924
   65    5    0    264.     41.    -56. 0.59994E+17     47.    -45.     -8.           0.6928
   65    5    1    263.     39.    -56. 0.60780E+17     48.    -44.     -8.           0.6826
   65    5    2    262.     38.    -57. 0.61113E+17     49.    -43.     -8.           0.6622
   65    5    3    260.     37.    -57. 0.60987E+17     50.    -42.     -8.           0.6321
   65    5    4    259.     36.    -58. 0.60402E+17     51.    -41.     -9.           0.5934
   65    5    5    257.     35.    -59. 0.59360E+17     52.    -39.     -9.           0.5472
   65    5    6    256.     34.    -60. 0.57875E+17     53.    -38.     -9.           0.4952
   65    6   -6     48.     50.   -124. 0.41330E+17     55.    -33.     12.           0.5413
   65    6   -5    273.     49.    -56. 0.43826E+17     55.    -33.     12.           0.5836
   65    6   -4    271.     47.    -55. 0.46030E+17     54.    -34.     12.           0.6190
   65    6   -3    270.     46.    -55. 0.47912E+17     54.    -33.     12.           0.6462
   65    6   -2    269.     45.    -55. 0.49444E+17     55.    -33.     12.           0.6641
   65    6   -1    268.     44.    -55. 0.50607E+17     55.    -33.     12.           0.6722
   65    6    0    267.     42.    -55. 0.51384E+17     56.    -32.     12.           0.6699
   65    6    1    265.     41.    -55. 0.51764E+17     56.    -32.     12.           0.6574
   65    6    2    264.     40.    -56. 0.51739E+17     57.    -31.     12.           0.6348
   65    6    3    263.     39.    -56. 0.51310E+17     58.    -30.     12.           0.6030
   65    6    4    262.     38.    -57. 0.50476E+17     58.    -30.     12.           0.5630
   65    6    5    260.     38.    -58. 0.49247E+17     59.    -29.     12.           0.5160
   65    6    6    259.     37.    -59. 0.47636E+17     60.    -28.     12.           0.4636
   66    3   -6    278.     55.    -56. 0.57854E+17     24.    -54.    -22.           0.5940
   66    3   -5    273.     51.    -53. 0.64340E+17     21.    -56.    -23.           0.6363
   66    3   -4    268.     47.    -52. 0.70627E+17     19.    -57.    -24.           0.6724
   66    3   -3    264.     43.    -51. 0.76594E+17     19.    -56.    -25.           0.7010
   66    3   -2    260.     40.    -51. 0.82143E+17     20.    -54.    -25.           0.7212
   66    3   -1    256.     37.    -52. 0.87187E+17     21.    -53.    -26.           0.7320
   66    3    0    253.     35.    -53. 0.91662E+17     22.    -51.    -27.           0.7331
   66    3    1    251.     34.    -54. 0.95497E+17     23.    -49.    -27.           0.7244
   66    3    2    248.     32.    -55. 0.98656E+17     24.    -48.    -28.           0.7060
   66    3    3    246.     31.    -56. 0.10108E+18     25.    -46.    -28.           0.6784
   66    3    4    244.     30.    -58. 0.10274E+18     26.    -45.    -29.           0.6425
   66    3    5    242.     30.    -59. 0.10362E+18     27.    -43.    -29.           0.5994
   66    3    6    240.     29.    -61. 0.10371E+18     28.    -42.    -30.           0.5505
   66    4   -6    277.     55.    -55. 0.50155E+17     36.    -51.    -13.           0.5941
   66    4   -5    273.     52.    -54. 0.55195E+17     32.    -53.    -15.           0.6356
   66    4   -4    270.     48.    -53. 0.60066E+17     30.    -54.    -16.           0.6709
   66    4   -3    267.     45.    -52. 0.64673E+17     29.    -54.    -17.           0.6987
   66    4   -2    264.     43.    -52. 0.68932E+17     29.    -53.    -18.           0.7179
   66    4   -1    261.     40.    -53. 0.72787E+17     30.    -51.    -19.           0.7280
   66    4    0    258.     38.    -54. 0.76178E+17     30.    -50.    -20.           0.7284
   66    4    1    255.     37.    -54. 0.79057E+17     31.    -49.    -20.           0.7191
   66    4    2    253.     35.    -56. 0.81392E+17     32.    -47.    -21.           0.7004
   66    4    3    251.     34.    -57. 0.83148E+17     33.    -46.    -22.           0.6726
   66    4    4    249.     33.    -58. 0.84301E+17     33.    -44.    -22.           0.6369
   66    4    5    246.     32.    -60. 0.84844E+17     34.    -43.    -23.           0.5941
   66    4    6    244.     31.    -62. 0.84767E+17     35.    -42.    -24.           0.5458
   66    5   -6    275.     54.    -56. 0.45090E+17     54.    -45.     -1.           0.5912
   66    5   -5    272.     51.    -55. 0.49008E+17     49.    -48.     -3.           0.6314
   66    5   -4    270.     49.    -55. 0.52738E+17     46.    -49.     -5.           0.6650
   66    5   -3    267.     46.    -55. 0.56211E+17     44.    -50.     -6.           0.6910
   66    5   -2    265.     44.    -55. 0.59372E+17     43.    -49.     -7.           0.7084
   66    5   -1    262.     42.    -55. 0.62167E+17     43.    -49.     -8.           0.7166
   66    5    0    260.     41.    -55. 0.64561E+17     43.    -48.     -9.           0.7152
   66    5    1    258.     39.    -56. 0.66520E+17     43.    -47.    -10.           0.7042
   66    5    2    256.     38.    -57. 0.68019E+17     43.    -46.    -11.           0.6839
   66    5    3    253.     36.    -58. 0.69037E+17     43.    -45.    -12.           0.6550
   66    5    4    251.     35.    -59. 0.69564E+17     44.    -44.    -13.           0.6182
   66    5    5    249.     34.    -61. 0.69592E+17     44.    -43.    -13.           0.5748
   66    5    6    247.     33.    -62. 0.69121E+17     45.    -41.    -14.           0.5262
   66    6   -6    275.     54.    -55. 0.40901E+17     57.    -24.     19.           0.5831
   66    6   -5    273.     51.    -54. 0.43926E+17     54.    -28.     17.           0.6211
   66    6   -4    271.     49.    -54. 0.46747E+17     53.    -31.     16.           0.6525
   66    6   -3    269.     48.    -54. 0.49313E+17     52.    -33.     15.           0.6760
   66    6   -2    266.     46.    -54. 0.51586E+17     51.    -35.     14.           0.6909
   66    6   -1    264.     44.    -54. 0.53529E+17     51.    -36.     13.           0.6967
   66    6    0    262.     43.    -55. 0.55116E+17     52.    -37.     12.           0.6930
   66    6    1    260.     41.    -55. 0.56323E+17     53.    -37.     10.           0.6799
   66    6    2    258.     40.    -56. 0.57136E+17     54.    -38.      9.           0.6578
   66    6    3    256.     39.    -57. 0.57543E+17     55.    -38.      8.           0.6274
   66    6    4    254.     37.    -58. 0.57537E+17     56.    -38.      6.           0.5895
   66    6    5    251.     36.    -59. 0.57120E+17     57.    -38.      5.           0.5455
   66    6    6    249.     35.    -60. 0.56294E+17     59.    -38.      4.           0.4967
   67    3   -6    277.     58.    -67. 0.47426E+17     59.    -16.    -25.           0.6454
   67    3   -5    278.     55.    -63. 0.53669E+17     45.    -29.    -26.           0.6756
   67    3   -4    277.     52.    -59. 0.60349E+17     35.    -38.    -27.           0.7000
   67    3   -3    274.     49.    -56. 0.67175E+17     28.    -44.    -27.           0.7178
   67    3   -2    271.     45.    -54. 0.73925E+17     24.    -48.    -28.           0.7284
   67    3   -1    266.     41.    -53. 0.80421E+17     22.    -50.    -28.           0.7313
   67    3    0    261.     37.    -52. 0.86526E+17     22.    -50.    -28.           0.7264
   67    3    1    257.     34.    -53. 0.92123E+17     22.    -49.    -29.           0.7137
   67    3    2    252.     31.    -53. 0.97128E+17     23.    -48.    -29.           0.6937
   67    3    3    248.     29.    -55. 0.10145E+18     24.    -47.    -29.           0.6667
   67    3    4    245.     27.    -56. 0.10502E+18     26.    -45.    -29.           0.6336
   67    3    5    241.     26.    -58. 0.10779E+18     27.    -43.    -29.           0.5955
   67    3    6    238.     24.    -60. 0.10971E+18     29.    -42.    -29.           0.5533
   67    4   -6    281.     57.    -61. 0.39769E+17     79.     -9.    -11.           0.6446
   67    4   -5    280.     54.    -58. 0.45041E+17     60.    -25.    -14.           0.6752
   67    4   -4    278.     51.    -55. 0.50697E+17     48.    -36.    -16.           0.6999
   67    4   -3    276.     48.    -54. 0.56485E+17     40.    -42.    -18.           0.7179
   67    4   -2    273.     45.    -52. 0.62222E+17     35.    -46.    -19.           0.7286
   67    4   -1    269.     41.    -51. 0.67768E+17     32.    -48.    -20.           0.7317
   67    4    0    265.     38.    -51. 0.73005E+17     30.    -49.    -21.           0.7269
   67    4    1    261.     35.    -52. 0.77837E+17     29.    -49.    -22.           0.7144
   67    4    2    257.     33.    -52. 0.82192E+17     30.    -48.    -22.           0.6945
   67    4    3    254.     31.    -53. 0.86000E+17     30.    -47.    -23.           0.6677
   67    4    4    250.     29.    -55. 0.89211E+17     31.    -46.    -23.           0.6350
   67    4    5    247.     27.    -57. 0.91779E+17     32.    -44.    -24.           0.5972
   67    4    6    243.     26.    -59. 0.93669E+17     33.    -43.    -24.           0.5556
   67    5   -6    280.     55.    -59. 0.36668E+17     88.      6.      7.           0.6443
   67    5   -5    280.     53.    -57. 0.40541E+17     84.    -13.      2.           0.6733
   67    5   -4     50.     51.   -125. 0.44709E+17     71.    -27.     -1.           0.6960
   67    5   -3    276.     48.    -54. 0.48991E+17     60.    -36.     -4.           0.7117
   67    5   -2    274.     45.    -53. 0.53249E+17     52.    -42.     -7.           0.7199
   67    5   -1    271.     43.    -52. 0.57368E+17     46.    -45.     -8.           0.7202
   67    5    0    267.     40.    -52. 0.61256E+17     43.    -47.    -10.           0.7126
   67    5    1    264.     38.    -52. 0.64838E+17     40.    -48.    -11.           0.6973
   67    5    2    261.     35.    -52. 0.68054E+17     39.    -48.    -13.           0.6748
   67    5    3    257.     33.    -53. 0.70852E+17     39.    -48.    -14.           0.6457
   67    5    4    253.     31.    -54. 0.73188E+17     39.    -47.    -15.           0.6108
   67    5    5    250.     29.    -56. 0.75031E+17     39.    -46.    -15.           0.5714
   67    5    6    246.     28.    -58. 0.76355E+17     40.    -44.    -16.           0.5285
   67    6   -6    283.     56.    -53. 0.35602E+17     57.     19.     24.           0.6376
   67    6   -5    282.     54.    -52. 0.38183E+17     73.      5.     22.           0.6636
   67    6   -4    280.     51.    -52. 0.40934E+17     72.     -8.     20.           0.6830
   67    6   -3    278.     49.    -51. 0.43749E+17     64.    -18.     18.           0.6952
   67    6   -2    276.     47.    -51. 0.46537E+17     58.    -26.     16.           0.6999
   67    6   -1    273.     44.    -50. 0.49221E+17     54.    -32.     14.           0.6967
   67    6    0    270.     42.    -50. 0.51735E+17     52.    -37.     12.           0.6858
   67    6    1    267.     40.    -50. 0.54026E+17     51.    -41.      9.           0.6674
   67    6    2    264.     37.    -51. 0.56047E+17     50.    -44.      6.           0.6422
   67    6    3    260.     35.    -51. 0.57762E+17     50.    -46.      4.           0.6108
   67    6    4    257.     33.    -52. 0.59140E+17     51.    -47.      2.           0.5743
   67    6    5    253.     31.    -54. 0.60158E+17     52.    -48.      0.           0.5337
   67    6    6    249.     30.    -55. 0.60798E+17     52.    -46.     -2.           0.4904
   68    3   -6    351.     88.    -98. 0.90540E+17     40.    -50.    -10.           0.6384
   68    3   -5    354.     85.   -100. 0.93020E+17     33.    -52.    -15.           0.6918
   68    3   -4    358.     82.   -103. 0.96006E+17     28.    -53.    -19.           0.7402
   68    3   -3    237.     20.    -37. 0.99430E+17     25.    -53.    -22.           0.7823
   68    3   -2    238.     23.    -42. 0.10322E+18     23.    -51.    -26.           0.8168
   68    3   -1    240.     27.    -46. 0.10728E+18     23.    -49.    -28.           0.8426
   68    3    0    240.     29.    -51. 0.11151E+18     23.    -47.    -31.           0.8591
   68    3    1    240.     31.    -56. 0.11582E+18     23.    -44.    -33.           0.8657
   68    3    2    238.     33.    -61. 0.12011E+18     23.    -42.    -35.           0.8622
   68    3    3    237.     34.    -66. 0.12429E+18     23.    -40.    -36.           0.8490
   68    3    4    234.     35.    -71. 0.12828E+18     23.    -39.    -38.           0.8264
   68    3    5    231.     36.    -76. 0.13198E+18     23.    -39.    -39.           0.7953
   68    3    6     37.     54.    -97. 0.13531E+18     22.    -39.    -39.           0.7566
   68    4   -6    162.     87.     95. 0.77047E+17     41.    -55.      4.           0.6139
   68    4   -5    166.     90.     98. 0.76986E+17     36.    -64.     -1.           0.6659
   68    4   -4    351.     87.   -103. 0.77224E+17     29.    -66.     -5.           0.7140
   68    4   -3    357.     83.   -108. 0.77797E+17     26.    -65.     -9.           0.7567
   68    4   -2    247.     24.    -29. 0.78728E+17     25.    -62.    -13.           0.7929
   68    4   -1    248.     29.    -35. 0.80025E+17     26.    -58.    -16.           0.8214
   68    4    0    248.     31.    -41. 0.81676E+17     28.    -52.    -19.           0.8413
   68    4    1    247.     33.    -47. 0.83654E+17     31.    -47.    -22.           0.8522
   68    4    2    245.     34.    -53. 0.85919E+17     33.    -43.    -25.           0.8538
   68    4    3    242.     34.    -59. 0.88414E+17     34.    -40.    -27.           0.8461
   68    4    4    238.     34.    -66. 0.91074E+17     34.    -38.    -28.           0.8294
   68    4    5    234.     35.    -72. 0.93834E+17     33.    -37.    -30.           0.8043
   68    4    6     36.     56.    -98. 0.96617E+17     32.    -37.    -31.           0.7718
   68    5   -6    158.     87.     94. 0.67240E+17     27.    -64.      9.           0.6023
   68    5   -5    164.     89.     99. 0.67292E+17     22.    -73.      6.           0.6565
   68    5   -4    352.     86.   -107. 0.67339E+17     19.    -78.      3.           0.7067
   68    5   -3    252.     26.    -21. 0.67410E+17     20.    -79.     -0.           0.7515
   68    5   -2    254.     32.    -28. 0.67534E+17     24.    -73.     -3.           0.7895
   68    5   -1    254.     35.    -33. 0.67738E+17     29.    -65.     -6.           0.8196
   68    5    0    253.     36.    -39. 0.68047E+17     34.    -58.     -8.           0.8408
   68    5    1    251.     37.    -44. 0.68481E+17     38.    -51.    -11.           0.8525
   68    5    2    249.     37.    -50. 0.69052E+17     42.    -45.    -13.           0.8545
   68    5    3    245.     36.    -56. 0.69764E+17     45.    -40.    -15.           0.8466
   68    5    4    241.     36.    -62. 0.70612E+17     46.    -37.    -17.           0.8293
   68    5    5    236.     36.    -69. 0.71587E+17     46.    -36.    -19.           0.8030
   68    5    6     33.     56.   -100. 0.72662E+17     45.    -35.    -20.           0.7687
   68    6   -6    157.     84.     94. 0.57919E+17     15.    -64.     21.           0.5921
   68    6   -5    167.     88.    105. 0.58010E+17     11.    -70.     20.           0.6469
   68    6   -4      1.     85.   -119. 0.58002E+17     12.    -70.     18.           0.6979
   68    6   -3    262.     37.    -20. 0.57916E+17     17.    -66.     16.           0.7434
   68    6   -2    262.     40.    -26. 0.57776E+17     24.    -61.     15.           0.7822
   68    6   -1    260.     40.    -31. 0.57607E+17     32.    -55.     13.           0.8130
   68    6    0    258.     40.    -36. 0.57436E+17     40.    -49.     11.           0.8348
   68    6    1    256.     40.    -41. 0.57289E+17     47.    -43.     10.           0.8470
   68    6    2    252.     39.    -46. 0.57192E+17     54.    -38.      8.           0.8493
   68    6    3    248.     38.    -52. 0.57164E+17     60.    -34.      6.           0.8416
   68    6    4    244.     37.    -58. 0.57222E+17     65.    -31.      4.           0.8242
   68    6    5    238.     36.    -65. 0.57375E+17     68.    -31.      2.           0.7976
   68    6    6     31.     56.   -102. 0.57628E+17     68.    -32.     -0.           0.7628
   69    3   -6    241.     29.    -52. 0.80926E+17     24.    -50.    -26.           0.6048
   69    3   -5    241.     29.    -52. 0.85092E+17     23.    -51.    -27.           0.6548
   69    3   -4    240.     29.    -52. 0.88631E+17     21.    -52.    -27.           0.6955
   69    3   -3    240.     29.    -52. 0.91515E+17     20.    -53.    -27.           0.7256
   69    3   -2    239.     30.    -52. 0.93706E+17     19.    -53.    -27.           0.7441
   69    3   -1    239.     30.    -52. 0.95192E+17     18.    -54.    -28.           0.7503
   69    3    0    239.     30.    -53. 0.95957E+17     17.    -55.    -28.           0.7439
   69    3    1    239.     31.    -53. 0.95994E+17     16.    -56.    -28.           0.7254
   69    3    2    239.     31.    -53. 0.95310E+17     15.    -56.    -29.           0.6953
   69    3    3    239.     32.    -54. 0.93914E+17     14.    -57.    -29.           0.6547
   69    3    4    239.     33.    -54. 0.91822E+17     12.    -58.    -30.           0.6051
   69    3    5    240.     34.    -55. 0.89068E+17     11.    -59.    -30.           0.5483
   69    3    6    242.     36.    -56. 0.85682E+17     10.    -59.    -31.           0.4863
   69    4   -6    250.     35.    -52. 0.59372E+17     32.    -49.    -18.           0.5841
   69    4   -5    250.     35.    -52. 0.62811E+17     31.    -50.    -19.           0.6353
   69    4   -4    249.     35.    -52. 0.65778E+17     30.    -51.    -19.           0.6779
   69    4   -3    249.     35.    -52. 0.68241E+17     29.    -52.    -19.           0.7102
   69    4   -2    249.     35.    -52. 0.70179E+17     28.    -52.    -20.           0.7313
   69    4   -1    249.     35.    -52. 0.71572E+17     27.    -53.    -20.           0.7403
   69    4    0    249.     35.    -53. 0.72408E+17     26.    -53.    -21.           0.7370
   69    4    1    248.     35.    -53. 0.72681E+17     25.    -54.    -21.           0.7215
   69    4    2    248.     36.    -54. 0.72388E+17     24.    -54.    -21.           0.6945
   69    4    3    248.     36.    -54. 0.71539E+17     23.    -55.    -22.           0.6567
   69    4    4    248.     36.    -55. 0.70140E+17     22.    -55.    -23.           0.6097
   69    4    5    248.     37.    -56. 0.68212E+17     21.    -56.    -23.           0.5551
   69    4    6    248.     37.    -57. 0.65780E+17     20.    -56.    -24.           0.4947
   69    5   -6    254.     39.    -52. 0.48230E+17     47.    -46.     -7.           0.5685
   69    5   -5    254.     39.    -52. 0.51028E+17     45.    -47.     -8.           0.6196
   69    5   -4    253.     38.    -52. 0.53440E+17     44.    -48.     -8.           0.6625
   69    5   -3    253.     38.    -53. 0.55442E+17     43.    -48.     -9.           0.6956
   69    5   -2    253.     38.    -53. 0.57012E+17     42.    -49.     -9.           0.7177
   69    5   -1    253.     38.    -53. 0.58135E+17     40.    -50.    -10.           0.7282
   69    5    0    252.     38.    -54. 0.58803E+17     39.    -50.    -10.           0.7266
   69    5    1    252.     38.    -54. 0.59008E+17     38.    -51.    -11.           0.7131
   69    5    2    252.     38.    -55. 0.58749E+17     37.    -51.    -12.           0.6881
   69    5    3    252.     38.    -55. 0.58030E+17     36.    -52.    -12.           0.6525
   69    5    4    251.     38.    -56. 0.56861E+17     35.    -52.    -13.           0.6076
   69    5    5    251.     38.    -57. 0.55256E+17     34.    -53.    -13.           0.5549
   69    5    6    251.     38.    -58. 0.53234E+17     32.    -53.    -14.           0.4963
   69    6   -6    256.     41.    -52. 0.41254E+17     57.    -30.     13.           0.5554
   69    6   -5    256.     41.    -52. 0.43528E+17     56.    -32.     12.           0.6062
   69    6   -4    256.     41.    -52. 0.45471E+17     56.    -33.     11.           0.6490
   69    6   -3    256.     40.    -52. 0.47063E+17     55.    -34.     11.           0.6825
   69    6   -2    255.     40.    -53. 0.48288E+17     54.    -36.     10.           0.7053
   69    6   -1    255.     40.    -53. 0.49134E+17     54.    -37.      9.           0.7167
   69    6    0    255.     40.    -53. 0.49592E+17     53.    -38.      8.           0.7164
   69    6    1    254.     40.    -54. 0.49658E+17     53.    -40.      7.           0.7043
   69    6    2    254.     39.    -54. 0.49333E+17     52.    -41.      7.           0.6809
   69    6    3    254.     39.    -55. 0.48620E+17     52.    -43.      6.           0.6471
   69    6    4    253.     39.    -56. 0.47527E+17     51.    -44.      5.           0.6039
   69    6    5    253.     39.    -56. 0.46069E+17     50.    -46.      4.           0.5528
   69    6    6    253.     39.    -57. 0.44260E+17     50.    -48.      3.           0.4958
   70    3   -6    245.     32.    -75. 0.56148E+17     36.    -33.    -31.           0.4933
   70    3   -5    246.     33.    -73. 0.60060E+17     34.    -34.    -31.           0.5597
   70    3   -4    246.     33.    -72. 0.63621E+17     33.    -36.    -31.           0.6210
   70    3   -3    247.     33.    -71. 0.66791E+17     32.    -37.    -31.           0.6753
   70    3   -2    247.     34.    -70. 0.69542E+17     31.    -38.    -31.           0.7207
   70    3   -1    247.     34.    -70. 0.71840E+17     30.    -39.    -31.           0.7557
   70    3    0    247.     34.    -69. 0.73655E+17     29.    -40.    -31.           0.7790
   70    3    1    248.     35.    -69. 0.74975E+17     28.    -41.    -31.           0.7899
   70    3    2    248.     35.    -69. 0.75784E+17     27.    -42.    -31.           0.7880
   70    3    3    248.     35.    -68. 0.76071E+17     26.    -43.    -31.           0.7735
   70    3    4    248.     35.    -68. 0.75829E+17     25.    -44.    -31.           0.7468
   70    3    5    248.     36.    -68. 0.75060E+17     24.    -44.    -32.           0.7088
   70    3    6    249.     36.    -69. 0.73769E+17     23.    -45.    -32.           0.6609
   70    4   -6    247.     30.    -72. 0.39116E+17     60.    -24.    -16.           0.4909
   70    4   -5    248.     31.    -70. 0.41810E+17     57.    -27.    -16.           0.5560
   70    4   -4    249.     32.    -69. 0.44281E+17     55.    -29.    -16.           0.6163
   70    4   -3    250.     33.    -67. 0.46497E+17     52.    -31.    -16.           0.6700
   70    4   -2    251.     33.    -66. 0.48432E+17     50.    -34.    -17.           0.7150
   70    4   -1    251.     34.    -65. 0.50061E+17     47.    -36.    -17.           0.7500
   70    4    0    252.     35.    -65. 0.51368E+17     45.    -38.    -17.           0.7737
   70    4    1    252.     35.    -64. 0.52335E+17     43.    -39.    -17.           0.7853
   70    4    2    252.     36.    -64. 0.52957E+17     41.    -41.    -18.           0.7845
   70    4    3    253.     36.    -64. 0.53220E+17     39.    -43.    -18.           0.7714
   70    4    4    253.     37.    -64. 0.53129E+17     37.    -44.    -19.           0.7463
   70    4    5    254.     38.    -64. 0.52684E+17     35.    -46.    -19.           0.7101
   70    4    6    254.     38.    -64. 0.51890E+17     33.    -47.    -20.           0.6642
   70    5   -6    248.     30.    -71. 0.33133E+17     82.    -15.      4.           0.4929
   70    5   -5    250.     31.    -68. 0.35123E+17     78.    -18.      4.           0.5566
   70    5   -4    251.     32.    -66. 0.36923E+17     75.    -21.      4.           0.6157
   70    5   -3    252.     33.    -65. 0.38504E+17     73.    -24.      3.           0.6682
   70    5   -2    253.     34.    -64. 0.39848E+17     70.    -27.      3.           0.7123
   70    5   -1    254.     35.    -63. 0.40935E+17     67.    -30.      3.           0.7465
   70    5    0    255.     36.    -62. 0.41751E+17     65.    -33.      2.           0.7697
   70    5    1    255.     36.    -62. 0.42289E+17     62.    -36.      2.           0.7812
   70    5    2    256.     37.    -61. 0.42539E+17     60.    -39.      1.           0.7804
   70    5    3    256.     38.    -61. 0.42499E+17     58.    -41.      1.           0.7675
   70    5    4    257.     39.    -61. 0.42170E+17     55.    -44.      0.           0.7429
   70    5    5    258.     40.    -61. 0.41556E+17     53.    -47.     -0.           0.7075
   70    5    6    258.     41.    -61. 0.40667E+17     50.    -49.     -1.           0.6625
   70    6   -6    249.     30.    -69. 0.30437E+17     75.      2.     24.           0.4909
   70    6   -5    251.     32.    -67. 0.32205E+17     75.     -1.     24.           0.5534
   70    6   -4    253.     33.    -64. 0.33782E+17     72.     -4.     24.           0.6114
   70    6   -3    254.     34.    -63. 0.35146E+17     69.     -6.     25.           0.6630
   70    6   -2    255.     35.    -61. 0.36278E+17     66.     -9.     25.           0.7064
   70    6   -1    256.     36.    -60. 0.37164E+17     64.    -11.     25.           0.7402
   70    6    0    257.     37.    -60. 0.37793E+17     61.    -13.     25.           0.7633
   70    6    1    258.     38.    -59. 0.38156E+17     59.    -16.     25.           0.7748
   70    6    2    259.     39.    -59. 0.38249E+17     57.    -18.     25.           0.7745
   70    6    3    259.     39.    -59. 0.38070E+17     55.    -20.     25.           0.7622
   70    6    4    260.     40.    -59. 0.37623E+17     52.    -22.     25.           0.7385
   70    6    5    261.     41.    -59. 0.36911E+17     50.    -25.     25.           0.7042
   70    6    6    261.     42.    -59. 0.35944E+17     49.    -27.     25.           0.6604
   71    3   -6    237.     24.    -51. 0.74515E+17     26.    -50.    -24.           0.5245
   71    3   -5    239.     26.    -51. 0.77513E+17     26.    -50.    -24.           0.5826
   71    3   -4    241.     27.    -52. 0.79958E+17     26.    -49.    -25.           0.6349
   71    3   -3    242.     28.    -52. 0.81837E+17     26.    -49.    -25.           0.6796
   71    3   -2    243.     30.    -53. 0.83134E+17     26.    -48.    -26.           0.7153
   71    3   -1    244.     31.    -54. 0.83842E+17     26.    -48.    -26.           0.7406
   71    3    0    245.     32.    -55. 0.83964E+17     26.    -47.    -27.           0.7549
   71    3    1    246.     33.    -57. 0.83505E+17     26.    -46.    -28.           0.7577
   71    3    2    246.     35.    -58. 0.82483E+17     27.    -45.    -28.           0.7488
   71    3    3    247.     36.    -60. 0.80913E+17     27.    -44.    -29.           0.7287
   71    3    4    247.     37.    -61. 0.78835E+17     28.    -43.    -29.           0.6981
   71    3    5    247.     38.    -64. 0.76280E+17     29.    -41.    -30.           0.6580
   71    3    6    247.     39.    -66. 0.73296E+17     30.    -40.    -30.           0.6099
   71    4   -6    247.     28.    -48. 0.55906E+17     35.    -49.    -16.           0.4947
   71    4   -5    248.     29.    -49. 0.58317E+17     36.    -48.    -16.           0.5537
   71    4   -4    249.     31.    -50. 0.60307E+17     36.    -47.    -16.           0.6075
   71    4   -3    249.     32.    -52. 0.61859E+17     37.    -46.    -17.           0.6544
   71    4   -2    250.     32.    -53. 0.62957E+17     38.    -45.    -17.           0.6928
   71    4   -1    250.     33.    -54. 0.63597E+17     39.    -44.    -17.           0.7214
   71    4    0    250.     34.    -55. 0.63777E+17     40.    -42.    -18.           0.7393
   71    4    1    250.     35.    -57. 0.63504E+17     41.    -41.    -18.           0.7460
   71    4    2    250.     36.    -58. 0.62784E+17     42.    -40.    -18.           0.7411
   71    4    3    250.     36.    -60. 0.61635E+17     43.    -38.    -19.           0.7250
   71    4    4    249.     37.    -62. 0.60079E+17     44.    -37.    -19.           0.6982
   71    4    5    249.     38.    -64. 0.58140E+17     45.    -35.    -19.           0.6616
   71    4    6    248.     38.    -66. 0.55856E+17     46.    -34.    -20.           0.6166
   71    5   -6    252.     32.    -49. 0.46510E+17     45.    -48.     -7.           0.4786
   71    5   -5    253.     33.    -50. 0.48578E+17     47.    -46.     -7.           0.5376
   71    5   -4    253.     34.    -51. 0.50291E+17     49.    -44.     -7.           0.5918
   71    5   -3    253.     34.    -52. 0.51632E+17     51.    -43.     -7.           0.6394
   71    5   -2    253.     35.    -53. 0.52589E+17     53.    -41.     -6.           0.6788
   71    5   -1    253.     36.    -55. 0.53155E+17     54.    -39.     -6.           0.7087
   71    5    0    253.     36.    -56. 0.53327E+17     56.    -38.     -6.           0.7281
   71    5    1    252.     37.    -57. 0.53107E+17     58.    -36.     -6.           0.7364
   71    5    2    252.     37.    -59. 0.52501E+17     60.    -34.     -6.           0.7333
   71    5    3    251.     38.    -60. 0.51521E+17     61.    -33.     -6.           0.7189
   71    5    4    251.     38.    -62. 0.50184E+17     63.    -31.     -6.           0.6938
   71    5    5    250.     39.    -64. 0.48509E+17     65.    -29.     -6.           0.6588
   71    5    6    249.     39.    -66. 0.46524E+17     67.    -27.     -6.           0.6152
   71    6   -6    256.     35.    -49. 0.39521E+17     54.    -37.      9.           0.4661
   71    6   -5    256.     35.    -50. 0.41461E+17     56.    -34.     10.           0.5244
   71    6   -4    256.     36.    -51. 0.43101E+17     58.    -31.     11.           0.5782
   71    6   -3    256.     37.    -52. 0.44424E+17     59.    -29.     11.           0.6255
   71    6   -2    255.     37.    -53. 0.45418E+17     61.    -27.     12.           0.6649
   71    6   -1    255.     38.    -54. 0.46075E+17     63.    -25.     12.           0.6951
   71    6    0    255.     38.    -55. 0.46388E+17     64.    -23.     13.           0.7149
   71    6    1    254.     38.    -56. 0.46357E+17     66.    -21.     13.           0.7239
   71    6    2    254.     39.    -58. 0.45984E+17     68.    -19.     14.           0.7216
   71    6    3    253.     39.    -59. 0.45277E+17     69.    -17.     14.           0.7083
   71    6    4    252.     39.    -61. 0.44245E+17     71.    -15.     14.           0.6842
   71    6    5    252.     40.    -63. 0.42904E+17     72.    -13.     15.           0.6504
   71    6    6    250.     40.    -65. 0.41273E+17     74.    -11.     15.           0.6079
   72    3   -6    311.     75.    -79. 0.75322E+17      3.    -72.    -24.           0.5008
   72    3   -5    232.     31.    -45. 0.79968E+17      2.    -72.    -26.           0.5464
   72    3   -4    239.     35.    -46. 0.84374E+17      7.    -66.    -27.           0.5870
   72    3   -3    240.     35.    -49. 0.88490E+17     11.    -61.    -29.           0.6212
   72    3   -2    240.     35.    -51. 0.92262E+17     14.    -56.    -30.           0.6479
   72    3   -1    239.     34.    -53. 0.95659E+17     17.    -52.    -31.           0.6663
   72    3    0    238.     34.    -56. 0.98647E+17     20.    -48.    -32.           0.6758
   72    3    1    237.     33.    -59. 0.10120E+18     22.    -44.    -34.           0.6762
   72    3    2    236.     32.    -62. 0.10330E+18     24.    -41.    -35.           0.6676
   72    3    3    234.     32.    -66. 0.10493E+18     26.    -39.    -35.           0.6504
   72    3    4    232.     31.    -69. 0.10609E+18     27.    -37.    -36.           0.6252
   72    3    5    230.     31.    -73. 0.10677E+18     28.    -35.    -37.           0.5928
   72    3    6     33.     60.    -97. 0.10697E+18     28.    -34.    -38.           0.5546
   72    4   -6    288.     71.    -60. 0.52711E+17      7.    -84.     -9.           0.4852
   72    4   -5    265.     53.    -45. 0.55256E+17      7.    -81.    -12.           0.5315
   72    4   -4    256.     45.    -43. 0.57772E+17     12.    -73.    -15.           0.5733
   72    4   -3    252.     42.    -44. 0.60223E+17     18.    -65.    -17.           0.6093
   72    4   -2    250.     40.    -47. 0.62574E+17     23.    -58.    -19.           0.6384
   72    4   -1    248.     38.    -49. 0.64804E+17     28.    -52.    -21.           0.6596
   72    4    0    246.     37.    -52. 0.66889E+17     31.    -46.    -23.           0.6723
   72    4    1    244.     36.    -56. 0.68810E+17     34.    -41.    -24.           0.6762
   72    4    2    241.     35.    -60. 0.70552E+17     37.    -37.    -26.           0.6713
   72    4    3    239.     34.    -64. 0.72102E+17     38.    -34.    -27.           0.6576
   72    4    4    236.     33.    -68. 0.73446E+17     40.    -32.    -28.           0.6359
   72    4    5    233.     32.    -73. 0.74580E+17     40.    -30.    -30.           0.6069
   72    4    6     36.     59.    -97. 0.75491E+17     40.    -30.    -31.           0.5716
   72    5   -6    277.     65.    -51. 0.44726E+17     15.    -81.      4.           0.4788
   72    5   -5    268.     56.    -46. 0.46239E+17     18.    -81.      1.           0.5260
   72    5   -4    262.     50.    -44. 0.47673E+17     24.    -75.     -1.           0.5688
   72    5   -3    258.     47.    -44. 0.49014E+17     30.    -66.     -4.           0.6061
   72    5   -2    255.     44.    -46. 0.50255E+17     36.    -58.     -6.           0.6365
   72    5   -1    253.     42.    -48. 0.51389E+17     41.    -50.     -8.           0.6591
   72    5    0    250.     40.    -50. 0.52414E+17     46.    -44.    -10.           0.6732
   72    5    1    248.     38.    -54. 0.53330E+17     50.    -38.    -12.           0.6784
   72    5    2    245.     37.    -58. 0.54137E+17     53.    -33.    -14.           0.6746
   72    5    3    242.     35.    -62. 0.54837E+17     55.    -29.    -16.           0.6619
   72    5    4    238.     34.    -67. 0.55433E+17     57.    -26.    -18.           0.6409
   72    5    5    235.     33.    -72. 0.55926E+17     57.    -24.    -19.           0.6123
   72    5    6     37.     58.    -97. 0.56319E+17     56.    -23.    -21.           0.5772
   72    6   -6    274.     63.    -46. 0.38898E+17     21.    -54.     26.           0.4701
   72    6   -5    268.     57.    -43. 0.39979E+17     24.    -52.     24.           0.5179
   72    6   -4    264.     53.    -42. 0.40939E+17     30.    -48.     21.           0.5617
   72    6   -3    261.     49.    -42. 0.41772E+17     37.    -44.     19.           0.6001
   72    6   -2    259.     47.    -43. 0.42476E+17     44.    -39.     17.           0.6317
   72    6   -1    256.     44.    -45. 0.43053E+17     52.    -34.     14.           0.6556
   72    6    0    254.     42.    -48. 0.43509E+17     60.    -28.     12.           0.6711
   72    6    1    251.     40.    -51. 0.43851E+17     67.    -23.     10.           0.6776
   72    6    2    248.     38.    -55. 0.44088E+17     74.    -18.      8.           0.6751
   72    6    3    245.     37.    -60. 0.44233E+17     80.    -14.      5.           0.6635
   72    6    4    241.     35.    -65. 0.44295E+17     85.    -12.      3.           0.6435
   72    6    5    236.     34.    -71. 0.44290E+17     89.    -11.      0.           0.6157
   72    6    6     37.     58.    -98. 0.44228E+17     87.    -11.     -2.           0.5810
   73    3   -6    242.     28.    -37. 0.67616E+17     20.    -64.    -16.           0.6414
   73    3   -5    243.     31.    -40. 0.72204E+17     16.    -66.    -19.           0.6898
   73    3   -4    246.     35.    -42. 0.76698E+17     13.    -66.    -21.           0.7295
   73    3   -3    249.     40.    -45. 0.81023E+17     11.    -65.    -23.           0.7593
   73    3   -2    253.     44.    -48. 0.85110E+17     10.    -64.    -25.           0.7781
   73    3   -1    256.     47.    -52. 0.88904E+17     11.    -62.    -27.           0.7854
   73    3    0    259.     50.    -55. 0.92348E+17     11.    -60.    -29.           0.7810
   73    3    1    260.     52.    -58. 0.95409E+17     12.    -57.    -30.           0.7651
   73    3    2    260.     53.    -60. 0.98042E+17     13.    -55.    -32.           0.7383
   73    3    3    260.     54.    -63. 0.10022E+18     14.    -53.    -33.           0.7015
   73    3    4    260.     54.    -66. 0.10190E+18     15.    -51.    -34.           0.6561
   73    3    5    259.     54.    -68. 0.10309E+18     16.    -49.    -35.           0.6035
   73    3    6    257.     54.    -71. 0.10375E+18     16.    -47.    -36.           0.5457
   73    4   -6    263.     47.    -37. 0.47759E+17     23.    -76.      1.           0.6186
   73    4   -5    263.     49.    -41. 0.51107E+17     24.    -72.     -4.           0.6670
   73    4   -4    263.     50.    -44. 0.54412E+17     25.    -68.     -8.           0.7068
   73    4   -3    263.     50.    -47. 0.57612E+17     25.    -64.    -11.           0.7368
   73    4   -2    262.     51.    -49. 0.60655E+17     25.    -61.    -14.           0.7559
   73    4   -1    262.     51.    -52. 0.63493E+17     25.    -58.    -16.           0.7636
   73    4    0     32.     51.   -126. 0.66093E+17     26.    -56.    -19.           0.7596
   73    4    1    260.     51.    -56. 0.68421E+17     25.    -54.    -21.           0.7443
   73    4    2    259.     51.    -58. 0.70450E+17     25.    -52.    -23.           0.7182
   73    4    3    258.     51.    -60. 0.72160E+17     25.    -51.    -24.           0.6822
   73    4    4    257.     50.    -63. 0.73536E+17     25.    -49.    -26.           0.6378
   73    4    5    256.     50.    -65. 0.74563E+17     24.    -48.    -28.           0.5863
   73    4    6    255.     50.    -67. 0.75234E+17     23.    -48.    -29.           0.5296
   73    5   -6    268.     56.    -44. 0.41897E+17     38.    -46.     16.           0.6198
   73    5   -5    267.     55.    -46. 0.44497E+17     41.    -49.     10.           0.6678
   73    5   -4    266.     54.    -48. 0.46989E+17     44.    -50.      5.           0.7070
   73    5   -3    265.     54.    -50. 0.49334E+17     46.    -52.      1.           0.7362
   73    5   -2    264.     53.    -52. 0.51495E+17     46.    -52.     -2.           0.7544
   73    5   -1    263.     53.    -54. 0.53446E+17     45.    -50.     -5.           0.7612
   73    5    0    261.     52.    -55. 0.55161E+17     43.    -49.     -8.           0.7562
   73    5    1    260.     51.    -57. 0.56623E+17     42.    -48.    -10.           0.7399
   73    5    2    259.     51.    -59. 0.57815E+17     40.    -47.    -13.           0.7128
   73    5    3    258.     50.    -61. 0.58728E+17     39.    -47.    -15.           0.6758
   73    5    4    256.     50.    -63. 0.59353E+17     37.    -46.    -17.           0.6304
   73    5    5    255.     49.    -65. 0.59689E+17     35.    -46.    -19.           0.5781
   73    5    6    254.     49.    -67. 0.59737E+17     33.    -46.    -20.           0.5207
   73    6   -6    271.     59.    -42. 0.39193E+17     47.    -24.     29.           0.6198
   73    6   -5    269.     58.    -44. 0.40979E+17     49.    -25.     26.           0.6663
   73    6   -4    268.     57.    -46. 0.42611E+17     51.    -25.     24.           0.7040
   73    6   -3    266.     56.    -48. 0.44068E+17     53.    -26.     21.           0.7316
   73    6   -2    265.     54.    -50. 0.45331E+17     54.    -28.     18.           0.7483
   73    6   -1    264.     54.    -52. 0.46388E+17     55.    -29.     16.           0.7536
   73    6    0    262.     53.    -54. 0.47227E+17     56.    -31.     13.           0.7475
   73    6    1    261.     52.    -56. 0.47843E+17     57.    -33.     10.           0.7301
   73    6    2    259.     51.    -58. 0.48232E+17     57.    -36.      7.           0.7022
   73    6    3    258.     50.    -60. 0.48394E+17     58.    -39.      3.           0.6647
   73    6    4    256.     49.    -62. 0.48331E+17     58.    -42.      1.           0.6191
   73    6    5    255.     49.    -64. 0.48052E+17     54.    -43.     -2.           0.5668
   73    6    6     39.     47.   -114. 0.47564E+17     50.    -45.     -5.           0.5096
   74    3   -6    165.     88.     94. 0.11744E+18     59.    -37.     -4.           0.7251
   74    3   -5    167.     90.     96. 0.11295E+18     49.    -43.     -9.           0.7703
   74    3   -4    350.     88.    -99. 0.10885E+18     40.    -47.    -13.           0.8124
   74    3   -3    355.     85.   -103. 0.10546E+18     32.    -50.    -18.           0.8505
   74    3   -2    242.     20.    -31. 0.10306E+18     27.    -51.    -22.           0.8835
   74    3   -1    244.     26.    -38. 0.10192E+18     26.    -48.    -26.           0.9106
   74    3    0    245.     31.    -46. 0.10224E+18     27.    -43.    -30.           0.9310
   74    3    1    244.     34.    -55. 0.10409E+18     30.    -37.    -33.           0.9444
   74    3    2    240.     35.    -65. 0.10742E+18     32.    -32.    -36.           0.9504
   74    3    3    234.     36.    -75. 0.11205E+18     32.    -30.    -38.           0.9489
   74    3    4     41.     52.    -94. 0.11777E+18     30.    -31.    -39.           0.9400
   74    3    5     45.     50.    -87. 0.12428E+18     27.    -34.    -39.           0.9242
   74    3    6     48.     49.    -81. 0.13128E+18     24.    -38.    -39.           0.9018
   74    4   -6    159.     82.     91. 0.10918E+18     61.    -29.     10.           0.7118
   74    4   -5    161.     83.     93. 0.10215E+18     55.    -38.      7.           0.7533
   74    4   -4    163.     85.     96. 0.94923E+17     48.    -49.      3.           0.7930
   74    4   -3    167.     88.    100. 0.87803E+17     40.    -58.     -1.           0.8297
   74    4   -2    354.     88.   -107. 0.81177E+17     32.    -62.     -6.           0.8624
   74    4   -1    256.     26.    -20. 0.75523E+17     30.    -60.    -11.           0.8904
   74    4    0    257.     34.    -31. 0.71382E+17     35.    -50.    -15.           0.9129
   74    4    1    255.     37.    -42. 0.69279E+17     44.    -36.    -20.           0.9294
   74    4    2    249.     37.    -54. 0.69564E+17     51.    -24.    -25.           0.9394
   74    4    3    240.     37.    -70. 0.72282E+17     53.    -19.    -28.           0.9429
   74    4    4    229.     38.    -84. 0.77158E+17     50.    -21.    -29.           0.9396
   74    4    5     47.     51.    -85. 0.83722E+17     43.    -27.    -30.           0.9299
   74    4    6     50.     49.    -78. 0.91445E+17     35.    -36.    -30.           0.9140
   74    5   -6    157.     81.     91. 0.98766E+17     54.    -37.     10.           0.6957
   74    5   -5    158.     82.     93. 0.92658E+17     47.    -45.      8.           0.7413
   74    5   -4    161.     84.     96. 0.86160E+17     39.    -55.      6.           0.7849
   74    5   -3    165.     87.    101. 0.79476E+17     31.    -64.      4.           0.8251
   74    5   -2    354.     89.   -110. 0.72875E+17     26.    -72.      2.           0.8610
   74    5   -1    260.     32.    -18. 0.66708E+17     28.    -71.     -1.           0.8915
   74    5    0    261.     39.    -28. 0.61418E+17     39.    -57.     -3.           0.9158
   74    5    1    259.     41.    -38. 0.57518E+17     55.    -38.     -7.           0.9332
   74    5    2    253.     41.    -50. 0.55517E+17     70.    -20.    -10.           0.9433
   74    5    3    242.     39.    -66. 0.55742E+17     78.     -9.    -13.           0.9458
   74    5    4    230.     39.    -83. 0.58204E+17     75.    -10.    -15.           0.9407
   74    5    5     47.     49.    -85. 0.62591E+17     64.    -20.    -16.           0.9282
   74    5    6     50.     48.    -76. 0.68417E+17     51.    -32.    -17.           0.9086
   74    6   -6    156.     79.     90. 0.85920E+17     46.    -42.     12.           0.6823
   74    6   -5    157.     80.     92. 0.80716E+17     38.    -50.     12.           0.7301
   74    6   -4    160.     81.     97. 0.75144E+17     29.    -58.     13.           0.7759
   74    6   -3    166.     84.    105. 0.69369E+17     21.    -65.     14.           0.8182
   74    6   -2    358.     89.   -118. 0.63605E+17     18.    -67.     14.           0.8561
   74    6   -1      9.     80.   -129. 0.58130E+17     25.    -59.     15.           0.8882
   74    6    0    266.     45.    -25. 0.53299E+17     41.    -43.     16.           0.9139
   74    6    1    263.     46.    -34. 0.49534E+17     62.    -23.     15.           0.9322
   74    6    2    257.     44.    -45. 0.47276E+17     86.     -1.     13.           0.9427
   74    6    3    245.     41.    -63. 0.46858E+17     75.     13.     12.           0.9450
   74    6    4     40.     50.    -96. 0.48365E+17     78.     11.     10.           0.9392
   74    6    5     47.     49.    -83. 0.51591E+17     87.     -4.      9.           0.9253
   74    6    6     50.     47.    -74. 0.56143E+17     71.    -22.      7.           0.9039
   75    3   -6    355.     78.   -103. 0.85526E+17     20.    -59.    -21.           0.6162
   75    3   -5    227.     21.    -44. 0.88264E+17     20.    -58.    -23.           0.6702
   75    3   -4    232.     24.    -45. 0.90547E+17     20.    -56.    -24.           0.7171
   75    3   -3    236.     27.    -46. 0.92362E+17     21.    -53.    -26.           0.7554
   75    3   -2    238.     29.    -49. 0.93716E+17     23.    -50.    -27.           0.7840
   75    3   -1    239.     30.    -51. 0.94614E+17     24.    -47.    -28.           0.8018
   75    3    0    240.     31.    -54. 0.95084E+17     26.    -44.    -30.           0.8085
   75    3    1    240.     32.    -58. 0.95150E+17     28.    -41.    -31.           0.8039
   75    3    2    239.     32.    -61. 0.94849E+17     30.    -38.    -32.           0.7884
   75    3    3    237.     33.    -66. 0.94218E+17     31.    -35.    -34.           0.7625
   75    3    4    235.     33.    -71. 0.93302E+17     32.    -33.    -35.           0.7273
   75    3    5    233.     33.    -76. 0.92151E+17     33.    -31.    -36.           0.6841
   75    3    6    230.     34.    -82. 0.90819E+17     33.    -31.    -37.           0.6343
   75    4   -6    245.     27.    -30. 0.55906E+17     19.    -73.     -8.           0.5811
   75    4   -5    249.     32.    -34. 0.57677E+17     23.    -67.    -10.           0.6373
   75    4   -4    250.     34.    -37. 0.59249E+17     27.    -60.    -12.           0.6874
   75    4   -3    251.     35.    -40. 0.60617E+17     32.    -54.    -14.           0.7299
   75    4   -2    250.     35.    -44. 0.61776E+17     36.    -48.    -16.           0.7633
   75    4   -1    250.     35.    -47. 0.62729E+17     40.    -42.    -18.           0.7866
   75    4    0    248.     35.    -51. 0.63487E+17     44.    -37.    -19.           0.7991
   75    4    1    246.     35.    -55. 0.64061E+17     47.    -32.    -21.           0.8005
   75    4    2    244.     34.    -60. 0.64469E+17     49.    -28.    -23.           0.7909
   75    4    3    241.     34.    -65. 0.64731E+17     51.    -25.    -24.           0.7706
   75    4    4    237.     34.    -71. 0.64867E+17     52.    -23.    -25.           0.7406
   75    4    5    234.     34.    -77. 0.64898E+17     51.    -22.    -27.           0.7019
   75    4    6    230.     34.    -83. 0.64845E+17     50.    -22.    -28.           0.6559
   75    5   -6    260.     43.    -35. 0.45732E+17     25.    -74.      1.           0.5715
   75    5   -5    259.     43.    -37. 0.47124E+17     33.    -66.     -0.           0.6295
   75    5   -4    258.     42.    -39. 0.48313E+17     41.    -57.     -2.           0.6817
   75    5   -3    257.     41.    -41. 0.49292E+17     48.    -49.     -3.           0.7264
   75    5   -2    255.     41.    -44. 0.50058E+17     54.    -41.     -4.           0.7621
   75    5   -1    253.     40.    -47. 0.50616E+17     60.    -34.     -6.           0.7877
   75    5    0    252.     39.    -50. 0.50973E+17     65.    -28.     -7.           0.8024
   75    5    1    249.     38.    -54. 0.51140E+17     70.    -22.     -9.           0.8058
   75    5    2    246.     37.    -59. 0.51136E+17     73.    -17.    -10.           0.7978
   75    5    3    243.     36.    -64. 0.50980E+17     76.    -13.    -11.           0.7788
   75    5    4    239.     35.    -70. 0.50691E+17     77.    -10.    -13.           0.7495
   75    5    5    235.     35.    -76. 0.50296E+17     77.     -9.    -14.           0.7110
   75    5    6    230.     35.    -83. 0.49820E+17     75.    -10.    -15.           0.6646
   75    6   -6    265.     50.    -35. 0.39128E+17     33.    -47.     20.           0.5634
   75    6   -5    263.     48.    -36. 0.40438E+17     41.    -40.     18.           0.6226
   75    6   -4    262.     47.    -38. 0.41552E+17     49.    -34.     17.           0.6762
   75    6   -3    260.     45.    -40. 0.42461E+17     57.    -27.     16.           0.7224
   75    6   -2    259.     44.    -42. 0.43158E+17     65.    -20.     15.           0.7597
   75    6   -1    257.     43.    -45. 0.43643E+17     73.    -13.     14.           0.7869
   75    6    0    254.     41.    -48. 0.43919E+17     80.     -7.     13.           0.8032
   75    6    1    252.     40.    -52. 0.43993E+17     87.     -1.     12.           0.8080
   75    6    2    249.     39.    -56. 0.43876E+17     84.      4.     11.           0.8014
   75    6    3    245.     38.    -62. 0.43583E+17     81.      8.     10.           0.7834
   75    6    4    241.     37.    -68. 0.43131E+17     80.     11.      9.           0.7549
   75    6    5    236.     36.    -75. 0.42542E+17     80.     12.      8.           0.7169
   75    6    6    230.     35.    -82. 0.41838E+17     82.     11.      7.           0.6706
   76    3   -6    260.     50.    -73. 0.73883E+17     59.    -20.    -21.           0.8200
   76    3   -5    262.     52.    -71. 0.75261E+17     56.    -23.    -21.           0.8366
   76    3   -4    263.     54.    -69. 0.76431E+17     53.    -26.    -21.           0.8429
   76    3   -3    265.     56.    -68. 0.77357E+17     50.    -29.    -21.           0.8388
   76    3   -2    267.     57.    -67. 0.78007E+17     46.    -32.    -22.           0.8243
   76    3   -1    268.     59.    -66. 0.78355E+17     43.    -35.    -22.           0.7999
   76    3    0    270.     61.    -66. 0.78381E+17     40.    -38.    -22.           0.7664
   76    3    1    272.     63.    -66. 0.78059E+17     37.    -40.    -23.           0.7250
   76    3    2    274.     65.    -67. 0.77384E+17     35.    -42.    -23.           0.6770
   76    3    3    276.     68.    -68. 0.76356E+17     32.    -44.    -24.           0.6240
   76    3    4    278.     70.    -70. 0.74970E+17     31.    -45.    -24.           0.5677
   76    3    5    281.     72.    -72. 0.73234E+17     30.    -46.    -24.           0.5100
   76    3    6    284.     75.    -74. 0.71162E+17     29.    -46.    -25.           0.4527
   76    4   -6    262.     51.    -70. 0.63714E+17     84.    -11.     -5.           0.8298
   76    4   -5    263.     53.    -69. 0.65859E+17     77.    -16.     -7.           0.8467
   76    4   -4    264.     54.    -68. 0.67767E+17     71.    -20.     -9.           0.8526
   76    4   -3    265.     55.    -67. 0.69396E+17     65.    -24.    -11.           0.8473
   76    4   -2    266.     56.    -67. 0.70722E+17     60.    -27.    -13.           0.8309
   76    4   -1    266.     57.    -66. 0.71715E+17     54.    -31.    -15.           0.8039
   76    4    0    267.     58.    -66. 0.72353E+17     50.    -34.    -17.           0.7673
   76    4    1    268.     59.    -66. 0.72621E+17     45.    -36.    -18.           0.7221
   76    4    2    269.     61.    -67. 0.72511E+17     41.    -39.    -20.           0.6699
   76    4    3    270.     62.    -67. 0.72013E+17     37.    -42.    -22.           0.6124
   76    4    4    271.     63.    -68. 0.71134E+17     33.    -44.    -23.           0.5514
   76    4    5    272.     64.    -69. 0.69872E+17     29.    -46.    -25.           0.4889
   76    4    6    274.     66.    -70. 0.68242E+17     25.    -48.    -26.           0.4270
   76    5   -6    262.     51.    -71. 0.62302E+17     89.      1.     10.           0.8415
   76    5   -5    262.     52.    -70. 0.63685E+17     89.     -4.      7.           0.8556
   76    5   -4    263.     53.    -69. 0.64808E+17     86.     -9.      5.           0.8583
   76    5   -3    264.     54.    -68. 0.65649E+17     84.    -14.      1.           0.8495
   76    5   -2    264.     55.    -68. 0.66195E+17     79.    -19.     -2.           0.8293
   76    5   -1    265.     56.    -67. 0.66431E+17     72.    -23.     -5.           0.7985
   76    5    0    265.     57.    -67. 0.66351E+17     66.    -27.     -7.           0.7580
   76    5    1    266.     58.    -67. 0.65956E+17     60.    -30.    -10.           0.7091
   76    5    2    266.     58.    -67. 0.65244E+17     54.    -34.    -12.           0.6535
   76    5    3    267.     59.    -68. 0.64225E+17     48.    -37.    -15.           0.5929
   76    5    4    267.     60.    -68. 0.62908E+17     43.    -40.    -17.           0.5293
   76    5    5    268.     61.    -68. 0.61312E+17     37.    -43.    -19.           0.4647
   76    5    6    269.     63.    -69. 0.59459E+17     32.    -46.    -22.           0.4012
   76    6   -6    263.     51.    -69. 0.61892E+17     64.     13.     23.           0.8420
   76    6   -5    263.     52.    -68. 0.62297E+17     69.      9.     22.           0.8527
   76    6   -4    264.     53.    -68. 0.62397E+17     75.      5.     20.           0.8520
   76    6   -3    264.     54.    -67. 0.62193E+17     81.      1.     18.           0.8398
   76    6   -2    264.     55.    -67. 0.61686E+17     81.     -4.     15.           0.8165
   76    6   -1    265.     56.    -67. 0.60884E+17     79.     -8.     13.           0.7828
   76    6    0    265.     56.    -67. 0.59801E+17     76.    -14.     10.           0.7399
   76    6    1    265.     57.    -67. 0.58452E+17     74.    -19.      7.           0.6890
   76    6    2    265.     58.    -67. 0.56860E+17     72.    -25.      3.           0.6319
   76    6    3    266.     59.    -67. 0.55052E+17     68.    -31.     -1.           0.5705
   76    6    4    266.     60.    -67. 0.53060E+17     59.    -36.     -5.           0.5067
   76    6    5    266.     61.    -68. 0.50924E+17     51.    -40.     -9.           0.4426
   76    6    6    267.     63.    -69. 0.48689E+17     43.    -44.    -12.           0.3802
   77    3   -6     53.     46.   -104. 0.54691E+17     36.    -32.    -31.           0.5641
   77    3   -5     50.     47.   -107. 0.57992E+17     33.    -35.    -31.           0.6039
   77    3   -4    256.     46.    -70. 0.61142E+17     30.    -39.    -31.           0.6360
   77    3   -3    258.     46.    -67. 0.64081E+17     28.    -42.    -31.           0.6593
   77    3   -2    259.     45.    -65. 0.66745E+17     25.    -45.    -30.           0.6731
   77    3   -1    259.     45.    -63. 0.69087E+17     22.    -47.    -30.           0.6767
   77    3    0    259.     45.    -62. 0.71066E+17     20.    -50.    -30.           0.6702
   77    3    1    259.     44.    -60. 0.72637E+17     17.    -53.    -30.           0.6537
   77    3    2    258.     43.    -59. 0.73766E+17     15.    -55.    -30.           0.6277
   77    3    3    257.     42.    -58. 0.74430E+17     13.    -57.    -30.           0.5933
   77    3    4    255.     41.    -57. 0.74610E+17     11.    -59.    -30.           0.5516
   77    3    5    252.     39.    -56. 0.74278E+17     10.    -60.    -30.           0.5039
   77    3    6    247.     36.    -56. 0.73440E+17      8.    -61.    -30.           0.4520
   77    4   -6    253.     41.    -75. 0.39958E+17     59.    -24.    -17.           0.5622
   77    4   -5    255.     41.    -71. 0.42465E+17     55.    -28.    -17.           0.6016
   77    4   -4    257.     42.    -68. 0.44865E+17     50.    -32.    -18.           0.6334
   77    4   -3    258.     42.    -66. 0.47106E+17     46.    -36.    -18.           0.6565
   77    4   -2    259.     42.    -64. 0.49141E+17     42.    -40.    -18.           0.6701
   77    4   -1    260.     43.    -62. 0.50929E+17     38.    -44.    -18.           0.6737
   77    4    0    260.     43.    -61. 0.52439E+17     34.    -47.    -19.           0.6672
   77    4    1    260.     43.    -60. 0.53642E+17     31.    -50.    -19.           0.6508
   77    4    2    261.     43.    -59. 0.54512E+17     27.    -53.    -20.           0.6251
   77    4    3    261.     43.    -58. 0.55031E+17     24.    -56.    -20.           0.5909
   77    4    4    260.     43.    -57. 0.55185E+17     21.    -59.    -21.           0.5494
   77    4    5    260.     43.    -57. 0.54967E+17     18.    -61.    -21.           0.5020
   77    4    6    259.     42.    -56. 0.54367E+17     15.    -64.    -22.           0.4504
   77    5   -6    253.     38.    -75. 0.33930E+17     86.     -8.      5.           0.5624
   77    5   -5    256.     39.    -71. 0.35740E+17     82.    -14.      4.           0.6005
   77    5   -4    258.     40.    -68. 0.37451E+17     77.    -21.      3.           0.6309
   77    5   -3    259.     41.    -65. 0.39024E+17     72.    -27.      2.           0.6528
   77    5   -2    260.     41.    -63. 0.40426E+17     67.    -33.      0.           0.6652
   77    5   -1    261.     42.    -62. 0.41631E+17     61.    -38.     -1.           0.6678
   77    5    0    262.     42.    -60. 0.42613E+17     55.    -43.     -2.           0.6604
   77    5    1    262.     43.    -59. 0.43352E+17     49.    -48.     -3.           0.6434
   77    5    2    263.     43.    -59. 0.43834E+17     44.    -52.     -5.           0.6171
   77    5    3    263.     43.    -58. 0.44046E+17     39.    -56.     -6.           0.5827
   77    5    4    263.     44.    -58. 0.43982E+17     34.    -59.     -7.           0.5412
   77    5    5    263.     44.    -57. 0.43637E+17     29.    -63.     -8.           0.4940
   77    5    6    264.     45.    -57. 0.43011E+17     25.    -66.     -9.           0.4428
   77    6   -6    255.     37.    -74. 0.32367E+17     64.     10.     26.           0.5598
   77    6   -5    258.     39.    -70. 0.33719E+17     69.      5.     25.           0.5965
   77    6   -4    260.     40.    -66. 0.34932E+17     75.     -0.     25.           0.6257
   77    6   -3    261.     40.    -64. 0.35980E+17     70.     -6.     24.           0.6463
   77    6   -2    262.     41.    -62. 0.36846E+17     65.    -11.     23.           0.6577
   77    6   -1    263.     42.    -60. 0.37511E+17     61.    -16.     23.           0.6594
   77    6    0    263.     43.    -59. 0.37965E+17     56.    -22.     22.           0.6513
   77    6    1    264.     43.    -58. 0.38196E+17     52.    -27.     21.           0.6338
   77    6    2    264.     44.    -58. 0.38199E+17     48.    -32.     20.           0.6073
   77    6    3    265.     44.    -57. 0.37972E+17     44.    -37.     19.           0.5729
   77    6    4    265.     45.    -57. 0.37515E+17     40.    -42.     18.           0.5317
   77    6    5    265.     45.    -57. 0.36832E+17     36.    -48.     16.           0.4850
   77    6    6    265.     46.    -57. 0.35930E+17     33.    -54.     13.           0.4345
   78    3   -6    258.     56.    -84. 0.60241E+17     58.    -17.    -25.           0.7172
   78    3   -5    262.     53.    -77. 0.64884E+17     50.    -24.    -26.           0.7276
   78    3   -4    264.     50.    -71. 0.70522E+17     43.    -31.    -27.           0.7326
   78    3   -3     51.     48.   -114. 0.76772E+17     36.    -37.    -27.           0.7319
   78    3   -2    263.     44.    -62. 0.83282E+17     32.    -41.    -27.           0.7257
   78    3   -1    260.     41.    -60. 0.89795E+17     29.    -44.    -27.           0.7138
   78    3    0    257.     37.    -58. 0.96062E+17     28.    -45.    -27.           0.6967
   78    3    1    253.     34.    -57. 0.10193E+18     29.    -45.    -27.           0.6747
   78    3    2    250.     31.    -56. 0.10721E+18     30.    -44.    -27.           0.6484
   78    3    3    247.     29.    -56. 0.11182E+18     31.    -43.    -26.           0.6185
   78    3    4    244.     27.    -57. 0.11563E+18     33.    -41.    -26.           0.5858
   78    3    5    241.     25.    -57. 0.11858E+18     35.    -39.    -26.           0.5512
   78    3    6    239.     23.    -58. 0.12060E+18     37.    -37.    -26.           0.5158
   78    4   -6    262.     55.    -79. 0.49869E+17     79.     -8.    -13.           0.7162
   78    4   -5    265.     52.    -72. 0.54264E+17     66.    -19.    -15.           0.7273
   78    4   -4    267.     49.    -67. 0.59636E+17     55.    -29.    -17.           0.7329
   78    4   -3    266.     46.    -63. 0.65606E+17     47.    -35.    -18.           0.7328
   78    4   -2    264.     43.    -60. 0.71855E+17     42.    -40.    -19.           0.7268
   78    4   -1    262.     39.    -58. 0.78117E+17     39.    -42.    -19.           0.7152
   78    4    0    259.     36.    -57. 0.84204E+17     37.    -43.    -20.           0.6981
   78    4    1    256.     34.    -57. 0.89943E+17     37.    -43.    -20.           0.6760
   78    4    2    253.     31.    -57. 0.95210E+17     37.    -42.    -20.           0.6496
   78    4    3    250.     29.    -57. 0.99896E+17     38.    -41.    -21.           0.6195
   78    4    4    247.     27.    -58. 0.10391E+18     39.    -40.    -21.           0.5866
   78    4    5    245.     25.    -59. 0.10719E+18     41.    -38.    -21.           0.5517
   78    4    6    242.     24.    -60. 0.10968E+18     42.    -36.    -21.           0.5160
   78    5   -6    261.     52.    -78. 0.47691E+17     94.     -2.      4.           0.7157
   78    5   -5    264.     50.    -72. 0.51490E+17     85.    -14.      1.           0.7263
   78    5   -4     53.     48.   -113. 0.56069E+17     73.    -25.     -2.           0.7310
   78    5   -3    265.     44.    -64. 0.61133E+17     64.    -32.     -4.           0.7295
   78    5   -2    263.     41.    -61. 0.66414E+17     57.    -37.     -6.           0.7219
   78    5   -1    261.     39.    -59. 0.71707E+17     53.    -39.     -8.           0.7083
   78    5    0    259.     36.    -58. 0.76843E+17     50.    -41.     -9.           0.6892
   78    5    1    256.     33.    -58. 0.81687E+17     49.    -41.    -10.           0.6649
   78    5    2    254.     31.    -58. 0.86125E+17     49.    -40.    -11.           0.6362
   78    5    3    251.     29.    -58. 0.90071E+17     49.    -40.    -12.           0.6040
   78    5    4    249.     27.    -59. 0.93450E+17     49.    -38.    -12.           0.5691
   78    5    5    246.     26.    -60. 0.96205E+17     50.    -37.    -13.           0.5326
   78    5    6    244.     24.    -61. 0.98292E+17     51.    -35.    -14.           0.4954
   78    6   -6    263.     51.    -75. 0.46288E+17     67.     10.     22.           0.7074
   78    6   -5    265.     49.    -69. 0.49116E+17     79.     -0.     21.           0.7150
   78    6   -4    266.     47.    -65. 0.52425E+17     72.    -10.     19.           0.7162
   78    6   -3    266.     44.    -62. 0.56032E+17     66.    -17.     17.           0.7109
   78    6   -2    265.     42.    -59. 0.59764E+17     62.    -24.     15.           0.6991
   78    6   -1    263.     39.    -58. 0.63482E+17     59.    -28.     13.           0.6813
   78    6    0    261.     37.    -57. 0.67059E+17     58.    -31.     11.           0.6578
   78    6    1    259.     34.    -56. 0.70398E+17     58.    -34.      8.           0.6293
   78    6    2    257.     32.    -56. 0.73416E+17     59.    -35.      6.           0.5967
   78    6    3    254.     30.    -56. 0.76043E+17     60.    -36.      4.           0.5610
   78    6    4    252.     28.    -57. 0.78229E+17     61.    -36.      2.           0.5231
   78    6    5    249.     27.    -58. 0.79927E+17     63.    -36.      1.           0.4842
   78    6    6    246.     25.    -59. 0.81108E+17     65.    -35.     -1.           0.4454
   79    3   -6    332.     82.    -91. 0.10057E+18     24.    -58.    -19.           0.5803
   79    3   -5    337.     80.    -94. 0.99978E+17     18.    -61.    -21.           0.6248
   79    3   -4    344.     78.    -99. 0.99010E+17     14.    -63.    -22.           0.6663
   79    3   -3    355.     75.   -106. 0.97739E+17     13.    -63.    -24.           0.7036
   79    3   -2    235.     29.    -45. 0.96264E+17     15.    -59.    -26.           0.7356
   79    3   -1    240.     33.    -48. 0.94683E+17     19.    -53.    -28.           0.7615
   79    3    0    242.     35.    -53. 0.93116E+17     24.    -46.    -30.           0.7805
   79    3    1    242.     35.    -58. 0.91683E+17     30.    -38.    -32.           0.7921
   79    3    2    239.     35.    -65. 0.90503E+17     34.    -32.    -34.           0.7962
   79    3    3    235.     35.    -73. 0.89691E+17     38.    -27.    -35.           0.7927
   79    3    4    230.     34.    -83. 0.89320E+17     40.    -24.    -36.           0.7818
   79    3    5     47.     55.    -88. 0.89455E+17     39.    -24.    -37.           0.7640
   79    3    6     53.     55.    -81. 0.90115E+17     36.    -27.    -36.           0.7400
   79    4   -6    326.     86.    -87. 0.67652E+17     22.    -73.     -5.           0.5458
   79    4   -5    333.     84.    -93. 0.66432E+17     13.    -80.     -7.           0.5932
   79    4   -4    352.     79.   -109. 0.65075E+17      9.    -82.     -9.           0.6382
   79    4   -3    249.     36.    -35. 0.63669E+17     14.    -74.    -11.           0.6796
   79    4   -2    253.     39.    -39. 0.62307E+17     24.    -63.    -14.           0.7160
   79    4   -1    253.     40.    -44. 0.61099E+17     33.    -51.    -16.           0.7465
   79    4    0    251.     39.    -49. 0.60157E+17     43.    -39.    -18.           0.7701
   79    4    1    248.     38.    -55. 0.59586E+17     52.    -28.    -21.           0.7863
   79    4    2    243.     37.    -63. 0.59473E+17     59.    -19.    -23.           0.7945
   79    4    3    237.     35.    -73. 0.59876E+17     63.    -13.    -24.           0.7946
   79    4    4    229.     35.    -85. 0.60826E+17     63.    -11.    -26.           0.7868
   79    4    5     49.     55.    -86. 0.62304E+17     60.    -14.    -26.           0.7714
   79    4    6     54.     55.    -79. 0.64255E+17     54.    -19.    -27.           0.7490
   79    5   -6    312.     84.    -76. 0.55583E+17     10.    -88.      2.           0.5339
   79    5   -5    279.     65.    -47. 0.54643E+17      2.    -97.      1.           0.5844
   79    5   -4    263.     50.    -37. 0.53532E+17     13.    -87.      0.           0.6325
   79    5   -3    261.     48.    -39. 0.52307E+17     25.    -74.     -1.           0.6767
   79    5   -2    259.     46.    -41. 0.51040E+17     38.    -60.     -2.           0.7157
   79    5   -1    257.     45.    -44. 0.49808E+17     51.    -45.     -3.           0.7483
   79    5    0    255.     43.    -48. 0.48696E+17     65.    -31.     -4.           0.7734
   79    5    1    251.     41.    -53. 0.47794E+17     78.    -17.     -6.           0.7905
   79    5    2    246.     39.    -61. 0.47182E+17     89.     -4.     -7.           0.7989
   79    5    3    239.     37.    -71. 0.46930E+17     87.      5.     -9.           0.7985
   79    5    4    230.     36.    -84. 0.47084E+17     82.      7.    -10.           0.7894
   79    5    5     49.     54.    -85. 0.47663E+17     85.      4.    -11.           0.7719
   79    5    6     54.     55.    -77. 0.48654E+17     83.     -5.    -12.           0.7468
   79    6   -6    285.     72.    -50. 0.46301E+17      9.    -75.     16.           0.5229
   79    6   -5    272.     60.    -40. 0.45881E+17     14.    -69.     17.           0.5756
   79    6   -4    267.     54.    -38. 0.45324E+17     23.    -58.     18.           0.6258
   79    6   -3    265.     52.    -38. 0.44663E+17     34.    -47.     18.           0.6721
   79    6   -2    262.     50.    -39. 0.43941E+17     46.    -36.     18.           0.7129
   79    6   -1    260.     48.    -41. 0.43203E+17     60.    -23.     17.           0.7471
   79    6    0    258.     46.    -45. 0.42500E+17     74.     -9.     16.           0.7736
   79    6    1    254.     44.    -50. 0.41883E+17     79.      5.     16.           0.7915
   79    6    2    249.     41.    -57. 0.41403E+17     68.     17.     15.           0.8003
   79    6    3    241.     39.    -69. 0.41103E+17     60.     26.     14.           0.7999
   79    6    4     42.     53.    -95. 0.41019E+17     58.     28.     13.           0.7902
   79    6    5     49.     53.    -84. 0.41171E+17     62.     25.     13.           0.7717
   79    6    6     55.     54.    -75. 0.41566E+17     72.     17.     12.           0.7451
   80    3   -6    240.     25.    -40. 0.61561E+17     18.    -64.    -18.           0.5132
   80    3   -5    243.     29.    -42. 0.65574E+17     20.    -60.    -20.           0.5651
   80    3   -4    245.     31.    -46. 0.69429E+17     23.    -55.    -22.           0.6134
   80    3   -3    245.     32.    -49. 0.73066E+17     25.    -51.    -24.           0.6566
   80    3   -2    245.     33.    -52. 0.76426E+17     27.    -47.    -26.           0.6933
   80    3   -1    244.     33.    -55. 0.79463E+17     29.    -44.    -27.           0.7223
   80    3    0    243.     34.    -58. 0.82139E+17     30.    -41.    -28.           0.7427
   80    3    1    241.     34.    -62. 0.84418E+17     31.    -39.    -30.           0.7539
   80    3    2    239.     34.    -65. 0.86282E+17     32.    -37.    -31.           0.7555
   80    3    3    238.     34.    -68. 0.87703E+17     33.    -35.    -32.           0.7475
   80    3    4    236.     35.    -72. 0.88668E+17     33.    -34.    -33.           0.7301
   80    3    5    233.     35.    -76. 0.89170E+17     33.    -33.    -33.           0.7038
   80    3    6    231.     35.    -79. 0.89205E+17     33.    -33.    -34.           0.6695
   80    4   -6    259.     38.    -37. 0.42933E+17     30.    -66.     -4.           0.4767
   80    4   -5    257.     38.    -41. 0.45987E+17     36.    -56.     -7.           0.5297
   80    4   -4    255.     37.    -44. 0.49006E+17     41.    -49.    -10.           0.5801
   80    4   -3    253.     37.    -48. 0.51923E+17     45.    -43.    -12.           0.6264
   80    4   -2    251.     36.    -51. 0.54682E+17     47.    -38.    -14.           0.6672
   80    4   -1    249.     36.    -55. 0.57237E+17     49.    -35.    -16.           0.7011
   80    4    0    247.     35.    -58. 0.59549E+17     51.    -32.    -18.           0.7270
   80    4    1    244.     35.    -62. 0.61585E+17     52.    -29.    -19.           0.7442
   80    4    2    242.     35.    -66. 0.63320E+17     52.    -27.    -20.           0.7520
   80    4    3    239.     35.    -69. 0.64731E+17     52.    -26.    -21.           0.7502
   80    4    4    237.     34.    -73. 0.65801E+17     52.    -26.    -22.           0.7388
   80    4    5    234.     34.    -77. 0.66523E+17     51.    -25.    -23.           0.7182
   80    4    6    231.     35.    -80. 0.66890E+17     50.    -26.    -24.           0.6890
   80    5   -6    264.     45.    -43. 0.36683E+17     46.    -46.      7.           0.4691
   80    5   -5    261.     43.    -45. 0.39366E+17     54.    -41.      4.           0.5234
   80    5   -4    258.     42.    -48. 0.41936E+17     61.    -37.      2.           0.5753
   80    5   -3    256.     41.    -51. 0.44347E+17     67.    -33.      0.           0.6231
   80    5   -2    253.     40.    -53. 0.46557E+17     70.    -28.     -2.           0.6654
   80    5   -1    251.     39.    -56. 0.48536E+17     72.    -24.     -3.           0.7008
   80    5    0    248.     38.    -59. 0.50255E+17     74.    -22.     -5.           0.7282
   80    5    1    246.     37.    -63. 0.51691E+17     74.    -19.     -6.           0.7465
   80    5    2    243.     37.    -66. 0.52830E+17     75.    -18.     -7.           0.7553
   80    5    3    241.     36.    -69. 0.53656E+17     75.    -17.     -9.           0.7542
   80    5    4    238.     36.    -72. 0.54162E+17     74.    -16.    -10.           0.7432
   80    5    5    235.     35.    -75. 0.54342E+17     73.    -16.    -11.           0.7226
   80    5    6    233.     35.    -79. 0.54199E+17     72.    -16.    -12.           0.6930
   80    6   -6    266.     49.    -43. 0.33364E+17     55.    -22.     23.           0.4634
   80    6   -5    263.     46.    -45. 0.35753E+17     62.    -18.     21.           0.5180
   80    6   -4    260.     45.    -47. 0.38000E+17     67.    -14.     19.           0.5703
   80    6   -3    258.     43.    -50. 0.40067E+17     72.    -10.     18.           0.6186
   80    6   -2    255.     42.    -53. 0.41922E+17     76.     -7.     16.           0.6613
   80    6   -1    253.     41.    -55. 0.43541E+17     80.     -5.     15.           0.6971
   80    6    0    250.     40.    -58. 0.44901E+17     83.     -3.     14.           0.7249
   80    6    1    248.     39.    -61. 0.45986E+17     86.     -1.     13.           0.7436
   80    6    2    245.     38.    -64. 0.46782E+17     88.     -0.     12.           0.7526
   80    6    3    242.     38.    -67. 0.47280E+17     88.      0.     11.           0.7517
   80    6    4    240.     37.    -70. 0.47475E+17     89.      1.     10.           0.7408
   80    6    5    237.     37.    -74. 0.47363E+17     90.      0.      9.           0.7201
   80    6    6    234.     36.    -77. 0.46949E+17     92.     -0.      8.           0.6904
   81    3   -6    268.     58.    -75. 0.50353E+17     65.    -13.    -22.           0.6706
   81    3   -5    271.     55.    -69. 0.55006E+17     52.    -24.    -24.           0.6858
   81    3   -4    272.     52.    -64. 0.60598E+17     41.    -34.    -25.           0.6952
   81    3   -3    271.     49.    -60. 0.66744E+17     33.    -41.    -26.           0.6985
   81    3   -2    268.     45.    -57. 0.73123E+17     28.    -46.    -26.           0.6956
   81    3   -1    264.     40.    -55. 0.79474E+17     25.    -48.    -27.           0.6864
   81    3    0    260.     36.    -54. 0.85598E+17     25.    -48.    -27.           0.6710
   81    3    1    255.     32.    -54. 0.91341E+17     25.    -48.    -27.           0.6500
   81    3    2    251.     29.    -54. 0.96559E+17     26.    -46.    -28.           0.6237
   81    3    3    248.     27.    -55. 0.10115E+18     28.    -44.    -28.           0.5930
   81    3    4    244.     25.    -57. 0.10502E+18     30.    -43.    -28.           0.5587
   81    3    5    241.     23.    -58. 0.10811E+18     32.    -41.    -28.           0.5217
   81    3    6    238.     21.    -60. 0.11035E+18     34.    -39.    -28.           0.4831
   81    4   -6    270.     58.    -72. 0.43971E+17     86.     -5.     -9.           0.6700
   81    4   -5    272.     55.    -67. 0.47730E+17     68.    -19.    -13.           0.6848
   81    4   -4    272.     52.    -63. 0.52194E+17     55.    -29.    -15.           0.6935
   81    4   -3    271.     49.    -60. 0.57081E+17     46.    -37.    -17.           0.6959
   81    4   -2    269.     45.    -58. 0.62159E+17     40.    -41.    -19.           0.6918
   81    4   -1    267.     42.    -56. 0.67237E+17     36.    -44.    -20.           0.6813
   81    4    0    263.     39.    -56. 0.72155E+17     34.    -45.    -21.           0.6645
   81    4    1    260.     35.    -55. 0.76794E+17     33.    -46.    -22.           0.6421
   81    4    2    257.     33.    -56. 0.81046E+17     32.    -45.    -22.           0.6145
   81    4    3    253.     30.    -57. 0.84828E+17     33.    -44.    -23.           0.5826
   81    4    4    250.     28.    -58. 0.88068E+17     33.    -43.    -23.           0.5474
   81    4    5    247.     26.    -60. 0.90710E+17     34.    -42.    -24.           0.5098
   81    4    6    243.     24.    -62. 0.92708E+17     35.    -40.    -24.           0.4709
   81    5   -6    269.     56.    -72. 0.41435E+17     86.      7.      7.           0.6677
   81    5   -5    270.     53.    -67. 0.44049E+17     90.     -8.      3.           0.6810
   81    5   -4    271.     51.    -64. 0.47107E+17     79.    -20.     -1.           0.6876
   81    5   -3     51.     49.   -118. 0.50446E+17     67.    -29.     -4.           0.6874
   81    5   -2    269.     46.    -60. 0.53915E+17     58.    -35.     -7.           0.6803
   81    5   -1    267.     43.    -58. 0.57392E+17     52.    -39.     -9.           0.6665
   81    5    0    265.     40.    -57. 0.60763E+17     47.    -42.    -10.           0.6463
   81    5    1    263.     38.    -57. 0.63941E+17     44.    -44.    -12.           0.6203
   81    5    2    260.     35.    -57. 0.66844E+17     43.    -44.    -13.           0.5894
   81    5    3    257.     33.    -58. 0.69414E+17     41.    -44.    -14.           0.5544
   81    5    4    253.     30.    -58. 0.71594E+17     41.    -44.    -15.           0.5163
   81    5    5    250.     28.    -60. 0.73347E+17     41.    -43.    -16.           0.4764
   81    5    6    247.     26.    -62. 0.74637E+17     41.    -41.    -17.           0.4358
   81    6   -6    270.     55.    -69. 0.39987E+17     58.     19.     23.           0.6584
   81    6   -5    271.     53.    -66. 0.41610E+17     70.      9.     21.           0.6688
   81    6   -4    272.     51.    -63. 0.43423E+17     79.     -2.     19.           0.6720
   81    6   -3     50.     49.   -120. 0.45347E+17     72.    -11.     17.           0.6681
   81    6   -2    270.     47.    -59. 0.47309E+17     66.    -19.     15.           0.6571
   81    6   -1    269.     45.    -58. 0.49241E+17     62.    -26.     13.           0.6393
   81    6    0    267.     42.    -57. 0.51082E+17     58.    -31.     10.           0.6151
   81    6    1    265.     40.    -56. 0.52779E+17     57.    -36.      7.           0.5854
   81    6    2    263.     38.    -56. 0.54284E+17     55.    -40.      4.           0.5510
   81    6    3    260.     35.    -56. 0.55561E+17     55.    -43.      2.           0.5130
   81    6    4    257.     33.    -57. 0.56576E+17     55.    -45.     -0.           0.4725
   81    6    5    253.     31.    -58. 0.57306E+17     53.    -45.     -2.           0.4307
   81    6    6    250.     28.    -59. 0.57733E+17     52.    -43.     -4.           0.3889
   82    3   -6    352.     86.    -99. 0.95370E+17     45.    -45.    -10.           0.6640
   82    3   -5    354.     84.   -101. 0.96689E+17     37.    -49.    -14.           0.7213
   82    3   -4    357.     81.   -103. 0.98343E+17     31.    -51.    -18.           0.7724
   82    3   -3    234.     19.    -38. 0.10034E+18     26.    -53.    -22.           0.8160
   82    3   -2    235.     24.    -42. 0.10268E+18     22.    -53.    -25.           0.8506
   82    3   -1    238.     28.    -46. 0.10533E+18     20.    -52.    -28.           0.8754
   82    3    0    240.     32.    -50. 0.10825E+18     20.    -50.    -30.           0.8896
   82    3    1    241.     35.    -55. 0.11141E+18     20.    -47.    -33.           0.8929
   82    3    2    241.     37.    -60. 0.11473E+18     21.    -44.    -35.           0.8854
   82    3    3    240.     39.    -65. 0.11815E+18     22.    -42.    -37.           0.8674
   82    3    4    238.     40.    -71. 0.12158E+18     22.    -40.    -38.           0.8397
   82    3    5    235.     41.    -76. 0.12497E+18     22.    -39.    -39.           0.8032
   82    3    6    231.     43.    -81. 0.12821E+18     21.    -39.    -40.           0.7593
   82    4   -6    164.     87.     98. 0.75644E+17     44.    -47.      9.           0.6319
   82    4   -5    167.     89.    101. 0.74539E+17     39.    -57.      4.           0.6897
   82    4   -4    351.     88.   -105. 0.73654E+17     34.    -65.     -1.           0.7422
   82    4   -3    357.     84.   -109. 0.73079E+17     29.    -66.     -5.           0.7879
   82    4   -2    249.     26.    -26. 0.72901E+17     26.    -64.    -10.           0.8254
   82    4   -1    250.     31.    -33. 0.73187E+17     27.    -59.    -14.           0.8536
   82    4    0    251.     35.    -40. 0.73987E+17     29.    -53.    -17.           0.8718
   82    4    1    250.     37.    -46. 0.75321E+17     32.    -47.    -21.           0.8794
   82    4    2    248.     38.    -53. 0.77178E+17     34.    -42.    -24.           0.8765
   82    4    3    244.     38.    -59. 0.79511E+17     36.    -38.    -26.           0.8632
   82    4    4    240.     38.    -66. 0.82260E+17     36.    -36.    -28.           0.8402
   82    4    5    236.     39.    -73. 0.85332E+17     35.    -35.    -30.           0.8083
   82    4    6    231.     39.    -80. 0.88640E+17     33.    -36.    -31.           0.7687
   82    5   -6    161.     85.     98. 0.64009E+17     27.    -58.     15.           0.6205
   82    5   -5    166.     89.    104. 0.63374E+17     22.    -66.     11.           0.6813
   82    5   -4    354.     87.   -111. 0.62739E+17     20.    -72.      8.           0.7368
   82    5   -3    256.     30.    -19. 0.62163E+17     22.    -74.      4.           0.7853
   82    5   -2    257.     36.    -26. 0.61705E+17     27.    -72.      1.           0.8254
   82    5   -1    257.     39.    -33. 0.61426E+17     33.    -65.     -3.           0.8559
   82    5    0    256.     40.    -38. 0.61375E+17     38.    -56.     -6.           0.8758
   82    5    1    254.     40.    -44. 0.61598E+17     43.    -48.     -9.           0.8847
   82    5    2    251.     40.    -50. 0.62123E+17     47.    -41.    -12.           0.8824
   82    5    3    247.     40.    -57. 0.62961E+17     50.    -36.    -14.           0.8691
   82    5    4    243.     39.    -64. 0.64104E+17     50.    -33.    -17.           0.8453
   82    5    5    237.     39.    -71. 0.65527E+17     49.    -32.    -18.           0.8120
   82    5    6    232.     39.    -77. 0.67187E+17     47.    -33.    -20.           0.7703
   82    6   -6    160.     82.    100. 0.54956E+17     14.    -59.     27.           0.6139
   82    6   -5    172.     88.    113. 0.54523E+17     10.    -64.     26.           0.6753
   82    6   -4      4.     83.   -126. 0.54011E+17     13.    -63.     24.           0.7314
   82    6   -3     10.     77.   -131. 0.53459E+17     19.    -59.     22.           0.7807
   82    6   -2    265.     45.    -26. 0.52912E+17     27.    -53.     20.           0.8215
   82    6   -1    263.     45.    -30. 0.52418E+17     36.    -46.     18.           0.8526
   82    6    0    261.     45.    -35. 0.52022E+17     45.    -40.     15.           0.8731
   82    6    1    258.     44.    -41. 0.51767E+17     54.    -33.     13.           0.8825
   82    6    2    254.     42.    -47. 0.51690E+17     62.    -28.     10.           0.8806
   82    6    3    250.     41.    -54. 0.51820E+17     68.    -24.      8.           0.8674
   82    6    4    244.     40.    -61. 0.52168E+17     72.    -23.      5.           0.8436
   82    6    5    239.     39.    -68. 0.52738E+17     73.    -24.      3.           0.8101
   82    6    6     35.     52.   -101. 0.53515E+17     72.    -28.      0.           0.7678
   83    3   -6    277.     62.    -67. 0.61737E+17     40.    -37.    -23.           0.6396
   83    3   -5    277.     60.    -64. 0.66291E+17     32.    -45.    -24.           0.6733
   83    3   -4    275.     57.    -61. 0.71032E+17     25.    -50.    -25.           0.6996
   83    3   -3    272.     53.    -58. 0.75804E+17     21.    -54.    -25.           0.7176
   83    3   -2    267.     48.    -55. 0.80472E+17     18.    -56.    -26.           0.7267
   83    3   -1    261.     43.    -53. 0.84930E+17     18.    -56.    -27.           0.7264
   83    3    0    256.     39.    -53. 0.89078E+17     18.    -54.    -27.           0.7166
   83    3    1    251.     35.    -54. 0.92829E+17     20.    -52.    -28.           0.6977
   83    3    2    248.     32.    -55. 0.96112E+17     22.    -50.    -28.           0.6701
   83    3    3    244.     30.    -57. 0.98867E+17     24.    -47.    -29.           0.6349
   83    3    4    241.     28.    -59. 0.10104E+18     26.    -45.    -29.           0.5931
   83    3    5    238.     27.    -61. 0.10259E+18     28.    -43.    -30.           0.5461
   83    3    6    235.     25.    -64. 0.10350E+18     30.    -40.    -30.           0.4955
   83    4   -6    279.     61.    -62. 0.53964E+17     45.    -43.    -12.           0.6474
   83    4   -5    277.     59.    -60. 0.57186E+17     39.    -48.    -13.           0.6822
   83    4   -4    275.     56.    -58. 0.60280E+17     34.    -51.    -15.           0.7090
   83    4   -3    272.     53.    -57. 0.63187E+17     31.    -54.    -16.           0.7267
   83    4   -2    269.     50.    -56. 0.65854E+17     29.    -55.    -17.           0.7346
   83    4   -1    266.     47.    -55. 0.68233E+17     28.    -55.    -18.           0.7324
   83    4    0    262.     44.    -55. 0.70291E+17     28.    -54.    -19.           0.7202
   83    4    1    259.     41.    -55. 0.71995E+17     28.    -52.    -19.           0.6982
   83    4    2    256.     38.    -56. 0.73319E+17     29.    -51.    -20.           0.6673
   83    4    3    252.     36.    -58. 0.74244E+17     30.    -49.    -21.           0.6285
   83    4    4    249.     34.    -60. 0.74757E+17     31.    -47.    -22.           0.5830
   83    4    5    246.     32.    -62. 0.74852E+17     32.    -45.    -23.           0.5323
   83    4    6    242.     31.    -65. 0.74528E+17     34.    -43.    -24.           0.4783
   83    5   -6    278.     59.    -59. 0.48191E+17     59.    -39.      2.           0.6452
   83    5   -5    277.     57.    -58. 0.50538E+17     55.    -45.      0.           0.6801
   83    5   -4    275.     55.    -57. 0.52673E+17     51.    -48.     -1.           0.7067
   83    5   -3    272.     53.    -57. 0.54561E+17     47.    -50.     -2.           0.7239
   83    5   -2     43.     50.   -124. 0.56177E+17     45.    -52.     -4.           0.7310
   83    5   -1    267.     48.    -56. 0.57497E+17     43.    -52.     -5.           0.7278
   83    5    0    265.     46.    -56. 0.58505E+17     43.    -52.     -6.           0.7144
   83    5    1    262.     43.    -56. 0.59190E+17     42.    -51.     -7.           0.6911
   83    5    2    259.     41.    -57. 0.59546E+17     42.    -50.     -8.           0.6588
   83    5    3    256.     39.    -59. 0.59572E+17     43.    -48.     -9.           0.6185
   83    5    4    253.     37.    -60. 0.59270E+17     43.    -47.    -10.           0.5715
   83    5    5    249.     36.    -63. 0.58651E+17     44.    -45.    -11.           0.5196
   83    5    6    246.     34.    -65. 0.57726E+17     44.    -43.    -13.           0.4643
   83    6   -6    278.     58.    -57. 0.44140E+17     60.    -20.     20.           0.6388
   83    6   -5    277.     56.    -56. 0.45967E+17     56.    -24.     20.           0.6731
   83    6   -4    275.     55.    -56. 0.47537E+17     53.    -27.     19.           0.6990
   83    6   -3    273.     53.    -55. 0.48830E+17     51.    -30.     19.           0.7154
   83    6   -2     43.     51.   -125. 0.49828E+17     50.    -32.     18.           0.7217
   83    6   -1    269.     49.    -55. 0.50519E+17     49.    -33.     18.           0.7176
   83    6    0    266.     47.    -55. 0.50895E+17     49.    -34.     17.           0.7033
   83    6    1    264.     45.    -56. 0.50953E+17     49.    -35.     16.           0.6791
   83    6    2    261.     43.    -56. 0.50696E+17     49.    -36.     15.           0.6460
   83    6    3    259.     42.    -58. 0.50128E+17     50.    -36.     14.           0.6049
   83    6    4    255.     40.    -59. 0.49262E+17     51.    -36.     13.           0.5573
   83    6    5    252.     38.    -61. 0.48114E+17     53.    -35.     12.           0.5048
   83    6    6    248.     36.    -64. 0.46704E+17     55.    -35.     10.           0.4492
   84    3   -6    251.     28.    -34. 0.61178E+17     11.    -69.    -20.           0.5253
   84    3   -5    254.     32.    -39. 0.66774E+17     13.    -64.    -23.           0.5849
   84    3   -4    254.     34.    -43. 0.72484E+17     15.    -60.    -25.           0.6401
   84    3   -3    253.     35.    -48. 0.78176E+17     17.    -56.    -27.           0.6891
   84    3   -2    251.     36.    -51. 0.83738E+17     19.    -53.    -29.           0.7305
   84    3   -1    249.     36.    -55. 0.89081E+17     20.    -50.    -30.           0.7627
   84    3    0    247.     36.    -59. 0.94112E+17     20.    -48.    -32.           0.7849
   84    3    1    244.     36.    -62. 0.98758E+17     21.    -46.    -33.           0.7962
   84    3    2    242.     36.    -65. 0.10297E+18     21.    -45.    -34.           0.7965
   84    3    3    239.     36.    -69. 0.10668E+18     21.    -44.    -35.           0.7856
   84    3    4    237.     36.    -72. 0.10985E+18     21.    -44.    -35.           0.7640
   84    3    5    234.     36.    -75. 0.11245E+18     20.    -44.    -36.           0.7324
   84    3    6    231.     37.    -78. 0.11444E+18     20.    -44.    -37.           0.6919
   84    4   -6    264.     31.    -21. 0.46007E+17     13.    -87.      0.           0.5023
   84    4   -5    264.     36.    -29. 0.48900E+17     18.    -78.     -4.           0.5612
   84    4   -4    263.     37.    -34. 0.52051E+17     22.    -70.     -8.           0.6163
   84    4   -3    261.     38.    -39. 0.55365E+17     26.    -63.    -12.           0.6659
   84    4   -2    259.     38.    -44. 0.58752E+17     28.    -58.    -14.           0.7083
   84    4   -1    256.     37.    -48. 0.62136E+17     30.    -54.    -17.           0.7423
   84    4    0    253.     37.    -52. 0.65445E+17     31.    -50.    -19.           0.7668
   84    4    1    250.     36.    -56. 0.68624E+17     32.    -48.    -20.           0.7809
   84    4    2    247.     36.    -60. 0.71618E+17     32.    -46.    -22.           0.7844
   84    4    3    244.     36.    -64. 0.74385E+17     31.    -45.    -23.           0.7771
   84    4    4    240.     36.    -68. 0.76883E+17     31.    -44.    -25.           0.7593
   84    4    5    237.     36.    -71. 0.79081E+17     30.    -44.    -26.           0.7316
   84    4    6    234.     36.    -75. 0.80950E+17     29.    -44.    -27.           0.6950
   84    5   -6    276.     48.    -29. 0.39489E+17     19.    -67.     14.           0.4958
   84    5   -5    272.     46.    -33. 0.41772E+17     25.    -64.     10.           0.5554
   84    5   -4    269.     44.    -37. 0.44124E+17     32.    -62.      7.           0.6112
   84    5   -3    266.     43.    -40. 0.46487E+17     37.    -60.      4.           0.6614
   84    5   -2    263.     41.    -44. 0.48809E+17     41.    -58.      1.           0.7044
   84    5   -1    259.     40.    -47. 0.51049E+17     44.    -55.     -1.           0.7388
   84    5    0    256.     39.    -51. 0.53166E+17     45.    -52.     -4.           0.7635
   84    5    1    253.     38.    -55. 0.55130E+17     45.    -50.     -6.           0.7777
   84    5    2    249.     38.    -58. 0.56910E+17     45.    -48.     -7.           0.7811
   84    5    3    246.     37.    -62. 0.58485E+17     44.    -47.     -9.           0.7735
   84    5    4    242.     37.    -66. 0.59833E+17     43.    -46.    -11.           0.7552
   84    5    5    238.     37.    -69. 0.60940E+17     42.    -46.    -12.           0.7268
   84    5    6    235.     36.    -73. 0.61792E+17     41.    -46.    -13.           0.6893
   84    6   -6    280.     54.    -29. 0.35660E+17     24.    -43.     33.           0.4893
   84    6   -5    276.     50.    -32. 0.37567E+17     29.    -40.     30.           0.5486
   84    6   -4    273.     48.    -35. 0.39461E+17     34.    -37.     29.           0.6042
   84    6   -3    269.     46.    -38. 0.41302E+17     38.    -35.     27.           0.6542
   84    6   -2    266.     44.    -42. 0.43054E+17     41.    -34.     25.           0.6970
   84    6   -1    262.     42.    -45. 0.44687E+17     44.    -33.     23.           0.7313
   84    6    0    258.     41.    -49. 0.46174E+17     46.    -32.     22.           0.7559
   84    6    1    255.     40.    -52. 0.47494E+17     48.    -32.     20.           0.7701
   84    6    2    251.     39.    -56. 0.48628E+17     49.    -32.     19.           0.7734
   84    6    3    247.     38.    -60. 0.49562E+17     50.    -33.     17.           0.7658
   84    6    4    243.     37.    -64. 0.50285E+17     50.    -34.     16.           0.7475
   84    6    5    239.     37.    -67. 0.50790E+17     50.    -36.     14.           0.7191
   84    6    6    235.     37.    -71. 0.51071E+17     50.    -38.     12.           0.6815
   85    3   -6    277.     66.    -69. 0.55776E+17     51.    -30.    -19.           0.5535
   85    3   -5    277.     63.    -66. 0.60464E+17     40.    -40.    -21.           0.5868
   85    3   -4    276.     60.    -62. 0.65630E+17     31.    -47.    -22.           0.6155
   85    3   -3    273.     56.    -59. 0.71052E+17     25.    -52.    -24.           0.6385
   85    3   -2    269.     51.    -57. 0.76531E+17     21.    -54.    -25.           0.6549
   85    3   -1    264.     47.    -55. 0.81912E+17     20.    -54.    -26.           0.6642
   85    3    0    259.     42.    -54. 0.87049E+17     20.    -53.    -26.           0.6659
   85    3    1    254.     38.    -54. 0.91828E+17     22.    -51.    -27.           0.6598
   85    3    2    251.     35.    -55. 0.96147E+17     23.    -49.    -28.           0.6461
   85    3    3    247.     33.    -56. 0.99931E+17     25.    -47.    -28.           0.6251
   85    3    4    245.     31.    -58. 0.10311E+18     27.    -45.    -29.           0.5974
   85    3    5    242.     29.    -60. 0.10561E+18     29.    -42.    -29.           0.5638
   85    3    6    239.     28.    -62. 0.10740E+18     30.    -40.    -29.           0.5254
   85    4   -6    277.     63.    -65. 0.51840E+17     52.    -36.    -13.           0.5577
   85    4   -5    276.     60.    -63. 0.55708E+17     43.    -42.    -14.           0.5920
   85    4   -4    273.     57.    -60. 0.59646E+17     38.    -47.    -16.           0.6210
   85    4   -3    271.     53.    -59. 0.63538E+17     34.    -50.    -17.           0.6438
   85    4   -2     42.     50.   -123. 0.67284E+17     32.    -51.    -18.           0.6594
   85    4   -1    264.     47.    -57. 0.70803E+17     31.    -51.    -19.           0.6674
   85    4    0    261.     44.    -56. 0.74022E+17     31.    -50.    -19.           0.6672
   85    4    1    258.     41.    -57. 0.76882E+17     31.    -49.    -20.           0.6590
   85    4    2    255.     39.    -58. 0.79331E+17     32.    -47.    -21.           0.6428
   85    4    3    252.     37.    -59. 0.81326E+17     33.    -45.    -22.           0.6191
   85    4    4    249.     35.    -60. 0.82830E+17     34.    -44.    -22.           0.5886
   85    4    5    247.     33.    -62. 0.83817E+17     35.    -42.    -23.           0.5524
   85    4    6    244.     32.    -64. 0.84268E+17     36.    -40.    -23.           0.5115
   85    5   -6    276.     60.    -63. 0.46908E+17     64.    -34.     -2.           0.5515
   85    5   -5    274.     57.    -61. 0.50101E+17     57.    -40.     -3.           0.5861
   85    5   -4    272.     55.    -60. 0.53214E+17     52.    -43.     -5.           0.6150
   85    5   -3    269.     52.    -59. 0.56174E+17     49.    -46.     -6.           0.6374
   85    5   -2    267.     49.    -58. 0.58919E+17     47.    -47.     -7.           0.6524
   85    5   -1    264.     47.    -58. 0.61395E+17     45.    -47.     -8.           0.6595
   85    5    0    262.     45.    -58. 0.63561E+17     45.    -46.     -9.           0.6583
   85    5    1    259.     42.    -59. 0.65380E+17     45.    -46.    -10.           0.6488
   85    5    2    257.     41.    -59. 0.66822E+17     45.    -45.    -10.           0.6313
   85    5    3    254.     39.    -60. 0.67862E+17     45.    -43.    -11.           0.6063
   85    5    4    252.     37.    -62. 0.68484E+17     46.    -42.    -12.           0.5745
   85    5    5    249.     35.    -63. 0.68676E+17     47.    -41.    -13.           0.5370
   85    5    6    246.     34.    -65. 0.68435E+17     47.    -39.    -14.           0.4950
   85    6   -6    275.     58.    -60. 0.42630E+17     65.    -18.     16.           0.5431
   85    6   -5    274.     56.    -59. 0.45264E+17     61.    -23.     16.           0.5768
   85    6   -4    272.     54.    -58. 0.47729E+17     58.    -27.     15.           0.6047
   85    6   -3    270.     52.    -58. 0.49975E+17     56.    -30.     14.           0.6258
   85    6   -2     43.     50.   -122. 0.51964E+17     55.    -31.     14.           0.6394
   85    6   -1    265.     48.    -57. 0.53662E+17     54.    -33.     13.           0.6449
   85    6    0    263.     46.    -58. 0.55042E+17     54.    -34.     12.           0.6421
   85    6    1    261.     44.    -58. 0.56081E+17     55.    -34.     11.           0.6310
   85    6    2    258.     42.    -59. 0.56764E+17     56.    -34.     10.           0.6119
   85    6    3    256.     41.    -60. 0.57080E+17     57.    -34.      9.           0.5854
   85    6    4    254.     39.    -61. 0.57021E+17     58.    -34.      8.           0.5523
   85    6    5    251.     38.    -62. 0.56589E+17     59.    -34.      7.           0.5137
   85    6    6    248.     37.    -64. 0.55787E+17     61.    -33.      6.           0.4709
   86    3   -6    267.     58.    -60. 0.60717E+17     14.    -59.    -26.           0.4634
   86    3   -5    261.     53.    -57. 0.63761E+17     14.    -59.    -27.           0.5029
   86    3   -4    255.     48.    -56. 0.66565E+17     15.    -58.    -28.           0.5376
   86    3   -3    251.     44.    -55. 0.69093E+17     17.    -55.    -28.           0.5663
   86    3   -2    247.     41.    -56. 0.71308E+17     19.    -52.    -29.           0.5880
   86    3   -1    245.     39.    -57. 0.73184E+17     22.    -49.    -29.           0.6021
   86    3    0    242.     37.    -58. 0.74701E+17     24.    -46.    -30.           0.6081
   86    3    1    240.     35.    -60. 0.75845E+17     26.    -43.    -30.           0.6057
   86    3    2    239.     34.    -62. 0.76604E+17     29.    -40.    -31.           0.5952
   86    3    3    237.     33.    -64. 0.76970E+17     31.    -38.    -32.           0.5769
   86    3    4    235.     31.    -67. 0.76948E+17     32.    -36.    -32.           0.5515
   86    3    5    233.     30.    -70. 0.76538E+17     34.    -34.    -32.           0.5198
   86    3    6    231.     29.    -74. 0.75752E+17     35.    -32.    -33.           0.4828
   86    4   -6    260.     52.    -56. 0.42951E+17     32.    -54.    -15.           0.4522
   86    4   -5    257.     48.    -55. 0.45317E+17     33.    -51.    -16.           0.4946
   86    4   -4    254.     45.    -55. 0.47555E+17     35.    -48.    -17.           0.5327
   86    4   -3    251.     43.    -55. 0.49624E+17     38.    -45.    -18.           0.5652
   86    4   -2    249.     40.    -56. 0.51496E+17     40.    -41.    -18.           0.5912
   86    4   -1    247.     38.    -58. 0.53142E+17     43.    -38.    -19.           0.6096
   86    4    0    245.     37.    -59. 0.54541E+17     45.    -35.    -20.           0.6200
   86    4    1    243.     35.    -61. 0.55675E+17     47.    -32.    -21.           0.6219
   86    4    2    241.     34.    -64. 0.56533E+17     49.    -30.    -21.           0.6154
   86    4    3    239.     32.    -66. 0.57101E+17     50.    -27.    -22.           0.6005
   86    4    4    237.     31.    -69. 0.57379E+17     52.    -26.    -23.           0.5779
   86    4    5    234.     30.    -73. 0.57360E+17     52.    -24.    -24.           0.5483
   86    4    6    232.     29.    -76. 0.57049E+17     52.    -23.    -24.           0.5127
   86    5   -6    259.     50.    -54. 0.35357E+17     55.    -44.      1.           0.4435
   86    5   -5    257.     47.    -54. 0.37346E+17     58.    -41.     -0.           0.4880
   86    5   -4    255.     44.    -54. 0.39228E+17     61.    -37.     -2.           0.5286
   86    5   -3    252.     42.    -55. 0.40971E+17     64.    -33.     -3.           0.5639
   86    5   -2    250.     40.    -56. 0.42544E+17     67.    -29.     -4.           0.5928
   86    5   -1    249.     38.    -58. 0.43925E+17     69.    -25.     -5.           0.6143
   86    5    0    247.     37.    -60. 0.45092E+17     72.    -22.     -6.           0.6278
   86    5    1    244.     35.    -62. 0.46034E+17     73.    -19.     -7.           0.6326
   86    5    2    242.     34.    -64. 0.46734E+17     75.    -17.     -9.           0.6287
   86    5    3    240.     33.    -67. 0.47187E+17     75.    -15.    -10.           0.6162
   86    5    4    237.     31.    -71. 0.47386E+17     76.    -13.    -11.           0.5955
   86    5    5    235.     30.    -74. 0.47332E+17     76.    -13.    -12.           0.5673
   86    5    6    232.     30.    -78. 0.47025E+17     75.    -12.    -13.           0.5325
   86    6   -6    260.     50.    -52. 0.31995E+17     60.    -19.     21.           0.4354
   86    6   -5    258.     47.    -52. 0.33757E+17     64.    -16.     20.           0.4812
   86    6   -4    256.     45.    -52. 0.35392E+17     68.    -13.     19.           0.5233
   86    6   -3    254.     43.    -53. 0.36872E+17     72.    -10.     18.           0.5604
   86    6   -2    252.     41.    -55. 0.38174E+17     76.     -7.     16.           0.5913
   86    6   -1    250.     39.    -57. 0.39279E+17     81.     -4.     15.           0.6150
   86    6    0    248.     38.    -59. 0.40171E+17     84.     -2.     14.           0.6306
   86    6    1    246.     36.    -61. 0.40840E+17     86.      1.     13.           0.6376
   86    6    2    244.     35.    -64. 0.41277E+17     86.      3.     12.           0.6357
   86    6    3    241.     33.    -67. 0.41477E+17     86.      4.     10.           0.6250
   86    6    4    239.     32.    -70. 0.41440E+17     86.      5.      9.           0.6059
   86    6    5    236.     31.    -74. 0.41166E+17     87.      5.      8.           0.5790
   86    6    6    232.     30.    -78. 0.40661E+17     89.      5.      6.           0.5450
   87    3   -6    264.     49.    -61. 0.73386E+17     21.    -50.    -29.           0.6764
   87    3   -5    262.     47.    -59. 0.78313E+17     19.    -52.    -29.           0.7115
   87    3   -4    259.     44.    -57. 0.82910E+17     17.    -54.    -29.           0.7372
   87    3   -3    255.     41.    -56. 0.87108E+17     16.    -54.    -30.           0.7526
   87    3   -2    251.     38.    -55. 0.90835E+17     16.    -54.    -30.           0.7572
   87    3   -1    248.     36.    -55. 0.94034E+17     16.    -54.    -30.           0.7508
   87    3    0    244.     34.    -56. 0.96651E+17     17.    -53.    -30.           0.7335
   87    3    1    241.     32.    -56. 0.98642E+17     18.    -52.    -30.           0.7058
   87    3    2    238.     30.    -57. 0.99975E+17     19.    -50.    -31.           0.6688
   87    3    3    236.     29.    -59. 0.10063E+18     20.    -49.    -31.           0.6236
   87    3    4    233.     27.    -60. 0.10059E+18     21.    -48.    -31.           0.5718
   87    3    5    230.     26.    -62. 0.99841E+17     22.    -46.    -32.           0.5150
   87    3    6    228.     25.    -64. 0.98388E+17     23.    -45.    -32.           0.4552
   87    4   -6    266.     51.    -60. 0.55689E+17     33.    -50.    -17.           0.6756
   87    4   -5    265.     49.    -58. 0.59497E+17     29.    -53.    -18.           0.7109
   87    4   -4    263.     47.    -57. 0.63029E+17     27.    -54.    -19.           0.7369
   87    4   -3    260.     45.    -56. 0.66228E+17     25.    -55.    -20.           0.7526
   87    4   -2    257.     43.    -55. 0.69047E+17     24.    -56.    -20.           0.7575
   87    4   -1    255.     40.    -55. 0.71450E+17     23.    -56.    -21.           0.7512
   87    4    0    252.     38.    -55. 0.73399E+17     23.    -55.    -22.           0.7341
   87    4    1    249.     37.    -56. 0.74873E+17     23.    -54.    -23.           0.7067
   87    4    2    246.     35.    -56. 0.75851E+17     24.    -53.    -23.           0.6698
   87    4    3    244.     33.    -57. 0.76318E+17     24.    -52.    -24.           0.6248
   87    4    4    241.     32.    -59. 0.76270E+17     25.    -51.    -25.           0.5731
   87    4    5    238.     31.    -60. 0.75703E+17     25.    -49.    -26.           0.5165
   87    4    6    235.     30.    -62. 0.74629E+17     26.    -48.    -26.           0.4569
   87    5   -6    267.     52.    -59. 0.47011E+17     50.    -49.     -2.           0.6732
   87    5   -5     41.     50.   -123. 0.49781E+17     45.    -52.     -3.           0.7078
   87    5   -4    264.     48.    -57. 0.52306E+17     41.    -54.     -5.           0.7330
   87    5   -3    262.     47.    -56. 0.54548E+17     39.    -55.     -6.           0.7480
   87    5   -2    260.     45.    -56. 0.56472E+17     36.    -56.     -8.           0.7522
   87    5   -1    258.     43.    -55. 0.58054E+17     35.    -56.     -9.           0.7453
   87    5    0    256.     41.    -55. 0.59271E+17     34.    -56.    -10.           0.7277
   87    5    1    253.     40.    -56. 0.60110E+17     33.    -56.    -11.           0.6999
   87    5    2    251.     38.    -56. 0.60556E+17     33.    -55.    -12.           0.6628
   87    5    3    248.     36.    -57. 0.60608E+17     33.    -54.    -14.           0.6176
   87    5    4    246.     35.    -58. 0.60266E+17     32.    -53.    -15.           0.5660
   87    5    5    243.     34.    -60. 0.59535E+17     32.    -52.    -16.           0.5095
   87    5    6    240.     32.    -62. 0.58424E+17     33.    -50.    -17.           0.4501
   87    6   -6    268.     52.    -57. 0.42220E+17     51.    -27.     22.           0.6669
   87    6   -5    266.     51.    -56. 0.44158E+17     48.    -31.     21.           0.7007
   87    6   -4    265.     49.    -55. 0.45857E+17     46.    -34.     19.           0.7251
   87    6   -3    264.     48.    -55. 0.47290E+17     44.    -37.     18.           0.7394
   87    6   -2    262.     46.    -54. 0.48439E+17     43.    -40.     17.           0.7431
   87    6   -1    260.     45.    -54. 0.49285E+17     43.    -42.     15.           0.7358
   87    6    0    258.     43.    -54. 0.49819E+17     43.    -44.     13.           0.7180
   87    6    1    256.     42.    -54. 0.50034E+17     43.    -46.     11.           0.6900
   87    6    2    254.     40.    -55. 0.49928E+17     43.    -48.      9.           0.6530
   87    6    3    252.     39.    -56. 0.49502E+17     44.    -50.      6.           0.6081
   87    6    4    249.     37.    -57. 0.48765E+17     45.    -51.      4.           0.5568
   87    6    5    246.     36.    -58. 0.47727E+17     46.    -52.      2.           0.5008
   87    6    6    243.     34.    -60. 0.46404E+17     47.    -53.     -0.           0.4420
   88    3   -6    261.     63.    -83. 0.53927E+17     81.      2.    -17.           0.6813
   88    3   -5    267.     60.    -75. 0.57575E+17     67.    -12.    -21.           0.6999
   88    3   -4    270.     57.    -69. 0.63102E+17     52.    -25.    -23.           0.7135
   88    3   -3    271.     54.    -64. 0.69943E+17     39.    -36.    -25.           0.7215
   88    3   -2     47.     49.   -121. 0.77567E+17     31.    -43.    -26.           0.7236
   88    3   -1    266.     45.    -56. 0.85555E+17     26.    -47.    -27.           0.7197
   88    3    0    261.     40.    -54. 0.93578E+17     24.    -49.    -27.           0.7098
   88    3    1    256.     36.    -53. 0.10137E+18     24.    -48.    -28.           0.6942
   88    3    2    251.     32.    -54. 0.10874E+18     25.    -47.    -28.           0.6732
   88    3    3    247.     29.    -55. 0.11551E+18     27.    -45.    -28.           0.6474
   88    3    4    244.     27.    -56. 0.12153E+18     29.    -43.    -28.           0.6175
   88    3    5    241.     25.    -58. 0.12671E+18     31.    -40.    -29.           0.5843
   88    3    6    238.     23.    -60. 0.13095E+18     33.    -38.    -29.           0.5489
   88    4   -6    271.     60.    -71. 0.47761E+17     91.      3.     -5.           0.6856
   88    4   -5    273.     57.    -66. 0.52356E+17     75.    -15.    -10.           0.7076
   88    4   -4    273.     55.    -62. 0.57946E+17     59.    -28.    -14.           0.7240
   88    4   -3    272.     51.    -59. 0.64144E+17     47.    -37.    -16.           0.7341
   88    4   -2    269.     48.    -57. 0.70641E+17     40.    -42.    -18.           0.7377
   88    4   -1    266.     45.    -56. 0.77188E+17     35.    -45.    -20.           0.7345
   88    4    0    263.     41.    -55. 0.83589E+17     33.    -46.    -21.           0.7246
   88    4    1    259.     38.    -55. 0.89680E+17     32.    -47.    -22.           0.7082
   88    4    2    256.     35.    -55. 0.95343E+17     31.    -46.    -23.           0.6858
   88    4    3    252.     33.    -56. 0.10046E+18     32.    -45.    -23.           0.6580
   88    4    4    249.     31.    -57. 0.10495E+18     32.    -43.    -24.           0.6256
   88    4    5    245.     29.    -59. 0.10874E+18     33.    -42.    -25.           0.5896
   88    4    6    242.     27.    -60. 0.11176E+18     34.    -40.    -25.           0.5511
   88    5   -6    272.     57.    -67. 0.46218E+17     83.      8.      9.           0.6875
   88    5   -5    272.     55.    -64. 0.50056E+17     87.     -8.      5.           0.7101
   88    5   -4    272.     52.    -61. 0.54391E+17     77.    -22.      0.           0.7263
   88    5   -3    271.     50.    -59. 0.59006E+17     65.    -31.     -3.           0.7357
   88    5   -2    269.     47.    -58. 0.63718E+17     57.    -37.     -6.           0.7378
   88    5   -1    266.     45.    -57. 0.68376E+17     51.    -41.     -8.           0.7326
   88    5    0    264.     42.    -56. 0.72854E+17     47.    -43.    -10.           0.7201
   88    5    1    261.     40.    -56. 0.77049E+17     44.    -44.    -12.           0.7007
   88    5    2    258.     37.    -56. 0.80872E+17     42.    -44.    -13.           0.6750
   88    5    3    255.     35.    -57. 0.84253E+17     41.    -44.    -15.           0.6437
   88    5    4    252.     33.    -58. 0.87134E+17     41.    -43.    -16.           0.6078
   88    5    5    248.     31.    -59. 0.89461E+17     41.    -42.    -17.           0.5683
   88    5    6    245.     30.    -61. 0.91200E+17     41.    -41.    -18.           0.5264
   88    6   -6    274.     56.    -63. 0.45574E+17     58.     17.     24.           0.6823
   88    6   -5    274.     54.    -60. 0.48301E+17     72.      6.     22.           0.7029
   88    6   -4    273.     52.    -59. 0.51207E+17     75.     -5.     20.           0.7167
   88    6   -3     47.     50.   -123. 0.54183E+17     68.    -14.     18.           0.7232
   88    6   -2    270.     48.    -56. 0.57131E+17     63.    -21.     15.           0.7222
   88    6   -1    268.     46.    -56. 0.59968E+17     60.    -27.     13.           0.7135
   88    6    0    265.     44.    -55. 0.62619E+17     58.    -32.     11.           0.6975
   88    6    1    263.     42.    -55. 0.65024E+17     56.    -36.      8.           0.6746
   88    6    2    260.     40.    -55. 0.67129E+17     56.    -39.      5.           0.6454
   88    6    3    257.     38.    -56. 0.68889E+17     56.    -42.      2.           0.6109
   88    6    4    254.     36.    -57. 0.70271E+17     56.    -43.      0.           0.5721
   88    6    5    251.     34.    -58. 0.71247E+17     55.    -43.     -2.           0.5301
   88    6    6    248.     32.    -59. 0.71798E+17     55.    -42.     -4.           0.4864
   89    3   -6    227.     23.    -51. 0.81191E+17     18.    -56.    -25.           0.4530
   89    3   -5    231.     25.    -50. 0.84505E+17     18.    -56.    -26.           0.5085
   89    3   -4    234.     27.    -50. 0.87231E+17     18.    -56.    -26.           0.5598
   89    3   -3    237.     29.    -51. 0.89347E+17     18.    -55.    -26.           0.6051
   89    3   -2    239.     31.    -51. 0.90836E+17     19.    -54.    -27.           0.6430
   89    3   -1    241.     32.    -52. 0.91693E+17     19.    -53.    -27.           0.6723
   89    3    0    243.     34.    -53. 0.91922E+17     20.    -52.    -28.           0.6918
   89    3    1    245.     35.    -55. 0.91529E+17     21.    -51.    -28.           0.7011
   89    3    2    246.     36.    -56. 0.90531E+17     22.    -49.    -29.           0.6998
   89    3    3    246.     37.    -58. 0.88949E+17     23.    -47.    -29.           0.6880
   89    3    4    247.     38.    -60. 0.86814E+17     25.    -45.    -30.           0.6662
   89    3    5    247.     39.    -62. 0.84163E+17     26.    -43.    -31.           0.6351
   89    3    6    247.     40.    -64. 0.81047E+17     28.    -41.    -31.           0.5958
   89    4   -6    243.     31.    -48. 0.60371E+17     23.    -59.    -18.           0.4305
   89    4   -5    245.     32.    -48. 0.63126E+17     24.    -57.    -18.           0.4881
   89    4   -4    246.     34.    -49. 0.65434E+17     26.    -55.    -19.           0.5422
   89    4   -3    247.     35.    -50. 0.67273E+17     28.    -53.    -19.           0.5910
   89    4   -2    248.     35.    -51. 0.68631E+17     30.    -51.    -19.           0.6329
   89    4   -1    249.     36.    -53. 0.69494E+17     31.    -49.    -19.           0.6665
   89    4    0    249.     36.    -54. 0.69863E+17     33.    -47.    -19.           0.6906
   89    4    1    249.     37.    -55. 0.69738E+17     35.    -45.    -20.           0.7045
   89    4    2    249.     37.    -57. 0.69129E+17     37.    -43.    -20.           0.7078
   89    4    3    249.     38.    -58. 0.68047E+17     39.    -41.    -20.           0.7003
   89    4    4    249.     38.    -60. 0.66514E+17     41.    -39.    -20.           0.6823
   89    4    5    248.     38.    -62. 0.64558E+17     43.    -37.    -21.           0.6545
   89    4    6    247.     39.    -64. 0.62207E+17     44.    -34.    -21.           0.6179
   89    5   -6    250.     36.    -48. 0.49193E+17     32.    -58.    -10.           0.4146
   89    5   -5    251.     37.    -49. 0.51614E+17     35.    -55.     -9.           0.4733
   89    5   -4    251.     37.    -50. 0.53670E+17     38.    -53.     -9.           0.5290
   89    5   -3    252.     37.    -51. 0.55342E+17     41.    -50.     -9.           0.5798
   89    5   -2    252.     38.    -52. 0.56611E+17     44.    -47.     -9.           0.6241
   89    5   -1    252.     38.    -53. 0.57468E+17     47.    -45.     -8.           0.6604
   89    5    0    252.     38.    -54. 0.57906E+17     50.    -42.     -8.           0.6875
   89    5    1    252.     38.    -55. 0.57925E+17     52.    -39.     -8.           0.7045
   89    5    2    251.     38.    -57. 0.57525E+17     55.    -37.     -8.           0.7108
   89    5    3    251.     39.    -58. 0.56717E+17     58.    -34.     -8.           0.7062
   89    5    4    250.     39.    -60. 0.55515E+17     61.    -32.     -8.           0.6910
   89    5    5    249.     39.    -62. 0.53934E+17     63.    -29.     -8.           0.6655
   89    5    6    248.     39.    -64. 0.52000E+17     66.    -26.     -8.           0.6308
   89    6   -6    255.     39.    -48. 0.40995E+17     44.    -50.      6.           0.4015
   89    6   -5    255.     39.    -49. 0.43300E+17     48.    -45.      7.           0.4604
   89    6   -4    255.     40.    -50. 0.45304E+17     51.    -41.      8.           0.5167
   89    6   -3    255.     40.    -51. 0.46987E+17     54.    -37.      9.           0.5685
   89    6   -2    255.     40.    -52. 0.48330E+17     57.    -33.     10.           0.6142
   89    6   -1    254.     40.    -53. 0.49320E+17     60.    -30.     11.           0.6521
   89    6    0    254.     40.    -54. 0.49948E+17     62.    -27.     11.           0.6810
   89    6    1    254.     40.    -55. 0.50208E+17     65.    -24.     11.           0.7000
   89    6    2    253.     40.    -56. 0.50100E+17     68.    -21.     12.           0.7084
   89    6    3    252.     40.    -57. 0.49626E+17     70.    -18.     12.           0.7059
   89    6    4    252.     40.    -59. 0.48795E+17     73.    -15.     12.           0.6926
   89    6    5    251.     40.    -61. 0.47617E+17     76.    -12.     13.           0.6690
   89    6    6    250.     40.    -63. 0.46109E+17     79.     -9.     13.           0.6360
   90    3   -6    349.     88.    -97. 0.96984E+17     43.    -47.    -10.           0.6434
   90    3   -5    352.     85.   -100. 0.98770E+17     35.    -50.    -15.           0.6973
   90    3   -4    356.     82.   -102. 0.10100E+18     30.    -52.    -19.           0.7468
   90    3   -3    234.     19.    -38. 0.10364E+18     26.    -52.    -22.           0.7905
   90    3   -2    236.     23.    -42. 0.10666E+18     23.    -51.    -25.           0.8271
   90    3   -1    238.     27.    -46. 0.11002E+18     23.    -49.    -28.           0.8554
   90    3    0    239.     30.    -51. 0.11362E+18     23.    -47.    -31.           0.8747
   90    3    1    239.     32.    -56. 0.11743E+18     23.    -44.    -33.           0.8845
   90    3    2    238.     34.    -61. 0.12133E+18     24.    -41.    -35.           0.8845
   90    3    3    236.     35.    -66. 0.12526E+18     24.    -39.    -37.           0.8748
   90    3    4    233.     36.    -72. 0.12911E+18     24.    -38.    -38.           0.8559
   90    3    5     34.     54.    -99. 0.13281E+18     24.    -37.    -39.           0.8283
   90    3    6     37.     52.    -96. 0.13627E+18     23.    -38.    -40.           0.7930
   90    4   -6    161.     87.     95. 0.83425E+17     46.    -49.      4.           0.6227
   90    4   -5    165.     90.     98. 0.82633E+17     41.    -59.     -0.           0.6757
   90    4   -4    349.     88.   -102. 0.82033E+17     34.    -62.     -4.           0.7252
   90    4   -3    355.     84.   -106. 0.81699E+17     29.    -63.     -8.           0.7698
   90    4   -2    245.     23.    -28. 0.81701E+17     27.    -61.    -12.           0.8081
   90    4   -1    247.     27.    -34. 0.82092E+17     27.    -57.    -16.           0.8391
   90    4    0    247.     31.    -40. 0.82914E+17     30.    -52.    -19.           0.8618
   90    4    1    246.     33.    -46. 0.84182E+17     32.    -46.    -22.           0.8756
   90    4    2    244.     34.    -53. 0.85887E+17     34.    -41.    -24.           0.8803
   90    4    3    241.     35.    -60. 0.88001E+17     36.    -37.    -26.           0.8757
   90    4    4    237.     35.    -67. 0.90465E+17     37.    -35.    -28.           0.8621
   90    4    5    232.     36.    -74. 0.93212E+17     36.    -34.    -30.           0.8400
   90    4    6     36.     54.    -97. 0.96160E+17     34.    -35.    -31.           0.8103
   90    5   -6    159.     87.     95. 0.73516E+17     34.    -58.      8.           0.6127
   90    5   -5    163.     89.     99. 0.73004E+17     29.    -66.      5.           0.6687
   90    5   -4    349.     88.   -105. 0.72392E+17     25.    -73.      2.           0.7212
   90    5   -3    357.     83.   -111. 0.71730E+17     24.    -76.     -0.           0.7686
   90    5   -2    251.     28.    -25. 0.71075E+17     26.    -72.     -3.           0.8094
   90    5   -1    252.     33.    -31. 0.70485E+17     30.    -65.     -5.           0.8425
   90    5    0    252.     35.    -37. 0.70020E+17     35.    -58.     -8.           0.8668
   90    5    1    250.     36.    -43. 0.69735E+17     40.    -50.    -10.           0.8817
   90    5    2    248.     37.    -49. 0.69679E+17     44.    -43.    -12.           0.8867
   90    5    3    244.     37.    -55. 0.69886E+17     48.    -38.    -14.           0.8818
   90    5    4    240.     36.    -62. 0.70380E+17     50.    -34.    -16.           0.8672
   90    5    5     30.     56.   -104. 0.71161E+17     50.    -32.    -18.           0.8434
   90    5    6     34.     54.    -99. 0.72215E+17     49.    -32.    -19.           0.8112
   90    6   -6    158.     85.     96. 0.63156E+17     22.    -60.     18.           0.6025
   90    6   -5    165.     87.    103. 0.62853E+17     18.    -65.     17.           0.6600
   90    6   -4    354.     88.   -112. 0.62378E+17     16.    -67.     16.           0.7140
   90    6   -3    259.     31.    -16. 0.61765E+17     19.    -66.     15.           0.7628
   90    6   -2    259.     36.    -23. 0.61054E+17     25.    -61.     14.           0.8050
   90    6   -1    259.     38.    -29. 0.60292E+17     32.    -55.     13.           0.8393
   90    6    0    257.     39.    -34. 0.59528E+17     40.    -48.     12.           0.8647
   90    6    1    255.     39.    -39. 0.58812E+17     48.    -41.     10.           0.8804
   90    6    2    252.     39.    -45. 0.58196E+17     56.    -35.      9.           0.8859
   90    6    3    248.     38.    -51. 0.57726E+17     64.    -29.      7.           0.8811
   90    6    4    243.     38.    -58. 0.57441E+17     69.    -25.      5.           0.8662
   90    6    5     28.     57.   -107. 0.57372E+17     73.    -23.      3.           0.8418
   90    6    6     32.     55.   -101. 0.57531E+17     74.    -24.      2.           0.8086
   91    3   -6    245.     42.    -73. 0.81289E+17     21.    -45.    -34.           0.6567
   91    3   -5    244.     40.    -71. 0.85643E+17     20.    -46.    -34.           0.6937
   91    3   -4    242.     38.    -70. 0.89664E+17     19.    -47.    -34.           0.7220
   91    3   -3    241.     37.    -69. 0.93284E+17     19.    -47.    -34.           0.7407
   91    3   -2    239.     35.    -68. 0.96453E+17     19.    -48.    -34.           0.7491
   91    3   -1    237.     34.    -68. 0.99107E+17     18.    -48.    -34.           0.7469
   91    3    0    235.     33.    -68. 0.10121E+18     19.    -48.    -34.           0.7343
   91    3    1    233.     31.    -68. 0.10271E+18     19.    -48.    -33.           0.7116
   91    3    2    231.     30.    -69. 0.10358E+18     19.    -48.    -33.           0.6795
   91    3    3    229.     29.    -70. 0.10380E+18     19.    -47.    -33.           0.6392
   91    3    4    227.     28.    -70. 0.10335E+18     19.    -47.    -33.           0.5919
   91    3    5    225.     27.    -71. 0.10223E+18     20.    -47.    -34.           0.5391
   91    3    6    222.     26.    -73. 0.10042E+18     20.    -47.    -34.           0.4826
   91    4   -6    246.     42.    -71. 0.55223E+17     34.    -44.    -22.           0.6522
   91    4   -5    246.     40.    -69. 0.58834E+17     32.    -46.    -22.           0.6920
   91    4   -4    245.     39.    -67. 0.62249E+17     30.    -47.    -22.           0.7238
   91    4   -3    244.     38.    -66. 0.65408E+17     29.    -48.    -23.           0.7465
   91    4   -2    242.     36.    -66. 0.68250E+17     28.    -49.    -23.           0.7594
   91    4   -1    241.     35.    -65. 0.70729E+17     27.    -50.    -23.           0.7619
   91    4    0    239.     33.    -65. 0.72808E+17     27.    -50.    -23.           0.7541
   91    4    1    237.     32.    -65. 0.74444E+17     26.    -50.    -24.           0.7360
   91    4    2    235.     31.    -65. 0.75619E+17     26.    -50.    -24.           0.7083
   91    4    3    233.     30.    -66. 0.76305E+17     26.    -50.    -24.           0.6719
   91    4    4    231.     29.    -67. 0.76485E+17     26.    -50.    -25.           0.6280
   91    4    5    229.     28.    -68. 0.76151E+17     25.    -49.    -25.           0.5779
   91    4    6    227.     27.    -69. 0.75300E+17     25.    -49.    -26.           0.5232
   91    5   -6    248.     42.    -69. 0.42482E+17     54.    -43.     -3.           0.6461
   91    5   -5    248.     41.    -67. 0.45402E+17     50.    -46.     -4.           0.6872
   91    5   -4    247.     40.    -65. 0.48191E+17     47.    -48.     -5.           0.7206
   91    5   -3    246.     38.    -64. 0.50790E+17     44.    -50.     -6.           0.7454
   91    5   -2    245.     37.    -63. 0.53152E+17     42.    -51.     -7.           0.7606
   91    5   -1    244.     36.    -63. 0.55233E+17     40.    -52.     -8.           0.7657
   91    5    0    242.     34.    -62. 0.57004E+17     39.    -52.     -9.           0.7605
   91    5    1    241.     33.    -62. 0.58432E+17     37.    -53.    -10.           0.7452
   91    5    2    239.     32.    -63. 0.59497E+17     36.    -53.    -11.           0.7201
   91    5    3    237.     31.    -63. 0.60179E+17     35.    -53.    -12.           0.6862
   91    5    4    235.     30.    -64. 0.60468E+17     34.    -53.    -13.           0.6444
   91    5    5    233.     29.    -65. 0.60354E+17     33.    -52.    -14.           0.5962
   91    5    6    231.     28.    -66. 0.59837E+17     33.    -52.    -15.           0.5430
   91    6   -6    249.     43.    -67. 0.37673E+17     54.    -20.     26.           0.6386
   91    6   -5    249.     42.    -65. 0.39835E+17     51.    -24.     25.           0.6802
   91    6   -4    249.     40.    -63. 0.41862E+17     49.    -28.     23.           0.7144
   91    6   -3    249.     39.    -62. 0.43712E+17     47.    -31.     22.           0.7403
   91    6   -2    248.     38.    -61. 0.45351E+17     46.    -34.     20.           0.7569
   91    6   -1    247.     37.    -60. 0.46753E+17     45.    -36.     19.           0.7635
   91    6    0    246.     36.    -60. 0.47892E+17     44.    -39.     17.           0.7600
   91    6    1    244.     35.    -60. 0.48752E+17     43.    -41.     15.           0.7464
   91    6    2    243.     33.    -60. 0.49317E+17     43.    -44.     13.           0.7232
   91    6    3    241.     32.    -60. 0.49579E+17     43.    -46.     11.           0.6910
   91    6    4    239.     31.    -61. 0.49532E+17     43.    -49.      8.           0.6509
   91    6    5    237.     30.    -62. 0.49175E+17     44.    -51.      6.           0.6041
   91    6    6    235.     29.    -63. 0.48512E+17     44.    -53.      3.           0.5521
   92    3   -6    261.     55.    -84. 0.57440E+17     56.    -18.    -26.           0.7280
   92    3   -5    267.     52.    -74. 0.62515E+17     46.    -27.    -28.           0.7409
   92    3   -4    269.     49.    -67. 0.69348E+17     36.    -36.    -29.           0.7489
   92    3   -3    268.     45.    -61. 0.77282E+17     28.    -43.    -29.           0.7516
   92    3   -2    265.     41.    -57. 0.85785E+17     24.    -47.    -29.           0.7490
   92    3   -1    259.     36.    -54. 0.94424E+17     22.    -49.    -29.           0.7411
   92    3    0    254.     31.    -53. 0.10290E+18     23.    -48.    -28.           0.7278
   92    3    1    249.     27.    -54. 0.11097E+18     25.    -46.    -28.           0.7097
   92    3    2    245.     25.    -55. 0.11843E+18     27.    -44.    -28.           0.6870
   92    3    3    241.     22.    -56. 0.12512E+18     30.    -42.    -28.           0.6604
   92    3    4    239.     21.    -57. 0.13092E+18     32.    -40.    -28.           0.6305
   92    3    5    236.     19.    -59. 0.13572E+18     35.    -37.    -28.           0.5981
   92    3    6    234.     18.    -60. 0.13946E+18     37.    -35.    -28.           0.5642
   92    4   -6    268.     54.    -74. 0.46660E+17     77.    -12.    -11.           0.7294
   92    4   -5    271.     52.    -67. 0.52513E+17     58.    -27.    -15.           0.7456
   92    4   -4     51.     48.   -119. 0.59473E+17     45.    -37.    -17.           0.7568
   92    4   -3    269.     46.    -58. 0.67034E+17     36.    -44.    -19.           0.7627
   92    4   -2    266.     42.    -55. 0.74812E+17     31.    -48.    -21.           0.7630
   92    4   -1    262.     38.    -54. 0.82538E+17     29.    -49.    -22.           0.7577
   92    4    0    257.     35.    -53. 0.90001E+17     28.    -49.    -23.           0.7468
   92    4    1    253.     31.    -53. 0.97031E+17     28.    -48.    -24.           0.7306
   92    4    2    249.     29.    -54. 0.10349E+18     29.    -47.    -24.           0.7095
   92    4    3    246.     27.    -55. 0.10928E+18     30.    -45.    -25.           0.6840
   92    4    4    243.     25.    -56. 0.11431E+18     32.    -43.    -25.           0.6548
   92    4    5    240.     24.    -58. 0.11849E+18     33.    -41.    -26.           0.6228
   92    4    6    237.     22.    -59. 0.12177E+18     34.    -39.    -26.           0.5886
   92    5   -6    268.     52.    -72. 0.44028E+17     86.     -4.     10.           0.7326
   92    5   -5    270.     50.    -66. 0.48399E+17     75.    -21.      4.           0.7484
   92    5   -4    270.     48.    -61. 0.53555E+17     64.    -34.     -2.           0.7587
   92    5   -3    268.     45.    -58. 0.59162E+17     52.    -42.     -6.           0.7632
   92    5   -2    266.     43.    -56. 0.64954E+17     45.    -46.     -9.           0.7616
   92    5   -1    263.     40.    -55. 0.70719E+17     40.    -49.    -11.           0.7539
   92    5    0    260.     37.    -54. 0.76292E+17     37.    -50.    -13.           0.7404
   92    5    1    256.     34.    -54. 0.81543E+17     36.    -49.    -15.           0.7214
   92    5    2    253.     32.    -54. 0.86365E+17     36.    -48.    -16.           0.6973
   92    5    3    249.     30.    -54. 0.90666E+17     36.    -47.    -17.           0.6688
   92    5    4    246.     28.    -55. 0.94377E+17     37.    -45.    -18.           0.6367
   92    5    5    243.     26.    -57. 0.97437E+17     37.    -43.    -19.           0.6020
   92    5    6    240.     25.    -58. 0.99803E+17     39.    -41.    -20.           0.5655
   92    6   -6    269.     52.    -69. 0.43994E+17     62.     10.     29.           0.7285
   92    6   -5    270.     50.    -63. 0.46644E+17     71.     -4.     25.           0.7418
   92    6   -4    270.     48.    -59. 0.49786E+17     62.    -16.     22.           0.7492
   92    6   -3    269.     46.    -57. 0.53245E+17     56.    -25.     19.           0.7504
   92    6   -2    267.     44.    -55. 0.56862E+17     52.    -33.     15.           0.7455
   92    6   -1    265.     42.    -53. 0.60496E+17     50.    -39.     11.           0.7344
   92    6    0    262.     39.    -53. 0.64034E+17     49.    -44.      7.           0.7174
   92    6    1    259.     37.    -52. 0.67373E+17     49.    -47.      3.           0.6950
   92    6    2    256.     35.    -52. 0.70431E+17     50.    -50.      0.           0.6678
   92    6    3    253.     33.    -52. 0.73141E+17     49.    -48.     -3.           0.6366
   92    6    4    249.     31.    -53. 0.75445E+17     48.    -47.     -5.           0.6022
   92    6    5    246.     29.    -54. 0.77299E+17     49.    -44.     -7.           0.5657
   92    6    6    243.     27.    -55. 0.78667E+17     49.    -42.     -9.           0.5280
   93    3   -6     79.     41.    -85. 0.62686E+17     41.    -24.    -35.           0.5852
   93    3   -5     75.     42.    -91. 0.64768E+17     40.    -24.    -35.           0.6292
   93    3   -4     71.     43.    -97. 0.66851E+17     39.    -25.    -35.           0.6668
   93    3   -3     67.     44.   -101. 0.68878E+17     38.    -27.    -35.           0.6968
   93    3   -2     64.     46.   -105. 0.70794E+17     35.    -30.    -35.           0.7182
   93    3   -1    267.     46.    -71. 0.72554E+17     32.    -34.    -34.           0.7304
   93    3    0    268.     45.    -68. 0.74112E+17     29.    -37.    -34.           0.7328
   93    3    1    268.     45.    -64. 0.75415E+17     26.    -41.    -33.           0.7255
   93    3    2    268.     43.    -62. 0.76415E+17     23.    -44.    -32.           0.7085
   93    3    3    267.     42.    -59. 0.77089E+17     20.    -48.    -32.           0.6825
   93    3    4    264.     40.    -57. 0.77389E+17     18.    -51.    -31.           0.6482
   93    3    5    260.     37.    -55. 0.77296E+17     16.    -53.    -30.           0.6068
   93    3    6    255.     34.    -53. 0.76791E+17     15.    -55.    -30.           0.5596
   93    4   -6     77.     48.    -91. 0.45692E+17     68.     -8.    -24.           0.5902
   93    4   -5     73.     49.    -96. 0.47695E+17     66.    -10.    -24.           0.6352
   93    4   -4    265.     42.    -77. 0.49689E+17     63.    -13.    -24.           0.6736
   93    4   -3    268.     42.    -73. 0.51622E+17     59.    -17.    -24.           0.7042
   93    4   -2    270.     43.    -69. 0.53445E+17     55.    -22.    -23.           0.7257
   93    4   -1    271.     43.    -65. 0.55113E+17     50.    -26.    -23.           0.7377
   93    4    0    272.     43.    -63. 0.56582E+17     46.    -31.    -23.           0.7395
   93    4    1    272.     43.    -60. 0.57816E+17     41.    -36.    -23.           0.7311
   93    4    2    272.     43.    -58. 0.58775E+17     37.    -41.    -23.           0.7128
   93    4    3    272.     42.    -56. 0.59439E+17     33.    -45.    -22.           0.6851
   93    4    4    271.     42.    -54. 0.59782E+17     29.    -49.    -22.           0.6489
   93    4    5    269.     40.    -53. 0.59785E+17     25.    -53.    -22.           0.6053
   93    4    6    266.     39.    -51. 0.59426E+17     22.    -57.    -22.           0.5558
   93    5   -6    265.     38.    -82. 0.38290E+17     77.     19.     -4.           0.6036
   93    5   -5    268.     39.    -75. 0.39878E+17     81.     14.     -4.           0.6472
   93    5   -4    271.     40.    -70. 0.41415E+17     87.      8.     -5.           0.6837
   93    5   -3    273.     41.    -66. 0.42863E+17     94.      1.     -5.           0.7120
   93    5   -2    274.     41.    -63. 0.44186E+17     87.     -7.     -6.           0.7310
   93    5   -1    275.     42.    -60. 0.45355E+17     79.    -14.     -6.           0.7402
   93    5    0    276.     43.    -58. 0.46340E+17     72.    -22.     -7.           0.7391
   93    5    1    276.     43.    -56. 0.47118E+17     64.    -28.     -7.           0.7278
   93    5    2    276.     43.    -55. 0.47666E+17     57.    -35.     -8.           0.7066
   93    5    3    275.     43.    -54. 0.47968E+17     51.    -41.     -9.           0.6762
   93    5    4    275.     43.    -53. 0.48010E+17     44.    -47.     -9.           0.6374
   93    5    5    274.     43.    -51. 0.47784E+17     38.    -52.    -10.           0.5917
   93    5    6    272.     42.    -50. 0.47284E+17     32.    -57.    -10.           0.5403
   93    6   -6    273.     37.    -70. 0.36555E+17     42.     40.     19.           0.6116
   93    6   -5    277.     39.    -64. 0.37708E+17     47.     34.     19.           0.6521
   93    6   -4    279.     40.    -60. 0.38731E+17     54.     28.     19.           0.6854
   93    6   -3    280.     42.    -57. 0.39603E+17     61.     21.     18.           0.7103
   93    6   -2    280.     42.    -55. 0.40306E+17     68.     14.     18.           0.7260
   93    6   -1    281.     43.    -54. 0.40825E+17     76.      6.     18.           0.7318
   93    6    0    280.     44.    -52. 0.41147E+17     81.     -1.     17.           0.7276
   93    6    1    280.     44.    -52. 0.41265E+17     74.     -9.     17.           0.7134
   93    6    2    280.     45.    -51. 0.41171E+17     67.    -17.     16.           0.6896
   93    6    3    279.     45.    -50. 0.40864E+17     60.    -24.     16.           0.6571
   93    6    4    278.     45.    -50. 0.40342E+17     54.    -31.     15.           0.6168
   93    6    5    277.     45.    -49. 0.39610E+17     47.    -38.     14.           0.5701
   93    6    6    276.     45.    -49. 0.38675E+17     41.    -46.     13.           0.5183
   94    3   -6    259.     51.    -72. 0.73107E+17     27.    -42.    -31.           0.6317
   94    3   -5    259.     49.    -69. 0.77294E+17     23.    -45.    -31.           0.6550
   94    3   -4     45.     47.   -114. 0.81311E+17     21.    -48.    -31.           0.6706
   94    3   -3    257.     46.    -64. 0.85074E+17     19.    -50.    -32.           0.6780
   94    3   -2    254.     43.    -62. 0.88495E+17     17.    -51.    -32.           0.6768
   94    3   -1    251.     41.    -60. 0.91508E+17     16.    -52.    -32.           0.6672
   94    3    0    248.     38.    -60. 0.94042E+17     16.    -52.    -32.           0.6493
   94    3    1    244.     35.    -59. 0.96054E+17     16.    -52.    -32.           0.6237
   94    3    2    240.     33.    -59. 0.97486E+17     16.    -52.    -32.           0.5912
   94    3    3    236.     31.    -60. 0.98313E+17     17.    -51.    -32.           0.5529
   94    3    4    233.     29.    -61. 0.98497E+17     18.    -49.    -32.           0.5099
   94    3    5    230.     27.    -62. 0.98027E+17     20.    -48.    -33.           0.4636
   94    3    6    227.     25.    -63. 0.96886E+17     21.    -46.    -33.           0.4154
   94    4   -6    260.     51.    -68. 0.57103E+17     37.    -44.    -19.           0.6357
   94    4   -5    260.     49.    -66. 0.60864E+17     33.    -47.    -20.           0.6601
   94    4   -4    259.     47.    -64. 0.64469E+17     30.    -49.    -21.           0.6770
   94    4   -3    258.     46.    -62. 0.67837E+17     27.    -51.    -22.           0.6856
   94    4   -2    256.     44.    -61. 0.70908E+17     25.    -52.    -23.           0.6857
   94    4   -1    253.     42.    -60. 0.73625E+17     24.    -53.    -23.           0.6773
   94    4    0    251.     39.    -59. 0.75935E+17     23.    -53.    -24.           0.6605
   94    4    1    248.     37.    -59. 0.77804E+17     22.    -53.    -25.           0.6359
   94    4    2    245.     35.    -59. 0.79195E+17     22.    -53.    -25.           0.6042
   94    4    3    242.     34.    -60. 0.80080E+17     22.    -52.    -26.           0.5665
   94    4    4    240.     32.    -60. 0.80441E+17     23.    -51.    -27.           0.5239
   94    4    5    237.     30.    -61. 0.80264E+17     23.    -50.    -27.           0.4778
   94    4    6    233.     29.    -63. 0.79544E+17     24.    -48.    -28.           0.4295
   94    5   -6    260.     50.    -67. 0.48178E+17     54.    -43.     -3.           0.6342
   94    5   -5    260.     49.    -65. 0.51029E+17     49.    -46.     -5.           0.6582
   94    5   -4    259.     47.    -63. 0.53737E+17     44.    -49.     -7.           0.6746
   94    5   -3    258.     46.    -62. 0.56247E+17     40.    -51.     -9.           0.6829
   94    5   -2    257.     44.    -61. 0.58513E+17     37.    -53.    -10.           0.6826
   94    5   -1    255.     42.    -60. 0.60490E+17     35.    -53.    -11.           0.6738
   94    5    0    253.     41.    -59. 0.62144E+17     33.    -54.    -13.           0.6568
   94    5    1    251.     39.    -59. 0.63447E+17     32.    -54.    -14.           0.6320
   94    5    2    249.     37.    -59. 0.64377E+17     31.    -54.    -15.           0.6003
   94    5    3    246.     35.    -60. 0.64914E+17     30.    -53.    -16.           0.5626
   94    5    4    243.     34.    -60. 0.65047E+17     30.    -52.    -18.           0.5201
   94    5    5    241.     32.    -61. 0.64767E+17     30.    -51.    -19.           0.4741
   94    5    6    238.     30.    -62. 0.64074E+17     30.    -50.    -20.           0.4261
   94    6   -6    261.     51.    -65. 0.43655E+17     55.    -23.     22.           0.6286
   94    6   -5    261.     49.    -63. 0.45513E+17     52.    -28.     20.           0.6515
   94    6   -4    260.     48.    -61. 0.47210E+17     49.    -32.     18.           0.6667
   94    6   -3    259.     46.    -60. 0.48713E+17     47.    -36.     16.           0.6738
   94    6   -2    258.     45.    -59. 0.49995E+17     46.    -40.     14.           0.6726
   94    6   -1    257.     43.    -59. 0.51031E+17     45.    -43.     12.           0.6630
   94    6    0    255.     42.    -58. 0.51803E+17     44.    -47.      9.           0.6453
   94    6    1    253.     40.    -58. 0.52295E+17     44.    -50.      6.           0.6200
   94    6    2    251.     39.    -58. 0.52497E+17     44.    -52.      4.           0.5880
   94    6    3    249.     37.    -58. 0.52403E+17     44.    -55.      1.           0.5501
   94    6    4    247.     35.    -59. 0.52011E+17     44.    -55.     -1.           0.5077
   94    6    5    244.     34.    -59. 0.51324E+17     42.    -54.     -3.           0.4620
   94    6    6    241.     32.    -60. 0.50347E+17     41.    -53.     -5.           0.4145
   95    3   -6    262.     54.    -84. 0.54268E+17     60.    -15.    -25.           0.7437
   95    3   -5    268.     52.    -74. 0.58172E+17     50.    -23.    -27.           0.7517
   95    3   -4    271.     49.    -67. 0.63512E+17     40.    -33.    -27.           0.7536
   95    3   -3    271.     46.    -61. 0.69800E+17     32.    -41.    -27.           0.7494
   95    3   -2    268.     42.    -56. 0.76600E+17     26.    -47.    -27.           0.7391
   95    3   -1    264.     37.    -53. 0.83563E+17     23.    -49.    -27.           0.7231
   95    3    0    258.     32.    -52. 0.90416E+17     23.    -50.    -27.           0.7016
   95    3    1    253.     28.    -52. 0.96932E+17     25.    -48.    -27.           0.6752
   95    3    2    248.     24.    -52. 0.10294E+18     27.    -46.    -27.           0.6447
   95    3    3    244.     22.    -54. 0.10830E+18     30.    -44.    -26.           0.6109
   95    3    4    241.     20.    -55. 0.11291E+18     32.    -41.    -26.           0.5748
   95    3    5    238.     18.    -57. 0.11665E+18     35.    -39.    -26.           0.5373
   95    3    6    235.     16.    -59. 0.11948E+18     38.    -36.    -26.           0.4994
   95    4   -6    268.     53.    -75. 0.44531E+17     84.     -6.    -10.           0.7436
   95    4   -5    271.     51.    -68. 0.48828E+17     66.    -20.    -13.           0.7539
   95    4   -4     55.     48.   -117. 0.53966E+17     53.    -31.    -16.           0.7577
   95    4   -3    272.     46.    -59. 0.59595E+17     43.    -39.    -18.           0.7549
   95    4   -2    270.     43.    -56. 0.65438E+17     36.    -45.    -19.           0.7454
   95    4   -1    267.     39.    -54. 0.71265E+17     32.    -48.    -20.           0.7294
   95    4    0    263.     36.    -53. 0.76896E+17     29.    -49.    -21.           0.7075
   95    4    1    259.     32.    -53. 0.82192E+17     29.    -49.    -22.           0.6803
   95    4    2    255.     29.    -53. 0.87042E+17     29.    -48.    -23.           0.6484
   95    4    3    251.     27.    -54. 0.91347E+17     29.    -47.    -24.           0.6128
   95    4    4    247.     25.    -56. 0.95027E+17     31.    -45.    -24.           0.5745
   95    4    5    243.     23.    -57. 0.98028E+17     32.    -43.    -25.           0.5347
   95    4    6    239.     21.    -60. 0.10029E+18     33.    -41.    -25.           0.4944
   95    5   -6    269.     51.    -72. 0.41578E+17     85.      5.     10.           0.7432
   95    5   -5    271.     49.    -67. 0.44621E+17     84.    -11.      6.           0.7526
   95    5   -4    272.     47.    -63. 0.48196E+17     75.    -25.      1.           0.7548
   95    5   -3    272.     45.    -60. 0.52095E+17     62.    -34.     -3.           0.7497
   95    5   -2    271.     43.    -57. 0.56141E+17     53.    -41.     -6.           0.7375
   95    5   -1    269.     40.    -56. 0.60177E+17     46.    -45.     -9.           0.7184
   95    5    0    266.     38.    -54. 0.64082E+17     41.    -48.    -11.           0.6929
   95    5    1    263.     35.    -54. 0.67750E+17     38.    -49.    -13.           0.6620
   95    5    2    259.     33.    -54. 0.71095E+17     36.    -49.    -14.           0.6263
   95    5    3    256.     30.    -54. 0.74045E+17     35.    -49.    -16.           0.5871
   95    5    4    252.     28.    -55. 0.76545E+17     35.    -48.    -17.           0.5453
   95    5    5    248.     26.    -57. 0.78545E+17     35.    -46.    -18.           0.5024
   95    5    6    244.     24.    -59. 0.80010E+17     36.    -44.    -19.           0.4595
   95    6   -6    271.     50.    -69. 0.41358E+17     56.     17.     28.           0.7364
   95    6   -5    273.     49.    -64. 0.43019E+17     69.      6.     25.           0.7427
   95    6   -4    274.     48.    -61. 0.44932E+17     72.     -6.     23.           0.7415
   95    6   -3    273.     46.    -58. 0.47008E+17     64.    -16.     20.           0.7327
   95    6   -2    272.     44.    -56. 0.49161E+17     59.    -25.     17.           0.7166
   95    6   -1    271.     42.    -55. 0.51308E+17     54.    -32.     14.           0.6935
   95    6    0    269.     40.    -53. 0.53377E+17     51.    -39.     10.           0.6642
   95    6    1    266.     38.    -53. 0.55305E+17     50.    -45.      6.           0.6295
   95    6    2    263.     35.    -52. 0.57034E+17     48.    -49.      2.           0.5905
   95    6    3    260.     33.    -52. 0.58521E+17     47.    -52.     -1.           0.5483
   95    6    4    256.     31.    -53. 0.59724E+17     45.    -51.     -4.           0.5042
   95    6    5    252.     28.    -54. 0.60614E+17     44.    -50.     -6.           0.4596
   95    6    6    247.     26.    -56. 0.61169E+17     44.    -48.     -8.           0.4156
   96    3   -6    350.     79.   -100. 0.87736E+17     17.    -62.    -21.           0.6332
   96    3   -5    357.     76.   -104. 0.90330E+17     16.    -61.    -23.           0.6835
   96    3   -4    232.     24.    -45. 0.92596E+17     16.    -59.    -25.           0.7276
   96    3   -3    237.     28.    -46. 0.94525E+17     18.    -56.    -26.           0.7639
   96    3   -2    240.     30.    -49. 0.96120E+17     20.    -52.    -28.           0.7914
   96    3   -1    241.     31.    -52. 0.97381E+17     22.    -49.    -29.           0.8091
   96    3    0    242.     32.    -56. 0.98325E+17     25.    -45.    -31.           0.8167
   96    3    1    241.     33.    -60. 0.98970E+17     27.    -42.    -32.           0.8138
   96    3    2    240.     33.    -64. 0.99327E+17     28.    -39.    -33.           0.8008
   96    3    3    238.     33.    -69. 0.99433E+17     30.    -36.    -34.           0.7781
   96    3    4    236.     33.    -74. 0.99310E+17     30.    -35.    -35.           0.7466
   96    3    5    233.     33.    -80. 0.98981E+17     31.    -34.    -36.           0.7075
   96    3    6    230.     34.    -86. 0.98485E+17     30.    -34.    -36.           0.6621
   96    4   -6    347.     81.   -102. 0.63408E+17     10.    -80.    -10.           0.6083
   96    4   -5    242.     27.    -34. 0.64440E+17     11.    -78.    -12.           0.6588
   96    4   -4    249.     34.    -37. 0.65286E+17     15.    -72.    -13.           0.7035
   96    4   -3    252.     37.    -41. 0.65953E+17     20.    -65.    -15.           0.7412
   96    4   -2    252.     37.    -44. 0.66459E+17     26.    -57.    -17.           0.7705
   96    4   -1    252.     37.    -48. 0.66825E+17     31.    -51.    -18.           0.7906
   96    4    0    250.     37.    -52. 0.67078E+17     36.    -44.    -20.           0.8010
   96    4    1    248.     37.    -57. 0.67247E+17     40.    -39.    -21.           0.8013
   96    4    2    246.     36.    -62. 0.67361E+17     43.    -34.    -23.           0.7917
   96    4    3    242.     35.    -68. 0.67451E+17     45.    -31.    -24.           0.7726
   96    4    4    239.     35.    -74. 0.67542E+17     46.    -29.    -25.           0.7447
   96    4    5    234.     34.    -81. 0.67661E+17     46.    -28.    -26.           0.7092
   96    4    6     47.     56.    -92. 0.67823E+17     44.    -29.    -27.           0.6673
   96    5   -6    267.     51.    -40. 0.53287E+17      7.    -92.     -2.           0.5995
   96    5   -5    263.     48.    -40. 0.53907E+17     15.    -83.     -2.           0.6514
   96    5   -4    261.     46.    -41. 0.54291E+17     23.    -74.     -3.           0.6975
   96    5   -3    260.     45.    -43. 0.54448E+17     30.    -66.     -4.           0.7365
   96    5   -2    258.     44.    -45. 0.54397E+17     38.    -58.     -5.           0.7669
   96    5   -1    256.     43.    -48. 0.54163E+17     45.    -50.     -6.           0.7880
   96    5    0    254.     41.    -52. 0.53774E+17     51.    -42.     -6.           0.7990
   96    5    1    252.     40.    -56. 0.53265E+17     57.    -35.     -7.           0.7997
   96    5    2    249.     39.    -60. 0.52675E+17     63.    -29.     -8.           0.7901
   96    5    3    245.     38.    -66. 0.52045E+17     66.    -24.     -9.           0.7707
   96    5    4    241.     37.    -72. 0.51416E+17     69.    -21.    -10.           0.7422
   96    5    5    236.     36.    -80. 0.50831E+17     69.    -20.    -11.           0.7056
   96    5    6     47.     54.    -92. 0.50327E+17     67.    -21.    -12.           0.6624
   96    6   -6    271.     56.    -41. 0.45114E+17     17.    -67.     15.           0.5893
   96    6   -5    268.     53.    -40. 0.45815E+17     24.    -60.     16.           0.6423
   96    6   -4    265.     50.    -41. 0.46291E+17     30.    -53.     17.           0.6895
   96    6   -3    263.     49.    -42. 0.46546E+17     37.    -45.     17.           0.7295
   96    6   -2    262.     47.    -44. 0.46588E+17     45.    -38.     17.           0.7609
   96    6   -1    260.     46.    -46. 0.46431E+17     52.    -31.     17.           0.7828
   96    6    0    257.     44.    -49. 0.46095E+17     59.    -24.     16.           0.7945
   96    6    1    255.     43.    -53. 0.45601E+17     66.    -18.     16.           0.7956
   96    6    2    252.     41.    -57. 0.44980E+17     73.    -12.     16.           0.7862
   96    6    3    248.     40.    -63. 0.44260E+17     78.     -6.     16.           0.7667
   96    6    4    243.     38.    -70. 0.43479E+17     82.     -3.     15.           0.7378
   96    6    5    237.     37.    -77. 0.42671E+17     84.     -2.     15.           0.7007
   96    6    6     46.     53.    -93. 0.41875E+17     83.     -3.     14.           0.6565
   97    3   -6    261.     46.    -50. 0.69349E+17      9.    -65.    -26.           0.5822
   97    3   -5    256.     42.    -50. 0.73845E+17     12.    -61.    -27.           0.6342
   97    3   -4    252.     39.    -52. 0.78042E+17     15.    -57.    -28.           0.6796
   97    3   -3    250.     37.    -54. 0.81890E+17     17.    -53.    -29.           0.7167
   97    3   -2    248.     36.    -56. 0.85348E+17     20.    -50.    -30.           0.7445
   97    3   -1    246.     35.    -58. 0.88382E+17     22.    -48.    -31.           0.7620
   97    3    0    244.     34.    -61. 0.90961E+17     23.    -45.    -31.           0.7686
   97    3    1    242.     33.    -64. 0.93067E+17     25.    -43.    -32.           0.7642
   97    3    2    240.     32.    -67. 0.94687E+17     26.    -42.    -33.           0.7489
   97    3    3    238.     32.    -70. 0.95812E+17     27.    -40.    -33.           0.7234
   97    3    4    236.     31.    -73. 0.96430E+17     27.    -39.    -34.           0.6885
   97    3    5    234.     31.    -77. 0.96550E+17     27.    -39.    -34.           0.6456
   97    3    6    232.     30.    -81. 0.96175E+17     27.    -39.    -34.           0.5960
   97    4   -6    267.     48.    -46. 0.49016E+17     18.    -69.    -12.           0.5655
   97    4   -5    263.     45.    -47. 0.51831E+17     22.    -64.    -14.           0.6182
   97    4   -4    260.     42.    -48. 0.54449E+17     26.    -59.    -15.           0.6644
   97    4   -3    257.     40.    -50. 0.56840E+17     29.    -55.    -16.           0.7026
   97    4   -2    255.     39.    -53. 0.58983E+17     32.    -51.    -18.           0.7316
   97    4   -1    252.     37.    -55. 0.60862E+17     34.    -47.    -19.           0.7503
   97    4    0    250.     36.    -58. 0.62462E+17     36.    -44.    -20.           0.7582
   97    4    1    248.     35.    -61. 0.63778E+17     37.    -42.    -21.           0.7551
   97    4    2    245.     35.    -65. 0.64807E+17     38.    -40.    -22.           0.7412
   97    4    3    243.     34.    -68. 0.65549E+17     39.    -39.    -23.           0.7170
   97    4    4    240.     33.    -72. 0.66009E+17     39.    -38.    -23.           0.6834
   97    4    5    237.     33.    -76. 0.66195E+17     38.    -37.    -24.           0.6416
   97    4    6    234.     32.    -80. 0.66114E+17     38.    -38.    -25.           0.5931
   97    5   -6    269.     50.    -47. 0.41208E+17     34.    -64.      1.           0.5603
   97    5   -5    266.     47.    -47. 0.43208E+17     38.    -61.      0.           0.6137
   97    5   -4    263.     45.    -49. 0.44985E+17     42.    -57.     -1.           0.6605
   97    5   -3    260.     43.    -50. 0.46522E+17     45.    -53.     -2.           0.6992
   97    5   -2    258.     41.    -52. 0.47811E+17     48.    -49.     -2.           0.7284
   97    5   -1    256.     40.    -55. 0.48844E+17     51.    -46.     -3.           0.7472
   97    5    0    253.     39.    -57. 0.49620E+17     53.    -43.     -4.           0.7551
   97    5    1    251.     38.    -60. 0.50144E+17     55.    -40.     -5.           0.7518
   97    5    2    248.     37.    -63. 0.50420E+17     56.    -38.     -6.           0.7374
   97    5    3    245.     36.    -67. 0.50460E+17     56.    -36.     -7.           0.7126
   97    5    4    242.     35.    -71. 0.50276E+17     56.    -35.     -8.           0.6781
   97    5    5    239.     35.    -75. 0.49884E+17     56.    -35.     -9.           0.6353
   97    5    6    236.     34.    -79. 0.49306E+17     54.    -35.    -10.           0.5857
   97    6   -6    270.     51.    -45. 0.36352E+17     39.    -38.     24.           0.5531
   97    6   -5    268.     49.    -46. 0.38069E+17     42.    -35.     23.           0.6068
   97    6   -4    265.     47.    -47. 0.39556E+17     45.    -33.     23.           0.6539
   97    6   -3    263.     45.    -49. 0.40800E+17     48.    -30.     22.           0.6928
   97    6   -2    261.     43.    -50. 0.41794E+17     51.    -28.     22.           0.7223
   97    6   -1    258.     42.    -53. 0.42532E+17     53.    -26.     21.           0.7414
   97    6    0    256.     41.    -55. 0.43012E+17     56.    -24.     20.           0.7495
   97    6    1    253.     40.    -58. 0.43239E+17     58.    -22.     20.           0.7463
   97    6    2    251.     38.    -61. 0.43218E+17     60.    -21.     19.           0.7320
   97    6    3    248.     37.    -65. 0.42961E+17     62.    -20.     18.           0.7071
   97    6    4    244.     37.    -69. 0.42482E+17     63.    -20.     18.           0.6726
   97    6    5    241.     36.    -73. 0.41797E+17     63.    -20.     17.           0.6295
   97    6    6    237.     35.    -77. 0.40930E+17     63.    -21.     16.           0.5796
   98    3   -6    267.     58.    -79. 0.48528E+17     74.      6.    -20.           0.7550
   98    3   -5    273.     55.    -69. 0.53626E+17     65.    -13.    -22.           0.7717
   98    3   -4    275.     52.    -62. 0.60651E+17     49.    -28.    -24.           0.7827
   98    3   -3    273.     48.    -57. 0.68829E+17     38.    -38.    -24.           0.7876
   98    3   -2    270.     43.    -54. 0.77558E+17     32.    -44.    -25.           0.7862
   98    3   -1    265.     38.    -52. 0.86409E+17     29.    -46.    -25.           0.7784
   98    3    0    261.     34.    -51. 0.95060E+17     29.    -46.    -25.           0.7643
   98    3    1    256.     30.    -51. 0.10327E+18     30.    -45.    -25.           0.7442
   98    3    2    252.     27.    -52. 0.11086E+18     32.    -43.    -25.           0.7185
   98    3    3    249.     25.    -53. 0.11767E+18     34.    -41.    -25.           0.6880
   98    3    4    246.     23.    -55. 0.12359E+18     36.    -39.    -25.           0.6535
   98    3    5    243.     22.    -57. 0.12852E+18     38.    -37.    -25.           0.6160
   98    3    6    240.     20.    -58. 0.13238E+18     40.    -35.    -25.           0.5764
   98    4   -6    274.     57.    -69. 0.42977E+17     79.     15.     -6.           0.7609
   98    4   -5    277.     55.    -62. 0.47883E+17     81.     -9.    -10.           0.7792
   98    4   -4    277.     51.    -58. 0.54111E+17     61.    -26.    -13.           0.7914
   98    4   -3    275.     47.    -54. 0.61104E+17     49.    -36.    -15.           0.7969
   98    4   -2    272.     43.    -52. 0.68442E+17     42.    -41.    -17.           0.7955
   98    4   -1    269.     39.    -51. 0.75819E+17     38.    -44.    -18.           0.7872
   98    4    0    265.     36.    -50. 0.83003E+17     37.    -45.    -19.           0.7721
   98    4    1    261.     32.    -51. 0.89818E+17     37.    -44.    -19.           0.7506
   98    4    2    257.     30.    -52. 0.96128E+17     37.    -43.    -20.           0.7233
   98    4    3    254.     27.    -53. 0.10182E+18     38.    -42.    -20.           0.6909
   98    4    4    250.     25.    -55. 0.10680E+18     39.    -40.    -21.           0.6544
   98    4    5    247.     24.    -56. 0.11099E+18     41.    -38.    -21.           0.6148
   98    4    6    244.     22.    -58. 0.11433E+18     42.    -36.    -22.           0.5733
   98    5   -6    274.     55.    -67. 0.42104E+17     69.     22.      9.           0.7633
   98    5   -5    276.     52.    -62. 0.46005E+17     93.      2.      5.           0.7809
   98    5   -4     52.     50.   -122. 0.50751E+17     83.    -16.      1.           0.7916
   98    5   -3    275.     47.    -55. 0.56004E+17     70.    -28.     -2.           0.7947
   98    5   -2    272.     43.    -54. 0.61487E+17     60.    -36.     -5.           0.7904
   98    5   -1    269.     40.    -53. 0.66984E+17     54.    -40.     -7.           0.7785
   98    5    0    266.     37.    -52. 0.72325E+17     50.    -42.     -8.           0.7594
   98    5    1    263.     35.    -52. 0.77378E+17     48.    -42.    -10.           0.7336
   98    5    2    260.     32.    -53. 0.82033E+17     47.    -42.    -11.           0.7018
   98    5    3    256.     30.    -54. 0.86203E+17     47.    -41.    -12.           0.6651
   98    5    4    253.     28.    -55. 0.89818E+17     47.    -40.    -13.           0.6244
   98    5    5    250.     26.    -57. 0.92819E+17     48.    -39.    -14.           0.5811
   98    5    6    246.     25.    -58. 0.95166E+17     48.    -37.    -14.           0.5363
   98    6   -6    278.     55.    -62. 0.41932E+17     47.     29.     24.           0.7569
   98    6   -5    278.     53.    -58. 0.44688E+17     63.     14.     22.           0.7713
   98    6   -4    278.     50.    -55. 0.47892E+17     79.      0.     20.           0.7780
   98    6   -3    276.     48.    -53. 0.51364E+17     71.    -11.     18.           0.7768
   98    6   -2    274.     45.    -52. 0.54949E+17     64.    -20.     16.           0.7676
   98    6   -1    272.     42.    -51. 0.58512E+17     60.    -26.     14.           0.7506
   98    6    0    269.     40.    -51. 0.61943E+17     58.    -31.     12.           0.7264
   98    6    1    266.     37.    -51. 0.65148E+17     57.    -34.      9.           0.6955
   98    6    2    263.     35.    -51. 0.68053E+17     57.    -37.      7.           0.6589
   98    6    3    260.     32.    -52. 0.70595E+17     57.    -38.      4.           0.6177
   98    6    4    256.     30.    -53. 0.72723E+17     59.    -39.      2.           0.5732
   98    6    5    253.     28.    -54. 0.74400E+17     60.    -39.      1.           0.5267
   98    6    6    249.     27.    -56. 0.75596E+17     61.    -38.     -1.           0.4796
   99    3   -6    248.     29.    -40. 0.67424E+17     22.    -57.    -21.           0.6692
   99    3   -5    245.     28.    -42. 0.74613E+17     22.    -55.    -23.           0.7152
   99    3   -4    243.     28.    -45. 0.81420E+17     22.    -54.    -25.           0.7519
   99    3   -3    241.     28.    -47. 0.87766E+17     22.    -52.    -26.           0.7779
   99    3   -2    239.     27.    -49. 0.93581E+17     22.    -51.    -27.           0.7923
   99    3   -1    237.     27.    -51. 0.98804E+17     21.    -50.    -29.           0.7947
   99    3    0    235.     27.    -54. 0.10339E+18     21.    -49.    -30.           0.7850
   99    3    1    233.     27.    -56. 0.10729E+18     21.    -48.    -31.           0.7636
   99    3    2    232.     27.    -58. 0.11048E+18     20.    -48.    -32.           0.7313
   99    3    3    230.     28.    -60. 0.11292E+18     20.    -47.    -33.           0.6892
   99    3    4    228.     28.    -62. 0.11460E+18     19.    -47.    -34.           0.6388
   99    3    5    227.     28.    -64. 0.11551E+18     19.    -46.    -35.           0.5819
   99    3    6    225.     28.    -67. 0.11565E+18     18.    -46.    -36.           0.5204
   99    4   -6    264.     44.    -36. 0.44443E+17     27.    -69.     -4.           0.6403
   99    4   -5    261.     41.    -38. 0.49205E+17     28.    -64.     -8.           0.6845
   99    4   -4    258.     38.    -40. 0.53938E+17     28.    -60.    -12.           0.7202
   99    4   -3    255.     37.    -42. 0.58539E+17     28.    -57.    -15.           0.7464
   99    4   -2    252.     35.    -44. 0.62925E+17     28.    -54.    -17.           0.7622
   99    4   -1    249.     34.    -47. 0.67027E+17     28.    -52.    -19.           0.7670
   99    4    0    247.     33.    -49. 0.70792E+17     28.    -51.    -21.           0.7608
   99    4    1    244.     32.    -52. 0.74172E+17     28.    -49.    -23.           0.7437
   99    4    2    242.     32.    -54. 0.77129E+17     27.    -48.    -24.           0.7165
   99    4    3    239.     31.    -57. 0.79636E+17     27.    -47.    -26.           0.6801
   99    4    4    236.     31.    -60. 0.81667E+17     26.    -47.    -27.           0.6358
   99    4    5    234.     31.    -63. 0.83205E+17     26.    -46.    -28.           0.5851
   99    4    6    231.     30.    -66. 0.84237E+17     25.    -46.    -30.           0.5298
   99    5   -6    270.     53.    -40. 0.37807E+17     38.    -48.     14.           0.6333
   99    5   -5    267.     49.    -41. 0.40970E+17     40.    -53.      8.           0.6759
   99    5   -4    264.     46.    -42. 0.44142E+17     42.    -56.      2.           0.7104
   99    5   -3    261.     44.    -43. 0.47246E+17     43.    -56.     -2.           0.7357
   99    5   -2    258.     41.    -45. 0.50220E+17     41.    -54.     -5.           0.7510
   99    5   -1    255.     40.    -47. 0.53009E+17     40.    -52.     -8.           0.7557
   99    5    0    252.     38.    -49. 0.55569E+17     39.    -50.    -10.           0.7498
   99    5    1    249.     37.    -51. 0.57865E+17     39.    -49.    -13.           0.7335
   99    5    2    247.     36.    -54. 0.59867E+17     38.    -48.    -15.           0.7074
   99    5    3    244.     35.    -56. 0.61549E+17     37.    -47.    -17.           0.6723
   99    5    4    241.     34.    -59. 0.62894E+17     36.    -46.    -18.           0.6296
   99    5    5    238.     33.    -62. 0.63887E+17     34.    -46.    -20.           0.5806
   99    5    6    234.     32.    -65. 0.64522E+17     33.    -45.    -22.           0.5270
   99    6   -6    273.     57.    -37. 0.34918E+17     44.    -26.     30.           0.6267
   99    6   -5    270.     54.    -39. 0.36904E+17     45.    -28.     27.           0.6681
   99    6   -4    267.     50.    -40. 0.38872E+17     46.    -30.     23.           0.7016
   99    6   -3    264.     47.    -42. 0.40777E+17     48.    -32.     20.           0.7263
   99    6   -2    261.     45.    -43. 0.42578E+17     49.    -34.     17.           0.7413
   99    6   -1    259.     43.    -45. 0.44245E+17     51.    -35.     14.           0.7461
   99    6    0    256.     41.    -47. 0.45747E+17     53.    -37.     10.           0.7406
   99    6    1    253.     39.    -50. 0.47063E+17     54.    -39.      6.           0.7250
   99    6    2    250.     38.    -52. 0.48174E+17     56.    -41.      3.           0.6999
   99    6    3    247.     37.    -55. 0.49066E+17     56.    -44.      0.           0.6661
   99    6    4    244.     35.    -58. 0.49727E+17     54.    -43.     -3.           0.6248
   99    6    5    240.     34.    -61. 0.50151E+17     51.    -44.     -5.           0.5774
   99    6    6    237.     34.    -64. 0.50336E+17     49.    -44.     -8.           0.5255
  100    3   -6    294.     81.    -82. 0.93159E+17     39.    -42.    -18.           0.4001
  100    3   -5    294.     80.    -81. 0.93469E+17     34.    -47.    -19.           0.4377
  100    3   -4    294.     78.    -79. 0.93264E+17     28.    -52.    -20.           0.4745
  100    3   -3    293.     77.    -77. 0.92579E+17     23.    -56.    -21.           0.5095
  100    3   -2    291.     75.    -75. 0.91469E+17     18.    -60.    -22.           0.5415
  100    3   -1    286.     72.    -71. 0.89986E+17     13.    -64.    -23.           0.5695
  100    3    0    278.     67.    -64. 0.88217E+17     11.    -65.    -24.           0.5928
  100    3    1    267.     59.    -58. 0.86250E+17     11.    -63.    -25.           0.6106
  100    3    2    259.     53.    -56. 0.84185E+17     15.    -58.    -27.           0.6224
  100    3    3    254.     48.    -57. 0.82130E+17     21.    -51.    -28.           0.6280
  100    3    4    250.     45.    -59. 0.80194E+17     27.    -44.    -29.           0.6271
  100    3    5    247.     42.    -63. 0.78490E+17     32.    -37.    -30.           0.6200
  100    3    6    243.     39.    -69. 0.77132E+17     38.    -31.    -31.           0.6069
  100    4   -6    292.     80.    -78. 0.71336E+17     37.    -50.    -14.           0.3704
  100    4   -5    290.     78.    -76. 0.71355E+17     31.    -55.    -14.           0.4107
  100    4   -4    288.     76.    -74. 0.70972E+17     26.    -59.    -14.           0.4508
  100    4   -3    285.     74.    -70. 0.70215E+17     22.    -63.    -14.           0.4895
  100    4   -2    279.     70.    -66. 0.69124E+17     19.    -66.    -15.           0.5255
  100    4   -1    273.     66.    -61. 0.67746E+17     19.    -66.    -15.           0.5576
  100    4    0    266.     60.    -58. 0.66143E+17     21.    -63.    -16.           0.5850
  100    4    1    261.     56.    -56. 0.64387E+17     26.    -58.    -16.           0.6067
  100    4    2    257.     52.    -56. 0.62552E+17     32.    -51.    -17.           0.6221
  100    4    3    254.     49.    -57. 0.60736E+17     39.    -43.    -18.           0.6307
  100    4    4    251.     45.    -60. 0.59028E+17     46.    -35.    -19.           0.6323
  100    4    5    248.     43.    -64. 0.57521E+17     53.    -28.    -19.           0.6269
  100    4    6    244.     40.    -70. 0.56309E+17     59.    -21.    -20.           0.6148
  100    5   -6    289.     78.    -74. 0.57350E+17     35.    -58.     -8.           0.3428
  100    5   -5    286.     76.    -71. 0.57451E+17     30.    -63.     -7.           0.3854
  100    5   -4    282.     74.    -67. 0.57254E+17     27.    -67.     -6.           0.4283
  100    5   -3    277.     70.    -63. 0.56776E+17     26.    -68.     -6.           0.4700
  100    5   -2    271.     66.    -59. 0.56043E+17     27.    -68.     -5.           0.5094
  100    5   -1    267.     61.    -56. 0.55091E+17     31.    -64.     -5.           0.5451
  100    5    0    263.     58.    -55. 0.53959E+17     36.    -59.     -5.           0.5759
  100    5    1    260.     54.    -54. 0.52699E+17     44.    -52.     -4.           0.6010
  100    5    2    257.     51.    -55. 0.51365E+17     53.    -43.     -4.           0.6194
  100    5    3    254.     48.    -57. 0.50020E+17     62.    -34.     -4.           0.6307
  100    5    4    252.     46.    -60. 0.48730E+17     72.    -24.     -4.           0.6344
  100    5    5    248.     43.    -64. 0.47560E+17     82.    -15.     -3.           0.6305
  100    5    6    244.     40.    -70. 0.46577E+17     90.     -7.     -3.           0.6191
  100    6   -6    284.     76.    -68. 0.46182E+17     34.    -64.      2.           0.3251
  100    6   -5    280.     73.    -64. 0.46667E+17     31.    -65.      4.           0.3691
  100    6   -4    275.     70.    -60. 0.46957E+17     30.    -63.      6.           0.4136
  100    6   -3    270.     66.    -57. 0.47058E+17     32.    -59.      8.           0.4573
  100    6   -2    267.     62.    -54. 0.46978E+17     36.    -54.     10.           0.4986
  100    6   -1    264.     59.    -53. 0.46732E+17     41.    -47.     13.           0.5364
  100    6    0    261.     56.    -52. 0.46339E+17     47.    -39.     14.           0.5694
  100    6    1    259.     54.    -52. 0.45822E+17     54.    -31.     15.           0.5965
  100    6    2     28.     51.   -127. 0.45206E+17     62.    -22.     16.           0.6168
  100    6    3    255.     49.    -55. 0.44523E+17     71.    -13.     16.           0.6296
  100    6    4    253.     46.    -58. 0.43804E+17     80.     -3.     17.           0.6346
  100    6    5    250.     44.    -63. 0.43083E+17     78.      5.     17.           0.6316
  100    6    6    245.     41.    -69. 0.42394E+17     71.     12.     17.           0.6207
