 trial position no.            7
 
 
 
 
 
 
 
 
 
 
 
 
  Covariance matrix; NOT corrected for  scaling
   0.782139E+14  -0.380458E+14   0.331317E+14   0.391079E+14   0.614959E+14   0.635236E+13
  -0.380458E+14   0.178857E+15   0.343795E+14   0.110660E+13  -0.206241E+14  -0.215704E+14
   0.331317E+14   0.343795E+14   0.173650E+15   0.741598E+13   0.113423E+14   0.175095E+14
   0.391079E+14   0.110660E+13   0.741597E+13   0.140446E+15   0.967937E+14   0.544657E+14
   0.614959E+14  -0.206241E+14   0.113423E+14   0.967937E+14   0.176266E+15   0.590443E+14
   0.635236E+13  -0.215704E+14   0.175095E+14   0.544657E+14   0.590443E+14   0.156491E+15
 trial position no.            8
 
 
 
 
 
 
 
 
 
 
 
 
  Covariance matrix; NOT corrected for  scaling
   0.865971E+14  -0.384558E+14   0.320729E+14   0.345745E+14   0.601619E+14  -0.129262E+14
  -0.384558E+14   0.144934E+15   0.250048E+14   0.348641E+13  -0.178328E+14  -0.156684E+14
   0.320729E+14   0.250048E+14   0.138367E+15   0.401133E+13   0.860130E+13   0.123090E+14
   0.345746E+14   0.348641E+13   0.401133E+13   0.121659E+15   0.736848E+14   0.160604E+14
   0.601619E+14  -0.178328E+14   0.860130E+13   0.736848E+14   0.155490E+15   0.133268E+14
  -0.129261E+14  -0.156684E+14   0.123090E+14   0.160604E+14   0.133268E+14   0.147286E+15
 trial position no.            9
 
 
 
 
 
 
 
 
 
 
 
 
  Covariance matrix; NOT corrected for  scaling
   0.955986E+14  -0.399891E+14   0.320531E+14   0.317134E+14   0.607108E+14  -0.302714E+14
  -0.399891E+14   0.123108E+15   0.187522E+14   0.343721E+13  -0.183939E+14  -0.118572E+14
   0.320531E+14   0.187522E+14   0.115585E+15   0.327126E+13   0.832709E+13   0.938612E+13
   0.317134E+14   0.343721E+13   0.327125E+13   0.108777E+15   0.561261E+14  -0.100021E+14
   0.607108E+14  -0.183939E+14   0.832709E+13   0.561261E+14   0.141910E+15  -0.194337E+14
  -0.302714E+14  -0.118572E+14   0.938612E+13  -0.100021E+14  -0.194337E+14   0.161960E+15
 trial position no.           10
 
 
 
 
 
 
 
 
 
 
 
 
  Covariance matrix; NOT corrected for  scaling
   0.103974E+15  -0.436127E+14   0.335857E+14   0.304723E+14   0.627144E+14  -0.459711E+14
  -0.436127E+14   0.119871E+15   0.169998E+14   0.153972E+13  -0.226233E+14  -0.929868E+13
   0.335857E+14   0.169998E+14   0.110817E+15   0.499100E+13   0.100876E+14   0.793570E+13
   0.304723E+14   0.153972E+13   0.499100E+13   0.100184E+15   0.425617E+14  -0.227199E+14
   0.627144E+14  -0.226233E+14   0.100876E+14   0.425617E+14   0.133899E+15  -0.383774E+14
  -0.459711E+14  -0.929868E+13   0.793570E+13  -0.227199E+14  -0.383774E+14   0.200877E+15
 trial position no.           11
 
 
 
 
 
 
 
 
 
 
 
 
  Covariance matrix; NOT corrected for  scaling
   0.111415E+15  -0.449877E+14   0.334579E+14   0.270215E+14   0.621181E+14  -0.623446E+14
  -0.449877E+14   0.107901E+15   0.136643E+14   0.256159E+13  -0.225736E+14  -0.534836E+13
   0.334579E+14   0.136643E+14   0.981185E+14   0.407438E+13   0.910637E+13   0.567023E+13
   0.270215E+14   0.256160E+13   0.407438E+13   0.949126E+14   0.307588E+14  -0.357604E+14
   0.621181E+14  -0.225736E+14   0.910637E+13   0.307589E+14   0.127215E+15  -0.580398E+14
  -0.623446E+14  -0.534836E+13   0.567024E+13  -0.357604E+14  -0.580398E+14   0.239699E+15
 trial position no.           12
 
 
 
 
 
 
 
 
 
 
 
 
  Covariance matrix; NOT corrected for  scaling
   0.118263E+15  -0.459011E+14   0.330479E+14   0.243073E+14   0.620059E+14  -0.778798E+14
  -0.459011E+14   0.985293E+14   0.116347E+14   0.323496E+13  -0.230557E+14  -0.145499E+13
   0.330479E+14   0.116347E+14   0.883344E+14   0.385697E+13   0.831494E+13   0.365285E+13
   0.243073E+14   0.323495E+13   0.385697E+13   0.920783E+14   0.207782E+14  -0.450914E+14
   0.620059E+14  -0.230557E+14   0.831494E+13   0.207782E+14   0.123399E+15  -0.738037E+14
  -0.778798E+14  -0.145499E+13   0.365285E+13  -0.450914E+14  -0.738037E+14   0.283575E+15
 trial position no.           13
 
 
 
 
 
 
 
 
 
 
 
 
  Covariance matrix; NOT corrected for  scaling
   0.124758E+15  -0.464054E+14   0.324547E+14   0.230344E+14   0.630157E+14  -0.929235E+14
  -0.464054E+14   0.908556E+14   0.107316E+14   0.216057E+13  -0.245525E+14   0.299119E+13
   0.324547E+14   0.107316E+14   0.806333E+14   0.466142E+13   0.887633E+13   0.123936E+13
   0.230344E+14   0.216057E+13   0.466143E+13   0.886319E+14   0.102771E+14  -0.502951E+14
   0.630157E+14  -0.245525E+14   0.887633E+13   0.102771E+14   0.119984E+15  -0.853439E+14
  -0.929235E+14   0.299119E+13   0.123936E+13  -0.502951E+14  -0.853439E+14   0.328235E+15
 trial position no.           14
 
 
 
 
 
 
 
 
 
 
 
 
  Covariance matrix; NOT corrected for  scaling
   0.131085E+15  -0.469226E+14   0.319552E+14   0.211247E+14   0.631759E+14  -0.105801E+15
  -0.469226E+14   0.850898E+14   0.992407E+13   0.241827E+13  -0.246209E+14   0.572077E+13
   0.319552E+14   0.992408E+13   0.747895E+14   0.438883E+13   0.845083E+13   0.202804E+12
   0.211247E+14   0.241827E+13   0.438883E+13   0.888592E+14   0.267098E+13  -0.555364E+14
   0.631759E+14  -0.246209E+14   0.845083E+13   0.267098E+13   0.119433E+15  -0.959915E+14
  -0.105801E+15   0.572076E+13   0.202801E+12  -0.555364E+14  -0.959915E+14   0.374072E+15
 trial position no.           15
 
 
 
 
 
 
 
 
 
 
 
 
  Covariance matrix; NOT corrected for  scaling
   0.136213E+15  -0.513664E+14   0.339784E+14   0.172772E+14   0.609848E+14  -0.118823E+15
  -0.513664E+14   0.951124E+14   0.109063E+14   0.392584E+13  -0.263859E+14   0.713235E+13
   0.339784E+14   0.109063E+14   0.826855E+14   0.429214E+13   0.790279E+13   0.942046E+12
   0.172772E+14   0.392585E+13   0.429214E+13   0.915290E+14  -0.402777E+13  -0.533189E+14
   0.609848E+14  -0.263859E+14   0.790280E+13  -0.402777E+13   0.119466E+15  -0.994067E+14
  -0.118823E+15   0.713235E+13   0.942044E+12  -0.533189E+14  -0.994067E+14   0.450705E+15
 trial position no.           16
 
 
 
 
 
 
 
 
 
 
 
 
  Covariance matrix; NOT corrected for  scaling
   0.140349E+15  -0.508454E+14   0.326104E+14   0.157142E+14   0.604219E+14  -0.131195E+15
  -0.508454E+14   0.904467E+14   0.112006E+14   0.381976E+13  -0.268125E+14   0.996281E+13
   0.326103E+14   0.112006E+14   0.781885E+14   0.480373E+13   0.737264E+13   0.189724E+12
   0.157142E+14   0.381976E+13   0.480373E+13   0.916457E+14  -0.126851E+14  -0.540357E+14
   0.604219E+14  -0.268125E+14   0.737264E+13  -0.126851E+14   0.118625E+15  -0.105462E+15
  -0.131195E+15   0.996280E+13   0.189723E+12  -0.540357E+14  -0.105462E+15   0.502069E+15
 trial position no.            7
 
 
 
 
 
 
 
 
 
 
 
 
  Covariance matrix; NOT corrected for  scaling
   0.231389E+15  -0.856474E+12   0.699328E+13  -0.133169E+15  -0.167487E+14   0.102733E+15
  -0.856474E+12   0.399856E+15  -0.167842E+15   0.136511E+13   0.511816E+13  -0.329701E+11
   0.699328E+13  -0.167842E+15   0.277295E+15  -0.268013E+13  -0.148419E+13   0.340567E+13
  -0.133169E+15   0.136511E+13  -0.268013E+13   0.346268E+15   0.192799E+15   0.182441E+14
  -0.167487E+14   0.511816E+13  -0.148419E+13   0.192799E+15   0.254106E+15   0.819978E+14
   0.102733E+15  -0.329701E+11   0.340567E+13   0.182441E+14   0.819978E+14   0.240875E+15
 trial position no.            8
 
 
 
 
 
 
 
 
 
 
 
 
  Covariance matrix; NOT corrected for  scaling
   0.250784E+15  -0.277099E+13   0.487728E+13  -0.143422E+15  -0.174276E+14   0.113080E+15
  -0.277099E+13   0.335586E+15  -0.147638E+15   0.246556E+13   0.406092E+13  -0.207701E+13
   0.487728E+13  -0.147638E+15   0.227545E+15  -0.197443E+13  -0.130668E+13   0.246762E+13
  -0.143422E+15   0.246556E+13  -0.197443E+13   0.309506E+15   0.146590E+15  -0.616913E+14
  -0.174277E+14   0.406092E+13  -0.130668E+13   0.146590E+15   0.211477E+15   0.793685E+13
   0.113080E+15  -0.207701E+13   0.246762E+13  -0.616913E+14   0.793685E+13   0.230021E+15
 trial position no.            9
 
 
 
 
 
 
 
 
 
 
 
 
  Covariance matrix; NOT corrected for  scaling
   0.270019E+15  -0.441455E+13   0.313804E+13  -0.153629E+15  -0.181144E+14   0.123216E+15
  -0.441455E+13   0.288696E+15  -0.130424E+15   0.336661E+13   0.322687E+13  -0.359672E+13
   0.313804E+13  -0.130424E+15   0.193105E+15  -0.137945E+13  -0.118912E+13   0.176209E+13
  -0.153629E+15   0.336661E+13  -0.137945E+13   0.288303E+15   0.115412E+15  -0.115570E+15
  -0.181144E+14   0.322686E+13  -0.118912E+13   0.115412E+15   0.184225E+15  -0.401901E+14
   0.123216E+15  -0.359672E+13   0.176209E+13  -0.115570E+15  -0.401901E+14   0.259452E+15
 trial position no.           10
 
 
 
 
 
 
 
 
 
 
 
 
  Covariance matrix; NOT corrected for  scaling
   0.288643E+15  -0.634760E+13   0.169627E+13  -0.164185E+15  -0.194301E+14   0.131254E+15
  -0.634760E+13   0.287919E+15  -0.133303E+15   0.462028E+13   0.269853E+13  -0.505365E+13
   0.169627E+13  -0.133303E+15   0.190057E+15  -0.929022E+12  -0.111003E+13   0.129743E+13
  -0.164185E+15   0.462029E+13  -0.929022E+12   0.280237E+15   0.968185E+14  -0.146918E+15
  -0.194301E+14   0.269853E+13  -0.111003E+13   0.968185E+14   0.169410E+15  -0.670125E+14
   0.131254E+15  -0.505365E+13   0.129743E+13  -0.146918E+15  -0.670125E+14   0.318112E+15
 trial position no.           11
 
 
 
 
 
 
 
 
 
 
 
 
  Covariance matrix; NOT corrected for  scaling
   0.306918E+15  -0.785567E+13   0.282534E+12  -0.173911E+15  -0.200524E+14   0.140613E+15
  -0.785567E+13   0.260140E+15  -0.122202E+15   0.553959E+13   0.207733E+13  -0.611128E+13
   0.282534E+12  -0.122202E+15   0.170306E+15  -0.465376E+12  -0.999863E+12   0.876456E+12
  -0.173911E+15   0.553959E+13  -0.465376E+12   0.271750E+15   0.777017E+14  -0.178842E+15
  -0.200524E+14   0.207733E+13  -0.999863E+12   0.777017E+14   0.154897E+15  -0.935651E+14
   0.140613E+15  -0.611128E+13   0.876456E+12  -0.178842E+15  -0.935651E+14   0.382997E+15
 trial position no.           12
 
 
 
 
 
 
 
 
 
 
 
 
  Covariance matrix; NOT corrected for  scaling
   0.325316E+15  -0.919830E+13  -0.992855E+12  -0.183712E+15  -0.206420E+14   0.149914E+15
  -0.919830E+13   0.237897E+15  -0.112658E+15   0.637211E+13   0.154735E+13  -0.694418E+13
  -0.992854E+12  -0.112658E+15   0.154976E+15  -0.235371E+11  -0.889402E+12   0.507772E+12
  -0.183712E+15   0.637211E+13  -0.235368E+11   0.268612E+15   0.632211E+14  -0.204706E+15
  -0.206420E+14   0.154735E+13  -0.889402E+12   0.632211E+14   0.145538E+15  -0.114010E+15
   0.149914E+15  -0.694418E+13   0.507772E+12  -0.204706E+15  -0.114010E+15   0.455762E+15
 trial position no.           13
 
 
 
 
 
 
 
 
 
 
 
 
  Covariance matrix; NOT corrected for  scaling
   0.344269E+15  -0.104292E+14  -0.214745E+13  -0.193771E+15  -0.211829E+14   0.159319E+15
  -0.104292E+14   0.219771E+15  -0.104465E+15   0.714365E+13   0.107790E+13  -0.760098E+13
  -0.214745E+13  -0.104465E+15   0.142771E+15   0.363399E+12  -0.806373E+12   0.227445E+12
  -0.193771E+15   0.714365E+13   0.363399E+12   0.269457E+15   0.518572E+14  -0.226973E+15
  -0.211829E+14   0.107790E+13  -0.806373E+12   0.518572E+14   0.139918E+15  -0.130733E+15
   0.159319E+15  -0.760098E+13   0.227445E+12  -0.226973E+15  -0.130733E+15   0.532720E+15
 trial position no.           14
 
 
 
 
 
 
 
 
 
 
 
 
  Covariance matrix; NOT corrected for  scaling
   0.364280E+15  -0.115570E+14  -0.320356E+13  -0.204417E+15  -0.217254E+14   0.169140E+15
  -0.115570E+14   0.204746E+15  -0.974038E+14   0.785354E+13   0.644937E+12  -0.809361E+13
  -0.320356E+13  -0.974038E+14   0.132855E+15   0.692036E+12  -0.754126E+12   0.416316E+11
  -0.204417E+15   0.785354E+13   0.692035E+12   0.273701E+15   0.427160E+14  -0.247356E+15
  -0.217253E+14   0.644936E+12  -0.754126E+12   0.427160E+14   0.137201E+15  -0.145234E+15
   0.169140E+15  -0.809360E+13   0.416324E+11  -0.247356E+15  -0.145234E+15   0.611519E+15
 trial position no.           15
 
 
 
 
 
 
 
 
 
 
 
 
  Covariance matrix; NOT corrected for  scaling
   0.383160E+15  -0.139142E+14  -0.464977E+13  -0.215617E+15  -0.233397E+14   0.175473E+15
  -0.139142E+14   0.229727E+15  -0.109820E+15   0.952918E+13   0.196414E+12  -0.937256E+13
  -0.464977E+13  -0.109820E+15   0.148519E+15   0.107545E+13  -0.689277E+12  -0.799294E+11
  -0.215617E+15   0.952918E+13   0.107545E+13   0.279799E+15   0.346829E+14  -0.257824E+15
  -0.233397E+14   0.196414E+12  -0.689277E+12   0.346829E+14   0.135197E+15  -0.151881E+15
   0.175473E+15  -0.937256E+13  -0.799286E+11  -0.257824E+15  -0.151881E+15   0.726162E+15
 trial position no.           16
 
 
 
 
 
 
 
 
 
 
 
 
  Covariance matrix; NOT corrected for  scaling
   0.402919E+15  -0.152525E+14  -0.577051E+13  -0.226226E+15  -0.238732E+14   0.184846E+15
  -0.152525E+14   0.220803E+15  -0.105755E+15   0.105152E+14  -0.303756E+12  -0.987780E+13
  -0.577052E+13  -0.105755E+15   0.142460E+15   0.135367E+13  -0.587056E+12  -0.118330E+12
  -0.226226E+15   0.105152E+14   0.135367E+13   0.285736E+15   0.259960E+14  -0.274833E+15
  -0.238732E+14  -0.303755E+12  -0.587057E+12   0.259961E+14   0.133900E+15  -0.163149E+15
   0.184846E+15  -0.987780E+13  -0.118330E+12  -0.274833E+15  -0.163149E+15   0.819829E+15
 trial position no.            7
 
 
 
 
 
 
 
 
 
 
 
 
  Covariance matrix; NOT corrected for  scaling
   0.787208E+14  -0.160186E+14  -0.389928E+13  -0.347363E+14  -0.114283E+13   0.119365E+14
  -0.160186E+14   0.397231E+15  -0.121024E+15   0.764713E+13   0.215467E+14   0.103316E+14
  -0.389928E+13  -0.121024E+15   0.425249E+15  -0.128341E+14   0.653190E+13  -0.288397E+12
  -0.347363E+14   0.764713E+13  -0.128341E+14   0.376987E+15   0.155739E+15   0.142383E+15
  -0.114283E+13   0.215467E+14   0.653190E+13   0.155739E+15   0.415252E+15   0.167129E+15
   0.119365E+14   0.103316E+14  -0.288397E+12   0.142383E+15   0.167129E+15   0.344861E+15
 trial position no.            8
 
 
 
 
 
 
 
 
 
 
 
 
  Covariance matrix; NOT corrected for  scaling
   0.833278E+14  -0.160388E+14  -0.323246E+13  -0.369095E+14   0.297665E+12   0.153246E+14
  -0.160388E+14   0.319767E+15  -0.997172E+14   0.556933E+13   0.169571E+14   0.546432E+13
  -0.323246E+13  -0.997172E+14   0.338845E+15  -0.137917E+14   0.796944E+13   0.943507E+12
  -0.369095E+14   0.556933E+13  -0.137917E+14   0.334594E+15   0.929910E+14   0.537203E+14
   0.297664E+12   0.169571E+14   0.796944E+13   0.929910E+14   0.373943E+15   0.698201E+14
   0.153246E+14   0.546432E+13   0.943507E+12   0.537203E+14   0.698201E+14   0.297362E+15
 trial position no.            9
 
 
 
 
 
 
 
 
 
 
 
 
  Covariance matrix; NOT corrected for  scaling
   0.882380E+14  -0.160014E+14  -0.303660E+13  -0.389896E+14   0.180309E+13   0.185759E+14
  -0.160014E+14   0.267364E+15  -0.850347E+14   0.517827E+13   0.151997E+14   0.272862E+13
  -0.303660E+13  -0.850347E+14   0.282231E+15  -0.138431E+14   0.895846E+13   0.190690E+13
  -0.389896E+14   0.517827E+13  -0.138431E+14   0.310020E+15   0.471092E+14  -0.337350E+13
   0.180309E+13   0.151997E+14   0.895846E+13   0.471092E+14   0.348210E+15   0.336517E+13
   0.185759E+14   0.272862E+13   0.190690E+13  -0.337350E+13   0.336517E+13   0.302738E+15
 trial position no.           10
 
 
 
 
 
 
 
 
 
 
 
 
  Covariance matrix; NOT corrected for  scaling
   0.933420E+14  -0.172243E+14  -0.311535E+13  -0.415297E+14   0.307921E+13   0.211258E+14
  -0.172243E+14   0.258861E+15  -0.839584E+14   0.557063E+13   0.151341E+14   0.160899E+13
  -0.311535E+13  -0.839584E+14   0.272540E+15  -0.148560E+14   0.106056E+14   0.279258E+13
  -0.415297E+14   0.557063E+13  -0.148560E+14   0.301305E+15   0.174845E+14  -0.304647E+14
   0.307921E+13   0.151341E+14   0.106056E+14   0.174845E+14   0.340026E+15  -0.324646E+14
   0.211258E+14   0.160899E+13   0.279259E+13  -0.304647E+14  -0.324646E+14   0.357308E+15
 trial position no.           11
 
 
 
 
 
 
 
 
 
 
 
 
  Covariance matrix; NOT corrected for  scaling
   0.986710E+14  -0.176362E+14  -0.308028E+13  -0.441213E+14   0.432542E+13   0.242277E+14
  -0.176362E+14   0.229435E+15  -0.754508E+14   0.392722E+13   0.129064E+14   0.707797E+12
  -0.308028E+13  -0.754508E+14   0.241656E+15  -0.157344E+14   0.112845E+14   0.361986E+13
  -0.441213E+14   0.392722E+13  -0.157344E+14   0.292118E+15  -0.127860E+14  -0.599868E+14
   0.432542E+13   0.129064E+14   0.112844E+14  -0.127860E+14   0.330548E+15  -0.725556E+14
   0.242277E+14   0.707797E+12   0.361986E+13  -0.599868E+14  -0.725556E+14   0.410233E+15
 trial position no.           12
 
 
 
 
 
 
 
 
 
 
 
 
  Covariance matrix; NOT corrected for  scaling
   0.104346E+15  -0.179768E+14  -0.312659E+13  -0.466030E+14   0.553587E+13   0.272902E+14
  -0.179768E+14   0.207175E+15  -0.690321E+14   0.368522E+13   0.120556E+14  -0.113888E+12
  -0.312659E+13  -0.690321E+14   0.218751E+15  -0.161419E+14   0.122439E+14   0.416296E+13
  -0.466030E+14   0.368522E+13  -0.161419E+14   0.288915E+15  -0.375818E+14  -0.818868E+14
   0.553587E+13   0.120556E+14   0.122439E+14  -0.375818E+14   0.326026E+15  -0.104751E+15
   0.272902E+14  -0.113889E+12   0.416296E+13  -0.818868E+14  -0.104751E+15   0.474739E+15
 trial position no.           13
 
 
 
 
 
 
 
 
 
 
 
 
  Covariance matrix; NOT corrected for  scaling
   0.110514E+15  -0.184127E+14  -0.316532E+13  -0.491013E+14   0.651475E+13   0.303592E+14
  -0.184127E+14   0.190085E+15  -0.639554E+14   0.421857E+13   0.118310E+14  -0.133752E+13
  -0.316532E+13  -0.639554E+14   0.201057E+15  -0.164630E+14   0.132831E+14   0.454690E+13
  -0.491013E+14   0.421857E+13  -0.164630E+14   0.289620E+15  -0.584458E+14  -0.985246E+14
   0.651475E+13   0.118310E+14   0.132831E+14  -0.584458E+14   0.326041E+15  -0.131907E+15
   0.303592E+14  -0.133752E+13   0.454690E+13  -0.985246E+14  -0.131907E+15   0.545472E+15
 trial position no.           14
 
 
 
 
 
 
 
 
 
 
 
 
  Covariance matrix; NOT corrected for  scaling
   0.117040E+15  -0.188972E+14  -0.326952E+13  -0.514812E+14   0.700848E+13   0.335366E+14
  -0.188972E+14   0.176877E+15  -0.597827E+14   0.373345E+13   0.109750E+14  -0.159520E+13
  -0.326952E+13  -0.597827E+14   0.187273E+15  -0.171807E+14   0.137388E+14   0.528608E+13
  -0.514812E+14   0.373345E+13  -0.171807E+14   0.293885E+15  -0.753102E+14  -0.112784E+15
   0.700848E+13   0.109750E+14   0.137388E+14  -0.753103E+14   0.328861E+15  -0.155772E+15
   0.335366E+14  -0.159520E+13   0.528608E+13  -0.112784E+15  -0.155772E+15   0.619257E+15
 trial position no.           15
 
 
 
 
 
 
 
 
 
 
 
 
  Covariance matrix; NOT corrected for  scaling
   0.123577E+15  -0.211800E+14  -0.375200E+13  -0.537836E+14   0.717690E+13   0.362225E+14
  -0.211800E+14   0.196917E+15  -0.669423E+14   0.398657E+13   0.114822E+14  -0.114954E+13
  -0.375200E+13  -0.669423E+14   0.208322E+15  -0.192797E+14   0.156032E+14   0.677191E+13
  -0.537836E+14   0.398657E+13  -0.192797E+14   0.301012E+15  -0.886733E+14  -0.112817E+15
   0.717690E+13   0.114822E+14   0.156031E+14  -0.886733E+14   0.333779E+15  -0.167176E+15
   0.362225E+14  -0.114954E+13   0.677191E+13  -0.112817E+15  -0.167176E+15   0.745508E+15
 trial position no.           16
 
 
 
 
 
 
 
 
 
 
 
 
  Covariance matrix; NOT corrected for  scaling
   0.130754E+15  -0.219058E+14  -0.399788E+13  -0.561880E+14   0.767478E+13   0.394802E+14
  -0.219058E+14   0.188406E+15  -0.644532E+14   0.432307E+13   0.113377E+14  -0.132941E+13
  -0.399789E+13  -0.644532E+14   0.199459E+15  -0.198506E+14   0.163704E+14   0.775523E+13
  -0.561880E+14   0.432307E+13  -0.198506E+14   0.306725E+15  -0.104906E+15  -0.122867E+15
   0.767478E+13   0.113377E+14   0.163704E+14  -0.104906E+15   0.337518E+15  -0.187601E+15
   0.394802E+14  -0.132941E+13   0.775523E+13  -0.122867E+15  -0.187601E+15   0.838277E+15
 trial position no.            7
 
 
 
 
 
 
 
 
 
 
 
 
  Covariance matrix; NOT corrected for  scaling
   0.879405E+14  -0.150582E+14   0.444018E+13  -0.787972E+14   0.450662E+14   0.339832E+14
  -0.150582E+14   0.738150E+15  -0.957440E+14   0.426772E+14   0.241576E+13  -0.809260E+13
   0.444018E+13  -0.957440E+14   0.313690E+15  -0.874014E+13   0.113372E+14   0.599257E+13
  -0.787972E+14   0.426772E+14  -0.874015E+13   0.675508E+15   0.111725E+15   0.578911E+14
   0.450661E+14   0.241577E+13   0.113372E+14   0.111725E+15   0.492998E+15   0.238147E+15
   0.339832E+14  -0.809260E+13   0.599257E+13   0.578912E+14   0.238147E+15   0.388634E+15
 trial position no.            8
 
 
 
 
 
 
 
 
 
 
 
 
  Covariance matrix; NOT corrected for  scaling
   0.934587E+14  -0.158031E+14   0.541900E+13  -0.866577E+14   0.484993E+14   0.342493E+14
  -0.158031E+14   0.612996E+15  -0.828126E+14   0.406275E+14  -0.391083E+12  -0.134420E+14
   0.541900E+13  -0.828126E+14   0.246530E+15  -0.129103E+14   0.120587E+14   0.576979E+13
  -0.866576E+14   0.406275E+14  -0.129103E+14   0.640005E+15   0.272510E+14  -0.593362E+14
   0.484993E+14  -0.391083E+12   0.120587E+14   0.272510E+14   0.438711E+15   0.124700E+15
   0.342493E+14  -0.134420E+14   0.576979E+13  -0.593362E+14   0.124700E+15   0.340471E+15
 trial position no.            9
 
 
 
 
 
 
 
 
 
 
 
 
  Covariance matrix; NOT corrected for  scaling
   0.992605E+14  -0.163835E+14   0.622018E+13  -0.942509E+14   0.519315E+14   0.347857E+14
  -0.163835E+14   0.523464E+15  -0.725968E+14   0.389809E+14  -0.254804E+13  -0.171873E+14
   0.622018E+13  -0.725968E+14   0.203759E+15  -0.159586E+14   0.130878E+14   0.597132E+13
  -0.942509E+14   0.389809E+14  -0.159586E+14   0.626021E+15  -0.358376E+14  -0.137120E+15
   0.519315E+14  -0.254804E+13   0.130878E+14  -0.358376E+14   0.405302E+15   0.505535E+14
   0.347857E+14  -0.171873E+14   0.597132E+13  -0.137120E+15   0.505535E+14   0.357074E+15
 trial position no.           10
 
 
 
 
 
 
 
 
 
 
 
 
  Covariance matrix; NOT corrected for  scaling
   0.105125E+15  -0.181202E+14   0.737453E+13  -0.101532E+15   0.553006E+14   0.349230E+14
  -0.181202E+14   0.517359E+15  -0.734718E+14   0.398652E+14  -0.472360E+13  -0.206267E+14
   0.737453E+13  -0.734718E+14   0.195265E+15  -0.195428E+14   0.152173E+14   0.674682E+13
  -0.101532E+15   0.398652E+14  -0.195428E+14   0.631069E+15  -0.789114E+14  -0.178119E+15
   0.553006E+14  -0.472360E+13   0.152173E+14  -0.789114E+14   0.391758E+15   0.105355E+14
   0.349230E+14  -0.206267E+14   0.674682E+13  -0.178119E+15   0.105355E+14   0.426706E+15
 trial position no.           11
 
 
 
 
 
 
 
 
 
 
 
 
  Covariance matrix; NOT corrected for  scaling
   0.111264E+15  -0.188021E+14   0.815219E+13  -0.108758E+15   0.584844E+14   0.354669E+14
  -0.188021E+14   0.464759E+15  -0.671429E+14   0.385579E+14  -0.632990E+13  -0.225994E+14
   0.815219E+13  -0.671429E+14   0.172295E+15  -0.222846E+14   0.164815E+14   0.713746E+13
  -0.108758E+15   0.385579E+14  -0.222846E+14   0.635310E+15  -0.122355E+15  -0.221488E+15
   0.584844E+14  -0.632990E+13   0.164815E+14  -0.122355E+15   0.377329E+15  -0.309570E+14
   0.354669E+14  -0.225994E+14   0.713746E+13  -0.221488E+15  -0.309570E+14   0.500399E+15
 trial position no.           12
 
 
 
 
 
 
 
 
 
 
 
 
  Covariance matrix; NOT corrected for  scaling
   0.117771E+15  -0.193025E+14   0.883299E+13  -0.115805E+15   0.616588E+14   0.361569E+14
  -0.193025E+14   0.423392E+15  -0.618992E+14   0.376924E+14  -0.744334E+13  -0.239921E+14
   0.883299E+13  -0.618992E+14   0.155528E+15  -0.245662E+14   0.178120E+14   0.739814E+13
  -0.115805E+15   0.376924E+14  -0.245662E+14   0.647138E+15  -0.158515E+15  -0.255356E+15
   0.616589E+14  -0.744334E+13   0.178120E+14  -0.158515E+15   0.370486E+15  -0.625430E+14
   0.361569E+14  -0.239921E+14   0.739814E+13  -0.255356E+15  -0.625430E+14   0.587496E+15
 trial position no.           13
 
 
 
 
 
 
 
 
 
 
 
 
  Covariance matrix; NOT corrected for  scaling
   0.124741E+15  -0.196494E+14   0.941311E+13  -0.122468E+15   0.649620E+14   0.367583E+14
  -0.196494E+14   0.390254E+15  -0.574541E+14   0.365812E+14  -0.827870E+13  -0.248120E+14
   0.941311E+13  -0.574540E+14   0.142780E+15  -0.263782E+14   0.191922E+14   0.745818E+13
  -0.122468E+15   0.365812E+14  -0.263782E+14   0.662925E+15  -0.190045E+15  -0.282504E+15
   0.649620E+14  -0.827870E+13   0.191922E+14  -0.190045E+15   0.369570E+15  -0.880375E+14
   0.367583E+14  -0.248120E+14   0.745818E+13  -0.282504E+15  -0.880375E+14   0.681557E+15
 trial position no.           14
 
 
 
 
 
 
 
 
 
 
 
 
  Covariance matrix; NOT corrected for  scaling
   0.132353E+15  -0.200327E+14   0.999355E+13  -0.129565E+15   0.681675E+14   0.378448E+14
  -0.200327E+14   0.363416E+15  -0.537288E+14   0.355699E+14  -0.883574E+13  -0.253342E+14
   0.999355E+13  -0.537288E+14   0.132913E+15  -0.283374E+14   0.203481E+14   0.773049E+13
  -0.129565E+15   0.355699E+14  -0.283374E+14   0.684835E+15  -0.218146E+15  -0.307176E+15
   0.681675E+14  -0.883574E+13   0.203481E+14  -0.218146E+15   0.372539E+15  -0.109104E+15
   0.378448E+14  -0.253342E+14   0.773049E+13  -0.307176E+15  -0.109104E+15   0.779021E+15
 trial position no.           15
 
 
 
 
 
 
 
 
 
 
 
 
  Covariance matrix; NOT corrected for  scaling
   0.140022E+15  -0.226217E+14   0.115985E+14  -0.136904E+15   0.705055E+14   0.375382E+14
  -0.226217E+14   0.406713E+15  -0.605671E+14   0.384491E+14  -0.101796E+14  -0.285555E+14
   0.115985E+14  -0.605671E+14   0.147681E+15  -0.332151E+14   0.233618E+14   0.894524E+13
  -0.136904E+15   0.384491E+14  -0.332151E+14   0.711550E+15  -0.241968E+15  -0.313882E+15
   0.705055E+14  -0.101796E+14   0.233618E+14  -0.241968E+15   0.375608E+15  -0.120131E+15
   0.375382E+14  -0.285555E+14   0.894524E+13  -0.313882E+15  -0.120131E+15   0.934068E+15
 trial position no.           16
 
 
 
 
 
 
 
 
 
 
 
 
  Covariance matrix; NOT corrected for  scaling
   0.148166E+15  -0.232745E+14   0.122522E+14  -0.143472E+15   0.734180E+14   0.382009E+14
  -0.232745E+14   0.390148E+15  -0.583287E+14   0.378154E+14  -0.106579E+14  -0.289890E+14
   0.122522E+14  -0.583287E+14   0.141325E+15  -0.352827E+14   0.247532E+14   0.924415E+13
  -0.143472E+15   0.378154E+14  -0.352827E+14   0.733979E+15  -0.268166E+15  -0.332087E+15
   0.734180E+14  -0.106579E+14   0.247532E+14  -0.268166E+15   0.379916E+15  -0.137328E+15
   0.382009E+14  -0.289890E+14   0.924415E+13  -0.332087E+15  -0.137328E+15   0.105298E+16
 trial position no.            7
 
 
 
 
 
 
 
 
 
 
 
 
  Covariance matrix; NOT corrected for  scaling
   0.152108E+15  -0.496757E+14   0.518307E+14  -0.127980E+13   0.230504E+14   0.599003E+14
  -0.496757E+14   0.284165E+15  -0.912912E+14   0.208506E+14   0.120252E+14  -0.274240E+14
   0.518307E+14  -0.912912E+14   0.266458E+15  -0.123801E+14  -0.577963E+13   0.302157E+14
  -0.127980E+13   0.208506E+14  -0.123801E+14   0.241714E+15   0.168173E+15   0.878802E+14
   0.230504E+14   0.120252E+14  -0.577963E+13   0.168173E+15   0.246433E+15   0.100846E+15
   0.599003E+14  -0.274240E+14   0.302157E+14   0.878802E+14   0.100846E+15   0.229726E+15
 trial position no.            8
 
 
 
 
 
 
 
 
 
 
 
 
  Covariance matrix; NOT corrected for  scaling
   0.167442E+15  -0.516260E+14   0.510791E+14  -0.924770E+13   0.180041E+14   0.476441E+14
  -0.516260E+14   0.232787E+15  -0.807406E+14   0.219173E+14   0.121802E+14  -0.285832E+14
   0.510791E+14  -0.807406E+14   0.215620E+15  -0.146964E+14  -0.744728E+13   0.278522E+14
  -0.924770E+13   0.219173E+14  -0.146964E+14   0.205901E+15   0.126914E+15   0.174798E+14
   0.180041E+14   0.121802E+14  -0.744728E+13   0.126914E+15   0.207887E+15   0.278044E+14
   0.476441E+14  -0.285832E+14   0.278522E+14   0.174798E+14   0.278044E+14   0.198541E+15
 trial position no.            9
 
 
 
 
 
 
 
 
 
 
 
 
  Covariance matrix; NOT corrected for  scaling
   0.181815E+15  -0.530292E+14   0.501641E+14  -0.156921E+14   0.142349E+14   0.370308E+14
  -0.530292E+14   0.197742E+15  -0.717159E+14   0.212647E+14   0.108268E+14  -0.296701E+14
   0.501641E+14  -0.717159E+14   0.181335E+15  -0.149659E+14  -0.737814E+13   0.267477E+14
  -0.156921E+14   0.212647E+14  -0.149659E+14   0.182429E+15   0.977004E+14  -0.284751E+14
   0.142349E+14   0.108268E+14  -0.737814E+13   0.977004E+14   0.182192E+15  -0.204588E+14
   0.370309E+14  -0.296701E+14   0.267477E+14  -0.284751E+14  -0.204588E+14   0.209648E+15
 trial position no.           10
 
 
 
 
 
 
 
 
 
 
 
 
  Covariance matrix; NOT corrected for  scaling
   0.193943E+15  -0.563088E+14   0.511655E+14  -0.196474E+14   0.125048E+14   0.265126E+14
  -0.563088E+14   0.192904E+15  -0.719944E+14   0.201802E+14   0.859108E+13  -0.312802E+14
   0.511655E+14  -0.719944E+14   0.175316E+15  -0.141752E+14  -0.611726E+13   0.270236E+14
  -0.196474E+14   0.201802E+14  -0.141752E+14   0.168912E+15   0.785060E+14  -0.520434E+14
   0.125048E+14   0.859109E+13  -0.611726E+13   0.785060E+14   0.167370E+15  -0.462919E+14
   0.265126E+14  -0.312802E+14   0.270236E+14  -0.520434E+14  -0.462919E+14   0.254693E+15
 trial position no.           11
 
 
 
 
 
 
 
 
 
 
 
 
  Covariance matrix; NOT corrected for  scaling
   0.206795E+15  -0.576997E+14   0.505014E+14  -0.259093E+14   0.859392E+13   0.163791E+14
  -0.576997E+14   0.173077E+15  -0.661466E+14   0.205277E+14   0.824699E+13  -0.314195E+14
   0.505013E+14  -0.661466E+14   0.155889E+15  -0.147583E+14  -0.647134E+13   0.263313E+14
  -0.259093E+14   0.205277E+14  -0.147583E+14   0.158537E+15   0.614425E+14  -0.769887E+14
   0.859392E+13   0.824699E+13  -0.647134E+13   0.614425E+14   0.154755E+15  -0.734297E+14
   0.163791E+14  -0.314195E+14   0.263313E+14  -0.769887E+14  -0.734297E+14   0.304485E+15
 trial position no.           12
 
 
 
 
 
 
 
 
 
 
 
 
  Covariance matrix; NOT corrected for  scaling
   0.218652E+15  -0.582207E+14   0.492598E+14  -0.312542E+14   0.536351E+13   0.695087E+13
  -0.582207E+14   0.157399E+15  -0.607259E+14   0.203826E+14   0.758771E+13  -0.308796E+14
   0.492598E+14  -0.607259E+14   0.140728E+15  -0.147234E+14  -0.644341E+13   0.254598E+14
  -0.312542E+14   0.203826E+14  -0.147234E+14   0.152200E+15   0.479695E+14  -0.953985E+14
   0.536351E+13   0.758771E+13  -0.644341E+13   0.479695E+14   0.146493E+15  -0.938775E+14
   0.695087E+13  -0.308796E+14   0.254598E+14  -0.953985E+14  -0.938775E+14   0.363130E+15
 trial position no.           13
 
 
 
 
 
 
 
 
 
 
 
 
  Covariance matrix; NOT corrected for  scaling
   0.228082E+15  -0.568879E+14   0.466072E+14  -0.336121E+14   0.456278E+13  -0.407510E+13
  -0.568879E+14   0.144003E+15  -0.551969E+14   0.184749E+14   0.567187E+13  -0.285150E+14
   0.466072E+14  -0.551969E+14   0.128126E+15  -0.131561E+14  -0.514034E+13   0.232796E+14
  -0.336121E+14   0.184749E+14  -0.131561E+14   0.146825E+15   0.354475E+14  -0.107738E+15
   0.456278E+13   0.567187E+13  -0.514034E+13   0.354475E+14   0.140347E+15  -0.108608E+15
  -0.407510E+13  -0.285150E+14   0.232796E+14  -0.107738E+15  -0.108608E+15   0.424574E+15
 trial position no.           14
 
 
 
 
 
 
 
 
 
 
 
 
  Covariance matrix; NOT corrected for  scaling
   0.240029E+15  -0.568495E+14   0.451599E+14  -0.378552E+14   0.236940E+13  -0.121018E+14
  -0.568495E+14   0.133817E+15  -0.510205E+14   0.181613E+14   0.510053E+13  -0.276213E+14
   0.451599E+14  -0.510205E+14   0.118465E+15  -0.129285E+14  -0.493372E+13   0.226005E+14
  -0.378552E+14   0.181613E+14  -0.129285E+14   0.146332E+15   0.266890E+14  -0.120025E+15
   0.236940E+13   0.510053E+13  -0.493372E+13   0.266890E+14   0.138363E+15  -0.122641E+15
  -0.121018E+14  -0.276213E+14   0.226005E+14  -0.120025E+15  -0.122641E+15   0.490520E+15
 trial position no.           15
 
 
 
 
 
 
 
 
 
 
 
 
  Covariance matrix; NOT corrected for  scaling
   0.252590E+15  -0.629962E+14   0.484859E+14  -0.447400E+14  -0.226430E+13  -0.218957E+14
  -0.629962E+14   0.149376E+15  -0.571209E+14   0.205871E+14   0.566534E+13  -0.306736E+14
   0.484859E+14  -0.571209E+14   0.131351E+15  -0.146328E+14  -0.577029E+13   0.255059E+14
  -0.447401E+14   0.205871E+14  -0.146328E+14   0.148727E+15   0.198604E+14  -0.123977E+15
  -0.226430E+13   0.566534E+13  -0.577028E+13   0.198604E+14   0.138118E+15  -0.128748E+15
  -0.218957E+14  -0.306736E+14   0.255059E+14  -0.123977E+15  -0.128748E+15   0.596601E+15
 trial position no.           16
 
 
 
 
 
 
 
 
 
 
 
 
  Covariance matrix; NOT corrected for  scaling
   0.261470E+15  -0.617455E+14   0.458981E+14  -0.472050E+14  -0.332574E+13  -0.327969E+14
  -0.617455E+14   0.141787E+15  -0.535060E+14   0.194696E+14   0.438792E+13  -0.285623E+14
   0.458981E+14  -0.535060E+14   0.124238E+15  -0.135900E+14  -0.499189E+13   0.242977E+14
  -0.472050E+14   0.194696E+14  -0.135900E+14   0.148234E+15   0.103871E+14  -0.130484E+15
  -0.332574E+13   0.438792E+13  -0.499189E+13   0.103871E+14   0.136723E+15  -0.137656E+15
  -0.327969E+14  -0.285623E+14   0.242977E+14  -0.130484E+15  -0.137656E+15   0.674552E+15
 trial position no.            7
 
 
 
 
 
 
 
 
 
 
 
 
  Covariance matrix; NOT corrected for  scaling
   0.916815E+14  -0.454565E+14   0.295195E+14   0.531978E+14   0.629942E+14  -0.781194E+13
  -0.454565E+14   0.235564E+15   0.852732E+14  -0.693341E+13  -0.230144E+14  -0.142805E+14
   0.295195E+14   0.852732E+14   0.247793E+15   0.634278E+13   0.111441E+13   0.198827E+14
   0.531977E+14  -0.693341E+13   0.634279E+13   0.178901E+15   0.115035E+15   0.663973E+14
   0.629941E+14  -0.230144E+14   0.111441E+13   0.115035E+15   0.206035E+15   0.660751E+14
  -0.781194E+13  -0.142805E+14   0.198827E+14   0.663972E+14   0.660751E+14   0.207293E+15
 trial position no.            8
 
 
 
 
 
 
 
 
 
 
 
 
  Covariance matrix; NOT corrected for  scaling
   0.100017E+15  -0.454958E+14   0.283954E+14   0.495490E+14   0.608303E+14  -0.276849E+14
  -0.454958E+14   0.191310E+15   0.674279E+14  -0.457367E+13  -0.195788E+14  -0.793342E+13
   0.283954E+14   0.674279E+14   0.198750E+15   0.346943E+13  -0.461571E+12   0.169460E+14
   0.495490E+14  -0.457367E+13   0.346943E+13   0.156625E+15   0.886948E+14   0.209704E+14
   0.608303E+14  -0.195788E+14  -0.461571E+12   0.886948E+14   0.182965E+15   0.157367E+14
  -0.276849E+14  -0.793343E+13   0.169460E+14   0.209704E+14   0.157367E+14   0.198720E+15
 trial position no.            9
 
 
 
 
 
 
 
 
 
 
 
 
  Covariance matrix; NOT corrected for  scaling
   0.109176E+15  -0.465960E+14   0.286202E+14   0.481733E+14   0.609349E+14  -0.451833E+14
  -0.465960E+14   0.161955E+15   0.546927E+14  -0.466878E+13  -0.195214E+14  -0.403156E+13
   0.286202E+14   0.546927E+14   0.166238E+15   0.386519E+13   0.574684E+12   0.159233E+14
   0.481733E+14  -0.466878E+13   0.386519E+13   0.141633E+15   0.685818E+14  -0.109020E+14
   0.609349E+14  -0.195214E+14   0.574684E+12   0.685818E+14   0.167735E+15  -0.207217E+14
  -0.451833E+14  -0.403155E+13   0.159233E+14  -0.109020E+14  -0.207217E+14   0.215609E+15
 trial position no.           10
 
 
 
 
 
 
 
 
 
 
 
 
  Covariance matrix; NOT corrected for  scaling
   0.118062E+15  -0.504745E+14   0.304465E+14   0.485916E+14   0.628875E+14  -0.606659E+14
  -0.504745E+14   0.157535E+15   0.518687E+14  -0.720511E+13  -0.237703E+14  -0.122762E+13
   0.304465E+14   0.518687E+14   0.159871E+15   0.706836E+13   0.332250E+13   0.167026E+14
   0.485916E+14  -0.720511E+13   0.706836E+13   0.132163E+15   0.530266E+14  -0.268559E+14
   0.628875E+14  -0.237703E+14   0.332250E+13   0.530266E+14   0.158847E+15  -0.410231E+14
  -0.606659E+14  -0.122762E+13   0.167026E+14  -0.268559E+14  -0.410231E+14   0.261669E+15
 trial position no.           11
 
 
 
 
 
 
 
 
 
 
 
 
  Covariance matrix; NOT corrected for  scaling
   0.126118E+15  -0.522112E+14   0.304704E+14   0.467062E+14   0.624340E+14  -0.767502E+14
  -0.522112E+14   0.141482E+15   0.445314E+14  -0.687599E+13  -0.239786E+14   0.307554E+13
   0.304704E+14   0.445314E+14   0.141620E+15   0.661495E+13   0.290039E+13   0.159085E+14
   0.467062E+14  -0.687599E+13   0.661495E+13   0.126033E+15   0.397582E+14  -0.436246E+14
   0.624340E+14  -0.239786E+14   0.290039E+13   0.397582E+14   0.152889E+15  -0.626054E+14
  -0.767502E+14   0.307554E+13   0.159085E+14  -0.436246E+14  -0.626054E+14   0.304557E+15
 trial position no.           12
 
 
 
 
 
 
 
 
 
 
 
 
  Covariance matrix; NOT corrected for  scaling
   0.133948E+15  -0.533061E+14   0.306943E+14   0.456478E+14   0.626665E+14  -0.921547E+14
  -0.533061E+14   0.128735E+15   0.390709E+14  -0.642563E+13  -0.245644E+14   0.710195E+13
   0.306943E+14   0.390709E+14   0.127603E+15   0.722440E+13   0.289822E+13   0.147545E+14
   0.456478E+14  -0.642563E+13   0.722440E+13   0.122902E+15   0.283552E+14  -0.563803E+14
   0.626665E+14  -0.245644E+14   0.289822E+13   0.283552E+14   0.150028E+15  -0.801917E+14
  -0.921547E+14   0.710194E+13   0.147545E+14  -0.563803E+14  -0.801917E+14   0.352723E+15
 trial position no.           13
 
 
 
 
 
 
 
 
 
 
 
 
  Covariance matrix; NOT corrected for  scaling
   0.141955E+15  -0.543028E+14   0.310325E+14   0.457951E+14   0.640129E+14  -0.107033E+15
  -0.543028E+14   0.118804E+15   0.354013E+14  -0.767344E+13  -0.260393E+14   0.114394E+14
   0.310325E+14   0.354013E+14   0.116871E+15   0.874702E+13   0.476517E+13   0.126940E+14
   0.457951E+14  -0.767344E+13   0.874702E+13   0.119136E+15   0.156750E+14  -0.644684E+14
   0.640129E+14  -0.260393E+14   0.476517E+13   0.156750E+14   0.146561E+15  -0.928771E+14
  -0.107033E+15   0.114394E+14   0.126940E+14  -0.644684E+14  -0.928770E+14   0.401561E+15
 trial position no.           14
 
 
 
 
 
 
 
 
 
 
 
 
  Covariance matrix; NOT corrected for  scaling
   0.149882E+15  -0.555483E+14   0.310677E+14   0.454663E+14   0.647435E+14  -0.120127E+15
  -0.555483E+14   0.111470E+15   0.325347E+14  -0.796734E+13  -0.263299E+14   0.145770E+14
   0.310677E+14   0.325347E+14   0.108689E+15   0.865052E+13   0.508068E+13   0.121231E+14
   0.454663E+14  -0.796734E+13   0.865052E+13   0.119622E+15   0.681772E+13  -0.724948E+14
   0.647435E+14  -0.263299E+14   0.508068E+13   0.681773E+13   0.147366E+15  -0.105242E+15
  -0.120127E+15   0.145770E+14   0.121231E+14  -0.724948E+14  -0.105242E+15   0.451816E+15
 trial position no.           15
 
 
 
 
 
 
 
 
 
 
 
 
  Covariance matrix; NOT corrected for  scaling
   0.156606E+15  -0.612960E+14   0.336337E+14   0.433600E+14   0.635304E+14  -0.133127E+15
  -0.612960E+14   0.124562E+15   0.356195E+14  -0.775384E+13  -0.285618E+14   0.171670E+14
   0.336337E+14   0.356195E+14   0.120497E+15   0.954227E+13   0.503133E+13   0.150632E+14
   0.433600E+14  -0.775385E+13   0.954226E+13   0.123018E+15  -0.386348E+12  -0.711350E+14
   0.635304E+14  -0.285618E+14   0.503132E+13  -0.386350E+12   0.150331E+15  -0.108898E+15
  -0.133127E+15   0.171670E+14   0.150632E+14  -0.711350E+14  -0.108898E+15   0.539682E+15
 trial position no.           16
 
 
 
 
 
 
 
 
 
 
 
 
  Covariance matrix; NOT corrected for  scaling
   0.162913E+15  -0.616685E+14   0.332189E+14   0.427134E+14   0.637237E+14  -0.145963E+15
  -0.616685E+14   0.118878E+15   0.342136E+14  -0.784920E+13  -0.292508E+14   0.205711E+14
   0.332189E+14   0.342136E+14   0.114591E+15   0.103575E+14   0.544192E+13   0.145124E+14
   0.427134E+14  -0.784921E+13   0.103575E+14   0.123180E+15  -0.111942E+14  -0.737213E+14
   0.637237E+14  -0.292508E+14   0.544192E+13  -0.111942E+14   0.150410E+15  -0.116241E+15
  -0.145963E+15   0.205711E+14   0.145124E+14  -0.737213E+14  -0.116241E+15   0.596533E+15
 trial position no.            7
 
 
 
 
 
 
 
 
 
 
 
 
  Covariance matrix; NOT corrected for  scaling
   0.112965E+15  -0.569394E+14   0.162971E+14   0.349781E+14   0.544591E+14  -0.201622E+14
  -0.569394E+14   0.313557E+15   0.973415E+14  -0.991590E+13  -0.189250E+14  -0.146161E+12
   0.162971E+14   0.973415E+14   0.365044E+15  -0.152397E+14  -0.157865E+14   0.279906E+14
   0.349781E+14  -0.991590E+13  -0.152397E+14   0.245515E+15   0.145914E+15   0.109776E+15
   0.544591E+14  -0.189250E+14  -0.157865E+14   0.145914E+15   0.296740E+15   0.101000E+15
  -0.201622E+14  -0.146159E+12   0.279906E+14   0.109776E+15   0.101000E+15   0.316215E+15
 trial position no.            8
 
 
 
 
 
 
 
 
 
 
 
 
  Covariance matrix; NOT corrected for  scaling
   0.121363E+15  -0.560940E+14   0.156565E+14   0.310086E+14   0.523503E+14  -0.345722E+14
  -0.560940E+14   0.253827E+15   0.794248E+14  -0.742901E+13  -0.157094E+14   0.455838E+13
   0.156565E+14   0.794248E+14   0.293148E+15  -0.156559E+14  -0.148434E+14   0.303764E+14
   0.310086E+14  -0.742901E+13  -0.156559E+14   0.213543E+15   0.106586E+15   0.478098E+14
   0.523503E+14  -0.157094E+14  -0.148434E+14   0.106586E+15   0.262594E+15   0.308779E+14
  -0.345722E+14   0.455838E+13   0.303764E+14   0.478098E+14   0.308779E+14   0.295426E+15
 trial position no.            9
 
 
 
 
 
 
 
 
 
 
 
 
  Covariance matrix; NOT corrected for  scaling
   0.129748E+15  -0.554789E+14   0.158564E+14   0.291139E+14   0.522626E+14  -0.464377E+14
  -0.554789E+14   0.213073E+15   0.656994E+14  -0.648144E+13  -0.144780E+14   0.685319E+13
   0.158564E+14   0.656994E+14   0.244422E+15  -0.130664E+14  -0.115126E+14   0.335732E+14
   0.291139E+14  -0.648144E+13  -0.130664E+14   0.192484E+15   0.770531E+14   0.574060E+13
   0.522626E+14  -0.144780E+14  -0.115126E+14   0.770531E+14   0.240193E+15  -0.186754E+14
  -0.464377E+14   0.685320E+13   0.335732E+14   0.574060E+13  -0.186754E+14   0.310155E+15
 trial position no.           10
 
 
 
 
 
 
 
 
 
 
 
 
  Covariance matrix; NOT corrected for  scaling
   0.137372E+15  -0.581367E+14   0.164637E+14   0.286767E+14   0.538639E+14  -0.566248E+14
  -0.581367E+14   0.205962E+15   0.634648E+14  -0.789363E+13  -0.167860E+14   0.884946E+13
   0.164637E+14   0.634648E+14   0.234659E+15  -0.929762E+13  -0.749298E+13   0.391835E+14
   0.286767E+14  -0.789363E+13  -0.929762E+13   0.180492E+15   0.556093E+14  -0.133382E+14
   0.538639E+14  -0.167860E+14  -0.749298E+13   0.556093E+14   0.227977E+15  -0.447315E+14
  -0.566247E+14   0.884945E+13   0.391835E+14  -0.133382E+14  -0.447315E+14   0.366947E+15
 trial position no.           11
 
 
 
 
 
 
 
 
 
 
 
 
  Covariance matrix; NOT corrected for  scaling
   0.145037E+15  -0.591849E+14   0.161291E+14   0.263803E+14   0.536481E+14  -0.669071E+14
  -0.591849E+14   0.183739E+15   0.555374E+14  -0.793002E+13  -0.169128E+14   0.116598E+14
   0.161291E+14   0.555374E+14   0.207454E+15  -0.919811E+13  -0.695379E+13   0.418708E+14
   0.263803E+14  -0.793002E+13  -0.919811E+13   0.172101E+15   0.369098E+14  -0.347374E+14
   0.536481E+14  -0.169128E+14  -0.695379E+13   0.369098E+14   0.219790E+15  -0.736196E+14
  -0.669071E+14   0.116598E+14   0.418708E+14  -0.347374E+14  -0.736196E+14   0.416466E+15
 trial position no.           12
 
 
 
 
 
 
 
 
 
 
 
 
  Covariance matrix; NOT corrected for  scaling
   0.152614E+15  -0.594173E+14   0.163115E+14   0.248999E+14   0.541398E+14  -0.765810E+14
  -0.594173E+14   0.166027E+15   0.491051E+14  -0.734049E+13  -0.167219E+14   0.138305E+14
   0.163115E+14   0.491051E+14   0.186427E+15  -0.778283E+13  -0.558704E+13   0.434185E+14
   0.248999E+14  -0.734049E+13  -0.778283E+13   0.167748E+15   0.209761E+14  -0.507659E+14
   0.541398E+14  -0.167220E+14  -0.558704E+13   0.209761E+14   0.215712E+15  -0.970647E+14
  -0.765810E+14   0.138305E+14   0.434186E+14  -0.507659E+14  -0.970647E+14   0.473299E+15
 trial position no.           13
 
 
 
 
 
 
 
 
 
 
 
 
  Covariance matrix; NOT corrected for  scaling
   0.159935E+15  -0.590693E+14   0.165443E+14   0.248174E+14   0.558434E+14  -0.859008E+14
  -0.590693E+14   0.151967E+15   0.445531E+14  -0.800818E+13  -0.170917E+14   0.157912E+14
   0.165443E+14   0.445531E+14   0.170136E+15  -0.534757E+13  -0.219594E+13   0.432260E+14
   0.248174E+14  -0.800818E+13  -0.534757E+13   0.163787E+15   0.437144E+13  -0.613865E+14
   0.558434E+14  -0.170917E+14  -0.219595E+13   0.437144E+13   0.211736E+15  -0.114454E+15
  -0.859008E+14   0.157912E+14   0.432260E+14  -0.613865E+14  -0.114454E+15   0.531914E+15
 trial position no.           14
 
 
 
 
 
 
 
 
 
 
 
 
  Covariance matrix; NOT corrected for  scaling
   0.168047E+15  -0.597889E+14   0.165294E+14   0.244040E+14   0.569013E+14  -0.940039E+14
  -0.597889E+14   0.141757E+15   0.411567E+14  -0.862340E+13  -0.171330E+14   0.174926E+14
   0.165294E+14   0.411567E+14   0.157874E+15  -0.510040E+13  -0.100714E+13   0.443793E+14
   0.244040E+14  -0.862340E+13  -0.510040E+13   0.164970E+15  -0.734804E+13  -0.719179E+14
   0.569013E+14  -0.171330E+14  -0.100714E+13  -0.734804E+13   0.213457E+15  -0.131419E+15
  -0.940039E+14   0.174926E+14   0.443793E+14  -0.719179E+14  -0.131419E+15   0.593172E+15
 trial position no.           15
 
 
 
 
 
 
 
 
 
 
 
 
  Covariance matrix; NOT corrected for  scaling
   0.175783E+15  -0.658478E+14   0.180980E+14   0.227008E+14   0.564833E+14  -0.102466E+15
  -0.658478E+14   0.157825E+15   0.453200E+14  -0.893328E+13  -0.181061E+14   0.197731E+14
   0.180981E+14   0.453200E+14   0.175025E+15  -0.470812E+13  -0.178440E+12   0.528033E+14
   0.227008E+14  -0.893328E+13  -0.470812E+13   0.170279E+15  -0.161011E+14  -0.693417E+14
   0.564833E+14  -0.181061E+14  -0.178441E+12  -0.161011E+14   0.218363E+15  -0.136453E+15
  -0.102466E+15   0.197731E+14   0.528033E+14  -0.693417E+14  -0.136453E+15   0.707835E+15
 trial position no.           16
 
 
 
 
 
 
 
 
 
 
 
 
  Covariance matrix; NOT corrected for  scaling
   0.183271E+15  -0.660190E+14   0.179653E+14   0.225635E+14   0.578443E+14  -0.111396E+15
  -0.660190E+14   0.150147E+15   0.432762E+14  -0.929340E+13  -0.183021E+14   0.220656E+14
   0.179653E+14   0.432762E+14   0.166504E+15  -0.326602E+13   0.164176E+13   0.538238E+14
   0.225635E+14  -0.929340E+13  -0.326602E+13   0.171611E+15  -0.297013E+14  -0.741459E+14
   0.578443E+14  -0.183021E+14   0.164175E+13  -0.297013E+14   0.219616E+15  -0.148127E+15
  -0.111396E+15   0.220656E+14   0.538239E+14  -0.741459E+14  -0.148127E+15   0.780884E+15
 trial position no.            7
 
 
 
 
 
 
 
 
 
 
 
 
  Covariance matrix; NOT corrected for  scaling
   0.130257E+15  -0.455252E+14   0.800971E+13   0.417662E+14   0.732276E+14  -0.460980E+14
  -0.455252E+14   0.261738E+15   0.140567E+15  -0.193638E+14  -0.348516E+14   0.110796E+14
   0.800971E+13   0.140567E+15   0.333103E+15  -0.230924E+13  -0.736862E+13   0.121998E+14
   0.417662E+14  -0.193638E+14  -0.230924E+13   0.186728E+15   0.127564E+15   0.807689E+14
   0.732276E+14  -0.348516E+14  -0.736862E+13   0.127564E+15   0.232896E+15   0.618836E+14
  -0.460980E+14   0.110796E+14   0.121998E+14   0.807689E+14   0.618836E+14   0.240602E+15
 trial position no.            8
 
 
 
 
 
 
 
 
 
 
 
 
  Covariance matrix; NOT corrected for  scaling
   0.138514E+15  -0.440017E+14   0.686831E+13   0.387636E+14   0.721174E+14  -0.606834E+14
  -0.440017E+14   0.213232E+15   0.118639E+15  -0.156516E+14  -0.302655E+14   0.170226E+14
   0.686831E+13   0.118639E+15   0.272519E+15  -0.377553E+13  -0.840572E+13   0.132709E+14
   0.387636E+14  -0.156516E+14  -0.377553E+13   0.160677E+15   0.970522E+14   0.322036E+14
   0.721174E+14  -0.302655E+14  -0.840572E+13   0.970522E+14   0.205724E+15   0.793236E+13
  -0.606834E+14   0.170226E+14   0.132709E+14   0.322036E+14   0.793236E+13   0.224263E+15
 trial position no.            9
 
 
 
 
 
 
 
 
 
 
 
 
  Covariance matrix; NOT corrected for  scaling
   0.146355E+15  -0.428262E+14   0.668986E+13   0.375342E+14   0.727230E+14  -0.725562E+14
  -0.428262E+14   0.179569E+15   0.101158E+15  -0.134587E+14  -0.275283E+14   0.204484E+14
   0.668986E+13   0.101158E+15   0.229866E+15  -0.289686E+13  -0.720902E+13   0.150132E+14
   0.375342E+14  -0.134587E+14  -0.289686E+13   0.143606E+15   0.751874E+14  -0.908886E+12
   0.727230E+14  -0.275283E+14  -0.720902E+13   0.751874E+14   0.188546E+15  -0.298908E+14
  -0.725562E+14   0.204484E+14   0.150132E+14  -0.908886E+12  -0.298908E+14   0.233917E+15
 trial position no.           10
 
 
 
 
 
 
 
 
 
 
 
 
  Covariance matrix; NOT corrected for  scaling
   0.152982E+15  -0.443843E+14   0.664838E+13   0.371535E+14   0.741685E+14  -0.820308E+14
  -0.443843E+14   0.174651E+15   0.996777E+14  -0.131350E+14  -0.281104E+14   0.238090E+14
   0.664838E+13   0.996777E+14   0.223686E+15  -0.100796E+13  -0.585687E+13   0.182377E+14
   0.371535E+14  -0.131350E+14  -0.100796E+13   0.134181E+15   0.606083E+14  -0.169674E+14
   0.741685E+14  -0.281104E+14  -0.585687E+13   0.606083E+14   0.179812E+15  -0.501111E+14
  -0.820308E+14   0.238090E+14   0.182377E+14  -0.169674E+14  -0.501111E+14   0.272651E+15
 trial position no.           11
 
 
 
 
 
 
 
 
 
 
 
 
  Covariance matrix; NOT corrected for  scaling
   0.158832E+15  -0.444411E+14   0.585802E+13   0.352819E+14   0.740686E+14  -0.911552E+14
  -0.444411E+14   0.155819E+15   0.892064E+14  -0.121366E+14  -0.271560E+14   0.265579E+14
   0.585802E+13   0.892064E+14   0.199069E+15  -0.135139E+13  -0.631385E+13   0.202423E+14
   0.352819E+14  -0.121366E+14  -0.135139E+13   0.126294E+15   0.468690E+14  -0.344691E+14
   0.740686E+14  -0.271560E+14  -0.631385E+13   0.468690E+14   0.172400E+15  -0.719708E+14
  -0.911552E+14   0.265579E+14   0.202423E+14  -0.344691E+14  -0.719708E+14   0.306979E+15
 trial position no.           12
 
 
 
 
 
 
 
 
 
 
 
 
  Covariance matrix; NOT corrected for  scaling
   0.164522E+15  -0.439509E+14   0.579083E+13   0.340270E+14   0.745192E+14  -0.992443E+14
  -0.439509E+14   0.140803E+15   0.804074E+14  -0.108574E+14  -0.260951E+14   0.283325E+14
   0.579082E+13   0.804074E+14   0.179691E+15  -0.666021E+12  -0.595423E+13   0.214320E+14
   0.340270E+14  -0.108574E+14  -0.666022E+12   0.121536E+15   0.356437E+14  -0.478804E+14
   0.745192E+14  -0.260951E+14  -0.595423E+13   0.356437E+14   0.168332E+15  -0.895448E+14
  -0.992443E+14   0.283325E+14   0.214320E+14  -0.478804E+14  -0.895448E+14   0.346474E+15
 trial position no.           13
 
 
 
 
 
 
 
 
 
 
 
 
  Covariance matrix; NOT corrected for  scaling
   0.170129E+15  -0.432239E+14   0.611256E+13   0.335987E+14   0.756638E+14  -0.106505E+15
  -0.432239E+14   0.129079E+15   0.735085E+14  -0.102346E+14  -0.251545E+14   0.294543E+14
   0.611257E+13   0.735085E+14   0.164645E+15   0.626519E+12  -0.419852E+13   0.215272E+14
   0.335987E+14  -0.102346E+14   0.626517E+12   0.117557E+15   0.246318E+14  -0.577730E+14
   0.756638E+14  -0.251545E+14  -0.419852E+13   0.246318E+14   0.164995E+15  -0.103144E+15
  -0.106505E+15   0.294543E+14   0.215272E+14  -0.577730E+14  -0.103144E+15   0.387671E+15
 trial position no.           14
 
 
 
 
 
 
 
 
 
 
 
 
  Covariance matrix; NOT corrected for  scaling
   0.176199E+15  -0.432285E+14   0.596258E+13   0.332101E+14   0.767920E+14  -0.112909E+15
  -0.432285E+14   0.120259E+15   0.682630E+14  -0.100897E+14  -0.246658E+14   0.306461E+14
   0.596258E+13   0.682630E+14   0.152977E+15   0.655057E+12  -0.370801E+13   0.224497E+14
   0.332101E+14  -0.100897E+14   0.655057E+12   0.117059E+15   0.168149E+14  -0.669379E+14
   0.767920E+14  -0.246658E+14  -0.370802E+13   0.168149E+14   0.165541E+15  -0.115802E+15
  -0.112909E+15   0.306461E+14   0.224497E+14  -0.669379E+14  -0.115802E+15   0.430236E+15
 trial position no.           15
 
 
 
 
 
 
 
 
 
 
 
 
  Covariance matrix; NOT corrected for  scaling
   0.181216E+15  -0.468180E+14   0.629302E+13   0.319925E+14   0.768417E+14  -0.118597E+15
  -0.468180E+14   0.133808E+15   0.760774E+14  -0.101719E+14  -0.261423E+14   0.339922E+14
   0.629303E+13   0.760774E+14   0.170160E+15   0.114282E+13  -0.389428E+13   0.272717E+14
   0.319925E+14  -0.101719E+14   0.114282E+13   0.119352E+15   0.112205E+14  -0.668926E+14
   0.768417E+14  -0.261423E+14  -0.389428E+13   0.112205E+14   0.168548E+15  -0.119325E+15
  -0.118597E+15   0.339922E+14   0.272716E+14  -0.668926E+14  -0.119325E+15   0.506242E+15
 trial position no.           16
 
 
 
 
 
 
 
 
 
 
 
 
  Covariance matrix; NOT corrected for  scaling
   0.186579E+15  -0.465011E+14   0.629106E+13   0.314310E+14   0.777332E+14  -0.124147E+15
  -0.465011E+14   0.127633E+15   0.726814E+14  -0.958566E+13  -0.256034E+14   0.348802E+14
   0.629106E+13   0.726814E+14   0.162448E+15   0.198240E+13  -0.310936E+13   0.282379E+14
   0.314310E+14  -0.958566E+13   0.198240E+13   0.118957E+15   0.229304E+13  -0.722806E+14
   0.777332E+14  -0.256034E+14  -0.310936E+13   0.229304E+13   0.168833E+15  -0.128065E+15
  -0.124147E+15   0.348802E+14   0.282379E+14  -0.722806E+14  -0.128065E+15   0.556257E+15
 trial position no.            7
 
 
 
 
 
 
 
 
 
 
 
 
  Covariance matrix; NOT corrected for  scaling
   0.118206E+15  -0.410010E+14   0.335300E+14  -0.269521E+13   0.372790E+14   0.226597E+14
  -0.410010E+14   0.311073E+15  -0.463410E+14   0.250087E+14   0.114785E+14  -0.173865E+14
   0.335300E+14  -0.463410E+14   0.373932E+15  -0.211046E+14  -0.113069E+14   0.239211E+14
  -0.269521E+13   0.250086E+14  -0.211046E+14   0.291789E+15   0.178266E+15   0.123758E+15
   0.372790E+14   0.114785E+14  -0.113069E+14   0.178266E+15   0.334956E+15   0.125521E+15
   0.226597E+14  -0.173865E+14   0.239211E+14   0.123759E+15   0.125521E+15   0.307437E+15
 trial position no.            8
 
 
 
 
 
 
 
 
 
 
 
 
  Covariance matrix; NOT corrected for  scaling
   0.128306E+15  -0.412290E+14   0.322367E+14  -0.949016E+13   0.357680E+14   0.121990E+14
  -0.412290E+14   0.249631E+15  -0.411941E+14   0.243411E+14   0.946090E+13  -0.201218E+14
   0.322367E+14  -0.411941E+14   0.299107E+15  -0.216629E+14  -0.110887E+14   0.256322E+14
  -0.949015E+13   0.243411E+14  -0.216629E+14   0.251621E+15   0.127914E+15   0.449103E+14
   0.357680E+14   0.946090E+13  -0.110887E+14   0.127914E+15   0.290987E+15   0.386825E+14
   0.121990E+14  -0.201218E+14   0.256322E+14   0.449103E+14   0.386825E+14   0.274764E+15
 trial position no.            9
 
 
 
 
 
 
 
 
 
 
 
 
  Covariance matrix; NOT corrected for  scaling
   0.138012E+15  -0.414222E+14   0.310585E+14  -0.146815E+14   0.354719E+14   0.352009E+13
  -0.414222E+14   0.208963E+15  -0.368088E+14   0.228235E+14   0.683751E+13  -0.224713E+14
   0.310585E+14  -0.368088E+14   0.249401E+15  -0.200449E+14  -0.921417E+13   0.279835E+14
  -0.146815E+14   0.228235E+14  -0.200449E+14   0.225757E+15   0.914330E+14  -0.672038E+13
   0.354719E+14   0.683751E+13  -0.921417E+13   0.914330E+14   0.262309E+15  -0.201501E+14
   0.352009E+13  -0.224713E+14   0.279835E+14  -0.672038E+13  -0.201501E+14   0.289328E+15
 trial position no.           10
 
 
 
 
 
 
 
 
 
 
 
 
  Covariance matrix; NOT corrected for  scaling
   0.146692E+15  -0.435986E+14   0.310563E+14  -0.182347E+14   0.364546E+14  -0.446123E+13
  -0.435986E+14   0.201343E+15  -0.366486E+14   0.212719E+14   0.322865E+13  -0.249642E+14
   0.310563E+14  -0.366486E+14   0.239501E+15  -0.177688E+14  -0.646721E+13   0.316202E+14
  -0.182347E+14   0.212719E+14  -0.177687E+14   0.211468E+15   0.664115E+14  -0.313885E+14
   0.364546E+14   0.322865E+13  -0.646721E+13   0.664115E+14   0.246597E+15  -0.513301E+14
  -0.446123E+13  -0.249642E+14   0.316202E+14  -0.313885E+14  -0.513301E+14   0.348376E+15
 trial position no.           11
 
 
 
 
 
 
 
 
 
 
 
 
  Covariance matrix; NOT corrected for  scaling
   0.155604E+15  -0.444835E+14   0.301511E+14  -0.234411E+14   0.356052E+14  -0.121230E+14
  -0.444835E+14   0.178922E+15  -0.338209E+14   0.206666E+14   0.152441E+13  -0.255957E+14
   0.301511E+14  -0.338209E+14   0.211803E+15  -0.174861E+14  -0.611872E+13   0.334986E+14
  -0.234411E+14   0.206666E+14  -0.174861E+14   0.200704E+15   0.437407E+14  -0.584283E+14
   0.356052E+14   0.152441E+13  -0.611872E+13   0.437407E+14   0.233561E+15  -0.851974E+14
  -0.121230E+14  -0.255957E+14   0.334986E+14  -0.584283E+14  -0.851974E+14   0.406295E+15
 trial position no.           12
 
 
 
 
 
 
 
 
 
 
 
 
  Covariance matrix; NOT corrected for  scaling
   0.164227E+15  -0.449143E+14   0.291008E+14  -0.277180E+14   0.352553E+14  -0.192370E+14
  -0.449143E+14   0.161839E+15  -0.311466E+14   0.201987E+14   0.125601E+12  -0.256890E+14
   0.291008E+14  -0.311466E+14   0.190700E+15  -0.165272E+14  -0.544674E+13   0.347153E+14
  -0.277179E+14   0.201987E+14  -0.165272E+14   0.194849E+15   0.252907E+14  -0.785948E+14
   0.352553E+14   0.125600E+12  -0.544673E+13   0.252907E+14   0.225873E+15  -0.111835E+15
  -0.192370E+14  -0.256890E+14   0.347153E+14  -0.785948E+14  -0.111835E+15   0.474136E+15
 trial position no.           13
 
 
 
 
 
 
 
 
 
 
 
 
  Covariance matrix; NOT corrected for  scaling
   0.172070E+15  -0.444758E+14   0.274450E+14  -0.299997E+14   0.363269E+14  -0.269474E+14
  -0.444758E+14   0.148101E+15  -0.282259E+14   0.184754E+14  -0.200851E+13  -0.245269E+14
   0.274450E+14  -0.282259E+14   0.173937E+15  -0.143037E+14  -0.347519E+13   0.343698E+14
  -0.299997E+14   0.184754E+14  -0.143037E+14   0.190112E+15   0.776216E+13  -0.921218E+14
   0.363269E+14  -0.200851E+13  -0.347519E+13   0.776216E+13   0.220496E+15  -0.131775E+15
  -0.269474E+14  -0.245270E+14   0.343698E+14  -0.921217E+14  -0.131775E+15   0.545004E+15
 trial position no.           14
 
 
 
 
 
 
 
 
 
 
 
 
  Covariance matrix; NOT corrected for  scaling
   0.180969E+15  -0.448253E+14   0.263978E+14  -0.332803E+14   0.362835E+14  -0.327534E+14
  -0.448253E+14   0.137753E+15  -0.260516E+14   0.178593E+14  -0.305075E+13  -0.240613E+14
   0.263978E+14  -0.260516E+14   0.161084E+15  -0.136935E+14  -0.298627E+13   0.352091E+14
  -0.332803E+14   0.178593E+14  -0.136935E+14   0.190975E+15  -0.512178E+13  -0.105340E+15
   0.362835E+14  -0.305075E+13  -0.298627E+13  -0.512178E+13   0.220367E+15  -0.150626E+15
  -0.327534E+14  -0.240613E+14   0.352091E+14  -0.105340E+15  -0.150626E+15   0.619803E+15
 trial position no.           15
 
 
 
 
 
 
 
 
 
 
 
 
  Covariance matrix; NOT corrected for  scaling
   0.189805E+15  -0.496304E+14   0.279598E+14  -0.380079E+14   0.343896E+14  -0.396702E+14
  -0.496304E+14   0.153317E+15  -0.290868E+14   0.196452E+14  -0.388641E+13  -0.271315E+14
   0.279598E+14  -0.290868E+14   0.178455E+15  -0.144981E+14  -0.317352E+13   0.415484E+14
  -0.380079E+14   0.196452E+14  -0.144981E+14   0.195700E+15  -0.152903E+14  -0.106430E+15
   0.343896E+14  -0.388641E+13  -0.317352E+13  -0.152903E+14   0.222456E+15  -0.158062E+15
  -0.396702E+14  -0.271315E+14   0.415484E+14  -0.106430E+15  -0.158062E+15   0.748240E+15
 trial position no.           16
 
 
 
 
 
 
 
 
 
 
 
 
  Covariance matrix; NOT corrected for  scaling
   0.197658E+15  -0.494648E+14   0.262297E+14  -0.400004E+14   0.347648E+14  -0.471950E+14
  -0.494648E+14   0.145886E+15  -0.270074E+14   0.186803E+14  -0.527149E+13  -0.256425E+14
   0.262297E+14  -0.270074E+14   0.169411E+15  -0.129867E+14  -0.226291E+13   0.419696E+14
  -0.400004E+14   0.186803E+14  -0.129867E+14   0.196754E+15  -0.291218E+14  -0.113513E+15
   0.347648E+14  -0.527149E+13  -0.226291E+13  -0.291218E+14   0.222873E+15  -0.171193E+15
  -0.471950E+14  -0.256425E+14   0.419696E+14  -0.113513E+15  -0.171193E+15   0.837076E+15
 trial position no.            7
 
 
 
 
 
 
 
 
 
 
 
 
  Covariance matrix; NOT corrected for  scaling
   0.132404E+15  -0.310473E+14  -0.256725E+14  -0.672626E+14  -0.872896E+14   0.422117E+14
  -0.310473E+14   0.315919E+15  -0.231550E+15  -0.119109E+14   0.298124E+14   0.714963E+13
  -0.256725E+14  -0.231550E+15   0.521775E+15   0.185471E+14   0.735758E+13  -0.253260E+13
  -0.672626E+14  -0.119109E+14   0.185471E+14   0.228757E+15   0.167153E+15   0.721345E+14
  -0.872896E+14   0.298124E+14   0.735758E+13   0.167153E+15   0.326855E+15   0.596188E+14
   0.422117E+14   0.714962E+13  -0.253259E+13   0.721345E+14   0.596188E+14   0.271693E+15
 trial position no.            8
 
 
 
 
 
 
 
 
 
 
 
 
  Covariance matrix; NOT corrected for  scaling
   0.141385E+15  -0.317405E+14  -0.241713E+14  -0.663303E+14  -0.876915E+14   0.611656E+14
  -0.317405E+14   0.261166E+15  -0.195012E+15  -0.110718E+14   0.283898E+14   0.558141E+13
  -0.241713E+14  -0.195012E+15   0.429954E+15   0.163238E+14   0.672584E+13  -0.532083E+13
  -0.663303E+14  -0.110718E+14   0.163238E+14   0.196070E+15   0.126955E+15   0.119981E+14
  -0.876914E+14   0.283898E+14   0.672584E+13   0.126955E+15   0.291024E+15  -0.145421E+14
   0.611656E+14   0.558141E+13  -0.532084E+13   0.119981E+14  -0.145421E+14   0.265904E+15
 trial position no.            9
 
 
 
 
 
 
 
 
 
 
 
 
  Covariance matrix; NOT corrected for  scaling
   0.150163E+15  -0.316361E+14  -0.251393E+14  -0.653587E+14  -0.872605E+14   0.784848E+14
  -0.316361E+14   0.221855E+15  -0.168267E+15  -0.981949E+13   0.295675E+14   0.453816E+13
  -0.251393E+14  -0.168267E+15   0.366547E+15   0.166791E+14   0.608325E+13  -0.812195E+13
  -0.653587E+14  -0.981949E+13   0.166791E+14   0.174702E+15   0.971968E+14  -0.273097E+14
  -0.872605E+14   0.295675E+14   0.608325E+13   0.971968E+14   0.266059E+15  -0.662008E+14
   0.784848E+14   0.453816E+13  -0.812195E+13  -0.273097E+14  -0.662008E+14   0.294068E+15
 trial position no.           10
 
 
 
 
 
 
 
 
 
 
 
 
  Covariance matrix; NOT corrected for  scaling
   0.159784E+15  -0.340727E+14  -0.282709E+14  -0.661259E+14  -0.879576E+14   0.924004E+14
  -0.340727E+14   0.218458E+15  -0.167951E+15  -0.909227E+13   0.335245E+14   0.448722E+13
  -0.282709E+14  -0.167951E+15   0.362114E+15   0.186943E+14   0.592690E+13  -0.109639E+14
  -0.661259E+14  -0.909226E+13   0.186943E+14   0.164540E+15   0.786381E+14  -0.455919E+14
  -0.879576E+14   0.335245E+14   0.592690E+13   0.786381E+14   0.253938E+15  -0.940173E+14
   0.924004E+14   0.448722E+13  -0.109638E+14  -0.455919E+14  -0.940173E+14   0.355353E+15
 trial position no.           11
 
 
 
 
 
 
 
 
 
 
 
 
  Covariance matrix; NOT corrected for  scaling
   0.170739E+15  -0.345686E+14  -0.299407E+14  -0.681802E+14  -0.900725E+14   0.108419E+15
  -0.345686E+14   0.196242E+15  -0.151690E+15  -0.104096E+14   0.331518E+14   0.426425E+13
  -0.299407E+14  -0.151690E+15   0.325469E+15   0.192117E+14   0.506142E+13  -0.133115E+14
  -0.681802E+14  -0.104096E+14   0.192117E+14   0.156554E+15   0.620558E+14  -0.674445E+14
  -0.900725E+14   0.331518E+14   0.506143E+13   0.620558E+14   0.245286E+15  -0.126484E+15
   0.108419E+15   0.426425E+13  -0.133115E+14  -0.674445E+14  -0.126484E+15   0.414571E+15
 trial position no.           12
 
 
 
 
 
 
 
 
 
 
 
 
  Covariance matrix; NOT corrected for  scaling
   0.181544E+15  -0.352061E+14  -0.318847E+14  -0.696897E+14  -0.911566E+14   0.123347E+15
  -0.352061E+14   0.178522E+15  -0.138655E+15  -0.103622E+14   0.344841E+14   0.314372E+13
  -0.318847E+14  -0.138655E+15   0.297175E+15   0.201477E+14   0.432625E+13  -0.155970E+14
  -0.696897E+14  -0.103622E+14   0.201477E+14   0.151354E+15   0.472712E+14  -0.835508E+14
  -0.911566E+14   0.344841E+14   0.432625E+13   0.472712E+14   0.238742E+15  -0.152338E+15
   0.123347E+15   0.314372E+13  -0.155970E+14  -0.835508E+14  -0.152338E+15   0.479848E+15
 trial position no.           13
 
 
 
 
 
 
 
 
 
 
 
 
  Covariance matrix; NOT corrected for  scaling
   0.192643E+15  -0.362409E+14  -0.336290E+14  -0.712778E+14  -0.924841E+14   0.137239E+15
  -0.362409E+14   0.164457E+15  -0.127942E+15  -0.956732E+13   0.365111E+14   0.908520E+12
  -0.336290E+14  -0.127942E+15   0.274666E+15   0.209496E+14   0.390513E+13  -0.176403E+14
  -0.712778E+14  -0.956732E+13   0.209496E+14   0.148437E+15   0.344838E+14  -0.951895E+14
  -0.924841E+14   0.365111E+14   0.390513E+13   0.344838E+14   0.235291E+15  -0.173326E+15
   0.137239E+15   0.908521E+12  -0.176403E+14  -0.951895E+14  -0.173326E+15   0.546249E+15
 trial position no.           14
 
 
 
 
 
 
 
 
 
 
 
 
  Covariance matrix; NOT corrected for  scaling
   0.203845E+15  -0.369293E+14  -0.351099E+14  -0.732249E+14  -0.954570E+14   0.151298E+15
  -0.369293E+14   0.153474E+15  -0.119047E+15  -0.103282E+14   0.369560E+14   0.228957E+12
  -0.351099E+14  -0.119047E+15   0.256325E+15   0.214197E+14   0.352230E+13  -0.192250E+14
  -0.732249E+14  -0.103282E+14   0.214197E+14   0.148905E+15   0.257804E+14  -0.106783E+15
  -0.954570E+14   0.369560E+14   0.352231E+13   0.257804E+14   0.237151E+15  -0.194891E+15
   0.151298E+15   0.228959E+12  -0.192250E+14  -0.106783E+15  -0.194891E+15   0.616173E+15
 trial position no.           15
 
 
 
 
 
 
 
 
 
 
 
 
  Covariance matrix; NOT corrected for  scaling
   0.214737E+15  -0.409577E+14  -0.403034E+14  -0.747496E+14  -0.976838E+14   0.163795E+15
  -0.409577E+14   0.171880E+15  -0.133292E+15  -0.116537E+14   0.417980E+14   0.140337E+13
  -0.403034E+14  -0.133292E+15   0.287321E+15   0.243948E+14   0.317945E+13  -0.224084E+14
  -0.747496E+14  -0.116537E+14   0.243948E+14   0.151226E+15   0.179781E+14  -0.106420E+15
  -0.976838E+14   0.417980E+14   0.317945E+13   0.179781E+14   0.239590E+15  -0.204428E+15
   0.163795E+15   0.140337E+13  -0.224084E+14  -0.106420E+15  -0.204428E+15   0.730928E+15
 trial position no.           16
 
 
 
 
 
 
 
 
 
 
 
 
  Covariance matrix; NOT corrected for  scaling
   0.227149E+15  -0.420298E+14  -0.430343E+14  -0.768804E+14  -0.996723E+14   0.177010E+15
  -0.420298E+14   0.164978E+15  -0.127839E+15  -0.120367E+14   0.438425E+14   0.997897E+12
  -0.430343E+14  -0.127839E+15   0.276466E+15   0.259105E+14   0.239449E+13  -0.242102E+14
  -0.768804E+14  -0.120367E+14   0.259105E+14   0.152764E+15   0.792349E+13  -0.113872E+15
  -0.996723E+14   0.438425E+14   0.239449E+13   0.792348E+13   0.241402E+15  -0.221288E+15
   0.177010E+15   0.997894E+12  -0.242102E+14  -0.113872E+15  -0.221288E+15   0.815097E+15
 trial position no.            7
 
 
 
 
 
 
 
 
 
 
 
 
  Covariance matrix; NOT corrected for  scaling
   0.739673E+14  -0.340755E+14   0.182076E+14   0.543041E+14   0.664197E+14  -0.265043E+14
  -0.340755E+14   0.240246E+15   0.171065E+15  -0.449333E+13  -0.388919E+14  -0.471248E+13
   0.182076E+14   0.171065E+15   0.254781E+15   0.192370E+14  -0.442239E+13   0.729444E+13
   0.543041E+14  -0.449332E+13   0.192370E+14   0.118889E+15   0.814448E+14   0.213539E+14
   0.664197E+14  -0.388919E+14  -0.442239E+13   0.814449E+14   0.147557E+15   0.174672E+14
  -0.265043E+14  -0.471247E+13   0.729444E+13   0.213539E+14   0.174671E+14   0.138584E+15
 trial position no.            8
 
 
 
 
 
 
 
 
 
 
 
 
  Covariance matrix; NOT corrected for  scaling
   0.771506E+14  -0.333740E+14   0.165101E+14   0.498118E+14   0.630295E+14  -0.429639E+14
  -0.333740E+14   0.202378E+15   0.145358E+15  -0.196286E+13  -0.346052E+14   0.138986E+13
   0.165101E+14   0.145358E+15   0.212929E+15   0.160812E+14  -0.601412E+13   0.540093E+13
   0.498118E+14  -0.196285E+13   0.160812E+14   0.104597E+15   0.642738E+14  -0.409395E+13
   0.630295E+14  -0.346052E+14  -0.601411E+13   0.642738E+14   0.132180E+15  -0.125052E+14
  -0.429639E+14   0.138987E+13   0.540095E+13  -0.409394E+13  -0.125052E+14   0.145045E+15
 trial position no.            9
 
 
 
 
 
 
 
 
 
 
 
 
  Covariance matrix; NOT corrected for  scaling
   0.828922E+14  -0.345987E+14   0.166283E+14   0.487154E+14   0.634991E+14  -0.574483E+14
  -0.345988E+14   0.175504E+15   0.124812E+15  -0.183913E+13  -0.346184E+14   0.568753E+13
   0.166283E+14   0.124812E+15   0.182635E+15   0.160793E+14  -0.557097E+13   0.447105E+13
   0.487154E+14  -0.183912E+13   0.160793E+14   0.960917E+14   0.522206E+14  -0.227464E+14
   0.634991E+14  -0.346184E+14  -0.557097E+13   0.522206E+14   0.124115E+15  -0.353523E+14
  -0.574483E+14   0.568751E+13   0.447104E+13  -0.227464E+14  -0.353523E+14   0.163384E+15
 trial position no.           10
 
 
 
 
 
 
 
 
 
 
 
 
  Covariance matrix; NOT corrected for  scaling
   0.897471E+14  -0.388282E+14   0.182681E+14   0.491771E+14   0.659126E+14  -0.705114E+14
  -0.388283E+14   0.175367E+15   0.123260E+15  -0.284016E+13  -0.405141E+14   0.968439E+13
   0.182681E+14   0.123260E+15   0.180160E+15   0.196780E+14  -0.528110E+13   0.435399E+13
   0.491771E+14  -0.284015E+13   0.196780E+14   0.908916E+14   0.422963E+14  -0.324607E+14
   0.659126E+14  -0.405141E+14  -0.528108E+13   0.422963E+14   0.120577E+15  -0.491936E+14
  -0.705114E+14   0.968437E+13   0.435397E+13  -0.324607E+14  -0.491936E+14   0.198272E+15
 trial position no.           11
 
 
 
 
 
 
 
 
 
 
 
 
  Covariance matrix; NOT corrected for  scaling
   0.958248E+14  -0.408860E+14   0.185789E+14   0.485530E+14   0.670623E+14  -0.835678E+14
  -0.408860E+14   0.159985E+15   0.110431E+15  -0.208637E+13  -0.420196E+14   0.142837E+14
   0.185790E+14   0.110431E+15   0.162109E+15   0.202359E+14  -0.609307E+13   0.367192E+13
   0.485530E+14  -0.208638E+13   0.202359E+14   0.884527E+14   0.341090E+14  -0.422641E+14
   0.670624E+14  -0.420196E+14  -0.609308E+13   0.341090E+14   0.119193E+15  -0.634600E+14
  -0.835678E+14   0.142837E+14   0.367191E+13  -0.422641E+14  -0.634599E+14   0.229679E+15
 trial position no.           12
 
 
 
 
 
 
 
 
 
 
 
 
  Covariance matrix; NOT corrected for  scaling
   0.103047E+15  -0.429586E+14   0.195460E+14   0.491543E+14   0.696900E+14  -0.969582E+14
  -0.429587E+14   0.147292E+15   0.995241E+14  -0.102652E+13  -0.446918E+14   0.189466E+14
   0.195460E+14   0.995242E+14   0.147429E+15   0.221904E+14  -0.687885E+13   0.244957E+13
   0.491543E+14  -0.102649E+13   0.221904E+14   0.884848E+14   0.271443E+14  -0.504372E+14
   0.696899E+14  -0.446918E+14  -0.687882E+13   0.271444E+14   0.120944E+15  -0.764482E+14
  -0.969581E+14   0.189465E+14   0.244951E+13  -0.504372E+14  -0.764481E+14   0.263795E+15
 trial position no.           13
 
 
 
 
 
 
 
 
 
 
 
 
  Covariance matrix; NOT corrected for  scaling
   0.111663E+15  -0.459550E+14   0.211722E+14   0.500400E+14   0.727430E+14  -0.110032E+15
  -0.459549E+14   0.138384E+15   0.912318E+14  -0.185434E+13  -0.472979E+14   0.239878E+14
   0.211722E+14   0.912318E+14   0.136785E+15   0.238468E+14  -0.557162E+13   0.481801E+12
   0.500400E+14  -0.185435E+13   0.238468E+14   0.869210E+14   0.184171E+14  -0.554259E+14
   0.727430E+14  -0.472979E+14  -0.557163E+13   0.184171E+14   0.120969E+15  -0.861170E+14
  -0.110032E+15   0.239878E+14   0.481857E+12  -0.554258E+14  -0.861170E+14   0.297139E+15
 trial position no.           14
 
 
 
 
 
 
 
 
 
 
 
 
  Covariance matrix; NOT corrected for  scaling
   0.120288E+15  -0.487057E+14   0.222513E+14   0.513916E+14   0.761594E+14  -0.122474E+15
  -0.487056E+14   0.131566E+15   0.847938E+14  -0.234974E+13  -0.489142E+14   0.281163E+14
   0.222514E+14   0.847938E+14   0.128480E+15   0.243637E+14  -0.498897E+13  -0.579435E+12
   0.513916E+14  -0.234977E+13   0.243637E+14   0.886173E+14   0.129079E+14  -0.610271E+14
   0.761594E+14  -0.489143E+14  -0.498902E+13   0.129079E+14   0.124327E+15  -0.962070E+14
  -0.122474E+15   0.281163E+14  -0.579356E+12  -0.610270E+14  -0.962070E+14   0.330986E+15
 trial position no.           15
 
 
 
 
 
 
 
 
 
 
 
 
  Covariance matrix; NOT corrected for  scaling
   0.127543E+15  -0.549899E+14   0.249962E+14   0.516547E+14   0.783074E+14  -0.133892E+15
  -0.549899E+14   0.148741E+15   0.942105E+14  -0.121495E+13  -0.556783E+14   0.328904E+14
   0.249962E+14   0.942105E+14   0.143796E+15   0.283525E+14  -0.649716E+13   0.363180E+11
   0.516547E+14  -0.121495E+13   0.283525E+14   0.929829E+14   0.807031E+13  -0.599726E+14
   0.783074E+14  -0.556783E+14  -0.649716E+13   0.807031E+13   0.129888E+15  -0.100004E+15
  -0.133892E+15   0.328903E+14   0.361705E+11  -0.599726E+14  -0.100004E+15   0.387259E+15
 trial position no.           16
 
 
 
 
 
 
 
 
 
 
 
 
  Covariance matrix; NOT corrected for  scaling
   0.135154E+15  -0.572439E+14   0.261906E+14   0.516913E+14   0.801204E+14  -0.144753E+15
  -0.572439E+14   0.144250E+15   0.900164E+14  -0.319180E+12  -0.578684E+14   0.366783E+14
   0.261905E+14   0.900164E+14   0.138455E+15   0.301264E+14  -0.686545E+13  -0.855483E+12
   0.516913E+14  -0.319163E+12   0.301264E+14   0.939436E+14  -0.368999E+12  -0.608509E+14
   0.801204E+14  -0.578684E+14  -0.686545E+13  -0.368982E+12   0.131684E+15  -0.105487E+15
  -0.144753E+15   0.366782E+14  -0.855588E+12  -0.608509E+14  -0.105487E+15   0.422302E+15
 trial position no.            7
 
 
 
 
 
 
 
 
 
 
 
 
  Covariance matrix; NOT corrected for  scaling
   0.766574E+14  -0.491703E+14   0.273371E+14   0.274309E+14   0.272490E+14   0.575144E+13
  -0.491703E+14   0.217307E+15   0.136605E+14  -0.881276E+13  -0.746991E+13  -0.201162E+14
   0.273371E+14   0.136605E+14   0.253732E+15  -0.129981E+14  -0.159884E+14   0.325736E+14
   0.274309E+14  -0.881276E+13  -0.129981E+14   0.177649E+15   0.981583E+14   0.818666E+14
   0.272490E+14  -0.746991E+13  -0.159884E+14   0.981583E+14   0.206783E+15   0.773360E+14
   0.575144E+13  -0.201162E+14   0.325736E+14   0.818666E+14   0.773360E+14   0.236289E+15
 trial position no.            8
 
 
 
 
 
 
 
 
 
 
 
 
  Covariance matrix; NOT corrected for  scaling
   0.828531E+14  -0.486063E+14   0.264589E+14   0.236591E+14   0.236171E+14  -0.541198E+13
  -0.486063E+14   0.176166E+15   0.875447E+13  -0.572672E+13  -0.400603E+13  -0.147067E+14
   0.264589E+14   0.875447E+13   0.203370E+15  -0.138614E+14  -0.156381E+14   0.335421E+14
   0.236591E+14  -0.572672E+13  -0.138614E+14   0.154915E+15   0.704447E+14   0.368070E+14
   0.236171E+14  -0.400603E+13  -0.156381E+14   0.704447E+14   0.183163E+15   0.277621E+14
  -0.541198E+13  -0.147067E+14   0.335421E+14   0.368070E+14   0.277621E+14   0.220919E+15
 trial position no.            9
 
 
 
 
 
 
 
 
 
 
 
 
  Covariance matrix; NOT corrected for  scaling
   0.891917E+14  -0.484255E+14   0.262198E+14   0.218101E+14   0.218102E+14  -0.143346E+14
  -0.484255E+14   0.148615E+15   0.524828E+13  -0.485236E+13  -0.300525E+13  -0.120208E+14
   0.262198E+14   0.524829E+13   0.169689E+15  -0.118201E+14  -0.129933E+14   0.358980E+14
   0.218101E+14  -0.485236E+13  -0.118201E+14   0.139859E+15   0.490791E+14   0.639920E+13
   0.218102E+14  -0.300525E+13  -0.129933E+14   0.490791E+14   0.167286E+15  -0.704612E+13
  -0.143346E+14  -0.120208E+14   0.358980E+14   0.639920E+13  -0.704612E+13   0.232250E+15
 trial position no.           10
 
 
 
 
 
 
 
 
 
 
 
 
  Covariance matrix; NOT corrected for  scaling
   0.947567E+14  -0.506022E+14   0.267022E+14   0.217080E+14   0.220064E+14  -0.221259E+14
  -0.506022E+14   0.143604E+15   0.452858E+13  -0.669036E+13  -0.518316E+13  -0.109441E+14
   0.267022E+14   0.452858E+13   0.162049E+15  -0.809676E+13  -0.897736E+13   0.406934E+14
   0.217080E+14  -0.669036E+13  -0.809676E+13   0.131061E+15   0.327611E+14  -0.676452E+13
   0.220064E+14  -0.518316E+13  -0.897736E+13   0.327611E+14   0.157983E+15  -0.244145E+14
  -0.221259E+14  -0.109441E+14   0.406934E+14  -0.676452E+13  -0.244145E+14   0.275938E+15
 trial position no.           11
 
 
 
 
 
 
 
 
 
 
 
 
  Covariance matrix; NOT corrected for  scaling
   0.100857E+15  -0.515867E+14   0.264244E+14   0.196755E+14   0.202301E+14  -0.302062E+14
  -0.515867E+14   0.128788E+15   0.267100E+13  -0.639384E+13  -0.479143E+13  -0.819510E+13
   0.264244E+14   0.267100E+13   0.143434E+15  -0.794358E+13  -0.842455E+13   0.423554E+14
   0.196755E+14  -0.639384E+13  -0.794358E+13   0.125390E+15   0.191596E+14  -0.219080E+14
   0.202301E+14  -0.479143E+13  -0.842455E+13   0.191596E+14   0.152868E+15  -0.442131E+14
  -0.302062E+14  -0.819510E+13   0.423554E+14  -0.219080E+14  -0.442131E+14   0.313439E+15
 trial position no.           12
 
 
 
 
 
 
 
 
 
 
 
 
  Covariance matrix; NOT corrected for  scaling
   0.106796E+15  -0.518854E+14   0.261450E+14   0.184076E+14   0.191765E+14  -0.380767E+14
  -0.518854E+14   0.116814E+15   0.157916E+13  -0.598307E+13  -0.460731E+13  -0.560244E+13
   0.261450E+14   0.157916E+13   0.128907E+15  -0.682576E+13  -0.729295E+13   0.431459E+14
   0.184076E+14  -0.598307E+13  -0.682576E+13   0.122665E+15   0.728381E+13  -0.329709E+14
   0.191765E+14  -0.460730E+13  -0.729295E+13   0.728381E+13   0.150593E+15  -0.600500E+14
  -0.380767E+14  -0.560245E+13   0.431459E+14  -0.329709E+14  -0.600500E+14   0.356254E+15
 trial position no.           13
 
 
 
 
 
 
 
 
 
 
 
 
  Covariance matrix; NOT corrected for  scaling
   0.112115E+15  -0.513999E+14   0.252543E+14   0.188077E+14   0.199154E+14  -0.463015E+14
  -0.513999E+14   0.106870E+15   0.167580E+13  -0.709371E+13  -0.571383E+13  -0.265058E+13
   0.252543E+14   0.167580E+13   0.117086E+15  -0.448276E+13  -0.406016E+13   0.423950E+14
   0.188077E+14  -0.709371E+13  -0.448276E+13   0.120134E+15  -0.555011E+13  -0.397610E+14
   0.199154E+14  -0.571383E+13  -0.406016E+13  -0.555010E+13   0.147749E+15  -0.711177E+14
  -0.463015E+14  -0.265058E+13   0.423950E+14  -0.397609E+14  -0.711177E+14   0.400135E+15
 trial position no.           14
 
 
 
 
 
 
 
 
 
 
 
 
  Covariance matrix; NOT corrected for  scaling
   0.118452E+15  -0.519965E+14   0.247901E+14   0.184461E+14   0.195795E+14  -0.531469E+14
  -0.519965E+14   0.998744E+14   0.156263E+13  -0.754602E+13  -0.576552E+13  -0.607363E+12
   0.247901E+14   0.156263E+13   0.108465E+15  -0.418859E+13  -0.300280E+13   0.430508E+14
   0.184462E+14  -0.754602E+13  -0.418859E+13   0.121424E+15  -0.145767E+14  -0.467479E+14
   0.195795E+14  -0.576552E+13  -0.300280E+13  -0.145767E+14   0.149536E+15  -0.824661E+14
  -0.531469E+14  -0.607363E+12   0.430508E+14  -0.467479E+14  -0.824661E+14   0.446368E+15
 trial position no.           15
 
 
 
 
 
 
 
 
 
 
 
 
  Covariance matrix; NOT corrected for  scaling
   0.125008E+15  -0.575039E+14   0.268795E+14   0.165807E+14   0.176448E+14  -0.607194E+14
  -0.575039E+14   0.111513E+15   0.139902E+13  -0.771315E+13  -0.564354E+13   0.549342E+11
   0.268795E+14   0.139903E+13   0.120189E+15  -0.398970E+13  -0.262208E+13   0.506604E+14
   0.165807E+14  -0.771315E+13  -0.398970E+13   0.125738E+15  -0.213790E+14  -0.435392E+14
   0.176448E+14  -0.564354E+13  -0.262208E+13  -0.213790E+14   0.154094E+15  -0.847478E+14
  -0.607194E+14   0.549337E+11   0.506604E+14  -0.435392E+14  -0.847479E+14   0.536010E+15
 trial position no.           16
 
 
 
 
 
 
 
 
 
 
 
 
  Covariance matrix; NOT corrected for  scaling
   0.130397E+15  -0.572544E+14   0.257225E+14   0.166977E+14   0.181823E+14  -0.695673E+14
  -0.572544E+14   0.105718E+15   0.211807E+13  -0.828912E+13  -0.630717E+13   0.318849E+13
   0.257225E+14   0.211807E+13   0.113669E+15  -0.267623E+13  -0.783437E+12   0.509127E+14
   0.166977E+14  -0.828912E+13  -0.267623E+13   0.127194E+15  -0.319910E+14  -0.459848E+14
   0.181823E+14  -0.630717E+13  -0.783436E+12  -0.319910E+14   0.155400E+15  -0.919701E+14
  -0.695673E+14   0.318849E+13   0.509127E+14  -0.459848E+14  -0.919701E+14   0.591740E+15
 trial position no.            7
 
 
 
 
 
 
 
 
 
 
 
 
  Covariance matrix; NOT corrected for  scaling
   0.187252E+14  -0.153157E+14   0.254403E+13   0.648619E+13   0.803622E+13  -0.383650E+13
  -0.153157E+14   0.569539E+14   0.178926E+14  -0.511270E+13  -0.379018E+13   0.115701E+13
   0.254403E+13   0.178926E+14   0.779458E+14  -0.473049E+13  -0.611758E+13   0.159665E+14
   0.648619E+13  -0.511270E+13  -0.473049E+13   0.405722E+14   0.203040E+14   0.220538E+14
   0.803622E+13  -0.379018E+13  -0.611758E+13   0.203040E+14   0.542924E+14   0.170995E+14
  -0.383650E+13   0.115701E+13   0.159665E+14   0.220538E+14   0.170995E+14   0.722783E+14
 trial position no.            8
 
 
 
 
 
 
 
 
 
 
 
 
  Covariance matrix; NOT corrected for  scaling
   0.199701E+14  -0.149524E+14   0.248332E+13   0.569426E+13   0.717644E+13  -0.621951E+13
  -0.149524E+14   0.468177E+14   0.147291E+14  -0.424458E+13  -0.268215E+13   0.266583E+13
   0.248332E+13   0.147291E+14   0.633665E+14  -0.493663E+13  -0.570521E+13   0.164671E+14
   0.569426E+13  -0.424458E+13  -0.493663E+13   0.359507E+14   0.143863E+14   0.127641E+14
   0.717644E+13  -0.268215E+13  -0.570521E+13   0.143863E+14   0.492873E+14   0.617211E+13
  -0.621951E+13   0.266583E+13   0.164671E+14   0.127641E+14   0.617211E+13   0.699782E+14
 trial position no.            9
 
 
 
 
 
 
 
 
 
 
 
 
  Covariance matrix; NOT corrected for  scaling
   0.212914E+14  -0.146199E+14   0.272945E+13   0.544294E+13   0.691056E+13  -0.791343E+13
  -0.146199E+14   0.395296E+14   0.118951E+14  -0.378594E+13  -0.211184E+13   0.323786E+13
   0.272945E+13   0.118951E+14   0.530192E+14  -0.400129E+13  -0.447112E+13   0.174730E+14
   0.544294E+13  -0.378594E+13  -0.400129E+13   0.328520E+14   0.950201E+13   0.636240E+13
   0.691056E+13  -0.211184E+13  -0.447112E+13   0.950201E+13   0.459738E+14  -0.198171E+13
  -0.791343E+13   0.323786E+13   0.174730E+14   0.636240E+13  -0.198171E+13   0.730530E+14
 trial position no.           10
 
 
 
 
 
 
 
 
 
 
 
 
  Covariance matrix; NOT corrected for  scaling
   0.224803E+14  -0.151117E+14   0.286831E+13   0.558365E+13   0.726286E+13  -0.932181E+13
  -0.151117E+14   0.382253E+14   0.113732E+14  -0.413066E+13  -0.256670E+13   0.377177E+13
   0.286831E+13   0.113732E+14   0.507724E+14  -0.250688E+13  -0.281549E+13   0.201332E+14
   0.558365E+13  -0.413066E+13  -0.250688E+13   0.311634E+14   0.545675E+13   0.425731E+13
   0.726286E+13  -0.256670E+13  -0.281549E+13   0.545675E+13   0.441549E+14  -0.599923E+13
  -0.932181E+13   0.377177E+13   0.201332E+14   0.425731E+13  -0.599923E+13   0.853897E+14
 trial position no.           11
 
 
 
 
 
 
 
 
 
 
 
 
  Covariance matrix; NOT corrected for  scaling
   0.239549E+14  -0.154429E+14   0.283212E+13   0.532057E+13   0.719320E+13  -0.109458E+14
  -0.154429E+14   0.345187E+14   0.984170E+13  -0.416999E+13  -0.257589E+13   0.453070E+13
   0.283212E+13   0.984170E+13   0.450575E+14  -0.241645E+13  -0.256143E+13   0.210603E+14
   0.532057E+13  -0.416999E+13  -0.241645E+13   0.303589E+14   0.226841E+13   0.146400E+13
   0.719320E+13  -0.257589E+13  -0.256143E+13   0.226841E+13   0.440134E+14  -0.107730E+14
  -0.109458E+14   0.453070E+13   0.210603E+14   0.146400E+13  -0.107730E+14   0.947751E+14
 trial position no.           12
 
 
 
 
 
 
 
 
 
 
 
 
  Covariance matrix; NOT corrected for  scaling
   0.253816E+14  -0.154507E+14   0.300103E+13   0.517857E+13   0.730467E+13  -0.124969E+14
  -0.154507E+14   0.312158E+14   0.843291E+13  -0.395176E+13  -0.247458E+13   0.506304E+13
   0.300103E+13   0.843291E+13   0.403535E+14  -0.180734E+13  -0.195301E+13   0.215328E+14
   0.517857E+13  -0.395176E+13  -0.180734E+13   0.301726E+14  -0.764941E+12  -0.367766E+12
   0.730467E+13  -0.247458E+13  -0.195301E+13  -0.764941E+12   0.444792E+14  -0.148088E+14
  -0.124969E+14   0.506303E+13   0.215328E+14  -0.367765E+12  -0.148088E+14   0.105133E+15
 trial position no.           13
 
 
 
 
 
 
 
 
 
 
 
 
  Covariance matrix; NOT corrected for  scaling
   0.266794E+14  -0.152468E+14   0.316453E+13   0.538371E+13   0.782024E+13  -0.138927E+14
  -0.152468E+14   0.284514E+14   0.747850E+13  -0.408500E+13  -0.256857E+13   0.538028E+13
   0.316453E+13   0.747850E+13   0.366663E+14  -0.918704E+12  -0.475643E+12   0.215568E+14
   0.538371E+13  -0.408500E+13  -0.918705E+12   0.299546E+14  -0.436637E+13  -0.131111E+13
   0.782024E+13  -0.256857E+13  -0.475644E+12  -0.436637E+13   0.442788E+14  -0.176172E+14
  -0.138927E+14   0.538028E+13   0.215568E+14  -0.131111E+13  -0.176172E+14   0.115509E+15
 trial position no.           14
 
 
 
 
 
 
 
 
 
 
 
 
  Covariance matrix; NOT corrected for  scaling
   0.283266E+14  -0.155161E+14   0.321338E+13   0.556567E+13   0.811909E+13  -0.151715E+14
  -0.155161E+14   0.267147E+14   0.683893E+13  -0.434051E+13  -0.259631E+13   0.573254E+13
   0.321338E+13   0.683893E+13   0.340777E+14  -0.822218E+12   0.832457E+11   0.219924E+14
   0.556567E+13  -0.434051E+13  -0.822218E+12   0.306859E+14  -0.678714E+13  -0.247606E+13
   0.811909E+13  -0.259631E+13   0.832460E+11  -0.678714E+13   0.455568E+14  -0.206159E+14
  -0.151715E+14   0.573254E+13   0.219924E+14  -0.247606E+13  -0.206159E+14   0.126373E+15
 trial position no.           15
 
 
 
 
 
 
 
 
 
 
 
 
  Covariance matrix; NOT corrected for  scaling
   0.300282E+14  -0.171971E+14   0.360791E+13   0.542052E+13   0.806298E+13  -0.166370E+14
  -0.171971E+14   0.298834E+14   0.738924E+13  -0.462781E+13  -0.262813E+13   0.656834E+13
   0.360791E+13   0.738924E+13   0.378421E+14  -0.333635E+12   0.683062E+12   0.259733E+14
   0.542052E+13  -0.462781E+13  -0.333635E+12   0.324579E+14  -0.844790E+13  -0.114262E+12
   0.806298E+13  -0.262813E+13   0.683063E+12  -0.844790E+13   0.479345E+14  -0.207368E+14
  -0.166370E+14   0.656834E+13   0.259733E+14  -0.114261E+12  -0.207368E+14   0.150856E+15
 trial position no.           16
 
 
 
 
 
 
 
 
 
 
 
 
  Covariance matrix; NOT corrected for  scaling
   0.314967E+14  -0.171946E+14   0.359242E+13   0.555276E+13   0.859333E+13  -0.184122E+14
  -0.171946E+14   0.282815E+14   0.702173E+13  -0.468295E+13  -0.273880E+13   0.731988E+13
   0.359242E+13   0.702173E+13   0.360207E+14   0.211392E+12   0.155110E+13   0.267205E+14
   0.555276E+13  -0.468295E+13   0.211392E+12   0.332482E+14  -0.115463E+14   0.198693E+10
   0.859333E+13  -0.273880E+13   0.155110E+13  -0.115463E+14   0.488626E+14  -0.227738E+14
  -0.184122E+14   0.731988E+13   0.267205E+14   0.198543E+10  -0.227738E+14   0.164952E+15
 trial position no.            7
 
 
 
 
 
 
 
 
 
 
 
 
  Covariance matrix; NOT corrected for  scaling
   0.608931E+14  -0.198357E+14  -0.201731E+14  -0.279025E+14  -0.478422E+14   0.957155E+13
  -0.198357E+14   0.215004E+15  -0.144630E+15  -0.162138E+14   0.297758E+14   0.150389E+14
  -0.201731E+14  -0.144630E+15   0.363489E+15   0.136393E+14   0.144369E+14   0.998816E+12
  -0.279025E+14  -0.162138E+14   0.136393E+14   0.149255E+15   0.886321E+14   0.684351E+14
  -0.478422E+14   0.297758E+14   0.144369E+14   0.886321E+14   0.249328E+15   0.657788E+14
   0.957155E+13   0.150389E+14   0.998819E+12   0.684351E+14   0.657788E+14   0.205100E+15
 trial position no.            8
 
 
 
 
 
 
 
 
 
 
 
 
  Covariance matrix; NOT corrected for  scaling
   0.649110E+14  -0.203370E+14  -0.186083E+14  -0.262234E+14  -0.489200E+14   0.195691E+14
  -0.203370E+14   0.175606E+15  -0.117586E+15  -0.155204E+14   0.287135E+14   0.129310E+14
  -0.186083E+14  -0.117586E+15   0.293732E+15   0.103118E+14   0.134938E+14  -0.237565E+13
  -0.262234E+14  -0.155204E+14   0.103118E+14   0.129061E+15   0.607644E+14   0.307435E+14
  -0.489200E+14   0.287135E+14   0.134938E+14   0.607644E+14   0.229359E+15   0.133669E+14
   0.195691E+14   0.129310E+14  -0.237565E+13   0.307435E+14   0.133669E+14   0.192151E+15
 trial position no.            9
 
 
 
 
 
 
 
 
 
 
 
 
  Covariance matrix; NOT corrected for  scaling
   0.688895E+14  -0.204013E+14  -0.183676E+14  -0.246560E+14  -0.492728E+14   0.289487E+14
  -0.204013E+14   0.148148E+15  -0.996379E+14  -0.145845E+14   0.301441E+14   0.112390E+14
  -0.183676E+14  -0.996379E+14   0.247393E+15   0.964934E+13   0.119676E+14  -0.474180E+13
  -0.246560E+14  -0.145845E+14   0.964934E+13   0.116249E+15   0.391766E+14   0.667707E+13
  -0.492728E+14   0.301441E+14   0.119676E+14   0.391766E+14   0.215215E+15  -0.246871E+14
   0.289487E+14   0.112390E+14  -0.474180E+13   0.667707E+13  -0.246871E+14   0.203388E+15
 trial position no.           10
 
 
 
 
 
 
 
 
 
 
 
 
  Covariance matrix; NOT corrected for  scaling
   0.732718E+14  -0.221512E+14  -0.196620E+14  -0.240815E+14  -0.503310E+14   0.362880E+14
  -0.221512E+14   0.145075E+15  -0.977225E+14  -0.145538E+14   0.345964E+14   0.111336E+14
  -0.196620E+14  -0.977225E+14   0.241515E+15   0.102437E+14   0.115600E+14  -0.636109E+13
  -0.240815E+14  -0.145538E+14   0.102437E+14   0.110933E+15   0.251066E+14  -0.250671E+13
  -0.503310E+14   0.345964E+14   0.115600E+14   0.251066E+14   0.211091E+15  -0.450797E+14
   0.362880E+14   0.111336E+14  -0.636110E+13  -0.250671E+13  -0.450797E+14   0.241550E+15
 trial position no.           11
 
 
 
 
 
 
 
 
 
 
 
 
  Covariance matrix; NOT corrected for  scaling
   0.781097E+14  -0.225658E+14  -0.199957E+14  -0.239079E+14  -0.517469E+14   0.446015E+14
  -0.225658E+14   0.130116E+15  -0.874119E+14  -0.159639E+14   0.348215E+14   0.996126E+13
  -0.199957E+14  -0.874119E+14   0.215603E+15   0.973811E+13   0.101225E+14  -0.765212E+13
  -0.239079E+14  -0.159639E+14   0.973811E+13   0.106960E+15   0.117822E+14  -0.141115E+14
  -0.517469E+14   0.348215E+14   0.101225E+14   0.117822E+14   0.208642E+15  -0.695042E+14
   0.446015E+14   0.996125E+13  -0.765212E+13  -0.141115E+14  -0.695042E+14   0.275614E+15
 trial position no.           12
 
 
 
 
 
 
 
 
 
 
 
 
  Covariance matrix; NOT corrected for  scaling
   0.829469E+14  -0.229455E+14  -0.205467E+14  -0.236705E+14  -0.525348E+14   0.525286E+14
  -0.229455E+14   0.118297E+15  -0.796341E+14  -0.162959E+14   0.362868E+14   0.831965E+13
  -0.205467E+14  -0.796341E+14   0.196128E+15   0.993880E+13   0.906933E+13  -0.881262E+13
  -0.236705E+14  -0.162959E+14   0.993880E+13   0.104935E+15  -0.394634E+12  -0.220318E+14
  -0.525348E+14   0.362868E+14   0.906933E+13  -0.394633E+12   0.207017E+15  -0.897169E+14
   0.525286E+14   0.831965E+13  -0.881262E+13  -0.220318E+14  -0.897169E+14   0.314559E+15
 trial position no.           13
 
 
 
 
 
 
 
 
 
 
 
 
  Covariance matrix; NOT corrected for  scaling
   0.881074E+14  -0.235423E+14  -0.211057E+14  -0.236476E+14  -0.536581E+14   0.601457E+14
  -0.235423E+14   0.109002E+15  -0.733851E+14  -0.159971E+14   0.382595E+14   0.596976E+13
  -0.211057E+14  -0.733851E+14   0.180878E+15   0.102235E+14   0.863031E+13  -0.989043E+13
  -0.236476E+14  -0.159971E+14   0.102235E+14   0.104334E+15  -0.111233E+14  -0.269984E+14
  -0.536581E+14   0.382595E+14   0.863030E+13  -0.111233E+14   0.207669E+15  -0.106725E+15
   0.601457E+14   0.596976E+13  -0.989043E+13  -0.269984E+14  -0.106725E+15   0.355211E+15
 trial position no.           14
 
 
 
 
 
 
 
 
 
 
 
 
  Covariance matrix; NOT corrected for  scaling
   0.933839E+14  -0.240273E+14  -0.215621E+14  -0.236622E+14  -0.554587E+14   0.676651E+14
  -0.240273E+14   0.101918E+15  -0.683153E+14  -0.168248E+14   0.387311E+14   0.469169E+13
  -0.215621E+14  -0.683153E+14   0.168721E+15   0.101236E+14   0.799822E+13  -0.104821E+14
  -0.236622E+14  -0.168248E+14   0.101236E+14   0.105783E+15  -0.188057E+14  -0.318806E+14
  -0.554587E+14   0.387311E+14   0.799822E+13  -0.188057E+14   0.210792E+15  -0.123204E+15
   0.676651E+14   0.469169E+13  -0.104821E+14  -0.318806E+14  -0.123204E+15   0.397887E+15
 trial position no.           15
 
 
 
 
 
 
 
 
 
 
 
 
  Covariance matrix; NOT corrected for  scaling
   0.986460E+14  -0.267931E+14  -0.241592E+14  -0.235731E+14  -0.569201E+14   0.744758E+14
  -0.267931E+14   0.114210E+15  -0.761768E+14  -0.188007E+14   0.437837E+14   0.544197E+13
  -0.241592E+14  -0.761768E+14   0.188303E+15   0.114209E+14   0.785121E+13  -0.113460E+14
  -0.235731E+14  -0.188007E+14   0.114209E+14   0.109107E+15  -0.251676E+14  -0.278164E+14
  -0.569201E+14   0.437837E+14   0.785121E+13  -0.251676E+14   0.214984E+15  -0.130158E+15
   0.744758E+14   0.544198E+13  -0.113460E+14  -0.278164E+14  -0.130158E+15   0.474862E+15
 trial position no.           16
 
 
 
 
 
 
 
 
 
 
 
 
  Covariance matrix; NOT corrected for  scaling
   0.104499E+15  -0.275051E+14  -0.252059E+14  -0.238576E+14  -0.580762E+14   0.815395E+14
  -0.275051E+14   0.109804E+15  -0.730132E+14  -0.194327E+14   0.458396E+14   0.461762E+13
  -0.252059E+14  -0.730132E+14   0.180724E+15   0.122276E+14   0.693581E+13  -0.114701E+14
  -0.238576E+14  -0.194327E+14   0.122276E+14   0.111526E+15  -0.340434E+14  -0.299462E+14
  -0.580762E+14   0.458396E+14   0.693581E+13  -0.340434E+14   0.218389E+15  -0.143438E+15
   0.815395E+14   0.461762E+13  -0.114701E+14  -0.299462E+14  -0.143438E+15   0.528637E+15
 trial position no.            7
 
 
 
 
 
 
 
 
 
 
 
 
  Covariance matrix; NOT corrected for  scaling
   0.113747E+15  -0.364157E+14   0.231318E+14   0.507209E+14   0.911030E+14  -0.338663E+14
  -0.364157E+14   0.345406E+15   0.198211E+15  -0.206790E+13  -0.362073E+14  -0.461231E+13
   0.231318E+14   0.198211E+15   0.346220E+15   0.141062E+14   0.530394E+13   0.396402E+13
   0.507209E+14  -0.206790E+13   0.141062E+14   0.206248E+15   0.138824E+15   0.785508E+14
   0.911030E+14  -0.362073E+14   0.530394E+13   0.138824E+15   0.267283E+15   0.692431E+14
  -0.338663E+14  -0.461230E+13   0.396402E+13   0.785508E+14   0.692431E+14   0.239501E+15
 trial position no.            8
 
 
 
 
 
 
 
 
 
 
 
 
  Covariance matrix; NOT corrected for  scaling
   0.120890E+15  -0.350189E+14   0.216755E+14   0.459674E+14   0.904185E+14  -0.536519E+14
  -0.350189E+14   0.283644E+15   0.166013E+15   0.123443E+13  -0.314779E+14   0.600018E+12
   0.216755E+14   0.166013E+15   0.282831E+15   0.112988E+14   0.329860E+13   0.143951E+13
   0.459674E+14   0.123443E+13   0.112988E+14   0.179813E+15   0.105964E+15   0.272751E+14
   0.904185E+14  -0.314779E+14   0.329860E+13   0.105964E+15   0.239273E+15   0.784662E+13
  -0.536519E+14   0.600018E+12   0.143951E+13   0.272752E+14   0.784662E+13   0.225373E+15
 trial position no.            9
 
 
 
 
 
 
 
 
 
 
 
 
  Covariance matrix; NOT corrected for  scaling
   0.128366E+15  -0.347705E+14   0.212093E+14   0.433002E+14   0.917153E+14  -0.706682E+14
  -0.347705E+14   0.240983E+15   0.141780E+15   0.195834E+13  -0.303742E+14   0.336821E+13
   0.212093E+14   0.141779E+15   0.239069E+15   0.107021E+14   0.322418E+13   0.355477E+12
   0.433002E+14   0.195834E+13   0.107021E+14   0.162368E+15   0.817152E+14  -0.801064E+13
   0.917153E+14  -0.303742E+14   0.322418E+13   0.817152E+14   0.221697E+15  -0.363959E+14
  -0.706682E+14   0.336821E+13   0.355478E+12  -0.801064E+13  -0.363959E+14   0.239574E+15
 trial position no.           10
 
 
 
 
 
 
 
 
 
 
 
 
  Covariance matrix; NOT corrected for  scaling
   0.135429E+15  -0.369723E+14   0.220668E+14   0.420229E+14   0.941599E+14  -0.849495E+14
  -0.369723E+14   0.236333E+15   0.139969E+15   0.144320E+13  -0.338635E+14   0.512318E+13
   0.220668E+14   0.139969E+15   0.233323E+15   0.125583E+14   0.383829E+13   0.141109E+12
   0.420229E+14   0.144320E+13   0.125583E+14   0.152384E+15   0.644421E+14  -0.254997E+14
   0.941599E+14  -0.338635E+14   0.383829E+13   0.644421E+14   0.212796E+15  -0.617243E+14
  -0.849495E+14   0.512318E+13   0.141106E+12  -0.254997E+14  -0.617243E+14   0.284329E+15
 trial position no.           11
 
 
 
 
 
 
 
 
 
 
 
 
  Covariance matrix; NOT corrected for  scaling
   0.141671E+15  -0.370704E+14   0.219227E+14   0.394362E+14   0.946116E+14  -0.994089E+14
  -0.370704E+14   0.211752E+15   0.125383E+15   0.264284E+13  -0.332468E+14   0.728650E+13
   0.219227E+14   0.125383E+15   0.208200E+15   0.122829E+14   0.323993E+13  -0.631832E+12
   0.394362E+14   0.264285E+13   0.122829E+14   0.145474E+15   0.487046E+14  -0.442382E+14
   0.946116E+14  -0.332468E+14   0.323994E+13   0.487046E+14   0.204880E+15  -0.883835E+14
  -0.994088E+14   0.728650E+13  -0.631837E+12  -0.442382E+14  -0.883834E+14   0.326199E+15
 trial position no.           12
 
 
 
 
 
 
 
 
 
 
 
 
  Covariance matrix; NOT corrected for  scaling
   0.147961E+15  -0.372197E+14   0.219483E+14   0.376931E+14   0.956645E+14  -0.112741E+15
  -0.372197E+14   0.192498E+15   0.113683E+15   0.365034E+13  -0.334468E+14   0.923237E+13
   0.219483E+14   0.113683E+15   0.188687E+15   0.127243E+14   0.270440E+13  -0.138893E+13
   0.376931E+14   0.365034E+13   0.127243E+14   0.141972E+15   0.356543E+14  -0.586453E+14
   0.956645E+14  -0.334468E+14   0.270440E+13   0.356543E+14   0.200786E+15  -0.110091E+15
  -0.112741E+15   0.923236E+13  -0.138893E+13  -0.586453E+14  -0.110091E+15   0.373794E+15
 trial position no.           13
 
 
 
 
 
 
 
 
 
 
 
 
  Covariance matrix; NOT corrected for  scaling
   0.154685E+15  -0.375184E+14   0.223691E+14   0.367094E+14   0.972565E+14  -0.125188E+15
  -0.375184E+14   0.177635E+15   0.104714E+15   0.302597E+13  -0.340735E+14   0.113804E+14
   0.223691E+14   0.104714E+15   0.173870E+15   0.133092E+14   0.357743E+13  -0.263604E+13
   0.367094E+14   0.302597E+13   0.133092E+14   0.138049E+15   0.220339E+14  -0.685956E+14
   0.972566E+14  -0.340735E+14   0.357744E+13   0.220339E+14   0.196787E+15  -0.126734E+15
  -0.125188E+15   0.113804E+14  -0.263604E+13  -0.685956E+14  -0.126734E+15   0.422905E+15
 trial position no.           14
 
 
 
 
 
 
 
 
 
 
 
 
  Covariance matrix; NOT corrected for  scaling
   0.161563E+15  -0.377308E+14   0.227611E+14   0.359831E+14   0.987588E+14  -0.136368E+15
  -0.377308E+14   0.165812E+15   0.974930E+14   0.294129E+13  -0.337833E+14   0.126110E+14
   0.227611E+14   0.974930E+14   0.162161E+15   0.132236E+14   0.399425E+13  -0.338857E+13
   0.359831E+14   0.294129E+13   0.132236E+14   0.138686E+15   0.123983E+14  -0.781752E+14
   0.987588E+14  -0.337833E+14   0.399425E+13   0.123983E+14   0.196917E+15  -0.141997E+15
  -0.136368E+15   0.126110E+14  -0.338857E+13  -0.781752E+14  -0.141997E+15   0.473204E+15
 trial position no.           15
 
 
 
 
 
 
 
 
 
 
 
 
  Covariance matrix; NOT corrected for  scaling
   0.167356E+15  -0.410633E+14   0.248568E+14   0.345281E+14   0.988101E+14  -0.146884E+15
  -0.410633E+14   0.185041E+15   0.108823E+15   0.406521E+13  -0.367078E+14   0.132473E+14
   0.248568E+14   0.108823E+15   0.180737E+15   0.148268E+14   0.377036E+13  -0.299849E+13
   0.345281E+14   0.406521E+13   0.148268E+14   0.143175E+15   0.530250E+13  -0.783775E+14
   0.988101E+14  -0.367078E+14   0.377036E+13   0.530250E+13   0.199300E+15  -0.147737E+15
  -0.146884E+15   0.132473E+14  -0.299849E+13  -0.783775E+14  -0.147737E+15   0.558201E+15
 trial position no.           16
 
 
 
 
 
 
 
 
 
 
 
 
  Covariance matrix; NOT corrected for  scaling
   0.173471E+15  -0.411676E+14   0.251890E+14   0.336841E+14   0.991881E+14  -0.156635E+15
  -0.411676E+14   0.177295E+15   0.104498E+15   0.421251E+13  -0.370246E+14   0.142865E+14
   0.251891E+14   0.104498E+15   0.173249E+15   0.155041E+14   0.370997E+13  -0.359337E+13
   0.336841E+14   0.421251E+13   0.155041E+14   0.143521E+15  -0.590904E+13  -0.831121E+14
   0.991881E+14  -0.370246E+14   0.370996E+13  -0.590905E+13   0.198195E+15  -0.157181E+15
  -0.156635E+15   0.142865E+14  -0.359336E+13  -0.831121E+14  -0.157181E+15   0.614369E+15
 trial position no.            7
 
 
 
 
 
 
 
 
 
 
 
 
  Covariance matrix; NOT corrected for  scaling
   0.166429E+15  -0.280905E+14  -0.823708E+12  -0.659814E+13  -0.262362E+14   0.243042E+14
  -0.280905E+14   0.325008E+15  -0.866692E+14  -0.172983E+14  -0.761398E+13  -0.610543E+13
  -0.823707E+12  -0.866691E+14   0.478226E+15  -0.883683E+13  -0.900143E+13   0.657979E+13
  -0.659814E+13  -0.172983E+14  -0.883683E+13   0.302877E+15   0.194052E+15   0.133560E+15
  -0.262362E+14  -0.761398E+13  -0.900143E+13   0.194052E+15   0.347631E+15   0.114548E+15
   0.243042E+14  -0.610544E+13   0.657979E+13   0.133560E+15   0.114548E+15   0.335712E+15
 trial position no.            8
 
 
 
 
 
 
 
 
 
 
 
 
  Covariance matrix; NOT corrected for  scaling
   0.182644E+15  -0.290558E+14  -0.162077E+13  -0.980752E+13  -0.310072E+14   0.246442E+14
  -0.290558E+14   0.259287E+15  -0.721291E+14  -0.133645E+14  -0.419272E+13  -0.128571E+13
  -0.162077E+13  -0.721291E+14   0.385329E+15  -0.897321E+13  -0.801052E+13   0.865666E+13
  -0.980752E+13  -0.133645E+14  -0.897321E+13   0.256604E+15   0.141425E+15   0.497315E+14
  -0.310072E+14  -0.419273E+13  -0.801052E+13   0.141425E+15   0.302156E+15   0.264432E+14
   0.246442E+14  -0.128571E+13   0.865666E+13   0.497315E+14   0.264432E+14   0.305920E+15
 trial position no.            9
 
 
 
 
 
 
 
 
 
 
 
 
  Covariance matrix; NOT corrected for  scaling
   0.197928E+15  -0.296835E+14  -0.284540E+13  -0.119142E+14  -0.345492E+14   0.260163E+14
  -0.296835E+14   0.215944E+15  -0.619284E+14  -0.107752E+14  -0.175469E+13   0.153902E+13
  -0.284540E+13  -0.619284E+14   0.322915E+15  -0.781588E+13  -0.625505E+13   0.106403E+14
  -0.119142E+14  -0.107752E+14  -0.781588E+13   0.226946E+15   0.104468E+15  -0.491600E+13
  -0.345492E+14  -0.175469E+13  -0.625505E+13   0.104468E+15   0.273054E+15  -0.323503E+14
   0.260163E+14   0.153902E+13   0.106403E+14  -0.491600E+13  -0.323503E+14   0.323915E+15
 trial position no.           10
 
 
 
 
 
 
 
 
 
 
 
 
  Covariance matrix; NOT corrected for  scaling
   0.211811E+15  -0.319919E+14  -0.472216E+13  -0.139039E+14  -0.375604E+14   0.268474E+14
  -0.319919E+14   0.208118E+15  -0.612386E+14  -0.987184E+13  -0.445618E+12   0.348717E+13
  -0.472216E+13  -0.612386E+14   0.313087E+15  -0.673318E+13  -0.443267E+13   0.129415E+14
  -0.139039E+14  -0.987184E+13  -0.673318E+13   0.211691E+15   0.815730E+14  -0.317658E+14
  -0.375604E+14  -0.445618E+12  -0.443267E+13   0.815730E+14   0.258868E+15  -0.626449E+14
   0.268474E+14   0.348717E+13   0.129415E+14  -0.317658E+14  -0.626449E+14   0.388138E+15
 trial position no.           11
 
 
 
 
 
 
 
 
 
 
 
 
  Covariance matrix; NOT corrected for  scaling
   0.225058E+15  -0.331819E+14  -0.596810E+13  -0.166230E+14  -0.410952E+14   0.290219E+14
  -0.331819E+14   0.184448E+15  -0.551122E+14  -0.893691E+13   0.651639E+12   0.527014E+13
  -0.596810E+13  -0.551122E+14   0.278172E+15  -0.679524E+13  -0.397113E+13   0.146999E+14
  -0.166230E+14  -0.893691E+13  -0.679524E+13   0.197581E+15   0.593640E+14  -0.615837E+14
  -0.410952E+14   0.651638E+12  -0.397113E+13   0.593640E+14   0.246436E+15  -0.965623E+14
   0.290219E+14   0.527014E+13   0.146999E+14  -0.615837E+14  -0.965623E+14   0.449401E+15
 trial position no.           12
 
 
 
 
 
 
 
 
 
 
 
 
  Covariance matrix; NOT corrected for  scaling
   0.237613E+15  -0.339771E+14  -0.717363E+13  -0.186861E+14  -0.439164E+14   0.314307E+14
  -0.339771E+14   0.166639E+15  -0.503709E+14  -0.790833E+13   0.182743E+13   0.647676E+13
  -0.717363E+13  -0.503709E+14   0.251772E+15  -0.636915E+13  -0.317516E+13   0.159678E+14
  -0.186861E+14  -0.790833E+13  -0.636915E+13   0.188883E+15   0.415304E+14  -0.842343E+14
  -0.439164E+14   0.182743E+13  -0.317516E+13   0.415304E+14   0.239152E+15  -0.123217E+15
   0.314307E+14   0.647676E+13   0.159678E+14  -0.842343E+14  -0.123217E+15   0.520274E+15
 trial position no.           13
 
 
 
 
 
 
 
 
 
 
 
 
  Covariance matrix; NOT corrected for  scaling
   0.249056E+15  -0.342336E+14  -0.865223E+13  -0.197524E+14  -0.456015E+14   0.333905E+14
  -0.342336E+14   0.152882E+15  -0.464583E+14  -0.732032E+13   0.249057E+13   0.746508E+13
  -0.865223E+13  -0.464583E+14   0.231259E+15  -0.550011E+13  -0.171697E+13   0.163684E+14
  -0.197524E+14  -0.732032E+13  -0.550011E+13   0.183565E+15   0.260353E+14  -0.101557E+15
  -0.456015E+14   0.249057E+13  -0.171697E+13   0.260353E+14   0.235071E+15  -0.144364E+15
   0.333905E+14   0.746508E+13   0.163684E+14  -0.101557E+15  -0.144364E+15   0.595137E+15
 trial position no.           14
 
 
 
 
 
 
 
 
 
 
 
 
  Covariance matrix; NOT corrected for  scaling
   0.260951E+15  -0.348275E+14  -0.986144E+13  -0.212312E+14  -0.480651E+14   0.362779E+14
  -0.348275E+14   0.142360E+15  -0.431597E+14  -0.721743E+13   0.283565E+13   0.847363E+13
  -0.986144E+13  -0.431597E+14   0.215159E+15  -0.542742E+13  -0.108562E+13   0.173396E+14
  -0.212312E+14  -0.721743E+13  -0.542742E+13   0.182536E+15   0.142534E+14  -0.117319E+15
  -0.480651E+14   0.283565E+13  -0.108562E+13   0.142534E+14   0.236067E+15  -0.164238E+15
   0.362779E+14   0.847363E+13   0.173396E+14  -0.117319E+15  -0.164238E+15   0.673247E+15
 trial position no.           15
 
 
 
 
 
 
 
 
 
 
 
 
  Covariance matrix; NOT corrected for  scaling
   0.271825E+15  -0.387020E+14  -0.118064E+14  -0.235624E+14  -0.513212E+14   0.377102E+14
  -0.387020E+14   0.158377E+15  -0.480925E+14  -0.725553E+13   0.398098E+13   0.101068E+14
  -0.118064E+14  -0.480925E+14   0.239564E+15  -0.576542E+13  -0.572605E+12   0.211963E+14
  -0.235624E+14  -0.725553E+13  -0.576542E+13   0.184165E+15   0.481233E+13  -0.119740E+15
  -0.513212E+14   0.398098E+13  -0.572606E+12   0.481234E+13   0.239899E+15  -0.170582E+15
   0.377102E+14   0.101068E+14   0.211963E+14  -0.119740E+15  -0.170582E+15   0.807606E+15
 trial position no.           16
 
 
 
 
 
 
 
 
 
 
 
 
  Covariance matrix; NOT corrected for  scaling
   0.282199E+15  -0.391387E+14  -0.133890E+14  -0.245167E+14  -0.527806E+14   0.396872E+14
  -0.391387E+14   0.151353E+15  -0.459101E+14  -0.701049E+13   0.446168E+13   0.111473E+14
  -0.133890E+14  -0.459101E+14   0.229239E+15  -0.538790E+13   0.374047E+12   0.223393E+14
  -0.245167E+14  -0.701049E+13  -0.538790E+13   0.184433E+15  -0.743664E+13  -0.131009E+15
  -0.527806E+14   0.446168E+13   0.374047E+12  -0.743664E+13   0.241839E+15  -0.185853E+15
   0.396872E+14   0.111473E+14   0.223393E+14  -0.131009E+15  -0.185853E+15   0.902901E+15
 trial position no.            7
 
 
 
 
 
 
 
 
 
 
 
 
  Covariance matrix; NOT corrected for  scaling
   0.103110E+15  -0.517825E+14   0.268024E+14   0.214358E+14   0.136976E+14   0.741231E+13
  -0.517825E+14   0.285231E+15  -0.984843E+13  -0.432005E+13   0.402420E+13  -0.173304E+14
   0.268024E+14  -0.984843E+13   0.342306E+15  -0.248237E+14  -0.277242E+14   0.271249E+14
   0.214358E+14  -0.432006E+13  -0.248237E+14   0.247704E+15   0.139066E+15   0.106408E+15
   0.136976E+14   0.402420E+13  -0.277242E+14   0.139066E+15   0.281680E+15   0.995655E+14
   0.741231E+13  -0.173304E+14   0.271249E+14   0.106408E+15   0.995655E+14   0.298765E+15
 trial position no.            8
 
 
 
 
 
 
 
 
 
 
 
 
  Covariance matrix; NOT corrected for  scaling
   0.111503E+15  -0.516594E+14   0.262582E+14   0.181948E+14   0.980821E+13  -0.114637E+13
  -0.516594E+14   0.229867E+15  -0.100977E+14  -0.247544E+13   0.603321E+13  -0.146392E+14
   0.262582E+14  -0.100977E+14   0.273884E+15  -0.234957E+14  -0.250527E+14   0.321960E+14
   0.181948E+14  -0.247544E+13  -0.234957E+14   0.214300E+15   0.986990E+14   0.424377E+14
   0.980821E+13   0.603321E+13  -0.250527E+14   0.986990E+14   0.247447E+15   0.306659E+14
  -0.114637E+13  -0.146392E+14   0.321960E+14   0.424377E+14   0.306659E+14   0.278070E+15
 trial position no.            9
 
 
 
 
 
 
 
 
 
 
 
 
  Covariance matrix; NOT corrected for  scaling
   0.119655E+15  -0.515643E+14   0.258804E+14   0.166186E+14   0.753967E+13  -0.783473E+13
  -0.515643E+14   0.192924E+15  -0.102647E+14  -0.217067E+13   0.644723E+13  -0.136155E+14
   0.258804E+14  -0.102647E+14   0.228196E+15  -0.202026E+14  -0.210399E+14   0.370065E+14
   0.166186E+14  -0.217067E+13  -0.202026E+14   0.192585E+15   0.687468E+14  -0.385426E+11
   0.753967E+13   0.644723E+13  -0.210399E+14   0.687468E+14   0.224857E+15  -0.165179E+14
  -0.783473E+13  -0.136155E+14   0.370065E+14  -0.385430E+11  -0.165179E+14   0.294528E+15
 trial position no.           10
 
 
 
 
 
 
 
 
 
 
 
 
  Covariance matrix; NOT corrected for  scaling
   0.126810E+15  -0.540496E+14   0.261967E+14   0.164766E+14   0.703095E+13  -0.139364E+14
  -0.540496E+14   0.186200E+15  -0.103835E+14  -0.398654E+13   0.489021E+13  -0.135969E+14
   0.261967E+14  -0.103835E+14   0.218510E+15  -0.165337E+14  -0.167388E+14   0.431581E+14
   0.164766E+14  -0.398654E+13  -0.165337E+14   0.180510E+15   0.474188E+14  -0.193615E+14
   0.703095E+13   0.489021E+13  -0.167388E+14   0.474188E+14   0.212178E+15  -0.400796E+14
  -0.139364E+14  -0.135969E+14   0.431581E+14  -0.193615E+14  -0.400796E+14   0.351900E+15
 trial position no.           11
 
 
 
 
 
 
 
 
 
 
 
 
  Covariance matrix; NOT corrected for  scaling
   0.134486E+15  -0.550822E+14   0.258739E+14   0.145330E+14   0.473323E+13  -0.197603E+14
  -0.550822E+14   0.166103E+15  -0.103046E+14  -0.424966E+13   0.493854E+13  -0.121289E+14
   0.258739E+14  -0.103046E+14   0.193285E+15  -0.157270E+14  -0.152893E+14   0.464674E+14
   0.145330E+14  -0.424966E+13  -0.157270E+14   0.171440E+15   0.287567E+14  -0.413778E+14
   0.473323E+13   0.493854E+13  -0.152893E+14   0.287567E+14   0.203696E+15  -0.668371E+14
  -0.197603E+14  -0.121289E+14   0.464674E+14  -0.413778E+14  -0.668371E+14   0.403163E+15
 trial position no.           12
 
 
 
 
 
 
 
 
 
 
 
 
  Covariance matrix; NOT corrected for  scaling
   0.141995E+15  -0.555077E+14   0.254992E+14   0.133443E+14   0.318569E+13  -0.253287E+14
  -0.555077E+14   0.150422E+15  -0.998617E+13  -0.423575E+13   0.498633E+13  -0.107123E+14
   0.254992E+14  -0.998617E+13   0.173912E+15  -0.142292E+14  -0.134436E+14   0.485977E+14
   0.133443E+14  -0.423575E+13  -0.142292E+14   0.166533E+15   0.130138E+14  -0.577853E+14
   0.318569E+13   0.498633E+13  -0.134436E+14   0.130138E+14   0.199185E+15  -0.879369E+14
  -0.253287E+14  -0.107123E+14   0.485977E+14  -0.577853E+14  -0.879369E+14   0.461707E+15
 trial position no.           13
 
 
 
 
 
 
 
 
 
 
 
 
  Covariance matrix; NOT corrected for  scaling
   0.148754E+15  -0.550835E+14   0.244112E+14   0.137808E+14   0.347265E+13  -0.315929E+14
  -0.550835E+14   0.137718E+15  -0.889490E+13  -0.539958E+13   0.388564E+13  -0.864753E+13
   0.244112E+14  -0.889490E+13   0.158375E+15  -0.116965E+14  -0.987859E+13   0.487306E+14
   0.137808E+14  -0.539958E+13  -0.116965E+14   0.162881E+15  -0.273846E+13  -0.686909E+14
   0.347265E+13   0.388564E+13  -0.987859E+13  -0.273846E+13   0.195214E+15  -0.103014E+15
  -0.315929E+14  -0.864753E+13   0.487306E+14  -0.686910E+14  -0.103014E+15   0.521776E+15
 trial position no.           14
 
 
 
 
 
 
 
 
 
 
 
 
  Covariance matrix; NOT corrected for  scaling
   0.156736E+15  -0.557274E+14   0.238739E+14   0.133568E+14   0.254334E+13  -0.362880E+14
  -0.557274E+14   0.128432E+15  -0.814995E+13  -0.605065E+13   0.369685E+13  -0.729628E+13
   0.238739E+14  -0.814995E+13   0.146769E+15  -0.111791E+14  -0.845276E+13   0.501482E+14
   0.133568E+14  -0.605065E+13  -0.111791E+14   0.163823E+15  -0.141181E+14  -0.795127E+14
   0.254334E+13   0.369685E+13  -0.845276E+13  -0.141181E+14   0.196764E+15  -0.118208E+15
  -0.362880E+14  -0.729628E+13   0.501482E+14  -0.795127E+14  -0.118208E+15   0.585078E+15
 trial position no.           15
 
 
 
 
 
 
 
 
 
 
 
 
  Covariance matrix; NOT corrected for  scaling
   0.164904E+15  -0.617610E+14   0.259110E+14   0.115065E+14   0.144291E+12  -0.416799E+14
  -0.617610E+14   0.143225E+15  -0.926050E+13  -0.642057E+13   0.455155E+13  -0.788730E+13
   0.259110E+14  -0.926050E+13   0.162730E+15  -0.114915E+14  -0.805331E+13   0.590213E+14
   0.115065E+14  -0.642057E+13  -0.114915E+14   0.167920E+15  -0.229580E+14  -0.781676E+14
   0.144290E+12   0.455155E+13  -0.805331E+13  -0.229580E+14   0.201307E+15  -0.122088E+15
  -0.416799E+14  -0.788730E+13   0.590213E+14  -0.781676E+14  -0.122088E+15   0.702425E+15
 trial position no.           16
 
 
 
 
 
 
 
 
 
 
 
 
  Covariance matrix; NOT corrected for  scaling
   0.171979E+15  -0.617979E+14   0.247657E+14   0.117210E+14   0.385780E+12  -0.484642E+14
  -0.617979E+14   0.136227E+15  -0.809949E+13  -0.720660E+13   0.386975E+13  -0.542990E+13
   0.247657E+14  -0.809949E+13   0.154383E+15  -0.101238E+14  -0.580284E+13   0.598034E+14
   0.117210E+14  -0.720660E+13  -0.101238E+14   0.169370E+15  -0.357265E+14  -0.837070E+14
   0.385779E+12   0.386975E+13  -0.580284E+13  -0.357265E+14   0.202685E+15  -0.132043E+15
  -0.484642E+14  -0.542990E+13   0.598034E+14  -0.837070E+14  -0.132043E+15   0.777965E+15
 trial position no.            7
 
 
 
 
 
 
 
 
 
 
 
 
  Covariance matrix; NOT corrected for  scaling
   0.618686E+14  -0.203717E+14  -0.154549E+14  -0.243588E+14  -0.327584E+14   0.656879E+13
  -0.203717E+14   0.207821E+15  -0.115564E+15  -0.566551E+13   0.271411E+14   0.912204E+13
  -0.154549E+14  -0.115564E+15   0.399315E+15  -0.210421E+13   0.438249E+13   0.830573E+13
  -0.243588E+14  -0.566551E+13  -0.210421E+13   0.180401E+15   0.977113E+14   0.921271E+14
  -0.327584E+14   0.271411E+14   0.438249E+13   0.977113E+14   0.273971E+15   0.775637E+14
   0.656879E+13   0.912204E+13   0.830573E+13   0.921271E+14   0.775637E+14   0.236688E+15
 trial position no.            8
 
 
 
 
 
 
 
 
 
 
 
 
  Covariance matrix; NOT corrected for  scaling
   0.657610E+14  -0.200818E+14  -0.146514E+14  -0.237537E+14  -0.329175E+14   0.138994E+14
  -0.200819E+14   0.167361E+15  -0.936641E+14  -0.606741E+13   0.246300E+14   0.628620E+13
  -0.146514E+14  -0.936641E+14   0.323659E+15  -0.357136E+13   0.533228E+13   0.792681E+13
  -0.237537E+14  -0.606741E+13  -0.357136E+13   0.156038E+15   0.651059E+14   0.461000E+14
  -0.329175E+14   0.246300E+14   0.533227E+13   0.651059E+14   0.249754E+15   0.194510E+14
   0.138994E+14   0.628620E+13   0.792681E+13   0.461000E+14   0.194510E+14   0.216315E+15
 trial position no.            9
 
 
 
 
 
 
 
 
 
 
 
 
  Covariance matrix; NOT corrected for  scaling
   0.697166E+14  -0.196118E+14  -0.148450E+14  -0.231362E+14  -0.326295E+14   0.207437E+14
  -0.196118E+14   0.139946E+15  -0.793344E+14  -0.590789E+13   0.245179E+14   0.433563E+13
  -0.148450E+14  -0.793344E+14   0.272484E+15  -0.267139E+13   0.599820E+13   0.799347E+13
  -0.231362E+14  -0.590789E+13  -0.267139E+13   0.140710E+15   0.406053E+14   0.164407E+14
  -0.326295E+14   0.245179E+14   0.599820E+13   0.406053E+14   0.233735E+15  -0.218180E+14
   0.207437E+14   0.433563E+13   0.799347E+13   0.164407E+14  -0.218180E+14   0.224476E+15
 trial position no.           10
 
 
 
 
 
 
 
 
 
 
 
 
  Covariance matrix; NOT corrected for  scaling
   0.739183E+14  -0.205967E+14  -0.164159E+14  -0.232706E+14  -0.326970E+14   0.260122E+14
  -0.205967E+14   0.135527E+15  -0.776239E+14  -0.606299E+13   0.265936E+14   0.371603E+13
  -0.164159E+14  -0.776239E+14   0.265703E+15  -0.153444E+13   0.752240E+13   0.896869E+13
  -0.232706E+14  -0.606299E+13  -0.153444E+13   0.134165E+15   0.247148E+14   0.427871E+13
  -0.326970E+14   0.265936E+14   0.752240E+13   0.247148E+14   0.228528E+15  -0.434825E+14
   0.260122E+14   0.371603E+13   0.896869E+13   0.427871E+13  -0.434825E+14   0.264022E+15
 trial position no.           11
 
 
 
 
 
 
 
 
 
 
 
 
  Covariance matrix; NOT corrected for  scaling
   0.784756E+14  -0.207039E+14  -0.169871E+14  -0.237042E+14  -0.330473E+14   0.320194E+14
  -0.207039E+14   0.120443E+15  -0.692764E+14  -0.739679E+13   0.258400E+14   0.270327E+13
  -0.169871E+14  -0.692764E+14   0.237102E+15  -0.188291E+13   0.701630E+13   0.926651E+13
  -0.237042E+14  -0.739679E+13  -0.188290E+13   0.128476E+15   0.925449E+13  -0.105114E+14
  -0.330473E+14   0.258400E+14   0.701631E+13   0.925449E+13   0.225100E+15  -0.691722E+14
   0.320194E+14   0.270327E+13   0.926651E+13  -0.105114E+14  -0.691722E+14   0.298833E+15
 trial position no.           12
 
 
 
 
 
 
 
 
 
 
 
 
  Covariance matrix; NOT corrected for  scaling
   0.831673E+14  -0.207718E+14  -0.176772E+14  -0.240796E+14  -0.330830E+14   0.377842E+14
  -0.207718E+14   0.108903E+15  -0.631270E+14  -0.778433E+13   0.263193E+14   0.154381E+13
  -0.176772E+14  -0.631270E+14   0.215274E+15  -0.130057E+13   0.721891E+13   0.921290E+13
  -0.240796E+14  -0.778433E+13  -0.130057E+13   0.125505E+15  -0.438446E+13  -0.211455E+14
  -0.330830E+14   0.263193E+14   0.721892E+13  -0.438446E+13   0.223545E+15  -0.904012E+14
   0.377842E+14   0.154381E+13   0.921290E+13  -0.211455E+14  -0.904012E+14   0.339722E+15
 trial position no.           13
 
 
 
 
 
 
 
 
 
 
 
 
  Covariance matrix; NOT corrected for  scaling
   0.880738E+14  -0.209090E+14  -0.183856E+14  -0.245101E+14  -0.332597E+14   0.432838E+14
  -0.209090E+14   0.999728E+14  -0.582467E+14  -0.775571E+13   0.271969E+14   0.560385E+11
  -0.183856E+14  -0.582466E+14   0.198148E+15  -0.487810E+12   0.817783E+13   0.860357E+13
  -0.245101E+14  -0.775571E+13  -0.487810E+12   0.124379E+15  -0.165364E+14  -0.284259E+14
  -0.332597E+14   0.271969E+14   0.817783E+13  -0.165364E+14   0.224187E+15  -0.107960E+15
   0.432838E+14   0.560402E+11   0.860357E+13  -0.284259E+14  -0.107960E+15   0.383051E+15
 trial position no.           14
 
 
 
 
 
 
 
 
 
 
 
 
  Covariance matrix; NOT corrected for  scaling
   0.932217E+14  -0.211816E+14  -0.189982E+14  -0.249136E+14  -0.342202E+14   0.488274E+14
  -0.211816E+14   0.931744E+14  -0.541856E+14  -0.851850E+13   0.272197E+14  -0.704889E+12
  -0.189982E+14  -0.541856E+14   0.184691E+15  -0.559118E+12   0.818109E+13   0.864946E+13
  -0.249136E+14  -0.851850E+13  -0.559120E+12   0.125532E+15  -0.254361E+14  -0.352049E+14
  -0.342202E+14   0.272197E+14   0.818109E+13  -0.254361E+14   0.227971E+15  -0.124837E+15
   0.488274E+14  -0.704891E+12   0.864946E+13  -0.352049E+14  -0.124837E+15   0.428662E+15
 trial position no.           15
 
 
 
 
 
 
 
 
 
 
 
 
  Covariance matrix; NOT corrected for  scaling
   0.984411E+14  -0.234413E+14  -0.215657E+14  -0.252978E+14  -0.351495E+14   0.538445E+14
  -0.234413E+14   0.103873E+15  -0.603124E+14  -0.969066E+13   0.304836E+14  -0.519210E+12
  -0.215657E+14  -0.603124E+14   0.206004E+15  -0.965234E+11   0.909899E+13   0.107953E+14
  -0.252978E+14  -0.969066E+13  -0.965239E+11   0.128819E+15  -0.324792E+14  -0.321745E+14
  -0.351495E+14   0.304836E+14   0.909899E+13  -0.324792E+14   0.233553E+15  -0.131592E+15
   0.538445E+14  -0.519211E+12   0.107953E+14  -0.321745E+14  -0.131592E+15   0.512221E+15
 trial position no.           16
 
 
 
 
 
 
 
 
 
 
 
 
  Covariance matrix; NOT corrected for  scaling
   0.104108E+15  -0.238166E+14  -0.227559E+14  -0.258570E+14  -0.355545E+14   0.589577E+14
  -0.238166E+14   0.994210E+14  -0.577276E+14  -0.101872E+14   0.316089E+14  -0.922523E+12
  -0.227559E+14  -0.577276E+14   0.197443E+15   0.655991E+12   0.937959E+13   0.113086E+14
  -0.258570E+14  -0.101872E+14   0.655991E+12   0.130990E+15  -0.425129E+14  -0.359290E+14
  -0.355545E+14   0.316089E+14   0.937959E+13  -0.425129E+14   0.237745E+15  -0.145419E+15
   0.589577E+14  -0.922519E+12   0.113086E+14  -0.359290E+14  -0.145419E+15   0.569862E+15
 trial position no.            7
 
 
 
 
 
 
 
 
 
 
 
 
  Covariance matrix; NOT corrected for  scaling
   0.267078E+14  -0.147076E+14   0.112755E+13  -0.799977E+13  -0.234450E+13   0.135554E+13
  -0.147076E+14   0.178596E+15  -0.300658E+14  -0.101854E+14   0.164045E+14   0.901414E+13
   0.112755E+13  -0.300658E+14   0.135222E+15  -0.747454E+13   0.721655E+13   0.519701E+13
  -0.799977E+13  -0.101854E+14  -0.747454E+13   0.145821E+15   0.464187E+14   0.538922E+14
  -0.234450E+13   0.164045E+14   0.721655E+13   0.464187E+14   0.172291E+15   0.898876E+14
   0.135554E+13   0.901413E+13   0.519701E+13   0.538922E+14   0.898876E+14   0.154229E+15
 trial position no.            8
 
 
 
 
 
 
 
 
 
 
 
 
  Covariance matrix; NOT corrected for  scaling
   0.282040E+14  -0.145815E+14   0.130012E+13  -0.818978E+13  -0.237746E+13   0.232325E+13
  -0.145815E+14   0.145781E+15  -0.239911E+14  -0.102935E+14   0.157104E+14   0.744318E+13
   0.130012E+13  -0.239911E+14   0.106416E+15  -0.839749E+13   0.695798E+13   0.469258E+13
  -0.818978E+13  -0.102935E+14  -0.839749E+13   0.132105E+15   0.232366E+14   0.225307E+14
  -0.237746E+13   0.157104E+14   0.695798E+13   0.232366E+14   0.158004E+15   0.513261E+14
   0.232325E+13   0.744318E+13   0.469258E+13   0.225307E+14   0.513261E+14   0.128586E+15
 trial position no.            9
 
 
 
 
 
 
 
 
 
 
 
 
  Covariance matrix; NOT corrected for  scaling
   0.297841E+14  -0.143522E+14   0.134509E+13  -0.831877E+13  -0.221726E+13   0.333005E+13
  -0.143522E+14   0.122538E+15  -0.202318E+14  -0.994291E+13   0.158723E+14   0.628036E+13
   0.134509E+13  -0.202318E+14   0.879855E+14  -0.843159E+13   0.697810E+13   0.461598E+13
  -0.831877E+13  -0.994291E+13  -0.843159E+13   0.124570E+15   0.521639E+13   0.236112E+13
  -0.221726E+13   0.158723E+14   0.697810E+13   0.521639E+13   0.148365E+15   0.235088E+14
   0.333005E+13   0.628036E+13   0.461598E+13   0.236112E+13   0.235088E+14   0.123427E+15
 trial position no.           10
 
 
 
 
 
 
 
 
 
 
 
 
  Covariance matrix; NOT corrected for  scaling
   0.314020E+14  -0.151041E+14   0.140216E+13  -0.856249E+13  -0.191868E+13   0.404869E+13
  -0.151041E+14   0.119010E+15  -0.196079E+14  -0.106035E+14   0.170532E+14   0.595692E+13
   0.140216E+13  -0.196079E+14   0.842683E+14  -0.870818E+13   0.793757E+13   0.509340E+13
  -0.856249E+13  -0.106035E+14  -0.870818E+13   0.122737E+15  -0.737221E+13  -0.595540E+13
  -0.191868E+13   0.170532E+14   0.793757E+13  -0.737221E+13   0.146172E+15   0.849204E+13
   0.404869E+13   0.595692E+13   0.509340E+13  -0.595540E+13   0.849204E+13   0.139696E+15
 trial position no.           11
 
 
 
 
 
 
 
 
 
 
 
 
  Covariance matrix; NOT corrected for  scaling
   0.331608E+14  -0.152563E+14   0.143843E+13  -0.903952E+13  -0.167987E+13   0.487883E+13
  -0.152563E+14   0.106009E+15  -0.174251E+14  -0.118379E+14   0.165735E+14   0.527156E+13
   0.143843E+13  -0.174251E+14   0.744640E+14  -0.932258E+13   0.799958E+13   0.518863E+13
  -0.903951E+13  -0.118379E+14  -0.932258E+13   0.121873E+15  -0.198972E+14  -0.151960E+14
  -0.167987E+13   0.165735E+14   0.799958E+13  -0.198972E+14   0.143743E+15  -0.912346E+13
   0.487883E+13   0.527156E+13   0.518863E+13  -0.151960E+14  -0.912346E+13   0.153905E+15
 trial position no.           12
 
 
 
 
 
 
 
 
 
 
 
 
  Covariance matrix; NOT corrected for  scaling
   0.350192E+14  -0.152571E+14   0.145877E+13  -0.955126E+13  -0.134510E+13   0.566204E+13
  -0.152571E+14   0.955252E+14  -0.158650E+14  -0.119968E+14   0.166812E+14   0.455366E+13
   0.145877E+13  -0.158650E+14   0.672482E+14  -0.955567E+13   0.833935E+13   0.522512E+13
  -0.955126E+13  -0.119968E+14  -0.955567E+13   0.123083E+15  -0.307984E+14  -0.214058E+14
  -0.134510E+13   0.166812E+14   0.833935E+13  -0.307984E+14   0.142923E+15  -0.237313E+14
   0.566204E+13   0.455366E+13   0.522512E+13  -0.214058E+14  -0.237313E+14   0.173071E+15
 trial position no.           13
 
 
 
 
 
 
 
 
 
 
 
 
  Covariance matrix; NOT corrected for  scaling
   0.369967E+14  -0.152019E+14   0.144123E+13  -0.998016E+13  -0.902675E+12   0.636007E+13
  -0.152019E+14   0.871724E+14  -0.145963E+14  -0.118822E+14   0.168323E+14   0.366371E+13
   0.144123E+13  -0.145963E+14   0.616967E+14  -0.955199E+13   0.898468E+13   0.512399E+13
  -0.998016E+13  -0.118822E+14  -0.955199E+13   0.125122E+15  -0.407599E+14  -0.251928E+14
  -0.902675E+12   0.168323E+14   0.898468E+13  -0.407599E+14   0.143625E+15  -0.361596E+14
   0.636007E+13   0.366372E+13   0.512399E+13  -0.251928E+14  -0.361595E+14   0.195043E+15
 trial position no.           14
 
 
 
 
 
 
 
 
 
 
 
 
  Covariance matrix; NOT corrected for  scaling
   0.391644E+14  -0.153694E+14   0.143195E+13  -0.103708E+14  -0.755498E+12   0.709219E+13
  -0.153694E+14   0.809722E+14  -0.135176E+14  -0.124815E+14   0.165694E+14   0.323219E+13
   0.143195E+13  -0.135176E+14   0.574373E+14  -0.992770E+13   0.910943E+13   0.532131E+13
  -0.103708E+14  -0.124815E+14  -0.992770E+13   0.128863E+15  -0.483837E+14  -0.283976E+14
  -0.755497E+12   0.165694E+14   0.910943E+13  -0.483837E+14   0.144950E+15  -0.471708E+14
   0.709219E+13   0.323219E+13   0.532131E+13  -0.283976E+14  -0.471708E+14   0.218779E+15
 trial position no.           15
 
 
 
 
 
 
 
 
 
 
 
 
  Covariance matrix; NOT corrected for  scaling
   0.414034E+14  -0.170670E+14   0.158021E+13  -0.108948E+14  -0.757873E+12   0.761549E+13
  -0.170670E+14   0.900803E+14  -0.149860E+14  -0.138055E+14   0.182729E+14   0.335344E+13
   0.158020E+13  -0.149860E+14   0.636831E+14  -0.110572E+14   0.100097E+14   0.645152E+13
  -0.108948E+14  -0.138055E+14  -0.110572E+14   0.134575E+15  -0.541661E+14  -0.252219E+14
  -0.757874E+12   0.182729E+14   0.100097E+14  -0.541661E+14   0.147754E+15  -0.532617E+14
   0.761549E+13   0.335343E+13   0.645152E+13  -0.252218E+14  -0.532617E+14   0.263564E+15
 trial position no.           16
 
 
 
 
 
 
 
 
 
 
 
 
  Covariance matrix; NOT corrected for  scaling
   0.437431E+14  -0.172547E+14   0.153063E+13  -0.113842E+14  -0.343750E+12   0.807992E+13
  -0.172547E+14   0.856439E+14  -0.142595E+14  -0.139600E+14   0.184187E+14   0.318594E+13
   0.153063E+13  -0.142595E+14   0.607866E+14  -0.111513E+14   0.103498E+14   0.679564E+13
  -0.113842E+14  -0.139600E+14  -0.111513E+14   0.138855E+15  -0.621800E+14  -0.261380E+14
  -0.343750E+12   0.184187E+14   0.103498E+14  -0.621800E+14   0.149431E+15  -0.628837E+14
   0.807992E+13   0.318594E+13   0.679564E+13  -0.261380E+14  -0.628837E+14   0.294586E+15
 trial position no.            7
 
 
 
 
 
 
 
 
 
 
 
 
  Covariance matrix; NOT corrected for  scaling
   0.776779E+14  -0.490852E+14   0.135481E+14   0.229054E+14   0.264543E+14  -0.952130E+13
  -0.490852E+14   0.222585E+15   0.478657E+14  -0.144715E+14  -0.989934E+13  -0.236689E+13
   0.135480E+14   0.478657E+14   0.293026E+15  -0.164123E+14  -0.178112E+14   0.347165E+14
   0.229054E+14  -0.144715E+14  -0.164123E+14   0.181368E+15   0.990977E+14   0.928083E+14
   0.264543E+14  -0.989934E+13  -0.178112E+14   0.990977E+14   0.224507E+15   0.818792E+14
  -0.952130E+13  -0.236688E+13   0.347165E+14   0.928083E+14   0.818792E+14   0.263191E+15
 trial position no.            8
 
 
 
 
 
 
 
 
 
 
 
 
  Covariance matrix; NOT corrected for  scaling
   0.831227E+14  -0.479582E+14   0.129284E+14   0.200319E+14   0.236473E+14  -0.182915E+14
  -0.479582E+14   0.180340E+15   0.389508E+14  -0.115976E+14  -0.669778E+13   0.227276E+13
   0.129284E+14   0.389508E+14   0.235788E+15  -0.167852E+14  -0.169343E+14   0.369628E+14
   0.200319E+14  -0.115976E+14  -0.167852E+14   0.158424E+15   0.707522E+14   0.478334E+14
   0.236473E+14  -0.669778E+13  -0.169343E+14   0.707522E+14   0.200580E+15   0.311942E+14
  -0.182915E+14   0.227276E+13   0.369628E+14   0.478334E+14   0.311942E+14   0.245427E+15
 trial position no.            9
 
 
 
 
 
 
 
 
 
 
 
 
  Covariance matrix; NOT corrected for  scaling
   0.885846E+14  -0.470104E+14   0.129483E+14   0.188840E+14   0.225962E+14  -0.249767E+14
  -0.470104E+14   0.151347E+15   0.315604E+14  -0.101805E+14  -0.513498E+13   0.439780E+13
   0.129483E+14   0.315604E+14   0.196635E+15  -0.140426E+14  -0.136464E+14   0.404270E+14
   0.188840E+14  -0.101805E+14  -0.140426E+14   0.143232E+15   0.488137E+14   0.172394E+14
   0.225962E+14  -0.513498E+13  -0.136464E+14   0.488137E+14   0.184679E+15  -0.507725E+13
  -0.249767E+14   0.439780E+13   0.404270E+14   0.172394E+14  -0.507725E+13   0.253819E+15
 trial position no.           10
 
 
 
 
 
 
 
 
 
 
 
 
  Covariance matrix; NOT corrected for  scaling
   0.934268E+14  -0.487164E+14   0.130402E+14   0.189270E+14   0.231925E+14  -0.306805E+14
  -0.487164E+14   0.146003E+15   0.303610E+14  -0.111988E+14  -0.632259E+13   0.596740E+13
   0.130402E+14   0.303610E+14   0.188327E+15  -0.101420E+14  -0.939388E+13   0.471081E+14
   0.189270E+14  -0.111988E+14  -0.101420E+14   0.134798E+15   0.323496E+14   0.450129E+13
   0.231925E+14  -0.632259E+13  -0.939388E+13   0.323496E+14   0.175992E+15  -0.233374E+14
  -0.306805E+14   0.596740E+13   0.471081E+14   0.450129E+13  -0.233374E+14   0.296917E+15
 trial position no.           11
 
 
 
 
 
 
 
 
 
 
 
 
  Covariance matrix; NOT corrected for  scaling
   0.987861E+14  -0.494047E+14   0.125833E+14   0.174911E+14   0.223232E+14  -0.365958E+14
  -0.494047E+14   0.130563E+15   0.262884E+14  -0.111447E+14  -0.615539E+13   0.825871E+13
   0.125833E+14   0.262884E+14   0.166617E+15  -0.995451E+13  -0.883544E+13   0.499889E+14
   0.174911E+14  -0.111447E+14  -0.995451E+13   0.129236E+15   0.185115E+14  -0.105502E+14
   0.223232E+14  -0.615539E+13  -0.883544E+13   0.185115E+14   0.171830E+15  -0.444036E+14
  -0.365958E+14   0.825871E+13   0.499889E+14  -0.105502E+14  -0.444036E+14   0.331993E+15
 trial position no.           12
 
 
 
 
 
 
 
 
 
 
 
 
  Covariance matrix; NOT corrected for  scaling
   0.104080E+15  -0.493810E+14   0.125406E+14   0.166240E+14   0.220675E+14  -0.421864E+14
  -0.493810E+14   0.117947E+15   0.228355E+14  -0.105013E+14  -0.571704E+13   0.999940E+13
   0.125406E+14   0.228355E+14   0.149546E+15  -0.844588E+13  -0.736318E+13   0.517725E+14
   0.166240E+14  -0.105013E+14  -0.844588E+13   0.126533E+15   0.625527E+13  -0.215513E+14
   0.220675E+14  -0.571704E+13  -0.736318E+13   0.625527E+13   0.170380E+15  -0.616786E+14
  -0.421864E+14   0.999940E+13   0.517725E+14  -0.215513E+14  -0.616786E+14   0.372457E+15
 trial position no.           13
 
 
 
 
 
 
 
 
 
 
 
 
  Covariance matrix; NOT corrected for  scaling
   0.108969E+15  -0.487737E+14   0.123116E+14   0.169860E+14   0.231803E+14  -0.476540E+14
  -0.487737E+14   0.107727E+15   0.206314E+14  -0.108993E+14  -0.600956E+13   0.114441E+14
   0.123116E+14   0.206314E+14   0.136083E+15  -0.593256E+13  -0.371557E+13   0.519820E+14
   0.169860E+14  -0.108993E+14  -0.593256E+13   0.124128E+15  -0.707238E+13  -0.285662E+14
   0.231803E+14  -0.600956E+13  -0.371557E+13  -0.707238E+13   0.168017E+15  -0.742953E+14
  -0.476540E+14   0.114441E+14   0.519820E+14  -0.285662E+14  -0.742954E+14   0.414259E+15
 trial position no.           14
 
 
 
 
 
 
 
 
 
 
 
 
  Covariance matrix; NOT corrected for  scaling
   0.114787E+15  -0.493045E+14   0.120101E+14   0.170187E+14   0.235139E+14  -0.523419E+14
  -0.493045E+14   0.100614E+15   0.191003E+14  -0.114598E+14  -0.602843E+13   0.127612E+14
   0.120101E+14   0.191003E+14   0.126187E+15  -0.562761E+13  -0.246148E+13   0.533643E+14
   0.170187E+14  -0.114598E+14  -0.562761E+13   0.125549E+15  -0.162878E+14  -0.356693E+14
   0.235139E+14  -0.602843E+13  -0.246148E+13  -0.162878E+14   0.170716E+15  -0.870242E+14
  -0.523419E+14   0.127612E+14   0.533643E+14  -0.356693E+14  -0.870242E+14   0.458264E+15
 trial position no.           15
 
 
 
 
 
 
 
 
 
 
 
 
  Covariance matrix; NOT corrected for  scaling
   0.120669E+15  -0.543420E+14   0.129887E+14   0.159066E+14   0.226005E+14  -0.576218E+14
  -0.543419E+14   0.112108E+15   0.209509E+14  -0.120788E+14  -0.588165E+13   0.146869E+14
   0.129887E+14   0.209509E+14   0.139846E+15  -0.504383E+13  -0.155532E+13   0.631981E+14
   0.159066E+14  -0.120788E+14  -0.504383E+13   0.130376E+15  -0.227966E+14  -0.314598E+14
   0.226005E+14  -0.588165E+13  -0.155532E+13  -0.227966E+14   0.176769E+15  -0.896883E+14
  -0.576218E+14   0.146869E+14   0.631981E+14  -0.314598E+14  -0.896883E+14   0.547404E+15
 trial position no.           16
 
 
 
 
 
 
 
 
 
 
 
 
  Covariance matrix; NOT corrected for  scaling
   0.125999E+15  -0.543001E+14   0.124129E+14   0.161023E+14   0.236871E+14  -0.636558E+14
  -0.543001E+14   0.106393E+15   0.202176E+14  -0.123205E+14  -0.611734E+13   0.168287E+14
   0.124129E+14   0.202176E+14   0.132783E+15  -0.356354E+13   0.533315E+12   0.647591E+14
   0.161023E+14  -0.123205E+14  -0.356354E+13   0.131961E+15  -0.338587E+14  -0.341342E+14
   0.236870E+14  -0.611734E+13   0.533314E+12  -0.338587E+14   0.178666E+15  -0.984659E+14
  -0.636558E+14   0.168287E+14   0.647591E+14  -0.341342E+14  -0.984660E+14   0.601756E+15
 trial position no.            7
 
 
 
 
 
 
 
 
 
 
 
 
  Covariance matrix; NOT corrected for  scaling
   0.808110E+14  -0.495206E+14   0.645011E+13   0.976175E+13   0.215364E+14  -0.128987E+14
  -0.495206E+14   0.237241E+15   0.389841E+14  -0.117582E+14  -0.433904E+13   0.548658E+13
   0.645011E+13   0.389841E+14   0.322363E+15  -0.181341E+14  -0.149480E+14   0.364730E+14
   0.976175E+13  -0.117582E+14  -0.181341E+14   0.197908E+15   0.107488E+15   0.108243E+15
   0.215364E+14  -0.433904E+13  -0.149480E+14   0.107488E+15   0.256082E+15   0.959809E+14
  -0.128987E+14   0.548658E+13   0.364730E+14   0.108243E+15   0.959809E+14   0.293219E+15
 trial position no.            8
 
 
 
 
 
 
 
 
 
 
 
 
  Covariance matrix; NOT corrected for  scaling
   0.863299E+14  -0.482907E+14   0.615118E+13   0.729990E+13   0.197894E+14  -0.185153E+14
  -0.482907E+14   0.192005E+15   0.327346E+14  -0.955744E+13  -0.217084E+13   0.824551E+13
   0.615118E+13   0.327346E+14   0.258897E+15  -0.184647E+14  -0.141414E+14   0.385991E+14
   0.729990E+13  -0.955744E+13  -0.184647E+14   0.172598E+15   0.753944E+14   0.586485E+14
   0.197894E+14  -0.217084E+13  -0.141414E+14   0.753944E+14   0.228998E+15   0.383047E+14
  -0.185153E+14   0.824551E+13   0.385991E+14   0.586485E+14   0.383047E+14   0.269592E+15
 trial position no.            9
 
 
 
 
 
 
 
 
 
 
 
 
  Covariance matrix; NOT corrected for  scaling
   0.916977E+14  -0.469876E+14   0.621662E+13   0.625989E+13   0.195647E+14  -0.225130E+14
  -0.469876E+14   0.160629E+15   0.267659E+14  -0.822990E+13  -0.777567E+12   0.912177E+13
   0.621662E+13   0.267659E+14   0.215566E+15  -0.156219E+14  -0.109283E+14   0.419705E+14
   0.625989E+13  -0.822990E+13  -0.156219E+14   0.155907E+15   0.507374E+14   0.252415E+14
   0.195647E+14  -0.777567E+12  -0.109283E+14   0.507374E+14   0.211072E+15  -0.292898E+13
  -0.225130E+14   0.912178E+13   0.419705E+14   0.252415E+14  -0.292898E+13   0.275599E+15
 trial position no.           10
 
 
 
 
 
 
 
 
 
 
 
 
  Covariance matrix; NOT corrected for  scaling
   0.965471E+14  -0.484617E+14   0.593721E+13   0.604324E+13   0.207160E+14  -0.261350E+14
  -0.484617E+14   0.154661E+15   0.259852E+14  -0.893969E+13  -0.139216E+13   0.102742E+14
   0.593721E+13   0.259852E+14   0.206632E+15  -0.120317E+14  -0.678258E+13   0.488394E+14
   0.604324E+13  -0.893969E+13  -0.120317E+14   0.147121E+15   0.328404E+14   0.117292E+14
   0.207160E+14  -0.139216E+13  -0.678258E+13   0.328404E+14   0.201908E+15  -0.237923E+14
  -0.261350E+14   0.102742E+14   0.488394E+14   0.117292E+14  -0.237923E+14   0.320343E+15
 trial position no.           11
 
 
 
 
 
 
 
 
 
 
 
 
  Covariance matrix; NOT corrected for  scaling
   0.102050E+15  -0.490018E+14   0.542901E+13   0.455283E+13   0.206486E+14  -0.298469E+14
  -0.490018E+14   0.137967E+15   0.227538E+14  -0.928365E+13  -0.162532E+13   0.117013E+14
   0.542901E+13   0.227538E+14   0.182707E+15  -0.120083E+14  -0.645692E+13   0.518429E+14
   0.455283E+13  -0.928365E+13  -0.120083E+14   0.141156E+15   0.174255E+14  -0.460777E+13
   0.206486E+14  -0.162532E+13  -0.645692E+13   0.174255E+14   0.197153E+15  -0.480898E+14
  -0.298469E+14   0.117013E+14   0.518429E+14  -0.460777E+13  -0.480898E+14   0.356379E+15
 trial position no.           12
 
 
 
 
 
 
 
 
 
 
 
 
  Covariance matrix; NOT corrected for  scaling
   0.107499E+15  -0.488230E+14   0.538092E+13   0.348043E+13   0.210699E+14  -0.333129E+14
  -0.488230E+14   0.124342E+15   0.197239E+14  -0.876548E+13  -0.113179E+13   0.125731E+14
   0.538092E+13   0.197239E+14   0.163973E+15  -0.105280E+14  -0.497172E+13   0.537701E+14
   0.348043E+13  -0.876548E+13  -0.105280E+14   0.138206E+15   0.378736E+13  -0.164725E+14
   0.210699E+14  -0.113179E+13  -0.497172E+13   0.378736E+13   0.195258E+15  -0.681073E+14
  -0.333129E+14   0.125731E+14   0.537701E+14  -0.164725E+14  -0.681073E+14   0.398717E+15
 trial position no.           13
 
 
 
 
 
 
 
 
 
 
 
 
  Covariance matrix; NOT corrected for  scaling
   0.112471E+15  -0.479836E+14   0.524792E+13   0.349103E+13   0.226394E+14  -0.366872E+14
  -0.479836E+14   0.113268E+15   0.176616E+14  -0.904656E+13  -0.113110E+13   0.130663E+14
   0.524792E+13   0.176616E+14   0.149334E+15  -0.809035E+13  -0.146321E+13   0.541110E+14
   0.349103E+13  -0.904656E+13  -0.809035E+13   0.135791E+15  -0.105850E+14  -0.240781E+14
   0.226394E+14  -0.113110E+13  -0.146321E+13  -0.105850E+14   0.192954E+15  -0.831606E+14
  -0.366872E+14   0.130663E+14   0.541110E+14  -0.240781E+14  -0.831606E+14   0.443008E+15
 trial position no.           14
 
 
 
 
 
 
 
 
 
 
 
 
  Covariance matrix; NOT corrected for  scaling
   0.118374E+15  -0.483402E+14   0.495460E+13   0.329729E+13   0.233498E+14  -0.394641E+14
  -0.483402E+14   0.105541E+15   0.163662E+14  -0.979597E+13  -0.119747E+13   0.137398E+14
   0.495460E+13   0.163662E+14   0.138478E+15  -0.783031E+13  -0.333193E+12   0.555611E+14
   0.329729E+13  -0.979597E+13  -0.783031E+13   0.137370E+15  -0.205350E+14  -0.317222E+14
   0.233498E+14  -0.119747E+13  -0.333196E+12  -0.205350E+14   0.195836E+15  -0.980656E+14
  -0.394641E+14   0.137398E+14   0.555611E+14  -0.317221E+14  -0.980656E+14   0.489912E+15
 trial position no.           15
 
 
 
 
 
 
 
 
 
 
 
 
  Covariance matrix; NOT corrected for  scaling
   0.124437E+15  -0.532226E+14   0.524204E+13   0.214782E+13   0.229530E+14  -0.429226E+14
  -0.532226E+14   0.117427E+15   0.180388E+14  -0.104554E+14  -0.482566E+12   0.155938E+14
   0.524204E+13   0.180388E+14   0.153434E+15  -0.736690E+13   0.864419E+12   0.658542E+14
   0.214782E+13  -0.104554E+14  -0.736690E+13   0.142751E+15  -0.274395E+14  -0.269377E+14
   0.229530E+14  -0.482566E+12   0.864420E+12  -0.274395E+14   0.202080E+15  -0.101875E+15
  -0.429226E+14   0.155938E+14   0.658541E+14  -0.269377E+14  -0.101875E+15   0.585593E+15
 trial position no.           16
 
 
 
 
 
 
 
 
 
 
 
 
  Covariance matrix; NOT corrected for  scaling
   0.130074E+15  -0.531226E+14   0.471632E+13   0.211118E+13   0.244337E+14  -0.470408E+14
  -0.531226E+14   0.111321E+15   0.173395E+14  -0.108028E+14  -0.448413E+12   0.171704E+14
   0.471632E+13   0.173395E+14   0.145871E+15  -0.588341E+13   0.284989E+13   0.678276E+14
   0.211118E+13  -0.108028E+14  -0.588341E+13   0.144635E+15  -0.392918E+14  -0.299375E+14
   0.244337E+14  -0.448413E+12   0.284989E+13  -0.392918E+14   0.204259E+15  -0.112747E+15
  -0.470408E+14   0.171704E+14   0.678276E+14  -0.299375E+14  -0.112747E+15   0.644650E+15
 trial position no.            7
 
 
 
 
 
 
 
 
 
 
 
 
  Covariance matrix; NOT corrected for  scaling
   0.771979E+14  -0.497126E+14   0.174816E+14   0.282763E+14   0.212941E+14  -0.366506E+13
  -0.497126E+14   0.247604E+15   0.402283E+14  -0.132279E+14  -0.391382E+13  -0.104275E+14
   0.174816E+14   0.402283E+14   0.290135E+15  -0.174231E+14  -0.185863E+14   0.323670E+14
   0.282763E+14  -0.132279E+14  -0.174231E+14   0.205543E+15   0.107270E+15   0.959649E+14
   0.212941E+14  -0.391382E+13  -0.185863E+14   0.107270E+15   0.240592E+15   0.937826E+14
  -0.366506E+13  -0.104275E+14   0.323670E+14   0.959649E+14   0.937826E+14   0.273092E+15
 trial position no.            8
 
 
 
 
 
 
 
 
 
 
 
 
  Covariance matrix; NOT corrected for  scaling
   0.826887E+14  -0.487524E+14   0.166517E+14   0.255177E+14   0.178681E+14  -0.128194E+14
  -0.487524E+14   0.200587E+15   0.319100E+14  -0.105844E+14  -0.788887E+12  -0.611031E+13
   0.166517E+14   0.319100E+14   0.232216E+15  -0.175083E+14  -0.177537E+14   0.347996E+14
   0.255177E+14  -0.105844E+14  -0.175083E+14   0.180259E+15   0.758305E+14   0.455998E+14
   0.178681E+14  -0.788887E+12  -0.177537E+14   0.758305E+14   0.214969E+15   0.380375E+14
  -0.128194E+14  -0.611031E+13   0.347996E+14   0.455998E+14   0.380375E+14   0.252947E+15
 trial position no.            9
 
 
 
 
 
 
 
 
 
 
 
 
  Covariance matrix; NOT corrected for  scaling
   0.882926E+14  -0.480634E+14   0.164782E+14   0.245703E+14   0.161835E+14  -0.198725E+14
  -0.480634E+14   0.168596E+15   0.253854E+14  -0.969286E+13   0.318563E+12  -0.429626E+13
   0.164782E+14   0.253854E+14   0.193256E+15  -0.146642E+14  -0.146619E+14   0.383517E+14
   0.245703E+14  -0.969286E+13  -0.146642E+14   0.163717E+15   0.513678E+14   0.113887E+14
   0.161835E+14   0.318563E+12  -0.146619E+14   0.513678E+14   0.197765E+15  -0.169348E+13
  -0.198725E+14  -0.429626E+13   0.383517E+14   0.113887E+14  -0.169348E+13   0.262226E+15
 trial position no.           10
 
 
 
 
 
 
 
 
 
 
 
 
  Covariance matrix; NOT corrected for  scaling
   0.933255E+14  -0.499875E+14   0.166606E+14   0.250273E+14   0.162872E+14  -0.258799E+14
  -0.499875E+14   0.162721E+15   0.243226E+14  -0.115679E+14  -0.141274E+13  -0.352982E+13
   0.166606E+14   0.243226E+14   0.184688E+15  -0.106071E+14  -0.105083E+14   0.445818E+14
   0.250273E+14  -0.115679E+14  -0.106071E+14   0.154574E+15   0.327451E+14  -0.333895E+13
   0.162872E+14  -0.141274E+13  -0.105083E+14   0.327451E+14   0.188121E+15  -0.217450E+14
  -0.258799E+14  -0.352982E+13   0.445818E+14  -0.333895E+13  -0.217450E+14   0.308320E+15
 trial position no.           11
 
 
 
 
 
 
 
 
 
 
 
 
  Covariance matrix; NOT corrected for  scaling
   0.988627E+14  -0.507957E+14   0.162710E+14   0.238668E+14   0.147380E+14  -0.321037E+14
  -0.507957E+14   0.145502E+15   0.207167E+14  -0.118075E+14  -0.125779E+13  -0.138502E+13
   0.162710E+14   0.207167E+14   0.163223E+15  -0.102175E+14  -0.990840E+13   0.473220E+14
   0.238668E+14  -0.118075E+14  -0.102175E+14   0.148657E+15   0.170922E+14  -0.203423E+14
   0.147380E+14  -0.125779E+13  -0.990840E+13   0.170922E+14   0.183454E+15  -0.448051E+14
  -0.321037E+14  -0.138502E+13   0.473220E+14  -0.203423E+14  -0.448051E+14   0.346933E+15
 trial position no.           12
 
 
 
 
 
 
 
 
 
 
 
 
  Covariance matrix; NOT corrected for  scaling
   0.104379E+15  -0.509243E+14   0.161691E+14   0.233545E+14   0.138634E+14  -0.380831E+14
  -0.509243E+14   0.131575E+15   0.178599E+14  -0.114926E+14  -0.105150E+13   0.456159E+12
   0.161691E+14   0.178599E+14   0.146556E+15  -0.864530E+13  -0.858067E+13   0.490239E+14
   0.233545E+14  -0.114926E+14  -0.864529E+13   0.146079E+15   0.325271E+13  -0.328137E+14
   0.138634E+14  -0.105150E+13  -0.858067E+13   0.325271E+13   0.181774E+15  -0.636001E+14
  -0.380831E+14   0.456158E+12   0.490239E+14  -0.328137E+14  -0.636001E+14   0.391663E+15
 trial position no.           13
 
 
 
 
 
 
 
 
 
 
 
 
  Covariance matrix; NOT corrected for  scaling
   0.109599E+15  -0.505005E+14   0.157460E+14   0.241961E+14   0.145543E+14  -0.442519E+14
  -0.505005E+14   0.120313E+15   0.162977E+14  -0.124464E+14  -0.188541E+13   0.242875E+13
   0.157459E+14   0.162977E+14   0.133365E+15  -0.605422E+13  -0.508549E+13   0.490925E+14
   0.241961E+14  -0.124464E+14  -0.605422E+13   0.143897E+15  -0.117452E+14  -0.406321E+14
   0.145543E+14  -0.188541E+13  -0.508549E+13  -0.117452E+14   0.179087E+15  -0.771667E+14
  -0.442519E+14   0.242875E+13   0.490925E+14  -0.406321E+14  -0.771667E+14   0.437961E+15
 trial position no.           14
 
 
 
 
 
 
 
 
 
 
 
 
  Covariance matrix; NOT corrected for  scaling
   0.115769E+15  -0.511852E+14   0.154209E+14   0.245404E+14   0.143506E+14  -0.494546E+14
  -0.511852E+14   0.112379E+15   0.151244E+14  -0.132294E+14  -0.199109E+13   0.398140E+13
   0.154209E+14   0.151244E+14   0.123656E+15  -0.567485E+13  -0.391562E+13   0.503916E+14
   0.245404E+14  -0.132294E+14  -0.567485E+13   0.145926E+15  -0.222935E+14  -0.484995E+14
   0.143506E+14  -0.199109E+13  -0.391562E+13  -0.222935E+14   0.181859E+15  -0.910126E+14
  -0.494546E+14   0.398140E+13   0.503916E+14  -0.484995E+14  -0.910126E+14   0.486940E+15
 trial position no.           15
 
 
 
 
 
 
 
 
 
 
 
 
  Covariance matrix; NOT corrected for  scaling
   0.122057E+15  -0.565973E+14   0.167402E+14   0.236654E+14   0.129046E+14  -0.551416E+14
  -0.565973E+14   0.125299E+15   0.165062E+14  -0.141976E+14  -0.161878E+13   0.479588E+13
   0.167402E+14   0.165062E+14   0.136989E+15  -0.516345E+13  -0.338885E+13   0.596112E+14
   0.236654E+14  -0.141976E+14  -0.516345E+13   0.151483E+15  -0.300254E+14  -0.447021E+14
   0.129046E+14  -0.161878E+13  -0.338885E+13  -0.300254E+14   0.188187E+15  -0.947578E+14
  -0.551416E+14   0.479588E+13   0.596112E+14  -0.447021E+14  -0.947579E+14   0.583415E+15
 trial position no.           16
 
 
 
 
 
 
 
 
 
 
 
 
  Covariance matrix; NOT corrected for  scaling
   0.127741E+15  -0.566679E+14   0.160876E+14   0.242308E+14   0.136343E+14  -0.619964E+14
  -0.566679E+14   0.118965E+15   0.161518E+14  -0.147512E+14  -0.220764E+13   0.738494E+13
   0.160876E+14   0.161518E+14   0.129978E+15  -0.363776E+13  -0.141751E+13   0.607527E+14
   0.242308E+14  -0.147512E+14  -0.363776E+13   0.153720E+15  -0.424595E+14  -0.475563E+14
   0.136343E+14  -0.220764E+13  -0.141751E+13  -0.424595E+14   0.190057E+15  -0.104229E+15
  -0.619964E+14   0.738494E+13   0.607527E+14  -0.475563E+14  -0.104229E+15   0.643086E+15
 trial position no.            7
 
 
 
 
 
 
 
 
 
 
 
 
  Covariance matrix; NOT corrected for  scaling
   0.128043E+15  -0.633800E+14   0.348181E+14  -0.356475E+14  -0.189528E+14   0.414467E+14
  -0.633800E+14   0.321772E+15  -0.142993E+15   0.133101E+14   0.262104E+14  -0.207432E+14
   0.348181E+14  -0.142993E+15   0.375371E+15  -0.257354E+14  -0.255679E+14   0.291156E+14
  -0.356475E+14   0.133101E+14  -0.257354E+14   0.245861E+15   0.158345E+15   0.899936E+14
  -0.189528E+14   0.262104E+14  -0.255679E+14   0.158345E+15   0.285749E+15   0.967003E+14
   0.414467E+14  -0.207432E+14   0.291156E+14   0.899936E+14   0.967003E+14   0.285519E+15
 trial position no.            8
 
 
 
 
 
 
 
 
 
 
 
 
  Covariance matrix; NOT corrected for  scaling
   0.138033E+15  -0.640948E+14   0.346124E+14  -0.400559E+14  -0.216032E+14   0.436386E+14
  -0.640948E+14   0.264824E+15  -0.121767E+15   0.143983E+14   0.255081E+14  -0.226032E+14
   0.346124E+14  -0.121767E+15   0.303826E+15  -0.249406E+14  -0.240068E+14   0.330398E+14
  -0.400559E+14   0.143983E+14  -0.249406E+14   0.212315E+15   0.117414E+15   0.246844E+14
  -0.216032E+14   0.255081E+14  -0.240068E+14   0.117414E+15   0.248769E+15   0.235242E+14
   0.436386E+14  -0.226032E+14   0.330398E+14   0.246844E+14   0.235242E+14   0.263382E+15
 trial position no.            9
 
 
 
 
 
 
 
 
 
 
 
 
  Covariance matrix; NOT corrected for  scaling
   0.147418E+15  -0.637943E+14   0.332145E+14  -0.430314E+14  -0.228499E+14   0.462754E+14
  -0.637943E+14   0.224623E+15  -0.105631E+15   0.145657E+14   0.249203E+14  -0.242250E+14
   0.332145E+14  -0.105631E+15   0.254992E+15  -0.220797E+14  -0.213798E+14   0.363663E+14
  -0.430314E+14   0.145657E+14  -0.220797E+14   0.190650E+15   0.877630E+14  -0.181062E+14
  -0.228499E+14   0.249203E+14  -0.213798E+14   0.877630E+14   0.224123E+15  -0.264473E+14
   0.462754E+14  -0.242250E+14   0.363663E+14  -0.181062E+14  -0.264473E+14   0.279631E+15
 trial position no.           10
 
 
 
 
 
 
 
 
 
 
 
 
  Covariance matrix; NOT corrected for  scaling
   0.155880E+15  -0.667039E+14   0.327312E+14  -0.450953E+14  -0.227527E+14   0.473527E+14
  -0.667039E+14   0.218987E+15  -0.104316E+15   0.140479E+14   0.243744E+14  -0.260217E+14
   0.327312E+14  -0.104316E+15   0.246270E+15  -0.191918E+14  -0.187032E+14   0.407320E+14
  -0.450953E+14   0.140479E+14  -0.191918E+14   0.179027E+15   0.677239E+14  -0.375985E+14
  -0.227527E+14   0.243744E+14  -0.187032E+14   0.677239E+14   0.210342E+15  -0.521663E+14
   0.473527E+14  -0.260217E+14   0.407320E+14  -0.375985E+14  -0.521663E+14   0.333385E+15
 trial position no.           11
 
 
 
 
 
 
 
 
 
 
 
 
  Covariance matrix; NOT corrected for  scaling
   0.165974E+15  -0.678711E+14   0.318247E+14  -0.492487E+14  -0.246332E+14   0.495975E+14
  -0.678711E+14   0.196430E+15  -0.943895E+14   0.133341E+14   0.233626E+14  -0.264102E+14
   0.318247E+14  -0.943895E+14   0.218656E+15  -0.182002E+14  -0.179302E+14   0.431252E+14
  -0.492487E+14   0.133341E+14  -0.182002E+14   0.170488E+15   0.502252E+14  -0.600870E+14
  -0.246332E+14   0.233626E+14  -0.179302E+14   0.502252E+14   0.200129E+15  -0.814973E+14
   0.495975E+14  -0.264102E+14   0.431252E+14  -0.600870E+14  -0.814973E+14   0.384395E+15
 trial position no.           12
 
 
 
 
 
 
 
 
 
 
 
 
  Covariance matrix; NOT corrected for  scaling
   0.175866E+15  -0.682665E+14   0.303911E+14  -0.526725E+14  -0.257554E+14   0.514583E+14
  -0.682665E+14   0.178256E+15  -0.860130E+14   0.131611E+14   0.230407E+14  -0.265582E+14
   0.303911E+14  -0.860129E+14   0.197189E+15  -0.165269E+14  -0.166628E+14   0.444633E+14
  -0.526725E+14   0.131611E+14  -0.165269E+14   0.165635E+15   0.355557E+14  -0.767564E+14
  -0.257554E+14   0.230407E+14  -0.166628E+14   0.355557E+14   0.193576E+15  -0.104823E+15
   0.514583E+14  -0.265582E+14   0.444633E+14  -0.767564E+14  -0.104823E+15   0.443140E+15
 trial position no.           13
 
 
 
 
 
 
 
 
 
 
 
 
  Covariance matrix; NOT corrected for  scaling
   0.184205E+15  -0.671969E+14   0.278155E+14  -0.541965E+14  -0.250312E+14   0.514093E+14
  -0.671969E+14   0.162906E+15  -0.783097E+14   0.119431E+14   0.217618E+14  -0.255827E+14
   0.278155E+14  -0.783097E+14   0.179771E+15  -0.137336E+14  -0.140646E+14   0.438695E+14
  -0.541965E+14   0.119431E+14  -0.137336E+14   0.161877E+15   0.213530E+14  -0.875004E+14
  -0.250312E+14   0.217618E+14  -0.140646E+14   0.213530E+14   0.188437E+15  -0.122039E+15
   0.514093E+14  -0.255827E+14   0.438695E+14  -0.875004E+14  -0.122039E+15   0.503347E+15
 trial position no.           14
 
 
 
 
 
 
 
 
 
 
 
 
  Covariance matrix; NOT corrected for  scaling
   0.194285E+15  -0.674305E+14   0.262642E+14  -0.570879E+14  -0.263492E+14   0.532584E+14
  -0.674305E+14   0.151434E+15  -0.722574E+14   0.110311E+14   0.211502E+14  -0.250080E+14
   0.262642E+14  -0.722574E+14   0.166321E+15  -0.126132E+14  -0.132085E+14   0.445588E+14
  -0.570879E+14   0.110311E+14  -0.126132E+14   0.162772E+15   0.117402E+14  -0.986487E+14
  -0.263492E+14   0.211502E+14  -0.132085E+14   0.117402E+14   0.188671E+15  -0.139700E+15
   0.532584E+14  -0.250080E+14   0.445588E+14  -0.986487E+14  -0.139700E+15   0.568028E+15
 trial position no.           15
 
 
 
 
 
 
 
 
 
 
 
 
  Covariance matrix; NOT corrected for  scaling
   0.205333E+15  -0.747569E+14   0.276462E+14  -0.614030E+14  -0.291659E+14   0.538479E+14
  -0.747569E+14   0.168990E+15  -0.803612E+14   0.122464E+14   0.236753E+14  -0.272112E+14
   0.276462E+14  -0.803612E+14   0.184361E+15  -0.126953E+14  -0.139112E+14   0.515740E+14
  -0.614030E+14   0.122464E+14  -0.126953E+14   0.166975E+15   0.448871E+13  -0.983391E+14
  -0.291659E+14   0.236753E+14  -0.139112E+14   0.448871E+13   0.191060E+15  -0.147382E+15
   0.538479E+14  -0.272112E+14   0.515740E+14  -0.983391E+14  -0.147382E+15   0.681281E+15
 trial position no.           16
 
 
 
 
 
 
 
 
 
 
 
 
  Covariance matrix; NOT corrected for  scaling
   0.214508E+15  -0.743438E+14   0.250135E+14  -0.632199E+14  -0.288716E+14   0.523237E+14
  -0.743438E+14   0.160288E+15  -0.754752E+14   0.111338E+14   0.229693E+14  -0.250696E+14
   0.250135E+14  -0.754752E+14   0.174822E+15  -0.105998E+14  -0.124470E+14   0.515630E+14
  -0.632199E+14   0.111338E+14  -0.105998E+14   0.168210E+15  -0.673461E+13  -0.103637E+15
  -0.288716E+14   0.229693E+14  -0.124470E+14  -0.673461E+13   0.191131E+15  -0.159966E+15
   0.523237E+14  -0.250696E+14   0.515630E+14  -0.103637E+15  -0.159966E+15   0.758665E+15
 trial position no.            7
 
 
 
 
 
 
 
 
 
 
 
 
  Covariance matrix; NOT corrected for  scaling
   0.973620E+14  -0.112360E+14  -0.558717E+13  -0.396583E+14   0.157623E+14   0.896116E+13
  -0.112360E+14   0.442870E+15  -0.676007E+14   0.315438E+13   0.965753E+13   0.881350E+13
  -0.558717E+13  -0.676007E+14   0.422425E+15   0.190115E+13   0.141272E+14   0.839516E+12
  -0.396583E+14   0.315438E+13   0.190115E+13   0.428471E+15   0.192987E+15   0.163959E+15
   0.157623E+14   0.965753E+13   0.141272E+14   0.192987E+15   0.440218E+15   0.191124E+15
   0.896115E+13   0.881350E+13   0.839516E+12   0.163959E+15   0.191124E+15   0.377800E+15
 trial position no.            8
 
 
 
 
 
 
 
 
 
 
 
 
  Covariance matrix; NOT corrected for  scaling
   0.104104E+15  -0.115084E+14  -0.507535E+13  -0.435062E+14   0.185652E+14   0.110449E+14
  -0.115084E+14   0.355011E+15  -0.555662E+14   0.234254E+13   0.682015E+13   0.625207E+13
  -0.507535E+13  -0.555662E+14   0.334389E+15  -0.112253E+13   0.127402E+14  -0.137468E+13
  -0.435062E+14   0.234254E+13  -0.112253E+13   0.378293E+15   0.122739E+15   0.600866E+14
   0.185652E+14   0.682015E+13   0.127402E+14   0.122739E+15   0.389711E+15   0.820197E+14
   0.110449E+14   0.625207E+13  -0.137468E+13   0.600866E+14   0.820197E+14   0.321805E+15
 trial position no.            9
 
 
 
 
 
 
 
 
 
 
 
 
  Covariance matrix; NOT corrected for  scaling
   0.111003E+15  -0.116797E+14  -0.490503E+13  -0.470540E+14   0.213282E+14   0.130586E+14
  -0.116797E+14   0.296209E+15  -0.474976E+14   0.260603E+13   0.581630E+13   0.494528E+13
  -0.490503E+13  -0.474976E+14   0.277377E+15  -0.268914E+13   0.120287E+14  -0.247777E+13
  -0.470540E+14   0.260603E+13  -0.268914E+13   0.348391E+15   0.720042E+14  -0.736399E+13
   0.213282E+14   0.581630E+13   0.120287E+14   0.720042E+14   0.357887E+15   0.879153E+13
   0.130586E+14   0.494528E+13  -0.247777E+13  -0.736399E+13   0.879153E+13   0.326613E+15
 trial position no.           10
 
 
 
 
 
 
 
 
 
 
 
 
  Covariance matrix; NOT corrected for  scaling
   0.117890E+15  -0.127915E+14  -0.513213E+13  -0.507675E+14   0.238152E+14   0.145897E+14
  -0.127915E+14   0.286210E+15  -0.470361E+14   0.327852E+13   0.557019E+13   0.481485E+13
  -0.513213E+13  -0.470361E+14   0.266756E+15  -0.409141E+13   0.125298E+14  -0.306470E+13
  -0.507675E+14   0.327852E+13  -0.409141E+13   0.336873E+15   0.400554E+14  -0.406649E+14
   0.238152E+14   0.557019E+13   0.125298E+14   0.400553E+14   0.345593E+15  -0.301545E+14
   0.145897E+14   0.481485E+13  -0.306470E+13  -0.406649E+14  -0.301545E+14   0.386219E+15
 trial position no.           11
 
 
 
 
 
 
 
 
 
 
 
 
  Covariance matrix; NOT corrected for  scaling
   0.124788E+15  -0.133395E+14  -0.513540E+13  -0.544096E+14   0.260203E+14   0.165555E+14
  -0.133395E+14   0.253448E+15  -0.424632E+14   0.245962E+13   0.405844E+13   0.468566E+13
  -0.513540E+13  -0.424632E+14   0.235828E+15  -0.582572E+13   0.120512E+14  -0.321320E+13
  -0.544096E+14   0.245962E+13  -0.582572E+13   0.324599E+15   0.714951E+13  -0.767967E+14
   0.260203E+14   0.405844E+13   0.120512E+14   0.714951E+13   0.331836E+15  -0.730524E+14
   0.165555E+14   0.468566E+13  -0.321320E+13  -0.767967E+14  -0.730524E+14   0.445235E+15
 trial position no.           12
 
 
 
 
 
 
 
 
 
 
 
 
  Covariance matrix; NOT corrected for  scaling
   0.131906E+15  -0.137378E+14  -0.516840E+13  -0.577587E+14   0.280695E+14   0.185154E+14
  -0.137378E+14   0.228833E+15  -0.390772E+14   0.264380E+13   0.359154E+13   0.448124E+13
  -0.516840E+13  -0.390772E+14   0.213071E+15  -0.687540E+13   0.121374E+14  -0.330238E+13
  -0.577587E+14   0.264380E+13  -0.687539E+13   0.319238E+15  -0.193014E+14  -0.104061E+15
   0.280695E+14   0.359153E+13   0.121374E+14  -0.193014E+14   0.324362E+15  -0.106862E+15
   0.185154E+14   0.448124E+13  -0.330238E+13  -0.104061E+15  -0.106862E+15   0.517409E+15
 trial position no.           13
 
 
 
 
 
 
 
 
 
 
 
 
  Covariance matrix; NOT corrected for  scaling
   0.139418E+15  -0.141250E+14  -0.521233E+13  -0.609103E+14   0.299246E+14   0.204605E+14
  -0.141250E+14   0.209983E+15  -0.364164E+14   0.327450E+13   0.352285E+13   0.391079E+13
  -0.521233E+13  -0.364164E+14   0.195638E+15  -0.761076E+13   0.125175E+14  -0.335813E+13
  -0.609103E+14   0.327450E+13  -0.761076E+13   0.318506E+15  -0.412626E+14  -0.125446E+15
   0.299246E+14   0.352285E+13   0.125175E+14  -0.412626E+14   0.322181E+15  -0.135051E+15
   0.204605E+14   0.391080E+13  -0.335813E+13  -0.125446E+15  -0.135051E+15   0.596856E+15
 trial position no.           14
 
 
 
 
 
 
 
 
 
 
 
 
  Covariance matrix; NOT corrected for  scaling
   0.147220E+15  -0.145592E+14  -0.534001E+13  -0.638844E+14   0.313086E+14   0.225584E+14
  -0.145592E+14   0.195422E+15  -0.342096E+14   0.301452E+13   0.291164E+13   0.405662E+13
  -0.534002E+13  -0.342096E+14   0.182110E+15  -0.865866E+13   0.125179E+14  -0.290191E+13
  -0.638844E+14   0.301452E+13  -0.865866E+13   0.322005E+15  -0.593708E+14  -0.143737E+15
   0.313086E+14   0.291164E+13   0.125179E+14  -0.593708E+14   0.323480E+15  -0.159399E+15
   0.225584E+14   0.405662E+13  -0.290191E+13  -0.143737E+15  -0.159399E+15   0.679645E+15
 trial position no.           15
 
 
 
 
 
 
 
 
 
 
 
 
  Covariance matrix; NOT corrected for  scaling
   0.154776E+15  -0.163874E+14  -0.601030E+13  -0.665988E+14   0.321829E+14   0.241591E+14
  -0.163874E+14   0.217497E+15  -0.384598E+14   0.340442E+13   0.287696E+13   0.519847E+13
  -0.601030E+13  -0.384598E+14   0.202341E+15  -0.104416E+14   0.137642E+14  -0.239078E+13
  -0.665988E+14   0.340442E+13  -0.104416E+14   0.328784E+15  -0.736848E+14  -0.146541E+15
   0.321829E+14   0.287696E+13   0.137642E+14  -0.736848E+14   0.327367E+15  -0.170190E+15
   0.241591E+14   0.519847E+13  -0.239078E+13  -0.146541E+15  -0.170190E+15   0.819246E+15
 trial position no.           16
 
 
 
 
 
 
 
 
 
 
 
 
  Covariance matrix; NOT corrected for  scaling
   0.162924E+15  -0.169759E+14  -0.625957E+13  -0.692647E+14   0.332699E+14   0.263763E+14
  -0.169759E+14   0.208131E+15  -0.372147E+14   0.384101E+13   0.280515E+13   0.529311E+13
  -0.625957E+13  -0.372147E+14   0.193608E+15  -0.113190E+14   0.141150E+14  -0.153342E+13
  -0.692648E+14   0.384101E+13  -0.113190E+14   0.333925E+15  -0.907719E+14  -0.160285E+15
   0.332699E+14   0.280515E+13   0.141150E+14  -0.907719E+14   0.330042E+15  -0.190723E+15
   0.263763E+14   0.529311E+13  -0.153342E+13  -0.160285E+15  -0.190723E+15   0.923067E+15
 trial position no.            7
 
 
 
 
 
 
 
 
 
 
 
 
  Covariance matrix; NOT corrected for  scaling
   0.824242E+14  -0.255321E+14  -0.210999E+14  -0.364450E+14  -0.479521E+14   0.117644E+14
  -0.255321E+14   0.263544E+15  -0.150190E+15  -0.428624E+13   0.396971E+14   0.125232E+14
  -0.210999E+14  -0.150190E+15   0.490647E+15  -0.496880E+13  -0.457778E+13   0.771192E+13
  -0.364450E+14  -0.428624E+13  -0.496880E+13   0.223690E+15   0.126133E+15   0.100697E+15
  -0.479521E+14   0.396971E+14  -0.457778E+13   0.126133E+15   0.347173E+15   0.805936E+14
   0.117644E+14   0.125232E+14   0.771192E+13   0.100697E+15   0.805936E+14   0.286766E+15
 trial position no.            8
 
 
 
 
 
 
 
 
 
 
 
 
  Covariance matrix; NOT corrected for  scaling
   0.876080E+14  -0.254252E+14  -0.196501E+14  -0.350031E+14  -0.473474E+14   0.235071E+14
  -0.254252E+14   0.212606E+15  -0.121650E+15  -0.576510E+13   0.354462E+14   0.748468E+13
  -0.196501E+14  -0.121650E+15   0.397005E+15  -0.558099E+13  -0.183810E+13   0.914471E+13
  -0.350031E+14  -0.576510E+13  -0.558099E+13   0.193125E+15   0.841162E+14   0.441730E+14
  -0.473474E+14   0.354462E+14  -0.183810E+13   0.841162E+14   0.313324E+15   0.671170E+13
   0.235071E+14   0.748468E+13   0.914471E+13   0.441730E+14   0.671170E+13   0.271159E+15
 trial position no.            9
 
 
 
 
 
 
 
 
 
 
 
 
  Covariance matrix; NOT corrected for  scaling
   0.928424E+14  -0.250459E+14  -0.195918E+14  -0.337897E+14  -0.463319E+14   0.341248E+14
  -0.250459E+14   0.177996E+15  -0.102905E+15  -0.607541E+13   0.347532E+14   0.408048E+13
  -0.195918E+14  -0.102905E+15   0.333650E+15  -0.384132E+13  -0.187420E+12   0.101419E+14
  -0.337897E+14  -0.607541E+13  -0.384132E+13   0.174153E+15   0.530175E+14   0.819400E+13
  -0.463319E+14   0.347532E+14  -0.187419E+12   0.530175E+14   0.290937E+15  -0.450318E+14
   0.341248E+14   0.408048E+13   0.101419E+14   0.819400E+13  -0.450318E+14   0.290373E+15
 trial position no.           10
 
 
 
 
 
 
 
 
 
 
 
 
  Covariance matrix; NOT corrected for  scaling
   0.984495E+14  -0.265951E+14  -0.212332E+14  -0.336997E+14  -0.458719E+14   0.424854E+14
  -0.265951E+14   0.172712E+15  -0.100680E+15  -0.642182E+13   0.374007E+14   0.260438E+13
  -0.212332E+14  -0.100680E+15   0.324813E+15  -0.224689E+13   0.140639E+13   0.116780E+14
  -0.336997E+14  -0.642182E+13  -0.224689E+13   0.166063E+15   0.327297E+14  -0.648195E+13
  -0.458719E+14   0.374007E+14   0.140639E+13   0.327297E+14   0.281846E+15  -0.724033E+14
   0.424854E+14   0.260438E+13   0.116780E+14  -0.648195E+13  -0.724033E+14   0.347093E+15
 trial position no.           11
 
 
 
 
 
 
 
 
 
 
 
 
  Covariance matrix; NOT corrected for  scaling
   0.104464E+15  -0.268467E+14  -0.216555E+14  -0.339951E+14  -0.457065E+14   0.516575E+14
  -0.268467E+14   0.153545E+15  -0.896583E+14  -0.848459E+13   0.359969E+14   0.100359E+13
  -0.216555E+14  -0.896583E+14   0.289195E+15  -0.217554E+13   0.122741E+13   0.125336E+14
  -0.339951E+14  -0.848459E+13  -0.217554E+13   0.159120E+15   0.132198E+14  -0.242601E+14
  -0.457065E+14   0.359969E+14   0.122741E+13   0.132198E+14   0.275170E+15  -0.104015E+15
   0.516575E+14   0.100359E+13   0.125336E+14  -0.242601E+14  -0.104015E+15   0.398311E+15
 trial position no.           12
 
 
 
 
 
 
 
 
 
 
 
 
  Covariance matrix; NOT corrected for  scaling
   0.110612E+15  -0.270847E+14  -0.222415E+14  -0.342789E+14  -0.451859E+14   0.602840E+14
  -0.270847E+14   0.138924E+15  -0.815766E+14  -0.922204E+13   0.363026E+14  -0.824695E+12
  -0.222415E+14  -0.815766E+14   0.262035E+15  -0.117429E+13   0.165221E+13   0.127848E+14
  -0.342789E+14  -0.922204E+13  -0.117429E+13   0.155559E+15  -0.381720E+13  -0.369607E+14
  -0.451859E+14   0.363026E+14   0.165221E+13  -0.381720E+13   0.271230E+15  -0.129716E+15
   0.602840E+14  -0.824697E+12   0.127848E+14  -0.369607E+14  -0.129716E+15   0.456314E+15
 trial position no.           13
 
 
 
 
 
 
 
 
 
 
 
 
  Covariance matrix; NOT corrected for  scaling
   0.117099E+15  -0.275172E+14  -0.227478E+14  -0.347972E+14  -0.450649E+14   0.684858E+14
  -0.275172E+14   0.127696E+15  -0.752809E+14  -0.921991E+13   0.373562E+14  -0.315693E+13
  -0.227478E+14  -0.752809E+14   0.240804E+15  -0.105591E+12   0.264836E+13   0.123368E+14
  -0.347972E+14  -0.921991E+13  -0.105593E+12   0.154390E+15  -0.186765E+14  -0.456680E+14
  -0.450649E+14   0.373562E+14   0.264836E+13  -0.186765E+14   0.270445E+15  -0.150737E+15
   0.684858E+14  -0.315692E+13   0.123368E+14  -0.456680E+14  -0.150737E+15   0.516392E+15
 trial position no.           14
 
 
 
 
 
 
 
 
 
 
 
 
  Covariance matrix; NOT corrected for  scaling
   0.123807E+15  -0.280187E+14  -0.231906E+14  -0.352516E+14  -0.459684E+14   0.766463E+14
  -0.280187E+14   0.119084E+15  -0.700015E+14  -0.102682E+14   0.372561E+14  -0.426254E+13
  -0.231906E+14  -0.700015E+14   0.224110E+15  -0.598856E+11   0.273913E+13   0.125515E+14
  -0.352516E+14  -0.102682E+14  -0.598850E+11   0.155938E+15  -0.295935E+14  -0.539983E+14
  -0.459684E+14   0.372561E+14   0.273913E+13  -0.295935E+14   0.273719E+15  -0.171157E+15
   0.766463E+14  -0.426254E+13   0.125515E+14  -0.539983E+14  -0.171157E+15   0.579151E+15
 trial position no.           15
 
 
 
 
 
 
 
 
 
 
 
 
  Covariance matrix; NOT corrected for  scaling
   0.130470E+15  -0.310665E+14  -0.260828E+14  -0.353872E+14  -0.464070E+14   0.844102E+14
  -0.310665E+14   0.132901E+15  -0.779930E+14  -0.119137E+14   0.413252E+14  -0.424142E+13
  -0.260828E+14  -0.779930E+14   0.249844E+15   0.676578E+12   0.332672E+13   0.149822E+14
  -0.353872E+14  -0.119137E+14   0.676578E+12   0.159782E+15  -0.388919E+14  -0.499254E+14
  -0.464070E+14   0.413252E+14   0.332672E+13  -0.388919E+14   0.277916E+15  -0.179046E+15
   0.844102E+14  -0.424141E+13   0.149822E+14  -0.499254E+14  -0.179046E+15   0.691536E+15
 trial position no.           16
 
 
 
 
 
 
 
 
 
 
 
 
  Covariance matrix; NOT corrected for  scaling
   0.137888E+15  -0.317534E+14  -0.271845E+14  -0.360962E+14  -0.466555E+14   0.921129E+14
  -0.317534E+14   0.127423E+15  -0.747964E+14  -0.126077E+14   0.426773E+14  -0.483454E+13
  -0.271845E+14  -0.747964E+14   0.239326E+15   0.167777E+13   0.351841E+13   0.155428E+14
  -0.360962E+14  -0.126077E+14   0.167777E+13   0.162690E+15  -0.510186E+14  -0.545856E+14
  -0.466555E+14   0.426773E+14   0.351842E+13  -0.510186E+14   0.281929E+15  -0.195421E+15
   0.921129E+14  -0.483455E+13   0.155428E+14  -0.545856E+14  -0.195421E+15   0.769800E+15
 trial position no.            7
 
 
 
 
 
 
 
 
 
 
 
 
  Covariance matrix; NOT corrected for  scaling
   0.763044E+14  -0.237014E+14   0.153241E+14   0.132924E+14   0.448812E+14  -0.580379E+13
  -0.237014E+14   0.396595E+15   0.118241E+15   0.281391E+14  -0.484543E+13  -0.140123E+14
   0.153241E+14   0.118241E+15   0.351635E+15   0.239223E+13   0.875650E+13   0.821514E+13
   0.132924E+14   0.281391E+14   0.239222E+13   0.323064E+15   0.142646E+15   0.137804E+15
   0.448812E+14  -0.484543E+13   0.875650E+13   0.142646E+15   0.352548E+15   0.154795E+15
  -0.580379E+13  -0.140123E+14   0.821513E+13   0.137804E+15   0.154795E+15   0.326001E+15
 trial position no.            8
 
 
 
 
 
 
 
 
 
 
 
 
  Covariance matrix; NOT corrected for  scaling
   0.812051E+14  -0.232183E+14   0.143866E+14   0.956589E+13   0.457433E+14  -0.146436E+14
  -0.232183E+14   0.319081E+15   0.959595E+14   0.268337E+14  -0.473744E+13  -0.158787E+14
   0.143866E+14   0.959595E+14   0.279283E+15  -0.741862E+12   0.702059E+13   0.589405E+13
   0.956589E+13   0.268337E+14  -0.741861E+12   0.288539E+15   0.934191E+14   0.620521E+14
   0.457433E+14  -0.473744E+13   0.702059E+13   0.934191E+14   0.318256E+15   0.717917E+14
  -0.146436E+14  -0.158787E+14   0.589405E+13   0.620521E+14   0.717917E+14   0.280470E+15
 trial position no.            9
 
 
 
 
 
 
 
 
 
 
 
 
  Covariance matrix; NOT corrected for  scaling
   0.862655E+14  -0.231770E+14   0.139308E+14   0.680052E+13   0.473237E+14  -0.222795E+14
  -0.231770E+14   0.267477E+15   0.804266E+14   0.243341E+14  -0.674339E+13  -0.182024E+14
   0.139308E+14   0.804266E+14   0.232198E+15  -0.183446E+13   0.700100E+13   0.537992E+13
   0.680052E+13   0.243341E+14  -0.183446E+13   0.266635E+15   0.553597E+14   0.110659E+14
   0.473237E+14  -0.674339E+13   0.700100E+13   0.553597E+14   0.296485E+15   0.136480E+14
  -0.222795E+14  -0.182025E+14   0.537991E+13   0.110659E+14   0.136480E+14   0.279937E+15
 trial position no.           10
 
 
 
 
 
 
 
 
 
 
 
 
  Covariance matrix; NOT corrected for  scaling
   0.912311E+14  -0.246035E+14   0.142947E+14   0.513448E+13   0.499253E+14  -0.287686E+14
  -0.246035E+14   0.258728E+15   0.784194E+14   0.221479E+14  -0.111962E+14  -0.212708E+14
   0.142947E+14   0.784194E+14   0.223331E+15  -0.123070E+13   0.841808E+13   0.600891E+13
   0.513448E+13   0.221479E+14  -0.123070E+13   0.256183E+15   0.281725E+14  -0.134199E+14
   0.499253E+14  -0.111962E+14   0.841808E+13   0.281725E+14   0.288308E+15  -0.175351E+14
  -0.287686E+14  -0.212708E+14   0.600891E+13  -0.134199E+14  -0.175351E+14   0.325207E+15
 trial position no.           11
 
 
 
 
 
 
 
 
 
 
 
 
  Covariance matrix; NOT corrected for  scaling
   0.962685E+14  -0.249704E+14   0.141899E+14   0.248305E+13   0.512927E+14  -0.358819E+14
  -0.249704E+14   0.230009E+15   0.695442E+14   0.213432E+14  -0.124147E+14  -0.220701E+14
   0.141899E+14   0.695442E+14   0.197639E+15  -0.223194E+13   0.831483E+13   0.592145E+13
   0.248305E+13   0.213432E+14  -0.223194E+13   0.249531E+15   0.264286E+13  -0.404966E+14
   0.512927E+14  -0.124147E+14   0.831483E+13   0.264286E+13   0.280953E+15  -0.525729E+14
  -0.358819E+14  -0.220701E+14   0.592145E+13  -0.404966E+14  -0.525729E+14   0.367214E+15
 trial position no.           12
 
 
 
 
 
 
 
 
 
 
 
 
  Covariance matrix; NOT corrected for  scaling
   0.101501E+15  -0.252636E+14   0.141973E+14   0.379944E+12   0.529514E+14  -0.426540E+14
  -0.252636E+14   0.208244E+15   0.628423E+14   0.207042E+14  -0.138940E+14  -0.223262E+14
   0.141973E+14   0.628423E+14   0.178507E+15  -0.252001E+13   0.844745E+13   0.581809E+13
   0.379943E+12   0.207042E+14  -0.252001E+13   0.247825E+15  -0.190320E+14  -0.607741E+14
   0.529514E+14  -0.138940E+14   0.844745E+13  -0.190320E+14   0.278565E+15  -0.806564E+14
  -0.426540E+14  -0.223262E+14   0.581809E+13  -0.607741E+14  -0.806563E+14   0.419444E+15
 trial position no.           13
 
 
 
 
 
 
 
 
 
 
 
 
  Covariance matrix; NOT corrected for  scaling
   0.107105E+15  -0.254465E+14   0.142729E+14  -0.747425E+12   0.553276E+14  -0.495365E+14
  -0.254465E+14   0.191237E+15   0.578985E+14   0.184063E+14  -0.158351E+14  -0.215170E+14
   0.142729E+14   0.578985E+14   0.163916E+15  -0.236522E+13   0.977594E+13   0.533538E+13
  -0.747425E+12   0.184063E+14  -0.236522E+13   0.246259E+15  -0.402431E+14  -0.747708E+14
   0.553276E+14  -0.158351E+14   0.977594E+13  -0.402431E+14   0.278116E+15  -0.103002E+15
  -0.495365E+14  -0.215170E+14   0.533538E+13  -0.747708E+14  -0.103002E+15   0.476429E+15
 trial position no.           14
 
 
 
 
 
 
 
 
 
 
 
 
  Covariance matrix; NOT corrected for  scaling
   0.113143E+15  -0.258386E+14   0.144060E+14  -0.215424E+13   0.571407E+14  -0.556495E+14
  -0.258386E+14   0.178127E+15   0.539583E+14   0.172518E+14  -0.165577E+14  -0.211794E+14
   0.144060E+14   0.539583E+14   0.152633E+15  -0.303424E+13   0.103846E+14   0.544899E+13
  -0.215423E+13   0.172518E+14  -0.303423E+13   0.250628E+15  -0.567700E+14  -0.876346E+14
   0.571407E+14  -0.165577E+14   0.103846E+14  -0.567700E+14   0.281605E+15  -0.123031E+15
  -0.556495E+14  -0.211794E+14   0.544899E+13  -0.876346E+14  -0.123031E+15   0.536727E+15
 trial position no.           15
 
 
 
 
 
 
 
 
 
 
 
 
  Covariance matrix; NOT corrected for  scaling
   0.119097E+15  -0.287311E+14   0.157675E+14  -0.396681E+13   0.583051E+14  -0.619470E+14
  -0.287311E+14   0.198386E+15   0.600414E+14   0.184299E+14  -0.189097E+14  -0.244674E+14
   0.157675E+14   0.600414E+14   0.169446E+15  -0.376640E+13   0.113919E+14   0.742147E+13
  -0.396681E+13   0.184299E+14  -0.376640E+13   0.260178E+15  -0.690061E+14  -0.881153E+14
   0.583051E+14  -0.189097E+14   0.113919E+14  -0.690061E+14   0.288829E+15  -0.131616E+15
  -0.619470E+14  -0.244674E+14   0.742147E+13  -0.881153E+14  -0.131616E+15   0.644350E+15
 trial position no.           16
 
 
 
 
 
 
 
 
 
 
 
 
  Covariance matrix; NOT corrected for  scaling
   0.125292E+15  -0.291329E+14   0.158506E+14  -0.476156E+13   0.599884E+14  -0.686198E+14
  -0.291329E+14   0.189614E+15   0.577609E+14   0.171146E+14  -0.201549E+14  -0.234709E+14
   0.158506E+14   0.577609E+14   0.161960E+15  -0.374867E+13   0.120618E+14   0.761411E+13
  -0.476156E+13   0.171146E+14  -0.374867E+13   0.264053E+15  -0.860226E+14  -0.951864E+14
   0.599884E+14  -0.201549E+14   0.120618E+14  -0.860226E+14   0.291996E+15  -0.146829E+15
  -0.686198E+14  -0.234709E+14   0.761411E+13  -0.951864E+14  -0.146829E+15   0.717252E+15
 trial position no.            7
 
 
 
 
 
 
 
 
 
 
 
 
  Covariance matrix; NOT corrected for  scaling
   0.100066E+15  -0.302025E+14   0.146685E+14  -0.424244E+14   0.164237E+13   0.359994E+14
  -0.302025E+14   0.351593E+15  -0.129390E+15   0.461142E+13   0.570474E+13  -0.846012E+13
   0.146685E+14  -0.129390E+15   0.270810E+15  -0.879477E+13  -0.157519E+13   0.893270E+13
  -0.424244E+14   0.461141E+13  -0.879477E+13   0.260546E+15   0.146285E+15   0.735038E+14
   0.164237E+13   0.570474E+13  -0.157519E+13   0.146285E+15   0.247615E+15   0.107333E+15
   0.359995E+14  -0.846012E+13   0.893270E+13   0.735038E+14   0.107333E+15   0.237202E+15
 trial position no.            8
 
 
 
 
 
 
 
 
 
 
 
 
  Covariance matrix; NOT corrected for  scaling
   0.106712E+15  -0.312383E+14   0.145999E+14  -0.464532E+14   0.444823E+12   0.364085E+14
  -0.312383E+14   0.290396E+15  -0.110760E+15   0.634689E+13   0.559702E+13  -0.844394E+13
   0.145999E+14  -0.110760E+15   0.217857E+15  -0.959072E+13  -0.196533E+13   0.902018E+13
  -0.464532E+14   0.634689E+13  -0.959072E+13   0.228037E+15   0.106151E+15   0.873338E+13
   0.444822E+12   0.559702E+13  -0.196533E+13   0.106151E+15   0.211941E+15   0.391423E+14
   0.364085E+14  -0.844394E+13   0.902018E+13   0.873338E+13   0.391423E+14   0.210132E+15
 trial position no.            9
 
 
 
 
 
 
 
 
 
 
 
 
  Covariance matrix; NOT corrected for  scaling
   0.113466E+15  -0.317629E+14   0.141515E+14  -0.499727E+14  -0.121024E+12   0.374358E+14
  -0.317629E+14   0.246815E+15  -0.963483E+14   0.762515E+13   0.580778E+13  -0.856052E+13
   0.141515E+14  -0.963483E+14   0.182557E+15  -0.941444E+13  -0.190003E+13   0.939855E+13
  -0.499727E+14   0.762515E+13  -0.941444E+13   0.207867E+15   0.776873E+14  -0.338552E+14
  -0.121023E+12   0.580778E+13  -0.190003E+13   0.776873E+14   0.188508E+15  -0.643562E+13
   0.374358E+14  -0.856052E+13   0.939855E+13  -0.338552E+14  -0.643562E+13   0.220671E+15
 trial position no.           10
 
 
 
 
 
 
 
 
 
 
 
 
  Covariance matrix; NOT corrected for  scaling
   0.120095E+15  -0.342252E+14   0.144116E+14  -0.533282E+14  -0.323395E+12   0.379353E+14
  -0.342252E+14   0.242357E+15  -0.964994E+14   0.857917E+13   0.574127E+13  -0.896157E+13
   0.144116E+14  -0.964994E+14   0.176982E+15  -0.922495E+13  -0.141349E+13   0.102976E+14
  -0.533282E+14   0.857917E+13  -0.922495E+13   0.198339E+15   0.596350E+14  -0.552606E+14
  -0.323394E+12   0.574127E+13  -0.141349E+13   0.596350E+14   0.176408E+15  -0.307393E+14
   0.379353E+14  -0.896157E+13   0.102976E+14  -0.552606E+14  -0.307393E+14   0.263943E+15
 trial position no.           11
 
 
 
 
 
 
 
 
 
 
 
 
  Covariance matrix; NOT corrected for  scaling
   0.127274E+15  -0.352525E+14   0.141955E+14  -0.574994E+14  -0.920055E+12   0.392795E+14
  -0.352525E+14   0.217212E+15  -0.876298E+14   0.865481E+13   0.510327E+13  -0.863041E+13
   0.141955E+14  -0.876298E+14   0.157303E+15  -0.933904E+13  -0.143045E+13   0.108276E+14
  -0.574994E+14   0.865481E+13  -0.933904E+13   0.190394E+15   0.421112E+14  -0.784913E+14
  -0.920058E+12   0.510327E+13  -0.143045E+13   0.421112E+14   0.165130E+15  -0.569240E+14
   0.392795E+14  -0.863041E+13   0.108276E+14  -0.784913E+14  -0.569240E+14   0.308051E+15
 trial position no.           12
 
 
 
 
 
 
 
 
 
 
 
 
  Covariance matrix; NOT corrected for  scaling
   0.134696E+15  -0.359195E+14   0.137878E+14  -0.614555E+14  -0.115064E+13   0.407394E+14
  -0.359195E+14   0.197162E+15  -0.802300E+14   0.923607E+13   0.504012E+13  -0.846557E+13
   0.137878E+14  -0.802300E+14   0.142365E+15  -0.918628E+13  -0.128394E+13   0.111766E+14
  -0.614555E+14   0.923607E+13  -0.918628E+13   0.186633E+15   0.280040E+14  -0.962224E+14
  -0.115064E+13   0.504012E+13  -0.128394E+13   0.280040E+14   0.157985E+15  -0.773841E+14
   0.407394E+14  -0.846557E+13   0.111766E+14  -0.962224E+14  -0.773841E+14   0.360016E+15
 trial position no.           13
 
 
 
 
 
 
 
 
 
 
 
 
  Covariance matrix; NOT corrected for  scaling
   0.142136E+15  -0.361381E+14   0.130855E+14  -0.647642E+14  -0.797049E+12   0.417931E+14
  -0.361382E+14   0.180927E+15  -0.738761E+14   0.942349E+13   0.479551E+13  -0.817664E+13
   0.130855E+14  -0.738760E+14   0.130571E+15  -0.859742E+13  -0.783021E+12   0.111336E+14
  -0.647642E+14   0.942349E+13  -0.859742E+13   0.184946E+15   0.156676E+14  -0.109507E+15
  -0.797048E+12   0.479551E+13  -0.783021E+12   0.156676E+14   0.153723E+15  -0.936414E+14
   0.417931E+14  -0.817664E+13   0.111336E+14  -0.109507E+15  -0.936414E+14   0.415403E+15
 trial position no.           14
 
 
 
 
 
 
 
 
 
 
 
 
  Covariance matrix; NOT corrected for  scaling
   0.150339E+15  -0.366640E+14   0.126396E+14  -0.687467E+14  -0.101982E+13   0.436716E+14
  -0.366640E+14   0.168172E+15  -0.686465E+14   0.934958E+13   0.445925E+13  -0.773297E+13
   0.126396E+14  -0.686465E+14   0.121271E+15  -0.851560E+13  -0.694301E+12   0.115501E+14
  -0.687467E+14   0.934958E+13  -0.851560E+13   0.187084E+15   0.623613E+13  -0.121880E+15
  -0.101982E+13   0.445925E+13  -0.694301E+12   0.623613E+13   0.152633E+15  -0.108429E+15
   0.436716E+14  -0.773297E+13   0.115501E+14  -0.121880E+15  -0.108429E+15   0.473607E+15
 trial position no.           15
 
 
 
 
 
 
 
 
 
 
 
 
  Covariance matrix; NOT corrected for  scaling
   0.158808E+15  -0.410504E+14   0.135543E+14  -0.736655E+14  -0.201543E+13   0.443242E+14
  -0.410504E+14   0.187652E+15  -0.767862E+14   0.109695E+14   0.504930E+13  -0.816493E+13
   0.135543E+14  -0.767862E+14   0.134762E+15  -0.942618E+13  -0.803456E+12   0.136829E+14
  -0.736655E+14   0.109695E+14  -0.942618E+13   0.192175E+15  -0.131548E+13  -0.124684E+15
  -0.201543E+13   0.504930E+13  -0.803456E+12  -0.131548E+13   0.153045E+15  -0.115268E+15
   0.443242E+14  -0.816493E+13   0.136829E+14  -0.124684E+15  -0.115268E+15   0.569337E+15
 trial position no.           16
 
 
 
 
 
 
 
 
 
 
 
 
  Covariance matrix; NOT corrected for  scaling
   0.167198E+15  -0.416325E+14   0.128541E+14  -0.774400E+14  -0.169387E+13   0.452040E+14
  -0.416325E+14   0.179030E+15  -0.732208E+14   0.111326E+14   0.486276E+13  -0.740660E+13
   0.128541E+14  -0.732208E+14   0.128564E+15  -0.905827E+13  -0.539862E+12   0.140653E+14
  -0.774400E+14   0.111326E+14  -0.905827E+13   0.195314E+15  -0.111994E+14  -0.132873E+15
  -0.169387E+13   0.486276E+13  -0.539862E+12  -0.111994E+14   0.152889E+15  -0.126853E+15
   0.452040E+14  -0.740660E+13   0.140653E+14  -0.132873E+15  -0.126853E+15   0.640039E+15
 trial position no.            7
 
 
 
 
 
 
 
 
 
 
 
 
  Covariance matrix; NOT corrected for  scaling
   0.954904E+14  -0.232141E+14  -0.117045E+14  -0.717524E+13  -0.601641E+13  -0.178701E+14
  -0.232141E+14   0.345307E+15   0.465082E+14  -0.888192E+13   0.107862E+14   0.173028E+14
  -0.117045E+14   0.465082E+14   0.281102E+15  -0.132413E+14  -0.260030E+13   0.447876E+13
  -0.717524E+13  -0.888192E+13  -0.132413E+14   0.279883E+15   0.159007E+15   0.957002E+14
  -0.601641E+13   0.107862E+14  -0.260030E+13   0.159007E+15   0.287066E+15   0.115569E+15
  -0.178701E+14   0.173028E+14   0.447876E+13   0.957002E+14   0.115569E+15   0.266859E+15
 trial position no.            8
 
 
 
 
 
 
 
 
 
 
 
 
  Covariance matrix; NOT corrected for  scaling
   0.102408E+15  -0.237953E+14  -0.107355E+14  -0.549424E+13  -0.359798E+13  -0.125614E+14
  -0.237953E+14   0.279898E+15   0.409326E+14  -0.102368E+14   0.943084E+13   0.153810E+14
  -0.107355E+14   0.409326E+14   0.222623E+15  -0.129422E+14  -0.155925E+13   0.625834E+13
  -0.549424E+13  -0.102368E+14  -0.129422E+14   0.240189E+15   0.111407E+15   0.231089E+14
  -0.359798E+13   0.943084E+13  -0.155925E+13   0.111407E+15   0.246495E+15   0.389139E+14
  -0.125614E+14   0.153810E+14   0.625834E+13   0.231089E+14   0.389139E+14   0.240403E+15
 trial position no.            9
 
 
 
 
 
 
 
 
 
 
 
 
  Covariance matrix; NOT corrected for  scaling
   0.109310E+15  -0.240883E+14  -0.999430E+13  -0.390731E+13  -0.132513E+13  -0.814657E+13
  -0.240883E+14   0.234556E+15   0.354528E+14  -0.100236E+14   0.966146E+13   0.141581E+14
  -0.999430E+13   0.354528E+14   0.184351E+15  -0.120758E+14  -0.414153E+12   0.762195E+13
  -0.390731E+13  -0.100236E+14  -0.120758E+14   0.215613E+15   0.781574E+14  -0.236930E+14
  -0.132513E+13   0.966146E+13  -0.414153E+12   0.781574E+14   0.220530E+15  -0.118082E+14
  -0.814657E+13   0.141581E+14   0.762196E+13  -0.236930E+14  -0.118082E+14   0.256015E+15
 trial position no.           10
 
 
 
 
 
 
 
 
 
 
 
 
  Covariance matrix; NOT corrected for  scaling
   0.116002E+15  -0.261584E+14  -0.100453E+14  -0.268833E+13   0.676553E+12  -0.449452E+13
  -0.261584E+14   0.227627E+15   0.354121E+14  -0.104570E+14   0.108508E+14   0.145162E+14
  -0.100453E+14   0.354121E+14   0.176898E+15  -0.122225E+14   0.632921E+12   0.920324E+13
  -0.268833E+13  -0.104570E+14  -0.122225E+14   0.203747E+15   0.575283E+14  -0.468247E+14
   0.676553E+12   0.108508E+14   0.632921E+12   0.575283E+14   0.208030E+15  -0.385431E+14
  -0.449452E+13   0.145162E+14   0.920324E+13  -0.468247E+14  -0.385431E+14   0.309880E+15
 trial position no.           11
 
 
 
 
 
 
 
 
 
 
 
 
  Covariance matrix; NOT corrected for  scaling
   0.122462E+15  -0.271614E+14  -0.978072E+13  -0.165640E+13   0.254017E+13  -0.881583E+12
  -0.271614E+14   0.202256E+15   0.320527E+14  -0.120878E+14   0.100600E+14   0.144872E+14
  -0.978072E+13   0.320527E+14   0.156084E+15  -0.127516E+14   0.844504E+12   0.106910E+14
  -0.165640E+13  -0.120878E+14  -0.127516E+14   0.192448E+15   0.367374E+14  -0.713913E+14
   0.254017E+13   0.100600E+14   0.844505E+12   0.367374E+14   0.195767E+15  -0.672552E+14
  -0.881583E+12   0.144872E+14   0.106910E+14  -0.713913E+14  -0.672552E+14   0.362878E+15
 trial position no.           12
 
 
 
 
 
 
 
 
 
 
 
 
  Covariance matrix; NOT corrected for  scaling
   0.129067E+15  -0.277148E+14  -0.937189E+13  -0.571936E+12   0.430965E+13   0.214744E+13
  -0.277148E+14   0.182513E+15   0.289070E+14  -0.123778E+14   0.103537E+14   0.139414E+14
  -0.937189E+13   0.289070E+14   0.140543E+15  -0.126731E+14   0.149586E+13   0.116991E+14
  -0.571935E+12  -0.123778E+14  -0.126731E+14   0.186145E+15   0.201477E+14  -0.896969E+14
   0.430965E+13   0.103537E+14   0.149586E+13   0.201477E+14   0.188322E+15  -0.895505E+14
   0.214744E+13   0.139414E+14   0.116991E+14  -0.896969E+14  -0.895505E+14   0.424056E+15
 trial position no.           13
 
 
 
 
 
 
 
 
 
 
 
 
  Covariance matrix; NOT corrected for  scaling
   0.135973E+15  -0.280574E+14  -0.884744E+13   0.366519E+12   0.580214E+13   0.486860E+13
  -0.280574E+14   0.167093E+15   0.261960E+14  -0.120675E+14   0.111062E+14   0.127573E+14
  -0.884744E+13   0.261960E+14   0.128611E+15  -0.124005E+14   0.228576E+13   0.122812E+14
   0.366519E+12  -0.120675E+14  -0.124005E+14   0.183383E+15   0.646404E+13  -0.103863E+15
   0.580214E+13   0.111062E+14   0.228576E+13   0.646404E+13   0.184723E+15  -0.107810E+15
   0.486860E+13   0.127573E+14   0.122812E+14  -0.103863E+15  -0.107810E+15   0.489236E+15
 trial position no.           14
 
 
 
 
 
 
 
 
 
 
 
 
  Covariance matrix; NOT corrected for  scaling
   0.143186E+15  -0.287550E+14  -0.856618E+13   0.141437E+13   0.701266E+13   0.726319E+13
  -0.287550E+14   0.155383E+15   0.242466E+14  -0.128637E+14   0.111189E+14   0.125996E+14
  -0.856618E+13   0.242466E+14   0.119487E+15  -0.128548E+14   0.251854E+13   0.134042E+14
   0.141437E+13  -0.128637E+14  -0.128548E+14   0.184139E+15  -0.457419E+13  -0.116428E+15
   0.701266E+13   0.111189E+14   0.251854E+13  -0.457419E+13   0.184285E+15  -0.124118E+15
   0.726319E+13   0.125996E+14   0.134042E+14  -0.116428E+15  -0.124118E+15   0.556903E+15
 trial position no.           15
 
 
 
 
 
 
 
 
 
 
 
 
  Covariance matrix; NOT corrected for  scaling
   0.150027E+15  -0.321280E+14  -0.904577E+13   0.307991E+13   0.862298E+13   0.104016E+14
  -0.321281E+14   0.173051E+15   0.270118E+14  -0.146861E+14   0.125731E+14   0.143465E+14
  -0.904577E+13   0.270118E+14   0.132577E+15  -0.143438E+14   0.325068E+13   0.161307E+14
   0.307992E+13  -0.146861E+14  -0.143438E+14   0.186961E+15  -0.141261E+14  -0.117820E+15
   0.862298E+13   0.125731E+14   0.325068E+13  -0.141261E+14   0.185312E+15  -0.130284E+15
   0.104016E+14   0.143465E+14   0.161307E+14  -0.117820E+15  -0.130284E+15   0.671536E+15
 trial position no.           16
 
 
 
 
 
 
 
 
 
 
 
 
  Covariance matrix; NOT corrected for  scaling
   0.157378E+15  -0.328292E+14  -0.867398E+13   0.423212E+13   0.983835E+13   0.126440E+14
  -0.328292E+14   0.165310E+15   0.255296E+14  -0.150646E+14   0.132991E+14   0.142274E+14
  -0.867398E+13   0.255296E+14   0.126557E+15  -0.145741E+14   0.386255E+13   0.174526E+14
   0.423212E+13  -0.150646E+14  -0.145741E+14   0.189443E+15  -0.250251E+14  -0.126879E+15
   0.983835E+13   0.132991E+14   0.386255E+13  -0.250251E+14   0.186353E+15  -0.143690E+15
   0.126440E+14   0.142274E+14   0.174526E+14  -0.126880E+15  -0.143690E+15   0.755680E+15
 trial position no.            7
 
 
 
 
 
 
 
 
 
 
 
 
  Covariance matrix; NOT corrected for  scaling
   0.797173E+14  -0.403729E+14   0.138647E+14   0.199167E+14   0.427352E+14  -0.216808E+12
  -0.403729E+14   0.428685E+15   0.667915E+14   0.262536E+14  -0.972352E+13  -0.255883E+14
   0.138647E+14   0.667915E+14   0.287833E+15  -0.134736E+14  -0.907916E+13   0.172290E+14
   0.199167E+14   0.262536E+14  -0.134736E+14   0.330568E+15   0.146346E+15   0.928481E+14
   0.427352E+14  -0.972352E+13  -0.907916E+13   0.146346E+15   0.348702E+15   0.137300E+15
  -0.216808E+12  -0.255883E+14   0.172290E+14   0.928481E+14   0.137300E+15   0.317611E+15
 trial position no.            8
 
 
 
 
 
 
 
 
 
 
 
 
  Covariance matrix; NOT corrected for  scaling
   0.850376E+14  -0.398557E+14   0.133506E+14   0.152625E+14   0.409929E+14  -0.116791E+14
  -0.398557E+14   0.348586E+15   0.529583E+14   0.262020E+14  -0.667572E+13  -0.250828E+14
   0.133506E+14   0.529583E+14   0.226787E+15  -0.132875E+14  -0.782500E+13   0.188790E+14
   0.152625E+14   0.262020E+14  -0.132875E+14   0.296089E+15   0.964692E+14   0.183665E+14
   0.409929E+14  -0.667572E+13  -0.782500E+13   0.964692E+14   0.306603E+15   0.516796E+14
  -0.116791E+14  -0.250828E+14   0.188790E+14   0.183665E+14   0.516796E+14   0.292411E+15
 trial position no.            9
 
 
 
 
 
 
 
 
 
 
 
 
  Covariance matrix; NOT corrected for  scaling
   0.905597E+14  -0.396855E+14   0.132941E+14   0.121313E+14   0.405711E+14  -0.212405E+14
  -0.396855E+14   0.293907E+15   0.433976E+14   0.240923E+14  -0.690687E+13  -0.261773E+14
   0.132941E+14   0.433976E+14   0.187393E+15  -0.116183E+14  -0.550705E+13   0.206961E+14
   0.121313E+14   0.240923E+14  -0.116183E+14   0.275070E+15   0.585231E+14  -0.311631E+14
   0.405711E+14  -0.690687E+13  -0.550705E+13   0.585231E+14   0.279127E+15  -0.718925E+13
  -0.212405E+14  -0.261773E+14   0.206961E+14  -0.311631E+14  -0.718925E+13   0.312117E+15
 trial position no.           10
 
 
 
 
 
 
 
 
 
 
 
 
  Covariance matrix; NOT corrected for  scaling
   0.959501E+14  -0.418216E+14   0.138753E+14   0.104861E+14   0.414410E+14  -0.296185E+14
  -0.418216E+14   0.284888E+15   0.419276E+14   0.207376E+14  -0.108448E+14  -0.286620E+14
   0.138753E+14   0.419276E+14   0.178801E+15  -0.908846E+13  -0.280646E+13   0.233023E+14
   0.104861E+14   0.207376E+14  -0.908846E+13   0.264428E+15   0.300298E+14  -0.541200E+14
   0.414411E+14  -0.108448E+14  -0.280646E+13   0.300298E+14   0.264313E+15  -0.386368E+14
  -0.296185E+14  -0.286620E+14   0.233023E+14  -0.541200E+14  -0.386368E+14   0.376717E+15
 trial position no.           11
 
 
 
 
 
 
 
 
 
 
 
 
  Covariance matrix; NOT corrected for  scaling
   0.101655E+15  -0.425094E+14   0.140248E+14   0.760254E+13   0.410933E+14  -0.380903E+14
  -0.425094E+14   0.253996E+15   0.363943E+14   0.195486E+14  -0.109959E+14  -0.286247E+14
   0.140248E+14   0.363943E+14   0.157346E+15  -0.869655E+13  -0.188099E+13   0.242881E+14
   0.760254E+13   0.195486E+14  -0.869655E+13   0.259668E+15   0.480886E+13  -0.794884E+14
   0.410933E+14  -0.109959E+14  -0.188099E+13   0.480886E+13   0.252875E+15  -0.728102E+14
  -0.380903E+14  -0.286247E+14   0.242881E+14  -0.794884E+14  -0.728102E+14   0.438351E+15
 trial position no.           12
 
 
 
 
 
 
 
 
 
 
 
 
  Covariance matrix; NOT corrected for  scaling
   0.107611E+15  -0.429127E+14   0.142450E+14   0.547299E+13   0.413250E+14  -0.462291E+14
  -0.429127E+14   0.229822E+15   0.323431E+14   0.185250E+14  -0.115362E+14  -0.280610E+14
   0.142450E+14   0.323431E+14   0.141424E+15  -0.772457E+13  -0.944848E+12   0.246508E+14
   0.547299E+13   0.185250E+14  -0.772457E+13   0.260156E+15  -0.168953E+14  -0.982941E+14
   0.413250E+14  -0.115362E+14  -0.944848E+12  -0.168953E+14   0.246997E+15  -0.998960E+14
  -0.462291E+14  -0.280610E+14   0.246508E+14  -0.982941E+14  -0.998960E+14   0.509079E+15
 trial position no.           13
 
 
 
 
 
 
 
 
 
 
 
 
  Covariance matrix; NOT corrected for  scaling
   0.113772E+15  -0.429064E+14   0.144045E+14   0.481505E+13   0.424739E+14  -0.547052E+14
  -0.429064E+14   0.210282E+15   0.297565E+14   0.149776E+14  -0.129745E+14  -0.257833E+14
   0.144045E+14   0.297565E+14   0.129321E+15  -0.610375E+13   0.102532E+13   0.238021E+14
   0.481505E+13   0.149776E+14  -0.610375E+13   0.260096E+15  -0.387973E+14  -0.109436E+15
   0.424739E+14  -0.129745E+14   0.102532E+13  -0.387973E+14   0.243077E+15  -0.119858E+15
  -0.547052E+14  -0.257833E+14   0.238021E+14  -0.109436E+15  -0.119858E+15   0.581442E+15
 trial position no.           14
 
 
 
 
 
 
 
 
 
 
 
 
  Covariance matrix; NOT corrected for  scaling
   0.120673E+15  -0.434714E+14   0.147156E+14   0.364107E+13   0.431698E+14  -0.620623E+14
  -0.434714E+14   0.195439E+15   0.275861E+14   0.131357E+14  -0.128727E+14  -0.248762E+14
   0.147156E+14   0.275861E+14   0.120099E+15  -0.585119E+13   0.202701E+13   0.237408E+14
   0.364107E+13   0.131357E+14  -0.585119E+13   0.267031E+15  -0.554861E+14  -0.121389E+15
   0.431698E+14  -0.128727E+14   0.202701E+13  -0.554861E+14   0.244408E+15  -0.139148E+15
  -0.620623E+14  -0.248762E+14   0.237408E+14  -0.121389E+15  -0.139148E+15   0.658159E+15
 trial position no.           15
 
 
 
 
 
 
 
 
 
 
 
 
  Covariance matrix; NOT corrected for  scaling
   0.127695E+15  -0.483045E+14   0.164352E+14   0.132506E+13   0.427367E+14  -0.700809E+14
  -0.483045E+14   0.217546E+15   0.303991E+14   0.137153E+14  -0.137470E+14  -0.290446E+14
   0.164352E+14   0.303991E+14   0.133105E+15  -0.594889E+13   0.285969E+13   0.276192E+14
   0.132505E+13   0.137153E+14  -0.594889E+13   0.279642E+15  -0.695085E+14  -0.120153E+15
   0.427367E+14  -0.137470E+14   0.285969E+13  -0.695085E+14   0.247284E+15  -0.147658E+15
  -0.700809E+14  -0.290446E+14   0.276192E+14  -0.120153E+15  -0.147658E+15   0.792737E+15
 trial position no.           16
 
 
 
 
 
 
 
 
 
 
 
 
  Covariance matrix; NOT corrected for  scaling
   0.134819E+15  -0.486999E+14   0.166644E+14   0.989332E+12   0.435648E+14  -0.788472E+14
  -0.486999E+14   0.206881E+15   0.293728E+14   0.111575E+14  -0.141584E+14  -0.269769E+14
   0.166644E+14   0.293728E+14   0.126876E+15  -0.484059E+13   0.389465E+13   0.269549E+14
   0.989330E+12   0.111575E+14  -0.484060E+13   0.286294E+15  -0.876256E+14  -0.124127E+15
   0.435648E+14  -0.141584E+14   0.389465E+13  -0.876256E+14   0.248949E+15  -0.161348E+15
  -0.788472E+14  -0.269769E+14   0.269549E+14  -0.124127E+15  -0.161348E+15   0.882092E+15
 trial position no.            7
 
 
 
 
 
 
 
 
 
 
 
 
  Covariance matrix; NOT corrected for  scaling
   0.736270E+14  -0.135386E+14   0.564864E+13  -0.419026E+14   0.194746E+14   0.236455E+14
  -0.135386E+14   0.432837E+15  -0.997712E+14   0.179294E+14   0.873097E+13  -0.141255E+13
   0.564864E+13  -0.997712E+14   0.260123E+15  -0.676483E+13   0.646736E+13   0.321935E+13
  -0.419026E+14   0.179294E+14  -0.676483E+13   0.352911E+15   0.140621E+15   0.886599E+14
   0.194746E+14   0.873098E+13   0.646736E+13   0.140621E+15   0.307354E+15   0.147982E+15
   0.236455E+14  -0.141255E+13   0.321935E+13   0.886599E+14   0.147982E+15   0.266214E+15
 trial position no.            8
 
 
 
 
 
 
 
 
 
 
 
 
  Covariance matrix; NOT corrected for  scaling
   0.782290E+14  -0.142352E+14   0.588731E+13  -0.461114E+14   0.203292E+14   0.232557E+14
  -0.142352E+14   0.355157E+15  -0.852140E+14   0.173728E+14   0.593162E+13  -0.517858E+13
   0.588731E+13  -0.852140E+14   0.206356E+15  -0.859500E+13   0.618360E+13   0.296721E+13
  -0.461114E+14   0.173728E+14  -0.859500E+13   0.317683E+15   0.891693E+14   0.100506E+14
   0.203293E+14   0.593162E+13   0.618360E+13   0.891693E+14   0.267437E+15   0.679505E+14
   0.232557E+14  -0.517858E+13   0.296721E+13   0.100506E+14   0.679505E+14   0.227309E+15
 trial position no.            9
 
 
 
 
 
 
 
 
 
 
 
 
  Covariance matrix; NOT corrected for  scaling
   0.830490E+14  -0.147996E+14   0.603130E+13  -0.501102E+14   0.213607E+14   0.232762E+14
  -0.147996E+14   0.300959E+15  -0.741028E+14   0.171657E+14   0.398480E+13  -0.775434E+13
   0.603130E+13  -0.741028E+14   0.171534E+15  -0.970206E+13   0.623016E+13   0.313547E+13
  -0.501102E+14   0.171657E+14  -0.970206E+13   0.297375E+15   0.519177E+14  -0.415876E+14
   0.213607E+14   0.398480E+13   0.623016E+13   0.519176E+14   0.241658E+15   0.148232E+14
   0.232762E+14  -0.775434E+13   0.313547E+13  -0.415876E+14   0.148232E+14   0.233665E+15
 trial position no.           10
 
 
 
 
 
 
 
 
 
 
 
 
  Covariance matrix; NOT corrected for  scaling
   0.878878E+14  -0.164055E+14   0.654429E+13  -0.540096E+14   0.224579E+14   0.231391E+14
  -0.164055E+14   0.295127E+15  -0.744240E+14   0.180998E+14   0.233666E+13  -0.983804E+13
   0.654429E+13  -0.744240E+14   0.165281E+15  -0.110850E+14   0.702219E+13   0.365667E+13
  -0.540096E+14   0.180998E+14  -0.110850E+14   0.290440E+15   0.281087E+14  -0.681068E+14
   0.224579E+14   0.233665E+13   0.702219E+13   0.281087E+14   0.229933E+15  -0.137439E+14
   0.231391E+14  -0.983804E+13   0.365667E+13  -0.681068E+14  -0.137439E+14   0.278203E+15
 trial position no.           11
 
 
 
 
 
 
 
 
 
 
 
 
  Covariance matrix; NOT corrected for  scaling
   0.929174E+14  -0.171378E+14   0.675424E+13  -0.580466E+14   0.234643E+14   0.234196E+14
  -0.171378E+14   0.263879E+15  -0.676949E+14   0.177760E+14   0.553244E+12  -0.110459E+14
   0.675424E+13  -0.676949E+14   0.146370E+15  -0.121476E+14   0.732471E+13   0.408586E+13
  -0.580466E+14   0.177760E+14  -0.121475E+14   0.283584E+15   0.370920E+13  -0.963411E+14
   0.234643E+14   0.553244E+12   0.732471E+13   0.370921E+13   0.217653E+15  -0.441014E+14
   0.234196E+14  -0.110459E+14   0.408586E+13  -0.963411E+14  -0.441014E+14   0.324653E+15
 trial position no.           12
 
 
 
 
 
 
 
 
 
 
 
 
  Covariance matrix; NOT corrected for  scaling
   0.982233E+14  -0.177039E+14   0.690241E+13  -0.620031E+14   0.245621E+14   0.238901E+14
  -0.177039E+14   0.239675E+15  -0.622307E+14   0.179233E+14  -0.671678E+12  -0.119317E+14
   0.690241E+13  -0.622307E+14   0.132387E+15  -0.129415E+14   0.777993E+13   0.443299E+13
  -0.620031E+14   0.179233E+14  -0.129415E+14   0.282192E+15  -0.159962E+14  -0.117960E+15
   0.245621E+14  -0.671678E+12   0.777993E+13  -0.159962E+14   0.210547E+15  -0.675773E+14
   0.238901E+14  -0.119317E+14   0.443299E+13  -0.117960E+15  -0.675772E+14   0.380724E+15
 trial position no.           13
 
 
 
 
 
 
 
 
 
 
 
 
  Covariance matrix; NOT corrected for  scaling
   0.103904E+15  -0.181675E+14   0.698095E+13  -0.657703E+14   0.258463E+14   0.243776E+14
  -0.181675E+14   0.220564E+15  -0.576704E+14   0.180520E+14  -0.170964E+13  -0.125703E+14
   0.698095E+13  -0.576704E+14   0.121597E+15  -0.134828E+14   0.835716E+13   0.468519E+13
  -0.657703E+14   0.180520E+14  -0.134828E+14   0.284068E+15  -0.327532E+14  -0.135028E+15
   0.258463E+14  -0.170964E+13   0.835717E+13  -0.327532E+14   0.207502E+15  -0.867491E+14
   0.243776E+14  -0.125703E+14   0.468519E+13  -0.135028E+15  -0.867491E+14   0.441971E+15
 trial position no.           14
 
 
 
 
 
 
 
 
 
 
 
 
  Covariance matrix; NOT corrected for  scaling
   0.110055E+15  -0.186745E+14   0.709135E+13  -0.698368E+14   0.269707E+14   0.252718E+14
  -0.186745E+14   0.205359E+15  -0.539068E+14   0.180505E+14  -0.264359E+13  -0.128794E+14
   0.709135E+13  -0.539068E+14   0.113183E+15  -0.142611E+14   0.868695E+13   0.520438E+13
  -0.698368E+14   0.180505E+14  -0.142611E+14   0.289832E+15  -0.469866E+14  -0.150026E+15
   0.269707E+14  -0.264359E+13   0.868695E+13  -0.469866E+14   0.207215E+15  -0.102966E+15
   0.252718E+14  -0.128794E+14   0.520438E+13  -0.150026E+15  -0.102966E+15   0.505636E+15
 trial position no.           15
 
 
 
 
 
 
 
 
 
 
 
 
  Covariance matrix; NOT corrected for  scaling
   0.116223E+15  -0.211563E+14   0.791963E+13  -0.742861E+14   0.275383E+14   0.252426E+14
  -0.211563E+14   0.229405E+15  -0.606246E+14   0.202460E+14  -0.375838E+13  -0.144719E+14
   0.791963E+13  -0.606246E+14   0.125817E+15  -0.165312E+14   0.983104E+13   0.648031E+13
  -0.742861E+14   0.202460E+14  -0.165312E+14   0.298871E+15  -0.586680E+14  -0.153887E+15
   0.275383E+14  -0.375838E+13   0.983104E+13  -0.586680E+14   0.208472E+15  -0.110819E+15
   0.252426E+14  -0.144719E+14   0.648030E+13  -0.153887E+15  -0.110819E+15   0.609002E+15
 trial position no.           16
 
 
 
 
 
 
 
 
 
 
 
 
  Covariance matrix; NOT corrected for  scaling
   0.122740E+15  -0.218654E+14   0.802590E+13  -0.782603E+14   0.286754E+14   0.259309E+14
  -0.218654E+14   0.219807E+15  -0.583229E+14   0.207142E+14  -0.464925E+13  -0.146668E+14
   0.802590E+13  -0.583229E+14   0.120361E+15  -0.173369E+14   0.103879E+14   0.716199E+13
  -0.782603E+14   0.207142E+14  -0.173369E+14   0.306050E+15  -0.724163E+14  -0.164909E+15
   0.286754E+14  -0.464925E+13   0.103879E+14  -0.724163E+14   0.209552E+15  -0.124087E+15
   0.259309E+14  -0.146668E+14   0.716199E+13  -0.164909E+15  -0.124087E+15   0.687386E+15
 trial position no.            7
 
 
 
 
 
 
 
 
 
 
 
 
  Covariance matrix; NOT corrected for  scaling
   0.151538E+15  -0.466366E+14  -0.126725E+13  -0.363421E+14  -0.672659E+14   0.397243E+14
  -0.466366E+14   0.299596E+15  -0.156046E+15  -0.108595E+14   0.197431E+14  -0.650507E+13
  -0.126725E+13  -0.156046E+15   0.469627E+15  -0.750822E+13  -0.120634E+14   0.119478E+14
  -0.363421E+14  -0.108595E+14  -0.750822E+13   0.236874E+15   0.161906E+15   0.972617E+14
  -0.672659E+14   0.197431E+14  -0.120634E+14   0.161906E+15   0.315525E+15   0.761507E+14
   0.397243E+14  -0.650507E+13   0.119478E+14   0.972617E+14   0.761507E+14   0.298146E+15
 trial position no.            8
 
 
 
 
 
 
 
 
 
 
 
 
  Covariance matrix; NOT corrected for  scaling
   0.164563E+15  -0.477607E+14  -0.766525E+12  -0.378623E+14  -0.712088E+14   0.505529E+14
  -0.477607E+14   0.243809E+15  -0.130102E+15  -0.826332E+13   0.210243E+14  -0.577161E+13
  -0.766522E+12  -0.130102E+15   0.382120E+15  -0.771591E+13  -0.108692E+14   0.141286E+14
  -0.378623E+14  -0.826332E+13  -0.771591E+13   0.201808E+15   0.120807E+15   0.327652E+14
  -0.712088E+14   0.210243E+14  -0.108692E+14   0.120807E+15   0.279881E+15   0.192680E+13
   0.505529E+14  -0.577161E+13   0.141286E+14   0.327652E+14   0.192680E+13   0.282451E+15
 trial position no.            9
 
 
 
 
 
 
 
 
 
 
 
 
  Covariance matrix; NOT corrected for  scaling
   0.176693E+15  -0.480608E+14  -0.183983E+13  -0.383376E+14  -0.736569E+14   0.610298E+14
  -0.480608E+14   0.205314E+15  -0.111579E+15  -0.636792E+13   0.225949E+14  -0.573428E+13
  -0.183983E+13  -0.111579E+15   0.322220E+15  -0.595454E+13  -0.881871E+13   0.158498E+14
  -0.383376E+14  -0.636793E+13  -0.595454E+13   0.178951E+15   0.909282E+14  -0.933271E+13
  -0.736569E+14   0.225949E+14  -0.881871E+13   0.909282E+14   0.255933E+15  -0.491348E+14
   0.610298E+14  -0.573427E+13   0.158498E+14  -0.933271E+13  -0.491348E+14   0.303730E+15
 trial position no.           10
 
 
 
 
 
 
 
 
 
 
 
 
  Covariance matrix; NOT corrected for  scaling
   0.188094E+15  -0.512502E+14  -0.385457E+13  -0.391766E+14  -0.757608E+14   0.689472E+14
  -0.512502E+14   0.199857E+15  -0.110165E+15  -0.564625E+13   0.249743E+14  -0.584608E+13
  -0.385458E+13  -0.110165E+15   0.314148E+15  -0.398935E+13  -0.661831E+13   0.181020E+14
  -0.391766E+14  -0.564625E+13  -0.398935E+13   0.167304E+15   0.719891E+14  -0.286515E+14
  -0.757608E+14   0.249743E+14  -0.661831E+13   0.719891E+14   0.243956E+15  -0.755834E+14
   0.689472E+14  -0.584608E+13   0.181020E+14  -0.286515E+14  -0.755834E+14   0.362718E+15
 trial position no.           11
 
 
 
 
 
 
 
 
 
 
 
 
  Covariance matrix; NOT corrected for  scaling
   0.200266E+15  -0.525769E+14  -0.501722E+13  -0.412232E+14  -0.792119E+14   0.784491E+14
  -0.525769E+14   0.178702E+15  -0.989379E+14  -0.573734E+13   0.253490E+14  -0.585438E+13
  -0.501722E+13  -0.989379E+14   0.280131E+15  -0.369765E+13  -0.618955E+13   0.195100E+14
  -0.412232E+14  -0.573734E+13  -0.369765E+13   0.157451E+15   0.547844E+14  -0.513994E+14
  -0.792119E+14   0.253490E+14  -0.618955E+13   0.547844E+14   0.235320E+15  -0.106425E+15
   0.784492E+14  -0.585438E+13   0.195100E+14  -0.513994E+14  -0.106425E+15   0.417598E+15
 trial position no.           12
 
 
 
 
 
 
 
 
 
 
 
 
  Covariance matrix; NOT corrected for  scaling
   0.211951E+15  -0.534374E+14  -0.648724E+13  -0.425244E+14  -0.816558E+14   0.872017E+14
  -0.534374E+14   0.162126E+15  -0.901049E+14  -0.523731E+13   0.263804E+14  -0.624559E+13
  -0.648724E+13  -0.901049E+14   0.253973E+15  -0.272969E+13  -0.520035E+13   0.201956E+14
  -0.425244E+14  -0.523731E+13  -0.272969E+13   0.151173E+15   0.400841E+14  -0.682867E+14
  -0.816558E+14   0.263804E+14  -0.520035E+13   0.400841E+14   0.229637E+15  -0.130950E+15
   0.872017E+14  -0.624559E+13   0.201956E+14  -0.682867E+14  -0.130950E+15   0.479434E+15
 trial position no.           13
 
 
 
 
 
 
 
 
 
 
 
 
  Covariance matrix; NOT corrected for  scaling
   0.222449E+15  -0.535603E+14  -0.845234E+13  -0.429437E+14  -0.828710E+14   0.943926E+14
  -0.535603E+14   0.148831E+15  -0.827718E+14  -0.496503E+13   0.269519E+14  -0.661892E+13
  -0.845234E+13  -0.827718E+14   0.233361E+15  -0.130503E+13  -0.330059E+13   0.197289E+14
  -0.429437E+14  -0.496503E+13  -0.130504E+13   0.147124E+15   0.266966E+14  -0.802621E+14
  -0.828710E+14   0.269519E+14  -0.330059E+13   0.266966E+14   0.225835E+15  -0.149900E+15
   0.943925E+14  -0.661893E+13   0.197290E+14  -0.802621E+14  -0.149900E+15   0.542820E+15
 trial position no.           14
 
 
 
 
 
 
 
 
 
 
 
 
  Covariance matrix; NOT corrected for  scaling
   0.233760E+15  -0.541620E+14  -0.989421E+13  -0.440470E+14  -0.858208E+14   0.102410E+15
  -0.541620E+14   0.138733E+15  -0.766688E+14  -0.544773E+13   0.271335E+14  -0.658483E+13
  -0.989421E+13  -0.766688E+14   0.217015E+15  -0.914690E+12  -0.255814E+13   0.201070E+14
  -0.440470E+14  -0.544774E+13  -0.914691E+12   0.146858E+15   0.172938E+14  -0.919429E+14
  -0.858208E+14   0.271335E+14  -0.255814E+13   0.172938E+14   0.227622E+15  -0.169147E+15
   0.102410E+15  -0.658483E+13   0.201070E+14  -0.919430E+14  -0.169147E+15   0.609730E+15
 trial position no.           15
 
 
 
 
 
 
 
 
 
 
 
 
  Covariance matrix; NOT corrected for  scaling
   0.244927E+15  -0.600745E+14  -0.120906E+14  -0.455831E+14  -0.892401E+14   0.108735E+15
  -0.600745E+14   0.154860E+15  -0.852941E+14  -0.577028E+13   0.308083E+14  -0.665827E+13
  -0.120906E+14  -0.852942E+14   0.241777E+15  -0.308473E+12  -0.211487E+13   0.240281E+14
  -0.455831E+14  -0.577028E+13  -0.308473E+12   0.149007E+15   0.979954E+13  -0.915047E+14
  -0.892401E+14   0.308083E+14  -0.211487E+13   0.979953E+13   0.231606E+15  -0.176347E+15
   0.108735E+15  -0.665827E+13   0.240281E+14  -0.915047E+14  -0.176347E+15   0.726075E+15
 trial position no.           16
 
 
 
 
 
 
 
 
 
 
 
 
  Covariance matrix; NOT corrected for  scaling
   0.255469E+15  -0.605458E+14  -0.143629E+14  -0.460934E+14  -0.906261E+14   0.114357E+15
  -0.605458E+14   0.147879E+15  -0.811388E+14  -0.607530E+13   0.314779E+14  -0.598814E+13
  -0.143629E+14  -0.811389E+14   0.231260E+15   0.723985E+12  -0.963360E+12   0.244047E+14
  -0.460934E+14  -0.607529E+13   0.723984E+12   0.149572E+15  -0.853844E+12  -0.986964E+14
  -0.906261E+14   0.314779E+14  -0.963358E+12  -0.853850E+12   0.233147E+15  -0.190543E+15
   0.114357E+15  -0.598814E+13   0.244047E+14  -0.986964E+14  -0.190543E+15   0.806638E+15
 trial position no.            7
 
 
 
 
 
 
 
 
 
 
 
 
  Covariance matrix; NOT corrected for  scaling
   0.281367E+14  -0.125802E+14   0.382077E+13  -0.158903E+14   0.153882E+14   0.785330E+13
  -0.125802E+14   0.337912E+15  -0.251880E+13   0.179112E+14   0.251235E+13  -0.425993E+13
   0.382077E+13  -0.251880E+13   0.130645E+15  -0.127555E+14   0.180737E+14   0.749915E+13
  -0.158903E+14   0.179112E+14  -0.127555E+14   0.302098E+15   0.108929E+14   0.381780E+14
   0.153882E+14   0.251235E+13   0.180738E+14   0.108929E+14   0.252019E+15   0.150103E+15
   0.785329E+13  -0.425993E+13   0.749915E+13   0.381780E+14   0.150103E+15   0.200805E+15
 trial position no.            8
 
 
 
 
 
 
 
 
 
 
 
 
  Covariance matrix; NOT corrected for  scaling
   0.297956E+14  -0.125468E+14   0.394618E+13  -0.183269E+14   0.167610E+14   0.711249E+13
  -0.125468E+14   0.280173E+15  -0.252637E+13   0.166147E+14   0.211770E+13  -0.621257E+13
   0.394618E+13  -0.252637E+13   0.102281E+15  -0.157616E+14   0.177473E+14   0.591801E+13
  -0.183269E+14   0.166147E+14  -0.157616E+14   0.293336E+15  -0.268775E+14  -0.842680E+13
   0.167610E+14   0.211770E+13   0.177473E+14  -0.268775E+14   0.234598E+15   0.984776E+14
   0.711250E+13  -0.621257E+13   0.591801E+13  -0.842680E+13   0.984776E+14   0.159441E+15
 trial position no.            9
 
 
 
 
 
 
 
 
 
 
 
 
  Covariance matrix; NOT corrected for  scaling
   0.315674E+14  -0.125236E+14   0.409176E+13  -0.206291E+14   0.181023E+14   0.639522E+13
  -0.125236E+14   0.238885E+15  -0.255811E+13   0.151744E+14   0.146808E+13  -0.786874E+13
   0.409176E+13  -0.255811E+13   0.845374E+14  -0.180353E+14   0.179072E+14   0.508243E+13
  -0.206291E+14   0.151744E+14  -0.180353E+14   0.293166E+15  -0.573722E+14  -0.390002E+14
   0.181023E+14   0.146808E+13   0.179072E+14  -0.573722E+14   0.223564E+15   0.621156E+14
   0.639522E+13  -0.786874E+13   0.508243E+13  -0.390002E+14   0.621156E+14   0.147284E+15
 trial position no.           10
 
 
 
 
 
 
 
 
 
 
 
 
  Covariance matrix; NOT corrected for  scaling
   0.333665E+14  -0.133573E+14   0.448217E+13  -0.227078E+14   0.197199E+14   0.571145E+13
  -0.133573E+14   0.235269E+15  -0.272997E+13   0.139720E+14   0.574282E+12  -0.947891E+13
   0.448218E+13  -0.272997E+13   0.810641E+14  -0.208874E+14   0.197848E+14   0.496689E+13
  -0.227078E+14   0.139720E+14  -0.208874E+14   0.300453E+15  -0.801143E+14  -0.529072E+14
   0.197199E+14   0.574282E+12   0.197848E+14  -0.801143E+14   0.222954E+15   0.422651E+14
   0.571145E+13  -0.947891E+13   0.496689E+13  -0.529072E+14   0.422651E+14   0.161713E+15
 trial position no.           11
 
 
 
 
 
 
 
 
 
 
 
 
  Covariance matrix; NOT corrected for  scaling
   0.352502E+14  -0.134791E+14   0.470293E+13  -0.250512E+14   0.210485E+14   0.483823E+13
  -0.134791E+14   0.211020E+15  -0.265554E+13   0.122473E+14   0.206740E+12  -0.101514E+14
   0.470293E+13  -0.265554E+13   0.718461E+14  -0.232614E+14   0.205276E+14   0.456370E+13
  -0.250512E+14   0.122473E+14  -0.232615E+14   0.308578E+15  -0.102919E+15  -0.677512E+14
   0.210485E+14   0.206740E+12   0.205276E+14  -0.102919E+15   0.220362E+15   0.195189E+14
   0.483823E+13  -0.101514E+14   0.456370E+13  -0.677512E+14   0.195189E+14   0.176027E+15
 trial position no.           12
 
 
 
 
 
 
 
 
 
 
 
 
  Covariance matrix; NOT corrected for  scaling
   0.372415E+14  -0.134622E+14   0.491427E+13  -0.272283E+14   0.223305E+14   0.395515E+13
  -0.134622E+14   0.191690E+15  -0.255942E+13   0.111589E+14   0.117989E+11  -0.105767E+14
   0.491426E+13  -0.255942E+13   0.651941E+14  -0.252103E+14   0.214375E+14   0.420861E+13
  -0.272283E+14   0.111589E+14  -0.252103E+14   0.319842E+15  -0.122641E+15  -0.781540E+14
   0.223305E+14   0.118002E+11   0.214375E+14  -0.122641E+15   0.220468E+15   0.133263E+13
   0.395515E+13  -0.105767E+14   0.420861E+13  -0.781540E+14   0.133263E+13   0.197508E+15
 trial position no.           13
 
 
 
 
 
 
 
 
 
 
 
 
  Covariance matrix; NOT corrected for  scaling
   0.393844E+14  -0.133467E+14   0.507314E+13  -0.288976E+14   0.236782E+14   0.290740E+13
  -0.133467E+14   0.176153E+15  -0.234194E+13   0.933467E+13  -0.330463E+11  -0.105603E+14
   0.507314E+13  -0.234194E+13   0.601091E+14  -0.266027E+14   0.224760E+14   0.379720E+13
  -0.288976E+14   0.933467E+13  -0.266027E+14   0.330511E+15  -0.140319E+15  -0.848740E+14
   0.236782E+14  -0.330463E+11   0.224760E+14  -0.140319E+15   0.223358E+15  -0.141401E+14
   0.290740E+13  -0.105603E+14   0.379720E+13  -0.848740E+14  -0.141401E+14   0.223150E+15
 trial position no.           14
 
 
 
 
 
 
 
 
 
 
 
 
  Covariance matrix; NOT corrected for  scaling
   0.417036E+14  -0.133391E+14   0.521972E+13  -0.306361E+14   0.246771E+14   0.207277E+13
  -0.133391E+14   0.163821E+15  -0.211771E+13   0.766685E+13   0.128558E+12  -0.104434E+14
   0.521972E+13  -0.211771E+13   0.562213E+14  -0.282061E+14   0.230358E+14   0.374291E+13
  -0.306361E+14   0.766685E+13  -0.282061E+14   0.343810E+15  -0.155192E+15  -0.906978E+14
   0.246771E+14   0.128558E+12   0.230358E+14  -0.155192E+15   0.225984E+15  -0.270076E+14
   0.207277E+13  -0.104434E+14   0.374291E+13  -0.906978E+14  -0.270076E+14   0.251258E+15
 trial position no.           15
 
 
 
 
 
 
 
 
 
 
 
 
  Covariance matrix; NOT corrected for  scaling
   0.440671E+14  -0.147624E+14   0.585492E+13  -0.325115E+14   0.254584E+14   0.887223E+12
  -0.147624E+14   0.183022E+15  -0.239087E+13   0.743342E+13   0.307176E+12  -0.118208E+14
   0.585492E+13  -0.239087E+13   0.625786E+14  -0.324255E+14   0.255489E+14   0.402984E+13
  -0.325115E+14   0.743342E+13  -0.324255E+14   0.360892E+15  -0.166716E+15  -0.875903E+14
   0.254584E+14   0.307176E+12   0.255489E+14  -0.166716E+15   0.229476E+15  -0.359820E+14
   0.887223E+12  -0.118208E+14   0.402984E+13  -0.875903E+14  -0.359820E+14   0.300539E+15
 trial position no.           16
 
 
 
 
 
 
 
 
 
 
 
 
  Covariance matrix; NOT corrected for  scaling
   0.465180E+14  -0.148182E+14   0.597108E+13  -0.337531E+14   0.262994E+14  -0.289551E+12
  -0.148182E+14   0.174968E+15  -0.216438E+13   0.581792E+13   0.560507E+12  -0.114895E+14
   0.597108E+13  -0.216438E+13   0.599801E+14  -0.336715E+14   0.262149E+14   0.400472E+13
  -0.337531E+14   0.581792E+13  -0.336715E+14   0.372383E+15  -0.179872E+15  -0.897711E+14
   0.262994E+14   0.560507E+12   0.262149E+14  -0.179872E+15   0.232048E+15  -0.476823E+14
  -0.289551E+12  -0.114895E+14   0.400472E+13  -0.897711E+14  -0.476823E+14   0.336878E+15
 trial position no.            7
 
 
 
 
 
 
 
 
 
 
 
 
  Covariance matrix; NOT corrected for  scaling
   0.118006E+15  -0.273881E+14   0.108996E+14  -0.139869E+14   0.128837E+14   0.211841E+14
  -0.273881E+14   0.333281E+15  -0.599996E+14  -0.767160E+13  -0.387354E+13  -0.564030E+13
   0.108996E+14  -0.599996E+14   0.325260E+15   0.155587E+13   0.528905E+13   0.111818E+14
  -0.139869E+14  -0.767160E+13   0.155587E+13   0.296026E+15   0.185544E+15   0.125689E+15
   0.128837E+14  -0.387354E+13   0.528905E+13   0.185544E+15   0.312205E+15   0.138771E+15
   0.211841E+14  -0.564030E+13   0.111818E+14   0.125689E+15   0.138771E+15   0.294529E+15
 trial position no.            8
 
 
 
 
 
 
 
 
 
 
 
 
  Covariance matrix; NOT corrected for  scaling
   0.128370E+15  -0.279448E+14   0.104624E+14  -0.185591E+14   0.114581E+14   0.172368E+14
  -0.279448E+14   0.267871E+15  -0.507444E+14  -0.476313E+13  -0.216187E+13  -0.277161E+13
   0.104624E+14  -0.507444E+14   0.258373E+15  -0.104791E+13   0.329017E+13   0.886847E+13
  -0.185591E+14  -0.476313E+13  -0.104791E+13   0.253845E+15   0.135605E+15   0.450903E+14
   0.114581E+14  -0.216187E+13   0.329017E+13   0.135605E+15   0.268222E+15   0.535467E+14
   0.172368E+14  -0.277161E+13   0.886847E+13   0.450903E+14   0.535467E+14   0.254410E+15
 trial position no.            9
 
 
 
 
 
 
 
 
 
 
 
 
  Covariance matrix; NOT corrected for  scaling
   0.138326E+15  -0.282366E+14   0.985154E+13  -0.221482E+14   0.108299E+14   0.142805E+14
  -0.282366E+14   0.223982E+15  -0.440867E+14  -0.299770E+13  -0.108167E+13  -0.120577E+13
   0.985154E+13  -0.440867E+14   0.214731E+15  -0.168877E+13   0.279991E+13   0.807643E+13
  -0.221482E+14  -0.299769E+13  -0.168877E+13   0.226730E+15   0.999826E+14  -0.777348E+13
   0.108299E+14  -0.108167E+13   0.279991E+13   0.999826E+14   0.239175E+15  -0.367253E+13
   0.142805E+14  -0.120577E+13   0.807643E+13  -0.777348E+13  -0.367253E+13   0.261699E+15
 trial position no.           10
 
 
 
 
 
 
 
 
 
 
 
 
  Covariance matrix; NOT corrected for  scaling
   0.147501E+15  -0.301370E+14   0.955142E+13  -0.251163E+14   0.108025E+14   0.114067E+14
  -0.301370E+14   0.216474E+15  -0.439483E+14  -0.255554E+13  -0.110405E+13  -0.159412E+12
   0.955142E+13  -0.439483E+14   0.206481E+15  -0.138345E+13   0.342833E+13   0.846879E+13
  -0.251163E+14  -0.255554E+13  -0.138345E+13   0.213027E+15   0.776078E+14  -0.340855E+14
   0.108025E+14  -0.110405E+13   0.342833E+13   0.776078E+14   0.224437E+15  -0.339821E+14
   0.114067E+14  -0.159412E+12   0.846879E+13  -0.340855E+14  -0.339821E+14   0.311880E+15
 trial position no.           11
 
 
 
 
 
 
 
 
 
 
 
 
  Covariance matrix; NOT corrected for  scaling
   0.156520E+15  -0.309982E+14   0.897499E+13  -0.290611E+14   0.981370E+13   0.906177E+13
  -0.309982E+14   0.192138E+15  -0.399352E+14  -0.202872E+13  -0.956805E+12   0.110626E+13
   0.897499E+13  -0.399352E+14   0.182498E+15  -0.231937E+13   0.271810E+13   0.853152E+13
  -0.290611E+14  -0.202872E+13  -0.231937E+13   0.201030E+15   0.560299E+14  -0.626803E+14
   0.981370E+13  -0.956805E+12   0.271810E+13   0.560299E+14   0.210885E+15  -0.670172E+14
   0.906177E+13   0.110626E+13   0.853152E+13  -0.626803E+14  -0.670172E+14   0.362019E+15
 trial position no.           12
 
 
 
 
 
 
 
 
 
 
 
 
  Covariance matrix; NOT corrected for  scaling
   0.165308E+15  -0.314554E+14   0.835573E+13  -0.324560E+14   0.918992E+13   0.711797E+13
  -0.314554E+14   0.173541E+15  -0.366966E+14  -0.124636E+13  -0.469270E+12   0.198597E+13
   0.835573E+13  -0.366966E+14   0.164653E+15  -0.258839E+13   0.253172E+13   0.857943E+13
  -0.324560E+14  -0.124636E+13  -0.258838E+13   0.194061E+15   0.386845E+14  -0.842446E+14
   0.918992E+13  -0.469270E+12   0.253172E+13   0.386845E+14   0.202292E+15  -0.928102E+14
   0.711797E+13   0.198597E+13   0.857943E+13  -0.842446E+14  -0.928102E+14   0.422263E+15
 trial position no.           13
 
 
 
 
 
 
 
 
 
 
 
 
  Covariance matrix; NOT corrected for  scaling
   0.173627E+15  -0.314057E+14   0.750152E+13  -0.347135E+14   0.943308E+13   0.492452E+13
  -0.314057E+14   0.158984E+15  -0.338925E+14  -0.109474E+13  -0.390019E+12   0.286025E+13
   0.750152E+13  -0.338925E+14   0.150897E+15  -0.216453E+13   0.307789E+13   0.818491E+13
  -0.347135E+14  -0.109474E+13  -0.216453E+13   0.189625E+15   0.234147E+14  -0.100383E+15
   0.943308E+13  -0.390019E+12   0.307789E+13   0.234147E+14   0.196935E+15  -0.113259E+15
   0.492453E+13   0.286025E+13   0.818491E+13  -0.100383E+15  -0.113259E+15   0.487305E+15
 trial position no.           14
 
 
 
 
 
 
 
 
 
 
 
 
  Covariance matrix; NOT corrected for  scaling
   0.182429E+15  -0.317471E+14   0.683026E+13  -0.374618E+14   0.896978E+13   0.376909E+13
  -0.317471E+14   0.147798E+15  -0.315617E+14  -0.116643E+13  -0.397017E+12   0.367810E+13
   0.683026E+13  -0.315617E+14   0.140180E+15  -0.240079E+13   0.302499E+13   0.848843E+13
  -0.374618E+14  -0.116643E+13  -0.240079E+13   0.189738E+15   0.118820E+14  -0.115069E+15
   0.896978E+13  -0.397017E+12   0.302499E+13   0.118820E+14   0.195885E+15  -0.131859E+15
   0.376909E+13   0.367810E+13   0.848843E+13  -0.115069E+15  -0.131859E+15   0.555893E+15
 trial position no.           15
 
 
 
 
 
 
 
 
 
 
 
 
  Covariance matrix; NOT corrected for  scaling
   0.190823E+15  -0.351931E+14   0.686835E+13  -0.410554E+14   0.746310E+13   0.149007E+13
  -0.351931E+14   0.164295E+15  -0.352623E+14  -0.681109E+12   0.100051E+12   0.446515E+13
   0.686835E+13  -0.352623E+14   0.155503E+15  -0.291793E+13   0.312374E+13   0.107595E+14
  -0.410554E+14  -0.681109E+12  -0.291793E+13   0.193211E+15   0.296852E+13  -0.118035E+15
   0.746310E+13   0.100051E+12   0.312374E+13   0.296852E+13   0.197332E+15  -0.139783E+15
   0.149007E+13   0.446515E+13   0.107595E+14  -0.118035E+15  -0.139783E+15   0.671339E+15
 trial position no.           16
 
 
 
 
 
 
 
 
 
 
 
 
  Covariance matrix; NOT corrected for  scaling
   0.198875E+15  -0.353550E+14   0.590718E+13  -0.431944E+14   0.742969E+13  -0.452769E+12
  -0.353550E+14   0.156658E+15  -0.336124E+14  -0.659840E+12   0.222275E+12   0.542175E+13
   0.590718E+13  -0.336124E+14   0.148385E+15  -0.273804E+13   0.335753E+13   0.112977E+14
  -0.431944E+14  -0.659840E+12  -0.273804E+13   0.194263E+15  -0.901118E+13  -0.127883E+15
   0.742969E+13   0.222275E+12   0.335753E+13  -0.901119E+13   0.197217E+15  -0.154189E+15
  -0.452763E+12   0.542175E+13   0.112977E+14  -0.127883E+15  -0.154189E+15   0.755491E+15
 trial position no.            7
 
 
 
 
 
 
 
 
 
 
 
 
  Covariance matrix; NOT corrected for  scaling
   0.506895E+14  -0.357484E+14   0.969749E+13  -0.155164E+14  -0.416215E+14   0.132638E+14
  -0.357484E+14   0.151881E+15  -0.101719E+15   0.126537E+13   0.469986E+14  -0.609664E+13
   0.969749E+13  -0.101719E+15   0.270970E+15  -0.101743E+14  -0.273290E+14   0.244512E+14
  -0.155164E+14   0.126537E+13  -0.101743E+14   0.954556E+14   0.587917E+14   0.484946E+14
  -0.416215E+14   0.469986E+14  -0.273290E+14   0.587917E+14   0.184980E+15   0.296310E+14
   0.132638E+14  -0.609665E+13   0.244512E+14   0.484946E+14   0.296310E+14   0.160697E+15
 trial position no.            8
 
 
 
 
 
 
 
 
 
 
 
 
  Covariance matrix; NOT corrected for  scaling
   0.544855E+14  -0.359329E+14   0.102840E+14  -0.146618E+14  -0.433646E+14   0.202472E+14
  -0.359329E+14   0.125923E+15  -0.842680E+14   0.290391E+12   0.447883E+14  -0.110828E+14
   0.102840E+14  -0.842679E+14   0.220873E+15  -0.972741E+13  -0.249128E+14   0.281890E+14
  -0.146618E+14   0.290392E+12  -0.972741E+13   0.825512E+14   0.407964E+14   0.246345E+14
  -0.433646E+14   0.447883E+14  -0.249128E+14   0.407964E+14   0.171239E+15  -0.612864E+13
   0.202472E+14  -0.110828E+14   0.281890E+14   0.246345E+14  -0.612864E+13   0.157203E+15
 trial position no.            9
 
 
 
 
 
 
 
 
 
 
 
 
  Covariance matrix; NOT corrected for  scaling
   0.578280E+14  -0.354846E+14   0.969146E+13  -0.133929E+14  -0.442024E+14   0.268111E+14
  -0.354846E+14   0.107534E+15  -0.722268E+14  -0.870858E+12   0.436433E+14  -0.152216E+14
   0.969145E+13  -0.722267E+14   0.186206E+15  -0.722367E+13  -0.222672E+14   0.315062E+14
  -0.133929E+14  -0.870858E+12  -0.722367E+13   0.740728E+14   0.263543E+14   0.960758E+13
  -0.442024E+14   0.436433E+14  -0.222672E+14   0.263543E+14   0.161466E+15  -0.326283E+14
   0.268111E+14  -0.152216E+14   0.315062E+14   0.960758E+13  -0.326283E+14   0.169157E+15
 trial position no.           10
 
 
 
 
 
 
 
 
 
 
 
 
  Covariance matrix; NOT corrected for  scaling
   0.609018E+14  -0.369313E+14   0.870692E+13  -0.122552E+14  -0.445485E+14   0.314155E+14
  -0.369313E+14   0.105419E+15  -0.703087E+14  -0.246296E+13   0.448487E+14  -0.184378E+14
   0.870692E+13  -0.703087E+14   0.180418E+15  -0.443763E+13  -0.195929E+14   0.361106E+14
  -0.122552E+14  -0.246296E+13  -0.443763E+13   0.702419E+14   0.159450E+14   0.531213E+13
  -0.445485E+14   0.448487E+14  -0.195929E+14   0.159450E+14   0.156727E+15  -0.461260E+14
   0.314155E+14  -0.184378E+14   0.361106E+14   0.531213E+13  -0.461260E+14   0.200462E+15
 trial position no.           11
 
 
 
 
 
 
 
 
 
 
 
 
  Covariance matrix; NOT corrected for  scaling
   0.651211E+14  -0.375391E+14   0.826007E+13  -0.119210E+14  -0.466948E+14   0.368122E+14
  -0.375391E+14   0.954214E+14  -0.630539E+14  -0.409716E+13   0.445743E+14  -0.210716E+14
   0.826007E+13  -0.630539E+14   0.160738E+15  -0.356018E+13  -0.190657E+14   0.385650E+14
  -0.119210E+14  -0.409716E+13  -0.356018E+13   0.676439E+14   0.714642E+13  -0.124849E+13
  -0.466948E+14   0.445743E+14  -0.190656E+14   0.714642E+13   0.156594E+15  -0.631468E+14
   0.368122E+14  -0.210716E+14   0.385650E+14  -0.124849E+13  -0.631468E+14   0.226896E+15
 trial position no.           12
 
 
 
 
 
 
 
 
 
 
 
 
  Covariance matrix; NOT corrected for  scaling
   0.690964E+14  -0.377524E+14   0.739876E+13  -0.113898E+14  -0.481522E+14   0.417550E+14
  -0.377524E+14   0.872463E+14  -0.572196E+14  -0.520817E+13   0.446777E+14  -0.233216E+14
   0.739876E+13  -0.572196E+14   0.145099E+15  -0.202742E+13  -0.177312E+14   0.400008E+14
  -0.113898E+14  -0.520817E+13  -0.202742E+13   0.663304E+14  -0.121217E+13  -0.532954E+13
  -0.481522E+14   0.446777E+14  -0.177312E+14  -0.121217E+13   0.156707E+15  -0.773789E+14
   0.417550E+14  -0.233216E+14   0.400008E+14  -0.532954E+13  -0.773789E+14   0.255980E+15
 trial position no.           13
 
 
 
 
 
 
 
 
 
 
 
 
  Covariance matrix; NOT corrected for  scaling
   0.723731E+14  -0.372116E+14   0.579351E+13  -0.105257E+14  -0.483501E+14   0.454363E+14
  -0.372116E+14   0.800417E+14  -0.518630E+14  -0.634591E+13   0.437834E+14  -0.245413E+14
   0.579351E+13  -0.518630E+14   0.132298E+15  -0.196893E+12  -0.147293E+14   0.397252E+14
  -0.105257E+14  -0.634591E+13  -0.196893E+12   0.657946E+14  -0.952944E+13  -0.698663E+13
  -0.483501E+14   0.437834E+14  -0.147293E+14  -0.952944E+13   0.155779E+15  -0.875504E+14
   0.454363E+14  -0.245413E+14   0.397252E+14  -0.698664E+13  -0.875504E+14   0.284372E+15
 trial position no.           14
 
 
 
 
 
 
 
 
 
 
 
 
  Covariance matrix; NOT corrected for  scaling
   0.766533E+14  -0.375054E+14   0.491125E+13  -0.100518E+14  -0.503709E+14   0.500284E+14
  -0.375054E+14   0.748362E+14  -0.476976E+14  -0.749736E+13   0.435615E+14  -0.258922E+14
   0.491126E+13  -0.476976E+14   0.122474E+15   0.446873E+12  -0.136123E+14   0.403404E+14
  -0.100518E+14  -0.749736E+13   0.446872E+12   0.668096E+14  -0.151480E+14  -0.920162E+13
  -0.503709E+14   0.435615E+14  -0.136123E+14  -0.151480E+14   0.159083E+15  -0.990787E+14
   0.500284E+14  -0.258922E+14   0.403404E+14  -0.920162E+13  -0.990787E+14   0.314915E+15
 trial position no.           15
 
 
 
 
 
 
 
 
 
 
 
 
  Covariance matrix; NOT corrected for  scaling
   0.814729E+14  -0.418226E+14   0.469406E+13  -0.975835E+13  -0.530829E+14   0.541909E+14
  -0.418226E+14   0.842370E+14  -0.527921E+14  -0.905362E+13   0.485870E+14  -0.295176E+14
   0.469405E+13  -0.527921E+14   0.135893E+15   0.182188E+13  -0.139337E+14   0.471982E+14
  -0.975835E+13  -0.905362E+13   0.182188E+13   0.694905E+14  -0.195367E+14  -0.428440E+13
  -0.530829E+14   0.485870E+14  -0.139337E+14  -0.195367E+14   0.164324E+15  -0.104108E+15
   0.541909E+14  -0.295176E+14   0.471982E+14  -0.428440E+13  -0.104108E+15   0.374108E+15
 trial position no.           16
 
 
 
 
 
 
 
 
 
 
 
 
  Covariance matrix; NOT corrected for  scaling
   0.853093E+14  -0.416835E+14   0.290822E+13  -0.913971E+13  -0.536052E+14   0.565607E+14
  -0.416835E+14   0.801289E+14  -0.492986E+14  -0.102827E+14   0.483930E+14  -0.292325E+14
   0.290823E+13  -0.492986E+14   0.129054E+15   0.326890E+13  -0.120807E+14   0.478505E+14
  -0.913972E+13  -0.102827E+14   0.326890E+13   0.711386E+14  -0.265143E+14  -0.386706E+13
  -0.536052E+14   0.483930E+14  -0.120807E+14  -0.265143E+14   0.166219E+15  -0.111580E+15
   0.565607E+14  -0.292325E+14   0.478505E+14  -0.386706E+13  -0.111580E+15   0.410992E+15
 trial position no.            7
 
 
 
 
 
 
 
 
 
 
 
 
  Covariance matrix; NOT corrected for  scaling
   0.127002E+15  -0.210490E+14  -0.309294E+13  -0.531102E+14  -0.595985E+13   0.268310E+14
  -0.210490E+14   0.440755E+15  -0.139964E+15   0.131236E+14   0.253546E+14   0.644831E+13
  -0.309294E+13  -0.139964E+15   0.478224E+15  -0.115240E+14  -0.123596E+14   0.477928E+13
  -0.531102E+14   0.131236E+14  -0.115240E+14   0.412400E+15   0.230383E+15   0.133866E+15
  -0.595985E+13   0.253546E+14  -0.123596E+14   0.230383E+15   0.443510E+15   0.150407E+15
   0.268310E+14   0.644831E+13   0.477928E+13   0.133866E+15   0.150407E+15   0.372345E+15
 trial position no.            8
 
 
 
 
 
 
 
 
 
 
 
 
  Covariance matrix; NOT corrected for  scaling
   0.136000E+15  -0.218313E+14  -0.225576E+13  -0.566087E+14  -0.424217E+13   0.324168E+14
  -0.218313E+14   0.355530E+15  -0.116690E+15   0.106312E+14   0.204512E+14   0.564860E+12
  -0.225576E+13  -0.116690E+15   0.382243E+15  -0.107924E+14  -0.949803E+13   0.825263E+13
  -0.566087E+14   0.106312E+14  -0.107924E+14   0.357941E+15   0.159881E+15   0.291371E+14
  -0.424217E+13   0.204512E+14  -0.949803E+13   0.159881E+15   0.383627E+15   0.376433E+14
   0.324168E+14   0.564859E+12   0.825263E+13   0.291371E+14   0.376433E+14   0.340402E+15
 trial position no.            9
 
 
 
 
 
 
 
 
 
 
 
 
  Covariance matrix; NOT corrected for  scaling
   0.145100E+15  -0.223031E+14  -0.209796E+13  -0.598627E+14  -0.240014E+13   0.376386E+14
  -0.223031E+14   0.297698E+15  -0.100052E+15   0.980242E+13   0.182720E+14  -0.306775E+13
  -0.209796E+13  -0.100052E+15   0.318664E+15  -0.937736E+13  -0.719392E+13   0.105917E+14
  -0.598627E+14   0.980242E+13  -0.937736E+13   0.324876E+15   0.110337E+15  -0.387814E+14
  -0.240013E+13   0.182720E+14  -0.719392E+13   0.110337E+15   0.345424E+15  -0.372073E+14
   0.376386E+14  -0.306775E+13   0.105917E+14  -0.387814E+14  -0.372073E+14   0.368181E+15
 trial position no.           10
 
 
 
 
 
 
 
 
 
 
 
 
  Covariance matrix; NOT corrected for  scaling
   0.154248E+15  -0.243708E+14  -0.223028E+13  -0.635456E+14  -0.825499E+12   0.417436E+14
  -0.243708E+14   0.288531E+15  -0.991452E+14   0.996649E+13   0.178550E+14  -0.520589E+13
  -0.223028E+13  -0.991452E+14   0.307678E+15  -0.873609E+13  -0.559377E+13   0.128747E+14
  -0.635456E+14   0.996649E+13  -0.873609E+13   0.310058E+15   0.789867E+14  -0.730602E+14
  -0.825498E+12   0.178550E+14  -0.559377E+13   0.789867E+14   0.326533E+15  -0.773790E+14
   0.417436E+14  -0.520589E+13   0.128747E+14  -0.730602E+14  -0.773790E+14   0.449052E+15
 trial position no.           11
 
 
 
 
 
 
 
 
 
 
 
 
  Covariance matrix; NOT corrected for  scaling
   0.163613E+15  -0.254343E+14  -0.218886E+13  -0.675243E+14   0.408635E+12   0.466076E+14
  -0.254343E+14   0.255970E+15  -0.892019E+14   0.818001E+13   0.153735E+14  -0.642351E+13
  -0.218886E+13  -0.892019E+14   0.272316E+15  -0.857539E+13  -0.451746E+13   0.144579E+14
  -0.675243E+14   0.818001E+13  -0.857539E+13   0.295969E+15   0.479589E+14  -0.109710E+15
   0.408634E+12   0.153735E+14  -0.451746E+13   0.479589E+14   0.308766E+15  -0.120172E+15
   0.466076E+14  -0.642351E+13   0.144579E+14  -0.109710E+15  -0.120172E+15   0.530191E+15
 trial position no.           12
 
 
 
 
 
 
 
 
 
 
 
 
  Covariance matrix; NOT corrected for  scaling
   0.173235E+15  -0.263386E+14  -0.224896E+13  -0.712351E+14   0.170546E+13   0.512621E+14
  -0.263386E+14   0.231289E+15  -0.815159E+14   0.776951E+13   0.143838E+14  -0.763079E+13
  -0.224896E+13  -0.815158E+14   0.245886E+15  -0.811208E+13  -0.337552E+13   0.154568E+14
  -0.712351E+14   0.776951E+13  -0.811208E+13   0.288774E+15   0.230338E+14  -0.137737E+15
   0.170546E+13   0.143838E+14  -0.337552E+13   0.230338E+14   0.297920E+15  -0.153728E+15
   0.512621E+14  -0.763079E+13   0.154568E+14  -0.137737E+15  -0.153728E+15   0.623406E+15
 trial position no.           13
 
 
 
 
 
 
 
 
 
 
 
 
  Covariance matrix; NOT corrected for  scaling
   0.183191E+15  -0.271751E+14  -0.234092E+13  -0.747671E+14   0.292150E+13   0.556336E+14
  -0.271751E+14   0.212232E+15  -0.753582E+14   0.796332E+13   0.139865E+14  -0.908635E+13
  -0.234092E+13  -0.753582E+14   0.225546E+15  -0.759081E+13  -0.210462E+13   0.158450E+14
  -0.747671E+14   0.796332E+13  -0.759081E+13   0.286177E+15   0.211979E+13  -0.159583E+15
   0.292150E+13   0.139865E+14  -0.210462E+13   0.211980E+13   0.292288E+15  -0.180861E+15
   0.556336E+14  -0.908635E+13   0.158450E+14  -0.159583E+15  -0.180861E+15   0.721870E+15
 trial position no.           14
 
 
 
 
 
 
 
 
 
 
 
 
  Covariance matrix; NOT corrected for  scaling
   0.193620E+15  -0.281196E+14  -0.242626E+13  -0.784400E+14   0.339979E+13   0.603677E+14
  -0.281196E+14   0.197425E+15  -0.702594E+14   0.732385E+13   0.130753E+14  -0.940953E+13
  -0.242626E+13  -0.702594E+14   0.209573E+15  -0.761520E+13  -0.132872E+13   0.164404E+14
  -0.784400E+14   0.732385E+13  -0.761520E+13   0.288479E+15  -0.142940E+14  -0.179457E+15
   0.339979E+13   0.130753E+14  -0.132873E+13  -0.142940E+14   0.291929E+15  -0.205697E+15
   0.603677E+14  -0.940953E+13   0.164404E+14  -0.179457E+15  -0.205697E+15   0.824176E+15
 trial position no.           15
 
 
 
 
 
 
 
 
 
 
 
 
  Covariance matrix; NOT corrected for  scaling
   0.203817E+15  -0.317848E+14  -0.275810E+13  -0.820137E+14   0.349637E+13   0.642251E+14
  -0.317848E+14   0.219830E+15  -0.786704E+14   0.775756E+13   0.137587E+14  -0.991249E+13
  -0.275810E+13  -0.786704E+14   0.232972E+15  -0.817276E+13  -0.512462E+12   0.191353E+14
  -0.820137E+14   0.775755E+13  -0.817276E+13   0.293467E+15  -0.285701E+14  -0.183458E+15
   0.349637E+13   0.137587E+14  -0.512462E+12  -0.285701E+14   0.292844E+15  -0.216184E+15
   0.642251E+14  -0.991249E+13   0.191353E+14  -0.183458E+15  -0.216184E+15   0.992186E+15
 trial position no.           16
 
 
 
 
 
 
 
 
 
 
 
 
  Covariance matrix; NOT corrected for  scaling
   0.214773E+15  -0.330060E+14  -0.303612E+13  -0.854887E+14   0.410931E+13   0.685598E+14
  -0.330060E+14   0.210272E+15  -0.755842E+14   0.779648E+13   0.135567E+14  -0.100378E+14
  -0.303612E+13  -0.755842E+14   0.222767E+15  -0.801910E+13   0.372310E+12   0.196630E+14
  -0.854887E+14   0.779648E+13  -0.801910E+13   0.297579E+15  -0.449689E+14  -0.197993E+15
   0.410931E+13   0.135567E+14   0.372310E+12  -0.449689E+14   0.294017E+15  -0.235902E+15
   0.685598E+14  -0.100378E+14   0.196630E+14  -0.197993E+15  -0.235902E+15   0.111716E+16
 trial position no.            7
 
 
 
 
 
 
 
 
 
 
 
 
  Covariance matrix; NOT corrected for  scaling
   0.355913E+14  -0.293345E+14   0.699453E+13   0.295023E+13  -0.565932E+13  -0.136579E+13
  -0.293345E+14   0.115850E+15  -0.707705E+13  -0.584266E+13   0.161676E+14  -0.336541E+12
   0.699453E+13  -0.707705E+13   0.166522E+15  -0.133906E+14  -0.147272E+14   0.281504E+14
   0.295023E+13  -0.584266E+13  -0.133906E+14   0.920052E+14   0.439195E+14   0.520971E+14
  -0.565932E+13   0.161676E+14  -0.147272E+14   0.439195E+14   0.134878E+15   0.451028E+14
  -0.136579E+13  -0.336541E+12   0.281504E+14   0.520971E+14   0.451028E+14   0.154722E+15
 trial position no.            8
 
 
 
 
 
 
 
 
 
 
 
 
  Covariance matrix; NOT corrected for  scaling
   0.382588E+14  -0.289188E+14   0.689334E+13   0.246870E+13  -0.736555E+13  -0.165744E+13
  -0.289188E+14   0.949790E+14  -0.555524E+13  -0.546584E+13   0.163550E+14  -0.873402E+12
   0.689334E+13  -0.555524E+13   0.133968E+15  -0.129723E+14  -0.134517E+14   0.301889E+14
   0.246870E+13  -0.546584E+13  -0.129723E+14   0.809857E+14   0.290408E+14   0.300560E+14
  -0.736555E+13   0.163550E+14  -0.134517E+14   0.290408E+14   0.123574E+15   0.172807E+14
  -0.165744E+13  -0.873402E+12   0.301889E+14   0.300560E+14   0.172807E+14   0.145720E+15
 trial position no.            9
 
 
 
 
 
 
 
 
 
 
 
 
  Covariance matrix; NOT corrected for  scaling
   0.407598E+14  -0.282977E+14   0.680684E+13   0.269778E+13  -0.821914E+13  -0.125042E+13
  -0.282977E+14   0.801777E+14  -0.526663E+13  -0.547268E+13   0.163541E+14  -0.208190E+13
   0.680684E+13  -0.526663E+13   0.111576E+15  -0.107398E+14  -0.110865E+14   0.328491E+14
   0.269778E+13  -0.547268E+13  -0.107398E+14   0.737583E+14   0.168967E+14   0.154719E+14
  -0.821914E+13   0.163541E+14  -0.110865E+14   0.168967E+14   0.115809E+15  -0.344194E+13
  -0.125042E+13  -0.208190E+13   0.328491E+14   0.154719E+14  -0.344194E+13   0.150699E+15
 trial position no.           10
 
 
 
 
 
 
 
 
 
 
 
 
  Covariance matrix; NOT corrected for  scaling
   0.428430E+14  -0.290454E+14   0.642703E+13   0.343471E+13  -0.800876E+13  -0.116061E+13
  -0.290454E+14   0.773812E+14  -0.475540E+13  -0.677725E+13   0.160086E+14  -0.292624E+13
   0.642703E+13  -0.475540E+13   0.106524E+15  -0.809720E+13  -0.782832E+13   0.379345E+14
   0.343471E+13  -0.677725E+13  -0.809720E+13   0.703106E+14   0.736846E+13   0.108790E+14
  -0.800876E+13   0.160086E+14  -0.782832E+13   0.736846E+13   0.111495E+15  -0.136949E+14
  -0.116061E+13  -0.292624E+13   0.379345E+14   0.108789E+14  -0.136949E+14   0.176122E+15
 trial position no.           11
 
 
 
 
 
 
 
 
 
 
 
 
  Covariance matrix; NOT corrected for  scaling
   0.456484E+14  -0.294772E+14   0.616842E+13   0.344435E+13  -0.895982E+13  -0.107655E+13
  -0.294772E+14   0.696664E+14  -0.441475E+13  -0.761668E+13   0.158509E+14  -0.329872E+13
   0.616842E+13  -0.441475E+13   0.943256E+14  -0.772737E+13  -0.731473E+13   0.400208E+14
   0.344435E+13  -0.761668E+13  -0.772737E+13   0.683479E+14  -0.483005E+12   0.449022E+13
  -0.895982E+13   0.158509E+14  -0.731473E+13  -0.483005E+12   0.111098E+15  -0.262576E+14
  -0.107655E+13  -0.329872E+13   0.400208E+14   0.449022E+13  -0.262576E+14   0.195803E+15
 trial position no.           12
 
 
 
 
 
 
 
 
 
 
 
 
  Covariance matrix; NOT corrected for  scaling
   0.483134E+14  -0.294316E+14   0.600575E+13   0.360958E+13  -0.953909E+13  -0.103781E+13
  -0.294316E+14   0.631079E+14  -0.433433E+13  -0.789457E+13   0.159679E+14  -0.367438E+13
   0.600575E+13  -0.433433E+13   0.845688E+14  -0.656220E+13  -0.613942E+13   0.413497E+14
   0.360958E+13  -0.789457E+13  -0.656220E+13   0.677278E+14  -0.786443E+13   0.333016E+12
  -0.953909E+13   0.159679E+14  -0.613942E+13  -0.786443E+13   0.111645E+15  -0.368844E+14
  -0.103780E+13  -0.367438E+13   0.413497E+14   0.333016E+12  -0.368844E+14   0.218256E+15
 trial position no.           13
 
 
 
 
 
 
 
 
 
 
 
 
  Covariance matrix; NOT corrected for  scaling
   0.504264E+14  -0.287454E+14   0.547426E+13   0.434614E+13  -0.892940E+13  -0.139670E+13
  -0.287454E+14   0.573600E+14  -0.381048E+13  -0.858951E+13   0.152159E+14  -0.376986E+13
   0.547426E+13  -0.381048E+13   0.767058E+14  -0.490178E+13  -0.341461E+13   0.415220E+14
   0.434614E+13  -0.858951E+13  -0.490178E+13   0.675332E+14  -0.159419E+14  -0.155384E+13
  -0.892940E+13   0.152159E+14  -0.341461E+13  -0.159419E+14   0.110735E+15  -0.444154E+14
  -0.139670E+13  -0.376986E+13   0.415220E+14  -0.155384E+13  -0.444154E+14   0.241081E+15
 trial position no.           14
 
 
 
 
 
 
 
 
 
 
 
 
  Covariance matrix; NOT corrected for  scaling
   0.533534E+14  -0.289950E+14   0.516318E+13   0.488241E+13  -0.933594E+13  -0.128069E+13
  -0.289950E+14   0.535991E+14  -0.339314E+13  -0.939515E+13   0.150477E+14  -0.398162E+13
   0.516318E+13  -0.339314E+13   0.710538E+14  -0.460379E+13  -0.251091E+13   0.424448E+14
   0.488241E+13  -0.939515E+13  -0.460379E+13   0.691029E+14  -0.215089E+14  -0.381985E+13
  -0.933594E+13   0.150477E+14  -0.251091E+13  -0.215089E+14   0.113260E+15  -0.525842E+14
  -0.128069E+13  -0.398162E+13   0.424448E+14  -0.381985E+13  -0.525842E+14   0.265499E+15
 trial position no.           15
 
 
 
 
 
 
 
 
 
 
 
 
  Covariance matrix; NOT corrected for  scaling
   0.566474E+14  -0.321820E+14   0.551449E+13   0.495767E+13  -0.104928E+14  -0.143765E+13
  -0.321820E+14   0.600150E+14  -0.378436E+13  -0.105523E+14   0.170358E+14  -0.464522E+13
   0.551449E+13  -0.378436E+13   0.787188E+14  -0.398834E+13  -0.178349E+13   0.500485E+14
   0.495767E+13  -0.105523E+14  -0.398834E+13   0.725843E+14  -0.254835E+14   0.917274E+12
  -0.104928E+14   0.170358E+14  -0.178350E+13  -0.254835E+14   0.118006E+15  -0.549915E+14
  -0.143765E+13  -0.464522E+13   0.500485E+14   0.917275E+12  -0.549915E+14   0.318353E+15
 trial position no.           16
 
 
 
 
 
 
 
 
 
 
 
 
  Covariance matrix; NOT corrected for  scaling
   0.591554E+14  -0.319184E+14   0.484227E+13   0.552324E+13  -0.986622E+13  -0.280687E+13
  -0.319184E+14   0.566556E+14  -0.311627E+13  -0.111502E+14   0.165270E+14  -0.360695E+13
   0.484227E+13  -0.311627E+13   0.746647E+14  -0.297813E+13  -0.127675E+12   0.513820E+14
   0.552324E+13  -0.111502E+14  -0.297813E+13   0.745360E+14  -0.322467E+14   0.121379E+13
  -0.986623E+13   0.165270E+14  -0.127676E+12  -0.322467E+14   0.119399E+15  -0.605226E+14
  -0.280686E+13  -0.360695E+13   0.513820E+14   0.121379E+13  -0.605226E+14   0.349681E+15
 trial position no.            7
 
 
 
 
 
 
 
 
 
 
 
 
  Covariance matrix; NOT corrected for  scaling
   0.144745E+15  -0.220126E+14  -0.438502E+14  -0.489069E+14  -0.227455E+14  -0.896490E+13
  -0.220126E+14   0.343410E+15  -0.580332E+14  -0.366012E+14  -0.135284E+14   0.180570E+14
  -0.438502E+14  -0.580332E+14   0.491626E+15   0.256664E+14   0.241499E+14   0.134312E+14
  -0.489069E+14  -0.366012E+14   0.256664E+14   0.333060E+15   0.204284E+15   0.154020E+15
  -0.227455E+14  -0.135284E+14   0.241499E+14   0.204284E+15   0.389329E+15   0.147444E+15
  -0.896490E+13   0.180570E+14   0.134312E+14   0.154020E+15   0.147444E+15   0.374628E+15
 trial position no.            8
 
 
 
 
 
 
 
 
 
 
 
 
  Covariance matrix; NOT corrected for  scaling
   0.157762E+15  -0.222376E+14  -0.431705E+14  -0.506035E+14  -0.213691E+14   0.252737E+13
  -0.222376E+14   0.274425E+15  -0.445066E+14  -0.313160E+14  -0.973334E+13   0.243874E+14
  -0.431705E+14  -0.445066E+14   0.393183E+15   0.202119E+14   0.194848E+14   0.528123E+13
  -0.506035E+14  -0.313160E+14   0.202119E+14   0.285322E+15   0.146219E+15   0.638488E+14
  -0.213691E+14  -0.973334E+13   0.194848E+14   0.146219E+15   0.338533E+15   0.489980E+14
   0.252737E+13   0.243874E+14   0.528122E+13   0.638488E+14   0.489980E+14   0.335615E+15
 trial position no.            9
 
 
 
 
 
 
 
 
 
 
 
 
  Covariance matrix; NOT corrected for  scaling
   0.170445E+15  -0.219943E+14  -0.435935E+14  -0.517923E+14  -0.191754E+14   0.139019E+14
  -0.219943E+14   0.227609E+15  -0.370785E+14  -0.264566E+14  -0.514710E+13   0.285143E+14
  -0.435935E+14  -0.370785E+14   0.328477E+15   0.185114E+14   0.170849E+14  -0.552556E+11
  -0.517923E+14  -0.264566E+14   0.185114E+14   0.254812E+15   0.104607E+15   0.463315E+13
  -0.191754E+14  -0.514710E+13   0.170849E+14   0.104607E+15   0.305094E+15  -0.173592E+14
   0.139019E+14   0.285143E+14  -0.552564E+11   0.463315E+13  -0.173592E+14   0.349586E+15
 trial position no.           10
 
 
 
 
 
 
 
 
 
 
 
 
  Covariance matrix; NOT corrected for  scaling
   0.183156E+15  -0.234999E+14  -0.472305E+14  -0.541782E+14  -0.175600E+14   0.235573E+14
  -0.234999E+14   0.218638E+15  -0.358190E+14  -0.240470E+14  -0.128841E+13   0.332902E+14
  -0.472305E+14  -0.358190E+14   0.317987E+15   0.189466E+14   0.165760E+14  -0.332827E+13
  -0.541782E+14  -0.240470E+14   0.189466E+14   0.240628E+15   0.790210E+14  -0.237614E+14
  -0.175600E+14  -0.128841E+13   0.165760E+14   0.790210E+14   0.289186E+15  -0.513281E+14
   0.235573E+14   0.332902E+14  -0.332827E+13  -0.237614E+14  -0.513281E+14   0.416402E+15
 trial position no.           11
 
 
 
 
 
 
 
 
 
 
 
 
  Covariance matrix; NOT corrected for  scaling
   0.195634E+15  -0.241582E+14  -0.484456E+14  -0.567586E+14  -0.159332E+14   0.349238E+14
  -0.241582E+14   0.193469E+15  -0.316618E+14  -0.233837E+14  -0.200709E+12   0.361632E+14
  -0.484456E+14  -0.316618E+14   0.282204E+15   0.167891E+14   0.137070E+14  -0.630915E+13
  -0.567586E+14  -0.233837E+14   0.167891E+14   0.227571E+15   0.539699E+14  -0.562679E+14
  -0.159332E+14  -0.200710E+12   0.137070E+14   0.539699E+14   0.274936E+15  -0.896973E+14
   0.349238E+14   0.361632E+14  -0.630915E+13  -0.562679E+14  -0.896973E+14   0.479281E+15
 trial position no.           12
 
 
 
 
 
 
 
 
 
 
 
 
  Covariance matrix; NOT corrected for  scaling
   0.207924E+15  -0.244829E+14  -0.494857E+14  -0.589570E+14  -0.139192E+14   0.459507E+14
  -0.244829E+14   0.173972E+15  -0.291214E+14  -0.216140E+14   0.218125E+13   0.376202E+14
  -0.494857E+14  -0.291214E+14   0.255505E+15   0.161480E+14   0.121974E+14  -0.908683E+13
  -0.589570E+14  -0.216140E+14   0.161480E+14   0.219609E+15   0.331456E+14  -0.810016E+14
  -0.139192E+14   0.218125E+13   0.121974E+14   0.331456E+14   0.265751E+15  -0.119741E+15
   0.459508E+14   0.376202E+14  -0.908683E+13  -0.810017E+14  -0.119741E+15   0.553354E+15
 trial position no.           13
 
 
 
 
 
 
 
 
 
 
 
 
  Covariance matrix; NOT corrected for  scaling
   0.219890E+15  -0.245553E+14  -0.502880E+14  -0.610550E+14  -0.121332E+14   0.566973E+14
  -0.245553E+14   0.158837E+15  -0.273779E+14  -0.196903E+14   0.475594E+13   0.377249E+14
  -0.502880E+14  -0.273779E+14   0.235043E+15   0.161825E+14   0.116675E+14  -0.120282E+14
  -0.610550E+14  -0.196903E+14   0.161825E+14   0.215363E+15   0.155274E+14  -0.100097E+15
  -0.121332E+14   0.475594E+13   0.116675E+14   0.155274E+14   0.260992E+15  -0.143913E+15
   0.566973E+14   0.377249E+14  -0.120282E+14  -0.100097E+15  -0.143913E+15   0.632579E+15
 trial position no.           14
 
 
 
 
 
 
 
 
 
 
 
 
  Covariance matrix; NOT corrected for  scaling
   0.231286E+15  -0.248558E+14  -0.510587E+14  -0.626511E+14  -0.110721E+14   0.669014E+14
  -0.248558E+14   0.147722E+15  -0.257352E+14  -0.197702E+14   0.552736E+13   0.389291E+14
  -0.510587E+14  -0.257352E+14   0.219075E+15   0.153426E+14   0.106556E+14  -0.137556E+14
  -0.626511E+14  -0.197702E+14   0.153426E+14   0.215388E+15   0.230042E+13  -0.117529E+15
  -0.110721E+14   0.552736E+13   0.106556E+14   0.230042E+13   0.261354E+15  -0.166468E+15
   0.669014E+14   0.389290E+14  -0.137556E+14  -0.117529E+15  -0.166468E+15   0.715913E+15
 trial position no.           15
 
 
 
 
 
 
 
 
 
 
 
 
  Covariance matrix; NOT corrected for  scaling
   0.241931E+15  -0.274321E+14  -0.565563E+14  -0.637175E+14  -0.971232E+13   0.769800E+14
  -0.274320E+14   0.164086E+15  -0.287664E+14  -0.208657E+14   0.785422E+13   0.450878E+14
  -0.565563E+14  -0.287664E+14   0.244106E+15   0.161721E+14   0.106459E+14  -0.157334E+14
  -0.637175E+14  -0.208657E+14   0.161721E+14   0.218310E+15  -0.857317E+13  -0.119263E+15
  -0.971232E+13   0.785422E+13   0.106459E+14  -0.857316E+13   0.263985E+15  -0.173567E+15
   0.769800E+14   0.450879E+14  -0.157334E+14  -0.119263E+15  -0.173567E+15   0.861647E+15
 trial position no.           16
 
 
 
 
 
 
 
 
 
 
 
 
  Covariance matrix; NOT corrected for  scaling
   0.253589E+15  -0.277207E+14  -0.578480E+14  -0.654418E+14  -0.813679E+13   0.874042E+14
  -0.277207E+14   0.156479E+15  -0.279706E+14  -0.202677E+14   0.982271E+13   0.462115E+14
  -0.578480E+14  -0.279706E+14   0.233940E+15   0.162386E+14   0.992871E+13  -0.169623E+14
  -0.654418E+14  -0.202677E+14   0.162386E+14   0.219915E+15  -0.224089E+14  -0.132115E+15
  -0.813679E+13   0.982271E+13   0.992871E+13  -0.224089E+14   0.265665E+15  -0.191487E+15
   0.874042E+14   0.462115E+14  -0.169623E+14  -0.132115E+15  -0.191487E+15   0.966743E+15
 trial position no.            7
 
 
 
 
 
 
 
 
 
 
 
 
  Covariance matrix; NOT corrected for  scaling
   0.982385E+14  -0.133270E+14  -0.371721E+13   0.118182E+14  -0.428475E+14   0.658854E+13
  -0.133270E+14   0.364022E+15  -0.700461E+14  -0.287917E+14  -0.141944E+14  -0.330336E+13
  -0.371720E+13  -0.700461E+14   0.300316E+15  -0.597571E+13  -0.223778E+12   0.363059E+13
   0.118182E+14  -0.287917E+14  -0.597571E+13   0.326626E+15   0.182611E+15   0.100877E+15
  -0.428475E+14  -0.141944E+14  -0.223779E+12   0.182611E+15   0.348453E+15   0.118098E+15
   0.658854E+13  -0.330336E+13   0.363059E+13   0.100877E+15   0.118098E+15   0.269248E+15
 trial position no.            8
 
 
 
 
 
 
 
 
 
 
 
 
  Covariance matrix; NOT corrected for  scaling
   0.106819E+15  -0.138759E+14  -0.378820E+13   0.140915E+14  -0.483066E+14   0.100163E+14
  -0.138759E+14   0.293878E+15  -0.579412E+14  -0.249673E+14  -0.974183E+13   0.356738E+13
  -0.378820E+13  -0.579412E+14   0.237669E+15  -0.533913E+13   0.380702E+12   0.420112E+13
   0.140915E+14  -0.249673E+14  -0.533913E+13   0.281041E+15   0.126039E+15   0.172150E+14
  -0.483066E+14  -0.974183E+13   0.380702E+12   0.126039E+15   0.304804E+15   0.286500E+14
   0.100163E+14   0.356738E+13   0.420112E+13   0.172150E+14   0.286500E+14   0.245183E+15
 trial position no.            9
 
 
 
 
 
 
 
 
 
 
 
 
  Covariance matrix; NOT corrected for  scaling
   0.115253E+15  -0.143867E+14  -0.395241E+13   0.164471E+14  -0.530199E+14   0.140468E+14
  -0.143867E+14   0.246253E+15  -0.493882E+14  -0.221420E+14  -0.616520E+13   0.803117E+13
  -0.395242E+13  -0.493882E+14   0.196972E+15  -0.463855E+13   0.890035E+12   0.447452E+13
   0.164471E+14  -0.221420E+14  -0.463855E+13   0.252974E+15   0.863232E+14  -0.365413E+14
  -0.530199E+14  -0.616520E+13   0.890035E+12   0.863232E+14   0.277654E+15  -0.313636E+14
   0.140468E+14   0.803117E+13   0.447452E+13  -0.365413E+14  -0.313636E+14   0.268931E+15
 trial position no.           10
 
 
 
 
 
 
 
 
 
 
 
 
  Covariance matrix; NOT corrected for  scaling
   0.123301E+15  -0.158798E+14  -0.440101E+13   0.182566E+14  -0.574120E+14   0.178133E+14
  -0.158798E+14   0.238917E+15  -0.486675E+14  -0.216463E+14  -0.382364E+13   0.113919E+14
  -0.440101E+13  -0.486675E+14   0.189062E+15  -0.422682E+13   0.148002E+13   0.491424E+13
   0.182566E+14  -0.216463E+14  -0.422682E+13   0.239206E+15   0.612142E+14  -0.641431E+14
  -0.574120E+14  -0.382364E+13   0.148002E+13   0.612142E+14   0.265113E+15  -0.649034E+14
   0.178133E+14   0.113919E+14   0.491424E+13  -0.641431E+14  -0.649034E+14   0.333132E+15
 trial position no.           11
 
 
 
 
 
 
 
 
 
 
 
 
  Covariance matrix; NOT corrected for  scaling
   0.131065E+15  -0.167189E+14  -0.457964E+13   0.196651E+14  -0.611530E+14   0.226924E+14
  -0.167189E+14   0.212290E+15  -0.435910E+14  -0.208985E+14  -0.191273E+13   0.142973E+14
  -0.457964E+13  -0.435910E+14   0.166712E+15  -0.408563E+13   0.148441E+13   0.510335E+13
   0.196651E+14  -0.208985E+14  -0.408563E+13   0.226148E+15   0.366020E+14  -0.926864E+14
  -0.611530E+14  -0.191273E+13   0.148441E+13   0.366020E+14   0.252578E+15  -0.100615E+15
   0.226924E+14   0.142973E+14   0.510335E+13  -0.926864E+14  -0.100615E+15   0.400205E+15
 trial position no.           12
 
 
 
 
 
 
 
 
 
 
 
 
  Covariance matrix; NOT corrected for  scaling
   0.138766E+15  -0.174070E+14  -0.475682E+13   0.209443E+14  -0.642920E+14   0.276211E+14
  -0.174070E+14   0.192011E+15  -0.396953E+14  -0.199945E+14  -0.105143E+12   0.162902E+14
  -0.475682E+13  -0.396953E+14   0.150242E+15  -0.383018E+13   0.155139E+13   0.515516E+13
   0.209443E+14  -0.199945E+14  -0.383018E+13   0.218814E+15   0.171162E+14  -0.114050E+15
  -0.642921E+14  -0.105144E+12   0.155139E+13   0.171162E+14   0.245020E+15  -0.128947E+15
   0.276211E+14   0.162902E+14   0.515516E+13  -0.114050E+15  -0.128947E+15   0.476902E+15
 trial position no.           13
 
 
 
 
 
 
 
 
 
 
 
 
  Covariance matrix; NOT corrected for  scaling
   0.146501E+15  -0.179496E+14  -0.495891E+13   0.220985E+14  -0.669191E+14   0.324089E+14
  -0.179496E+14   0.176255E+15  -0.365797E+14  -0.192090E+14   0.135081E+13   0.176477E+14
  -0.495891E+13  -0.365797E+14   0.137703E+15  -0.353644E+13   0.169735E+13   0.504216E+13
   0.220985E+14  -0.192090E+14  -0.353644E+13   0.215513E+15   0.105755E+13  -0.130771E+15
  -0.669191E+14   0.135081E+13   0.169735E+13   0.105755E+13   0.241065E+15  -0.152309E+15
   0.324090E+14   0.176477E+14   0.504215E+13  -0.130771E+15  -0.152309E+15   0.558229E+15
 trial position no.           14
 
 
 
 
 
 
 
 
 
 
 
 
  Covariance matrix; NOT corrected for  scaling
   0.154578E+15  -0.185755E+14  -0.515191E+13   0.229170E+14  -0.695305E+14   0.373416E+14
  -0.185755E+14   0.164018E+15  -0.339948E+14  -0.191401E+14   0.221288E+13   0.191992E+14
  -0.515191E+13  -0.339948E+14   0.127928E+15  -0.347230E+13   0.165661E+13   0.512883E+13
   0.229170E+14  -0.191401E+14  -0.347230E+13   0.216041E+15  -0.117227E+14  -0.145688E+15
  -0.695305E+14   0.221288E+13   0.165661E+13  -0.117227E+14   0.240994E+15  -0.173670E+15
   0.373416E+14   0.191992E+14   0.512883E+13  -0.145688E+15  -0.173670E+15   0.642672E+15
 trial position no.           15
 
 
 
 
 
 
 
 
 
 
 
 
  Covariance matrix; NOT corrected for  scaling
   0.162075E+15  -0.209342E+14  -0.574946E+13   0.231351E+14  -0.715699E+14   0.421431E+14
  -0.209342E+14   0.182683E+15  -0.378866E+14  -0.204976E+14   0.356669E+13   0.225115E+14
  -0.574945E+13  -0.378866E+14   0.141953E+15  -0.361650E+13   0.173514E+13   0.601415E+13
   0.231351E+14  -0.204976E+14  -0.361650E+13   0.218048E+15  -0.229883E+14  -0.149140E+15
  -0.715699E+14   0.356670E+13   0.173514E+13  -0.229883E+14   0.241413E+15  -0.184277E+15
   0.421431E+14   0.225115E+14   0.601415E+13  -0.149140E+15  -0.184277E+15   0.776993E+15
 trial position no.           16
 
 
 
 
 
 
 
 
 
 
 
 
  Covariance matrix; NOT corrected for  scaling
   0.169859E+15  -0.216152E+14  -0.596269E+13   0.233898E+14  -0.730721E+14   0.470844E+14
  -0.216152E+14   0.174784E+15  -0.362550E+14  -0.202616E+14   0.454871E+13   0.239055E+14
  -0.596269E+13  -0.362550E+14   0.135612E+15  -0.345867E+13   0.166683E+13   0.621121E+13
   0.233898E+14  -0.202616E+14  -0.345867E+13   0.220078E+15  -0.351010E+14  -0.160099E+15
  -0.730721E+14   0.454871E+13   0.166683E+13  -0.351010E+14   0.241634E+15  -0.201727E+15
   0.470844E+14   0.239055E+14   0.621121E+13  -0.160099E+15  -0.201727E+15   0.880335E+15
 trial position no.            7
 
 
 
 
 
 
 
 
 
 
 
 
  Covariance matrix; NOT corrected for  scaling
   0.919521E+14  -0.487012E+14   0.136024E+14   0.222948E+14   0.360735E+14  -0.126158E+14
  -0.487012E+14   0.223949E+15   0.509034E+14  -0.145152E+14  -0.165473E+14   0.529080E+12
   0.136024E+14   0.509034E+14   0.299459E+15  -0.116655E+14  -0.117679E+14   0.272619E+14
   0.222948E+14  -0.145152E+14  -0.116655E+14   0.185769E+15   0.111783E+15   0.971306E+14
   0.360735E+14  -0.165473E+14  -0.117679E+14   0.111783E+15   0.228955E+15   0.848199E+14
  -0.126158E+14   0.529078E+12   0.272619E+14   0.971306E+14   0.848199E+14   0.258873E+15
 trial position no.            8
 
 
 
 
 
 
 
 
 
 
 
 
  Covariance matrix; NOT corrected for  scaling
   0.990371E+14  -0.477687E+14   0.128584E+14   0.190124E+14   0.339073E+14  -0.229453E+14
  -0.477687E+14   0.180745E+15   0.416339E+14  -0.112820E+14  -0.131481E+14   0.578176E+13
   0.128584E+14   0.416339E+14   0.240776E+15  -0.126358E+14  -0.117859E+14   0.285378E+14
   0.190124E+14  -0.112820E+14  -0.126358E+14   0.160604E+15   0.815649E+14   0.489571E+14
   0.339073E+14  -0.131481E+14  -0.117859E+14   0.815649E+14   0.202603E+15   0.309245E+14
  -0.229453E+14   0.578176E+13   0.285378E+14   0.489571E+14   0.309245E+14   0.238244E+15
 trial position no.            9
 
 
 
 
 
 
 
 
 
 
 
 
  Covariance matrix; NOT corrected for  scaling
   0.105877E+15  -0.469312E+14   0.127002E+14   0.174236E+14   0.334211E+14  -0.311254E+14
  -0.469312E+14   0.151350E+15   0.340785E+14  -0.951345E+13  -0.112952E+14   0.853424E+13
   0.127002E+14   0.340785E+14   0.200847E+15  -0.106570E+14  -0.936246E+13   0.311229E+14
   0.174236E+14  -0.951345E+13  -0.106570E+14   0.143885E+15   0.588980E+14   0.163321E+14
   0.334211E+14  -0.112952E+14  -0.936246E+13   0.588980E+14   0.185270E+15  -0.712240E+13
  -0.311254E+14   0.853424E+13   0.311229E+14   0.163321E+14  -0.712240E+13   0.245494E+15
 trial position no.           10
 
 
 
 
 
 
 
 
 
 
 
 
  Covariance matrix; NOT corrected for  scaling
   0.111821E+15  -0.487610E+14   0.126606E+14   0.169103E+14   0.343214E+14  -0.381104E+14
  -0.487610E+14   0.145953E+15   0.328262E+14  -0.989971E+13  -0.121454E+14   0.108223E+14
   0.126607E+14   0.328262E+14   0.192790E+15  -0.762027E+13  -0.609738E+13   0.364111E+14
   0.169103E+14  -0.989971E+13  -0.762027E+13   0.134520E+15   0.427908E+14   0.195047E+13
   0.343214E+14  -0.121454E+14  -0.609738E+13   0.427908E+14   0.176041E+15  -0.266230E+14
  -0.381104E+14   0.108223E+14   0.364111E+14   0.195047E+13  -0.266230E+14   0.287106E+15
 trial position no.           11
 
 
 
 
 
 
 
 
 
 
 
 
  Covariance matrix; NOT corrected for  scaling
   0.117926E+15  -0.493601E+14   0.119552E+14   0.148522E+14   0.337324E+14  -0.451412E+14
  -0.493601E+14   0.130204E+15   0.286392E+14  -0.945254E+13  -0.118033E+14   0.133781E+14
   0.119552E+14   0.286392E+14   0.170507E+15  -0.778088E+13  -0.602421E+13   0.388390E+14
   0.148522E+14  -0.945254E+13  -0.778088E+13   0.127680E+15   0.287580E+14  -0.145561E+14
   0.337324E+14  -0.118033E+14  -0.602421E+13   0.287580E+14   0.170173E+15  -0.486797E+14
  -0.451412E+14   0.133781E+14   0.388390E+14  -0.145560E+14  -0.486797E+14   0.322029E+15
 trial position no.           12
 
 
 
 
 
 
 
 
 
 
 
 
  Covariance matrix; NOT corrected for  scaling
   0.123805E+15  -0.492426E+14   0.116975E+14   0.133959E+14   0.336953E+14  -0.515947E+14
  -0.492426E+14   0.117540E+15   0.251175E+14  -0.855677E+13  -0.111309E+14   0.152145E+14
   0.116975E+14   0.251175E+14   0.153182E+15  -0.671669E+13  -0.501425E+13   0.403992E+14
   0.133959E+14  -0.855676E+13  -0.671669E+13   0.123823E+15   0.167219E+14  -0.268447E+14
   0.336953E+14  -0.111309E+14  -0.501425E+13   0.167219E+14   0.167264E+15  -0.665822E+14
  -0.515947E+14   0.152145E+14   0.403992E+14  -0.268447E+14  -0.665821E+14   0.362786E+15
 trial position no.           13
 
 
 
 
 
 
 
 
 
 
 
 
  Covariance matrix; NOT corrected for  scaling
   0.129093E+15  -0.485141E+14   0.113643E+14   0.131812E+14   0.348550E+14  -0.576656E+14
  -0.485141E+14   0.107374E+15   0.227116E+14  -0.857252E+13  -0.109990E+14   0.165764E+14
   0.113643E+14   0.227116E+14   0.139644E+15  -0.468256E+13  -0.219685E+13   0.406339E+14
   0.131812E+14  -0.857252E+13  -0.468256E+13   0.120436E+15   0.418039E+13  -0.352200E+14
   0.348550E+14  -0.109990E+14  -0.219685E+13   0.418039E+13   0.164299E+15  -0.800488E+14
  -0.576656E+14   0.165764E+14   0.406339E+14  -0.352200E+14  -0.800488E+14   0.405373E+15
 trial position no.           14
 
 
 
 
 
 
 
 
 
 
 
 
  Covariance matrix; NOT corrected for  scaling
   0.135128E+15  -0.487844E+14   0.108892E+14   0.126554E+14   0.353289E+14  -0.628159E+14
  -0.487844E+14   0.100121E+15   0.210568E+14  -0.883078E+13  -0.108785E+14   0.178680E+14
   0.108892E+14   0.210568E+14   0.129494E+15  -0.450518E+13  -0.135341E+13   0.419166E+14
   0.126554E+14  -0.883078E+13  -0.450518E+13   0.120887E+15  -0.452653E+13  -0.433317E+14
   0.353289E+14  -0.108785E+14  -0.135341E+13  -0.452653E+13   0.165960E+15  -0.931124E+14
  -0.628159E+14   0.178680E+14   0.419166E+14  -0.433317E+14  -0.931124E+14   0.450013E+15
 trial position no.           15
 
 
 
 
 
 
 
 
 
 
 
 
  Covariance matrix; NOT corrected for  scaling
   0.140931E+15  -0.534125E+14   0.115052E+14   0.109513E+14   0.344586E+14  -0.685334E+14
  -0.534125E+14   0.111350E+15   0.232612E+14  -0.899385E+13  -0.110456E+14   0.203416E+14
   0.115052E+14   0.232612E+14   0.143507E+15  -0.417039E+13  -0.753724E+12   0.500211E+14
   0.109513E+14  -0.899385E+13  -0.417039E+13   0.124623E+15  -0.106347E+14  -0.406347E+14
   0.344586E+14  -0.110456E+14  -0.753725E+12  -0.106347E+14   0.170600E+15  -0.961489E+14
  -0.685334E+14   0.203416E+14   0.500211E+14  -0.406347E+14  -0.961489E+14   0.537112E+15
 trial position no.           16
 
 
 
 
 
 
 
 
 
 
 
 
  Covariance matrix; NOT corrected for  scaling
   0.146230E+15  -0.531440E+14   0.107868E+14   0.106344E+14   0.354137E+14  -0.744692E+14
  -0.531440E+14   0.105721E+15   0.223807E+14  -0.898626E+13  -0.109437E+14   0.220383E+14
   0.107868E+14   0.223807E+14   0.136409E+15  -0.297530E+13   0.766357E+12   0.515463E+14
   0.106344E+14  -0.898626E+13  -0.297530E+13   0.125228E+15  -0.208994E+14  -0.445604E+14
   0.354137E+14  -0.109437E+14   0.766360E+12  -0.208994E+14   0.171812E+15  -0.105358E+15
  -0.744692E+14   0.220383E+14   0.515463E+14  -0.445604E+14  -0.105358E+15   0.591944E+15
 trial position no.            7
 
 
 
 
 
 
 
 
 
 
 
 
  Covariance matrix; NOT corrected for  scaling
   0.885435E+14  -0.510108E+14   0.180107E+14   0.396256E+14   0.450274E+14  -0.535013E+13
  -0.510108E+14   0.360718E+15   0.861448E+14   0.389253E+13  -0.107465E+14  -0.192224E+14
   0.180107E+14   0.861448E+14   0.306060E+15  -0.112669E+14  -0.105617E+14   0.250390E+14
   0.396256E+14   0.389253E+13  -0.112669E+14   0.279086E+15   0.148745E+15   0.101444E+15
   0.450274E+14  -0.107465E+14  -0.105617E+14   0.148745E+15   0.309783E+15   0.122725E+15
  -0.535014E+13  -0.192224E+14   0.250390E+14   0.101444E+15   0.122725E+15   0.310054E+15
 trial position no.            8
 
 
 
 
 
 
 
 
 
 
 
 
  Covariance matrix; NOT corrected for  scaling
   0.946635E+14  -0.501897E+14   0.168328E+14   0.354861E+14   0.420078E+14  -0.198256E+14
  -0.501897E+14   0.293098E+15   0.688650E+14   0.574452E+13  -0.736393E+13  -0.159777E+14
   0.168328E+14   0.688650E+14   0.242727E+15  -0.117040E+14  -0.107525E+14   0.258620E+14
   0.354861E+14   0.574452E+13  -0.117040E+14   0.246532E+15   0.106629E+15   0.343478E+14
   0.420078E+14  -0.736393E+13  -0.107525E+14   0.106629E+15   0.273779E+15   0.467272E+14
  -0.198256E+14  -0.159777E+14   0.258620E+14   0.343478E+14   0.467272E+14   0.286159E+15
 trial position no.            9
 
 
 
 
 
 
 
 
 
 
 
 
  Covariance matrix; NOT corrected for  scaling
   0.101127E+15  -0.499230E+14   0.165341E+14   0.334470E+14   0.409101E+14  -0.318899E+14
  -0.499230E+14   0.247024E+15   0.564961E+14   0.512076E+13  -0.739921E+13  -0.151714E+14
   0.165341E+14   0.564961E+14   0.201144E+15  -0.953145E+13  -0.881402E+13   0.277866E+14
   0.334470E+14   0.512076E+13  -0.953145E+13   0.225491E+15   0.741676E+14  -0.113391E+14
   0.409101E+14  -0.739921E+13  -0.881402E+13   0.741676E+14   0.249656E+15  -0.700564E+13
  -0.318899E+14  -0.151714E+14   0.277866E+14  -0.113391E+14  -0.700564E+13   0.301882E+15
 trial position no.           10
 
 
 
 
 
 
 
 
 
 
 
 
  Covariance matrix; NOT corrected for  scaling
   0.107324E+15  -0.525728E+14   0.170140E+14   0.331188E+14   0.415361E+14  -0.422993E+14
  -0.525728E+14   0.239054E+15   0.544589E+14   0.188333E+13  -0.117435E+14  -0.156665E+14
   0.170140E+14   0.544590E+14   0.192071E+15  -0.569310E+13  -0.595169E+13   0.315216E+14
   0.331188E+14   0.188333E+13  -0.569310E+13   0.213291E+15   0.490525E+14  -0.324528E+14
   0.415361E+14  -0.117435E+14  -0.595169E+13   0.490525E+14   0.235606E+15  -0.355102E+14
  -0.422993E+14  -0.156665E+14   0.315216E+14  -0.324528E+14  -0.355102E+14   0.360999E+15
 trial position no.           11
 
 
 
 
 
 
 
 
 
 
 
 
  Covariance matrix; NOT corrected for  scaling
   0.113732E+15  -0.536289E+14   0.167377E+14   0.311166E+14   0.405024E+14  -0.530546E+14
  -0.536289E+14   0.213454E+15   0.473130E+14   0.127019E+13  -0.122289E+14  -0.136731E+14
   0.167377E+14   0.473130E+14   0.169190E+15  -0.522810E+13  -0.591411E+13   0.330147E+14
   0.311166E+14   0.127019E+13  -0.522810E+13   0.206533E+15   0.278718E+14  -0.556362E+14
   0.405024E+14  -0.122289E+14  -0.591411E+13   0.278718E+14   0.226602E+15  -0.669941E+14
  -0.530546E+14  -0.136731E+14   0.330147E+14  -0.556362E+14  -0.669941E+14   0.415178E+15
 trial position no.           12
 
 
 
 
 
 
 
 
 
 
 
 
  Covariance matrix; NOT corrected for  scaling
   0.120319E+15  -0.541096E+14   0.167580E+14   0.300177E+14   0.402212E+14  -0.634869E+14
  -0.541096E+14   0.193112E+15   0.418972E+14   0.108957E+13  -0.129432E+14  -0.115555E+14
   0.167580E+14   0.418972E+14   0.151911E+15  -0.369813E+13  -0.544656E+13   0.337350E+14
   0.300177E+14   0.108957E+13  -0.369813E+13   0.204458E+15   0.947193E+13  -0.729008E+14
   0.402212E+14  -0.129432E+14  -0.544656E+13   0.947193E+13   0.222137E+15  -0.924811E+14
  -0.634869E+14  -0.115555E+14   0.337350E+14  -0.729008E+14  -0.924811E+14   0.477809E+15
 trial position no.           13
 
 
 
 
 
 
 
 
 
 
 
 
  Covariance matrix; NOT corrected for  scaling
   0.127087E+15  -0.542644E+14   0.167513E+14   0.303936E+14   0.411255E+14  -0.740313E+14
  -0.542644E+14   0.176823E+15   0.383471E+14  -0.131975E+13  -0.147859E+14  -0.838315E+13
   0.167513E+14   0.383471E+14   0.138666E+15  -0.127513E+13  -0.322024E+13   0.330091E+14
   0.303936E+14  -0.131975E+13  -0.127513E+13   0.201856E+15  -0.103484E+14  -0.831370E+14
   0.411255E+14  -0.147859E+14  -0.322024E+13  -0.103484E+14   0.217566E+15  -0.110833E+15
  -0.740313E+14  -0.838315E+13   0.330091E+14  -0.831370E+14  -0.110833E+15   0.542077E+15
 trial position no.           14
 
 
 
 
 
 
 
 
 
 
 
 
  Covariance matrix; NOT corrected for  scaling
   0.134587E+15  -0.552281E+14   0.167292E+14   0.303357E+14   0.414762E+14  -0.833819E+14
  -0.552281E+14   0.164832E+15   0.355030E+14  -0.257435E+13  -0.151713E+14  -0.627008E+13
   0.167292E+14   0.355030E+14   0.128666E+15  -0.765138E+12  -0.264677E+13   0.335301E+14
   0.303357E+14  -0.257435E+13  -0.765137E+12   0.205590E+15  -0.245178E+14  -0.938569E+14
   0.414762E+14  -0.151713E+14  -0.264677E+13  -0.245178E+14   0.219158E+15  -0.129286E+15
  -0.833819E+14  -0.627008E+13   0.335301E+14  -0.938569E+14  -0.129286E+15   0.610265E+15
 trial position no.           15
 
 
 
 
 
 
 
 
 
 
 
 
  Covariance matrix; NOT corrected for  scaling
   0.141975E+15  -0.612257E+14   0.182791E+14   0.289126E+14   0.404858E+14  -0.932462E+14
  -0.612257E+14   0.183624E+15   0.390626E+14  -0.267835E+13  -0.165238E+14  -0.711107E+13
   0.182791E+14   0.390626E+14   0.142464E+15   0.184321E+12  -0.283980E+13   0.397401E+14
   0.289126E+14  -0.267835E+13   0.184321E+12   0.214402E+15  -0.357551E+14  -0.915046E+14
   0.404858E+14  -0.165238E+14  -0.283980E+13  -0.357551E+14   0.223672E+15  -0.136889E+15
  -0.932462E+14  -0.711107E+13   0.397401E+14  -0.915046E+14  -0.136889E+15   0.733620E+15
 trial position no.           16
 
 
 
 
 
 
 
 
 
 
 
 
  Covariance matrix; NOT corrected for  scaling
   0.149343E+15  -0.617534E+14   0.181193E+14   0.292452E+14   0.411367E+14  -0.104024E+15
  -0.617534E+14   0.174588E+15   0.375759E+14  -0.403010E+13  -0.175753E+14  -0.377725E+13
   0.181193E+14   0.375759E+14   0.135506E+15   0.193170E+13  -0.204362E+13   0.398706E+14
   0.292452E+14  -0.403009E+13   0.193170E+13   0.218085E+15  -0.522315E+14  -0.946517E+14
   0.411367E+14  -0.175753E+14  -0.204362E+13  -0.522315E+14   0.224768E+15  -0.149549E+15
  -0.104024E+15  -0.377726E+13   0.398706E+14  -0.946517E+14  -0.149549E+15   0.813527E+15
 trial position no.            7
 
 
 
 
 
 
 
 
 
 
 
 
  Covariance matrix; NOT corrected for  scaling
   0.870134E+14  -0.521533E+13  -0.844515E+12  -0.139726E+14   0.367114E+14  -0.856855E+13
  -0.521533E+13   0.396087E+15   0.542852E+14   0.581681E+14   0.264026E+14   0.595330E+13
  -0.844515E+12   0.542852E+14   0.539044E+15   0.722275E+13   0.728691E+13   0.625635E+13
  -0.139726E+14   0.581681E+14   0.722275E+13   0.471364E+15   0.184409E+15   0.194406E+15
   0.367114E+14   0.264026E+14   0.728691E+13   0.184409E+15   0.548970E+15   0.160041E+15
  -0.856855E+13   0.595331E+13   0.625635E+13   0.194406E+15   0.160041E+15   0.389850E+15
 trial position no.            8
 
 
 
 
 
 
 
 
 
 
 
 
  Covariance matrix; NOT corrected for  scaling
   0.925206E+14  -0.551047E+13  -0.105035E+13  -0.175368E+14   0.396570E+14  -0.116211E+14
  -0.551047E+13   0.314381E+15   0.445466E+14   0.502638E+14   0.169807E+14  -0.718796E+13
  -0.105035E+13   0.445466E+14   0.431022E+15   0.540215E+13   0.565868E+13   0.358439E+13
  -0.175368E+14   0.502638E+14   0.540215E+13   0.419068E+15   0.101623E+15   0.825854E+14
   0.396570E+14   0.169807E+14   0.565868E+13   0.101623E+15   0.498937E+15   0.384513E+14
  -0.116211E+14  -0.718796E+13   0.358439E+13   0.825854E+14   0.384513E+14   0.338462E+15
 trial position no.            9
 
 
 
 
 
 
 
 
 
 
 
 
  Covariance matrix; NOT corrected for  scaling
   0.982483E+14  -0.581361E+13  -0.121164E+13  -0.206990E+14   0.425855E+14  -0.142173E+14
  -0.581361E+13   0.261439E+15   0.376160E+14   0.449479E+14   0.100201E+14  -0.156011E+14
  -0.121164E+13   0.376160E+14   0.359466E+15   0.440669E+13   0.485091E+13   0.200157E+13
  -0.206990E+14   0.449479E+14   0.440669E+13   0.388871E+15   0.413524E+14   0.104567E+14
   0.425855E+14   0.100201E+14   0.485091E+13   0.413524E+14   0.470805E+15  -0.427411E+14
  -0.142173E+14  -0.156011E+14   0.200157E+13   0.104567E+14  -0.427411E+14   0.352513E+15
 trial position no.           10
 
 
 
 
 
 
 
 
 
 
 
 
  Covariance matrix; NOT corrected for  scaling
   0.104004E+15  -0.648220E+13  -0.154279E+13  -0.234077E+14   0.454550E+14  -0.163494E+14
  -0.648220E+13   0.251703E+15   0.368609E+14   0.438708E+14   0.490229E+13  -0.216706E+14
  -0.154279E+13   0.368609E+14   0.347192E+15   0.434069E+13   0.481205E+13   0.128840E+13
  -0.234077E+14   0.438708E+14   0.434069E+13   0.377811E+15   0.156990E+13  -0.260517E+14
   0.454550E+14   0.490229E+13   0.481205E+13   0.156990E+13   0.462350E+15  -0.867586E+14
  -0.163494E+14  -0.216706E+14   0.128840E+13  -0.260516E+14  -0.867586E+14   0.423562E+15
 trial position no.           11
 
 
 
 
 
 
 
 
 
 
 
 
  Covariance matrix; NOT corrected for  scaling
   0.109981E+15  -0.685057E+13  -0.166817E+13  -0.260442E+14   0.477871E+14  -0.184152E+14
  -0.685057E+13   0.222738E+15   0.327983E+14   0.415253E+14   0.616811E+12  -0.262658E+14
  -0.166817E+13   0.327983E+14   0.307357E+15   0.362456E+13   0.416519E+13   0.430036E+12
  -0.260442E+14   0.415253E+14   0.362456E+13   0.366011E+15  -0.381477E+14  -0.656401E+14
   0.477871E+14   0.616811E+12   0.416519E+13  -0.381477E+14   0.451829E+15  -0.133810E+15
  -0.184152E+14  -0.262658E+14   0.430036E+12  -0.656401E+14  -0.133810E+15   0.496035E+15
 trial position no.           12
 
 
 
 
 
 
 
 
 
 
 
 
  Covariance matrix; NOT corrected for  scaling
   0.116259E+15  -0.717264E+13  -0.175068E+13  -0.283517E+14   0.499472E+14  -0.202185E+14
  -0.717264E+13   0.201503E+15   0.296828E+14   0.398934E+14  -0.280671E+13  -0.295932E+14
  -0.175068E+13   0.296828E+14   0.277621E+15   0.318829E+13   0.371430E+13  -0.240366E+12
  -0.283517E+14   0.398934E+14   0.318829E+13   0.361322E+15  -0.699513E+14  -0.960935E+14
   0.499472E+14  -0.280671E+13   0.371430E+13  -0.699513E+14   0.448256E+15  -0.170684E+15
  -0.202185E+14  -0.295932E+14  -0.240366E+12  -0.960935E+14  -0.170684E+15   0.582523E+15
 trial position no.           13
 
 
 
 
 
 
 
 
 
 
 
 
  Covariance matrix; NOT corrected for  scaling
   0.122965E+15  -0.741918E+13  -0.184669E+13  -0.302684E+14   0.521027E+14  -0.219502E+14
  -0.741918E+13   0.185380E+15   0.272709E+14   0.385664E+14  -0.564828E+13  -0.319671E+14
  -0.184669E+13   0.272709E+14   0.254744E+15   0.297321E+13   0.367399E+13  -0.945520E+12
  -0.302684E+14   0.385664E+14   0.297321E+13   0.360976E+15  -0.968878E+14  -0.120025E+15
   0.521027E+14  -0.564828E+13   0.367399E+13  -0.968878E+14   0.449237E+15  -0.200502E+15
  -0.219502E+14  -0.319671E+14  -0.945521E+12  -0.120025E+15  -0.200502E+15   0.675841E+15
 trial position no.           14
 
 
 
 
 
 
 
 
 
 
 
 
  Covariance matrix; NOT corrected for  scaling
   0.130306E+15  -0.770117E+13  -0.194595E+13  -0.321848E+14   0.541000E+14  -0.234084E+14
  -0.770117E+13   0.172894E+15   0.253112E+14   0.378311E+14  -0.781081E+13  -0.339176E+14
  -0.194595E+13   0.253112E+14   0.236755E+15   0.265883E+13   0.358781E+13  -0.140420E+13
  -0.321848E+14   0.378311E+14   0.265883E+13   0.365835E+15  -0.119508E+15  -0.141186E+15
   0.541000E+14  -0.781080E+13   0.358781E+13  -0.119508E+15   0.454767E+15  -0.226556E+15
  -0.234084E+14  -0.339176E+14  -0.140419E+13  -0.141186E+15  -0.226556E+15   0.772832E+15
 trial position no.           15
 
 
 
 
 
 
 
 
 
 
 
 
  Covariance matrix; NOT corrected for  scaling
   0.137631E+15  -0.874368E+13  -0.231290E+13  -0.338597E+14   0.554895E+14  -0.247144E+14
  -0.874368E+13   0.192593E+15   0.282177E+14   0.404258E+14  -0.109081E+14  -0.392319E+14
  -0.231290E+13   0.282178E+14   0.263197E+15   0.262031E+13   0.362946E+13  -0.142644E+13
  -0.338597E+14   0.404258E+14   0.262030E+13   0.372860E+15  -0.137730E+15  -0.147570E+15
   0.554895E+14  -0.109081E+14   0.362946E+13  -0.137730E+15   0.461725E+15  -0.236749E+15
  -0.247144E+14  -0.392319E+14  -0.142644E+13  -0.147570E+15  -0.236749E+15   0.930903E+15
 trial position no.           16
 
 
 
 
 
 
 
 
 
 
 
 
  Covariance matrix; NOT corrected for  scaling
   0.145468E+15  -0.907497E+13  -0.253964E+13  -0.351987E+14   0.569546E+14  -0.259690E+14
  -0.907497E+13   0.184718E+15   0.270704E+14   0.400875E+14  -0.130388E+14  -0.409647E+14
  -0.253964E+13   0.270704E+14   0.251747E+15   0.246363E+13   0.349038E+13  -0.170779E+13
  -0.351987E+14   0.400875E+14   0.246363E+13   0.377783E+15  -0.157918E+15  -0.164193E+15
   0.569546E+14  -0.130388E+14   0.349038E+13  -0.157918E+15   0.466821E+15  -0.256775E+15
  -0.259690E+14  -0.409647E+14  -0.170779E+13  -0.164193E+15  -0.256775E+15   0.104936E+16
 trial position no.            7
 
 
 
 
 
 
 
 
 
 
 
 
  Covariance matrix; NOT corrected for  scaling
   0.122448E+15  -0.485494E+14   0.382415E+14   0.850310E+14   0.106931E+15  -0.312330E+14
  -0.485494E+14   0.349589E+15   0.202147E+15   0.159657E+13  -0.429582E+14  -0.174599E+14
   0.382415E+14   0.202147E+15   0.358703E+15   0.278878E+14   0.587440E+13   0.118719E+14
   0.850310E+14   0.159658E+13   0.278878E+14   0.219391E+15   0.148600E+15   0.531742E+14
   0.106931E+15  -0.429582E+14   0.587439E+13   0.148600E+15   0.267413E+15   0.503706E+14
  -0.312330E+14  -0.174599E+14   0.118719E+14   0.531743E+14   0.503706E+14   0.242221E+15
 trial position no.            8
 
 
 
 
 
 
 
 
 
 
 
 
  Covariance matrix; NOT corrected for  scaling
   0.131004E+15  -0.481662E+14   0.361285E+14   0.790153E+14   0.103450E+15  -0.610573E+14
  -0.481662E+14   0.287245E+15   0.165775E+15   0.423444E+13  -0.377920E+14  -0.990537E+13
   0.361285E+14   0.165775E+15   0.291785E+15   0.228116E+14   0.306481E+13   0.643229E+13
   0.790153E+14   0.423445E+13   0.228116E+14   0.193183E+15   0.116845E+15   0.116529E+13
   0.103450E+15  -0.377920E+14   0.306480E+13   0.116845E+15   0.239244E+15  -0.101973E+14
  -0.610573E+14  -0.990536E+13   0.643230E+13   0.116529E+13  -0.101973E+14   0.247426E+15
 trial position no.            9
 
 
 
 
 
 
 
 
 
 
 
 
  Covariance matrix; NOT corrected for  scaling
   0.141956E+15  -0.502441E+14   0.362210E+14   0.769109E+14   0.104321E+15  -0.874815E+14
  -0.502441E+14   0.245273E+15   0.139139E+15   0.326922E+13  -0.387130E+14  -0.488588E+13
   0.362210E+14   0.139139E+15   0.246426E+15   0.221415E+14   0.331742E+13   0.327516E+13
   0.769109E+14   0.326922E+13   0.221415E+14   0.176123E+15   0.931642E+14  -0.360094E+14
   0.104321E+15  -0.387130E+14   0.331742E+13   0.931641E+14   0.222268E+15  -0.551210E+14
  -0.874816E+14  -0.488584E+13   0.327516E+13  -0.360094E+14  -0.551211E+14   0.279594E+15
 trial position no.           10
 
 
 
 
 
 
 
 
 
 
 
 
  Covariance matrix; NOT corrected for  scaling
   0.153565E+15  -0.561436E+14   0.390382E+14   0.769389E+14   0.107458E+15  -0.111054E+15
  -0.561436E+14   0.241162E+15   0.135009E+15   0.277014E+12  -0.469441E+14  -0.880294E+12
   0.390382E+14   0.135009E+15   0.239775E+15   0.264539E+14   0.494430E+13   0.133350E+13
   0.769389E+14   0.277020E+12   0.264539E+14   0.164955E+15   0.737899E+14  -0.552011E+14
   0.107458E+15  -0.469441E+14   0.494431E+13   0.737900E+14   0.212674E+15  -0.814525E+14
  -0.111054E+15  -0.880279E+12   0.133352E+13  -0.552011E+14  -0.814525E+14   0.343709E+15
 trial position no.           11
 
 
 
 
 
 
 
 
 
 
 
 
  Covariance matrix; NOT corrected for  scaling
   0.163680E+15  -0.586037E+14   0.395364E+14   0.748756E+14   0.107953E+15  -0.134801E+15
  -0.586037E+14   0.217575E+15   0.119129E+15   0.108239E+13  -0.482385E+14   0.462955E+13
   0.395364E+14   0.119129E+15   0.213853E+15   0.264263E+14   0.390458E+13  -0.137821E+13
   0.748756E+14   0.108237E+13   0.264263E+14   0.158962E+15   0.575924E+14  -0.749464E+14
   0.107953E+15  -0.482385E+14   0.390457E+13   0.575924E+14   0.206479E+15  -0.108622E+15
  -0.134801E+15   0.462956E+13  -0.137816E+13  -0.749464E+14  -0.108622E+15   0.403846E+15
 trial position no.           12
 
 
 
 
 
 
 
 
 
 
 
 
  Covariance matrix; NOT corrected for  scaling
   0.174458E+15  -0.610660E+14   0.403233E+14   0.742527E+14   0.109932E+15  -0.157952E+15
  -0.610660E+14   0.199145E+15   0.106719E+15   0.189301E+13  -0.510369E+14   0.104847E+14
   0.403233E+14   0.106719E+15   0.193748E+15   0.278291E+14   0.277212E+13  -0.418561E+13
   0.742527E+14   0.189301E+13   0.278291E+14   0.156876E+15   0.436395E+14  -0.904903E+14
   0.109932E+15  -0.510369E+14   0.277214E+13   0.436395E+14   0.204927E+15  -0.131582E+15
  -0.157952E+15   0.104846E+14  -0.418565E+13  -0.904903E+14  -0.131582E+15   0.469230E+15
 trial position no.           13
 
 
 
 
 
 
 
 
 
 
 
 
  Covariance matrix; NOT corrected for  scaling
   0.186382E+15  -0.643881E+14   0.417215E+14   0.741906E+14   0.112544E+15  -0.179811E+15
  -0.643881E+14   0.185513E+15   0.975160E+14  -0.579840E+11  -0.546093E+14   0.173801E+14
   0.417215E+14   0.975160E+14   0.178901E+15   0.294033E+14   0.405834E+13  -0.772284E+13
   0.741906E+14  -0.579888E+11   0.294033E+14   0.152539E+15   0.271482E+14  -0.993966E+14
   0.112544E+15  -0.546093E+14   0.405834E+13   0.271482E+14   0.201608E+15  -0.147715E+15
  -0.179811E+15   0.173801E+14  -0.772283E+13  -0.993965E+14  -0.147715E+15   0.532974E+15
 trial position no.           14
 
 
 
 
 
 
 
 
 
 
 
 
  Covariance matrix; NOT corrected for  scaling
   0.197922E+15  -0.670093E+14   0.426638E+14   0.744553E+14   0.115119E+15  -0.199806E+15
  -0.670093E+14   0.174924E+15   0.902927E+14  -0.466345E+12  -0.559584E+14   0.220999E+14
   0.426638E+14   0.902927E+14   0.167319E+15   0.296007E+14   0.429046E+13  -0.979693E+13
   0.744553E+14  -0.466349E+12   0.296007E+14   0.154136E+15   0.159671E+14  -0.109181E+15
   0.115119E+15  -0.559584E+14   0.429045E+13   0.159671E+14   0.203746E+15  -0.163978E+15
  -0.199806E+15   0.220999E+14  -0.979692E+13  -0.109181E+15  -0.163978E+15   0.597918E+15
 trial position no.           15
 
 
 
 
 
 
 
 
 
 
 
 
  Covariance matrix; NOT corrected for  scaling
   0.207157E+15  -0.746381E+14   0.466970E+14   0.725901E+14   0.114910E+15  -0.218817E+15
  -0.746380E+14   0.196505E+15   0.100028E+15   0.117886E+13  -0.625916E+14   0.256241E+14
   0.466971E+14   0.100028E+15   0.186418E+15   0.332794E+14   0.289059E+13  -0.101412E+14
   0.725901E+14   0.117885E+13   0.332794E+14   0.159769E+15   0.608308E+13  -0.107805E+15
   0.114910E+15  -0.625916E+14   0.289057E+13   0.608307E+13   0.208169E+15  -0.169126E+15
  -0.218817E+15   0.256241E+14  -0.101412E+14  -0.107805E+15  -0.169126E+15   0.705710E+15
 trial position no.           16
 
 
 
 
 
 
 
 
 
 
 
 
  Covariance matrix; NOT corrected for  scaling
   0.216680E+15  -0.766076E+14   0.472151E+14   0.715360E+14   0.115316E+15  -0.236328E+15
  -0.766076E+14   0.189320E+15   0.957907E+14   0.159964E+13  -0.648651E+14   0.303099E+14
   0.472151E+14   0.957907E+14   0.178642E+15   0.347237E+14   0.201258E+13  -0.117794E+14
   0.715361E+14   0.159962E+13   0.347237E+14   0.160451E+15  -0.865483E+13  -0.109624E+15
   0.115316E+15  -0.648651E+14   0.201254E+13  -0.865487E+13   0.208430E+15  -0.177134E+15
  -0.236328E+15   0.303099E+14  -0.117794E+14  -0.109624E+15  -0.177134E+15   0.773594E+15
 trial position no.            7
 
 
 
 
 
 
 
 
 
 
 
 
  Covariance matrix; NOT corrected for  scaling
   0.105039E+15  -0.156611E+14   0.185549E+14   0.130295E+14   0.579106E+14  -0.167986E+14
  -0.156611E+14   0.287711E+15   0.956372E+14   0.199781E+14   0.164958E+13  -0.310897E+13
   0.185549E+14   0.956372E+14   0.450909E+15   0.305947E+13   0.469386E+12   0.105835E+14
   0.130295E+14   0.199781E+14   0.305947E+13   0.282411E+15   0.161391E+15   0.138423E+15
   0.579106E+14   0.164958E+13   0.469384E+12   0.161391E+15   0.346458E+15   0.105898E+15
  -0.167986E+14  -0.310897E+13   0.105835E+14   0.138423E+15   0.105898E+15   0.309816E+15
 trial position no.            8
 
 
 
 
 
 
 
 
 
 
 
 
  Covariance matrix; NOT corrected for  scaling
   0.112860E+15  -0.157542E+14   0.173603E+14   0.923377E+13   0.583045E+14  -0.277591E+14
  -0.157542E+14   0.228516E+15   0.781140E+14   0.182324E+14  -0.263504E+12  -0.594772E+13
   0.173603E+14   0.781140E+14   0.363812E+15   0.673712E+12  -0.152656E+13   0.930270E+13
   0.923377E+13   0.182324E+14   0.673710E+12   0.243527E+15   0.113540E+15   0.639722E+14
   0.583045E+14  -0.263505E+12  -0.152656E+13   0.113540E+15   0.307738E+15   0.247432E+14
  -0.277591E+14  -0.594772E+13   0.930269E+13   0.639722E+14   0.247432E+14   0.277145E+15
 trial position no.            9
 
 
 
 
 
 
 
 
 
 
 
 
  Covariance matrix; NOT corrected for  scaling
   0.120421E+15  -0.160760E+14   0.165136E+14   0.648048E+13   0.595290E+14  -0.370071E+14
  -0.160760E+14   0.190063E+15   0.657277E+14   0.163676E+14  -0.264560E+13  -0.815953E+13
   0.165136E+14   0.657277E+14   0.305083E+15   0.418316E+12  -0.162971E+13   0.959805E+13
   0.648048E+13   0.163676E+14   0.418316E+12   0.218256E+15   0.787105E+14   0.146833E+14
   0.595290E+14  -0.264560E+13  -0.162971E+13   0.787105E+14   0.283610E+15  -0.306366E+14
  -0.370071E+14  -0.815953E+13   0.959805E+13   0.146833E+14  -0.306366E+14   0.287374E+15
 trial position no.           10
 
 
 
 
 
 
 
 
 
 
 
 
  Covariance matrix; NOT corrected for  scaling
   0.127393E+15  -0.173595E+14   0.164649E+14   0.467138E+13   0.614212E+14  -0.447968E+14
  -0.173595E+14   0.182781E+15   0.643390E+14   0.152760E+14  -0.592222E+13  -0.100328E+14
   0.164649E+14   0.643390E+14   0.295564E+15   0.185906E+13  -0.786729E+12   0.112387E+14
   0.467138E+13   0.152760E+14   0.185907E+13   0.204953E+15   0.554032E+14  -0.939826E+13
   0.614212E+14  -0.592222E+13  -0.786729E+12   0.554032E+14   0.272323E+15  -0.599720E+14
  -0.447968E+14  -0.100328E+14   0.112387E+14  -0.939826E+13  -0.599720E+14   0.340101E+15
 trial position no.           11
 
 
 
 
 
 
 
 
 
 
 
 
  Covariance matrix; NOT corrected for  scaling
   0.134162E+15  -0.179812E+14   0.158334E+14   0.197908E+13   0.621470E+14  -0.525661E+14
  -0.179812E+14   0.161759E+15   0.571176E+14   0.147036E+14  -0.750706E+13  -0.108821E+14
   0.158334E+14   0.571176E+14   0.262399E+15   0.143446E+13  -0.150153E+13   0.119476E+14
   0.197908E+13   0.147036E+14   0.143446E+13   0.193723E+15   0.331073E+14  -0.361360E+14
   0.621469E+14  -0.750706E+13  -0.150153E+13   0.331073E+14   0.262434E+15  -0.921628E+14
  -0.525661E+14  -0.108821E+14   0.119476E+14  -0.361360E+14  -0.921628E+14   0.389869E+15
 trial position no.           12
 
 
 
 
 
 
 
 
 
 
 
 
  Covariance matrix; NOT corrected for  scaling
   0.140823E+15  -0.185314E+14   0.152612E+14  -0.202794E+12   0.631765E+14  -0.595924E+14
  -0.185314E+14   0.146224E+15   0.516472E+14   0.143452E+14  -0.907580E+13  -0.113086E+14
   0.152612E+14   0.516472E+14   0.237154E+15   0.158750E+13  -0.197056E+13   0.125607E+14
  -0.202793E+12   0.143452E+14   0.158750E+13   0.187361E+15   0.148686E+14  -0.565202E+14
   0.631765E+14  -0.907580E+13  -0.197056E+13   0.148686E+14   0.257829E+15  -0.117660E+15
  -0.595924E+14  -0.113086E+14   0.125607E+14  -0.565202E+14  -0.117660E+15   0.448697E+15
 trial position no.           13
 
 
 
 
 
 
 
 
 
 
 
 
  Covariance matrix; NOT corrected for  scaling
   0.147509E+15  -0.189081E+14   0.146848E+14  -0.155282E+13   0.649066E+14  -0.663129E+14
  -0.189081E+14   0.134367E+15   0.476265E+14   0.134481E+14  -0.108391E+14  -0.111648E+14
   0.146848E+14   0.476265E+14   0.217553E+15   0.240647E+13  -0.114825E+13   0.124281E+14
  -0.155282E+13   0.134481E+14   0.240647E+13   0.182821E+15  -0.223778E+13  -0.714528E+14
   0.649066E+14  -0.108391E+14  -0.114825E+13  -0.223778E+13   0.255385E+15  -0.137392E+15
  -0.663129E+14  -0.111648E+14   0.124281E+14  -0.714528E+14  -0.137392E+15   0.511062E+15
 trial position no.           14
 
 
 
 
 
 
 
 
 
 
 
 
  Covariance matrix; NOT corrected for  scaling
   0.154703E+15  -0.194553E+14   0.142493E+14  -0.312381E+13   0.663544E+14  -0.721218E+14
  -0.194553E+14   0.125257E+15   0.443778E+14   0.131169E+14  -0.119557E+14  -0.112082E+14
   0.142493E+14   0.443778E+14   0.202148E+15   0.240863E+13  -0.107302E+13   0.129202E+14
  -0.312381E+13   0.131169E+14   0.240863E+13   0.183022E+15  -0.154764E+14  -0.851328E+14
   0.663544E+14  -0.119557E+14  -0.107302E+13  -0.154764E+14   0.257800E+15  -0.155493E+15
  -0.721218E+14  -0.112082E+14   0.129202E+14  -0.851328E+14  -0.155493E+15   0.576136E+15
 trial position no.           15
 
 
 
 
 
 
 
 
 
 
 
 
  Covariance matrix; NOT corrected for  scaling
   0.161371E+15  -0.218577E+14   0.149912E+14  -0.526185E+13   0.667273E+14  -0.779182E+14
  -0.218577E+14   0.139492E+15   0.495663E+14   0.143090E+14  -0.142838E+14  -0.131243E+14
   0.149912E+14   0.495662E+14   0.224758E+15   0.271874E+13  -0.174498E+13   0.163669E+14
  -0.526185E+13   0.143090E+14   0.271874E+13   0.186625E+15  -0.257832E+14  -0.872678E+14
   0.667273E+14  -0.142838E+14  -0.174497E+13  -0.257832E+14   0.263382E+15  -0.161388E+15
  -0.779182E+14  -0.131243E+14   0.163669E+14  -0.872678E+14  -0.161388E+15   0.688852E+15
 trial position no.           16
 
 
 
 
 
 
 
 
 
 
 
 
  Covariance matrix; NOT corrected for  scaling
   0.168194E+15  -0.224042E+14   0.143250E+14  -0.645434E+13   0.680229E+14  -0.835811E+14
  -0.224042E+14   0.133614E+15   0.478091E+14   0.141486E+14  -0.158079E+14  -0.128456E+14
   0.143250E+14   0.478091E+14   0.214699E+15   0.333564E+13  -0.167747E+13   0.169909E+14
  -0.645434E+13   0.141486E+14   0.333564E+13   0.187431E+15  -0.397223E+14  -0.963609E+14
   0.680229E+14  -0.158079E+14  -0.167746E+13  -0.397223E+14   0.266249E+15  -0.174131E+15
  -0.835811E+14  -0.128456E+14   0.169909E+14  -0.963609E+14  -0.174131E+15   0.766288E+15
 trial position no.            7
 
 
 
 
 
 
 
 
 
 
 
 
  Covariance matrix; NOT corrected for  scaling
   0.133722E+15  -0.664987E+14   0.463308E+14   0.539598E+13   0.188008E+14   0.355631E+14
  -0.664987E+14   0.299227E+15  -0.689339E+14   0.744868E+13   0.865553E+13  -0.264904E+14
   0.463308E+14  -0.689339E+14   0.321101E+15  -0.183627E+14  -0.149051E+14   0.325957E+14
   0.539598E+13   0.744868E+13  -0.183627E+14   0.246094E+15   0.161916E+15   0.106905E+15
   0.188008E+14   0.865553E+13  -0.149051E+14   0.161916E+15   0.275519E+15   0.111695E+15
   0.355631E+14  -0.264904E+14   0.325957E+14   0.106905E+15   0.111695E+15   0.280823E+15
 trial position no.            8
 
 
 
 
 
 
 
 
 
 
 
 
  Covariance matrix; NOT corrected for  scaling
   0.146872E+15  -0.676877E+14   0.457554E+14  -0.750149E+12   0.145486E+14   0.257481E+14
  -0.676877E+14   0.244004E+15  -0.607609E+14   0.977567E+13   0.100289E+14  -0.244832E+14
   0.457554E+14  -0.607608E+14   0.257761E+15  -0.194158E+14  -0.152403E+14   0.331003E+14
  -0.750150E+12   0.977567E+13  -0.194158E+14   0.210466E+15   0.120179E+15   0.380489E+14
   0.145486E+14   0.100289E+14  -0.152403E+14   0.120179E+15   0.237709E+15   0.371113E+14
   0.257481E+14  -0.244831E+14   0.331003E+14   0.380489E+14   0.371113E+14   0.250938E+15
 trial position no.            9
 
 
 
 
 
 
 
 
 
 
 
 
  Covariance matrix; NOT corrected for  scaling
   0.159215E+15  -0.682873E+14   0.449115E+14  -0.488415E+13   0.121265E+14   0.176362E+14
  -0.682873E+14   0.206436E+15  -0.541679E+14   0.101767E+14   0.982517E+13  -0.236570E+14
   0.449115E+14  -0.541679E+14   0.215433E+15  -0.178753E+14  -0.134828E+14   0.345821E+14
  -0.488414E+13   0.101767E+14  -0.178753E+14   0.186977E+15   0.898275E+14  -0.729551E+13
   0.121265E+14   0.982516E+13  -0.134828E+14   0.898275E+14   0.212332E+15  -0.135603E+14
   0.176362E+14  -0.236570E+14   0.345821E+14  -0.729551E+13  -0.135603E+14   0.262494E+15
 trial position no.           10
 
 
 
 
 
 
 
 
 
 
 
 
  Covariance matrix; NOT corrected for  scaling
   0.169537E+15  -0.717197E+14   0.453635E+14  -0.681300E+13   0.120070E+14   0.960130E+13
  -0.717197E+14   0.200189E+15  -0.537677E+14   0.875937E+13   0.774360E+13  -0.237196E+14
   0.453635E+14  -0.537677E+14   0.206669E+15  -0.152315E+14  -0.105012E+14   0.377081E+14
  -0.681300E+13   0.875937E+13  -0.152315E+14   0.173293E+15   0.688985E+14  -0.286839E+14
   0.120070E+14   0.774360E+13  -0.105012E+14   0.688986E+14   0.197647E+15  -0.397811E+14
   0.960130E+13  -0.237196E+14   0.377081E+14  -0.286839E+14  -0.397811E+14   0.313925E+15
 trial position no.           11
 
 
 
 
 
 
 
 
 
 
 
 
  Covariance matrix; NOT corrected for  scaling
   0.180673E+15  -0.732450E+14   0.446070E+14  -0.114953E+14   0.919578E+13   0.180344E+13
  -0.732450E+14   0.179458E+15  -0.495741E+14   0.896405E+13   0.754047E+13  -0.221243E+14
   0.446070E+14  -0.495741E+14   0.183024E+15  -0.153051E+14  -0.103896E+14   0.388361E+14
  -0.114953E+14   0.896405E+13  -0.153051E+14   0.163170E+15   0.507774E+14  -0.523780E+14
   0.919578E+13   0.754047E+13  -0.103896E+14   0.507774E+14   0.186553E+15  -0.688533E+14
   0.180344E+13  -0.221243E+14   0.388361E+14  -0.523780E+14  -0.688533E+14   0.363737E+15
 trial position no.           12
 
 
 
 
 
 
 
 
 
 
 
 
  Covariance matrix; NOT corrected for  scaling
   0.190948E+15  -0.736301E+14   0.433850E+14  -0.151068E+14   0.727734E+13  -0.579828E+13
  -0.736301E+14   0.162856E+15  -0.455793E+14   0.915823E+13   0.740142E+13  -0.203682E+14
   0.433850E+14  -0.455793E+14   0.164730E+15  -0.145007E+14  -0.964384E+13   0.392761E+14
  -0.151068E+14   0.915823E+13  -0.145007E+14   0.157131E+15   0.358608E+14  -0.698285E+14
   0.727734E+13   0.740142E+13  -0.964384E+13   0.358608E+14   0.179559E+15  -0.915831E+14
  -0.579827E+13  -0.203682E+14   0.392761E+14  -0.698285E+14  -0.915831E+14   0.422266E+15
 trial position no.           13
 
 
 
 
 
 
 
 
 
 
 
 
  Covariance matrix; NOT corrected for  scaling
   0.198920E+15  -0.721103E+14   0.408091E+14  -0.159904E+14   0.789255E+13  -0.148654E+14
  -0.721103E+14   0.148632E+15  -0.411039E+14   0.757642E+13   0.576201E+13  -0.173998E+14
   0.408091E+14  -0.411039E+14   0.149722E+15  -0.120972E+14  -0.713247E+13   0.379417E+14
  -0.159904E+14   0.757642E+13  -0.120972E+14   0.151896E+15   0.211150E+14  -0.810845E+14
   0.789255E+13   0.576201E+13  -0.713247E+13   0.211150E+14   0.173752E+15  -0.108035E+15
  -0.148654E+14  -0.173998E+14   0.379417E+14  -0.810845E+14  -0.108035E+15   0.483305E+15
 trial position no.           14
 
 
 
 
 
 
 
 
 
 
 
 
  Covariance matrix; NOT corrected for  scaling
   0.208736E+15  -0.721806E+14   0.393104E+14  -0.184867E+14   0.664424E+13  -0.213552E+14
  -0.721806E+14   0.138240E+15  -0.378544E+14   0.708366E+13   0.538950E+13  -0.156640E+14
   0.393104E+14  -0.378544E+14   0.138411E+15  -0.116174E+14  -0.654997E+13   0.382996E+14
  -0.184867E+14   0.708366E+13  -0.116174E+14   0.151784E+15   0.109352E+14  -0.924170E+14
   0.664424E+13   0.538950E+13  -0.654997E+13   0.109352E+14   0.173265E+15  -0.124373E+15
  -0.213552E+14  -0.156640E+14   0.382996E+14  -0.924170E+14  -0.124373E+15   0.548696E+15
 trial position no.           15
 
 
 
 
 
 
 
 
 
 
 
 
  Covariance matrix; NOT corrected for  scaling
   0.219069E+15  -0.795617E+14   0.419425E+14  -0.231139E+14   0.320069E+13  -0.291613E+14
  -0.795617E+14   0.154137E+15  -0.422254E+14   0.845856E+13   0.659264E+13  -0.165360E+14
   0.419425E+14  -0.422254E+14   0.153192E+15  -0.124956E+14  -0.707946E+13   0.446209E+14
  -0.231140E+14   0.845856E+13  -0.124956E+14   0.155156E+15   0.329255E+13  -0.927484E+14
   0.320069E+13   0.659264E+13  -0.707946E+13   0.329255E+13   0.175330E+15  -0.130742E+15
  -0.291613E+14  -0.165360E+14   0.446209E+14  -0.927484E+14  -0.130742E+15   0.663448E+15
 trial position no.           16
 
 
 
 
 
 
 
 
 
 
 
 
  Covariance matrix; NOT corrected for  scaling
   0.226369E+15  -0.782854E+14   0.392177E+14  -0.241314E+14   0.343875E+13  -0.388611E+14
  -0.782854E+14   0.145819E+15  -0.389397E+14   0.736373E+13   0.559983E+13  -0.133047E+14
   0.392177E+14  -0.389397E+14   0.144765E+15  -0.109511E+14  -0.567246E+13   0.443437E+14
  -0.241314E+14   0.736373E+13  -0.109511E+14   0.155220E+15  -0.830798E+13  -0.980710E+14
   0.343875E+13   0.559983E+13  -0.567246E+13  -0.830798E+13   0.174873E+15  -0.141791E+15
  -0.388611E+14  -0.133047E+14   0.443437E+14  -0.980710E+14  -0.141791E+15   0.742024E+15
 trial position no.            7
 
 
 
 
 
 
 
 
 
 
 
 
  Covariance matrix; NOT corrected for  scaling
   0.812469E+14  -0.285618E+14   0.128124E+14   0.137033E+14   0.352174E+14  -0.167116E+14
  -0.285618E+14   0.261101E+15   0.914968E+14   0.160017E+14   0.797015E+13   0.384137E+12
   0.128124E+14   0.914968E+14   0.437272E+15  -0.195784E+14  -0.247263E+14   0.268360E+14
   0.137033E+14   0.160017E+14  -0.195784E+14   0.247562E+15   0.125170E+15   0.121761E+15
   0.352174E+14   0.797015E+13  -0.247263E+14   0.125170E+15   0.317213E+15   0.847563E+14
  -0.167116E+14   0.384139E+12   0.268360E+14   0.121761E+15   0.847563E+14   0.307218E+15
 trial position no.            8
 
 
 
 
 
 
 
 
 
 
 
 
  Covariance matrix; NOT corrected for  scaling
   0.861232E+14  -0.279558E+14   0.125988E+14   0.114316E+14   0.341102E+14  -0.233939E+14
  -0.279558E+14   0.208925E+15   0.755754E+14   0.135666E+14   0.572570E+13  -0.289678E+13
   0.125988E+14   0.755754E+14   0.355207E+15  -0.194116E+14  -0.222734E+14   0.313620E+14
   0.114316E+14   0.135666E+14  -0.194116E+14   0.216244E+15   0.853200E+14   0.600184E+14
   0.341102E+14   0.572571E+13  -0.222734E+14   0.853200E+14   0.285452E+15   0.164718E+14
  -0.233939E+14  -0.289678E+13   0.313620E+14   0.600184E+14   0.164718E+14   0.283967E+15
 trial position no.            9
 
 
 
 
 
 
 
 
 
 
 
 
  Covariance matrix; NOT corrected for  scaling
   0.911606E+14  -0.275613E+14   0.126994E+14   0.103088E+14   0.343547E+14  -0.287307E+14
  -0.275613E+14   0.174132E+15   0.634591E+14   0.116423E+14   0.359695E+13  -0.544856E+13
   0.126994E+14   0.634591E+14   0.298299E+15  -0.165863E+14  -0.180934E+14   0.360962E+14
   0.103088E+14   0.116423E+14  -0.165863E+14   0.195811E+15   0.550850E+14   0.185468E+14
   0.343547E+14   0.359695E+13  -0.180934E+14   0.550850E+14   0.265632E+15  -0.312687E+14
  -0.287307E+14  -0.544856E+13   0.360962E+14   0.185468E+14  -0.312687E+14   0.296190E+15
 trial position no.           10
 
 
 
 
 
 
 
 
 
 
 
 
  Covariance matrix; NOT corrected for  scaling
   0.959963E+14  -0.288855E+14   0.131090E+14   0.999950E+13   0.358243E+14  -0.333844E+14
  -0.288855E+14   0.167376E+15   0.622672E+14   0.981687E+13   0.369266E+12  -0.707450E+13
   0.131090E+14   0.622672E+14   0.288390E+15  -0.128347E+14  -0.135924E+14   0.428562E+14
   0.999950E+13   0.981687E+13  -0.128347E+14   0.184745E+15   0.328971E+14  -0.196774E+12
   0.358243E+14   0.369266E+12  -0.135924E+14   0.328971E+14   0.256168E+15  -0.558206E+14
  -0.333844E+14  -0.707450E+13   0.428562E+14  -0.196774E+12  -0.558206E+14   0.348779E+15
 trial position no.           11
 
 
 
 
 
 
 
 
 
 
 
 
  Covariance matrix; NOT corrected for  scaling
   0.101077E+15  -0.295453E+14   0.129596E+14   0.850893E+13   0.363288E+14  -0.380740E+14
  -0.295453E+14   0.148234E+15   0.549996E+14   0.840915E+13  -0.165097E+13  -0.746496E+13
   0.129596E+14   0.549996E+14   0.256135E+15  -0.124686E+14  -0.123388E+14   0.465217E+14
   0.850893E+13   0.840915E+13  -0.124686E+14   0.176557E+15   0.130089E+14  -0.217937E+14
   0.363288E+14  -0.165098E+13  -0.123388E+14   0.130089E+14   0.250991E+15  -0.837696E+14
  -0.380740E+14  -0.746495E+13   0.465217E+14  -0.217937E+14  -0.837696E+14   0.394827E+15
 trial position no.           12
 
 
 
 
 
 
 
 
 
 
 
 
  Covariance matrix; NOT corrected for  scaling
   0.106410E+15  -0.299234E+14   0.130816E+14   0.752188E+13   0.374706E+14  -0.426626E+14
  -0.299234E+14   0.133659E+15   0.491608E+14   0.784182E+13  -0.315711E+13  -0.759266E+13
   0.130816E+14   0.491608E+14   0.230780E+15  -0.109729E+14  -0.104544E+14   0.489036E+14
   0.752188E+13   0.784181E+13  -0.109729E+14   0.172517E+15  -0.415038E+13  -0.380344E+14
   0.374706E+14  -0.315711E+13  -0.104544E+14  -0.415038E+13   0.250204E+15  -0.106455E+15
  -0.426626E+14  -0.759265E+13   0.489036E+14  -0.380344E+14  -0.106455E+15   0.448302E+15
 trial position no.           13
 
 
 
 
 
 
 
 
 
 
 
 
  Covariance matrix; NOT corrected for  scaling
   0.111932E+15  -0.300386E+14   0.132237E+14   0.728408E+13   0.395431E+14  -0.474135E+14
  -0.300386E+14   0.122364E+15   0.450195E+14   0.671864E+13  -0.479827E+13  -0.728345E+13
   0.132237E+14   0.450195E+14   0.210755E+15  -0.860928E+13  -0.631303E+13   0.490813E+14
   0.728408E+13   0.671865E+13  -0.860928E+13   0.169516E+15  -0.216988E+14  -0.488275E+14
   0.395431E+14  -0.479827E+13  -0.631303E+13  -0.216988E+14   0.249593E+15  -0.122943E+15
  -0.474135E+14  -0.728345E+13   0.490813E+14  -0.488275E+14  -0.122943E+15   0.503402E+15
 trial position no.           14
 
 
 
 
 
 
 
 
 
 
 
 
  Covariance matrix; NOT corrected for  scaling
   0.118101E+15  -0.307362E+14   0.133115E+14   0.671347E+13   0.411335E+14  -0.514728E+14
  -0.307362E+14   0.113975E+15   0.417578E+14   0.590884E+13  -0.588897E+13  -0.699036E+13
   0.133115E+14   0.417578E+14   0.195557E+15  -0.838178E+13  -0.455070E+13   0.504923E+14
   0.671347E+13   0.590884E+13  -0.838178E+13   0.171067E+15  -0.347311E+14  -0.594577E+14
   0.411335E+14  -0.588897E+13  -0.455070E+13  -0.347311E+14   0.254754E+15  -0.139379E+15
  -0.514728E+14  -0.699036E+13   0.504923E+14  -0.594577E+14  -0.139379E+15   0.561511E+15
 trial position no.           15
 
 
 
 
 
 
 
 
 
 
 
 
  Covariance matrix; NOT corrected for  scaling
   0.124287E+15  -0.343470E+14   0.146996E+14   0.557796E+13   0.421290E+14  -0.556193E+14
  -0.343470E+14   0.126843E+15   0.462601E+14   0.622776E+13  -0.741050E+13  -0.791306E+13
   0.146996E+14   0.462601E+14   0.217173E+15  -0.831038E+13  -0.357454E+13   0.599256E+14
   0.557796E+13   0.622777E+13  -0.831038E+13   0.176088E+15  -0.448292E+14  -0.585061E+14
   0.421290E+14  -0.741050E+13  -0.357454E+13  -0.448292E+14   0.263776E+15  -0.144347E+15
  -0.556193E+14  -0.791306E+13   0.599256E+14  -0.585061E+14  -0.144347E+15   0.669910E+15
 trial position no.           16
 
 
 
 
 
 
 
 
 
 
 
 
  Covariance matrix; NOT corrected for  scaling
   0.130697E+15  -0.349878E+14   0.146974E+14   0.521670E+13   0.444083E+14  -0.606707E+14
  -0.349878E+14   0.121020E+15   0.443618E+14   0.572814E+13  -0.883272E+13  -0.670261E+13
   0.146974E+14   0.443618E+14   0.206674E+15  -0.700671E+13  -0.101837E+13   0.609552E+14
   0.521670E+13   0.572814E+13  -0.700671E+13   0.178116E+15  -0.595470E+14  -0.641788E+14
   0.444083E+14  -0.883272E+13  -0.101837E+13  -0.595470E+14   0.268794E+15  -0.155369E+15
  -0.606707E+14  -0.670261E+13   0.609552E+14  -0.641788E+14  -0.155369E+15   0.738744E+15
 trial position no.            7
 
 
 
 
 
 
 
 
 
 
 
 
  Covariance matrix; NOT corrected for  scaling
   0.221741E+15   0.772533E+13  -0.203470E+14  -0.269064E+14  -0.468693E+13   0.268549E+14
   0.772533E+13   0.346753E+15  -0.720909E+14  -0.256219E+14  -0.223275E+14   0.100487E+13
  -0.203470E+14  -0.720909E+14   0.452518E+15   0.196303E+14   0.149262E+14  -0.160163E+13
  -0.269064E+14  -0.256219E+14   0.196303E+14   0.342579E+15   0.233076E+15   0.140742E+15
  -0.468693E+13  -0.223275E+14   0.149262E+14   0.233076E+15   0.361455E+15   0.133478E+15
   0.268549E+14   0.100487E+13  -0.160162E+13   0.140742E+15   0.133478E+15   0.324629E+15
 trial position no.            8
 
 
 
 
 
 
 
 
 
 
 
 
  Covariance matrix; NOT corrected for  scaling
   0.252787E+15   0.692519E+13  -0.232525E+14  -0.343303E+14  -0.744091E+13   0.278443E+14
   0.692519E+13   0.275555E+15  -0.608977E+14  -0.208250E+14  -0.180713E+14   0.782315E+13
  -0.232525E+14  -0.608977E+14   0.363749E+15   0.165492E+14   0.120335E+14  -0.669814E+13
  -0.343303E+14  -0.208250E+14   0.165492E+14   0.289451E+15   0.172949E+15   0.434183E+14
  -0.744091E+13  -0.180713E+14   0.120335E+14   0.172949E+15   0.307239E+15   0.343543E+14
   0.278443E+14   0.782315E+13  -0.669814E+13   0.434183E+14   0.343543E+14   0.288400E+15
 trial position no.            9
 
 
 
 
 
 
 
 
 
 
 
 
  Covariance matrix; NOT corrected for  scaling
   0.282338E+15   0.628868E+13  -0.261881E+14  -0.409064E+14  -0.962588E+13   0.299588E+14
   0.628868E+13   0.229041E+15  -0.527604E+14  -0.175757E+14  -0.151120E+14   0.122098E+14
  -0.261881E+14  -0.527604E+14   0.304794E+15   0.148733E+14   0.102953E+14  -0.997755E+13
  -0.409064E+14  -0.175757E+14   0.148733E+14   0.255733E+15   0.131673E+15  -0.199784E+14
  -0.962588E+13  -0.151120E+14   0.102953E+14   0.131673E+15   0.272581E+15  -0.306385E+14
   0.299588E+14   0.122098E+14  -0.997755E+13  -0.199784E+14  -0.306385E+14   0.306988E+15
 trial position no.           10
 
 
 
 
 
 
 
 
 
 
 
 
  Covariance matrix; NOT corrected for  scaling
   0.309554E+15   0.589928E+13  -0.308183E+14  -0.475399E+14  -0.121510E+14   0.320126E+14
   0.589928E+13   0.220568E+15  -0.528736E+14  -0.161925E+14  -0.138695E+14   0.158343E+14
  -0.308183E+14  -0.528736E+14   0.295980E+15   0.147494E+14   0.978511E+13  -0.127428E+14
  -0.475399E+14  -0.161925E+14   0.147494E+14   0.239253E+15   0.107400E+15  -0.532927E+14
  -0.121510E+14  -0.138695E+14   0.978511E+13   0.107400E+15   0.255463E+15  -0.652519E+14
   0.320126E+14   0.158343E+14  -0.127428E+14  -0.532927E+14  -0.652519E+14   0.372990E+15
 trial position no.           11
 
 
 
 
 
 
 
 
 
 
 
 
  Covariance matrix; NOT corrected for  scaling
   0.333287E+15   0.485053E+13  -0.333932E+14  -0.536874E+14  -0.146942E+14   0.356011E+14
   0.485053E+13   0.195029E+15  -0.479947E+14  -0.143823E+14  -0.122766E+14   0.185245E+14
  -0.333932E+14  -0.479948E+14   0.263206E+15   0.135683E+14   0.848521E+13  -0.145395E+14
  -0.536874E+14  -0.143823E+14   0.135683E+14   0.222808E+15   0.825891E+14  -0.889052E+14
  -0.146942E+14  -0.122766E+14   0.848521E+13   0.825891E+14   0.238484E+15  -0.102273E+15
   0.356011E+14   0.185245E+14  -0.145395E+14  -0.889052E+14  -0.102273E+15   0.440656E+15
 trial position no.           12
 
 
 
 
 
 
 
 
 
 
 
 
  Covariance matrix; NOT corrected for  scaling
   0.353738E+15   0.390505E+13  -0.354551E+14  -0.588920E+14  -0.169396E+14   0.397424E+14
   0.390505E+13   0.176124E+15  -0.441685E+14  -0.128325E+14  -0.109014E+14   0.204653E+14
  -0.354551E+14  -0.441685E+14   0.238728E+15   0.128017E+14   0.759245E+13  -0.158645E+14
  -0.588920E+14  -0.128325E+14   0.128017E+14   0.212623E+15   0.633853E+14  -0.116301E+15
  -0.169396E+14  -0.109014E+14   0.759245E+13   0.633853E+14   0.227910E+15  -0.130950E+15
   0.397424E+14   0.204653E+14  -0.158645E+14  -0.116301E+15  -0.130950E+15   0.519447E+15
 trial position no.           13
 
 
 
 
 
 
 
 
 
 
 
 
  Covariance matrix; NOT corrected for  scaling
   0.371105E+15   0.314791E+13  -0.371380E+14  -0.629912E+14  -0.187547E+14   0.440654E+14
   0.314790E+13   0.161737E+15  -0.410977E+14  -0.116630E+14  -0.988407E+13   0.219307E+14
  -0.371380E+14  -0.410977E+14   0.219908E+15   0.123596E+14   0.710067E+13  -0.170096E+14
  -0.629912E+14  -0.116630E+14   0.123596E+14   0.206967E+15   0.480700E+14  -0.138650E+15
  -0.187547E+14  -0.988407E+13   0.710067E+13   0.480700E+14   0.222295E+15  -0.154619E+15
   0.440654E+14   0.219307E+14  -0.170096E+14  -0.138650E+15  -0.154619E+15   0.604280E+15
 trial position no.           14
 
 
 
 
 
 
 
 
 
 
 
 
  Covariance matrix; NOT corrected for  scaling
   0.386429E+15   0.238230E+13  -0.385288E+14  -0.664933E+14  -0.205626E+14   0.486406E+14
   0.238230E+13   0.150592E+15  -0.385538E+14  -0.110050E+14  -0.933774E+13   0.233281E+14
  -0.385288E+14  -0.385538E+14   0.205067E+15   0.118875E+14   0.666059E+13  -0.177146E+14
  -0.664933E+14  -0.110050E+14   0.118875E+14   0.205222E+15   0.358726E+14  -0.158243E+15
  -0.205626E+14  -0.933774E+13   0.666059E+13   0.358726E+14   0.220937E+15  -0.175596E+15
   0.486406E+14   0.233281E+14  -0.177146E+14  -0.158243E+15  -0.175596E+15   0.692068E+15
 trial position no.           15
 
 
 
 
 
 
 
 
 
 
 
 
  Covariance matrix; NOT corrected for  scaling
   0.397512E+15   0.171944E+13  -0.432374E+14  -0.699887E+14  -0.231619E+14   0.514408E+14
   0.171944E+13   0.167513E+15  -0.433426E+14  -0.110190E+14  -0.938588E+13   0.269005E+14
  -0.432374E+14  -0.433426E+14   0.228791E+15   0.123835E+14   0.678658E+13  -0.197737E+14
  -0.699887E+14  -0.110190E+14   0.123835E+14   0.205751E+15   0.256609E+14  -0.164573E+15
  -0.231619E+14  -0.938588E+13   0.678658E+13   0.256609E+14   0.221860E+15  -0.183430E+15
   0.514408E+14   0.269005E+14  -0.197737E+14  -0.164573E+15  -0.183430E+15   0.833750E+15
 trial position no.           16
 
 
 
 
 
 
 
 
 
 
 
 
  Covariance matrix; NOT corrected for  scaling
   0.407738E+15   0.912045E+12  -0.444616E+14  -0.724143E+14  -0.248891E+14   0.564091E+14
   0.912043E+12   0.160376E+15  -0.418099E+14  -0.102245E+14  -0.876233E+13   0.280154E+14
  -0.444616E+14  -0.418099E+14   0.219523E+15   0.119479E+14   0.642173E+13  -0.200824E+14
  -0.724143E+14  -0.102245E+14   0.119480E+14   0.205691E+15   0.139346E+14  -0.180182E+15
  -0.248891E+14  -0.876233E+13   0.642173E+13   0.139346E+14   0.222468E+15  -0.200470E+15
   0.564091E+14   0.280154E+14  -0.200824E+14  -0.180182E+15  -0.200470E+15   0.941648E+15
 trial position no.            7
 
 
 
 
 
 
 
 
 
 
 
 
  Covariance matrix; NOT corrected for  scaling
   0.151892E+15  -0.306502E+14   0.171891E+14   0.514869E+14   0.792076E+14  -0.375001E+14
  -0.306502E+14   0.479883E+15   0.181103E+15   0.141161E+14  -0.662954E+13  -0.481655E+13
   0.171891E+14   0.181103E+15   0.387331E+15   0.402293E+12  -0.372006E+13   0.256828E+13
   0.514868E+14   0.141161E+14   0.402294E+12   0.337367E+15   0.210582E+15   0.101545E+15
   0.792076E+14  -0.662954E+13  -0.372006E+13   0.210582E+15   0.358674E+15   0.109949E+15
  -0.375001E+14  -0.481655E+13   0.256828E+13   0.101545E+15   0.109949E+15   0.324979E+15
 trial position no.            8
 
 
 
 
 
 
 
 
 
 
 
 
  Covariance matrix; NOT corrected for  scaling
   0.164433E+15  -0.312139E+14   0.169998E+14   0.482498E+14   0.804469E+14  -0.562069E+14
  -0.312139E+14   0.390915E+15   0.150463E+15   0.134795E+14  -0.593466E+13  -0.566576E+13
   0.169998E+14   0.150463E+15   0.310608E+15  -0.351546E+11  -0.272269E+13   0.300374E+13
   0.482498E+14   0.134795E+14  -0.351545E+11   0.292228E+15   0.156965E+15   0.157267E+14
   0.804469E+14  -0.593466E+13  -0.272269E+13   0.156965E+15   0.312286E+15   0.174990E+14
  -0.562069E+14  -0.566577E+13   0.300374E+13   0.157267E+14   0.174990E+14   0.306721E+15
 trial position no.            9
 
 
 
 
 
 
 
 
 
 
 
 
  Covariance matrix; NOT corrected for  scaling
   0.176540E+15  -0.320512E+14   0.172240E+14   0.464236E+14   0.824956E+14  -0.728730E+14
  -0.320512E+14   0.330076E+15   0.128000E+15   0.115754E+14  -0.710075E+13  -0.685205E+13
   0.172240E+14   0.128000E+15   0.259557E+15   0.450955E+12  -0.125927E+13   0.345313E+13
   0.464236E+14   0.115754E+14   0.450955E+12   0.263104E+15   0.118451E+15  -0.417134E+14
   0.824956E+14  -0.710075E+13  -0.125927E+13   0.118451E+15   0.282145E+15  -0.457156E+14
  -0.728730E+14  -0.685205E+13   0.345313E+13  -0.417135E+14  -0.457156E+14   0.335785E+15
 trial position no.           10
 
 
 
 
 
 
 
 
 
 
 
 
  Covariance matrix; NOT corrected for  scaling
   0.187726E+15  -0.347695E+14   0.184374E+14   0.460181E+14   0.853022E+14  -0.872737E+14
  -0.347695E+14   0.321825E+15   0.126133E+15   0.922233E+13  -0.103051E+14  -0.807360E+13
   0.184374E+14   0.126133E+15   0.250894E+15   0.186140E+13   0.395540E+12   0.388932E+13
   0.460181E+14   0.922233E+13   0.186140E+13   0.247205E+15   0.926213E+14  -0.712860E+14
   0.853022E+14  -0.103051E+14   0.395540E+12   0.926213E+14   0.265742E+15  -0.803645E+14
  -0.872737E+14  -0.807360E+13   0.388932E+13  -0.712860E+14  -0.803645E+14   0.409291E+15
 trial position no.           11
 
 
 
 
 
 
 
 
 
 
 
 
  Covariance matrix; NOT corrected for  scaling
   0.198260E+15  -0.357703E+14   0.188846E+14   0.443350E+14   0.862039E+14  -0.101909E+15
  -0.357703E+14   0.287166E+15   0.112649E+15   0.854613E+13  -0.107177E+14  -0.847499E+13
   0.188846E+14   0.112649E+15   0.222340E+15   0.194478E+13   0.103149E+13   0.384369E+13
   0.443350E+14   0.854613E+13   0.194478E+13   0.234531E+15   0.683973E+14  -0.103016E+15
   0.862038E+14  -0.107177E+14   0.103148E+13   0.683973E+14   0.250859E+15  -0.116888E+15
  -0.101909E+15  -0.847499E+13   0.384369E+13  -0.103016E+15  -0.116888E+15   0.481909E+15
 trial position no.           12
 
 
 
 
 
 
 
 
 
 
 
 
  Covariance matrix; NOT corrected for  scaling
   0.208507E+15  -0.365763E+14   0.193747E+14   0.434415E+14   0.873443E+14  -0.115475E+15
  -0.365763E+14   0.260479E+15   0.102053E+15   0.788664E+13  -0.114077E+14  -0.852009E+13
   0.193747E+14   0.102053E+15   0.200855E+15   0.231172E+13   0.154086E+13   0.358817E+13
   0.434415E+14   0.788664E+13   0.231172E+13   0.227578E+15   0.489040E+14  -0.127531E+15
   0.873443E+14  -0.114077E+14   0.154086E+13   0.489040E+14   0.241723E+15  -0.145524E+15
  -0.115475E+15  -0.852010E+13   0.358817E+13  -0.127531E+15  -0.145524E+15   0.563560E+15
 trial position no.           13
 
 
 
 
 
 
 
 
 
 
 
 
  Covariance matrix; NOT corrected for  scaling
   0.218808E+15  -0.372433E+14   0.198814E+14   0.435982E+14   0.890066E+14  -0.128458E+15
  -0.372433E+14   0.239558E+15   0.939140E+14   0.589898E+13  -0.126092E+14  -0.749186E+13
   0.198814E+14   0.939140E+14   0.184441E+15   0.287350E+13   0.266725E+13   0.281878E+13
   0.435982E+14   0.589898E+13   0.287350E+13   0.222444E+15   0.307600E+14  -0.145397E+15
   0.890066E+14  -0.126092E+14   0.266725E+13   0.307600E+14   0.235152E+15  -0.167237E+15
  -0.128458E+15  -0.749186E+13   0.281878E+13  -0.145397E+15  -0.167237E+15   0.647574E+15
 trial position no.           14
 
 
 
 
 
 
 
 
 
 
 
 
  Covariance matrix; NOT corrected for  scaling
   0.229615E+15  -0.380049E+14   0.204612E+14   0.436956E+14   0.903733E+14  -0.140072E+15
  -0.380049E+14   0.223057E+15   0.872658E+14   0.496216E+13  -0.127377E+14  -0.736552E+13
   0.204612E+14   0.872658E+14   0.171572E+15   0.284879E+13   0.333579E+13   0.247336E+13
   0.436956E+14   0.496216E+13   0.284879E+13   0.223222E+15   0.171327E+14  -0.162608E+15
   0.903733E+14  -0.127377E+14   0.333579E+13   0.171326E+14   0.233695E+15  -0.187322E+15
  -0.140072E+15  -0.736552E+13   0.247336E+13  -0.162608E+15  -0.187322E+15   0.734636E+15
 trial position no.           15
 
 
 
 
 
 
 
 
 
 
 
 
  Covariance matrix; NOT corrected for  scaling
   0.239301E+15  -0.422280E+14   0.228208E+14   0.430991E+14   0.903273E+14  -0.151323E+15
  -0.422280E+14   0.248711E+15   0.972457E+14   0.505320E+13  -0.139223E+14  -0.975632E+13
   0.228208E+14   0.972457E+14   0.190811E+15   0.317921E+13   0.394091E+13   0.326246E+13
   0.430991E+14   0.505320E+13   0.317921E+13   0.227637E+15   0.578350E+13  -0.167226E+15
   0.903273E+14  -0.139223E+14   0.394091E+13   0.578350E+13   0.234079E+15  -0.195075E+15
  -0.151323E+15  -0.975632E+13   0.326246E+13  -0.167226E+15  -0.195075E+15   0.877827E+15
 trial position no.           16
 
 
 
 
 
 
 
 
 
 
 
 
  Covariance matrix; NOT corrected for  scaling
   0.249262E+15  -0.429441E+14   0.233997E+14   0.436574E+14   0.909787E+14  -0.162307E+15
  -0.429441E+14   0.237953E+15   0.932570E+14   0.385277E+13  -0.144238E+14  -0.930761E+13
   0.233997E+14   0.932570E+14   0.182546E+15   0.353500E+13   0.454100E+13   0.270570E+13
   0.436574E+14   0.385277E+13   0.353501E+13   0.229118E+15  -0.865847E+13  -0.178200E+15
   0.909788E+14  -0.144238E+14   0.454100E+13  -0.865847E+13   0.232984E+15  -0.208650E+15
  -0.162307E+15  -0.930761E+13   0.270570E+13  -0.178200E+15  -0.208650E+15   0.978255E+15
 trial position no.            7
 
 
 
 
 
 
 
 
 
 
 
 
  Covariance matrix; NOT corrected for  scaling
   0.128484E+15  -0.161047E+14   0.374377E+13   0.155672E+14   0.721756E+14  -0.534342E+14
  -0.161047E+14   0.264207E+15   0.160659E+15  -0.138504E+14  -0.260795E+14   0.272310E+13
   0.374377E+13   0.160659E+15   0.311870E+15   0.117766E+14   0.680577E+13   0.408137E+13
   0.155672E+14  -0.138504E+14   0.117766E+14   0.168350E+15   0.113890E+15   0.846631E+14
   0.721756E+14  -0.260795E+14   0.680577E+13   0.113890E+15   0.214638E+15   0.578302E+14
  -0.534342E+14   0.272310E+13   0.408137E+13   0.846632E+14   0.578302E+14   0.207755E+15
 trial position no.            8
 
 
 
 
 
 
 
 
 
 
 
 
  Covariance matrix; NOT corrected for  scaling
   0.136806E+15  -0.146958E+14   0.273599E+13   0.141041E+14   0.756044E+14  -0.606606E+14
  -0.146958E+14   0.217752E+15   0.138531E+15  -0.101890E+14  -0.219239E+14   0.722313E+13
   0.273599E+13   0.138531E+15   0.258449E+15   0.905079E+13   0.363362E+13   0.168178E+13
   0.141041E+14  -0.101890E+14   0.905079E+13   0.143832E+15   0.855681E+14   0.386710E+14
   0.756044E+14  -0.219239E+14   0.363363E+13   0.855681E+14   0.191995E+15   0.736089E+13
  -0.606606E+14   0.722313E+13   0.168178E+13   0.386710E+14   0.736089E+13   0.182198E+15
 trial position no.            9
 
 
 
 
 
 
 
 
 
 
 
 
  Covariance matrix; NOT corrected for  scaling
   0.144679E+15  -0.136361E+14   0.221246E+13   0.135475E+14   0.794879E+14  -0.668336E+14
  -0.136361E+14   0.184958E+15   0.120450E+15  -0.807886E+13  -0.193198E+14   0.978672E+13
   0.221246E+13   0.120450E+15   0.220272E+15   0.787071E+13   0.229824E+13   0.653593E+12
   0.135475E+14  -0.807886E+13   0.787071E+13   0.127841E+15   0.656880E+14   0.786395E+13
   0.794879E+14  -0.193198E+14   0.229824E+13   0.656880E+14   0.178286E+15  -0.273947E+14
  -0.668336E+14   0.978672E+13   0.653593E+12   0.786395E+13  -0.273947E+14   0.182788E+15
 trial position no.           10
 
 
 
 
 
 
 
 
 
 
 
 
  Covariance matrix; NOT corrected for  scaling
   0.151740E+15  -0.136388E+14   0.176427E+13   0.135906E+14   0.835281E+14  -0.716187E+14
  -0.136388E+14   0.181874E+15   0.121043E+15  -0.714521E+13  -0.189757E+14   0.118281E+14
   0.176427E+13   0.121043E+15   0.217291E+15   0.798674E+13   0.152736E+13   0.594469E+12
   0.135906E+14  -0.714521E+13   0.798674E+13   0.119845E+15   0.538032E+14  -0.758056E+13
   0.835281E+14  -0.189757E+14   0.152736E+13   0.538032E+14   0.172998E+15  -0.460831E+14
  -0.716187E+14   0.118281E+14   0.594469E+12  -0.758057E+13  -0.460831E+14   0.208538E+15
 trial position no.           11
 
 
 
 
 
 
 
 
 
 
 
 
  Covariance matrix; NOT corrected for  scaling
   0.158186E+15  -0.131973E+14   0.118141E+13   0.126470E+14   0.861002E+14  -0.766213E+14
  -0.131973E+14   0.162954E+15   0.109838E+15  -0.593773E+13  -0.176639E+14   0.134315E+14
   0.118141E+13   0.109838E+15   0.195035E+15   0.710613E+13   0.261789E+12   0.492294E+12
   0.126470E+14  -0.593773E+13   0.710613E+13   0.112221E+15   0.414504E+14  -0.245718E+14
   0.861002E+14  -0.176639E+14   0.261789E+12   0.414504E+14   0.166745E+15  -0.664538E+14
  -0.766213E+14   0.134315E+14   0.492295E+12  -0.245718E+14  -0.664538E+14   0.232908E+15
 trial position no.           12
 
 
 
 
 
 
 
 
 
 
 
 
  Covariance matrix; NOT corrected for  scaling
   0.164569E+15  -0.126122E+14   0.947036E+12   0.119908E+14   0.886716E+14  -0.811877E+14
  -0.126122E+14   0.148049E+15   0.100447E+15  -0.484337E+13  -0.164844E+14   0.144596E+14
   0.947036E+12   0.100447E+15   0.177494E+15   0.680877E+13  -0.392511E+12   0.358274E+12
   0.119908E+14  -0.484337E+13   0.680877E+13   0.107548E+15   0.317122E+14  -0.376593E+14
   0.886716E+14  -0.164844E+14  -0.392511E+12   0.317122E+14   0.163365E+15  -0.825968E+14
  -0.811877E+14   0.144596E+14   0.358275E+12  -0.376593E+14  -0.825968E+14   0.262915E+15
 trial position no.           13
 
 
 
 
 
 
 
 
 
 
 
 
  Covariance matrix; NOT corrected for  scaling
   0.171117E+15  -0.119394E+14   0.101737E+13   0.119065E+14   0.916220E+14  -0.856585E+14
  -0.119394E+14   0.136269E+15   0.926932E+14  -0.425699E+13  -0.154705E+14   0.151665E+14
   0.101737E+13   0.926932E+14   0.163552E+15   0.679385E+13  -0.288890E+12  -0.239912E+11
   0.119065E+14  -0.425699E+13   0.679385E+13   0.104341E+15   0.232841E+14  -0.481303E+14
   0.916220E+14  -0.154705E+14  -0.288890E+12   0.232841E+14   0.161775E+15  -0.959483E+14
  -0.856585E+14   0.151665E+14  -0.239916E+11  -0.481303E+14  -0.959483E+14   0.296096E+15
 trial position no.           14
 
 
 
 
 
 
 
 
 
 
 
 
  Covariance matrix; NOT corrected for  scaling
   0.177887E+15  -0.115417E+14   0.932548E+12   0.118237E+14   0.943870E+14  -0.897631E+14
  -0.115417E+14   0.126885E+15   0.863333E+14  -0.401970E+13  -0.147817E+14   0.158083E+14
   0.932549E+12   0.863333E+14   0.152293E+15   0.646584E+13  -0.430834E+12  -0.481874E+11
   0.118237E+14  -0.401970E+13   0.646584E+13   0.103589E+15   0.168737E+14  -0.573300E+14
   0.943870E+14  -0.147817E+14  -0.430834E+12   0.168737E+14   0.162444E+15  -0.107705E+15
  -0.897631E+14   0.158083E+14  -0.481873E+11  -0.573300E+14  -0.107705E+15   0.330856E+15
 trial position no.           15
 
 
 
 
 
 
 
 
 
 
 
 
  Covariance matrix; NOT corrected for  scaling
   0.183845E+15  -0.120997E+14   0.835889E+12   0.118898E+14   0.967247E+14  -0.924340E+14
  -0.120997E+14   0.141720E+15   0.969685E+14  -0.378336E+13  -0.153875E+14   0.175177E+14
   0.835889E+12   0.969685E+14   0.170261E+15   0.691100E+13  -0.923445E+12   0.657343E+12
   0.118898E+14  -0.378335E+13   0.691100E+13   0.105199E+15   0.126850E+14  -0.594436E+14
   0.967248E+14  -0.153875E+14  -0.923444E+12   0.126850E+14   0.165264E+15  -0.111657E+15
  -0.924340E+14   0.175177E+14   0.657343E+12  -0.594436E+14  -0.111657E+15   0.389395E+15
 trial position no.           16
 
 
 
 
 
 
 
 
 
 
 
 
  Covariance matrix; NOT corrected for  scaling
   0.190258E+15  -0.115516E+14   0.831128E+12   0.118470E+14   0.989653E+14  -0.957912E+14
  -0.115516E+14   0.135823E+15   0.932164E+14  -0.327728E+13  -0.147128E+14   0.178686E+14
   0.831128E+12   0.932164E+14   0.163352E+15   0.699686E+13  -0.107600E+13   0.845694E+12
   0.118470E+14  -0.327728E+13   0.699686E+13   0.104964E+15   0.609648E+13  -0.662742E+14
   0.989653E+14  -0.147128E+14  -0.107600E+13   0.609648E+13   0.165931E+15  -0.120521E+15
  -0.957912E+14   0.178686E+14   0.845695E+12  -0.662742E+14  -0.120521E+15   0.431544E+15
 trial position no.            7
 
 
 
 
 
 
 
 
 
 
 
 
  Covariance matrix; NOT corrected for  scaling
   0.913813E+14  -0.424040E+14  -0.832872E+13  -0.289133E+14  -0.456174E+14   0.806850E+13
  -0.424040E+14   0.257297E+15  -0.106815E+15  -0.609119E+13   0.376288E+14   0.925764E+13
  -0.832872E+13  -0.106815E+15   0.415978E+15  -0.974935E+13  -0.872125E+13   0.197086E+14
  -0.289133E+14  -0.609118E+13  -0.974935E+13   0.210700E+15   0.126809E+15   0.103575E+15
  -0.456174E+14   0.376288E+14  -0.872125E+13   0.126809E+15   0.311200E+15   0.926155E+14
   0.806850E+13   0.925764E+13   0.197086E+14   0.103575E+15   0.926155E+14   0.293314E+15
 trial position no.            8
 
 
 
 
 
 
 
 
 
 
 
 
  Covariance matrix; NOT corrected for  scaling
   0.981379E+14  -0.424604E+14  -0.727460E+13  -0.280726E+14  -0.467408E+14   0.179295E+14
  -0.424604E+14   0.208555E+15  -0.856617E+14  -0.633911E+13   0.356106E+14   0.526847E+13
  -0.727460E+13  -0.856618E+14   0.334002E+15  -0.104023E+14  -0.734234E+13   0.214576E+14
  -0.280726E+14  -0.633911E+13  -0.104023E+14   0.181267E+15   0.888385E+14   0.486696E+14
  -0.467408E+14   0.356106E+14  -0.734233E+13   0.888385E+14   0.279997E+15   0.234420E+14
   0.179295E+14   0.526848E+13   0.214576E+14   0.486696E+14   0.234420E+14   0.273505E+15
 trial position no.            9
 
 
 
 
 
 
 
 
 
 
 
 
  Covariance matrix; NOT corrected for  scaling
   0.104522E+15  -0.419662E+14  -0.745421E+13  -0.268614E+14  -0.468908E+14   0.272724E+14
  -0.419662E+14   0.174967E+15  -0.722369E+14  -0.614368E+13   0.355393E+14   0.201310E+13
  -0.745421E+13  -0.722369E+14   0.279119E+15  -0.831680E+13  -0.540402E+13   0.234113E+14
  -0.268614E+14  -0.614369E+13  -0.831680E+13   0.162232E+15   0.602022E+14   0.131098E+14
  -0.468908E+14   0.355393E+14  -0.540402E+13   0.602022E+14   0.258730E+15  -0.256074E+14
   0.272724E+14   0.201310E+13   0.234113E+14   0.131098E+14  -0.256074E+14   0.287550E+15
 trial position no.           10
 
 
 
 
 
 
 
 
 
 
 
 
  Covariance matrix; NOT corrected for  scaling
   0.110815E+15  -0.441902E+14  -0.884212E+13  -0.262581E+14  -0.469439E+14   0.342992E+14
  -0.441902E+14   0.169654E+15  -0.699489E+14  -0.662455E+13   0.378096E+14   0.413662E+12
  -0.884211E+13  -0.699489E+14   0.269675E+15  -0.606896E+13  -0.288610E+13   0.269848E+14
  -0.262581E+14  -0.662455E+13  -0.606896E+13   0.153281E+15   0.412082E+14  -0.102615E+13
  -0.469439E+14   0.378096E+14  -0.288610E+13   0.412082E+14   0.249092E+15  -0.507708E+14
   0.342992E+14   0.413663E+12   0.269848E+14  -0.102615E+13  -0.507708E+14   0.340377E+15
 trial position no.           11
 
 
 
 
 
 
 
 
 
 
 
 
  Covariance matrix; NOT corrected for  scaling
   0.117795E+15  -0.448285E+14  -0.931185E+13  -0.264257E+14  -0.478699E+14   0.421888E+14
  -0.448285E+14   0.151438E+15  -0.620377E+14  -0.833215E+13   0.369194E+14  -0.141242E+13
  -0.931185E+13  -0.620377E+14   0.239211E+15  -0.604263E+13  -0.301791E+13   0.288261E+14
  -0.264257E+14  -0.833214E+13  -0.604263E+13   0.146202E+15   0.238099E+14  -0.185911E+14
  -0.478699E+14   0.369194E+14  -0.301791E+13   0.238099E+14   0.242999E+15  -0.806171E+14
   0.421888E+14  -0.141242E+13   0.288261E+14  -0.185911E+14  -0.806171E+14   0.386275E+15
 trial position no.           12
 
 
 
 
 
 
 
 
 
 
 
 
  Covariance matrix; NOT corrected for  scaling
   0.124636E+15  -0.451070E+14  -0.993110E+13  -0.264089E+14  -0.481861E+14   0.495682E+14
  -0.451070E+14   0.137103E+15  -0.563292E+14  -0.882620E+13   0.373240E+14  -0.337032E+13
  -0.993110E+13  -0.563292E+14   0.215980E+15  -0.490789E+13  -0.223860E+13   0.299045E+14
  -0.264089E+14  -0.882620E+13  -0.490789E+13   0.142157E+15   0.836407E+13  -0.310739E+14
  -0.481861E+14   0.373240E+14  -0.223860E+13   0.836407E+13   0.239254E+15  -0.105000E+15
   0.495682E+14  -0.337032E+13   0.299045E+14  -0.310739E+14  -0.105000E+15   0.438942E+15
 trial position no.           13
 
 
 
 
 
 
 
 
 
 
 
 
  Covariance matrix; NOT corrected for  scaling
   0.131130E+15  -0.450000E+14  -0.107968E+14  -0.261307E+14  -0.479426E+14   0.560790E+14
  -0.450000E+14   0.125660E+15  -0.517299E+14  -0.909603E+13   0.377251E+14  -0.535020E+13
  -0.107968E+14  -0.517299E+14   0.197866E+15  -0.330499E+13  -0.309036E+12   0.297793E+14
  -0.261307E+14  -0.909604E+13  -0.330499E+13   0.139976E+15  -0.597541E+13  -0.390910E+14
  -0.479426E+14   0.377251E+14  -0.309036E+12  -0.597541E+13   0.237142E+15  -0.124162E+15
   0.560790E+14  -0.535020E+13   0.297793E+14  -0.390910E+14  -0.124162E+15   0.493459E+15
 trial position no.           14
 
 
 
 
 
 
 
 
 
 
 
 
  Covariance matrix; NOT corrected for  scaling
   0.138225E+15  -0.454487E+14  -0.113957E+14  -0.260560E+14  -0.490837E+14   0.628703E+14
  -0.454487E+14   0.117193E+15  -0.478554E+14  -0.102861E+14   0.375672E+14  -0.656673E+13
  -0.113957E+14  -0.478554E+14   0.183832E+15  -0.311143E+13   0.710382E+11   0.305989E+14
  -0.260560E+14  -0.102861E+14  -0.311143E+13   0.141103E+15  -0.161757E+14  -0.470258E+14
  -0.490837E+14   0.375672E+14   0.710372E+11  -0.161757E+14   0.240022E+15  -0.143384E+15
   0.628703E+14  -0.656673E+13   0.305989E+14  -0.470258E+14  -0.143384E+15   0.551194E+15
 trial position no.           15
 
 
 
 
 
 
 
 
 
 
 
 
  Covariance matrix; NOT corrected for  scaling
   0.145424E+15  -0.503237E+14  -0.130229E+14  -0.260920E+14  -0.503813E+14   0.689065E+14
  -0.503237E+14   0.130845E+15  -0.529876E+14  -0.118024E+14   0.419792E+14  -0.737410E+13
  -0.130229E+14  -0.529876E+14   0.204208E+15  -0.248176E+13   0.621323E+12   0.366347E+14
  -0.260920E+14  -0.118024E+14  -0.248176E+13   0.145034E+15  -0.242335E+14  -0.423489E+14
  -0.503813E+14   0.419792E+14   0.621324E+12  -0.242335E+14   0.245161E+15  -0.150462E+15
   0.689065E+14  -0.737410E+13   0.366347E+14  -0.423489E+14  -0.150462E+15   0.659410E+15
 trial position no.           16
 
 
 
 
 
 
 
 
 
 
 
 
  Covariance matrix; NOT corrected for  scaling
   0.152499E+15  -0.506725E+14  -0.142440E+14  -0.259998E+14  -0.502790E+14   0.740423E+14
  -0.506725E+14   0.124873E+15  -0.502951E+14  -0.126478E+14   0.427094E+14  -0.749970E+13
  -0.142440E+14  -0.502951E+14   0.194933E+15  -0.129349E+13   0.151271E+13   0.380180E+14
  -0.259998E+14  -0.126478E+14  -0.129349E+13   0.147169E+15  -0.360311E+14  -0.459758E+14
  -0.502790E+14   0.427094E+14   0.151271E+13  -0.360311E+14   0.247873E+15  -0.165074E+15
   0.740423E+14  -0.749970E+13   0.380180E+14  -0.459758E+14  -0.165074E+15   0.731625E+15
 trial position no.            7
 
 
 
 
 
 
 
 
 
 
 
 
  Covariance matrix; NOT corrected for  scaling
   0.273783E+15   0.150869E+14   0.128396E+12  -0.196835E+14   0.399173E+14   0.318997E+14
   0.150869E+14   0.363296E+15  -0.324539E+14  -0.234123E+14  -0.172471E+14   0.588347E+12
   0.128395E+12  -0.324539E+14   0.355328E+15   0.231020E+14   0.181416E+14   0.415143E+13
  -0.196835E+14  -0.234123E+14   0.231020E+14   0.350515E+15   0.244863E+15   0.136292E+15
   0.399173E+14  -0.172471E+14   0.181416E+14   0.244863E+15   0.355749E+15   0.144765E+15
   0.318997E+14   0.588347E+12   0.415143E+13   0.136292E+15   0.144765E+15   0.300750E+15
 trial position no.            8
 
 
 
 
 
 
 
 
 
 
 
 
  Covariance matrix; NOT corrected for  scaling
   0.327670E+15   0.148774E+14  -0.232010E+13  -0.308062E+14   0.425718E+14   0.245122E+14
   0.148774E+14   0.289299E+15  -0.284500E+14  -0.188280E+14  -0.131817E+14   0.624572E+13
  -0.232010E+13  -0.284500E+14   0.282210E+15   0.185116E+14   0.134907E+14  -0.266895E+13
  -0.308062E+14  -0.188280E+14   0.185116E+14   0.295961E+15   0.182253E+15   0.358918E+14
   0.425718E+14  -0.131817E+14   0.134907E+14   0.182253E+15   0.299046E+15   0.423962E+14
   0.245122E+14   0.624572E+13  -0.266895E+13   0.358918E+14   0.423962E+14   0.261292E+15
 trial position no.            9
 
 
 
 
 
 
 
 
 
 
 
 
  Covariance matrix; NOT corrected for  scaling
   0.380023E+15   0.144690E+14  -0.495282E+13  -0.417183E+14   0.449979E+14   0.171627E+14
   0.144690E+14   0.240848E+15  -0.252447E+14  -0.161568E+14  -0.108898E+14   0.956402E+13
  -0.495282E+13  -0.252447E+14   0.234536E+15   0.157806E+14   0.104638E+14  -0.677441E+13
  -0.417183E+14  -0.161568E+14   0.157806E+14   0.261396E+15   0.139053E+15  -0.292062E+14
   0.449979E+14  -0.108898E+14   0.104638E+14   0.139053E+15   0.262279E+15  -0.246895E+14
   0.171627E+14   0.956402E+13  -0.677441E+13  -0.292062E+14  -0.246895E+14   0.278878E+15
 trial position no.           10
 
 
 
 
 
 
 
 
 
 
 
 
  Covariance matrix; NOT corrected for  scaling
   0.427271E+15   0.146505E+14  -0.818028E+13  -0.519973E+14   0.467350E+14   0.974247E+13
   0.146505E+14   0.232247E+15  -0.258289E+14  -0.152536E+14  -0.101353E+14   0.121723E+14
  -0.818028E+13  -0.258289E+14   0.225832E+15   0.150877E+14   0.898525E+13  -0.959825E+13
  -0.519973E+14  -0.152536E+14   0.150877E+14   0.244385E+15   0.113175E+15  -0.637582E+14
   0.467350E+14  -0.101353E+14   0.898525E+13   0.113175E+15   0.243030E+15  -0.612704E+14
   0.974247E+13   0.121723E+14  -0.959825E+13  -0.637582E+14  -0.612704E+14   0.342798E+15
 trial position no.           11
 
 
 
 
 
 
 
 
 
 
 
 
  Covariance matrix; NOT corrected for  scaling
   0.465574E+15   0.134049E+14  -0.106739E+14  -0.621516E+14   0.462328E+14   0.258504E+13
   0.134049E+14   0.205430E+15  -0.237951E+14  -0.133928E+14  -0.880612E+13   0.139319E+14
  -0.106739E+14  -0.237951E+14   0.199609E+15   0.135246E+14   0.697329E+13  -0.115360E+14
  -0.621516E+14  -0.133928E+14   0.135246E+14   0.227958E+15   0.872723E+14  -0.997350E+14
   0.462328E+14  -0.880612E+13   0.697328E+13   0.872723E+14   0.223759E+15  -0.992137E+14
   0.258504E+13   0.139319E+14  -0.115360E+14  -0.997350E+14  -0.992137E+14   0.411476E+15
 trial position no.           12
 
 
 
 
 
 
 
 
 
 
 
 
  Covariance matrix; NOT corrected for  scaling
   0.493388E+15   0.119870E+14  -0.128467E+14  -0.706285E+14   0.445902E+14  -0.300268E+13
   0.119870E+14   0.185557E+15  -0.220987E+14  -0.119624E+14  -0.792026E+13   0.152120E+14
  -0.128467E+14  -0.220987E+14   0.180252E+15   0.124589E+14   0.546405E+13  -0.127802E+14
  -0.706285E+14  -0.119624E+14   0.124589E+14   0.217905E+15   0.674525E+14  -0.127108E+15
   0.445902E+14  -0.792026E+13   0.546405E+13   0.674525E+14   0.210972E+15  -0.128139E+15
  -0.300268E+13   0.152120E+14  -0.127802E+14  -0.127108E+15  -0.128139E+15   0.491676E+15
 trial position no.           13
 
 
 
 
 
 
 
 
 
 
 
 
  Covariance matrix; NOT corrected for  scaling
   0.511210E+15   0.107240E+14  -0.147766E+14  -0.763026E+14   0.429899E+14  -0.761897E+13
   0.107240E+14   0.170398E+15  -0.206896E+14  -0.110663E+14  -0.746742E+13   0.163737E+14
  -0.147766E+14  -0.206896E+14   0.165525E+15   0.118777E+14   0.449329E+13  -0.137646E+14
  -0.763026E+14  -0.110663E+14   0.118777E+14   0.212102E+15   0.518009E+14  -0.149318E+15
   0.429899E+14  -0.746742E+13   0.449329E+13   0.518009E+14   0.203186E+15  -0.151647E+15
  -0.761897E+13   0.163737E+14  -0.137646E+14  -0.149318E+15  -0.151647E+15   0.578274E+15
 trial position no.           14
 
 
 
 
 
 
 
 
 
 
 
 
  Covariance matrix; NOT corrected for  scaling
   0.523398E+15   0.939351E+13  -0.163008E+14  -0.808869E+14   0.408444E+14  -0.104281E+14
   0.939351E+13   0.158515E+15  -0.195013E+14  -0.103324E+14  -0.715990E+13   0.172814E+14
  -0.163008E+14  -0.195013E+14   0.153997E+15   0.113716E+14   0.369751E+13  -0.143181E+14
  -0.808868E+14  -0.103324E+14   0.113716E+14   0.210372E+15   0.395659E+14  -0.168957E+15
   0.408444E+14  -0.715990E+13   0.369751E+13   0.395659E+14   0.199615E+15  -0.172107E+15
  -0.104281E+14   0.172814E+14  -0.143181E+14  -0.168957E+15  -0.172107E+15   0.668091E+15
 trial position no.           15
 
 
 
 
 
 
 
 
 
 
 
 
  Covariance matrix; NOT corrected for  scaling
   0.525454E+15   0.852699E+13  -0.190255E+14  -0.851914E+14   0.362507E+14  -0.147082E+14
   0.852699E+13   0.176208E+15  -0.220155E+14  -0.101921E+14  -0.735993E+13   0.195140E+14
  -0.190255E+14  -0.220155E+14   0.171188E+15   0.117200E+14   0.313184E+13  -0.157588E+14
  -0.851914E+14  -0.101921E+14   0.117200E+14   0.210962E+15   0.293456E+14  -0.176216E+15
   0.362507E+14  -0.735993E+13   0.313184E+13   0.293456E+14   0.197761E+15  -0.180638E+15
  -0.147082E+14   0.195140E+14  -0.157588E+14  -0.176216E+15  -0.180638E+15   0.809003E+15
 trial position no.           16
 
 
 
 
 
 
 
 
 
 
 
 
  Covariance matrix; NOT corrected for  scaling
   0.524060E+15   0.713827E+13  -0.202165E+14  -0.871068E+14   0.330307E+14  -0.154271E+14
   0.713827E+13   0.168606E+15  -0.212727E+14  -0.943883E+13  -0.713603E+13   0.202363E+14
  -0.202165E+14  -0.212727E+14   0.163822E+15   0.112710E+14   0.243025E+13  -0.158283E+14
  -0.871068E+14  -0.943883E+13   0.112710E+14   0.210660E+15   0.179176E+14  -0.191809E+15
   0.330307E+14  -0.713603E+13   0.243025E+13   0.179176E+14   0.196003E+15  -0.196508E+15
  -0.154271E+14   0.202363E+14  -0.158283E+14  -0.191809E+15  -0.196508E+15   0.918532E+15
 trial position no.            7
 
 
 
 
 
 
 
 
 
 
 
 
  Covariance matrix; NOT corrected for  scaling
   0.147803E+15  -0.734261E+14   0.561312E+14  -0.272549E+13   0.391066E+14   0.495194E+14
  -0.734261E+14   0.353931E+15  -0.872077E+14   0.234683E+14   0.444583E+13  -0.388238E+14
   0.561313E+14  -0.872077E+14   0.314787E+15  -0.233255E+14  -0.753944E+13   0.368103E+14
  -0.272549E+13   0.234683E+14  -0.233255E+14   0.275930E+15   0.177704E+15   0.101087E+15
   0.391066E+14   0.444583E+13  -0.753944E+13   0.177704E+15   0.298523E+15   0.124001E+15
   0.495194E+14  -0.388238E+14   0.368103E+14   0.101087E+15   0.124001E+15   0.290691E+15
 trial position no.            8
 
 
 
 
 
 
 
 
 
 
 
 
  Covariance matrix; NOT corrected for  scaling
   0.161916E+15  -0.748821E+14   0.550507E+14  -0.117803E+14   0.347653E+14   0.356984E+14
  -0.748821E+14   0.290271E+15  -0.773954E+14   0.259851E+14   0.583489E+13  -0.372134E+14
   0.550507E+14  -0.773954E+14   0.252581E+15  -0.249363E+14  -0.884508E+13   0.357850E+14
  -0.117803E+14   0.259851E+14  -0.249363E+14   0.237994E+15   0.130928E+15   0.248473E+14
   0.347653E+14   0.583489E+13  -0.884508E+13   0.130928E+15   0.254932E+15   0.402344E+14
   0.356984E+14  -0.372134E+14   0.357850E+14   0.248473E+14   0.402344E+14   0.258872E+15
 trial position no.            9
 
 
 
 
 
 
 
 
 
 
 
 
  Covariance matrix; NOT corrected for  scaling
   0.175319E+15  -0.757906E+14   0.539019E+14  -0.185451E+14   0.324236E+14   0.240571E+14
  -0.757906E+14   0.246657E+15  -0.690393E+14   0.259162E+14   0.494749E+13  -0.366737E+14
   0.539019E+14  -0.690393E+14   0.211193E+15  -0.238642E+14  -0.785229E+13   0.360518E+14
  -0.185451E+14   0.259162E+14  -0.238642E+14   0.213346E+15   0.971872E+14  -0.249404E+14
   0.324236E+14   0.494750E+13  -0.785229E+13   0.971872E+14   0.225910E+15  -0.161083E+14
   0.240571E+14  -0.366737E+14   0.360518E+14  -0.249404E+14  -0.161083E+14   0.273868E+15
 trial position no.           10
 
 
 
 
 
 
 
 
 
 
 
 
  Covariance matrix; NOT corrected for  scaling
   0.186578E+15  -0.796386E+14   0.545430E+14  -0.223697E+14   0.325441E+14   0.127169E+14
  -0.796386E+14   0.239876E+15  -0.686482E+14   0.242757E+14   0.155990E+13  -0.373336E+14
   0.545430E+14  -0.686482E+14   0.202538E+15  -0.215339E+14  -0.519433E+13   0.379532E+14
  -0.223697E+14   0.242757E+14  -0.215339E+14   0.198648E+15   0.736538E+14  -0.485574E+14
   0.325441E+14   0.155990E+13  -0.519433E+13   0.736538E+14   0.208840E+15  -0.458803E+14
   0.127169E+14  -0.373336E+14   0.379532E+14  -0.485574E+14  -0.458803E+14   0.330852E+15
 trial position no.           11
 
 
 
 
 
 
 
 
 
 
 
 
  Covariance matrix; NOT corrected for  scaling
   0.199024E+15  -0.813210E+14   0.537851E+14  -0.293906E+14   0.298759E+14   0.173905E+13
  -0.813211E+14   0.215412E+15  -0.632897E+14   0.247893E+14   0.116719E+13  -0.357790E+14
   0.537851E+14  -0.632897E+14   0.179416E+15  -0.216848E+14  -0.536677E+13   0.381507E+14
  -0.293906E+14   0.247893E+14  -0.216848E+14   0.188805E+15   0.532739E+14  -0.743258E+14
   0.298759E+14   0.116719E+13  -0.536677E+13   0.532739E+14   0.194922E+15  -0.779906E+14
   0.173905E+13  -0.357790E+14   0.381507E+14  -0.743258E+14  -0.779906E+14   0.388768E+15
 trial position no.           12
 
 
 
 
 
 
 
 
 
 
 
 
  Covariance matrix; NOT corrected for  scaling
   0.210683E+15  -0.818029E+14   0.524365E+14  -0.351205E+14   0.281786E+14  -0.892801E+13
  -0.818029E+14   0.195727E+15  -0.580714E+14   0.248594E+14   0.626364E+12  -0.336973E+14
   0.524365E+14  -0.580714E+14   0.161479E+15  -0.209596E+14  -0.504158E+13   0.377740E+14
  -0.351205E+14   0.248594E+14  -0.209596E+14   0.183437E+15   0.367534E+14  -0.931026E+14
   0.281786E+14   0.626364E+12  -0.504158E+13   0.367534E+14   0.186061E+15  -0.102901E+15
  -0.892801E+13  -0.336973E+14   0.377740E+14  -0.931026E+14  -0.102901E+15   0.456457E+15
 trial position no.           13
 
 
 
 
 
 
 
 
 
 
 
 
  Covariance matrix; NOT corrected for  scaling
   0.219856E+15  -0.799422E+14   0.495101E+14  -0.372762E+14   0.291107E+14  -0.214963E+14
  -0.799422E+14   0.178535E+15  -0.522552E+14   0.222661E+14  -0.158307E+13  -0.295488E+14
   0.495101E+14  -0.522552E+14   0.146594E+15  -0.182032E+14  -0.306804E+13   0.355164E+14
  -0.372762E+14   0.222661E+14  -0.182032E+14   0.178091E+15   0.205830E+14  -0.104475E+15
   0.291107E+14  -0.158307E+13  -0.306804E+13   0.205830E+14   0.179318E+15  -0.120951E+15
  -0.214963E+14  -0.295488E+14   0.355164E+14  -0.104475E+15  -0.120951E+15   0.526596E+15
 trial position no.           14
 
 
 
 
 
 
 
 
 
 
 
 
  Covariance matrix; NOT corrected for  scaling
   0.231466E+15  -0.799534E+14   0.479668E+14  -0.416957E+14   0.283161E+14  -0.308145E+14
  -0.799534E+14   0.165877E+15  -0.481042E+14   0.217274E+14  -0.212783E+13  -0.273661E+14
   0.479668E+14  -0.481042E+14   0.135423E+15  -0.175648E+14  -0.278195E+13   0.352290E+14
  -0.416957E+14   0.217274E+14  -0.175648E+14   0.179011E+15   0.921796E+13  -0.116408E+15
   0.283161E+14  -0.212783E+13  -0.278195E+13   0.921796E+13   0.177684E+15  -0.138451E+15
  -0.308145E+14  -0.273661E+14   0.352290E+14  -0.116408E+15  -0.138451E+15   0.601735E+15
 trial position no.           15
 
 
 
 
 
 
 
 
 
 
 
 
  Covariance matrix; NOT corrected for  scaling
   0.244031E+15  -0.884149E+14   0.515044E+14  -0.490650E+14   0.249307E+14  -0.417977E+14
  -0.884149E+14   0.185103E+15  -0.537298E+14   0.248133E+14  -0.185656E+13  -0.295647E+14
   0.515044E+14  -0.537298E+14   0.149880E+15  -0.192380E+14  -0.337356E+13   0.404868E+14
  -0.490650E+14   0.248133E+14  -0.192380E+14   0.184229E+15   0.296026E+12  -0.116971E+15
   0.249307E+14  -0.185655E+13  -0.337356E+13   0.296023E+12   0.177831E+15  -0.145867E+15
  -0.417977E+14  -0.295647E+14   0.404868E+14  -0.116971E+15  -0.145867E+15   0.729625E+15
 trial position no.           16
 
 
 
 
 
 
 
 
 
 
 
 
  Covariance matrix; NOT corrected for  scaling
   0.252899E+15  -0.868091E+14   0.485477E+14  -0.513598E+14   0.253708E+14  -0.549437E+14
  -0.868091E+14   0.174972E+15  -0.495644E+14   0.231250E+14  -0.316604E+13  -0.255137E+14
   0.485477E+14  -0.495644E+14   0.141404E+15  -0.172947E+14  -0.242414E+13   0.393144E+14
  -0.513598E+14   0.231250E+14  -0.172947E+14   0.184858E+15  -0.123423E+14  -0.121552E+15
   0.253708E+14  -0.316604E+13  -0.242414E+13  -0.123423E+14   0.176761E+15  -0.157659E+15
  -0.549437E+14  -0.255137E+14   0.393144E+14  -0.121552E+15  -0.157659E+15   0.818710E+15
 trial position no.            7
 
 
 
 
 
 
 
 
 
 
 
 
  Covariance matrix; NOT corrected for  scaling
   0.665630E+14  -0.302501E+14   0.162245E+14   0.461046E+14   0.627755E+14  -0.215730E+14
  -0.302501E+14   0.254727E+15   0.170659E+15   0.441980E+13  -0.361304E+14  -0.109063E+14
   0.162245E+14   0.170659E+15   0.246243E+15   0.193268E+14  -0.375221E+13   0.463414E+13
   0.461046E+14   0.441982E+13   0.193268E+14   0.122215E+15   0.796273E+14   0.280404E+14
   0.627755E+14  -0.361304E+14  -0.375220E+13   0.796273E+14   0.157519E+15   0.267062E+14
  -0.215731E+14  -0.109063E+14   0.463414E+13   0.280404E+14   0.267062E+14   0.143514E+15
 trial position no.            8
 
 
 
 
 
 
 
 
 
 
 
 
  Covariance matrix; NOT corrected for  scaling
   0.698132E+14  -0.296012E+14   0.148364E+14   0.419223E+14   0.603431E+14  -0.369482E+14
  -0.296012E+14   0.213267E+15   0.143785E+15   0.660366E+13  -0.318986E+14  -0.587488E+13
   0.148364E+14   0.143785E+15   0.203763E+15   0.166294E+14  -0.478888E+13   0.246771E+13
   0.419223E+14   0.660366E+13   0.166294E+14   0.108148E+15   0.617710E+14   0.130939E+13
   0.603431E+14  -0.318986E+14  -0.478888E+13   0.617710E+14   0.141878E+15  -0.624940E+13
  -0.369482E+14  -0.587489E+13   0.246770E+13   0.130941E+13  -0.624938E+13   0.146580E+15
 trial position no.            9
 
 
 
 
 
 
 
 
 
 
 
 
  Covariance matrix; NOT corrected for  scaling
   0.747860E+14  -0.306504E+14   0.147042E+14   0.402506E+14   0.609178E+14  -0.503301E+14
  -0.306504E+14   0.184282E+15   0.123203E+15   0.643302E+13  -0.321783E+14  -0.271938E+13
   0.147042E+14   0.123203E+15   0.173778E+15   0.163208E+14  -0.453353E+13   0.129566E+13
   0.402506E+14   0.643301E+13   0.163208E+14   0.992613E+14   0.484263E+14  -0.178559E+14
   0.609178E+14  -0.321783E+14  -0.453353E+13   0.484263E+14   0.133247E+15  -0.310206E+14
  -0.503301E+14  -0.271936E+13   0.129567E+13  -0.178559E+14  -0.310206E+14   0.163251E+15
 trial position no.           10
 
 
 
 
 
 
 
 
 
 
 
 
  Covariance matrix; NOT corrected for  scaling
   0.804941E+14  -0.343660E+14   0.157389E+14   0.398001E+14   0.631070E+14  -0.622034E+14
  -0.343660E+14   0.183487E+15   0.121738E+15   0.547826E+13  -0.384604E+14  -0.401416E+12
   0.157389E+14   0.121738E+15   0.170784E+15   0.191772E+14  -0.478668E+13   0.721550E+12
   0.398001E+14   0.547827E+13   0.191772E+14   0.936071E+14   0.371326E+14  -0.273035E+14
   0.631070E+14  -0.384603E+14  -0.478667E+13   0.371326E+14   0.129402E+15  -0.457182E+14
  -0.622034E+14  -0.401447E+12   0.721539E+12  -0.273035E+14  -0.457182E+14   0.197738E+15
 trial position no.           11
 
 
 
 
 
 
 
 
 
 
 
 
  Covariance matrix; NOT corrected for  scaling
   0.856313E+14  -0.358216E+14   0.160158E+14   0.385579E+14   0.641267E+14  -0.742414E+14
  -0.358216E+14   0.166793E+15   0.109140E+15   0.654055E+13  -0.396937E+14   0.295347E+13
   0.160158E+14   0.109140E+15   0.153288E+15   0.197527E+14  -0.541575E+13  -0.331811E+12
   0.385579E+14   0.654055E+13   0.197527E+14   0.914363E+14   0.278608E+14  -0.371392E+14
   0.641267E+14  -0.396937E+14  -0.541576E+13   0.278608E+14   0.127559E+15  -0.611472E+14
  -0.742414E+14   0.295348E+13  -0.331813E+12  -0.371391E+14  -0.611472E+14   0.229067E+15
 trial position no.           12
 
 
 
 
 
 
 
 
 
 
 
 
  Covariance matrix; NOT corrected for  scaling
   0.915341E+14  -0.374461E+14   0.165713E+14   0.382289E+14   0.663173E+14  -0.862977E+14
  -0.374461E+14   0.153364E+15   0.988135E+14   0.774046E+13  -0.423089E+14   0.667211E+13
   0.165713E+14   0.988135E+14   0.139379E+15   0.213502E+14  -0.638800E+13  -0.147771E+13
   0.382289E+14   0.774046E+13   0.213502E+14   0.916237E+14   0.196431E+14  -0.449049E+14
   0.663173E+14  -0.423089E+14  -0.638803E+13   0.196431E+14   0.128829E+15  -0.747321E+14
  -0.862977E+14   0.667211E+13  -0.147769E+13  -0.449049E+14  -0.747320E+14   0.263267E+15
 trial position no.           13
 
 
 
 
 
 
 
 
 
 
 
 
  Covariance matrix; NOT corrected for  scaling
   0.983715E+14  -0.397245E+14   0.176202E+14   0.381005E+14   0.687800E+14  -0.978419E+14
  -0.397245E+14   0.143409E+15   0.909398E+14   0.674708E+13  -0.450040E+14   0.109499E+14
   0.176202E+14   0.909398E+14   0.129208E+15   0.223977E+14  -0.565396E+13  -0.308792E+13
   0.381005E+14   0.674709E+13   0.223977E+14   0.899785E+14   0.969266E+13  -0.491034E+14
   0.687800E+14  -0.450040E+14  -0.565397E+13   0.969265E+13   0.128615E+15  -0.847323E+14
  -0.978419E+14   0.109499E+14  -0.308790E+13  -0.491034E+14  -0.847322E+14   0.296790E+15
 trial position no.           14
 
 
 
 
 
 
 
 
 
 
 
 
  Covariance matrix; NOT corrected for  scaling
   0.105215E+15  -0.414514E+14   0.185738E+14   0.384990E+14   0.713818E+14  -0.108766E+15
  -0.414514E+14   0.135432E+15   0.846339E+14   0.652740E+13  -0.460488E+14   0.138532E+14
   0.185739E+14   0.846339E+14   0.121229E+15   0.227937E+14  -0.508849E+13  -0.433742E+13
   0.384990E+14   0.652738E+13   0.227936E+14   0.919653E+14   0.308813E+13  -0.541003E+14
   0.713818E+14  -0.460489E+14  -0.508854E+13   0.308813E+13   0.131427E+15  -0.948989E+14
  -0.108766E+15   0.138532E+14  -0.433732E+13  -0.541002E+14  -0.948988E+14   0.331134E+15
 trial position no.           15
 
 
 
 
 
 
 
 
 
 
 
 
  Covariance matrix; NOT corrected for  scaling
   0.111120E+15  -0.464022E+14   0.208442E+14   0.380811E+14   0.728426E+14  -0.119205E+15
  -0.464021E+14   0.152596E+15   0.942840E+14   0.860346E+13  -0.520894E+14   0.160191E+14
   0.208442E+14   0.942840E+14   0.135625E+15   0.264541E+14  -0.656429E+13  -0.467236E+13
   0.380812E+14   0.860343E+13   0.264541E+14   0.971556E+14  -0.265366E+13  -0.526960E+14
   0.728426E+14  -0.520895E+14  -0.656435E+13  -0.265368E+13   0.136229E+15  -0.987600E+14
  -0.119205E+15   0.160192E+14  -0.467223E+13  -0.526959E+14  -0.987601E+14   0.389511E+15
 trial position no.           16
 
 
 
 
 
 
 
 
 
 
 
 
  Covariance matrix; NOT corrected for  scaling
   0.117334E+15  -0.479273E+14   0.217852E+14   0.377261E+14   0.741001E+14  -0.128992E+15
  -0.479273E+14   0.147363E+15   0.903510E+14   0.920945E+13  -0.540442E+14   0.189413E+14
   0.217852E+14   0.903510E+14   0.130607E+15   0.279019E+14  -0.711147E+13  -0.570337E+13
   0.377261E+14   0.920943E+13   0.279019E+14   0.986527E+14  -0.117780E+14  -0.532345E+14
   0.741001E+14  -0.540443E+14  -0.711148E+13  -0.117780E+14   0.137656E+15  -0.104334E+15
  -0.128992E+15   0.189414E+14  -0.570331E+13  -0.532345E+14  -0.104334E+15   0.425683E+15
 trial position no.            7
 
 
 
 
 
 
 
 
 
 
 
 
  Covariance matrix; NOT corrected for  scaling
   0.873011E+14  -0.518425E+14   0.594950E+13   0.277546E+14   0.293416E+14  -0.219127E+14
  -0.518425E+14   0.243097E+15   0.813482E+14  -0.114261E+14  -0.632588E+13   0.762762E+13
   0.594950E+13   0.813482E+14   0.295098E+15  -0.222021E+14  -0.217541E+14   0.283906E+14
   0.277546E+14  -0.114261E+14  -0.222021E+14   0.183379E+15   0.104546E+15   0.782451E+14
   0.293416E+14  -0.632588E+13  -0.217541E+14   0.104546E+15   0.218505E+15   0.712739E+14
  -0.219127E+14   0.762762E+13   0.283906E+14   0.782451E+14   0.712739E+14   0.251214E+15
 trial position no.            8
 
 
 
 
 
 
 
 
 
 
 
 
  Covariance matrix; NOT corrected for  scaling
   0.935126E+14  -0.512811E+14   0.586375E+13   0.259305E+14   0.273306E+14  -0.300814E+14
  -0.512811E+14   0.198582E+15   0.675222E+14  -0.104663E+14  -0.468610E+13   0.977561E+13
   0.586375E+13   0.675222E+14   0.238469E+15  -0.211310E+14  -0.194064E+14   0.328351E+14
   0.259305E+14  -0.104663E+14  -0.211310E+14   0.160139E+15   0.760377E+14   0.330659E+14
   0.273306E+14  -0.468610E+13  -0.194064E+14   0.760377E+14   0.194050E+15   0.210742E+14
  -0.300814E+14   0.977561E+13   0.328351E+14   0.330659E+14   0.210742E+14   0.238716E+15
 trial position no.            9
 
 
 
 
 
 
 
 
 
 
 
 
  Covariance matrix; NOT corrected for  scaling
   0.997330E+14  -0.506134E+14   0.646550E+13   0.256858E+14   0.269545E+14  -0.364694E+14
  -0.506134E+14   0.167359E+15   0.561847E+14  -0.100752E+14  -0.399155E+13   0.104146E+14
   0.646550E+13   0.561847E+14   0.199133E+15  -0.177518E+14  -0.154791E+14   0.371190E+14
   0.256858E+14  -0.100752E+14  -0.177518E+14   0.144862E+15   0.543562E+14   0.220113E+13
   0.269545E+14  -0.399155E+13  -0.154791E+14   0.543561E+14   0.177827E+15  -0.146612E+14
  -0.364695E+14   0.104146E+14   0.371190E+14   0.220112E+13  -0.146612E+14   0.251583E+15
 trial position no.           10
 
 
 
 
 
 
 
 
 
 
 
 
  Covariance matrix; NOT corrected for  scaling
   0.105365E+15  -0.528811E+14   0.684436E+13   0.265054E+14   0.280487E+14  -0.419845E+14
  -0.528811E+14   0.162188E+15   0.546294E+14  -0.117720E+14  -0.558514E+13   0.116422E+14
   0.684436E+13   0.546294E+14   0.191219E+15  -0.140312E+14  -0.113264E+14   0.436120E+14
   0.265054E+14  -0.117720E+14  -0.140312E+14   0.136201E+15   0.382628E+14  -0.113166E+14
   0.280487E+14  -0.558514E+13  -0.113264E+14   0.382628E+14   0.168696E+15  -0.328546E+14
  -0.419845E+14   0.116422E+14   0.436120E+14  -0.113166E+14  -0.328546E+14   0.296859E+15
 trial position no.           11
 
 
 
 
 
 
 
 
 
 
 
 
  Covariance matrix; NOT corrected for  scaling
   0.111409E+15  -0.539809E+14   0.671712E+13   0.259456E+14   0.278329E+14  -0.475924E+14
  -0.539809E+14   0.145384E+15   0.481346E+14  -0.125234E+14  -0.604234E+13   0.133939E+14
   0.671712E+13   0.481346E+14   0.169328E+15  -0.135273E+14  -0.103473E+14   0.470433E+14
   0.259456E+14  -0.125234E+14  -0.135273E+14   0.130293E+15   0.246044E+14  -0.269198E+14
   0.278329E+14  -0.604234E+13  -0.103473E+14   0.246044E+14   0.163574E+15  -0.535975E+14
  -0.475925E+14   0.133939E+14   0.470433E+14  -0.269198E+14  -0.535975E+14   0.335042E+15
 trial position no.           12
 
 
 
 
 
 
 
 
 
 
 
 
  Covariance matrix; NOT corrected for  scaling
   0.117385E+15  -0.541458E+14   0.723011E+13   0.259127E+14   0.282053E+14  -0.529573E+14
  -0.541458E+14   0.131472E+15   0.424559E+14  -0.123593E+14  -0.600530E+13   0.145525E+14
   0.723011E+13   0.424559E+14   0.151965E+15  -0.117644E+14  -0.857383E+13   0.490282E+14
   0.259127E+14  -0.123593E+14  -0.117644E+14   0.127311E+15   0.127502E+14  -0.385399E+14
   0.282053E+14  -0.600530E+13  -0.857382E+13   0.127502E+14   0.161304E+15  -0.705101E+14
  -0.529573E+14   0.145525E+14   0.490282E+14  -0.385399E+14  -0.705101E+14   0.378296E+15
 trial position no.           13
 
 
 
 
 
 
 
 
 
 
 
 
  Covariance matrix; NOT corrected for  scaling
   0.123101E+15  -0.537296E+14   0.775330E+13   0.268477E+14   0.295898E+14  -0.582270E+14
  -0.537296E+14   0.120234E+15   0.383572E+14  -0.129813E+14  -0.635081E+13   0.155162E+14
   0.775331E+13   0.383572E+14   0.138323E+15  -0.919631E+13  -0.501736E+13   0.491806E+14
   0.268477E+14  -0.129812E+14  -0.919631E+13   0.124750E+15   0.126631E+12  -0.459511E+14
   0.295898E+14  -0.635081E+13  -0.501736E+13   0.126631E+12   0.158641E+15  -0.826526E+14
  -0.582270E+14   0.155162E+14   0.491806E+14  -0.459511E+14  -0.826526E+14   0.422244E+15
 trial position no.           14
 
 
 
 
 
 
 
 
 
 
 
 
  Covariance matrix; NOT corrected for  scaling
   0.129783E+15  -0.545749E+14   0.790689E+13   0.275893E+14   0.304173E+14  -0.628453E+14
  -0.545749E+14   0.112425E+15   0.354280E+14  -0.138520E+14  -0.653083E+13   0.165984E+14
   0.790689E+13   0.354280E+14   0.128319E+15  -0.883703E+13  -0.371651E+13   0.506737E+14
   0.275893E+14  -0.138520E+14  -0.883703E+13   0.126048E+15  -0.864390E+13  -0.536679E+14
   0.304173E+14  -0.653083E+13  -0.371651E+13  -0.864390E+13   0.160690E+15  -0.951319E+14
  -0.628453E+14   0.165984E+14   0.506737E+14  -0.536679E+14  -0.951319E+14   0.468601E+15
 trial position no.           15
 
 
 
 
 
 
 
 
 
 
 
 
  Covariance matrix; NOT corrected for  scaling
   0.136397E+15  -0.603632E+14   0.900270E+13   0.274633E+14   0.303931E+14  -0.675658E+14
  -0.603632E+14   0.125484E+15   0.389217E+14  -0.150784E+14  -0.675482E+13   0.186538E+14
   0.900271E+13   0.389217E+14   0.142283E+15  -0.852972E+13  -0.274252E+13   0.598522E+14
   0.274633E+14  -0.150784E+14  -0.852972E+13   0.130281E+15  -0.151657E+14  -0.510131E+14
   0.303931E+14  -0.675482E+13  -0.274252E+13  -0.151657E+14   0.165530E+15  -0.984080E+14
  -0.675658E+14   0.186538E+14   0.598522E+14  -0.510131E+14  -0.984080E+14   0.558578E+15
 trial position no.           16
 
 
 
 
 
 
 
 
 
 
 
 
  Covariance matrix; NOT corrected for  scaling
   0.142661E+15  -0.606290E+14   0.919565E+13   0.282801E+14   0.318354E+14  -0.732812E+14
  -0.606290E+14   0.119315E+15   0.369901E+14  -0.155508E+14  -0.705316E+13   0.205650E+14
   0.919565E+13   0.369901E+14   0.135185E+15  -0.706186E+13  -0.644142E+12   0.611487E+14
   0.282801E+14  -0.155508E+14  -0.706186E+13   0.131728E+15  -0.255615E+14  -0.542765E+14
   0.318354E+14  -0.705316E+13  -0.644143E+12  -0.255614E+14   0.167172E+15  -0.106904E+15
  -0.732812E+14   0.205650E+14   0.611487E+14  -0.542765E+14  -0.106904E+15   0.614317E+15
 trial position no.            7
 
 
 
 
 
 
 
 
 
 
 
 
  Covariance matrix; NOT corrected for  scaling
   0.639694E+14  -0.315534E+14   0.152506E+14   0.876441E+13   0.382305E+14  -0.407330E+13
  -0.315534E+14   0.259567E+15   0.538245E+14   0.194666E+14   0.770001E+12  -0.103920E+14
   0.152506E+14   0.538245E+14   0.315618E+15  -0.159375E+14  -0.133927E+14   0.281669E+14
   0.876441E+13   0.194666E+14  -0.159375E+14   0.234653E+15   0.100088E+15   0.104463E+15
   0.382305E+14   0.770001E+12  -0.133927E+14   0.100088E+15   0.305652E+15   0.950473E+14
  -0.407330E+13  -0.103919E+14   0.281669E+14   0.104463E+15   0.950473E+14   0.280090E+15
 trial position no.            8
 
 
 
 
 
 
 
 
 
 
 
 
  Covariance matrix; NOT corrected for  scaling
   0.679577E+14  -0.307671E+14   0.147088E+14   0.479653E+13   0.373597E+14  -0.123158E+14
  -0.307671E+14   0.208497E+15   0.426867E+14   0.185457E+14   0.357813E+12  -0.118988E+14
   0.147088E+14   0.426867E+14   0.252259E+15  -0.164706E+14  -0.121540E+14   0.300191E+14
   0.479653E+13   0.185457E+14  -0.164706E+14   0.209766E+15   0.622983E+14   0.506650E+14
   0.373597E+14   0.357817E+12  -0.121540E+14   0.622983E+14   0.277450E+15   0.293307E+14
  -0.123158E+14  -0.118988E+14   0.300191E+14   0.506650E+14   0.293307E+14   0.258452E+15
 trial position no.            9
 
 
 
 
 
 
 
 
 
 
 
 
  Covariance matrix; NOT corrected for  scaling
   0.721658E+14  -0.303051E+14   0.146076E+14   0.211299E+13   0.378600E+14  -0.189675E+14
  -0.303051E+14   0.174271E+15   0.347138E+14   0.170758E+14  -0.130100E+13  -0.137545E+14
   0.146076E+14   0.347138E+14   0.209946E+15  -0.144424E+14  -0.901827E+13   0.327866E+14
   0.211299E+13   0.170758E+14  -0.144424E+14   0.194243E+15   0.324252E+14   0.148720E+14
   0.378600E+14  -0.130100E+13  -0.901827E+13   0.324252E+14   0.259915E+15  -0.174526E+14
  -0.189675E+14  -0.137545E+14   0.327866E+14   0.148720E+14  -0.174526E+14   0.269907E+15
 trial position no.           10
 
 
 
 
 
 
 
 
 
 
 
 
  Covariance matrix; NOT corrected for  scaling
   0.762696E+14  -0.316669E+14   0.150208E+14   0.472692E+12   0.397504E+14  -0.247869E+14
  -0.316669E+14   0.167466E+15   0.335395E+14   0.151694E+14  -0.543420E+13  -0.157032E+14
   0.150208E+14   0.335394E+14   0.201080E+15  -0.110952E+14  -0.496518E+13   0.377171E+14
   0.472691E+12   0.151694E+14  -0.110952E+14   0.186548E+15   0.877253E+13   0.111705E+12
   0.397504E+14  -0.543420E+13  -0.496518E+13   0.877253E+13   0.252046E+15  -0.425043E+14
  -0.247869E+14  -0.157032E+14   0.377171E+14   0.111705E+12  -0.425043E+14   0.319562E+15
 trial position no.           11
 
 
 
 
 
 
 
 
 
 
 
 
  Covariance matrix; NOT corrected for  scaling
   0.807064E+14  -0.322659E+14   0.149348E+14  -0.238012E+13   0.405214E+14  -0.307451E+14
  -0.322659E+14   0.148623E+15   0.288931E+14   0.142692E+14  -0.716383E+13  -0.156992E+14
   0.149348E+14   0.288931E+14   0.177646E+15  -0.109269E+14  -0.398755E+13   0.397203E+14
  -0.238012E+13   0.142692E+14  -0.109269E+14   0.182976E+15  -0.119354E+14  -0.169528E+14
   0.405214E+14  -0.716383E+13  -0.398755E+13  -0.119354E+14   0.248370E+15  -0.706268E+14
  -0.307451E+14  -0.156992E+14   0.397203E+14  -0.169528E+14  -0.706268E+14   0.363036E+15
 trial position no.           12
 
 
 
 
 
 
 
 
 
 
 
 
  Covariance matrix; NOT corrected for  scaling
   0.853526E+14  -0.325985E+14   0.149730E+14  -0.465426E+13   0.418529E+14  -0.365625E+14
  -0.325985E+14   0.134097E+15   0.254232E+14   0.139753E+14  -0.868199E+13  -0.153027E+14
   0.149730E+14   0.254232E+14   0.159658E+15  -0.973594E+13  -0.261270E+13   0.408652E+14
  -0.465426E+13   0.139753E+14  -0.973594E+13   0.183225E+15  -0.304164E+14  -0.291168E+14
   0.418529E+14  -0.868199E+13  -0.261270E+13  -0.304164E+14   0.248759E+15  -0.937955E+14
  -0.365625E+14  -0.153027E+14   0.408652E+14  -0.291168E+14  -0.937955E+14   0.413455E+15
 trial position no.           13
 
 
 
 
 
 
 
 
 
 
 
 
  Covariance matrix; NOT corrected for  scaling
   0.900892E+14  -0.325601E+14   0.149955E+14  -0.583924E+13   0.440743E+14  -0.425396E+14
  -0.325601E+14   0.122531E+15   0.233053E+14   0.123636E+14  -0.106632E+14  -0.141797E+14
   0.149955E+14   0.233053E+14   0.145672E+15  -0.769536E+13   0.777405E+12   0.403043E+14
  -0.583924E+13   0.123636E+14  -0.769536E+13   0.183294E+15  -0.497522E+14  -0.359063E+14
   0.440743E+14  -0.106632E+14   0.777405E+12  -0.497522E+14   0.248962E+15  -0.110840E+15
  -0.425396E+14  -0.141797E+14   0.403043E+14  -0.359063E+14  -0.110840E+15   0.465236E+15
 trial position no.           14
 
 
 
 
 
 
 
 
 
 
 
 
  Covariance matrix; NOT corrected for  scaling
   0.953995E+14  -0.331147E+14   0.151064E+14  -0.733883E+13   0.455975E+14  -0.476261E+14
  -0.331147E+14   0.114032E+15   0.215514E+14   0.114812E+14  -0.115434E+14  -0.135576E+14
   0.151064E+14   0.215514E+14   0.135158E+15  -0.752954E+13   0.226360E+13   0.408166E+14
  -0.733883E+13   0.114812E+14  -0.752954E+13   0.187993E+15  -0.640908E+14  -0.431794E+14
   0.455975E+14  -0.115434E+14   0.226360E+13  -0.640908E+14   0.253983E+15  -0.127553E+15
  -0.476261E+14  -0.135576E+14   0.408166E+14  -0.431794E+14  -0.127553E+15   0.519852E+15
 trial position no.           15
 
 
 
 
 
 
 
 
 
 
 
 
  Covariance matrix; NOT corrected for  scaling
   0.100832E+15  -0.368850E+14   0.166208E+14  -0.961765E+13   0.461007E+14  -0.531817E+14
  -0.368850E+14   0.126887E+15   0.236398E+14   0.125004E+14  -0.132640E+14  -0.153843E+14
   0.166208E+14   0.236398E+14   0.149794E+15  -0.746247E+13   0.344597E+13   0.480897E+14
  -0.961765E+13   0.125004E+14  -0.746247E+13   0.197043E+15  -0.753990E+14  -0.389138E+14
   0.461007E+14  -0.132640E+14   0.344597E+13  -0.753990E+14   0.261401E+15  -0.134151E+15
  -0.531817E+14  -0.153843E+14   0.480897E+14  -0.389138E+14  -0.134151E+15   0.622854E+15
 trial position no.           16
 
 
 
 
 
 
 
 
 
 
 
 
  Covariance matrix; NOT corrected for  scaling
   0.106288E+15  -0.372801E+14   0.165181E+14  -0.105550E+14   0.479134E+14  -0.595242E+14
  -0.372801E+14   0.120662E+15   0.228628E+14   0.116123E+14  -0.145929E+14  -0.136080E+14
   0.165181E+14   0.228628E+14   0.142422E+15  -0.612633E+13   0.527051E+13   0.482545E+14
  -0.105550E+14   0.116123E+14  -0.612633E+13   0.201660E+15  -0.911585E+14  -0.407821E+14
   0.479134E+14  -0.145929E+14   0.527051E+13  -0.911585E+14   0.265462E+15  -0.145731E+15
  -0.595242E+14  -0.136079E+14   0.482545E+14  -0.407821E+14  -0.145731E+15   0.687333E+15
 trial position no.            7
 
 
 
 
 
 
 
 
 
 
 
 
  Covariance matrix; NOT corrected for  scaling
   0.182568E+15   0.861715E+13  -0.208583E+13   0.111224E+14   0.662471E+14  -0.549791E+14
   0.861715E+13   0.365261E+15   0.140154E+15  -0.152404E+14  -0.146690E+14  -0.127947E+13
  -0.208583E+13   0.140154E+15   0.326886E+15   0.101017E+14   0.399831E+13   0.448156E+12
   0.111225E+14  -0.152404E+14   0.101017E+14   0.263297E+15   0.173298E+15   0.979609E+14
   0.662471E+14  -0.146690E+14   0.399831E+13   0.173298E+15   0.284694E+15   0.852773E+14
  -0.549791E+14  -0.127947E+13   0.448154E+12   0.979609E+14   0.852773E+14   0.255524E+15
 trial position no.            8
 
 
 
 
 
 
 
 
 
 
 
 
  Covariance matrix; NOT corrected for  scaling
   0.203142E+15   0.908584E+13  -0.126908E+13   0.100196E+14   0.738900E+14  -0.623675E+14
   0.908584E+13   0.296940E+15   0.118849E+15  -0.117406E+14  -0.104660E+14   0.351620E+13
  -0.126908E+13   0.118849E+15   0.263742E+15   0.791846E+13   0.271953E+13  -0.183134E+13
   0.100196E+14  -0.117406E+14   0.791846E+13   0.223506E+15   0.127661E+15   0.261531E+14
   0.738900E+14  -0.104660E+14   0.271953E+13   0.127661E+15   0.246662E+15   0.982737E+13
  -0.623675E+14   0.351620E+13  -0.183134E+13   0.261531E+14   0.982737E+13   0.231298E+15
 trial position no.            9
 
 
 
 
 
 
 
 
 
 
 
 
  Covariance matrix; NOT corrected for  scaling
   0.222403E+15   0.950832E+13  -0.569693E+12   0.928931E+13   0.810112E+14  -0.689888E+14
   0.950832E+13   0.250333E+15   0.102469E+15  -0.964078E+13  -0.768418E+13   0.632935E+13
  -0.569694E+12   0.102469E+15   0.221189E+15   0.657312E+13   0.218678E+13  -0.317770E+13
   0.928930E+13  -0.964078E+13   0.657312E+13   0.198299E+15   0.963337E+14  -0.205783E+14
   0.810112E+14  -0.768418E+13   0.218678E+13   0.963337E+14   0.223157E+15  -0.398759E+14
  -0.689888E+14   0.632935E+13  -0.317770E+13  -0.205783E+14  -0.398759E+14   0.247091E+15
 trial position no.           10
 
 
 
 
 
 
 
 
 
 
 
 
  Covariance matrix; NOT corrected for  scaling
   0.239790E+15   0.104840E+14   0.161955E+12   0.904599E+13   0.875344E+14  -0.739998E+14
   0.104840E+14   0.244487E+15   0.102176E+15  -0.869747E+13  -0.601182E+13   0.846906E+13
   0.161956E+12   0.102176E+15   0.214903E+15   0.593635E+13   0.204550E+13  -0.419982E+13
   0.904600E+13  -0.869747E+13   0.593635E+13   0.185955E+15   0.777501E+14  -0.450765E+14
   0.875344E+14  -0.601182E+13   0.204550E+13   0.777501E+14   0.212263E+15  -0.665626E+14
  -0.739998E+14   0.846906E+13  -0.419982E+13  -0.450765E+14  -0.665626E+14   0.297195E+15
 trial position no.           11
 
 
 
 
 
 
 
 
 
 
 
 
  Covariance matrix; NOT corrected for  scaling
   0.255212E+15   0.108076E+14   0.885524E+12   0.842110E+13   0.924294E+14  -0.786961E+14
   0.108076E+14   0.217984E+15   0.921627E+14  -0.735485E+13  -0.416125E+13   0.979217E+13
   0.885524E+12   0.921627E+14   0.190913E+15   0.509816E+13   0.187753E+13  -0.492226E+13
   0.842110E+13  -0.735485E+13   0.509816E+13   0.173551E+15   0.585117E+14  -0.711649E+14
   0.924294E+14  -0.416125E+13   0.187753E+13   0.585117E+14   0.200406E+15  -0.943006E+14
  -0.786961E+14   0.979217E+13  -0.492226E+13  -0.711649E+14  -0.943006E+14   0.347989E+15
 trial position no.           12
 
 
 
 
 
 
 
 
 
 
 
 
  Covariance matrix; NOT corrected for  scaling
   0.268965E+15   0.110438E+14   0.152728E+13   0.800494E+13   0.964223E+14  -0.824959E+14
   0.110438E+14   0.197865E+15   0.841464E+14  -0.637487E+13  -0.276053E+13   0.106262E+14
   0.152728E+13   0.841464E+14   0.172844E+15   0.447015E+13   0.182943E+13  -0.544838E+13
   0.800494E+13  -0.637487E+13   0.447015E+13   0.166014E+15   0.436775E+14  -0.912307E+14
   0.964223E+14  -0.276053E+13   0.182943E+13   0.436775E+14   0.193024E+15  -0.115398E+15
  -0.824959E+14   0.106262E+14  -0.544838E+13  -0.912307E+14  -0.115398E+15   0.406335E+15
 trial position no.           13
 
 
 
 
 
 
 
 
 
 
 
 
  Covariance matrix; NOT corrected for  scaling
   0.281403E+15   0.112438E+14   0.210410E+13   0.805114E+13   0.998771E+14  -0.857324E+14
   0.112438E+14   0.182159E+15   0.776018E+14  -0.576846E+13  -0.171928E+13   0.112019E+14
   0.210410E+13   0.776018E+14   0.158825E+15   0.401757E+13   0.193888E+13  -0.591741E+13
   0.805114E+13  -0.576846E+13   0.401757E+13   0.162070E+15   0.319491E+14  -0.107842E+15
   0.998771E+14  -0.171928E+13   0.193888E+13   0.319491E+14   0.189040E+15  -0.132552E+15
  -0.857324E+14   0.112019E+14  -0.591741E+13  -0.107842E+15  -0.132552E+15   0.468877E+15
 trial position no.           14
 
 
 
 
 
 
 
 
 
 
 
 
  Covariance matrix; NOT corrected for  scaling
   0.293380E+15   0.113989E+14   0.261306E+13   0.829997E+13   0.102930E+15  -0.885793E+14
   0.113989E+14   0.169594E+15   0.721683E+14  -0.536265E+13  -0.867247E+12   0.115203E+14
   0.261306E+13   0.721683E+14   0.147665E+15   0.363922E+13   0.211759E+13  -0.631035E+13
   0.829998E+13  -0.536265E+13   0.363922E+13   0.161120E+15   0.224949E+14  -0.122454E+15
   0.102930E+15  -0.867247E+12   0.211759E+13   0.224949E+14   0.187822E+15  -0.147335E+15
  -0.885793E+14   0.115203E+14  -0.631035E+13  -0.122454E+15  -0.147335E+15   0.533291E+15
 trial position no.           15
 
 
 
 
 
 
 
 
 
 
 
 
  Covariance matrix; NOT corrected for  scaling
   0.302744E+15   0.125481E+14   0.343610E+13   0.915823E+13   0.105130E+15  -0.890354E+14
   0.125481E+14   0.189275E+15   0.808877E+14  -0.523236E+13   0.850358E+11   0.130121E+14
   0.343610E+13   0.808877E+14   0.164522E+15   0.350778E+13   0.242963E+13  -0.718525E+13
   0.915823E+13  -0.523236E+13   0.350778E+13   0.162032E+15   0.147166E+14  -0.127419E+15
   0.105130E+15   0.850362E+11   0.242963E+13   0.147166E+14   0.187867E+15  -0.151720E+15
  -0.890354E+14   0.130121E+14  -0.718525E+13  -0.127419E+15  -0.151720E+15   0.636787E+15
 trial position no.           16
 
 
 
 
 
 
 
 
 
 
 
 
  Covariance matrix; NOT corrected for  scaling
   0.311847E+15   0.127120E+14   0.399710E+13   0.974471E+13   0.106576E+15  -0.901088E+14
   0.127120E+14   0.181534E+15   0.776904E+14  -0.484275E+13   0.880322E+12   0.130030E+14
   0.399710E+13   0.776904E+14   0.157604E+15   0.315932E+13   0.260283E+13  -0.744169E+13
   0.974471E+13  -0.484275E+13   0.315932E+13   0.162684E+15   0.590366E+13  -0.139395E+15
   0.106576E+15   0.880323E+12   0.260283E+13   0.590365E+13   0.187334E+15  -0.162788E+15
  -0.901088E+14   0.130030E+14  -0.744169E+13  -0.139395E+15  -0.162788E+15   0.715199E+15
 trial position no.            7
 
 
 
 
 
 
 
 
 
 
 
 
  Covariance matrix; NOT corrected for  scaling
   0.774790E+14  -0.471230E+14   0.203215E+14   0.190137E+14   0.500034E+14   0.383870E+13
  -0.471230E+14   0.303842E+15   0.445922E+14   0.115305E+14  -0.160022E+14  -0.229797E+14
   0.203215E+14   0.445922E+14   0.256032E+15  -0.120460E+14  -0.506223E+13   0.256535E+14
   0.190137E+14   0.115305E+14  -0.120460E+14   0.229293E+15   0.118032E+15   0.878139E+14
   0.500034E+14  -0.160022E+14  -0.506223E+13   0.118032E+15   0.279116E+15   0.106183E+15
   0.383870E+13  -0.229797E+14   0.256535E+14   0.878139E+14   0.106183E+15   0.269794E+15
 trial position no.            8
 
 
 
 
 
 
 
 
 
 
 
 
  Covariance matrix; NOT corrected for  scaling
   0.833457E+14  -0.464589E+14   0.195643E+14   0.136468E+14   0.481364E+14  -0.944104E+13
  -0.464589E+14   0.246534E+15   0.340157E+14   0.135120E+14  -0.125513E+14  -0.192028E+14
   0.195643E+14   0.340157E+14   0.202799E+15  -0.129871E+14  -0.505908E+13   0.255597E+14
   0.136468E+14   0.135120E+14  -0.129871E+14   0.203299E+15   0.812546E+14   0.329687E+14
   0.481364E+14  -0.125513E+14  -0.505908E+13   0.812546E+14   0.247116E+15   0.388148E+14
  -0.944104E+13  -0.192028E+14   0.255597E+14   0.329687E+14   0.388148E+14   0.249346E+15
 trial position no.            9
 
 
 
 
 
 
 
 
 
 
 
 
  Covariance matrix; NOT corrected for  scaling
   0.894376E+14  -0.462507E+14   0.194730E+14   0.100132E+14   0.480136E+14  -0.205433E+14
  -0.462507E+14   0.207721E+15   0.266871E+14   0.132538E+14  -0.122724E+14  -0.178484E+14
   0.194730E+14   0.266871E+14   0.168078E+15  -0.115542E+14  -0.300407E+13   0.266803E+14
   0.100132E+14   0.132538E+14  -0.115542E+14   0.186665E+15   0.527886E+14  -0.355226E+13
   0.480136E+14  -0.122724E+14  -0.300407E+13   0.527886E+14   0.226022E+15  -0.869717E+13
  -0.205433E+14  -0.178484E+14   0.266803E+14  -0.355226E+13  -0.869717E+13   0.263404E+15
 trial position no.           10
 
 
 
 
 
 
 
 
 
 
 
 
  Covariance matrix; NOT corrected for  scaling
   0.952405E+14  -0.486422E+14   0.201781E+14   0.804873E+13   0.496600E+14  -0.303293E+14
  -0.486422E+14   0.200745E+15   0.251765E+14   0.109833E+14  -0.162182E+14  -0.180037E+14
   0.201781E+14   0.251765E+14   0.160364E+15  -0.866678E+13   0.256739E+12   0.296385E+14
   0.804873E+13   0.109833E+14  -0.866678E+13   0.177229E+15   0.307719E+14  -0.191173E+14
   0.496601E+14  -0.162182E+14   0.256740E+12   0.307719E+14   0.214522E+15  -0.343923E+14
  -0.303293E+14  -0.180037E+14   0.296385E+14  -0.191173E+14  -0.343923E+14   0.315542E+15
 trial position no.           11
 
 
 
 
 
 
 
 
 
 
 
 
  Covariance matrix; NOT corrected for  scaling
   0.101347E+15  -0.495860E+14   0.201759E+14   0.434886E+13   0.496705E+14  -0.404588E+14
  -0.495860E+14   0.179280E+15   0.210094E+14   0.109189E+14  -0.164762E+14  -0.158748E+14
   0.201759E+14   0.210094E+14   0.141361E+15  -0.867337E+13   0.725134E+12   0.303394E+14
   0.434886E+13   0.109189E+14  -0.867337E+13   0.172926E+15   0.119044E+14  -0.364404E+14
   0.496705E+14  -0.164762E+14   0.725135E+12   0.119044E+14   0.206515E+15  -0.625907E+14
  -0.404588E+14  -0.158748E+14   0.303394E+14  -0.364404E+14  -0.625907E+14   0.362983E+15
 trial position no.           12
 
 
 
 
 
 
 
 
 
 
 
 
  Covariance matrix; NOT corrected for  scaling
   0.107507E+15  -0.500064E+14   0.202438E+14   0.142170E+13   0.503437E+14  -0.503022E+14
  -0.500064E+14   0.162225E+15   0.180886E+14   0.109987E+14  -0.168937E+14  -0.136370E+14
   0.202438E+14   0.180886E+14   0.127002E+15  -0.779353E+13   0.152657E+13   0.304324E+14
   0.142170E+13   0.109987E+14  -0.779353E+13   0.172385E+15  -0.457125E+13  -0.486786E+14
   0.503437E+14  -0.168937E+14   0.152657E+13  -0.457125E+13   0.202656E+15  -0.855211E+14
  -0.503022E+14  -0.136370E+14   0.304324E+14  -0.486786E+14  -0.855211E+14   0.417647E+15
 trial position no.           13
 
 
 
 
 
 
 
 
 
 
 
 
  Covariance matrix; NOT corrected for  scaling
   0.113529E+15  -0.497654E+14   0.201923E+14   0.190741E+12   0.521978E+14  -0.603585E+14
  -0.497654E+14   0.148211E+15   0.165451E+14   0.883169E+13  -0.182741E+14  -0.105801E+14
   0.201923E+14   0.165451E+14   0.115927E+15  -0.588458E+13   0.386895E+13   0.292134E+14
   0.190740E+12   0.883169E+13  -0.588458E+13   0.170954E+15  -0.219192E+14  -0.551013E+14
   0.521978E+14  -0.182741E+14   0.386895E+13  -0.219192E+14   0.199493E+15  -0.102576E+15
  -0.603585E+14  -0.105801E+14   0.292134E+14  -0.551013E+14  -0.102576E+15   0.473872E+15
 trial position no.           14
 
 
 
 
 
 
 
 
 
 
 
 
  Covariance matrix; NOT corrected for  scaling
   0.120252E+15  -0.503152E+14   0.202988E+14  -0.164370E+13   0.533145E+14  -0.690589E+14
  -0.503152E+14   0.137942E+15   0.151995E+14   0.790702E+13  -0.183354E+14  -0.873410E+13
   0.202988E+14   0.151995E+14   0.107610E+15  -0.567307E+13   0.474393E+13   0.291280E+14
  -0.164370E+13   0.790702E+13  -0.567307E+13   0.175030E+15  -0.345874E+14  -0.621855E+14
   0.533145E+14  -0.183354E+14   0.474393E+13  -0.345874E+14   0.200931E+15  -0.119148E+15
  -0.690589E+14  -0.873410E+13   0.291280E+14  -0.621855E+14  -0.119148E+15   0.533196E+15
 trial position no.           15
 
 
 
 
 
 
 
 
 
 
 
 
  Covariance matrix; NOT corrected for  scaling
   0.127074E+15  -0.556949E+14   0.222916E+14  -0.497177E+13   0.529281E+14  -0.786764E+14
  -0.556949E+14   0.153597E+15   0.164363E+14   0.895458E+13  -0.195916E+14  -0.962612E+13
   0.222916E+14   0.164363E+14   0.119218E+15  -0.573430E+13   0.560824E+13   0.341396E+14
  -0.497177E+13   0.895458E+13  -0.573430E+13   0.184079E+15  -0.447988E+14  -0.573924E+14
   0.529281E+14  -0.195916E+14   0.560824E+13  -0.447988E+14   0.203980E+15  -0.126106E+15
  -0.786764E+14  -0.962611E+13   0.341396E+14  -0.573924E+14  -0.126106E+15   0.642096E+15
 trial position no.           16
 
 
 
 
 
 
 
 
 
 
 
 
  Covariance matrix; NOT corrected for  scaling
   0.133469E+15  -0.557157E+14   0.220596E+14  -0.602079E+13   0.542019E+14  -0.890540E+14
  -0.557157E+14   0.145616E+15   0.160800E+14   0.751653E+13  -0.200810E+14  -0.664580E+13
   0.220596E+14   0.160800E+14   0.113339E+15  -0.442435E+13   0.666247E+13   0.336717E+14
  -0.602078E+13   0.751653E+13  -0.442435E+13   0.187959E+15  -0.590942E+14  -0.580224E+14
   0.542019E+14  -0.200810E+14   0.666247E+13  -0.590942E+14   0.205239E+15  -0.137970E+15
  -0.890540E+14  -0.664580E+13   0.336717E+14  -0.580224E+14  -0.137970E+15   0.712249E+15
 trial position no.            7
 
 
 
 
 
 
 
 
 
 
 
 
  Covariance matrix; NOT corrected for  scaling
   0.596570E+14  -0.408967E+14   0.191822E+14   0.177522E+14   0.147360E+14   0.163293E+13
  -0.408967E+14   0.168838E+15   0.110555E+14  -0.945033E+13  -0.134880E+13  -0.113371E+14
   0.191822E+14   0.110555E+14   0.225334E+15  -0.141365E+14  -0.170091E+14   0.311650E+14
   0.177522E+14  -0.945033E+13  -0.141365E+14   0.138576E+15   0.730696E+14   0.713919E+14
   0.147360E+14  -0.134880E+13  -0.170091E+14   0.730696E+14   0.168926E+15   0.620478E+14
   0.163293E+13  -0.113371E+14   0.311650E+14   0.713919E+14   0.620478E+14   0.203478E+15
 trial position no.            8
 
 
 
 
 
 
 
 
 
 
 
 
  Covariance matrix; NOT corrected for  scaling
   0.642539E+14  -0.402583E+14   0.185736E+14   0.152295E+14   0.119319E+14  -0.508822E+13
  -0.402584E+14   0.137071E+15   0.778778E+13  -0.713551E+13   0.961818E+12  -0.768722E+13
   0.185736E+14   0.778778E+13   0.181449E+15  -0.145445E+14  -0.162503E+14   0.329122E+14
   0.152295E+14  -0.713551E+13  -0.145445E+14   0.121095E+15   0.517777E+14   0.368179E+14
   0.119319E+14   0.961818E+12  -0.162503E+14   0.517777E+14   0.151423E+15   0.237682E+14
  -0.508822E+13  -0.768722E+13   0.329122E+14   0.368179E+14   0.237682E+14   0.190368E+15
 trial position no.            9
 
 
 
 
 
 
 
 
 
 
 
 
  Covariance matrix; NOT corrected for  scaling
   0.688755E+14  -0.397885E+14   0.183890E+14   0.142008E+14   0.105763E+14  -0.101125E+14
  -0.397885E+14   0.115491E+15   0.506426E+13  -0.629152E+13   0.176796E+13  -0.609783E+13
   0.183890E+14   0.506426E+13   0.151580E+15  -0.123372E+14  -0.135077E+14   0.358484E+14
   0.142008E+14  -0.629152E+13  -0.123372E+14   0.109463E+15   0.350534E+14   0.133943E+14
   0.105763E+14   0.176796E+13  -0.135077E+14   0.350534E+14   0.139627E+15  -0.356763E+13
  -0.101125E+14  -0.609783E+13   0.358484E+14   0.133943E+14  -0.356764E+13   0.197698E+15
 trial position no.           10
 
 
 
 
 
 
 
 
 
 
 
 
  Covariance matrix; NOT corrected for  scaling
   0.728160E+14  -0.412651E+14   0.184556E+14   0.144253E+14   0.108748E+14  -0.144579E+14
  -0.412651E+14   0.111451E+15   0.470770E+13  -0.762262E+13   0.372811E+12  -0.546715E+13
   0.184556E+14   0.470770E+13   0.144838E+15  -0.892284E+13  -0.960559E+13   0.413864E+14
   0.144253E+14  -0.762262E+13  -0.892284E+13   0.102894E+15   0.221794E+14   0.388900E+13
   0.108748E+14   0.372811E+12  -0.960559E+13   0.221794E+14   0.132911E+15  -0.169051E+14
  -0.144579E+14  -0.546715E+13   0.413865E+14   0.388900E+13  -0.169051E+14   0.232152E+15
 trial position no.           11
 
 
 
 
 
 
 
 
 
 
 
 
  Covariance matrix; NOT corrected for  scaling
   0.773709E+14  -0.419735E+14   0.180959E+14   0.131859E+14   0.958878E+13  -0.190426E+14
  -0.419735E+14   0.100001E+15   0.331065E+13  -0.759183E+13   0.530682E+12  -0.368698E+13
   0.180959E+14   0.331065E+13   0.128333E+15  -0.871412E+13  -0.897455E+13   0.436185E+14
   0.131859E+14  -0.759183E+13  -0.871412E+13   0.986617E+14   0.115521E+14  -0.757013E+13
   0.958878E+13   0.530682E+12  -0.897455E+13   0.115521E+14   0.130156E+15  -0.325919E+14
  -0.190426E+14  -0.368698E+13   0.436185E+14  -0.757013E+13  -0.325919E+14   0.260075E+15
 trial position no.           12
 
 
 
 
 
 
 
 
 
 
 
 
  Covariance matrix; NOT corrected for  scaling
   0.817825E+14  -0.420709E+14   0.178260E+14   0.124841E+14   0.887196E+13  -0.235271E+14
  -0.420709E+14   0.906014E+14   0.232236E+13  -0.726562E+13   0.710401E+12  -0.208259E+13
   0.178260E+14   0.232236E+13   0.115261E+15  -0.753499E+13  -0.766258E+13   0.449511E+14
   0.124841E+14  -0.726562E+13  -0.753499E+13   0.966467E+14   0.204225E+13  -0.158602E+14
   0.887196E+13   0.710402E+12  -0.766258E+13   0.204225E+13   0.129415E+15  -0.453356E+14
  -0.235271E+14  -0.208259E+13   0.449511E+14  -0.158602E+14  -0.453356E+14   0.292060E+15
 trial position no.           13
 
 
 
 
 
 
 
 
 
 
 
 
  Covariance matrix; NOT corrected for  scaling
   0.856001E+14  -0.414830E+14   0.170390E+14   0.130131E+14   0.968188E+13  -0.282733E+14
  -0.414830E+14   0.827395E+14   0.228671E+13  -0.797919E+13  -0.123810E+12  -0.359675E+12
   0.170390E+14   0.228671E+13   0.104596E+15  -0.537913E+13  -0.434434E+13   0.448925E+14
   0.130131E+14  -0.797919E+13  -0.537913E+13   0.948936E+14  -0.844382E+13  -0.209155E+14
   0.968188E+13  -0.123811E+12  -0.434434E+13  -0.844382E+13   0.127685E+15  -0.542666E+14
  -0.282733E+14  -0.359676E+12   0.448925E+14  -0.209155E+14  -0.542666E+14   0.324912E+15
 trial position no.           14
 
 
 
 
 
 
 
 
 
 
 
 
  Covariance matrix; NOT corrected for  scaling
   0.903486E+14  -0.419302E+14   0.165667E+14   0.130172E+14   0.948793E+13  -0.321089E+14
  -0.419302E+14   0.773559E+14   0.218688E+13  -0.846183E+13  -0.236258E+12   0.898882E+12
   0.165667E+14   0.218688E+13   0.969000E+14  -0.510709E+13  -0.319602E+13   0.459470E+14
   0.130172E+14  -0.846184E+13  -0.510709E+13   0.960660E+14  -0.157274E+14  -0.261580E+14
   0.948793E+13  -0.236258E+12  -0.319602E+13  -0.157274E+14   0.130040E+15  -0.635656E+14
  -0.321089E+14   0.898885E+12   0.459470E+14  -0.261580E+14  -0.635656E+14   0.359622E+15
 trial position no.           15
 
 
 
 
 
 
 
 
 
 
 
 
  Covariance matrix; NOT corrected for  scaling
   0.953574E+14  -0.463625E+14   0.178795E+14   0.119813E+14   0.809081E+13  -0.364591E+14
  -0.463625E+14   0.863890E+14   0.221794E+13  -0.894331E+13   0.297939E+12   0.151789E+13
   0.178795E+14   0.221794E+13   0.107390E+15  -0.479019E+13  -0.254973E+13   0.542204E+14
   0.119813E+14  -0.894331E+13  -0.479019E+13   0.997841E+14  -0.209307E+14  -0.226377E+14
   0.809080E+13   0.297939E+12  -0.254973E+13  -0.209307E+14   0.135227E+15  -0.650561E+14
  -0.364591E+14   0.151789E+13   0.542204E+14  -0.226377E+14  -0.650561E+14   0.430741E+15
 trial position no.           16
 
 
 
 
 
 
 
 
 
 
 
 
  Covariance matrix; NOT corrected for  scaling
   0.993847E+14  -0.461259E+14   0.168567E+14   0.122775E+14   0.881902E+13  -0.420015E+14
  -0.461259E+14   0.818246E+14   0.274445E+13  -0.935945E+13  -0.272058E+12   0.381216E+13
   0.168567E+14   0.274445E+13   0.101611E+15  -0.360001E+13  -0.525474E+12   0.551756E+14
   0.122775E+14  -0.935944E+13  -0.360001E+13   0.101157E+15  -0.296891E+14  -0.244180E+14
   0.881902E+13  -0.272058E+12  -0.525475E+12  -0.296891E+14   0.136905E+15  -0.710689E+14
  -0.420015E+14   0.381216E+13   0.551756E+14  -0.244180E+14  -0.710689E+14   0.473549E+15
 trial position no.            7
 
 
 
 
 
 
 
 
 
 
 
 
  Covariance matrix; NOT corrected for  scaling
   0.125533E+15  -0.300340E+14  -0.243861E+14  -0.131167E+14  -0.811349E+13  -0.274549E+14
  -0.300340E+14   0.284982E+15   0.520939E+14   0.137961E+13   0.149222E+14   0.186154E+14
  -0.243861E+14   0.520939E+14   0.364202E+15  -0.174296E+14  -0.104469E+14   0.100493E+14
  -0.131167E+14   0.137961E+13  -0.174296E+14   0.261078E+15   0.164126E+15   0.104410E+15
  -0.811349E+13   0.149222E+14  -0.104469E+14   0.164126E+15   0.299373E+15   0.984546E+14
  -0.274549E+14   0.186154E+14   0.100493E+14   0.104410E+15   0.984546E+14   0.280035E+15
 trial position no.            8
 
 
 
 
 
 
 
 
 
 
 
 
  Covariance matrix; NOT corrected for  scaling
   0.135694E+15  -0.307330E+14  -0.231969E+14  -0.106652E+14  -0.540684E+13  -0.193906E+14
  -0.307330E+14   0.229095E+15   0.462454E+14  -0.134421E+13   0.119797E+14   0.142921E+14
  -0.231969E+14   0.462454E+14   0.292029E+15  -0.163098E+14  -0.838240E+13   0.127445E+14
  -0.106652E+14  -0.134421E+13  -0.163098E+14   0.220762E+15   0.116509E+15   0.327921E+14
  -0.540684E+13   0.119797E+14  -0.838240E+13   0.116509E+15   0.257460E+15   0.211244E+14
  -0.193906E+14   0.142921E+14   0.127445E+14   0.327921E+14   0.211244E+14   0.257588E+15
 trial position no.            9
 
 
 
 
 
 
 
 
 
 
 
 
  Covariance matrix; NOT corrected for  scaling
   0.145526E+15  -0.310048E+14  -0.222583E+14  -0.832196E+13  -0.257702E+13  -0.122551E+14
  -0.310048E+14   0.191122E+15   0.401483E+14  -0.209903E+13   0.111593E+14   0.114349E+14
  -0.222583E+14   0.401484E+14   0.243319E+15  -0.145567E+14  -0.639216E+13   0.146357E+14
  -0.832196E+13  -0.209903E+13  -0.145567E+14   0.195637E+15   0.836392E+14  -0.132273E+14
  -0.257702E+13   0.111593E+14  -0.639216E+13   0.836392E+14   0.230985E+15  -0.300099E+14
  -0.122551E+14   0.114349E+14   0.146357E+14  -0.132273E+14  -0.300099E+14   0.276839E+15
 trial position no.           10
 
 
 
 
 
 
 
 
 
 
 
 
  Covariance matrix; NOT corrected for  scaling
   0.154902E+15  -0.334698E+14  -0.230018E+14  -0.661771E+13  -0.157755E+11  -0.610040E+13
  -0.334698E+14   0.184650E+15   0.401690E+14  -0.266626E+13   0.115745E+14   0.105545E+14
  -0.230018E+14   0.401690E+14   0.234780E+15  -0.140976E+14  -0.506493E+13   0.169810E+14
  -0.661771E+13  -0.266626E+13  -0.140976E+14   0.183033E+15   0.632080E+14  -0.355752E+14
  -0.157754E+11   0.115745E+14  -0.506493E+13   0.632080E+14   0.217855E+15  -0.566241E+14
  -0.610040E+13   0.105545E+14   0.169810E+14  -0.355752E+14  -0.566241E+14   0.335450E+15
 trial position no.           11
 
 
 
 
 
 
 
 
 
 
 
 
  Covariance matrix; NOT corrected for  scaling
   0.163663E+15  -0.346188E+14  -0.228384E+14  -0.517440E+13   0.259492E+13   0.245669E+12
  -0.346188E+14   0.163699E+15   0.364266E+14  -0.460868E+13   0.997585E+13   0.959460E+13
  -0.228384E+14   0.364266E+14   0.207813E+15  -0.143987E+14  -0.494291E+13   0.189560E+14
  -0.517440E+13  -0.460868E+13  -0.143987E+14   0.171040E+15   0.429242E+14  -0.596309E+14
   0.259492E+13   0.997585E+13  -0.494291E+13   0.429242E+14   0.205679E+15  -0.852929E+14
   0.245669E+12   0.959460E+13   0.189560E+14  -0.596309E+14  -0.852929E+14   0.392080E+15
 trial position no.           12
 
 
 
 
 
 
 
 
 
 
 
 
  Covariance matrix; NOT corrected for  scaling
   0.172288E+15  -0.351561E+14  -0.222914E+14  -0.376151E+13   0.524602E+13   0.579311E+13
  -0.351561E+14   0.147586E+15   0.327860E+14  -0.521691E+13   0.965822E+13   0.836821E+13
  -0.222914E+14   0.327860E+14   0.187165E+15  -0.139202E+14  -0.419963E+13   0.202350E+14
  -0.376151E+13  -0.521691E+13  -0.139202E+14   0.163893E+15   0.267773E+14  -0.776602E+14
   0.524602E+13   0.965823E+13  -0.419963E+13   0.267773E+14   0.198370E+15  -0.107591E+15
   0.579311E+13   0.836821E+13   0.202350E+14  -0.776602E+14  -0.107591E+15   0.456856E+15
 trial position no.           13
 
 
 
 
 
 
 
 
 
 
 
 
  Covariance matrix; NOT corrected for  scaling
   0.180868E+15  -0.353392E+14  -0.214349E+14  -0.269338E+13   0.755399E+13   0.109452E+14
  -0.353392E+14   0.135088E+15   0.295945E+14  -0.517296E+13   0.997464E+13   0.666171E+13
  -0.214349E+14   0.295945E+14   0.171088E+15  -0.131905E+14  -0.319859E+13   0.208054E+14
  -0.269338E+13  -0.517296E+13  -0.131905E+14   0.160146E+15   0.134220E+14  -0.914947E+14
   0.755399E+13   0.997464E+13  -0.319859E+13   0.134220E+14   0.194822E+15  -0.125547E+15
   0.109452E+14   0.666171E+13   0.208054E+14  -0.914947E+14  -0.125547E+15   0.525121E+15
 trial position no.           14
 
 
 
 
 
 
 
 
 
 
 
 
  Covariance matrix; NOT corrected for  scaling
   0.189623E+15  -0.359853E+14  -0.210309E+14  -0.155202E+13   0.956643E+13   0.155405E+14
  -0.359853E+14   0.125686E+15   0.273462E+14  -0.604157E+13   0.957442E+13   0.608318E+13
  -0.210309E+14   0.273462E+14   0.158809E+15  -0.134613E+14  -0.308009E+13   0.221734E+14
  -0.155202E+13  -0.604157E+13  -0.134613E+14   0.159839E+15   0.296505E+13  -0.103998E+15
   0.956643E+13   0.957442E+13  -0.308009E+13   0.296505E+13   0.195002E+15  -0.142072E+15
   0.155405E+14   0.608317E+13   0.221734E+14  -0.103998E+15  -0.142072E+15   0.596123E+15
 trial position no.           15
 
 
 
 
 
 
 
 
 
 
 
 
  Covariance matrix; NOT corrected for  scaling
   0.197670E+15  -0.398507E+14  -0.225714E+14   0.359650E+12   0.123437E+14   0.213381E+14
  -0.398507E+14   0.139849E+15   0.304395E+14  -0.731460E+13   0.103500E+14   0.678898E+13
  -0.225714E+14   0.304395E+14   0.176373E+15  -0.147057E+14  -0.288113E+13   0.261365E+14
   0.359650E+12  -0.731460E+13  -0.147057E+14   0.161340E+15  -0.619546E+13  -0.104861E+15
   0.123437E+14   0.103500E+14  -0.288113E+13  -0.619546E+13   0.196544E+15  -0.147167E+15
   0.213381E+14   0.678898E+13   0.261365E+14  -0.104861E+15  -0.147167E+15   0.717865E+15
 trial position no.           16
 
 
 
 
 
 
 
 
 
 
 
 
  Covariance matrix; NOT corrected for  scaling
   0.206254E+15  -0.403648E+14  -0.220739E+14   0.138918E+13   0.146149E+14   0.257170E+14
  -0.403648E+14   0.133537E+15   0.286660E+14  -0.767675E+13   0.106677E+14   0.638004E+13
  -0.220739E+14   0.286660E+14   0.168247E+15  -0.145823E+14  -0.230845E+13   0.277902E+14
   0.138918E+13  -0.767675E+13  -0.145823E+14   0.162520E+15  -0.166716E+14  -0.113875E+15
   0.146149E+14   0.106677E+14  -0.230845E+13  -0.166716E+14   0.198237E+15  -0.160278E+15
   0.257170E+14   0.638004E+13   0.277902E+14  -0.113875E+15  -0.160278E+15   0.805904E+15
 trial position no.            7
 
 
 
 
 
 
 
 
 
 
 
 
  Covariance matrix; NOT corrected for  scaling
   0.931552E+14  -0.290865E+14  -0.121318E+14  -0.302435E+14  -0.518218E+14   0.893928E+13
  -0.290865E+14   0.361529E+15  -0.128769E+15  -0.853584E+13   0.382162E+14   0.147437E+14
  -0.121318E+14  -0.128769E+15   0.450937E+15  -0.982750E+13  -0.866142E+12   0.842970E+13
  -0.302435E+14  -0.853584E+13  -0.982750E+13   0.325541E+15   0.188774E+15   0.128361E+15
  -0.518218E+14   0.382162E+14  -0.866140E+12   0.188774E+15   0.445556E+15   0.138545E+15
   0.893928E+13   0.147437E+14   0.842970E+13   0.128361E+15   0.138545E+15   0.340718E+15
 trial position no.            8
 
 
 
 
 
 
 
 
 
 
 
 
  Covariance matrix; NOT corrected for  scaling
   0.992599E+14  -0.288172E+14  -0.114323E+14  -0.282994E+14  -0.527928E+14   0.206308E+14
  -0.288172E+14   0.291838E+15  -0.104291E+15  -0.105940E+14   0.343329E+14   0.981764E+13
  -0.114323E+14  -0.104291E+15   0.359444E+15  -0.919491E+13   0.633047E+12   0.954629E+13
  -0.282994E+14  -0.105940E+14  -0.919491E+13   0.280056E+15   0.127906E+15   0.441820E+14
  -0.527928E+14   0.343329E+14   0.633048E+12   0.127906E+15   0.397758E+15   0.333440E+14
   0.206308E+14   0.981764E+13   0.954629E+13   0.441820E+14   0.333440E+14   0.310057E+15
 trial position no.            9
 
 
 
 
 
 
 
 
 
 
 
 
  Covariance matrix; NOT corrected for  scaling
   0.105465E+15  -0.285132E+14  -0.114493E+14  -0.265071E+14  -0.532635E+14   0.315229E+14
  -0.285132E+14   0.244078E+15  -0.881239E+14  -0.106219E+14   0.340326E+14   0.665558E+13
  -0.114493E+14  -0.881239E+14   0.299117E+15  -0.740372E+13   0.155176E+13   0.101235E+14
  -0.265071E+14  -0.106219E+14  -0.740372E+13   0.252330E+15   0.839456E+14  -0.918804E+13
  -0.532635E+14   0.340326E+14   0.155176E+13   0.839456E+14   0.366639E+15  -0.399065E+14
   0.315229E+14   0.665558E+13   0.101235E+14  -0.918803E+13  -0.399065E+14   0.331755E+15
 trial position no.           10
 
 
 
 
 
 
 
 
 
 
 
 
  Covariance matrix; NOT corrected for  scaling
   0.111862E+15  -0.303718E+14  -0.124020E+14  -0.257939E+14  -0.541756E+14   0.404537E+14
  -0.303718E+14   0.236407E+15  -0.861487E+14  -0.110488E+14   0.368239E+14   0.534711E+13
  -0.124020E+14  -0.861487E+14   0.288299E+15  -0.614452E+13   0.251834E+13   0.112197E+14
  -0.257939E+14  -0.110488E+14  -0.614452E+13   0.239845E+15   0.556639E+14  -0.333537E+14
  -0.541756E+14   0.368239E+14   0.251834E+13   0.556639E+14   0.353118E+15  -0.809435E+14
   0.404537E+14   0.534711E+13   0.112197E+14  -0.333537E+14  -0.809435E+14   0.402364E+15
 trial position no.           11
 
 
 
 
 
 
 
 
 
 
 
 
  Covariance matrix; NOT corrected for  scaling
   0.118530E+15  -0.307510E+14  -0.127020E+14  -0.254640E+14  -0.549759E+14   0.504663E+14
  -0.307510E+14   0.209790E+15  -0.767124E+14  -0.135797E+14   0.351086E+14   0.416055E+13
  -0.127020E+14  -0.767124E+14   0.254905E+15  -0.586090E+13   0.212848E+13   0.117463E+14
  -0.254640E+14  -0.135797E+14  -0.586090E+13   0.228622E+15   0.281140E+14  -0.598679E+14
  -0.549759E+14   0.351086E+14   0.212849E+13   0.281140E+14   0.340822E+15  -0.126300E+15
   0.504663E+14   0.416055E+13   0.117463E+14  -0.598679E+14  -0.126300E+15   0.472132E+15
 trial position no.           12
 
 
 
 
 
 
 
 
 
 
 
 
  Covariance matrix; NOT corrected for  scaling
   0.125438E+15  -0.310860E+14  -0.130922E+14  -0.251750E+14  -0.553336E+14   0.599073E+14
  -0.310860E+14   0.189333E+15  -0.698095E+14  -0.142041E+14   0.352960E+14   0.254844E+13
  -0.130922E+14  -0.698095E+14   0.230015E+15  -0.493218E+13   0.219194E+13   0.118278E+14
  -0.251750E+14  -0.142041E+14  -0.493218E+13   0.222897E+15   0.505557E+13  -0.789283E+14
  -0.553336E+14   0.352960E+14   0.219194E+13   0.505557E+13   0.332966E+15  -0.163069E+15
   0.599073E+14   0.254844E+13   0.118278E+14  -0.789283E+14  -0.163069E+15   0.552932E+15
 trial position no.           13
 
 
 
 
 
 
 
 
 
 
 
 
  Covariance matrix; NOT corrected for  scaling
   0.132787E+15  -0.315268E+14  -0.134440E+14  -0.252269E+14  -0.558648E+14   0.689162E+14
  -0.315268E+14   0.173507E+15  -0.644802E+14  -0.138445E+14   0.362868E+14   0.138696E+12
  -0.134440E+14  -0.644802E+14   0.210911E+15  -0.394977E+13   0.250339E+13   0.114847E+14
  -0.252269E+14  -0.138445E+14  -0.394977E+13   0.220904E+15  -0.145861E+14  -0.924842E+14
  -0.558648E+14   0.362868E+14   0.250339E+13  -0.145861E+14   0.329455E+15  -0.193498E+15
   0.689162E+14   0.138701E+12   0.114847E+14  -0.924842E+14  -0.193498E+15   0.638272E+15
 trial position no.           14
 
 
 
 
 
 
 
 
 
 
 
 
  Covariance matrix; NOT corrected for  scaling
   0.140584E+15  -0.320527E+14  -0.138176E+14  -0.255047E+14  -0.570427E+14   0.778282E+14
  -0.320527E+14   0.161438E+15  -0.600273E+14  -0.149820E+14   0.358802E+14  -0.561983E+12
  -0.138176E+14  -0.600273E+14   0.196003E+15  -0.370656E+13   0.219045E+13   0.117050E+14
  -0.255047E+14  -0.149820E+14  -0.370656E+13   0.223082E+15  -0.295317E+14  -0.104999E+15
  -0.570427E+14   0.358802E+14   0.219045E+13  -0.295317E+14   0.331023E+15  -0.222181E+15
   0.778282E+14  -0.561985E+12   0.117050E+14  -0.104999E+15  -0.222181E+15   0.727887E+15
 trial position no.           15
 
 
 
 
 
 
 
 
 
 
 
 
  Covariance matrix; NOT corrected for  scaling
   0.148292E+15  -0.355121E+14  -0.155863E+14  -0.255939E+14  -0.575637E+14   0.864920E+14
  -0.355121E+14   0.179713E+15  -0.669302E+14  -0.170417E+14   0.393651E+14   0.577179E+11
  -0.155863E+14  -0.669302E+14   0.217728E+15  -0.328415E+13   0.219785E+13   0.136896E+14
  -0.255939E+14  -0.170417E+14  -0.328415E+13   0.228041E+15  -0.425735E+14  -0.102671E+15
  -0.575637E+14   0.393651E+14   0.219785E+13  -0.425735E+14   0.332956E+15  -0.236910E+15
   0.864920E+14   0.577184E+11   0.136896E+14  -0.102671E+15  -0.236910E+15   0.877380E+15
 trial position no.           16
 
 
 
 
 
 
 
 
 
 
 
 
  Covariance matrix; NOT corrected for  scaling
   0.156718E+15  -0.362650E+14  -0.162591E+14  -0.261630E+14  -0.578922E+14   0.950955E+14
  -0.362650E+14   0.171750E+15  -0.642680E+14  -0.174305E+14   0.402370E+14  -0.410327E+12
  -0.162591E+14  -0.642680E+14   0.208095E+15  -0.242741E+13   0.187138E+13   0.141304E+14
  -0.261630E+14  -0.174305E+14  -0.242741E+13   0.232031E+15  -0.581134E+14  -0.110283E+15
  -0.578922E+14   0.402370E+14   0.187138E+13  -0.581133E+14   0.334847E+15  -0.260556E+15
   0.950955E+14  -0.410324E+12   0.141304E+14  -0.110283E+15  -0.260556E+15   0.988613E+15
 trial position no.            7
 
 
 
 
 
 
 
 
 
 
 
 
  Covariance matrix; NOT corrected for  scaling
   0.451548E+14  -0.304181E+14   0.100503E+14   0.230440E+14   0.276195E+14  -0.479603E+13
  -0.304181E+14   0.182047E+15   0.697988E+14  -0.457247E+13  -0.146622E+14  -0.106516E+14
   0.100503E+14   0.697988E+14   0.177514E+15  -0.359993E+13  -0.432950E+13   0.163043E+14
   0.230440E+14  -0.457247E+13  -0.359993E+13   0.124590E+15   0.624467E+14   0.542222E+14
   0.276196E+14  -0.146622E+14  -0.432950E+13   0.624467E+14   0.145164E+15   0.596226E+14
  -0.479602E+13  -0.106516E+14   0.163043E+14   0.542222E+14   0.596226E+14   0.164413E+15
 trial position no.            8
 
 
 
 
 
 
 
 
 
 
 
 
  Covariance matrix; NOT corrected for  scaling
   0.480812E+14  -0.298210E+14   0.925013E+13   0.207353E+14   0.262129E+14  -0.127140E+14
  -0.298210E+14   0.148477E+15   0.565016E+14  -0.288700E+13  -0.118539E+14  -0.670247E+13
   0.925013E+13   0.565016E+14   0.142269E+15  -0.487685E+13  -0.471596E+13   0.160732E+14
   0.207353E+14  -0.288700E+13  -0.487685E+13   0.111106E+15   0.450650E+14   0.258887E+14
   0.262129E+14  -0.118539E+14  -0.471596E+13   0.450651E+14   0.131411E+15   0.271934E+14
  -0.127140E+14  -0.670247E+13   0.160732E+14   0.258887E+14   0.271934E+14   0.152390E+15
 trial position no.            9
 
 
 
 
 
 
 
 
 
 
 
 
  Covariance matrix; NOT corrected for  scaling
   0.514243E+14  -0.297208E+14   0.921551E+13   0.197395E+14   0.260901E+14  -0.191611E+14
  -0.297208E+14   0.125511E+15   0.466228E+14  -0.266785E+13  -0.113116E+14  -0.482156E+13
   0.921550E+13   0.466227E+14   0.118597E+15  -0.403017E+13  -0.347530E+13   0.170785E+14
   0.197395E+14  -0.266785E+13  -0.403017E+13   0.102238E+15   0.309584E+14   0.601228E+13
   0.260901E+14  -0.113116E+14  -0.347530E+13   0.309584E+14   0.122379E+15   0.333744E+13
  -0.191611E+14  -0.482156E+13   0.170785E+14   0.601228E+13   0.333744E+13   0.156697E+15
 trial position no.           10
 
 
 
 
 
 
 
 
 
 
 
 
  Covariance matrix; NOT corrected for  scaling
   0.547544E+14  -0.314837E+14   0.963520E+13   0.197757E+14   0.272079E+14  -0.245073E+14
  -0.314837E+14   0.121860E+15   0.448121E+14  -0.420648E+13  -0.140166E+14  -0.420447E+13
   0.963520E+13   0.448121E+14   0.113729E+15  -0.175323E+13  -0.146520E+13   0.197639E+14
   0.197757E+14  -0.420648E+13  -0.175323E+13   0.971192E+14   0.194646E+14  -0.275083E+13
   0.272079E+14  -0.140166E+14  -0.146520E+13   0.194646E+14   0.118029E+15  -0.926901E+13
  -0.245073E+14  -0.420447E+13   0.197639E+14  -0.275083E+13  -0.926901E+13   0.182810E+15
 trial position no.           11
 
 
 
 
 
 
 
 
 
 
 
 
  Covariance matrix; NOT corrected for  scaling
   0.581694E+14  -0.322865E+14   0.950690E+13   0.187806E+14   0.273262E+14  -0.303689E+14
  -0.322865E+14   0.109306E+15   0.391098E+14  -0.425215E+13  -0.143014E+14  -0.200793E+13
   0.950689E+13   0.391098E+14   0.100600E+15  -0.183334E+13  -0.139028E+13   0.206669E+14
   0.187806E+14  -0.425215E+13  -0.183334E+13   0.948365E+14   0.987465E+13  -0.124072E+14
   0.273262E+14  -0.143014E+14  -0.139028E+13   0.987464E+13   0.116410E+15  -0.235269E+14
  -0.303689E+14  -0.200792E+13   0.206669E+14  -0.124072E+14  -0.235269E+14   0.204400E+15
 trial position no.           12
 
 
 
 
 
 
 
 
 
 
 
 
  Covariance matrix; NOT corrected for  scaling
   0.616978E+14  -0.326619E+14   0.969848E+13   0.182569E+14   0.279116E+14  -0.361162E+14
  -0.326619E+14   0.990450E+14   0.345600E+14  -0.392316E+13  -0.147691E+14   0.511123E+11
   0.969848E+13   0.345600E+14   0.904393E+14  -0.987514E+12  -0.940721E+12   0.211229E+14
   0.182569E+14  -0.392316E+13  -0.987514E+12   0.946528E+14   0.112642E+13  -0.194795E+14
   0.279116E+14  -0.147691E+14  -0.940720E+12   0.112642E+13   0.116855E+15  -0.354945E+14
  -0.361162E+14   0.511118E+11   0.211229E+14  -0.194795E+14  -0.354945E+14   0.229616E+15
 trial position no.           13
 
 
 
 
 
 
 
 
 
 
 
 
  Covariance matrix; NOT corrected for  scaling
   0.654909E+14  -0.330075E+14   0.100002E+14   0.185113E+14   0.291876E+14  -0.417959E+14
  -0.330075E+14   0.910332E+14   0.313585E+14  -0.489341E+13  -0.156661E+14   0.215765E+13
   0.100002E+14   0.313585E+14   0.827243E+14   0.307183E+12   0.982371E+12   0.209210E+14
   0.185113E+14  -0.489341E+13   0.307184E+12   0.938300E+14  -0.899925E+13  -0.237776E+14
   0.291876E+14  -0.156661E+14   0.982371E+12  -0.899925E+13   0.116472E+15  -0.446356E+14
  -0.417959E+14   0.215765E+13   0.209210E+14  -0.237776E+14  -0.446356E+14   0.256082E+15
 trial position no.           14
 
 
 
 
 
 
 
 
 
 
 
 
  Covariance matrix; NOT corrected for  scaling
   0.695942E+14  -0.338222E+14   0.101095E+14   0.185958E+14   0.301155E+14  -0.469444E+14
  -0.338222E+14   0.853214E+14   0.289578E+14  -0.553458E+13  -0.159111E+14   0.386368E+13
   0.101095E+14   0.289578E+14   0.769874E+14   0.304110E+12   0.169920E+13   0.213676E+14
   0.185958E+14  -0.553458E+13   0.304111E+12   0.960668E+14  -0.161807E+14  -0.280289E+14
   0.301155E+14  -0.159111E+14   0.169921E+13  -0.161807E+14   0.119096E+15  -0.535691E+14
  -0.469444E+14   0.386368E+13   0.213676E+14  -0.280289E+14  -0.535691E+14   0.283832E+15
 trial position no.           15
 
 
 
 
 
 
 
 
 
 
 
 
  Covariance matrix; NOT corrected for  scaling
   0.735788E+14  -0.375856E+14   0.111313E+14   0.180095E+14   0.304714E+14  -0.521756E+14
  -0.375856E+14   0.952750E+14   0.317525E+14  -0.582578E+13  -0.175827E+14   0.477453E+13
   0.111313E+14   0.317525E+14   0.853430E+14   0.900370E+12   0.215903E+13   0.255493E+14
   0.180095E+14  -0.582578E+13   0.900370E+12   0.101291E+15  -0.214340E+14  -0.249484E+14
   0.304714E+14  -0.175827E+14   0.215903E+13  -0.214340E+14   0.124307E+15  -0.563299E+14
  -0.521756E+14   0.477453E+13   0.255493E+14  -0.249484E+14  -0.563299E+14   0.338869E+15
 trial position no.           16
 
 
 
 
 
 
 
 
 
 
 
 
  Covariance matrix; NOT corrected for  scaling
   0.775484E+14  -0.380740E+14   0.112377E+14   0.180941E+14   0.314923E+14  -0.579860E+14
  -0.380740E+14   0.907850E+14   0.302228E+14  -0.619641E+13  -0.181572E+14   0.701162E+13
   0.112377E+14   0.302228E+14   0.812969E+14   0.178338E+13   0.307788E+13   0.260188E+14
   0.180941E+14  -0.619641E+13   0.178338E+13   0.103374E+15  -0.302030E+14  -0.257251E+14
   0.314923E+14  -0.181572E+14   0.307788E+13  -0.302030E+14   0.126330E+15  -0.628540E+14
  -0.579860E+14   0.701162E+13   0.260188E+14  -0.257251E+14  -0.628540E+14   0.372447E+15
 trial position no.            7
 
 
 
 
 
 
 
 
 
 
 
 
  Covariance matrix; NOT corrected for  scaling
   0.115233E+15  -0.430994E+14   0.483952E+14   0.622068E+14   0.864974E+14  -0.200152E+13
  -0.430993E+14   0.281687E+15   0.921335E+14   0.992143E+13  -0.168671E+14  -0.226281E+14
   0.483952E+14   0.921335E+14   0.326368E+15   0.144995E+14   0.106030E+14   0.256261E+14
   0.622068E+14   0.992143E+13   0.144995E+14   0.236437E+15   0.156242E+15   0.924643E+14
   0.864974E+14  -0.168671E+14   0.106030E+14   0.156242E+15   0.284720E+15   0.878641E+14
  -0.200151E+13  -0.226281E+14   0.256261E+14   0.924643E+14   0.878641E+14   0.261363E+15
 trial position no.            8
 
 
 
 
 
 
 
 
 
 
 
 
  Covariance matrix; NOT corrected for  scaling
   0.126154E+15  -0.432032E+14   0.468209E+14   0.568118E+14   0.842572E+14  -0.286879E+14
  -0.432032E+14   0.226453E+15   0.713723E+14   0.110804E+14  -0.147055E+14  -0.186986E+14
   0.468209E+14   0.713723E+14   0.261525E+15   0.948563E+13   0.724355E+13   0.190073E+14
   0.568118E+14   0.110804E+14   0.948563E+13   0.206078E+15   0.119681E+15   0.298683E+14
   0.842572E+14  -0.147055E+14   0.724355E+13   0.119681E+15   0.252646E+15   0.171218E+14
  -0.286879E+14  -0.186986E+14   0.190073E+14   0.298683E+14   0.171218E+14   0.247833E+15
 trial position no.            9
 
 
 
 
 
 
 
 
 
 
 
 
  Covariance matrix; NOT corrected for  scaling
   0.137704E+15  -0.446485E+14   0.467245E+14   0.537422E+14   0.844466E+14  -0.523844E+14
  -0.446485E+14   0.190503E+15   0.573327E+14   0.959486E+13  -0.164778E+14  -0.165897E+14
   0.467245E+14   0.573327E+14   0.219013E+15   0.871832E+13   0.740715E+13   0.156039E+14
   0.537422E+14   0.959486E+13   0.871832E+13   0.185093E+15   0.915156E+14  -0.133917E+14
   0.844466E+14  -0.164778E+14   0.740715E+13   0.915155E+14   0.231325E+15  -0.335967E+14
  -0.523844E+14  -0.165897E+14   0.156039E+14  -0.133917E+14  -0.335967E+14   0.270746E+15
 trial position no.           10
 
 
 
 
 
 
 
 
 
 
 
 
  Covariance matrix; NOT corrected for  scaling
   0.148718E+15  -0.486589E+14   0.492447E+14   0.528689E+14   0.867011E+14  -0.734741E+14
  -0.486589E+14   0.184184E+15   0.542472E+14   0.634638E+13  -0.227039E+14  -0.155416E+14
   0.492447E+14   0.542472E+14   0.210861E+15   0.121609E+14   0.104805E+14   0.144659E+14
   0.528689E+14   0.634638E+13   0.121609E+14   0.171402E+15   0.696244E+14  -0.350105E+14
   0.867011E+14  -0.227039E+14   0.104805E+14   0.696244E+14   0.218572E+15  -0.620608E+14
  -0.734741E+14  -0.155416E+14   0.144659E+14  -0.350105E+14  -0.620608E+14   0.332096E+15
 trial position no.           11
 
 
 
 
 
 
 
 
 
 
 
 
  Covariance matrix; NOT corrected for  scaling
   0.158614E+15  -0.502908E+14   0.492168E+14   0.493086E+14   0.858732E+14  -0.953765E+14
  -0.502908E+14   0.164546E+15   0.463400E+14   0.664804E+13  -0.236280E+14  -0.123702E+14
   0.492168E+14   0.463400E+14   0.187051E+15   0.111490E+14   0.940817E+13   0.116948E+14
   0.493086E+14   0.664804E+13   0.111490E+14   0.162767E+15   0.510328E+14  -0.578593E+14
   0.858732E+14  -0.236280E+14   0.940817E+13   0.510328E+14   0.209393E+15  -0.921260E+14
  -0.953765E+14  -0.123702E+14   0.116948E+14  -0.578593E+14  -0.921260E+14   0.391634E+15
 trial position no.           12
 
 
 
 
 
 
 
 
 
 
 
 
  Covariance matrix; NOT corrected for  scaling
   0.167999E+15  -0.515664E+14   0.489696E+14   0.467068E+14   0.857627E+14  -0.116045E+15
  -0.515664E+14   0.149542E+15   0.408326E+14   0.681401E+13  -0.252603E+14  -0.888250E+13
   0.489696E+14   0.408326E+14   0.168738E+15   0.112402E+14   0.858196E+13   0.906150E+13
   0.467068E+14   0.681401E+13   0.112402E+14   0.158016E+15   0.350928E+14  -0.748965E+14
   0.857627E+14  -0.252603E+14   0.858195E+13   0.350928E+14   0.204591E+15  -0.116129E+15
  -0.116045E+15  -0.888250E+13   0.906151E+13  -0.748965E+14  -0.116129E+15   0.458580E+15
 trial position no.           13
 
 
 
 
 
 
 
 
 
 
 
 
  Covariance matrix; NOT corrected for  scaling
   0.177398E+15  -0.526711E+14   0.487424E+14   0.455863E+14   0.870733E+14  -0.135897E+15
  -0.526711E+14   0.137758E+15   0.373797E+14   0.486745E+13  -0.281236E+14  -0.428977E+13
   0.487424E+14   0.373797E+14   0.154545E+15   0.126767E+14   0.101302E+14   0.547710E+13
   0.455863E+14   0.486744E+13   0.126767E+14   0.152324E+15   0.177251E+14  -0.851031E+14
   0.870733E+14  -0.281236E+14   0.101302E+14   0.177251E+14   0.199509E+15  -0.133012E+15
  -0.135897E+15  -0.428976E+13   0.547710E+13  -0.851031E+14  -0.133012E+15   0.526093E+15
 trial position no.           14
 
 
 
 
 
 
 
 
 
 
 
 
  Covariance matrix; NOT corrected for  scaling
   0.186701E+15  -0.537975E+14   0.484797E+14   0.439040E+14   0.876159E+14  -0.153285E+15
  -0.537975E+14   0.128933E+15   0.345240E+14   0.468255E+13  -0.290006E+14  -0.150095E+13
   0.484796E+14   0.345240E+14   0.143653E+15   0.123701E+14   0.100066E+14   0.386062E+13
   0.439040E+14   0.468255E+13   0.123701E+14   0.152536E+15   0.543094E+13  -0.955339E+14
   0.876159E+14  -0.290006E+14   0.100066E+14   0.543093E+13   0.200002E+15  -0.149391E+15
  -0.153285E+15  -0.150095E+13   0.386062E+13  -0.955340E+14  -0.149391E+15   0.595942E+15
 trial position no.           15
 
 
 
 
 
 
 
 
 
 
 
 
  Covariance matrix; NOT corrected for  scaling
   0.194505E+15  -0.594595E+14   0.520652E+14   0.399745E+14   0.853629E+14  -0.170807E+15
  -0.594595E+14   0.144036E+15   0.379815E+14   0.616557E+13  -0.321902E+14  -0.128311E+13
   0.520652E+14   0.379815E+14   0.159199E+15   0.130803E+14   0.937428E+13   0.559735E+13
   0.399745E+14   0.616557E+13   0.130803E+14   0.156521E+15  -0.488742E+13  -0.945797E+14
   0.853629E+14  -0.321902E+14   0.937428E+13  -0.488741E+13   0.202798E+15  -0.154448E+15
  -0.170807E+15  -0.128311E+13   0.559735E+13  -0.945797E+14  -0.154448E+15   0.714644E+15
 trial position no.           16
 
 
 
 
 
 
 
 
 
 
 
 
  Covariance matrix; NOT corrected for  scaling
   0.201764E+15  -0.598280E+14   0.509296E+14   0.382999E+14   0.851021E+14  -0.187662E+15
  -0.598280E+14   0.137611E+15   0.369579E+14   0.584879E+13  -0.338981E+14   0.217094E+13
   0.509296E+14   0.369579E+14   0.151186E+15   0.138922E+14   0.915118E+13   0.409984E+13
   0.382999E+14   0.584879E+13   0.138922E+14   0.156433E+15  -0.193820E+14  -0.978518E+14
   0.851021E+14  -0.338981E+14   0.915118E+13  -0.193820E+14   0.202567E+15  -0.163334E+15
  -0.187662E+15   0.217094E+13   0.409984E+13  -0.978518E+14  -0.163334E+15   0.792336E+15
 trial position no.            7
 
 
 
 
 
 
 
 
 
 
 
 
  Covariance matrix; NOT corrected for  scaling
   0.151685E+15  -0.282733E+14  -0.154382E+14  -0.392901E+14  -0.151488E+14   0.264033E+13
  -0.282733E+14   0.357137E+15  -0.431955E+14  -0.354488E+12   0.137937E+14   0.119567E+14
  -0.154382E+14  -0.431955E+14   0.432319E+15  -0.119643E+14  -0.951265E+13   0.334648E+13
  -0.392901E+14  -0.354486E+12  -0.119643E+14   0.339672E+15   0.211739E+15   0.130330E+15
  -0.151488E+14   0.137937E+14  -0.951265E+13   0.211739E+15   0.377631E+15   0.129453E+15
   0.264033E+13   0.119567E+14   0.334648E+13   0.130330E+15   0.129453E+15   0.343088E+15
 trial position no.            8
 
 
 
 
 
 
 
 
 
 
 
 
  Covariance matrix; NOT corrected for  scaling
   0.165729E+15  -0.295289E+14  -0.146836E+14  -0.404651E+14  -0.131611E+14   0.116305E+14
  -0.295289E+14   0.285616E+15  -0.339246E+14  -0.113237E+13   0.115018E+14   0.918507E+13
  -0.146836E+14  -0.339246E+14   0.343985E+15  -0.110361E+14  -0.773396E+13   0.636017E+13
  -0.404651E+14  -0.113237E+13  -0.110361E+14   0.289157E+15   0.151574E+15   0.388100E+14
  -0.131611E+14   0.115018E+14  -0.773396E+13   0.151574E+15   0.324752E+15   0.315740E+14
   0.116305E+14   0.918507E+13   0.636017E+13   0.388100E+14   0.315740E+14   0.315764E+15
 trial position no.            9
 
 
 
 
 
 
 
 
 
 
 
 
  Covariance matrix; NOT corrected for  scaling
   0.179093E+15  -0.303596E+14  -0.145274E+14  -0.412441E+14  -0.108072E+14   0.199057E+14
  -0.303596E+14   0.237737E+15  -0.284628E+14  -0.642521E+12   0.112050E+14   0.738161E+13
  -0.145274E+14  -0.284628E+14   0.285792E+15  -0.938139E+13  -0.607624E+13   0.857497E+13
  -0.412441E+14  -0.642521E+12  -0.938139E+13   0.257408E+15   0.109596E+15  -0.205382E+14
  -0.108072E+14   0.112050E+14  -0.607624E+13   0.109596E+15   0.290912E+15  -0.333809E+14
   0.199057E+14   0.738161E+13   0.857497E+13  -0.205382E+14  -0.333809E+14   0.340615E+15
 trial position no.           10
 
 
 
 
 
 
 
 
 
 
 
 
  Covariance matrix; NOT corrected for  scaling
   0.191661E+15  -0.332832E+14  -0.155009E+14  -0.425359E+14  -0.875313E+13   0.267246E+14
  -0.332832E+14   0.229166E+15  -0.276749E+14  -0.103404E+12   0.119522E+14   0.695279E+13
  -0.155009E+14  -0.276749E+14   0.275026E+15  -0.857705E+13  -0.502488E+13   0.107711E+14
  -0.425359E+14  -0.103403E+12  -0.857705E+13   0.241614E+15   0.833783E+14  -0.498679E+14
  -0.875313E+13   0.119522E+14  -0.502488E+13   0.833783E+14   0.273936E+15  -0.673833E+14
   0.267246E+14   0.695279E+13   0.107711E+14  -0.498679E+14  -0.673833E+14   0.414256E+15
 trial position no.           11
 
 
 
 
 
 
 
 
 
 
 
 
  Covariance matrix; NOT corrected for  scaling
   0.203253E+15  -0.347760E+14  -0.156865E+14  -0.439754E+14  -0.687399E+13   0.340639E+14
  -0.347760E+14   0.202845E+15  -0.245508E+14  -0.125426E+13   0.106085E+14   0.651212E+13
  -0.156865E+14  -0.245508E+14   0.242988E+15  -0.862580E+13  -0.492529E+13   0.127702E+14
  -0.439754E+14  -0.125426E+13  -0.862580E+13   0.226693E+15   0.574561E+14  -0.816075E+14
  -0.687399E+13   0.106085E+14  -0.492529E+13   0.574561E+14   0.258219E+15  -0.104227E+15
   0.340639E+14   0.651212E+13   0.127702E+14  -0.816075E+14  -0.104227E+15   0.485862E+15
 trial position no.           12
 
 
 
 
 
 
 
 
 
 
 
 
  Covariance matrix; NOT corrected for  scaling
   0.214227E+15  -0.357877E+14  -0.157503E+14  -0.450032E+14  -0.482681E+13   0.405667E+14
  -0.357877E+14   0.182930E+15  -0.225389E+14  -0.125016E+13   0.105460E+14   0.572705E+13
  -0.157503E+14  -0.225389E+14   0.219062E+15  -0.811635E+13  -0.437239E+13   0.141908E+14
  -0.450032E+14  -0.125016E+13  -0.811635E+13   0.217738E+15   0.366508E+14  -0.105595E+15
  -0.482681E+13   0.105460E+14  -0.437239E+13   0.366508E+14   0.248495E+15  -0.133033E+15
   0.405667E+14   0.572705E+13   0.141908E+14  -0.105595E+15  -0.133033E+15   0.567707E+15
 trial position no.           13
 
 
 
 
 
 
 
 
 
 
 
 
  Covariance matrix; NOT corrected for  scaling
   0.224769E+15  -0.365129E+14  -0.156584E+14  -0.459534E+14  -0.302465E+13   0.464451E+14
  -0.365129E+14   0.167641E+15  -0.210909E+14  -0.798485E+12   0.109964E+14   0.443099E+13
  -0.156584E+14  -0.210909E+14   0.200708E+15  -0.747983E+13  -0.359425E+13   0.150236E+14
  -0.459534E+14  -0.798485E+12  -0.747983E+13   0.212970E+15   0.193245E+14  -0.124118E+15
  -0.302465E+13   0.109964E+14  -0.359425E+13   0.193245E+14   0.243400E+15  -0.156320E+15
   0.464451E+14   0.443099E+13   0.150236E+14  -0.124118E+15  -0.156320E+15   0.653936E+15
 trial position no.           14
 
 
 
 
 
 
 
 
 
 
 
 
  Covariance matrix; NOT corrected for  scaling
   0.235029E+15  -0.374238E+14  -0.156748E+14  -0.468215E+14  -0.189468E+13   0.520325E+14
  -0.374238E+14   0.156014E+15  -0.197335E+14  -0.136789E+13   0.106876E+14   0.418954E+13
  -0.156748E+14  -0.197335E+14   0.186501E+15  -0.765640E+13  -0.352600E+13   0.164378E+14
  -0.468215E+14  -0.136789E+13  -0.765640E+13   0.212538E+15   0.584603E+13  -0.140805E+15
  -0.189468E+13   0.106876E+14  -0.352600E+13   0.584604E+13   0.243068E+15  -0.177785E+15
   0.520325E+14   0.418954E+13   0.164378E+14  -0.140805E+15  -0.177785E+15   0.743429E+15
 trial position no.           15
 
 
 
 
 
 
 
 
 
 
 
 
  Covariance matrix; NOT corrected for  scaling
   0.243942E+15  -0.416569E+14  -0.171453E+14  -0.470254E+14  -0.528440E+12   0.574280E+14
  -0.416569E+14   0.173565E+15  -0.220863E+14  -0.174218E+13   0.118161E+14   0.522174E+13
  -0.171453E+14  -0.220863E+14   0.207170E+15  -0.828343E+13  -0.353591E+13   0.199133E+14
  -0.470254E+14  -0.174218E+13  -0.828344E+13   0.214347E+15  -0.596276E+13  -0.142920E+15
  -0.528440E+12   0.118161E+14  -0.353591E+13  -0.596275E+13   0.244368E+15  -0.185363E+15
   0.574280E+14   0.522175E+13   0.199133E+14  -0.142920E+15  -0.185363E+15   0.894781E+15
 trial position no.           16
 
 
 
 
 
 
 
 
 
 
 
 
  Covariance matrix; NOT corrected for  scaling
   0.253331E+15  -0.425319E+14  -0.172816E+14  -0.476081E+14   0.822069E+12   0.622466E+14
  -0.425319E+14   0.165902E+15  -0.214415E+14  -0.181191E+13   0.122492E+14   0.513861E+13
  -0.172816E+14  -0.214414E+14   0.197983E+15  -0.811276E+13  -0.319546E+13   0.215681E+14
  -0.476081E+14  -0.181191E+13  -0.811276E+13   0.215686E+15  -0.195653E+14  -0.154942E+15
   0.822065E+12   0.122492E+14  -0.319546E+13  -0.195653E+14   0.245661E+15  -0.202548E+15
   0.622466E+14   0.513861E+13   0.215681E+14  -0.154942E+15  -0.202548E+15   0.100497E+16
 trial position no.            7
 
 
 
 
 
 
 
 
 
 
 
 
  Covariance matrix; NOT corrected for  scaling
   0.763856E+14  -0.312985E+14   0.176628E+14   0.174977E+13   0.827849E+13   0.168545E+14
  -0.312985E+14   0.310365E+15  -0.577573E+14   0.236703E+13  -0.132022E+13  -0.192818E+14
   0.176628E+14  -0.577573E+14   0.264755E+15  -0.165374E+14  -0.110295E+14   0.141193E+14
   0.174977E+13   0.236704E+13  -0.165374E+14   0.250752E+15   0.129170E+15   0.870992E+14
   0.827849E+13  -0.132022E+13  -0.110295E+14   0.129170E+15   0.257299E+15   0.102896E+15
   0.168545E+14  -0.192818E+14   0.141193E+14   0.870992E+14   0.102896E+15   0.251067E+15
 trial position no.            8
 
 
 
 
 
 
 
 
 
 
 
 
  Covariance matrix; NOT corrected for  scaling
   0.815718E+14  -0.313621E+14   0.173074E+14  -0.121842E+13   0.571377E+13   0.117205E+14
  -0.313621E+14   0.251165E+15  -0.497573E+14   0.419537E+13   0.888164E+12  -0.170169E+14
   0.173074E+14  -0.497573E+14   0.210630E+15  -0.161982E+14  -0.979792E+13   0.165829E+14
  -0.121842E+13   0.419537E+13  -0.161982E+14   0.219086E+15   0.891110E+14   0.246453E+14
   0.571377E+13   0.888164E+12  -0.979792E+13   0.891110E+14   0.223842E+15   0.367388E+14
   0.117205E+14  -0.170169E+14   0.165829E+14   0.246453E+14   0.367388E+14   0.227537E+15
 trial position no.            9
 
 
 
 
 
 
 
 
 
 
 
 
  Covariance matrix; NOT corrected for  scaling
   0.868300E+14  -0.314280E+14   0.170141E+14  -0.331412E+13   0.403520E+13   0.782178E+13
  -0.314281E+14   0.211276E+15  -0.436285E+14   0.450354E+13   0.150432E+13  -0.161420E+14
   0.170141E+14  -0.436285E+14   0.175229E+15  -0.148548E+14  -0.785837E+13   0.188998E+14
  -0.331412E+13   0.450354E+13  -0.148548E+14   0.199174E+15   0.600041E+14  -0.162842E+14
   0.403520E+13   0.150432E+13  -0.785837E+13   0.600041E+14   0.202128E+15  -0.755766E+13
   0.782178E+13  -0.161420E+14   0.188998E+14  -0.162842E+14  -0.755767E+13   0.240499E+15
 trial position no.           10
 
 
 
 
 
 
 
 
 
 
 
 
  Covariance matrix; NOT corrected for  scaling
   0.918189E+14  -0.332122E+14   0.174764E+14  -0.457978E+13   0.327061E+13   0.428614E+13
  -0.332122E+14   0.204900E+15  -0.434035E+14   0.352159E+13   0.556155E+12  -0.166119E+14
   0.174764E+14  -0.434035E+14   0.168204E+15  -0.135014E+14  -0.562011E+13   0.217811E+14
  -0.457978E+13   0.352158E+13  -0.135014E+14   0.189037E+15   0.403333E+14  -0.359818E+14
   0.327061E+13   0.556155E+12  -0.562011E+13   0.403333E+14   0.190948E+15  -0.304031E+14
   0.428614E+13  -0.166119E+14   0.217811E+14  -0.359819E+14  -0.304031E+14   0.288726E+15
 trial position no.           11
 
 
 
 
 
 
 
 
 
 
 
 
  Covariance matrix; NOT corrected for  scaling
   0.972832E+14  -0.338941E+14   0.174679E+14  -0.681589E+13   0.175390E+13   0.111304E+13
  -0.338941E+14   0.182605E+15  -0.396376E+14   0.353617E+13   0.830219E+12  -0.157969E+14
   0.174679E+14  -0.396376E+14   0.148792E+15  -0.132518E+14  -0.466403E+13   0.233395E+14
  -0.681588E+13   0.353617E+13  -0.132518E+14   0.181155E+15   0.220314E+14  -0.576732E+14
   0.175390E+13   0.830219E+12  -0.466403E+13   0.220314E+14   0.181494E+15  -0.555401E+14
   0.111304E+13  -0.157969E+14   0.233395E+14  -0.576732E+14  -0.555401E+14   0.334805E+15
 trial position no.           12
 
 
 
 
 
 
 
 
 
 
 
 
  Covariance matrix; NOT corrected for  scaling
   0.102947E+15  -0.343244E+14   0.173658E+14  -0.867443E+13   0.663548E+12  -0.177613E+13
  -0.343244E+14   0.165391E+15  -0.363903E+14   0.353839E+13   0.942077E+12  -0.149239E+14
   0.173658E+14  -0.363903E+14   0.134196E+15  -0.127469E+14  -0.360589E+13   0.243323E+14
  -0.867443E+13   0.353839E+13  -0.127469E+14   0.177407E+15   0.700764E+13  -0.739000E+14
   0.663548E+12   0.942077E+12  -0.360589E+13   0.700764E+13   0.176155E+15  -0.750905E+14
  -0.177613E+13  -0.149239E+14   0.243323E+14  -0.739000E+14  -0.750905E+14   0.388113E+15
 trial position no.           13
 
 
 
 
 
 
 
 
 
 
 
 
  Covariance matrix; NOT corrected for  scaling
   0.108562E+15  -0.342891E+14   0.168891E+14  -0.949960E+13   0.548220E+12  -0.513587E+13
  -0.342891E+14   0.151637E+15  -0.332969E+14   0.252328E+13   0.269470E+12  -0.133514E+14
   0.168891E+14  -0.332969E+14   0.122708E+15  -0.115762E+14  -0.180709E+13   0.242738E+14
  -0.949960E+13   0.252328E+13  -0.115762E+14   0.175189E+15  -0.701050E+13  -0.852857E+14
   0.548220E+12   0.269470E+12  -0.180709E+13  -0.701050E+13   0.172850E+15  -0.899015E+14
  -0.513586E+13  -0.133514E+14   0.242738E+14  -0.852857E+14  -0.899015E+14   0.443823E+15
 trial position no.           14
 
 
 
 
 
 
 
 
 
 
 
 
  Covariance matrix; NOT corrected for  scaling
   0.115071E+15  -0.347870E+14   0.167659E+14  -0.110156E+14  -0.146064E+12  -0.747820E+13
  -0.347870E+14   0.141075E+15  -0.308675E+14   0.207588E+13   0.195201E+12  -0.123825E+14
   0.167659E+14  -0.308675E+14   0.113898E+15  -0.114381E+14  -0.923940E+12   0.248488E+14
  -0.110156E+14   0.207588E+13  -0.114381E+14   0.177098E+15  -0.177824E+14  -0.961032E+14
  -0.146065E+12   0.195201E+12  -0.923939E+12  -0.177824E+14   0.173278E+15  -0.103763E+15
  -0.747820E+13  -0.123825E+14   0.248488E+14  -0.961032E+14  -0.103763E+15   0.502234E+15
 trial position no.           15
 
 
 
 
 
 
 
 
 
 
 
 
  Covariance matrix; NOT corrected for  scaling
   0.121903E+15  -0.388890E+14   0.184528E+14  -0.136302E+14  -0.171784E+13  -0.105531E+14
  -0.388890E+14   0.157194E+15  -0.345239E+14   0.247095E+13   0.518095E+12  -0.138800E+14
   0.184528E+14  -0.345239E+14   0.126390E+15  -0.125313E+14  -0.284926E+12   0.291311E+14
  -0.136302E+14   0.247095E+13  -0.125313E+14   0.181874E+15  -0.264431E+14  -0.967949E+14
  -0.171784E+13   0.518094E+12  -0.284925E+12  -0.264431E+14   0.175582E+15  -0.108518E+15
  -0.105531E+14  -0.138800E+14   0.291310E+14  -0.967949E+14  -0.108518E+15   0.604456E+15
 trial position no.           16
 
 
 
 
 
 
 
 
 
 
 
 
  Covariance matrix; NOT corrected for  scaling
   0.128456E+15  -0.392775E+14   0.180949E+14  -0.147321E+14  -0.183115E+13  -0.141442E+14
  -0.392775E+14   0.149845E+15  -0.325513E+14   0.181096E+13   0.158439E+12  -0.123228E+14
   0.180949E+14  -0.325513E+14   0.120318E+15  -0.120196E+14   0.969399E+12   0.293033E+14
  -0.147321E+14   0.181096E+13  -0.120195E+14   0.184350E+15  -0.377666E+14  -0.102972E+15
  -0.183115E+13   0.158440E+12   0.969398E+12  -0.377666E+14   0.176543E+15  -0.118483E+15
  -0.141442E+14  -0.123228E+14   0.293033E+14  -0.102972E+15  -0.118483E+15   0.674280E+15
 trial position no.            7
 
 
 
 
 
 
 
 
 
 
 
 
  Covariance matrix; NOT corrected for  scaling
   0.664632E+14  -0.258308E+14  -0.107515E+14  -0.174162E+14  -0.164071E+14  -0.771738E+12
  -0.258308E+14   0.155783E+15  -0.409946E+14  -0.939806E+13   0.694508E+13   0.673819E+13
  -0.107515E+14  -0.409946E+14   0.258078E+15   0.161409E+13   0.297073E+13   0.155030E+14
  -0.174162E+14  -0.939805E+13   0.161409E+13   0.139757E+15   0.864789E+14   0.753334E+14
  -0.164071E+14   0.694508E+13   0.297072E+13   0.864788E+14   0.184695E+15   0.678617E+14
  -0.771737E+12   0.673819E+13   0.155030E+14   0.753334E+14   0.678617E+14   0.193817E+15
 trial position no.            8
 
 
 
 
 
 
 
 
 
 
 
 
  Covariance matrix; NOT corrected for  scaling
   0.720268E+14  -0.257751E+14  -0.104617E+14  -0.180440E+14  -0.170327E+14   0.328840E+13
  -0.257751E+14   0.125386E+15  -0.320692E+14  -0.786373E+13   0.758287E+13   0.732739E+13
  -0.104617E+14  -0.320692E+14   0.207191E+15  -0.151267E+12   0.206759E+13   0.140466E+14
  -0.180440E+14  -0.786373E+13  -0.151268E+12   0.119927E+15   0.623161E+14   0.378000E+14
  -0.170327E+14   0.758287E+13   0.206759E+13   0.623161E+14   0.163751E+15   0.244606E+14
   0.328840E+13   0.732739E+13   0.140466E+14   0.378000E+14   0.244606E+14   0.176086E+15
 trial position no.            9
 
 
 
 
 
 
 
 
 
 
 
 
  Covariance matrix; NOT corrected for  scaling
   0.772492E+14  -0.253367E+14  -0.108257E+14  -0.181889E+14  -0.169212E+14   0.747233E+13
  -0.253367E+14   0.104534E+15  -0.268836E+14  -0.657477E+13   0.869850E+13   0.735296E+13
  -0.108257E+14  -0.268836E+14   0.173261E+15   0.360321E+12   0.239381E+13   0.137227E+14
  -0.181889E+14  -0.657478E+13   0.360321E+12   0.106889E+15   0.443124E+14   0.130022E+14
  -0.169212E+14   0.869850E+13   0.239380E+13   0.443124E+14   0.149551E+15  -0.586259E+13
   0.747233E+13   0.735296E+13   0.137227E+14   0.130022E+14  -0.586259E+13   0.180908E+15
 trial position no.           10
 
 
 
 
 
 
 
 
 
 
 
 
  Covariance matrix; NOT corrected for  scaling
   0.823120E+14  -0.265207E+14  -0.123709E+14  -0.186333E+14  -0.166612E+14   0.105145E+14
  -0.265207E+14   0.100733E+15  -0.258405E+14  -0.614406E+13   0.100506E+14   0.801551E+13
  -0.123709E+14  -0.258405E+14   0.167623E+15   0.164401E+13   0.362934E+13   0.151346E+14
  -0.186333E+14  -0.614406E+13   0.164401E+13   0.100581E+15   0.326953E+14   0.248886E+13
  -0.166612E+14   0.100506E+14   0.362934E+13   0.326953E+14   0.142799E+15  -0.209289E+14
   0.105145E+14   0.801551E+13   0.151346E+14   0.248886E+13  -0.209289E+14   0.211795E+15
 trial position no.           11
 
 
 
 
 
 
 
 
 
 
 
 
  Covariance matrix; NOT corrected for  scaling
   0.877658E+14  -0.269128E+14  -0.130726E+14  -0.196141E+14  -0.169258E+14   0.142004E+14
  -0.269128E+14   0.896248E+14  -0.227558E+14  -0.639737E+13   0.100367E+14   0.811444E+13
  -0.130726E+14  -0.227558E+14   0.148788E+15   0.112422E+13   0.288776E+13   0.154080E+14
  -0.196141E+14  -0.639737E+13   0.112422E+13   0.954731E+14   0.220942E+14  -0.104130E+14
  -0.169258E+14   0.100367E+14   0.288776E+13   0.220942E+14   0.138144E+15  -0.388804E+14
   0.142004E+14   0.811444E+13   0.154080E+14  -0.104130E+14  -0.388804E+14   0.238103E+15
 trial position no.           12
 
 
 
 
 
 
 
 
 
 
 
 
  Covariance matrix; NOT corrected for  scaling
   0.930685E+14  -0.269956E+14  -0.137144E+14  -0.203852E+14  -0.168352E+14   0.177912E+14
  -0.269956E+14   0.808386E+14  -0.207123E+14  -0.604619E+13   0.107369E+14   0.785989E+13
  -0.137144E+14  -0.207123E+14   0.134472E+15   0.151084E+13   0.292144E+13   0.154059E+14
  -0.203852E+14  -0.604619E+13   0.151084E+13   0.923344E+14   0.128147E+14  -0.199881E+14
  -0.168352E+14   0.107369E+14   0.292144E+13   0.128147E+14   0.135222E+15  -0.534010E+14
   0.177912E+14   0.785989E+13   0.154059E+14  -0.199881E+14  -0.534010E+14   0.269174E+15
 trial position no.           13
 
 
 
 
 
 
 
 
 
 
 
 
  Covariance matrix; NOT corrected for  scaling
   0.978527E+14  -0.267020E+14  -0.144217E+14  -0.207463E+14  -0.162764E+14   0.210406E+14
  -0.267020E+14   0.738233E+14  -0.191325E+14  -0.578713E+13   0.113416E+14   0.734336E+13
  -0.144217E+14  -0.191325E+14   0.123443E+15   0.236266E+13   0.378545E+13   0.148030E+14
  -0.207463E+14  -0.578713E+13   0.236266E+13   0.902807E+14   0.411172E+13  -0.266551E+14
  -0.162764E+14   0.113416E+14   0.378545E+13   0.411172E+13   0.133321E+15  -0.647374E+14
   0.210406E+14   0.734336E+13   0.148030E+14  -0.266551E+14  -0.647374E+14   0.301999E+15
 trial position no.           14
 
 
 
 
 
 
 
 
 
 
 
 
  Covariance matrix; NOT corrected for  scaling
   0.102886E+15  -0.268148E+14  -0.150284E+14  -0.211513E+14  -0.165120E+14   0.244533E+14
  -0.268148E+14   0.687245E+14  -0.176868E+14  -0.623462E+13   0.114315E+14   0.721313E+13
  -0.150284E+14  -0.176868E+14   0.114875E+15   0.231936E+13   0.380053E+13   0.148419E+14
  -0.211513E+14  -0.623462E+13   0.231936E+13   0.905281E+14  -0.195398E+13  -0.331010E+14
  -0.165120E+14   0.114315E+14   0.380053E+13  -0.195398E+13   0.134626E+15  -0.759639E+14
   0.244533E+14   0.721313E+13   0.148419E+14  -0.331010E+14  -0.759639E+14   0.336963E+15
 trial position no.           15
 
 
 
 
 
 
 
 
 
 
 
 
  Covariance matrix; NOT corrected for  scaling
   0.107939E+15  -0.295137E+14  -0.170128E+14  -0.218271E+14  -0.170847E+14   0.271481E+14
  -0.295137E+14   0.764619E+14  -0.194896E+14  -0.674147E+13   0.132974E+14   0.832135E+13
  -0.170128E+14  -0.194896E+14   0.127773E+15   0.293939E+13   0.430155E+13   0.180126E+14
  -0.218271E+14  -0.674147E+13   0.293939E+13   0.927696E+14  -0.638044E+13  -0.313907E+14
  -0.170847E+14   0.132974E+14   0.430155E+13  -0.638044E+13   0.137740E+15  -0.792738E+14
   0.271481E+14   0.832135E+13   0.180126E+14  -0.313907E+14  -0.792738E+14   0.403721E+15
 trial position no.           16
 
 
 
 
 
 
 
 
 
 
 
 
  Covariance matrix; NOT corrected for  scaling
   0.112890E+15  -0.295111E+14  -0.180269E+14  -0.221926E+14  -0.166162E+14   0.296813E+14
  -0.295111E+14   0.727674E+14  -0.185017E+14  -0.691709E+13   0.139144E+14   0.862956E+13
  -0.180269E+14  -0.185017E+14   0.122224E+15   0.357701E+13   0.462664E+13   0.186252E+14
  -0.221926E+14  -0.691709E+13   0.357701E+13   0.935045E+14  -0.134401E+14  -0.350900E+14
  -0.166162E+14   0.139144E+14   0.462664E+13  -0.134401E+14   0.139042E+15  -0.878211E+14
   0.296813E+14   0.862956E+13   0.186252E+14  -0.350900E+14  -0.878211E+14   0.448158E+15
 trial position no.            7
 
 
 
 
 
 
 
 
 
 
 
 
  Covariance matrix; NOT corrected for  scaling
   0.875822E+14  -0.383456E+14   0.249137E+14   0.236900E+14   0.344253E+14   0.970598E+13
  -0.383456E+14   0.335138E+15   0.106238E+14   0.954791E+13  -0.942709E+13  -0.277848E+14
   0.249137E+14   0.106238E+14   0.291083E+15  -0.132097E+14  -0.989936E+13   0.178918E+14
   0.236900E+14   0.954791E+13  -0.132097E+14   0.281434E+15   0.146181E+15   0.104185E+15
   0.344253E+14  -0.942709E+13  -0.989936E+13   0.146181E+15   0.294313E+15   0.119568E+15
   0.970598E+13  -0.277848E+14   0.178918E+14   0.104185E+15   0.119568E+15   0.290029E+15
 trial position no.            8
 
 
 
 
 
 
 
 
 
 
 
 
  Covariance matrix; NOT corrected for  scaling
   0.939766E+14  -0.379216E+14   0.239348E+14   0.191586E+14   0.312522E+14  -0.276981E+13
  -0.379216E+14   0.269372E+15   0.578411E+13   0.113999E+14  -0.615856E+13  -0.244888E+14
   0.239348E+14   0.578412E+13   0.230589E+15  -0.138787E+14  -0.934583E+13   0.191786E+14
   0.191586E+14   0.113999E+14  -0.138787E+14   0.246904E+15   0.101996E+15   0.340242E+14
   0.312522E+14  -0.615856E+13  -0.934583E+13   0.101996E+15   0.257024E+15   0.446176E+14
  -0.276981E+13  -0.244888E+14   0.191786E+14   0.340242E+14   0.446176E+14   0.263377E+15
 trial position no.            9
 
 
 
 
 
 
 
 
 
 
 
 
  Covariance matrix; NOT corrected for  scaling
   0.100418E+15  -0.379595E+14   0.234500E+14   0.160904E+14   0.294382E+14  -0.130394E+14
  -0.379595E+14   0.226026E+15   0.303209E+13   0.108177E+14  -0.598087E+13  -0.233887E+14
   0.234500E+14   0.303209E+13   0.191373E+15  -0.127159E+14  -0.735083E+13   0.210899E+14
   0.160904E+14   0.108177E+14  -0.127159E+14   0.224593E+15   0.690085E+14  -0.126200E+14
   0.294382E+14  -0.598087E+13  -0.735083E+13   0.690085E+14   0.232541E+15  -0.616178E+13
  -0.130394E+14  -0.233887E+14   0.210899E+14  -0.126200E+14  -0.616178E+13   0.277920E+15
 trial position no.           10
 
 
 
 
 
 
 
 
 
 
 
 
  Covariance matrix; NOT corrected for  scaling
   0.106432E+15  -0.400050E+14   0.240962E+14   0.146187E+14   0.290871E+14  -0.219813E+14
  -0.400050E+14   0.218327E+15   0.223429E+13   0.861691E+13  -0.884152E+13  -0.243010E+14
   0.240962E+14   0.223429E+13   0.183049E+15  -0.104979E+14  -0.452768E+13   0.239414E+14
   0.146187E+14   0.861691E+13  -0.104979E+14   0.212349E+15   0.454696E+14  -0.350290E+14
   0.290871E+14  -0.884152E+13  -0.452768E+13   0.454696E+14   0.219354E+15  -0.323397E+14
  -0.219813E+14  -0.243010E+14   0.239414E+14  -0.350290E+14  -0.323397E+14   0.333834E+15
 trial position no.           11
 
 
 
 
 
 
 
 
 
 
 
 
  Covariance matrix; NOT corrected for  scaling
   0.112737E+15  -0.405874E+14   0.240238E+14   0.117126E+14   0.273682E+14  -0.309448E+14
  -0.405874E+14   0.194333E+15   0.844343E+12   0.875987E+13  -0.850510E+13  -0.231725E+14
   0.240238E+14   0.844343E+12   0.161654E+15  -0.103402E+14  -0.369589E+13   0.250803E+14
   0.117126E+14   0.875987E+13  -0.103402E+14   0.204133E+15   0.243965E+14  -0.597601E+14
   0.273682E+14  -0.850510E+13  -0.369589E+13   0.243965E+14   0.208897E+15  -0.610838E+14
  -0.309448E+14  -0.231725E+14   0.250803E+14  -0.597601E+14  -0.610838E+14   0.386689E+15
 trial position no.           12
 
 
 
 
 
 
 
 
 
 
 
 
  Covariance matrix; NOT corrected for  scaling
   0.119125E+15  -0.409649E+14   0.238960E+14   0.949678E+13   0.262779E+14  -0.392881E+14
  -0.409649E+14   0.175990E+15   0.225422E+12   0.858772E+13  -0.876264E+13  -0.217922E+14
   0.238960E+14   0.225423E+12   0.145620E+15  -0.974351E+13  -0.278236E+13   0.256821E+14
   0.949678E+13   0.858772E+13  -0.974351E+13   0.200439E+15   0.678238E+13  -0.781877E+14
   0.262779E+14  -0.876264E+13  -0.278236E+13   0.678238E+13   0.203268E+15  -0.833842E+14
  -0.392882E+14  -0.217922E+14   0.256821E+14  -0.781877E+14  -0.833842E+14   0.447714E+15
 trial position no.           13
 
 
 
 
 
 
 
 
 
 
 
 
  Covariance matrix; NOT corrected for  scaling
   0.125489E+15  -0.409294E+14   0.234247E+14   0.886980E+13   0.265586E+14  -0.479580E+14
  -0.409294E+14   0.161388E+15   0.460910E+12   0.657035E+13  -0.101751E+14  -0.192430E+14
   0.234247E+14   0.460911E+12   0.133072E+15  -0.817643E+13  -0.651181E+12   0.250668E+14
   0.886980E+13   0.657035E+13  -0.817643E+13   0.197298E+15  -0.105902E+14  -0.904100E+14
   0.265586E+14  -0.101751E+14  -0.651181E+12  -0.105902E+14   0.199316E+15  -0.997360E+14
  -0.479580E+14  -0.192430E+14   0.250668E+14  -0.904100E+14  -0.997360E+14   0.511013E+15
 trial position no.           14
 
 
 
 
 
 
 
 
 
 
 
 
  Covariance matrix; NOT corrected for  scaling
   0.132715E+15  -0.414225E+14   0.233454E+14   0.745960E+13   0.262155E+14  -0.552117E+14
  -0.414225E+14   0.150275E+15   0.492021E+12   0.592379E+13  -0.103137E+14  -0.179090E+14
   0.233454E+14   0.492021E+12   0.123560E+15  -0.802162E+13   0.292867E+12   0.253602E+14
   0.745960E+13   0.592379E+13  -0.802162E+13   0.199666E+15  -0.237046E+14  -0.102405E+15
   0.262155E+14  -0.103137E+14   0.292867E+12  -0.237046E+14   0.200052E+15  -0.115227E+15
  -0.552117E+14  -0.179090E+14   0.253602E+14  -0.102405E+15  -0.115227E+15   0.577507E+15
 trial position no.           15
 
 
 
 
 
 
 
 
 
 
 
 
  Covariance matrix; NOT corrected for  scaling
   0.140033E+15  -0.459745E+14   0.255788E+14   0.453736E+13   0.245277E+14  -0.633089E+14
  -0.459745E+14   0.167385E+15   0.339460E+12   0.663876E+13  -0.111379E+14  -0.204675E+14
   0.255788E+14   0.339460E+12   0.137049E+15  -0.879267E+13   0.859001E+12   0.298619E+14
   0.453736E+13   0.663876E+13  -0.879267E+13   0.205922E+15  -0.341801E+14  -0.102695E+15
   0.245277E+14  -0.111379E+14   0.859000E+12  -0.341801E+14   0.203283E+15  -0.119937E+15
  -0.633089E+14  -0.204675E+14   0.298619E+14  -0.102695E+15  -0.119937E+15   0.695369E+15
 trial position no.           16
 
 
 
 
 
 
 
 
 
 
 
 
  Covariance matrix; NOT corrected for  scaling
   0.147023E+15  -0.461867E+14   0.251844E+14   0.380385E+13   0.246710E+14  -0.719383E+14
  -0.461867E+14   0.159517E+15   0.948304E+12   0.547015E+13  -0.119159E+14  -0.183502E+14
   0.251844E+14   0.948306E+12   0.130398E+15  -0.795490E+13   0.214771E+13   0.295908E+14
   0.380385E+13   0.547015E+13  -0.795490E+13   0.208330E+15  -0.482879E+14  -0.108563E+15
   0.246710E+14  -0.119159E+14   0.214771E+13  -0.482879E+14   0.204427E+15  -0.130302E+15
  -0.719383E+14  -0.183502E+14   0.295908E+14  -0.108563E+15  -0.130302E+15   0.773558E+15
 trial position no.            7
 
 
 
 
 
 
 
 
 
 
 
 
  Covariance matrix; NOT corrected for  scaling
   0.926741E+14  -0.523048E+14   0.175349E+14   0.213705E+14   0.235549E+14  -0.208368E+13
  -0.523048E+14   0.310952E+15   0.257945E+14  -0.556617E+13  -0.126262E+13  -0.114701E+14
   0.175349E+14   0.257945E+14   0.316153E+15  -0.234287E+14  -0.205859E+14   0.263263E+14
   0.213705E+14  -0.556617E+13  -0.234287E+14   0.254512E+15   0.136607E+15   0.103568E+15
   0.235549E+14  -0.126262E+13  -0.205859E+14   0.136607E+15   0.291892E+15   0.109681E+15
  -0.208368E+13  -0.114701E+14   0.263263E+14   0.103568E+15   0.109681E+15   0.306709E+15
 trial position no.            8
 
 
 
 
 
 
 
 
 
 
 
 
  Covariance matrix; NOT corrected for  scaling
   0.996402E+14  -0.518514E+14   0.170823E+14   0.182152E+14   0.207176E+14  -0.108923E+14
  -0.518514E+14   0.251669E+15   0.198733E+14  -0.377412E+13   0.116609E+13  -0.865128E+13
   0.170823E+14   0.198733E+14   0.251527E+15  -0.222144E+14  -0.184295E+14   0.304531E+14
   0.182152E+14  -0.377412E+13  -0.222144E+14   0.222313E+15   0.957787E+14   0.405275E+14
   0.207176E+14   0.116609E+13  -0.184295E+14   0.957787E+14   0.257105E+15   0.388590E+14
  -0.108923E+14  -0.865128E+13   0.304531E+14   0.405275E+14   0.388590E+14   0.285176E+15
 trial position no.            9
 
 
 
 
 
 
 
 
 
 
 
 
  Covariance matrix; NOT corrected for  scaling
   0.106557E+15  -0.514498E+14   0.169930E+14   0.167055E+14   0.194484E+14  -0.178550E+14
  -0.514498E+14   0.211425E+15   0.152851E+14  -0.344186E+13   0.189748E+13  -0.770189E+13
   0.169930E+14   0.152851E+14   0.208733E+15  -0.189836E+14  -0.148167E+14   0.345891E+14
   0.167055E+14  -0.344186E+13  -0.189836E+14   0.201625E+15   0.650958E+14  -0.148841E+13
   0.194483E+14   0.189748E+13  -0.148167E+14   0.650958E+14   0.234020E+15  -0.103658E+14
  -0.178550E+14  -0.770188E+13   0.345891E+14  -0.148841E+13  -0.103658E+14   0.300857E+15
 trial position no.           10
 
 
 
 
 
 
 
 
 
 
 
 
  Covariance matrix; NOT corrected for  scaling
   0.112857E+15  -0.538622E+14   0.173310E+14   0.165470E+14   0.197751E+14  -0.240379E+14
  -0.538622E+14   0.204256E+15   0.145126E+14  -0.551267E+13   0.151771E+12  -0.750312E+13
   0.173310E+14   0.145126E+14   0.199398E+15  -0.153622E+14  -0.107663E+14   0.403197E+14
   0.165470E+14  -0.551267E+13  -0.153622E+14   0.190355E+15   0.427659E+14  -0.200940E+14
   0.197751E+14   0.151770E+12  -0.107663E+14   0.427659E+14   0.221160E+15  -0.356009E+14
  -0.240379E+14  -0.750312E+13   0.403197E+14  -0.200940E+14  -0.356009E+14   0.358570E+15
 trial position no.           11
 
 
 
 
 
 
 
 
 
 
 
 
  Covariance matrix; NOT corrected for  scaling
   0.119660E+15  -0.548840E+14   0.171667E+14   0.147757E+14   0.185481E+14  -0.301378E+14
  -0.548840E+14   0.182288E+15   0.119786E+14  -0.612033E+13   0.104969E+12  -0.587495E+13
   0.171667E+14   0.119786E+14   0.175950E+15  -0.146722E+14  -0.963039E+13   0.432556E+14
   0.147757E+14  -0.612033E+13  -0.146722E+14   0.182661E+15   0.233131E+14  -0.412302E+14
   0.185481E+14   0.104969E+12  -0.963039E+13   0.233131E+14   0.212567E+15  -0.640199E+14
  -0.301378E+14  -0.587495E+13   0.432556E+14  -0.412302E+14  -0.640199E+14   0.409642E+15
 trial position no.           12
 
 
 
 
 
 
 
 
 
 
 
 
  Covariance matrix; NOT corrected for  scaling
   0.126458E+15  -0.552486E+14   0.171482E+14   0.136902E+14   0.179659E+14  -0.360098E+14
  -0.552486E+14   0.164880E+15   0.100427E+14  -0.616127E+13   0.251391E+12  -0.444611E+13
   0.171482E+14   0.100427E+14   0.158089E+15  -0.131355E+14  -0.803461E+13   0.450960E+14
   0.136902E+14  -0.616127E+13  -0.131355E+14   0.179160E+15   0.667435E+13  -0.568219E+14
   0.179659E+14   0.251391E+12  -0.803461E+13   0.667435E+13   0.208032E+15  -0.868062E+14
  -0.360098E+14  -0.444611E+13   0.450960E+14  -0.568219E+14  -0.868062E+14   0.468226E+15
 trial position no.           13
 
 
 
 
 
 
 
 
 
 
 
 
  Covariance matrix; NOT corrected for  scaling
   0.132901E+15  -0.549215E+14   0.167841E+14   0.140595E+14   0.188046E+14  -0.422927E+14
  -0.549215E+14   0.150830E+15   0.917434E+13  -0.747882E+13  -0.542027E+12  -0.257725E+13
   0.167841E+14   0.917435E+13   0.144085E+15  -0.106660E+14  -0.485966E+13   0.451660E+14
   0.140595E+14  -0.747882E+13  -0.106660E+14   0.176482E+15  -0.102647E+14  -0.667430E+14
   0.188046E+14  -0.542026E+12  -0.485966E+13  -0.102647E+14   0.204061E+15  -0.103471E+15
  -0.422927E+14  -0.257725E+13   0.451660E+14  -0.667430E+14  -0.103471E+15   0.528519E+15
 trial position no.           14
 
 
 
 
 
 
 
 
 
 
 
 
  Covariance matrix; NOT corrected for  scaling
   0.140376E+15  -0.556743E+14   0.166321E+14   0.138219E+14   0.187144E+14  -0.473551E+14
  -0.556744E+14   0.140627E+15   0.849314E+13  -0.845566E+13  -0.594151E+12  -0.123344E+13
   0.166321E+14   0.849314E+13   0.133622E+15  -0.101980E+14  -0.363431E+13   0.464203E+14
   0.138219E+14  -0.845566E+13  -0.101980E+14   0.178768E+15  -0.225091E+14  -0.767733E+14
   0.187144E+14  -0.594152E+12  -0.363431E+13  -0.225091E+14   0.205583E+15  -0.120077E+15
  -0.473551E+14  -0.123344E+13   0.464203E+14  -0.767733E+14  -0.120077E+15   0.592129E+15
 trial position no.           15
 
 
 
 
 
 
 
 
 
 
 
 
  Covariance matrix; NOT corrected for  scaling
   0.148000E+15  -0.617362E+14   0.182451E+14   0.123536E+14   0.173734E+14  -0.529598E+14
  -0.617362E+14   0.156749E+15   0.914547E+13  -0.923919E+13  -0.558179E+10  -0.131669E+13
   0.182451E+14   0.914547E+13   0.148070E+15  -0.102750E+14  -0.290208E+13   0.547391E+14
   0.123536E+14  -0.923919E+13  -0.102750E+14   0.184885E+15  -0.320613E+14  -0.738752E+14
   0.173734E+14  -0.558177E+10  -0.290208E+13  -0.320613E+14   0.209806E+15  -0.125487E+15
  -0.529598E+14  -0.131669E+13   0.547391E+14  -0.738752E+14  -0.125487E+15   0.710891E+15
 trial position no.           16
 
 
 
 
 
 
 
 
 
 
 
 
  Covariance matrix; NOT corrected for  scaling
   0.155062E+15  -0.619921E+14   0.177731E+14   0.126401E+14   0.180972E+14  -0.597850E+14
  -0.619921E+14   0.149012E+15   0.912846E+13  -0.102421E+14  -0.377080E+12   0.109490E+13
   0.177731E+14   0.912846E+13   0.140689E+15  -0.884446E+13  -0.105043E+13   0.555638E+14
   0.126401E+14  -0.102421E+14  -0.884446E+13   0.187588E+15  -0.459129E+14  -0.780813E+14
   0.180972E+14  -0.377080E+12  -0.105043E+13  -0.459129E+14   0.211133E+15  -0.137070E+15
  -0.597850E+14   0.109490E+13   0.555638E+14  -0.780813E+14  -0.137070E+15   0.787159E+15
 trial position no.            7
 
 
 
 
 
 
 
 
 
 
 
 
  Covariance matrix; NOT corrected for  scaling
   0.663114E+14  -0.368704E+14   0.100189E+14   0.162658E+14   0.253845E+14  -0.118865E+14
  -0.368704E+14   0.235758E+15   0.720361E+14   0.169103E+13   0.177349E+13  -0.585153E+12
   0.100189E+14   0.720361E+14   0.316368E+15  -0.192625E+14  -0.173680E+14   0.294283E+14
   0.162658E+14   0.169103E+13  -0.192625E+14   0.198694E+15   0.967853E+14   0.967945E+14
   0.253845E+14   0.177349E+13  -0.173680E+14   0.967853E+14   0.248920E+15   0.839536E+14
  -0.118865E+14  -0.585153E+12   0.294283E+14   0.967945E+14   0.839536E+14   0.266513E+15
 trial position no.            8
 
 
 
 
 
 
 
 
 
 
 
 
  Covariance matrix; NOT corrected for  scaling
   0.703431E+14  -0.359598E+14   0.967649E+13   0.141237E+14   0.239142E+14  -0.180455E+14
  -0.359598E+14   0.190479E+15   0.591909E+14   0.147610E+13   0.207646E+13  -0.676651E+12
   0.967649E+13   0.591909E+14   0.255130E+15  -0.192391E+14  -0.157937E+14   0.325543E+14
   0.141237E+14   0.147610E+13  -0.192391E+14   0.175307E+15   0.662137E+14   0.492687E+14
   0.239142E+14   0.207646E+13  -0.157937E+14   0.662137E+14   0.225148E+15   0.298335E+14
  -0.180455E+14  -0.676650E+12   0.325543E+14   0.492687E+14   0.298335E+14   0.246714E+15
 trial position no.            9
 
 
 
 
 
 
 
 
 
 
 
 
  Covariance matrix; NOT corrected for  scaling
   0.745576E+14  -0.352354E+14   0.983287E+13   0.132721E+14   0.238250E+14  -0.227877E+14
  -0.352354E+14   0.159483E+15   0.490861E+14   0.921468E+12   0.160962E+13  -0.148422E+13
   0.983287E+13   0.490861E+14   0.213081E+15  -0.164960E+14  -0.122830E+14   0.364101E+14
   0.132721E+14   0.921469E+12  -0.164960E+14   0.160004E+15   0.421824E+14   0.169490E+14
   0.238250E+14   0.160962E+13  -0.122830E+14   0.421824E+14   0.209793E+15  -0.907043E+13
  -0.227877E+14  -0.148423E+13   0.364101E+14   0.169490E+14  -0.907043E+13   0.254738E+15
 trial position no.           10
 
 
 
 
 
 
 
 
 
 
 
 
  Covariance matrix; NOT corrected for  scaling
   0.785600E+14  -0.366396E+14   0.101103E+14   0.133583E+14   0.251159E+14  -0.268841E+14
  -0.366396E+14   0.153599E+15   0.477548E+14  -0.888800E+12  -0.795478E+12  -0.200896E+13
   0.101103E+14   0.477548E+14   0.204662E+15  -0.128512E+14  -0.795499E+13   0.427951E+14
   0.133583E+14  -0.888799E+12  -0.128512E+14   0.151716E+15   0.236828E+14   0.328047E+13
   0.251159E+14  -0.795477E+12  -0.795499E+13   0.236828E+14   0.202332E+15  -0.290900E+14
  -0.268841E+14  -0.200896E+13   0.427951E+14   0.328047E+13  -0.290900E+14   0.297913E+15
 trial position no.           11
 
 
 
 
 
 
 
 
 
 
 
 
  Covariance matrix; NOT corrected for  scaling
   0.829429E+14  -0.372825E+14   0.993824E+13   0.122128E+14   0.253050E+14  -0.311965E+14
  -0.372825E+14   0.136664E+15   0.418730E+14  -0.190911E+13  -0.190970E+13  -0.134207E+13
   0.993824E+13   0.418730E+14   0.181289E+15  -0.126385E+14  -0.706866E+13   0.458443E+14
   0.122128E+14  -0.190911E+13  -0.126385E+14   0.146555E+15   0.774838E+13  -0.126974E+14
   0.253050E+14  -0.190970E+13  -0.706866E+13   0.774838E+13   0.199312E+15  -0.521969E+14
  -0.311965E+14  -0.134207E+13   0.458443E+14  -0.126974E+14  -0.521969E+14   0.333743E+15
 trial position no.           12
 
 
 
 
 
 
 
 
 
 
 
 
  Covariance matrix; NOT corrected for  scaling
   0.874947E+14  -0.374539E+14   0.101402E+14   0.115547E+14   0.260637E+14  -0.354536E+14
  -0.374539E+14   0.123225E+15   0.369965E+14  -0.207585E+13  -0.259738E+13  -0.703508E+12
   0.101402E+14   0.369965E+14   0.162905E+15  -0.111534E+14  -0.540296E+13   0.477649E+14
   0.115547E+14  -0.207585E+13  -0.111534E+14   0.144615E+15  -0.645549E+13  -0.243888E+14
   0.260637E+14  -0.259738E+13  -0.540296E+13  -0.645549E+13   0.199429E+15  -0.712994E+14
  -0.354536E+14  -0.703510E+12   0.477649E+14  -0.243888E+14  -0.712994E+14   0.375493E+15
 trial position no.           13
 
 
 
 
 
 
 
 
 
 
 
 
  Covariance matrix; NOT corrected for  scaling
   0.921128E+14  -0.372910E+14   0.103398E+14   0.117760E+14   0.278084E+14  -0.398489E+14
  -0.372910E+14   0.112580E+15   0.336399E+14  -0.310692E+13  -0.365999E+13   0.122728E+12
   0.103398E+14   0.336399E+14   0.148494E+15  -0.883977E+13  -0.156274E+13   0.479362E+14
   0.117760E+14  -0.310692E+13  -0.883977E+13   0.142968E+15  -0.217581E+14  -0.315988E+14
   0.278084E+14  -0.365999E+13  -0.156274E+13  -0.217581E+14   0.198829E+15  -0.853096E+14
  -0.398489E+14   0.122725E+12   0.479362E+14  -0.315988E+14  -0.853096E+14   0.418709E+15
 trial position no.           14
 
 
 
 
 
 
 
 
 
 
 
 
  Covariance matrix; NOT corrected for  scaling
   0.974109E+14  -0.379644E+14   0.104071E+14   0.117143E+14   0.289321E+14  -0.436336E+14
  -0.379644E+14   0.104969E+15   0.311298E+14  -0.404274E+13  -0.423637E+13   0.890012E+12
   0.104071E+14   0.311298E+14   0.137837E+15  -0.868533E+13  -0.508796E+11   0.492538E+14
   0.117143E+14  -0.404274E+13  -0.868532E+13   0.145329E+15  -0.327512E+14  -0.389349E+14
   0.289322E+14  -0.423637E+13  -0.508788E+11  -0.327512E+14   0.203189E+15  -0.993879E+14
  -0.436336E+14   0.890014E+12   0.492538E+14  -0.389349E+14  -0.993879E+14   0.464437E+15
 trial position no.           15
 
 
 
 
 
 
 
 
 
 
 
 
  Covariance matrix; NOT corrected for  scaling
   0.102822E+15  -0.421929E+14   0.115463E+14   0.109876E+14   0.293952E+14  -0.476184E+14
  -0.421929E+14   0.116897E+15   0.342456E+14  -0.452857E+13  -0.485473E+13   0.111426E+13
   0.115463E+14   0.342456E+14   0.152849E+15  -0.853350E+13   0.123796E+13   0.583692E+14
   0.109876E+14  -0.452857E+13  -0.853350E+13   0.151254E+15  -0.408864E+14  -0.354244E+14
   0.293952E+14  -0.485473E+13   0.123795E+13  -0.408864E+14   0.211118E+15  -0.103762E+15
  -0.476184E+14   0.111426E+13   0.583692E+14  -0.354244E+14  -0.103762E+15   0.554714E+15
 trial position no.           16
 
 
 
 
 
 
 
 
 
 
 
 
  Covariance matrix; NOT corrected for  scaling
   0.108219E+15  -0.426293E+14   0.115564E+14   0.111090E+14   0.312041E+14  -0.526272E+14
  -0.426293E+14   0.111173E+15   0.327345E+14  -0.513626E+13  -0.571613E+13   0.293046E+13
   0.115564E+14   0.327345E+14   0.145309E+15  -0.721010E+13   0.356063E+13   0.595760E+14
   0.111090E+14  -0.513626E+13  -0.721010E+13   0.153859E+15  -0.537111E+14  -0.381256E+14
   0.312041E+14  -0.571613E+13   0.356063E+13  -0.537111E+14   0.214796E+15  -0.113614E+15
  -0.526272E+14   0.293046E+13   0.595759E+14  -0.381256E+14  -0.113614E+15   0.610030E+15
 trial position no.            7
 
 
 
 
 
 
 
 
 
 
 
 
  Covariance matrix; NOT corrected for  scaling
   0.558972E+14  -0.348783E+14   0.682323E+13  -0.209661E+14  -0.479864E+14   0.168595E+14
  -0.348783E+14   0.171449E+15  -0.131335E+15   0.106262E+13   0.464627E+14  -0.415501E+13
   0.682323E+13  -0.131335E+15   0.299925E+15  -0.529522E+13  -0.215265E+14   0.160462E+14
  -0.209661E+14   0.106262E+13  -0.529522E+13   0.100194E+15   0.675119E+14   0.463581E+14
  -0.479864E+14   0.464627E+14  -0.215265E+14   0.675119E+14   0.189007E+15   0.313128E+14
   0.168595E+14  -0.415501E+13   0.160462E+14   0.463581E+14   0.313128E+14   0.156576E+15
 trial position no.            8
 
 
 
 
 
 
 
 
 
 
 
 
  Covariance matrix; NOT corrected for  scaling
   0.597865E+14  -0.353187E+14   0.786736E+13  -0.199478E+14  -0.496687E+14   0.249675E+14
  -0.353187E+14   0.143108E+15  -0.110202E+15   0.292051E+12   0.445982E+14  -0.911148E+13
   0.786736E+13  -0.110202E+15   0.246458E+15  -0.548041E+13  -0.203142E+14   0.189326E+14
  -0.199478E+14   0.292052E+12  -0.548041E+13   0.862199E+14   0.487446E+14   0.207967E+14
  -0.496687E+14   0.445982E+14  -0.203142E+14   0.487446E+14   0.174946E+15  -0.613385E+13
   0.249675E+14  -0.911148E+13   0.189326E+14   0.207967E+14  -0.613384E+13   0.152097E+15
 trial position no.            9
 
 
 
 
 
 
 
 
 
 
 
 
  Covariance matrix; NOT corrected for  scaling
   0.632842E+14  -0.350276E+14   0.742220E+13  -0.186102E+14  -0.504946E+14   0.325109E+14
  -0.350276E+14   0.122757E+15  -0.951095E+14  -0.664279E+12   0.439749E+14  -0.131193E+14
   0.742221E+13  -0.951095E+14   0.209309E+15  -0.357426E+13  -0.189191E+14   0.214225E+14
  -0.186102E+14  -0.664281E+12  -0.357426E+13   0.769840E+14   0.338367E+14   0.454600E+13
  -0.504946E+14   0.439749E+14  -0.189190E+14   0.338367E+14   0.164858E+15  -0.337545E+14
   0.325109E+14  -0.131193E+14   0.214225E+14   0.454600E+13  -0.337545E+14   0.163735E+15
 trial position no.           10
 
 
 
 
 
 
 
 
 
 
 
 
  Covariance matrix; NOT corrected for  scaling
   0.667836E+14  -0.368660E+14   0.665686E+13  -0.176687E+14  -0.513247E+14   0.379991E+14
  -0.368661E+14   0.121344E+15  -0.939875E+14  -0.186190E+13   0.462520E+14  -0.162638E+14
   0.665687E+13  -0.939876E+14   0.204865E+15  -0.124979E+13  -0.177488E+14   0.247157E+14
  -0.176687E+14  -0.186191E+13  -0.124979E+13   0.727128E+14   0.235921E+14  -0.889278E+12
  -0.513247E+14   0.462520E+14  -0.177488E+14   0.235921E+14   0.160740E+15  -0.482751E+14
   0.379991E+14  -0.162638E+14   0.247157E+14  -0.889276E+12  -0.482751E+14   0.194047E+15
 trial position no.           11
 
 
 
 
 
 
 
 
 
 
 
 
  Covariance matrix; NOT corrected for  scaling
   0.714035E+14  -0.375418E+14   0.627667E+13  -0.175144E+14  -0.537812E+14   0.444852E+14
  -0.375418E+14   0.110044E+15  -0.848330E+14  -0.349027E+13   0.462204E+14  -0.190262E+14
   0.627667E+13  -0.848330E+14   0.183451E+15  -0.392294E+12  -0.177955E+14   0.266740E+14
  -0.175144E+14  -0.349027E+13  -0.392294E+12   0.696855E+14   0.147906E+14  -0.844913E+13
  -0.537812E+14   0.462204E+14  -0.177955E+14   0.147906E+14   0.160434E+15  -0.663815E+14
   0.444852E+14  -0.190262E+14   0.266740E+14  -0.844913E+13  -0.663815E+14   0.220604E+15
 trial position no.           12
 
 
 
 
 
 
 
 
 
 
 
 
  Covariance matrix; NOT corrected for  scaling
   0.758109E+14  -0.378731E+14   0.538744E+13  -0.171252E+14  -0.554967E+14   0.505124E+14
  -0.378731E+14   0.100790E+15  -0.773437E+14  -0.455301E+13   0.466531E+14  -0.215039E+14
   0.538744E+13  -0.773437E+14   0.166481E+15   0.102590E+13  -0.171164E+14   0.278247E+14
  -0.171252E+14  -0.455301E+13   0.102589E+13   0.679520E+14   0.644486E+13  -0.133878E+14
  -0.554966E+14   0.466531E+14  -0.171164E+14   0.644486E+13   0.160278E+15  -0.815207E+14
   0.505124E+14  -0.215039E+14   0.278247E+14  -0.133878E+14  -0.815207E+14   0.250111E+15
 trial position no.           13
 
 
 
 
 
 
 
 
 
 
 
 
  Covariance matrix; NOT corrected for  scaling
   0.798229E+14  -0.377127E+14   0.388629E+13  -0.165042E+14  -0.564081E+14   0.555226E+14
  -0.377127E+14   0.928656E+14  -0.706919E+14  -0.550469E+13   0.464793E+14  -0.233068E+14
   0.388629E+13  -0.706919E+14   0.152578E+15   0.264776E+13  -0.150961E+14   0.276930E+14
  -0.165042E+14  -0.550468E+13   0.264776E+13   0.670712E+14  -0.160548E+13  -0.158920E+14
  -0.564081E+14   0.464793E+14  -0.150961E+14  -0.160547E+13   0.159944E+15  -0.931303E+14
   0.555226E+14  -0.233068E+14   0.276930E+14  -0.158920E+14  -0.931303E+14   0.279529E+15
 trial position no.           14
 
 
 
 
 
 
 
 
 
 
 
 
  Covariance matrix; NOT corrected for  scaling
   0.846683E+14  -0.381079E+14   0.300017E+13  -0.162924E+14  -0.589459E+14   0.612792E+14
  -0.381079E+14   0.868619E+14  -0.653453E+14  -0.662432E+13   0.465043E+14  -0.249483E+14
   0.300017E+13  -0.653453E+14   0.141568E+15   0.333813E+13  -0.144122E+14   0.282373E+14
  -0.162924E+14  -0.662432E+13   0.333813E+13   0.678423E+14  -0.701718E+13  -0.187817E+14
  -0.589459E+14   0.465043E+14  -0.144122E+14  -0.701718E+13   0.163464E+15  -0.105794E+15
   0.612792E+14  -0.249483E+14   0.282373E+14  -0.187817E+14  -0.105794E+15   0.311074E+15
 trial position no.           15
 
 
 
 
 
 
 
 
 
 
 
 
  Covariance matrix; NOT corrected for  scaling
   0.899639E+14  -0.425383E+14   0.254726E+13  -0.162297E+14  -0.620161E+14   0.663679E+14
  -0.425383E+14   0.978066E+14  -0.726785E+14  -0.805666E+13   0.520817E+14  -0.285065E+14
   0.254725E+13  -0.726785E+14   0.157501E+15   0.488016E+13  -0.154231E+14   0.331693E+14
  -0.162297E+14  -0.805666E+13   0.488016E+13   0.701787E+14  -0.112771E+14  -0.148573E+14
  -0.620161E+14   0.520817E+14  -0.154231E+14  -0.112771E+14   0.168768E+15  -0.111885E+15
   0.663679E+14  -0.285065E+14   0.331693E+14  -0.148573E+14  -0.111885E+15   0.368811E+15
 trial position no.           16
 
 
 
 
 
 
 
 
 
 
 
 
  Covariance matrix; NOT corrected for  scaling
   0.946519E+14  -0.427153E+14   0.748942E+12  -0.158606E+14  -0.632934E+14   0.702903E+14
  -0.427153E+14   0.934398E+14  -0.685748E+14  -0.928050E+13   0.525279E+14  -0.288986E+14
   0.748931E+12  -0.685748E+14   0.150038E+15   0.640246E+13  -0.143126E+14   0.336038E+14
  -0.158606E+14  -0.928050E+13   0.640246E+13   0.715529E+14  -0.180449E+14  -0.151158E+14
  -0.632934E+14   0.525279E+14  -0.143126E+14  -0.180449E+14   0.171172E+15  -0.120861E+15
   0.702903E+14  -0.288986E+14   0.336038E+14  -0.151158E+14  -0.120861E+15   0.406653E+15
 trial position no.            7
 
 
 
 
 
 
 
 
 
 
 
 
  Covariance matrix; NOT corrected for  scaling
   0.119671E+15  -0.242602E+14   0.343918E+13   0.798864E+13  -0.290366E+14   0.119198E+14
  -0.242602E+14   0.491117E+15  -0.841932E+14  -0.191885E+14  -0.562289E+13  -0.791111E+13
   0.343918E+13  -0.841932E+14   0.406337E+15  -0.140365E+14  -0.930441E+13   0.773866E+13
   0.798864E+13  -0.191885E+14  -0.140365E+14   0.434347E+15   0.238753E+15   0.137423E+15
  -0.290366E+14  -0.562289E+13  -0.930440E+13   0.238753E+15   0.448331E+15   0.161962E+15
   0.119198E+14  -0.791112E+13   0.773867E+13   0.137423E+15   0.161962E+15   0.373578E+15
 trial position no.            8
 
 
 
 
 
 
 
 
 
 
 
 
  Covariance matrix; NOT corrected for  scaling
   0.128607E+15  -0.247593E+14   0.330162E+13   0.839026E+13  -0.336416E+14   0.125722E+14
  -0.247593E+14   0.396244E+15  -0.701419E+14  -0.163771E+14  -0.216941E+13  -0.327866E+13
   0.330162E+13  -0.701419E+14   0.321465E+15  -0.126264E+14  -0.775216E+13   0.104980E+14
   0.839027E+13  -0.163771E+14  -0.126264E+14   0.375153E+15   0.165826E+15   0.269830E+14
  -0.336416E+14  -0.216941E+13  -0.775216E+13   0.165826E+15   0.389132E+15   0.457486E+14
   0.125722E+14  -0.327866E+13   0.104980E+14   0.269830E+14   0.457486E+14   0.339421E+15
 trial position no.            9
 
 
 
 
 
 
 
 
 
 
 
 
  Covariance matrix; NOT corrected for  scaling
   0.137545E+15  -0.251821E+14   0.306928E+13   0.919649E+13  -0.373948E+14   0.140528E+14
  -0.251821E+14   0.332075E+15  -0.601205E+14  -0.145834E+14   0.334571E+12  -0.498551E+12
   0.306928E+13  -0.601205E+14   0.266347E+15  -0.109479E+14  -0.617701E+13   0.125339E+14
   0.919650E+13  -0.145834E+14  -0.109479E+14   0.338529E+15   0.114419E+15  -0.445943E+14
  -0.373948E+14   0.334570E+12  -0.617701E+13   0.114419E+15   0.351665E+15  -0.317024E+14
   0.140528E+14  -0.498551E+12   0.125339E+14  -0.445943E+14  -0.317024E+14   0.368136E+15
 trial position no.           10
 
 
 
 
 
 
 
 
 
 
 
 
  Covariance matrix; NOT corrected for  scaling
   0.146170E+15  -0.271930E+14   0.289323E+13   0.988935E+13  -0.406387E+14   0.153808E+14
  -0.271930E+14   0.321991E+15  -0.593700E+14  -0.148531E+14   0.170540E+13   0.125068E+13
   0.289323E+13  -0.593700E+14   0.255433E+15  -0.979940E+13  -0.478503E+13   0.147606E+14
   0.988934E+13  -0.148531E+14  -0.979940E+13   0.320491E+15   0.814601E+14  -0.810743E+14
  -0.406387E+14   0.170540E+13  -0.478503E+13   0.814601E+14   0.333194E+15  -0.736697E+14
   0.153808E+14   0.125068E+13   0.147606E+14  -0.810743E+14  -0.736697E+14   0.451803E+15
 trial position no.           11
 
 
 
 
 
 
 
 
 
 
 
 
  Covariance matrix; NOT corrected for  scaling
   0.154922E+15  -0.281785E+14   0.271157E+13   0.993512E+13  -0.438397E+14   0.177167E+14
  -0.281785E+14   0.286066E+15  -0.533680E+14  -0.147869E+14   0.288151E+13   0.327755E+13
   0.271157E+13  -0.533680E+14   0.225201E+15  -0.927634E+13  -0.421087E+13   0.161879E+14
   0.993512E+13  -0.147868E+14  -0.927634E+13   0.303935E+15   0.494224E+14  -0.119461E+15
  -0.438397E+14   0.288151E+13  -0.421087E+13   0.494224E+14   0.315928E+15  -0.118561E+15
   0.177167E+14   0.327755E+13   0.161878E+14  -0.119461E+15  -0.118561E+15   0.537186E+15
 trial position no.           12
 
 
 
 
 
 
 
 
 
 
 
 
  Covariance matrix; NOT corrected for  scaling
   0.163900E+15  -0.289528E+14   0.251146E+13   0.100742E+14  -0.465218E+14   0.202264E+14
  -0.289528E+14   0.258720E+15  -0.486820E+14  -0.143693E+14   0.408724E+13   0.471451E+13
   0.251146E+13  -0.486820E+14   0.202861E+15  -0.861370E+13  -0.356505E+13   0.171446E+14
   0.100742E+14  -0.143693E+14  -0.861370E+13   0.294972E+15   0.238436E+14  -0.148461E+15
  -0.465218E+14   0.408724E+13  -0.356505E+13   0.238436E+14   0.305660E+15  -0.153851E+15
   0.202264E+14   0.471451E+13   0.171446E+14  -0.148461E+15  -0.153851E+15   0.635172E+15
 trial position no.           13
 
 
 
 
 
 
 
 
 
 
 
 
  Covariance matrix; NOT corrected for  scaling
   0.173101E+15  -0.294837E+14   0.217528E+13   0.105251E+14  -0.485006E+14   0.224479E+14
  -0.294837E+14   0.237447E+15  -0.448228E+14  -0.142404E+14   0.482477E+13   0.597397E+13
   0.217528E+13  -0.448228E+14   0.185792E+15  -0.778476E+13  -0.260827E+13   0.174452E+14
   0.105251E+14  -0.142404E+14  -0.778476E+13   0.290850E+15   0.198041E+13  -0.170717E+15
  -0.485006E+14   0.482477E+13  -0.260827E+13   0.198041E+13   0.299902E+15  -0.182119E+15
   0.224479E+14   0.597396E+13   0.174452E+14  -0.170717E+15  -0.182119E+15   0.738556E+15
 trial position no.           14
 
 
 
 
 
 
 
 
 
 
 
 
  Covariance matrix; NOT corrected for  scaling
   0.183106E+15  -0.302967E+14   0.194585E+13   0.104913E+14  -0.508109E+14   0.252693E+14
  -0.302967E+14   0.220907E+15  -0.416188E+14  -0.145781E+14   0.530451E+13   0.733209E+13
   0.194586E+13  -0.416188E+14   0.172517E+15  -0.757290E+13  -0.220205E+13   0.181078E+14
   0.104913E+14  -0.145781E+14  -0.757290E+13   0.292270E+15  -0.153230E+14  -0.190861E+15
  -0.508109E+14   0.530451E+13  -0.220205E+13  -0.153230E+14   0.299804E+15  -0.208146E+15
   0.252693E+14   0.733209E+13   0.181078E+14  -0.190861E+15  -0.208146E+15   0.846161E+15
 trial position no.           15
 
 
 
 
 
 
 
 
 
 
 
 
  Covariance matrix; NOT corrected for  scaling
   0.192879E+15  -0.340697E+14   0.201961E+13   0.965249E+13  -0.531762E+14   0.277425E+14
  -0.340697E+14   0.245970E+15  -0.463789E+14  -0.157734E+14   0.666465E+13   0.879980E+13
   0.201961E+13  -0.463789E+14   0.191337E+15  -0.796856E+13  -0.203009E+13   0.213462E+14
   0.965249E+13  -0.157735E+14  -0.796855E+13   0.296386E+15  -0.303286E+14  -0.195372E+15
  -0.531762E+14   0.666465E+13  -0.203009E+13  -0.303286E+14   0.301339E+15  -0.219872E+15
   0.277425E+14   0.879980E+13   0.213462E+14  -0.195373E+15  -0.219872E+15   0.102157E+16
 trial position no.           16
 
 
 
 
 
 
 
 
 
 
 
 
  Covariance matrix; NOT corrected for  scaling
   0.202998E+15  -0.349764E+14   0.170720E+13   0.938857E+13  -0.545230E+14   0.301494E+14
  -0.349764E+14   0.235174E+15  -0.442541E+14  -0.159082E+14   0.722503E+13   0.102161E+14
   0.170720E+13  -0.442541E+14   0.182632E+15  -0.759584E+13  -0.150351E+13   0.219789E+14
   0.938857E+13  -0.159082E+14  -0.759584E+13   0.299720E+15  -0.474230E+14  -0.209550E+15
  -0.545230E+14   0.722503E+13  -0.150351E+13  -0.474230E+14   0.302079E+15  -0.240369E+15
   0.301494E+14   0.102161E+14   0.219789E+14  -0.209550E+15  -0.240369E+15   0.115222E+16
 trial position no.            7
 
 
 
 
 
 
 
 
 
 
 
 
  Covariance matrix; NOT corrected for  scaling
   0.629036E+14  -0.981694E+13  -0.685367E+13  -0.204253E+14   0.129760E+13   0.418283E+13
  -0.981694E+13   0.244770E+15  -0.801314E+14   0.233930E+14   0.234746E+14   0.459673E+13
  -0.685367E+13  -0.801314E+14   0.473250E+15  -0.251223E+14  -0.127199E+14  -0.643698E+12
  -0.204253E+14   0.233930E+14  -0.251223E+14   0.283766E+15   0.110428E+15   0.129418E+15
   0.129760E+13   0.234746E+14  -0.127199E+14   0.110428E+15   0.367630E+15   0.870876E+14
   0.418283E+13   0.459673E+13  -0.643698E+12   0.129418E+15   0.870876E+14   0.278345E+15
 trial position no.            8
 
 
 
 
 
 
 
 
 
 
 
 
  Covariance matrix; NOT corrected for  scaling
   0.667104E+14  -0.972470E+13  -0.657081E+13  -0.222236E+14   0.292090E+13   0.604169E+13
  -0.972470E+13   0.194256E+15  -0.664692E+14   0.192420E+14   0.172141E+14  -0.235264E+13
  -0.657081E+13  -0.664692E+14   0.384689E+15  -0.231670E+14  -0.768188E+13   0.519967E+13
  -0.222236E+14   0.192420E+14  -0.231670E+14   0.249771E+15   0.602270E+14   0.615785E+14
   0.292090E+13   0.172141E+14  -0.768188E+13   0.602270E+14   0.335784E+15   0.107203E+14
   0.604169E+13  -0.235264E+13   0.519967E+13   0.615785E+14   0.107203E+14   0.249595E+15
 trial position no.            9
 
 
 
 
 
 
 
 
 
 
 
 
  Covariance matrix; NOT corrected for  scaling
   0.707380E+14  -0.964888E+13  -0.658779E+13  -0.238756E+14   0.448813E+13   0.788099E+13
  -0.964888E+13   0.161324E+15  -0.569932E+14   0.169378E+14   0.135873E+14  -0.653839E+13
  -0.658779E+13  -0.569932E+14   0.323973E+15  -0.210886E+14  -0.382725E+13   0.927086E+13
  -0.238756E+14   0.169378E+14  -0.210886E+14   0.229883E+15   0.238938E+14   0.181059E+14
   0.448813E+13   0.135873E+14  -0.382725E+13   0.238938E+14   0.317478E+15  -0.407466E+14
   0.788099E+13  -0.653839E+13   0.927086E+13   0.181059E+14  -0.407466E+14   0.260809E+15
 trial position no.           10
 
 
 
 
 
 
 
 
 
 
 
 
  Covariance matrix; NOT corrected for  scaling
   0.748933E+14  -0.102911E+14  -0.718616E+13  -0.257310E+14   0.582750E+13   0.938471E+13
  -0.102911E+14   0.155145E+15  -0.565403E+14   0.164824E+14   0.117086E+14  -0.923992E+13
  -0.718616E+13  -0.565404E+14   0.316120E+15  -0.210122E+14  -0.668353E+12   0.126152E+14
  -0.257310E+14   0.164824E+14  -0.210122E+14   0.222196E+15   0.138614E+12  -0.263690E+13
   0.582750E+13   0.117086E+14  -0.668353E+12   0.138614E+12   0.312531E+15  -0.681001E+14
   0.938471E+13  -0.923992E+13   0.126152E+14  -0.263690E+13  -0.681001E+14   0.310069E+15
 trial position no.           11
 
 
 
 
 
 
 
 
 
 
 
 
  Covariance matrix; NOT corrected for  scaling
   0.792210E+14  -0.105531E+14  -0.739782E+13  -0.275234E+14   0.702867E+13   0.113482E+14
  -0.105531E+14   0.136958E+15  -0.509911E+14   0.147470E+14   0.895414E+13  -0.110890E+14
  -0.739783E+13  -0.509911E+14   0.281956E+15  -0.207304E+14   0.156792E+13   0.152373E+14
  -0.275234E+14   0.147470E+14  -0.207304E+14   0.213887E+15  -0.240462E+14  -0.257032E+14
   0.702867E+13   0.895414E+13   0.156792E+13  -0.240462E+14   0.307339E+15  -0.983615E+14
   0.113482E+14  -0.110890E+14   0.152373E+14  -0.257032E+14  -0.983615E+14   0.356986E+15
 trial position no.           12
 
 
 
 
 
 
 
 
 
 
 
 
  Covariance matrix; NOT corrected for  scaling
   0.838020E+14  -0.107795E+14  -0.758948E+13  -0.291658E+14   0.809658E+13   0.133786E+14
  -0.107795E+14   0.123590E+15  -0.468045E+14   0.138617E+14   0.727273E+13  -0.124792E+14
  -0.758948E+13  -0.468045E+14   0.255802E+15  -0.202066E+14   0.381043E+13   0.170708E+14
  -0.291658E+14   0.138617E+14  -0.202066E+14   0.210268E+15  -0.438631E+14  -0.432270E+14
   0.809658E+13   0.727273E+13   0.381043E+13  -0.438631E+14   0.306339E+15  -0.122522E+15
   0.133786E+14  -0.124792E+14   0.170708E+14  -0.432270E+14  -0.122522E+15   0.412315E+15
 trial position no.           13
 
 
 
 
 
 
 
 
 
 
 
 
  Covariance matrix; NOT corrected for  scaling
   0.887133E+14  -0.110332E+14  -0.774642E+13  -0.307288E+14   0.893807E+13   0.154553E+14
  -0.110332E+14   0.113504E+15  -0.434838E+14   0.134934E+14   0.617375E+13  -0.137333E+14
  -0.774642E+13  -0.434838E+14   0.235270E+15  -0.197639E+14   0.602373E+13   0.181761E+14
  -0.307288E+14   0.134934E+14  -0.197639E+14   0.209816E+15  -0.607671E+14  -0.568105E+14
   0.893807E+13   0.617375E+13   0.602373E+13  -0.607671E+14   0.308663E+15  -0.142442E+15
   0.154553E+14  -0.137333E+14   0.181761E+14  -0.568105E+14  -0.142442E+15   0.471586E+15
 trial position no.           14
 
 
 
 
 
 
 
 
 
 
 
 
  Covariance matrix; NOT corrected for  scaling
   0.939805E+14  -0.113561E+14  -0.799321E+13  -0.322086E+14   0.935931E+13   0.177060E+14
  -0.113561E+14   0.105701E+15  -0.407093E+14   0.129304E+14   0.499112E+13  -0.143603E+14
  -0.799321E+13  -0.407093E+14   0.219107E+15  -0.199188E+14   0.745132E+13   0.193677E+14
  -0.322086E+14   0.129304E+14  -0.199188E+14   0.212158E+15  -0.746739E+14  -0.686777E+14
   0.935931E+13   0.499112E+13   0.745132E+13  -0.746739E+14   0.313986E+15  -0.160266E+15
   0.177060E+14  -0.143603E+14   0.193677E+14  -0.686777E+14  -0.160266E+15   0.532835E+15
 trial position no.           15
 
 
 
 
 
 
 
 
 
 
 
 
  Covariance matrix; NOT corrected for  scaling
   0.992774E+14  -0.127130E+14  -0.915407E+13  -0.335122E+14   0.947860E+13   0.198647E+14
  -0.127130E+14   0.117586E+15  -0.457122E+14   0.136048E+14   0.428245E+13  -0.159754E+14
  -0.915407E+13  -0.457122E+14   0.244562E+15  -0.216899E+14   0.100091E+14   0.228418E+14
  -0.335122E+14   0.136048E+14  -0.216899E+14   0.216133E+15  -0.860800E+14  -0.699347E+14
   0.947860E+13   0.428245E+13   0.100091E+14  -0.860800E+14   0.320848E+15  -0.166563E+15
   0.198647E+14  -0.159754E+14   0.228418E+14  -0.699348E+14  -0.166563E+15   0.637776E+15
 trial position no.           16
 
 
 
 
 
 
 
 
 
 
 
 
  Covariance matrix; NOT corrected for  scaling
   0.105038E+15  -0.131360E+14  -0.964833E+13  -0.348073E+14   0.972120E+13   0.222827E+14
  -0.131360E+14   0.112611E+15  -0.441257E+14   0.134882E+14   0.350556E+13  -0.164604E+14
  -0.964833E+13  -0.441257E+14   0.234504E+15  -0.218564E+14   0.118495E+14   0.240390E+14
  -0.348073E+14   0.134882E+14  -0.218564E+14   0.219413E+15  -0.995443E+14  -0.789165E+14
   0.972120E+13   0.350556E+13   0.118495E+14  -0.995443E+14   0.326981E+15  -0.180973E+15
   0.222827E+14  -0.164604E+14   0.240390E+14  -0.789165E+14  -0.180973E+15   0.713281E+15
 trial position no.            7
 
 
 
 
 
 
 
 
 
 
 
 
  Covariance matrix; NOT corrected for  scaling
   0.127632E+15  -0.368431E+14   0.462289E+13  -0.107830E+14  -0.358634E+14   0.192872E+14
  -0.368431E+14   0.328780E+15  -0.892839E+14  -0.658346E+13   0.140268E+14  -0.407030E+13
   0.462289E+13  -0.892839E+14   0.415455E+15  -0.240121E+14  -0.230642E+14   0.913399E+13
  -0.107830E+14  -0.658346E+13  -0.240121E+14   0.287556E+15   0.174581E+15   0.112021E+15
  -0.358634E+14   0.140268E+14  -0.230642E+14   0.174581E+15   0.340713E+15   0.102307E+15
   0.192872E+14  -0.407030E+13   0.913399E+13   0.112021E+15   0.102307E+15   0.315483E+15
 trial position no.            8
 
 
 
 
 
 
 
 
 
 
 
 
  Covariance matrix; NOT corrected for  scaling
   0.138130E+15  -0.378067E+14   0.505837E+13  -0.112220E+14  -0.389410E+14   0.238526E+14
  -0.378067E+14   0.264350E+15  -0.737120E+14  -0.571471E+13   0.145198E+14  -0.420486E+13
   0.505837E+13  -0.737120E+14   0.332673E+15  -0.214648E+14  -0.193491E+14   0.155012E+14
  -0.112220E+14  -0.571471E+13  -0.214648E+14   0.245453E+15   0.124248E+15   0.358312E+14
  -0.389410E+14   0.145198E+14  -0.193491E+14   0.124248E+15   0.298201E+15   0.184034E+14
   0.238526E+14  -0.420486E+13   0.155012E+14   0.358312E+14   0.184034E+14   0.295255E+15
 trial position no.            9
 
 
 
 
 
 
 
 
 
 
 
 
  Covariance matrix; NOT corrected for  scaling
   0.148182E+15  -0.384138E+14   0.496211E+13  -0.110333E+14  -0.410806E+14   0.285189E+14
  -0.384138E+14   0.221098E+15  -0.630183E+14  -0.494445E+13   0.153180E+14  -0.463558E+13
   0.496210E+13  -0.630183E+14   0.277478E+15  -0.184900E+14  -0.158670E+14   0.201823E+14
  -0.110333E+14  -0.494445E+13  -0.184900E+14   0.218794E+15   0.884603E+14  -0.135335E+14
  -0.410805E+14   0.153180E+14  -0.158670E+14   0.884603E+14   0.270759E+15  -0.381499E+14
   0.285189E+14  -0.463558E+13   0.201823E+14  -0.135335E+14  -0.381499E+14   0.318756E+15
 trial position no.           10
 
 
 
 
 
 
 
 
 
 
 
 
  Covariance matrix; NOT corrected for  scaling
   0.157475E+15  -0.413197E+14   0.473956E+13  -0.108949E+14  -0.426836E+14   0.320422E+14
  -0.413197E+14   0.213835E+15  -0.619496E+14  -0.515147E+13   0.164459E+14  -0.508424E+13
   0.473956E+13  -0.619495E+14   0.267608E+15  -0.167138E+14  -0.132782E+14   0.247326E+14
  -0.108949E+14  -0.515147E+13  -0.167138E+14   0.205156E+15   0.654171E+14  -0.370001E+14
  -0.426836E+14   0.164459E+14  -0.132782E+14   0.654171E+14   0.256942E+15  -0.676552E+14
   0.320422E+14  -0.508424E+13   0.247327E+14  -0.370001E+14  -0.676552E+14   0.385303E+15
 trial position no.           11
 
 
 
 
 
 
 
 
 
 
 
 
  Covariance matrix; NOT corrected for  scaling
   0.166753E+15  -0.426467E+14   0.456056E+13  -0.115605E+14  -0.447658E+14   0.363581E+14
  -0.426467E+14   0.190072E+15  -0.555560E+14  -0.579921E+13   0.163486E+14  -0.502018E+13
   0.456056E+13  -0.555560E+14   0.236961E+15  -0.158143E+14  -0.117916E+14   0.279917E+14
  -0.115605E+14  -0.579921E+13  -0.158143E+14   0.192994E+15   0.435264E+14  -0.630918E+14
  -0.447658E+14   0.163486E+14  -0.117916E+14   0.435264E+14   0.245304E+15  -0.100476E+15
   0.363581E+14  -0.502018E+13   0.279917E+14  -0.630918E+14  -0.100476E+15   0.448331E+15
 trial position no.           12
 
 
 
 
 
 
 
 
 
 
 
 
  Covariance matrix; NOT corrected for  scaling
   0.175854E+15  -0.435685E+14   0.429021E+13  -0.118595E+14  -0.462755E+14   0.403007E+14
  -0.435685E+14   0.171941E+15  -0.506907E+14  -0.577741E+13   0.167861E+14  -0.517564E+13
   0.429021E+13  -0.506907E+14   0.213838E+15  -0.146348E+14  -0.101544E+14   0.302743E+14
  -0.118595E+14  -0.577741E+13  -0.146348E+14   0.185857E+15   0.256197E+14  -0.826146E+14
  -0.462755E+14   0.167861E+14  -0.101544E+14   0.256197E+14   0.238292E+15  -0.126328E+15
   0.403007E+14  -0.517564E+13   0.302743E+14  -0.826146E+14  -0.126328E+15   0.519717E+15
 trial position no.           13
 
 
 
 
 
 
 
 
 
 
 
 
  Covariance matrix; NOT corrected for  scaling
   0.184571E+15  -0.440247E+14   0.373816E+13  -0.116375E+14  -0.470017E+14   0.434154E+14
  -0.440247E+14   0.157775E+15  -0.466680E+14  -0.583713E+13   0.169685E+14  -0.530745E+13
   0.373817E+13  -0.466680E+14   0.195862E+15  -0.132361E+14  -0.804246E+13   0.313238E+14
  -0.116375E+14  -0.583714E+13  -0.132361E+14   0.181819E+15   0.984255E+13  -0.969886E+14
  -0.470017E+14   0.169685E+14  -0.804246E+13   0.984255E+13   0.234163E+15  -0.146551E+15
   0.434154E+14  -0.530745E+13   0.313238E+14  -0.969886E+14  -0.146551E+15   0.593791E+15
 trial position no.           14
 
 
 
 
 
 
 
 
 
 
 
 
  Covariance matrix; NOT corrected for  scaling
   0.194026E+15  -0.449307E+14   0.340329E+13  -0.119371E+14  -0.486176E+14   0.471599E+14
  -0.449307E+14   0.147014E+15  -0.433022E+14  -0.637999E+13   0.169653E+14  -0.509523E+13
   0.340329E+13  -0.433022E+14   0.181899E+15  -0.128952E+14  -0.704042E+13   0.329124E+14
  -0.119371E+14  -0.637999E+13  -0.128952E+14   0.181937E+15  -0.213324E+13  -0.110406E+15
  -0.486176E+14   0.169653E+14  -0.704042E+13  -0.213325E+13   0.235072E+15  -0.165954E+15
   0.471599E+14  -0.509523E+13   0.329124E+14  -0.110406E+15  -0.165954E+15   0.671065E+15
 trial position no.           15
 
 
 
 
 
 
 
 
 
 
 
 
  Covariance matrix; NOT corrected for  scaling
   0.203087E+15  -0.501395E+14   0.356296E+13  -0.126672E+14  -0.504305E+14   0.502083E+14
  -0.501395E+14   0.163865E+15  -0.482562E+14  -0.702973E+13   0.190594E+14  -0.534147E+13
   0.356296E+13  -0.482562E+14   0.202078E+15  -0.135240E+14  -0.657322E+13   0.388356E+14
  -0.126672E+14  -0.702973E+13  -0.135240E+14   0.184429E+15  -0.122420E+14  -0.110899E+15
  -0.504305E+14   0.190594E+14  -0.657322E+13  -0.122420E+14   0.237877E+15  -0.172819E+15
   0.502083E+14  -0.534147E+13   0.388356E+14  -0.110899E+15  -0.172819E+15   0.804861E+15
 trial position no.           16
 
 
 
 
 
 
 
 
 
 
 
 
  Covariance matrix; NOT corrected for  scaling
   0.211955E+15  -0.509891E+14   0.295372E+13  -0.126975E+14  -0.509914E+14   0.525068E+14
  -0.509891E+14   0.156613E+15  -0.460034E+14  -0.734221E+13   0.193016E+14  -0.466181E+13
   0.295372E+13  -0.460034E+14   0.192894E+15  -0.128813E+14  -0.518931E+13   0.402650E+14
  -0.126975E+14  -0.734221E+13  -0.128813E+14   0.185831E+15  -0.247916E+14  -0.119780E+15
  -0.509914E+14   0.193016E+14  -0.518931E+13  -0.247916E+14   0.239326E+15  -0.187411E+15
   0.525068E+14  -0.466181E+13   0.402650E+14  -0.119780E+15  -0.187411E+15   0.898357E+15
 trial position no.            7
 
 
 
 
 
 
 
 
 
 
 
 
  Covariance matrix; NOT corrected for  scaling
   0.129784E+15  -0.167759E+14  -0.164789E+14  -0.481692E+14  -0.105936E+14   0.139424E+14
  -0.167759E+14   0.457470E+15  -0.112245E+15  -0.332378E+14  -0.665723E+13   0.121617E+14
  -0.164789E+14  -0.112245E+15   0.463870E+15   0.182957E+14   0.185001E+14   0.499271E+13
  -0.481692E+14  -0.332378E+14   0.182957E+14   0.413515E+15   0.237069E+15   0.160814E+15
  -0.105936E+14  -0.665723E+13   0.185001E+14   0.237069E+15   0.443502E+15   0.184442E+15
   0.139424E+14   0.121617E+14   0.499271E+13   0.160814E+15   0.184442E+15   0.398077E+15
 trial position no.            8
 
 
 
 
 
 
 
 
 
 
 
 
  Covariance matrix; NOT corrected for  scaling
   0.139679E+15  -0.171318E+14  -0.158897E+14  -0.512518E+14  -0.978970E+13   0.205391E+14
  -0.171318E+14   0.368388E+15  -0.917855E+14  -0.289191E+14  -0.472806E+13   0.174353E+14
  -0.158897E+14  -0.917855E+14   0.368222E+15   0.139693E+14   0.151028E+14  -0.532909E+12
  -0.512517E+14  -0.289191E+14   0.139693E+14   0.357910E+15   0.167609E+15   0.532442E+14
  -0.978970E+13  -0.472807E+13   0.151028E+14   0.167609E+15   0.384549E+15   0.687030E+14
   0.205391E+14   0.174353E+14  -0.532908E+12   0.532442E+14   0.687030E+14   0.349221E+15
 trial position no.            9
 
 
 
 
 
 
 
 
 
 
 
 
  Covariance matrix; NOT corrected for  scaling
   0.149600E+15  -0.171949E+14  -0.160718E+14  -0.538901E+14  -0.846968E+13   0.271168E+14
  -0.171949E+14   0.307511E+15  -0.781034E+14  -0.246129E+14  -0.148810E+13   0.212196E+14
  -0.160718E+14  -0.781034E+14   0.306035E+15   0.122082E+14   0.130646E+14  -0.399538E+13
  -0.538901E+14  -0.246129E+14   0.122082E+14   0.323214E+15   0.118084E+15  -0.170402E+14
  -0.846968E+13  -0.148810E+13   0.130646E+14   0.118084E+15   0.345980E+15  -0.905405E+13
   0.271168E+14   0.212196E+14  -0.399538E+13  -0.170402E+14  -0.905405E+13   0.363304E+15
 trial position no.           10
 
 
 
 
 
 
 
 
 
 
 
 
  Covariance matrix; NOT corrected for  scaling
   0.159546E+15  -0.186305E+14  -0.174708E+14  -0.572624E+14  -0.751970E+13   0.325381E+14
  -0.186305E+14   0.297210E+15  -0.769439E+14  -0.226095E+14   0.131145E+13   0.253829E+14
  -0.174708E+14  -0.769439E+14   0.294759E+15   0.119543E+14   0.125329E+14  -0.625502E+13
  -0.572624E+14  -0.226095E+14   0.119543E+14   0.307675E+15   0.875448E+14  -0.519049E+14
  -0.751970E+13   0.131145E+13   0.125329E+14   0.875448E+14   0.327805E+15  -0.503177E+14
   0.325381E+14   0.253829E+14  -0.625502E+13  -0.519049E+14  -0.503177E+14   0.434865E+15
 trial position no.           11
 
 
 
 
 
 
 
 
 
 
 
 
  Covariance matrix; NOT corrected for  scaling
   0.169544E+15  -0.193265E+14  -0.180008E+14  -0.609540E+14  -0.673400E+13   0.391621E+14
  -0.193265E+14   0.263553E+15  -0.690905E+14  -0.221712E+14   0.171712E+13   0.283645E+14
  -0.180008E+14  -0.690905E+14   0.260669E+15   0.102361E+14   0.107053E+14  -0.791883E+13
  -0.609540E+14  -0.221712E+14   0.102361E+14   0.293039E+15   0.570391E+14  -0.901941E+14
  -0.673400E+13   0.171712E+13   0.107053E+14   0.570391E+14   0.310261E+15  -0.956644E+14
   0.391621E+14   0.283645E+14  -0.791883E+13  -0.901941E+14  -0.956644E+14   0.505793E+15
 trial position no.           12
 
 
 
 
 
 
 
 
 
 
 
 
  Covariance matrix; NOT corrected for  scaling
   0.179748E+15  -0.198438E+14  -0.185915E+14  -0.643210E+14  -0.569312E+13   0.456458E+14
  -0.198438E+14   0.237614E+15  -0.632263E+14  -0.204844E+14   0.341554E+13   0.300536E+14
  -0.185915E+14  -0.632263E+14   0.235525E+15   0.950374E+13   0.970154E+13  -0.932684E+13
  -0.643210E+14  -0.204844E+14   0.950374E+13   0.285049E+15   0.322067E+14  -0.119256E+15
  -0.569312E+13   0.341554E+13   0.970154E+13   0.322067E+14   0.299164E+15  -0.131306E+15
   0.456458E+14   0.300536E+14  -0.932684E+13  -0.119256E+15  -0.131306E+15   0.590069E+15
 trial position no.           13
 
 
 
 
 
 
 
 
 
 
 
 
  Covariance matrix; NOT corrected for  scaling
   0.190249E+15  -0.202871E+14  -0.191780E+14  -0.675602E+14  -0.473018E+13   0.519944E+14
  -0.202871E+14   0.217463E+15  -0.586128E+14  -0.185176E+14   0.532159E+13   0.304417E+14
  -0.191780E+14  -0.586128E+14   0.216322E+15   0.923387E+13   0.928912E+13  -0.106705E+14
  -0.675602E+14  -0.185176E+14   0.923387E+13   0.281692E+15   0.114243E+14  -0.141888E+15
  -0.473018E+13   0.532159E+13   0.928912E+13   0.114243E+14   0.293467E+15  -0.160495E+15
   0.519944E+14   0.304417E+14  -0.106705E+14  -0.141888E+15  -0.160495E+15   0.681037E+15
 trial position no.           14
 
 
 
 
 
 
 
 
 
 
 
 
  Covariance matrix; NOT corrected for  scaling
   0.200877E+15  -0.208139E+14  -0.197740E+14  -0.706815E+14  -0.437957E+13   0.583864E+14
  -0.208139E+14   0.202204E+15  -0.547970E+14  -0.184570E+14   0.573737E+13   0.318588E+14
  -0.197740E+14  -0.547969E+14   0.201332E+15   0.857539E+13   0.863807E+13  -0.112731E+14
  -0.706815E+14  -0.184570E+14   0.857538E+13   0.283356E+15  -0.475071E+13  -0.162155E+15
  -0.437957E+13   0.573737E+13   0.863807E+13  -0.475071E+13   0.292882E+15  -0.186914E+15
   0.583864E+14   0.318588E+14  -0.112731E+14  -0.162155E+15  -0.186914E+15   0.776371E+15
 trial position no.           15
 
 
 
 
 
 
 
 
 
 
 
 
  Covariance matrix; NOT corrected for  scaling
   0.211119E+15  -0.233220E+14  -0.222336E+14  -0.737098E+14  -0.425447E+13   0.640299E+14
  -0.233220E+14   0.224846E+15  -0.612969E+14  -0.193496E+14   0.751546E+13   0.372789E+14
  -0.222336E+14  -0.612969E+14   0.223788E+15   0.885161E+13   0.876724E+13  -0.122943E+14
  -0.737098E+14  -0.193496E+14   0.885161E+13   0.288524E+15  -0.180647E+14  -0.165738E+15
  -0.425447E+13   0.751546E+13   0.876724E+13  -0.180647E+14   0.294691E+15  -0.198226E+15
   0.640299E+14   0.372789E+14  -0.122943E+14  -0.165738E+15  -0.198226E+15   0.936046E+15
 trial position no.           16
 
 
 
 
 
 
 
 
 
 
 
 
  Covariance matrix; NOT corrected for  scaling
   0.222240E+15  -0.240123E+14  -0.231514E+14  -0.768625E+14  -0.360822E+13   0.705261E+14
  -0.240123E+14   0.214663E+15  -0.589866E+14  -0.185289E+14   0.892869E+13   0.384422E+14
  -0.231514E+14  -0.589866E+14   0.214153E+15   0.870309E+13   0.828972E+13  -0.124977E+14
  -0.768625E+14  -0.185289E+14   0.870309E+13   0.292215E+15  -0.344280E+14  -0.180734E+15
  -0.360821E+13   0.892869E+13   0.828972E+13  -0.344280E+14   0.295678E+15  -0.219927E+15
   0.705261E+14   0.384422E+14  -0.124977E+14  -0.180734E+15  -0.219926E+15   0.105514E+16
 trial position no.            7
 
 
 
 
 
 
 
 
 
 
 
 
  Covariance matrix; NOT corrected for  scaling
   0.638865E+14  -0.381983E+14   0.220024E+13  -0.190014E+14  -0.407878E+14   0.827622E+13
  -0.381983E+14   0.204016E+15  -0.991520E+14  -0.143604E+13   0.452091E+14   0.354373E+13
   0.220024E+13  -0.991520E+14   0.329489E+15  -0.136408E+14  -0.171703E+14   0.207547E+14
  -0.190014E+14  -0.143603E+13  -0.136408E+14   0.154367E+15   0.890441E+14   0.780676E+14
  -0.407878E+14   0.452091E+14  -0.171703E+14   0.890441E+14   0.253929E+15   0.680538E+14
   0.827622E+13   0.354373E+13   0.207547E+14   0.780676E+14   0.680538E+14   0.227188E+15
 trial position no.            8
 
 
 
 
 
 
 
 
 
 
 
 
  Covariance matrix; NOT corrected for  scaling
   0.684449E+14  -0.380833E+14   0.277541E+13  -0.180248E+14  -0.423922E+14   0.158936E+14
  -0.380833E+14   0.166522E+15  -0.803443E+14  -0.261119E+13   0.426325E+14  -0.168671E+13
   0.277541E+13  -0.803443E+14   0.265101E+15  -0.132147E+14  -0.150235E+14   0.239301E+14
  -0.180248E+14  -0.261119E+13  -0.132147E+14   0.133490E+15   0.606246E+14   0.388704E+14
  -0.423922E+14   0.426325E+14  -0.150235E+14   0.606246E+14   0.232415E+15   0.146711E+14
   0.158936E+14  -0.168671E+13   0.239301E+14   0.388704E+14   0.146711E+14   0.213301E+15
 trial position no.            9
 
 
 
 
 
 
 
 
 
 
 
 
  Covariance matrix; NOT corrected for  scaling
   0.727123E+14  -0.375325E+14   0.241171E+13  -0.167072E+14  -0.431299E+14   0.231893E+14
  -0.375325E+14   0.140501E+15  -0.680969E+14  -0.342205E+13   0.417850E+14  -0.590176E+13
   0.241172E+13  -0.680969E+14   0.221686E+15  -0.106489E+14  -0.127134E+14   0.269132E+14
  -0.167072E+14  -0.342205E+13  -0.106489E+14   0.120068E+15   0.386319E+14   0.137777E+14
  -0.431299E+14   0.417850E+14  -0.127134E+14   0.386319E+14   0.217687E+15  -0.242084E+14
   0.231893E+14  -0.590176E+13   0.269132E+14   0.137777E+14  -0.242084E+14   0.224537E+15
 trial position no.           10
 
 
 
 
 
 
 
 
 
 
 
 
  Covariance matrix; NOT corrected for  scaling
   0.768433E+14  -0.392617E+14   0.146588E+13  -0.157117E+14  -0.435760E+14   0.285735E+14
  -0.392617E+14   0.136709E+15  -0.659646E+14  -0.474196E+13   0.435281E+14  -0.867608E+13
   0.146588E+13  -0.659646E+14   0.213914E+15  -0.813124E+13  -0.100965E+14   0.312824E+14
  -0.157117E+14  -0.474196E+13  -0.813124E+13   0.113975E+15   0.234009E+14   0.483324E+13
  -0.435760E+14   0.435281E+14  -0.100965E+14   0.234009E+14   0.211470E+15  -0.445551E+14
   0.285735E+14  -0.867608E+13   0.312824E+14   0.483324E+13  -0.445551E+14   0.265479E+15
 trial position no.           11
 
 
 
 
 
 
 
 
 
 
 
 
  Covariance matrix; NOT corrected for  scaling
   0.817349E+14  -0.397236E+14   0.104993E+13  -0.154142E+14  -0.450960E+14   0.346704E+14
  -0.397235E+14   0.122493E+15  -0.587002E+14  -0.671347E+13   0.426853E+14  -0.112156E+14
   0.104993E+13  -0.587002E+14   0.189782E+15  -0.753438E+13  -0.981801E+13   0.336222E+14
  -0.154142E+14  -0.671347E+13  -0.753438E+13   0.109474E+15   0.967131E+13  -0.674004E+13
  -0.450960E+14   0.426853E+14  -0.981801E+13   0.967131E+13   0.208984E+15  -0.690100E+14
   0.346704E+14  -0.112156E+14   0.336222E+14  -0.674004E+13  -0.690100E+14   0.300628E+15
 trial position no.           12
 
 
 
 
 
 
 
 
 
 
 
 
  Covariance matrix; NOT corrected for  scaling
   0.865092E+14  -0.398709E+14   0.426263E+12  -0.149890E+14  -0.460166E+14   0.403716E+14
  -0.398709E+14   0.111204E+15  -0.532617E+14  -0.769877E+13   0.427749E+14  -0.135825E+14
   0.426267E+12  -0.532617E+14   0.171188E+15  -0.611348E+13  -0.876949E+13   0.351191E+14
  -0.149890E+14  -0.769877E+13  -0.611348E+13   0.107203E+15  -0.281699E+13  -0.145273E+14
  -0.460166E+14   0.427749E+14  -0.876949E+13  -0.281699E+13   0.207766E+15  -0.894315E+14
   0.403717E+14  -0.135825E+14   0.351191E+14  -0.145273E+14  -0.894315E+14   0.340836E+15
 trial position no.           13
 
 
 
 
 
 
 
 
 
 
 
 
  Covariance matrix; NOT corrected for  scaling
   0.909344E+14  -0.395837E+14  -0.583423E+12  -0.143114E+14  -0.461345E+14   0.451937E+14
  -0.395837E+14   0.101966E+15  -0.486566E+14  -0.852342E+13   0.425142E+14  -0.155207E+14
  -0.583419E+12  -0.486565E+14   0.156497E+15  -0.434707E+13  -0.645597E+13   0.352798E+14
  -0.143114E+14  -0.852342E+13  -0.434707E+13   0.106244E+15  -0.147569E+14  -0.188344E+14
  -0.461345E+14   0.425142E+14  -0.645597E+13  -0.147569E+14   0.206865E+15  -0.105321E+15
   0.451937E+14  -0.155207E+14   0.352798E+14  -0.188344E+14  -0.105321E+15   0.382074E+15
 trial position no.           14
 
 
 
 
 
 
 
 
 
 
 
 
  Covariance matrix; NOT corrected for  scaling
   0.960992E+14  -0.399254E+14  -0.119260E+13  -0.139275E+14  -0.476508E+14   0.505000E+14
  -0.399254E+14   0.951526E+14  -0.449181E+14  -0.979028E+13   0.422140E+14  -0.170268E+14
  -0.119260E+13  -0.449181E+14   0.145199E+15  -0.387516E+13  -0.584255E+13   0.362625E+14
  -0.139275E+14  -0.979028E+13  -0.387516E+13   0.107709E+15  -0.231552E+14  -0.233389E+14
  -0.476508E+14   0.422140E+14  -0.584255E+13  -0.231552E+14   0.210266E+15  -0.121608E+15
   0.505000E+14  -0.170268E+14   0.362625E+14  -0.233389E+14  -0.121608E+15   0.425950E+15
 trial position no.           15
 
 
 
 
 
 
 
 
 
 
 
 
  Covariance matrix; NOT corrected for  scaling
   0.101546E+15  -0.442721E+14  -0.182842E+13  -0.137295E+14  -0.495142E+14   0.552582E+14
  -0.442721E+14   0.106460E+15  -0.497131E+14  -0.114918E+14   0.468700E+14  -0.195150E+14
  -0.182842E+13  -0.497131E+14   0.161088E+15  -0.305079E+13  -0.574146E+13   0.429331E+14
  -0.137295E+14  -0.114919E+14  -0.305079E+13   0.111495E+15  -0.297453E+14  -0.179678E+14
  -0.495142E+14   0.468700E+14  -0.574146E+13  -0.297453E+14   0.215708E+15  -0.128619E+15
   0.552582E+14  -0.195150E+14   0.429331E+14  -0.179678E+14  -0.128619E+15   0.509236E+15
 trial position no.           16
 
 
 
 
 
 
 
 
 
 
 
 
  Covariance matrix; NOT corrected for  scaling
   0.106553E+15  -0.444024E+14  -0.305307E+13  -0.133014E+14  -0.496988E+14   0.588302E+14
  -0.444024E+14   0.101468E+15  -0.468846E+14  -0.125913E+14   0.470668E+14  -0.197260E+14
  -0.305307E+13  -0.468846E+14   0.153411E+15  -0.170619E+13  -0.455979E+13   0.442467E+14
  -0.133014E+14  -0.125913E+14  -0.170619E+13   0.113826E+15  -0.396692E+14  -0.189323E+14
  -0.496988E+14   0.470668E+14  -0.455979E+13  -0.396692E+14   0.218254E+15  -0.140758E+15
   0.588302E+14  -0.197260E+14   0.442467E+14  -0.189323E+14  -0.140758E+15   0.563794E+15
 trial position no.            7
 
 
 
 
 
 
 
 
 
 
 
 
  Covariance matrix; NOT corrected for  scaling
   0.577366E+14  -0.240086E+14  -0.162546E+14  -0.259021E+14  -0.719745E+14   0.219642E+14
  -0.240086E+14   0.164302E+15  -0.166088E+15  -0.344608E+13   0.489606E+14  -0.611534E+11
  -0.162546E+14  -0.166088E+15   0.358330E+15   0.123242E+14   0.421258E+11   0.707172E+12
  -0.259021E+14  -0.344607E+13   0.123242E+14   0.786497E+14   0.645410E+14   0.293460E+14
  -0.719745E+14   0.489606E+14   0.421020E+11   0.645410E+14   0.211704E+15   0.224116E+13
   0.219642E+14  -0.611599E+11   0.707181E+12   0.293460E+14   0.224115E+13   0.126923E+15
 trial position no.            8
 
 
 
 
 
 
 
 
 
 
 
 
  Covariance matrix; NOT corrected for  scaling
   0.614988E+14  -0.246872E+14  -0.146865E+14  -0.231475E+14  -0.732745E+14   0.345840E+14
  -0.246872E+14   0.138945E+15  -0.141277E+15  -0.456119E+13   0.468355E+14  -0.533113E+13
  -0.146865E+14  -0.141277E+15   0.301553E+15   0.104286E+14  -0.818706E+11  -0.262149E+12
  -0.231475E+14  -0.456119E+13   0.104286E+14   0.668081E+14   0.465954E+14   0.971357E+13
  -0.732745E+14   0.468355E+14  -0.818703E+11   0.465954E+14   0.198487E+15  -0.352523E+14
   0.345840E+14  -0.533113E+13  -0.262149E+12   0.971357E+13  -0.352523E+14   0.132695E+15
 trial position no.            9
 
 
 
 
 
 
 
 
 
 
 
 
  Covariance matrix; NOT corrected for  scaling
   0.647406E+14  -0.247290E+14  -0.146859E+14  -0.204706E+14  -0.733832E+14   0.457540E+14
  -0.247290E+14   0.120967E+15  -0.123748E+15  -0.585291E+13   0.469285E+14  -0.957373E+13
  -0.146859E+14  -0.123748E+15   0.261843E+15   0.110073E+14  -0.148715E+13  -0.913392E+12
  -0.204706E+14  -0.585291E+13   0.110073E+14   0.591257E+14   0.319704E+14  -0.198332E+13
  -0.733831E+14   0.469284E+14  -0.148715E+13   0.319704E+14   0.187818E+15  -0.629329E+14
   0.457540E+14  -0.957373E+13  -0.913392E+12  -0.198332E+13  -0.629329E+14   0.151208E+15
 trial position no.           10
 
 
 
 
 
 
 
 
 
 
 
 
  Covariance matrix; NOT corrected for  scaling
   0.685652E+14  -0.268621E+14  -0.161255E+14  -0.187887E+14  -0.747201E+14   0.543132E+14
  -0.268621E+14   0.122547E+15  -0.125542E+15  -0.732232E+13   0.517689E+14  -0.131153E+14
  -0.161255E+14  -0.125542E+15   0.263643E+15   0.129779E+14  -0.303457E+13  -0.114004E+13
  -0.187887E+14  -0.732232E+13   0.129779E+14   0.558048E+14   0.220798E+14  -0.518904E+13
  -0.747201E+14   0.517689E+14  -0.303458E+13   0.220798E+14   0.184635E+15  -0.786495E+14
   0.543131E+14  -0.131153E+14  -0.114004E+13  -0.518904E+13  -0.786495E+14   0.182860E+15
 trial position no.           11
 
 
 
 
 
 
 
 
 
 
 
 
  Covariance matrix; NOT corrected for  scaling
   0.736222E+14  -0.276000E+14  -0.167254E+14  -0.178504E+14  -0.780406E+14   0.643238E+14
  -0.276000E+14   0.112523E+15  -0.114851E+15  -0.938484E+13   0.528290E+14  -0.163499E+14
  -0.167254E+14  -0.114851E+15   0.240125E+15   0.138630E+14  -0.466638E+13  -0.134492E+13
  -0.178504E+14  -0.938484E+13   0.138630E+14   0.536091E+14   0.136261E+14  -0.102036E+14
  -0.780406E+14   0.528290E+14  -0.466639E+13   0.136261E+14   0.186030E+15  -0.982543E+14
   0.643238E+14  -0.163499E+14  -0.134492E+13  -0.102036E+14  -0.982543E+14   0.212684E+15
 trial position no.           12
 
 
 
 
 
 
 
 
 
 
 
 
  Covariance matrix; NOT corrected for  scaling
   0.781644E+14  -0.281662E+14  -0.176409E+14  -0.166523E+14  -0.799923E+14   0.733546E+14
  -0.281662E+14   0.104438E+15  -0.106137E+15  -0.109802E+14   0.544438E+14  -0.195312E+14
  -0.176409E+14  -0.106137E+15   0.221333E+15   0.152011E+14  -0.609173E+13  -0.166625E+13
  -0.166523E+14  -0.109802E+14   0.152011E+14   0.524234E+14   0.523495E+13  -0.128565E+14
  -0.799923E+14   0.544438E+14  -0.609173E+13   0.523495E+13   0.186137E+15  -0.114196E+15
   0.733546E+14  -0.195312E+14  -0.166624E+13  -0.128565E+14  -0.114196E+15   0.244037E+15
 trial position no.           13
 
 
 
 
 
 
 
 
 
 
 
 
  Covariance matrix; NOT corrected for  scaling
   0.830027E+14  -0.290551E+14  -0.186029E+14  -0.156300E+14  -0.822989E+14   0.817234E+14
  -0.290551E+14   0.979220E+14  -0.985881E+14  -0.120212E+14   0.564493E+14  -0.228256E+14
  -0.186029E+14  -0.985881E+14   0.205664E+15   0.163276E+14  -0.671309E+13  -0.223767E+13
  -0.156300E+14  -0.120212E+14   0.163276E+14   0.520595E+14  -0.230067E+13  -0.137832E+14
  -0.822989E+14   0.564493E+14  -0.671309E+13  -0.230067E+13   0.187682E+15  -0.127488E+15
   0.817234E+14  -0.228256E+14  -0.223767E+13  -0.137832E+14  -0.127488E+15   0.274738E+15
 trial position no.           14
 
 
 
 
 
 
 
 
 
 
 
 
  Covariance matrix; NOT corrected for  scaling
   0.883275E+14  -0.297993E+14  -0.193373E+14  -0.150061E+14  -0.859369E+14   0.905725E+14
  -0.297993E+14   0.923707E+14  -0.920384E+14  -0.132872E+14   0.574279E+14  -0.252333E+14
  -0.193373E+14  -0.920385E+14   0.192325E+15   0.169524E+14  -0.723374E+13  -0.260371E+13
  -0.150061E+14  -0.132872E+14   0.169524E+14   0.528589E+14  -0.747439E+13  -0.152639E+14
  -0.859369E+14   0.574279E+14  -0.723372E+13  -0.747439E+13   0.192428E+15  -0.141752E+15
   0.905725E+14  -0.252333E+14  -0.260377E+13  -0.152639E+14  -0.141752E+15   0.307128E+15
 trial position no.           15
 
 
 
 
 
 
 
 
 
 
 
 
  Covariance matrix; NOT corrected for  scaling
   0.934477E+14  -0.332719E+14  -0.221489E+14  -0.141462E+14  -0.887754E+14   0.981365E+14
  -0.332719E+14   0.105116E+15  -0.103921E+15  -0.159526E+14   0.646402E+14  -0.287531E+14
  -0.221489E+14  -0.103921E+15   0.217012E+15   0.199588E+14  -0.917196E+13  -0.247056E+13
  -0.141462E+14  -0.159526E+14   0.199588E+14   0.548333E+14  -0.123895E+14  -0.109780E+14
  -0.887754E+14   0.646401E+14  -0.917193E+13  -0.123895E+14   0.196880E+15  -0.148690E+15
   0.981365E+14  -0.287530E+14  -0.247057E+13  -0.109780E+14  -0.148690E+15   0.359511E+15
 trial position no.           16
 
 
 
 
 
 
 
 
 
 
 
 
  Covariance matrix; NOT corrected for  scaling
   0.991077E+14  -0.342129E+14  -0.238397E+14  -0.135167E+14  -0.915685E+14   0.105666E+15
  -0.342129E+14   0.102481E+15  -0.100377E+15  -0.177443E+14   0.674131E+14  -0.306258E+14
  -0.238397E+14  -0.100377E+15   0.209871E+15   0.219449E+14  -0.106452E+14  -0.257106E+13
  -0.135167E+14  -0.177443E+14   0.219449E+14   0.564376E+14  -0.189076E+14  -0.103919E+14
  -0.915685E+14   0.674131E+14  -0.106451E+14  -0.189076E+14   0.201292E+15  -0.159251E+15
   0.105666E+15  -0.306258E+14  -0.257103E+13  -0.103919E+14  -0.159251E+15   0.396673E+15
 trial position no.            7
 
 
 
 
 
 
 
 
 
 
 
 
  Covariance matrix; NOT corrected for  scaling
   0.109154E+15  -0.285031E+14  -0.170025E+14  -0.408730E+14  -0.430199E+14   0.909383E+13
  -0.285031E+14   0.400580E+15  -0.114117E+15  -0.318039E+14   0.159047E+14   0.216284E+14
  -0.170025E+14  -0.114117E+15   0.415864E+15   0.137852E+13   0.314670E+13   0.619842E+13
  -0.408730E+14  -0.318039E+14   0.137852E+13   0.338073E+15   0.193807E+15   0.114094E+15
  -0.430199E+14   0.159047E+14   0.314670E+13   0.193807E+15   0.412148E+15   0.136338E+15
   0.909383E+13   0.216284E+14   0.619842E+13   0.114094E+15   0.136338E+15   0.352305E+15
 trial position no.            8
 
 
 
 
 
 
 
 
 
 
 
 
  Covariance matrix; NOT corrected for  scaling
   0.116776E+15  -0.292086E+14  -0.153561E+14  -0.395699E+14  -0.427422E+14   0.215702E+14
  -0.292086E+14   0.324749E+15  -0.916159E+14  -0.297724E+14   0.162009E+14   0.227425E+14
  -0.153561E+14  -0.916159E+14   0.329368E+15   0.651534E+11   0.323204E+13   0.541435E+13
  -0.395699E+14  -0.297724E+14   0.651557E+11   0.291827E+15   0.133708E+15   0.282993E+14
  -0.427422E+14   0.162009E+14   0.323204E+13   0.133708E+15   0.360839E+15   0.347133E+14
   0.215702E+14   0.227425E+14   0.541435E+13   0.282993E+14   0.347133E+14   0.328527E+15
 trial position no.            9
 
 
 
 
 
 
 
 
 
 
 
 
  Covariance matrix; NOT corrected for  scaling
   0.124405E+15  -0.295216E+14  -0.147536E+14  -0.384058E+14  -0.420362E+14   0.330889E+14
  -0.295216E+14   0.271766E+15  -0.771326E+14  -0.266184E+14   0.190041E+14   0.233316E+14
  -0.147536E+14  -0.771326E+14   0.273084E+15   0.550834E+12   0.343731E+13   0.478554E+13
  -0.384057E+14  -0.266184E+14   0.550835E+12   0.263333E+15   0.905405E+14  -0.266384E+14
  -0.420362E+14   0.190041E+14   0.343731E+13   0.905405E+14   0.327033E+15  -0.345182E+14
   0.330889E+14   0.233316E+14   0.478554E+13  -0.266384E+14  -0.345182E+14   0.356329E+15
 trial position no.           10
 
 
 
 
 
 
 
 
 
 
 
 
  Covariance matrix; NOT corrected for  scaling
   0.132227E+15  -0.321096E+14  -0.153044E+14  -0.383535E+14  -0.417962E+14   0.425872E+14
  -0.321097E+14   0.263435E+15  -0.751910E+14  -0.255479E+14   0.233420E+14   0.254367E+14
  -0.153044E+14  -0.751910E+14   0.262292E+15   0.119631E+13   0.388294E+13   0.481924E+13
  -0.383535E+14  -0.255479E+14   0.119631E+13   0.250270E+15   0.628063E+14  -0.520112E+14
  -0.417962E+14   0.233420E+14   0.388294E+13   0.628063E+14   0.310519E+15  -0.718290E+14
   0.425872E+14   0.254367E+14   0.481924E+13  -0.520112E+14  -0.718290E+14   0.433826E+15
 trial position no.           11
 
 
 
 
 
 
 
 
 
 
 
 
  Covariance matrix; NOT corrected for  scaling
   0.140311E+15  -0.331049E+14  -0.151447E+14  -0.387635E+14  -0.415630E+14   0.530809E+14
  -0.331049E+14   0.234370E+15  -0.668179E+14  -0.267549E+14   0.232169E+14   0.265432E+14
  -0.151447E+14  -0.668180E+14   0.231346E+15   0.692531E+12   0.323088E+13   0.478781E+13
  -0.387635E+14  -0.267549E+14   0.692531E+12   0.239264E+15   0.362773E+14  -0.802783E+14
  -0.415630E+14   0.232169E+14   0.323089E+13   0.362772E+14   0.295888E+15  -0.112947E+15
   0.530809E+14   0.265432E+14   0.478781E+13  -0.802783E+14  -0.112947E+15   0.508880E+15
 trial position no.           12
 
 
 
 
 
 
 
 
 
 
 
 
  Covariance matrix; NOT corrected for  scaling
   0.148611E+15  -0.339316E+14  -0.151267E+14  -0.391427E+14  -0.410077E+14   0.629134E+14
  -0.339316E+14   0.211468E+15  -0.607924E+14  -0.260032E+14   0.248620E+14   0.262309E+14
  -0.151267E+14  -0.607924E+14   0.208469E+15   0.943622E+12   0.307963E+13   0.449618E+13
  -0.391427E+14  -0.260032E+14   0.943623E+12   0.233458E+15   0.140430E+14  -0.100864E+15
  -0.410077E+14   0.248620E+14   0.307963E+13   0.140430E+14   0.286339E+15  -0.145521E+15
   0.629134E+14   0.262309E+14   0.449618E+13  -0.100864E+15  -0.145521E+15   0.593961E+15
 trial position no.           13
 
 
 
 
 
 
 
 
 
 
 
 
  Covariance matrix; NOT corrected for  scaling
   0.157285E+15  -0.347348E+14  -0.151089E+14  -0.398225E+14  -0.407038E+14   0.723034E+14
  -0.347348E+14   0.193482E+15  -0.561855E+14  -0.244210E+14   0.270289E+14   0.244340E+14
  -0.151089E+14  -0.561855E+14   0.191045E+15   0.138132E+13   0.328363E+13   0.388105E+13
  -0.398225E+14  -0.244210E+14   0.138132E+13   0.231298E+15  -0.491979E+13  -0.115735E+15
  -0.407038E+14   0.270289E+14   0.328363E+13  -0.491979E+13   0.281351E+15  -0.171975E+15
   0.723034E+14   0.244340E+14   0.388105E+13  -0.115735E+15  -0.171975E+15   0.682651E+15
 trial position no.           14
 
 
 
 
 
 
 
 
 
 
 
 
  Covariance matrix; NOT corrected for  scaling
   0.166262E+15  -0.356392E+14  -0.151532E+14  -0.405189E+14  -0.411334E+14   0.814830E+14
  -0.356392E+14   0.180111E+15  -0.522969E+14  -0.250987E+14   0.274003E+14   0.245385E+14
  -0.151532E+14  -0.522969E+14   0.177473E+15   0.120110E+13   0.311121E+13   0.382888E+13
  -0.405189E+14  -0.250987E+14   0.120110E+13   0.233713E+15  -0.192953E+14  -0.129884E+15
  -0.411334E+14   0.274003E+14   0.311121E+13  -0.192953E+14   0.281446E+15  -0.197129E+15
   0.814830E+14   0.245385E+14   0.382888E+13  -0.129884E+15  -0.197129E+15   0.775632E+15
 trial position no.           15
 
 
 
 
 
 
 
 
 
 
 
 
  Covariance matrix; NOT corrected for  scaling
   0.175023E+15  -0.399201E+14  -0.166060E+14  -0.407716E+14  -0.409680E+14   0.905814E+14
  -0.399201E+14   0.200704E+15  -0.582912E+14  -0.274305E+14   0.312764E+14   0.285997E+14
  -0.166060E+14  -0.582912E+14   0.196996E+15   0.148220E+13   0.326724E+13   0.473197E+13
  -0.407716E+14  -0.274305E+14   0.148219E+13   0.238766E+15  -0.322039E+14  -0.128268E+15
  -0.409680E+14   0.312764E+14   0.326724E+13  -0.322039E+14   0.282106E+15  -0.207978E+15
   0.905814E+14   0.285997E+14   0.473197E+13  -0.128268E+15  -0.207978E+15   0.934183E+15
 trial position no.           16
 
 
 
 
 
 
 
 
 
 
 
 
  Covariance matrix; NOT corrected for  scaling
   0.184692E+15  -0.410911E+14  -0.168853E+14  -0.417495E+14  -0.407668E+14   0.996063E+14
  -0.410911E+14   0.191748E+15  -0.560044E+14  -0.273127E+14   0.329952E+14   0.288343E+14
  -0.168853E+14  -0.560044E+14   0.188234E+15   0.188599E+13   0.312191E+13   0.484942E+13
  -0.417495E+14  -0.273127E+14   0.188599E+13   0.243046E+15  -0.473003E+14  -0.137334E+15
  -0.407668E+14   0.329952E+14   0.312191E+13  -0.473003E+14   0.283288E+15  -0.228260E+15
   0.996063E+14   0.288343E+14   0.484941E+13  -0.137334E+15  -0.228260E+15   0.104974E+16
 trial position no.            7
 
 
 
 
 
 
 
 
 
 
 
 
  Covariance matrix; NOT corrected for  scaling
   0.619992E+14  -0.311866E+14   0.106817E+14   0.476525E+14   0.486003E+14  -0.200455E+14
  -0.311866E+14   0.282670E+15   0.174408E+15   0.536071E+13  -0.292103E+14  -0.124063E+14
   0.106817E+14   0.174408E+15   0.262106E+15   0.127124E+14  -0.120561E+14   0.110327E+14
   0.476525E+14   0.536072E+13   0.127124E+14   0.156705E+15   0.845523E+14   0.369719E+14
   0.486002E+14  -0.292103E+14  -0.120561E+14   0.845523E+14   0.171226E+15   0.451994E+14
  -0.200454E+14  -0.124064E+14   0.110327E+14   0.369719E+14   0.451994E+14   0.176368E+15
 trial position no.            8
 
 
 
 
 
 
 
 
 
 
 
 
  Covariance matrix; NOT corrected for  scaling
   0.647086E+14  -0.305199E+14   0.948345E+13   0.440123E+14   0.457997E+14  -0.333439E+14
  -0.305199E+14   0.235790E+15   0.146446E+15   0.726277E+13  -0.251748E+14  -0.828943E+13
   0.948345E+13   0.146446E+15   0.215160E+15   0.109878E+14  -0.121996E+14   0.104049E+14
   0.440123E+14   0.726277E+13   0.109878E+14   0.140241E+15   0.636870E+14   0.390423E+13
   0.457997E+14  -0.251748E+14  -0.121996E+14   0.636870E+14   0.153818E+15   0.807648E+13
  -0.333438E+14  -0.828944E+13   0.104049E+14   0.390428E+13   0.807655E+13   0.174974E+15
 trial position no.            9
 
 
 
 
 
 
 
 
 
 
 
 
  Covariance matrix; NOT corrected for  scaling
   0.686423E+14  -0.309307E+14   0.947054E+13   0.427684E+14   0.452235E+14  -0.446314E+14
  -0.309307E+14   0.202467E+15   0.125050E+15   0.694719E+13  -0.251627E+14  -0.636334E+13
   0.947054E+13   0.125050E+15   0.182203E+15   0.116973E+14  -0.112848E+14   0.104182E+14
   0.427684E+14   0.694719E+13   0.116973E+14   0.130030E+15   0.472676E+14  -0.198301E+14
   0.452235E+14  -0.251627E+14  -0.112848E+14   0.472676E+14   0.142972E+15  -0.192103E+14
  -0.446314E+14  -0.636335E+13   0.104182E+14  -0.198301E+14  -0.192103E+14   0.190607E+15
 trial position no.           10
 
 
 
 
 
 
 
 
 
 
 
 
  Covariance matrix; NOT corrected for  scaling
   0.730570E+14  -0.336320E+14   0.103770E+14   0.428020E+14   0.458200E+14  -0.543714E+14
  -0.336320E+14   0.199819E+15   0.123244E+15   0.559319E+13  -0.307484E+14  -0.561387E+13
   0.103770E+14   0.123244E+15   0.177851E+15   0.154626E+14  -0.112029E+14   0.112716E+14
   0.428020E+14   0.559319E+13   0.154626E+14   0.123909E+15   0.329027E+14  -0.313055E+14
   0.458200E+14  -0.307484E+14  -0.112029E+14   0.329027E+14   0.136895E+15  -0.338554E+14
  -0.543714E+14  -0.561386E+13   0.112716E+14  -0.313055E+14  -0.338554E+14   0.228396E+15
 trial position no.           11
 
 
 
 
 
 
 
 
 
 
 
 
  Covariance matrix; NOT corrected for  scaling
   0.774058E+14  -0.347767E+14   0.105625E+14   0.423152E+14   0.457056E+14  -0.644146E+14
  -0.347767E+14   0.180572E+15   0.110128E+15   0.612002E+13  -0.318210E+14  -0.310607E+13
   0.105625E+14   0.110128E+15   0.158707E+15   0.164336E+14  -0.117821E+14   0.112072E+14
   0.423152E+14   0.612001E+13   0.164335E+14   0.122226E+15   0.215207E+14  -0.438247E+14
   0.457056E+14  -0.318210E+14  -0.117821E+14   0.215207E+14   0.134490E+15  -0.499913E+14
  -0.644145E+14  -0.310607E+13   0.112072E+14  -0.438247E+14  -0.499913E+14   0.261896E+15
 trial position no.           12
 
 
 
 
 
 
 
 
 
 
 
 
  Covariance matrix; NOT corrected for  scaling
   0.823985E+14  -0.357001E+14   0.112730E+14   0.428350E+14   0.464118E+14  -0.744652E+14
  -0.357001E+14   0.164797E+15   0.993792E+14   0.708456E+13  -0.339287E+14  -0.403091E+12
   0.112730E+14   0.993792E+14   0.143681E+15   0.186949E+14  -0.125827E+14   0.106410E+14
   0.428350E+14   0.708456E+13   0.186949E+14   0.123590E+15   0.110971E+14  -0.537845E+14
   0.464118E+14  -0.339287E+14  -0.125827E+14   0.110971E+14   0.135069E+15  -0.635891E+14
  -0.744653E+14  -0.403091E+12   0.106410E+14  -0.537845E+14  -0.635891E+14   0.298913E+15
 trial position no.           13
 
 
 
 
 
 
 
 
 
 
 
 
  Covariance matrix; NOT corrected for  scaling
   0.881574E+14  -0.372852E+14   0.121887E+14   0.437332E+14   0.472618E+14  -0.840348E+14
  -0.372852E+14   0.152833E+15   0.912730E+14   0.549013E+13  -0.361870E+14   0.314497E+13
   0.121886E+14   0.912730E+14   0.132489E+15   0.204447E+14  -0.117159E+14   0.953348E+13
   0.437332E+14   0.549013E+13   0.204447E+14   0.122979E+15  -0.147168E+13  -0.593000E+14
   0.472618E+14  -0.361870E+14  -0.117159E+14  -0.147166E+13   0.133928E+15  -0.727931E+14
  -0.840348E+14   0.314498E+13   0.953347E+13  -0.593000E+14  -0.727931E+14   0.335225E+15
 trial position no.           14
 
 
 
 
 
 
 
 
 
 
 
 
  Covariance matrix; NOT corrected for  scaling
   0.943082E+14  -0.388915E+14   0.128323E+14   0.451468E+14   0.484969E+14  -0.933836E+14
  -0.388915E+14   0.143702E+15   0.848382E+14   0.466550E+13  -0.370252E+14   0.572177E+13
   0.128323E+14   0.848382E+14   0.123774E+15   0.211024E+14  -0.113705E+14   0.903959E+13
   0.451468E+14   0.466549E+13   0.211024E+14   0.126770E+15  -0.996326E+13  -0.659199E+14
   0.484969E+14  -0.370252E+14  -0.113705E+14  -0.996327E+13   0.136803E+15  -0.828921E+14
  -0.933836E+14   0.572178E+13   0.903960E+13  -0.659199E+14  -0.828921E+14   0.373496E+15
 trial position no.           15
 
 
 
 
 
 
 
 
 
 
 
 
  Covariance matrix; NOT corrected for  scaling
   0.100094E+15  -0.435053E+14   0.147037E+14   0.459934E+14   0.489768E+14  -0.102789E+15
  -0.435052E+14   0.161232E+15   0.942828E+14   0.615027E+13  -0.420165E+14   0.662618E+13
   0.147038E+14   0.942828E+14   0.138088E+15   0.252034E+14  -0.133119E+14   0.107086E+14
   0.459934E+14   0.615026E+13   0.252033E+14   0.134589E+15  -0.171212E+14  -0.651046E+14
   0.489767E+14  -0.420164E+14  -0.133120E+14  -0.171212E+14   0.142409E+15  -0.863109E+14
  -0.102789E+15   0.662617E+13   0.107087E+14  -0.651045E+14  -0.863110E+14   0.442314E+15
 trial position no.           16
 
 
 
 
 
 
 
 
 
 
 
 
  Covariance matrix; NOT corrected for  scaling
   0.106378E+15  -0.449598E+14   0.156688E+14   0.470518E+14   0.495294E+14  -0.112027E+15
  -0.449598E+14   0.154891E+15   0.900966E+14   0.609760E+13  -0.438979E+14   0.968470E+13
   0.156688E+14   0.900966E+14   0.132520E+15   0.273036E+14  -0.137818E+14   0.100764E+14
   0.470518E+14   0.609761E+13   0.273036E+14   0.137922E+15  -0.283055E+14  -0.665484E+14
   0.495294E+14  -0.438979E+14  -0.137818E+14  -0.283055E+14   0.144460E+15  -0.921549E+14
  -0.112027E+15   0.968466E+13   0.100763E+14  -0.665484E+14  -0.921549E+14   0.484338E+15
 trial position no.            7
 
 
 
 
 
 
 
 
 
 
 
 
  Covariance matrix; NOT corrected for  scaling
   0.708480E+14  -0.100987E+14   0.413062E+13  -0.183499E+14   0.299120E+14   0.179685E+12
  -0.100987E+14   0.406583E+15   0.162489E+14   0.697901E+14   0.252500E+14   0.371382E+13
   0.413062E+13   0.162489E+14   0.432657E+15  -0.102676E+14   0.118037E+14   0.347778E+13
  -0.183499E+14   0.697901E+14  -0.102676E+14   0.485190E+15   0.134955E+15   0.174431E+15
   0.299121E+14   0.252500E+14   0.118037E+14   0.134955E+15   0.516645E+15   0.178820E+15
   0.179687E+12   0.371382E+13   0.347779E+13   0.174431E+15   0.178820E+15   0.363691E+15
 trial position no.            8
 
 
 
 
 
 
 
 
 
 
 
 
  Covariance matrix; NOT corrected for  scaling
   0.752189E+14  -0.102445E+14   0.405988E+13  -0.226474E+14   0.334603E+14  -0.197623E+13
  -0.102445E+14   0.324128E+15   0.124105E+14   0.616940E+14   0.150042E+14  -0.106566E+14
   0.405988E+13   0.124105E+14   0.343163E+15  -0.121140E+14   0.120769E+14   0.302788E+13
  -0.226474E+14   0.616940E+14  -0.121140E+14   0.444916E+15   0.520879E+14   0.694909E+14
   0.334603E+14   0.150042E+14   0.120769E+14   0.520879E+14   0.480884E+15   0.683126E+14
  -0.197623E+13  -0.106565E+14   0.302788E+13   0.694909E+14   0.683126E+14   0.308349E+15
 trial position no.            9
 
 
 
 
 
 
 
 
 
 
 
 
  Covariance matrix; NOT corrected for  scaling
   0.798297E+14  -0.104868E+14   0.405129E+13  -0.266179E+14   0.369360E+14  -0.389219E+13
  -0.104868E+14   0.270274E+15   0.985975E+13   0.561834E+14   0.711295E+13  -0.200032E+14
   0.405129E+13   0.985975E+13   0.284978E+15  -0.132685E+14   0.128224E+14   0.310224E+13
  -0.266179E+14   0.561834E+14  -0.132685E+14   0.424529E+15  -0.110090E+14   0.162589E+13
   0.369360E+14   0.711295E+13   0.128224E+14  -0.110090E+14   0.463157E+15  -0.641099E+13
  -0.389219E+13  -0.200032E+14   0.310224E+13   0.162589E+13  -0.641099E+13   0.314318E+15
 trial position no.           10
 
 
 
 
 
 
 
 
 
 
 
 
  Covariance matrix; NOT corrected for  scaling
   0.844803E+14  -0.113920E+14   0.422588E+13  -0.301002E+14   0.404680E+14  -0.560890E+13
  -0.113920E+14   0.260708E+15   0.925996E+13   0.554239E+14   0.776417E+12  -0.269320E+14
   0.422588E+13   0.925996E+13   0.274158E+15  -0.146052E+14   0.148549E+14   0.359630E+13
  -0.301002E+14   0.554239E+14  -0.146052E+14   0.421188E+15  -0.552685E+14  -0.321322E+14
   0.404680E+14   0.776416E+12   0.148549E+14  -0.552685E+14   0.463878E+15  -0.471452E+14
  -0.560890E+13  -0.269320E+14   0.359630E+13  -0.321322E+14  -0.471452E+14   0.374073E+15
 trial position no.           11
 
 
 
 
 
 
 
 
 
 
 
 
  Covariance matrix; NOT corrected for  scaling
   0.893157E+14  -0.117647E+14   0.429379E+13  -0.334927E+14   0.432950E+14  -0.740211E+13
  -0.117647E+14   0.231044E+15   0.782717E+13   0.529538E+14  -0.423314E+13  -0.318929E+14
   0.429379E+13   0.782717E+13   0.242397E+15  -0.157575E+14   0.156092E+14   0.383125E+13
  -0.334927E+14   0.529538E+14  -0.157575E+14   0.416887E+15  -0.985209E+14  -0.683306E+14
   0.432950E+14  -0.423314E+13   0.156092E+14  -0.985209E+14   0.461036E+15  -0.916950E+14
  -0.740211E+13  -0.318929E+14   0.383125E+13  -0.683306E+14  -0.916950E+14   0.434932E+15
 trial position no.           12
 
 
 
 
 
 
 
 
 
 
 
 
  Covariance matrix; NOT corrected for  scaling
   0.944072E+14  -0.120713E+14   0.437419E+13  -0.364120E+14   0.457935E+14  -0.905907E+13
  -0.120713E+14   0.209144E+15   0.680548E+13   0.511986E+14  -0.817853E+13  -0.353878E+14
   0.437419E+13   0.680548E+13   0.218912E+15  -0.165419E+14   0.164070E+14   0.399300E+13
  -0.364120E+14   0.511986E+14  -0.165419E+14   0.418381E+15  -0.133549E+15  -0.955561E+14
   0.457935E+14  -0.817853E+13   0.164070E+14  -0.133549E+15   0.463173E+15  -0.126957E+15
  -0.905907E+13  -0.353878E+14   0.399300E+13  -0.955561E+14  -0.126957E+15   0.509143E+15
 trial position no.           13
 
 
 
 
 
 
 
 
 
 
 
 
  Covariance matrix; NOT corrected for  scaling
   0.998728E+14  -0.122859E+14   0.441008E+13  -0.387288E+14   0.481880E+14  -0.108089E+14
  -0.122859E+14   0.192376E+15   0.611636E+13   0.494838E+14  -0.114109E+14  -0.376714E+14
   0.441008E+13   0.611636E+13   0.200870E+15  -0.170004E+14   0.174334E+14   0.397049E+13
  -0.387287E+14   0.494839E+14  -0.170004E+14   0.422414E+15  -0.163284E+15  -0.116068E+15
   0.481880E+14  -0.114109E+14   0.174334E+14  -0.163284E+15   0.468660E+15  -0.156029E+15
  -0.108089E+14  -0.376714E+14   0.397049E+13  -0.116068E+15  -0.156029E+15   0.590084E+15
 trial position no.           14
 
 
 
 
 
 
 
 
 
 
 
 
  Covariance matrix; NOT corrected for  scaling
   0.105843E+15  -0.125770E+14   0.444706E+13  -0.410267E+14   0.500970E+14  -0.121892E+14
  -0.125770E+14   0.179382E+15   0.554557E+13   0.485050E+14  -0.137527E+14  -0.395234E+14
   0.444706E+13   0.554557E+13   0.186819E+15  -0.177235E+14   0.179485E+14   0.431030E+13
  -0.410267E+14   0.485050E+14  -0.177235E+14   0.431116E+15  -0.187909E+15  -0.134164E+15
   0.500970E+14  -0.137527E+14   0.179485E+14  -0.187909E+15   0.476264E+15  -0.180975E+15
  -0.121892E+14  -0.395234E+14   0.431030E+13  -0.134164E+15  -0.180975E+15   0.674463E+15
 trial position no.           15
 
 
 
 
 
 
 
 
 
 
 
 
  Covariance matrix; NOT corrected for  scaling
   0.111812E+15  -0.140824E+14   0.484345E+13  -0.429960E+14   0.512821E+14  -0.137192E+14
  -0.140824E+14   0.199879E+15   0.599173E+13   0.518338E+14  -0.173806E+14  -0.453658E+14
   0.484345E+13   0.599173E+13   0.207448E+15  -0.199662E+14   0.199246E+14   0.569910E+13
  -0.429960E+14   0.518338E+14  -0.199662E+14   0.441226E+15  -0.206581E+15  -0.138139E+15
   0.512821E+14  -0.173806E+14   0.199246E+14  -0.206581E+15   0.484650E+15  -0.192470E+15
  -0.137192E+14  -0.453658E+14   0.569910E+13  -0.138139E+15  -0.192470E+15   0.813762E+15
 trial position no.           16
 
 
 
 
 
 
 
 
 
 
 
 
  Covariance matrix; NOT corrected for  scaling
   0.118161E+15  -0.143999E+14   0.479609E+13  -0.443390E+14   0.524464E+14  -0.152587E+14
  -0.143999E+14   0.191575E+15   0.570334E+13   0.510125E+14  -0.195292E+14  -0.467348E+14
   0.479609E+13   0.570334E+13   0.198306E+15  -0.204381E+14   0.205008E+14   0.620781E+13
  -0.443390E+14   0.510125E+14  -0.204381E+14   0.447459E+15  -0.226752E+15  -0.151224E+15
   0.524464E+14  -0.195292E+14   0.205008E+14  -0.226752E+15   0.489713E+15  -0.212450E+15
  -0.152587E+14  -0.467348E+14   0.620781E+13  -0.151224E+15  -0.212450E+15   0.917122E+15
 trial position no.            7
 
 
 
 
 
 
 
 
 
 
 
 
  Covariance matrix; NOT corrected for  scaling
   0.184461E+15  -0.481044E+14   0.404141E+14   0.128082E+15   0.136935E+15  -0.867214E+14
  -0.481044E+14   0.372272E+15   0.263102E+15  -0.700041E+13  -0.354787E+14   0.533636E+13
   0.404142E+14   0.263101E+15   0.402956E+15   0.273855E+14   0.565639E+13  -0.659927E+13
   0.128082E+15  -0.700041E+13   0.273854E+14   0.231187E+15   0.171767E+15   0.382132E+13
   0.136935E+15  -0.354787E+14   0.565637E+13   0.171767E+15   0.253577E+15  -0.138574E+13
  -0.867213E+14   0.533634E+13  -0.659926E+13   0.382134E+13  -0.138574E+13   0.231268E+15
 trial position no.            8
 
 
 
 
 
 
 
 
 
 
 
 
  Covariance matrix; NOT corrected for  scaling
   0.191618E+15  -0.473144E+14   0.383396E+14   0.120512E+15   0.129802E+15  -0.119261E+15
  -0.473144E+14   0.316538E+15   0.228340E+15  -0.495555E+13  -0.320173E+14   0.967126E+13
   0.383396E+14   0.228340E+15   0.341782E+15   0.240668E+14   0.350128E+13  -0.929550E+13
   0.120512E+15  -0.495555E+13   0.240668E+14   0.201995E+15   0.138576E+15  -0.461354E+14
   0.129802E+15  -0.320173E+14   0.350127E+13   0.138576E+15   0.222935E+15  -0.545742E+14
  -0.119261E+15   0.967124E+13  -0.929552E+13  -0.461354E+14  -0.545743E+14   0.251865E+15
 trial position no.            9
 
 
 
 
 
 
 
 
 
 
 
 
  Covariance matrix; NOT corrected for  scaling
   0.202202E+15  -0.486568E+14   0.385036E+14   0.118547E+15   0.128247E+15  -0.147855E+15
  -0.486568E+14   0.275333E+15   0.199382E+15  -0.573569E+13  -0.325148E+14   0.131141E+14
   0.385036E+14   0.199382E+15   0.296236E+15   0.240576E+14   0.377503E+13  -0.114066E+14
   0.118547E+15  -0.573568E+13   0.240576E+14   0.184206E+15   0.116012E+15  -0.824790E+14
   0.128247E+15  -0.325148E+14   0.377504E+13   0.116012E+15   0.204443E+15  -0.935901E+14
  -0.147855E+15   0.131141E+14  -0.114066E+14  -0.824790E+14  -0.935901E+14   0.293129E+15
 trial position no.           10
 
 
 
 
 
 
 
 
 
 
 
 
  Covariance matrix; NOT corrected for  scaling
   0.213708E+15  -0.535023E+14   0.419462E+14   0.119235E+15   0.129081E+15  -0.172691E+15
  -0.535023E+14   0.275760E+15   0.200610E+15  -0.812661E+13  -0.381095E+14   0.170859E+14
   0.419462E+14   0.200610E+15   0.295959E+15   0.282821E+14   0.506649E+13  -0.143118E+14
   0.119235E+15  -0.812660E+13   0.282821E+14   0.173425E+15   0.994001E+14  -0.103064E+15
   0.129081E+15  -0.381095E+14   0.506649E+13   0.994001E+14   0.193238E+15  -0.116272E+15
  -0.172691E+15   0.170859E+14  -0.143118E+14  -0.103064E+15  -0.116272E+15   0.357303E+15
 trial position no.           11
 
 
 
 
 
 
 
 
 
 
 
 
  Covariance matrix; NOT corrected for  scaling
   0.223509E+15  -0.552603E+14   0.427209E+14   0.118079E+15   0.127800E+15  -0.196425E+15
  -0.552604E+14   0.250914E+15   0.181767E+15  -0.789166E+13  -0.388254E+14   0.207926E+14
   0.427209E+14   0.181767E+15   0.268259E+15   0.286698E+14   0.441131E+13  -0.165344E+14
   0.118079E+15  -0.789166E+13   0.286698E+14   0.165632E+15   0.848415E+14  -0.123712E+15
   0.127800E+15  -0.388254E+14   0.441132E+13   0.848415E+14   0.184536E+15  -0.138844E+15
  -0.196425E+15   0.207926E+14  -0.165344E+14  -0.123712E+15  -0.138844E+15   0.417678E+15
 trial position no.           12
 
 
 
 
 
 
 
 
 
 
 
 
  Covariance matrix; NOT corrected for  scaling
   0.234754E+15  -0.570241E+14   0.441648E+14   0.119019E+15   0.128487E+15  -0.219471E+15
  -0.570241E+14   0.229957E+15   0.165194E+15  -0.763096E+13  -0.404864E+14   0.246074E+14
   0.441648E+14   0.165194E+15   0.245131E+15   0.302355E+14   0.388802E+13  -0.192106E+14
   0.119019E+15  -0.763096E+13   0.302355E+14   0.161967E+15   0.734216E+14  -0.141113E+15
   0.128487E+15  -0.404864E+14   0.388802E+13   0.734216E+14   0.180191E+15  -0.157914E+15
  -0.219471E+15   0.246074E+14  -0.192106E+14  -0.141113E+15  -0.157914E+15   0.481373E+15
 trial position no.           13
 
 
 
 
 
 
 
 
 
 
 
 
  Covariance matrix; NOT corrected for  scaling
   0.247434E+15  -0.600741E+14   0.458907E+14   0.120228E+15   0.129540E+15  -0.240667E+15
  -0.600740E+14   0.214327E+15   0.152470E+15  -0.956184E+13  -0.426398E+14   0.297243E+14
   0.458907E+14   0.152470E+15   0.227566E+15   0.315279E+14   0.500845E+13  -0.223169E+14
   0.120228E+15  -0.956184E+13   0.315279E+14   0.157074E+15   0.604934E+14  -0.152230E+15
   0.129540E+15  -0.426398E+14   0.500846E+13   0.604934E+14   0.174896E+15  -0.170623E+15
  -0.240667E+15   0.297243E+14  -0.223169E+14  -0.152230E+15  -0.170623E+15   0.541381E+15
 trial position no.           14
 
 
 
 
 
 
 
 
 
 
 
 
  Covariance matrix; NOT corrected for  scaling
   0.260435E+15  -0.627166E+14   0.471223E+14   0.122385E+15   0.131578E+15  -0.260559E+15
  -0.627166E+14   0.201762E+15   0.142014E+15  -0.106131E+14  -0.435069E+14   0.334357E+14
   0.471223E+14   0.142014E+15   0.213310E+15   0.317269E+14   0.545743E+13  -0.241687E+14
   0.122385E+15  -0.106131E+14   0.317269E+14   0.157261E+15   0.522589E+14  -0.164247E+15
   0.131578E+15  -0.435069E+14   0.545744E+13   0.522589E+14   0.174809E+15  -0.184119E+15
  -0.260559E+15   0.334357E+14  -0.241687E+14  -0.164247E+15  -0.184119E+15   0.602065E+15
 trial position no.           15
 
 
 
 
 
 
 
 
 
 
 
 
  Covariance matrix; NOT corrected for  scaling
   0.271255E+15  -0.699358E+14   0.524467E+14   0.122924E+15   0.131675E+15  -0.279031E+15
  -0.699358E+14   0.226979E+15   0.158666E+15  -0.109131E+14  -0.485286E+14   0.376158E+14
   0.524467E+14   0.158666E+15   0.239325E+15   0.355979E+14   0.500270E+13  -0.269142E+14
   0.122924E+15  -0.109131E+14   0.355979E+14   0.159793E+15   0.451376E+14  -0.167693E+15
   0.131675E+15  -0.485286E+14   0.500269E+13   0.451376E+14   0.176530E+15  -0.188931E+15
  -0.279031E+15   0.376158E+14  -0.269142E+14  -0.167693E+15  -0.188931E+15   0.696172E+15
 trial position no.           16
 
 
 
 
 
 
 
 
 
 
 
 
  Covariance matrix; NOT corrected for  scaling
   0.282762E+15  -0.723266E+14   0.539862E+14   0.123438E+15   0.131884E+15  -0.295229E+15
  -0.723266E+14   0.219048E+15   0.152207E+15  -0.111527E+14  -0.501442E+14   0.411614E+14
   0.539863E+14   0.152207E+15   0.230419E+15   0.368589E+14   0.480394E+13  -0.289548E+14
   0.123438E+15  -0.111527E+14   0.368589E+14   0.158661E+15   0.341343E+14  -0.172216E+15
   0.131884E+15  -0.501443E+14   0.480391E+13   0.341343E+14   0.175015E+15  -0.194848E+15
  -0.295229E+15   0.411615E+14  -0.289548E+14  -0.172216E+15  -0.194848E+15   0.755742E+15
 trial position no.            7
 
 
 
 
 
 
 
 
 
 
 
 
  Covariance matrix; NOT corrected for  scaling
   0.764444E+14  -0.156070E+14  -0.176694E+14  -0.369175E+14  -0.162604E+14   0.396199E+13
  -0.156070E+14   0.282594E+15  -0.773921E+14  -0.295405E+14   0.488621E+13   0.192329E+14
  -0.176693E+14  -0.773921E+14   0.309313E+15   0.112466E+14   0.788554E+13   0.566135E+13
  -0.369175E+14  -0.295405E+14   0.112466E+14   0.246939E+15   0.127282E+15   0.874421E+14
  -0.162604E+14   0.488621E+13   0.788554E+13   0.127282E+15   0.293950E+15   0.104188E+15
   0.396198E+13   0.192329E+14   0.566135E+13   0.874421E+14   0.104188E+15   0.263858E+15
 trial position no.            8
 
 
 
 
 
 
 
 
 
 
 
 
  Covariance matrix; NOT corrected for  scaling
   0.816819E+14  -0.159614E+14  -0.161306E+14  -0.373314E+14  -0.148704E+14   0.117551E+14
  -0.159614E+14   0.228580E+15  -0.615031E+14  -0.268862E+14   0.579111E+13   0.217238E+14
  -0.161306E+14  -0.615031E+14   0.244830E+15   0.837836E+13   0.671693E+13   0.281342E+13
  -0.373314E+14  -0.268862E+14   0.837836E+13   0.215993E+15   0.846824E+14   0.268383E+14
  -0.148704E+14   0.579111E+13   0.671693E+13   0.846824E+14   0.257982E+15   0.331610E+14
   0.117551E+14   0.217238E+14   0.281342E+13   0.268383E+14   0.331610E+14   0.243523E+15
 trial position no.            9
 
 
 
 
 
 
 
 
 
 
 
 
  Covariance matrix; NOT corrected for  scaling
   0.870154E+14  -0.159465E+14  -0.155902E+14  -0.378239E+14  -0.132282E+14   0.190039E+14
  -0.159465E+14   0.190809E+15  -0.516452E+14  -0.237766E+14   0.850365E+13   0.233875E+14
  -0.155902E+14  -0.516452E+14   0.203059E+15   0.778110E+13   0.607875E+13   0.909279E+12
  -0.378239E+14  -0.237766E+14   0.778110E+13   0.197209E+15   0.537211E+14  -0.122805E+14
  -0.132282E+14   0.850365E+13   0.607875E+13   0.537211E+14   0.234318E+15  -0.150223E+14
   0.190039E+14   0.233875E+14   0.909279E+12  -0.122805E+14  -0.150223E+14   0.259755E+15
 trial position no.           10
 
 
 
 
 
 
 
 
 
 
 
 
  Covariance matrix; NOT corrected for  scaling
   0.926401E+14  -0.172221E+14  -0.162752E+14  -0.391798E+14  -0.119123E+14   0.249509E+14
  -0.172221E+14   0.184490E+15  -0.502261E+14  -0.225964E+14   0.119001E+14   0.263041E+14
  -0.162752E+14  -0.502261E+14   0.195131E+15   0.806035E+13   0.603814E+13  -0.865692E+11
  -0.391798E+14  -0.225964E+14   0.806035E+13   0.189564E+15   0.336479E+14  -0.301053E+14
  -0.119123E+14   0.119001E+14   0.603814E+13   0.336479E+14   0.223137E+15  -0.401962E+14
   0.249509E+14   0.263041E+14  -0.865677E+11  -0.301053E+14  -0.401962E+14   0.312843E+15
 trial position no.           11
 
 
 
 
 
 
 
 
 
 
 
 
  Covariance matrix; NOT corrected for  scaling
   0.985563E+14  -0.176887E+14  -0.161959E+14  -0.408698E+14  -0.107024E+14   0.316723E+14
  -0.176887E+14   0.163975E+15  -0.446331E+14  -0.230953E+14   0.121123E+14   0.279249E+14
  -0.161959E+14  -0.446331E+14   0.172182E+15   0.708662E+13   0.503219E+13  -0.950471E+12
  -0.408698E+14  -0.230953E+14   0.708662E+13   0.183396E+15   0.144130E+14  -0.506269E+14
  -0.107024E+14   0.121123E+14   0.503219E+13   0.144130E+14   0.213364E+15  -0.683852E+14
   0.316723E+14   0.279249E+14  -0.950471E+12  -0.506268E+14  -0.683852E+14   0.362808E+15
 trial position no.           12
 
 
 
 
 
 
 
 
 
 
 
 
  Covariance matrix; NOT corrected for  scaling
   0.104681E+15  -0.180704E+14  -0.162474E+14  -0.424875E+14  -0.934141E+13   0.381084E+14
  -0.180704E+14   0.147711E+15  -0.406882E+14  -0.221618E+14   0.136748E+14   0.283359E+14
  -0.162474E+14  -0.406882E+14   0.155260E+15   0.692856E+13   0.458006E+13  -0.185708E+13
  -0.424875E+14  -0.221618E+14   0.692856E+13   0.180627E+15  -0.190341E+13  -0.657817E+14
  -0.934141E+13   0.136748E+14   0.458006E+13  -0.190341E+13   0.207189E+15  -0.906166E+14
   0.381084E+14   0.283359E+14  -0.185708E+13  -0.657817E+14  -0.906166E+14   0.420034E+15
 trial position no.           13
 
 
 
 
 
 
 
 
 
 
 
 
  Covariance matrix; NOT corrected for  scaling
   0.111041E+15  -0.184601E+14  -0.163090E+14  -0.441853E+14  -0.822582E+13   0.443575E+14
  -0.184601E+14   0.134912E+15  -0.376910E+14  -0.206730E+14   0.155569E+14   0.275193E+14
  -0.163090E+14  -0.376910E+14   0.142403E+15   0.703825E+13   0.458519E+13  -0.293661E+13
  -0.441853E+14  -0.206730E+14   0.703825E+13   0.180187E+15  -0.159311E+14  -0.768268E+14
  -0.822582E+13   0.155569E+14   0.458519E+13  -0.159311E+14   0.204179E+15  -0.108519E+15
   0.443575E+14   0.275193E+14  -0.293661E+13  -0.768269E+14  -0.108519E+15   0.479958E+15
 trial position no.           14
 
 
 
 
 
 
 
 
 
 
 
 
  Covariance matrix; NOT corrected for  scaling
   0.117438E+15  -0.189381E+14  -0.163982E+14  -0.455992E+14  -0.782259E+13   0.505050E+14
  -0.189381E+14   0.125537E+15  -0.351623E+14  -0.210250E+14   0.159553E+14   0.280138E+14
  -0.163982E+14  -0.351623E+14   0.132384E+15   0.667736E+13   0.440099E+13  -0.351796E+13
  -0.455992E+14  -0.210250E+14   0.667736E+13   0.182761E+15  -0.264016E+14  -0.873988E+14
  -0.782259E+13   0.159553E+14   0.440099E+13  -0.264016E+14   0.204526E+15  -0.125508E+15
   0.505050E+14   0.280138E+14  -0.351796E+13  -0.873988E+14  -0.125508E+15   0.542963E+15
 trial position no.           15
 
 
 
 
 
 
 
 
 
 
 
 
  Covariance matrix; NOT corrected for  scaling
   0.123750E+15  -0.212452E+14  -0.180328E+14  -0.466755E+14  -0.724365E+13   0.565959E+14
  -0.212452E+14   0.139762E+15  -0.392062E+14  -0.227045E+14   0.187104E+14   0.324990E+14
  -0.180328E+14  -0.392062E+14   0.147041E+15   0.717998E+13   0.461669E+13  -0.385299E+13
  -0.466755E+14  -0.227045E+14   0.717998E+13   0.187407E+15  -0.354559E+14  -0.862258E+14
  -0.724366E+13   0.187104E+14   0.461669E+13  -0.354559E+14   0.205578E+15  -0.131871E+15
   0.565959E+14   0.324990E+14  -0.385299E+13  -0.862258E+14  -0.131871E+15   0.653643E+15
 trial position no.           16
 
 
 
 
 
 
 
 
 
 
 
 
  Covariance matrix; NOT corrected for  scaling
   0.130851E+15  -0.218859E+14  -0.184143E+14  -0.483507E+14  -0.646846E+13   0.629364E+14
  -0.218859E+14   0.133400E+15  -0.377189E+14  -0.224248E+14   0.202142E+14   0.330984E+14
  -0.184143E+14  -0.377189E+14   0.140614E+15   0.740202E+13   0.444698E+13  -0.425629E+13
  -0.483507E+14  -0.224248E+14   0.740202E+13   0.191267E+15  -0.465883E+14  -0.932707E+14
  -0.646846E+13   0.202142E+14   0.444698E+13  -0.465883E+14   0.206868E+15  -0.145432E+15
   0.629364E+14   0.330984E+14  -0.425629E+13  -0.932707E+14  -0.145432E+15   0.732905E+15
 trial position no.            7
 
 
 
 
 
 
 
 
 
 
 
 
  Covariance matrix; NOT corrected for  scaling
   0.121927E+15  -0.478128E+14  -0.298402E+14  -0.167708E+14  -0.320702E+14  -0.255057E+14
  -0.478128E+14   0.238808E+15   0.226052E+14  -0.855291E+13   0.180528E+14   0.244296E+14
  -0.298402E+14   0.226052E+14   0.320603E+15  -0.169442E+14  -0.554403E+13   0.179609E+14
  -0.167708E+14  -0.855290E+13  -0.169442E+14   0.207045E+15   0.134751E+15   0.911309E+14
  -0.320702E+14   0.180528E+14  -0.554403E+13   0.134751E+15   0.259869E+15   0.903867E+14
  -0.255057E+14   0.244296E+14   0.179609E+14   0.911309E+14   0.903867E+14   0.258113E+15
 trial position no.            8
 
 
 
 
 
 
 
 
 
 
 
 
  Covariance matrix; NOT corrected for  scaling
   0.132981E+15  -0.486440E+14  -0.287564E+14  -0.135487E+14  -0.312726E+14  -0.140919E+14
  -0.486440E+14   0.193708E+15   0.225355E+14  -0.982244E+13   0.166890E+14   0.205461E+14
  -0.287564E+14   0.225355E+14   0.256897E+15  -0.165459E+14  -0.416921E+13   0.194639E+14
  -0.135487E+14  -0.982245E+13  -0.165459E+14   0.175003E+15   0.961403E+14   0.335842E+14
  -0.312726E+14   0.166890E+14  -0.416921E+13   0.961403E+14   0.225359E+15   0.243795E+14
  -0.140919E+14   0.205461E+14   0.194639E+14   0.335842E+14   0.243795E+14   0.238454E+15
 trial position no.            9
 
 
 
 
 
 
 
 
 
 
 
 
  Covariance matrix; NOT corrected for  scaling
   0.143123E+15  -0.486411E+14  -0.278974E+14  -0.102457E+14  -0.297532E+14  -0.334604E+13
  -0.486411E+14   0.162235E+15   0.201281E+14  -0.968945E+13   0.168478E+14   0.173000E+14
  -0.278974E+14   0.201281E+14   0.213758E+15  -0.147176E+14  -0.237197E+13   0.205932E+14
  -0.102457E+14  -0.968945E+13  -0.147176E+14   0.154585E+15   0.686650E+14  -0.340767E+13
  -0.297532E+14   0.168478E+14  -0.237197E+13   0.686650E+14   0.202608E+15  -0.204556E+14
  -0.334604E+13   0.173000E+14   0.205932E+14  -0.340767E+13  -0.204556E+14   0.253713E+15
 trial position no.           10
 
 
 
 
 
 
 
 
 
 
 
 
  Covariance matrix; NOT corrected for  scaling
   0.152587E+15  -0.518618E+14  -0.292174E+14  -0.772723E+13  -0.283253E+14   0.560074E+13
  -0.518618E+14   0.157284E+15   0.207111E+14  -0.101106E+14   0.183074E+14   0.163208E+14
  -0.292174E+14   0.207111E+14   0.205884E+15  -0.138042E+14  -0.597950E+12   0.229993E+14
  -0.772723E+13  -0.101106E+14  -0.138042E+14   0.144164E+15   0.511126E+14  -0.200174E+14
  -0.283253E+14   0.183074E+14  -0.597950E+12   0.511126E+14   0.190850E+15  -0.435968E+14
   0.560074E+13   0.163208E+14   0.229993E+14  -0.200174E+14  -0.435968E+14   0.304957E+15
 trial position no.           11
 
 
 
 
 
 
 
 
 
 
 
 
  Covariance matrix; NOT corrected for  scaling
   0.161507E+15  -0.529713E+14  -0.291644E+14  -0.551277E+13  -0.267057E+14   0.150848E+14
  -0.529713E+14   0.140383E+15   0.194015E+14  -0.118977E+14   0.170807E+14   0.147154E+14
  -0.291644E+14   0.194015E+14   0.182256E+15  -0.142827E+14  -0.925061E+12   0.244904E+14
  -0.551277E+13  -0.118977E+14  -0.142827E+14   0.135183E+15   0.345776E+14  -0.387590E+14
  -0.267057E+14   0.170807E+14  -0.925061E+12   0.345776E+14   0.180934E+15  -0.693996E+14
   0.150848E+14   0.147154E+14   0.244904E+14  -0.387590E+14  -0.693996E+14   0.352659E+15
 trial position no.           12
 
 
 
 
 
 
 
 
 
 
 
 
  Covariance matrix; NOT corrected for  scaling
   0.169749E+15  -0.531225E+14  -0.285396E+14  -0.343844E+13  -0.248019E+14   0.236892E+14
  -0.531225E+14   0.126751E+15   0.173244E+14  -0.122519E+14   0.170570E+14   0.127394E+14
  -0.285396E+14   0.173244E+14   0.163898E+15  -0.136397E+14  -0.440933E+12   0.252316E+14
  -0.343844E+13  -0.122519E+14  -0.136397E+14   0.129665E+15   0.208964E+14  -0.523053E+14
  -0.248019E+14   0.170570E+14  -0.440934E+12   0.208964E+14   0.174517E+15  -0.895838E+14
   0.236892E+14   0.127394E+14   0.252316E+14  -0.523053E+14  -0.895838E+14   0.407177E+15
 trial position no.           13
 
 
 
 
 
 
 
 
 
 
 
 
  Covariance matrix; NOT corrected for  scaling
   0.177250E+15  -0.526198E+14  -0.275306E+14  -0.172282E+13  -0.229863E+14   0.316382E+14
  -0.526198E+14   0.115823E+15   0.152462E+14  -0.120467E+14   0.174907E+14   0.103522E+14
  -0.275306E+14   0.152462E+14   0.149504E+15  -0.125476E+14   0.552010E+12   0.251010E+14
  -0.172282E+13  -0.120467E+14  -0.125476E+14   0.126450E+15   0.906499E+13  -0.618326E+14
  -0.229863E+14   0.174907E+14   0.552008E+12   0.906499E+13   0.170827E+15  -0.105414E+15
   0.316382E+14   0.103522E+14   0.251010E+14  -0.618326E+14  -0.105414E+15   0.464036E+15
 trial position no.           14
 
 
 
 
 
 
 
 
 
 
 
 
  Covariance matrix; NOT corrected for  scaling
   0.184997E+15  -0.528841E+14  -0.270267E+14   0.107304E+12  -0.216629E+14   0.388018E+14
  -0.528841E+14   0.107942E+15   0.140842E+14  -0.130540E+14   0.171131E+14   0.927855E+13
  -0.270267E+14   0.140842E+14   0.138713E+15  -0.127985E+14   0.416152E+12   0.261105E+14
   0.107302E+12  -0.130540E+14  -0.127985E+14   0.126512E+15   0.260950E+12  -0.709105E+14
  -0.216629E+14   0.171131E+14   0.416152E+12   0.260952E+12   0.170970E+15  -0.120637E+15
   0.388018E+14   0.927854E+13   0.261105E+14  -0.709105E+14  -0.120637E+15   0.523969E+15
 trial position no.           15
 
 
 
 
 
 
 
 
 
 
 
 
  Covariance matrix; NOT corrected for  scaling
   0.191967E+15  -0.578447E+14  -0.289369E+14   0.250269E+13  -0.195301E+14   0.467075E+14
  -0.578447E+14   0.120243E+15   0.156755E+14  -0.149083E+14   0.187796E+14   0.995338E+13
  -0.289369E+14   0.156755E+14   0.153879E+15  -0.137823E+14   0.694899E+12   0.307786E+14
   0.250269E+13  -0.149083E+14  -0.137823E+14   0.128500E+15  -0.728662E+13  -0.690530E+14
  -0.195301E+14   0.187796E+14   0.694898E+12  -0.728662E+13   0.172348E+15  -0.125329E+15
   0.467075E+14   0.995338E+13   0.307786E+14  -0.690530E+14  -0.125329E+15   0.631333E+15
 trial position no.           16
 
 
 
 
 
 
 
 
 
 
 
 
  Covariance matrix; NOT corrected for  scaling
   0.199017E+15  -0.577025E+14  -0.283083E+14   0.401546E+13  -0.175490E+14   0.529911E+14
  -0.577025E+14   0.114525E+15   0.144590E+14  -0.153021E+14   0.191328E+14   0.949667E+13
  -0.283083E+14   0.144591E+14   0.146516E+15  -0.133297E+14   0.107907E+13   0.323256E+14
   0.401546E+13  -0.153021E+14  -0.133297E+14   0.129551E+15  -0.165749E+14  -0.745925E+14
  -0.175490E+14   0.191328E+14   0.107907E+13  -0.165749E+14   0.173397E+15  -0.136941E+15
   0.529912E+14   0.949667E+13   0.323256E+14  -0.745925E+14  -0.136941E+15   0.706190E+15
 trial position no.            7
 
 
 
 
 
 
 
 
 
 
 
 
  Covariance matrix; NOT corrected for  scaling
   0.829962E+14  -0.427979E+14   0.130548E+14   0.346035E+14   0.429368E+14  -0.149835E+14
  -0.427978E+14   0.318709E+15   0.117337E+15   0.169181E+13  -0.100837E+14  -0.766348E+13
   0.130548E+14   0.117337E+15   0.282327E+15  -0.791397E+13  -0.556624E+13   0.129167E+14
   0.346035E+14   0.169182E+13  -0.791397E+13   0.219057E+15   0.120978E+15   0.844510E+14
   0.429368E+14  -0.100837E+14  -0.556624E+13   0.120978E+15   0.240304E+15   0.952397E+14
  -0.149835E+14  -0.766348E+13   0.129167E+14   0.844510E+14   0.952397E+14   0.253626E+15
 trial position no.            8
 
 
 
 
 
 
 
 
 
 
 
 
  Covariance matrix; NOT corrected for  scaling
   0.888800E+14  -0.426038E+14   0.121049E+14   0.319242E+14   0.420522E+14  -0.263691E+14
  -0.426038E+14   0.260169E+15   0.961856E+14   0.213456E+13  -0.843111E+13  -0.573528E+13
   0.121049E+14   0.961857E+14   0.226075E+15  -0.873160E+13  -0.543080E+13   0.138965E+14
   0.319242E+14   0.213456E+13  -0.873159E+13   0.193098E+15   0.889486E+14   0.317548E+14
   0.420522E+14  -0.843111E+13  -0.543080E+13   0.889486E+14   0.213992E+15   0.370845E+14
  -0.263691E+14  -0.573528E+13   0.138965E+14   0.317548E+14   0.370845E+14   0.233199E+15
 trial position no.            9
 
 
 
 
 
 
 
 
 
 
 
 
  Covariance matrix; NOT corrected for  scaling
   0.950415E+14  -0.427546E+14   0.119492E+14   0.308106E+14   0.425407E+14  -0.360982E+14
  -0.427546E+14   0.219831E+15   0.805525E+14   0.118140E+13  -0.893329E+13  -0.520910E+13
   0.119492E+14   0.805525E+14   0.188447E+15  -0.753774E+13  -0.379758E+13   0.156043E+14
   0.308106E+14   0.118140E+13  -0.753774E+13   0.175981E+15   0.643191E+14  -0.461926E+13
   0.425407E+14  -0.893329E+13  -0.379758E+13   0.643191E+14   0.196434E+15  -0.447974E+13
  -0.360982E+14  -0.520910E+13   0.156043E+14  -0.461926E+13  -0.447974E+13   0.242787E+15
 trial position no.           10
 
 
 
 
 
 
 
 
 
 
 
 
  Covariance matrix; NOT corrected for  scaling
   0.100976E+15  -0.455127E+14   0.123727E+14   0.310236E+14   0.444080E+14  -0.444396E+14
  -0.455127E+14   0.213664E+15   0.784200E+14  -0.161917E+13  -0.126491E+14  -0.525459E+13
   0.123727E+14   0.784200E+14   0.181212E+15  -0.526272E+13  -0.151611E+13   0.184223E+14
   0.310236E+14  -0.161917E+13  -0.526272E+13   0.166133E+15   0.460648E+14  -0.219395E+14
   0.444080E+14  -0.126491E+14  -0.151611E+13   0.460648E+14   0.187267E+15  -0.266959E+14
  -0.444396E+14  -0.525459E+13   0.184223E+14  -0.219395E+14  -0.266959E+14   0.286514E+15
 trial position no.           11
 
 
 
 
 
 
 
 
 
 
 
 
  Covariance matrix; NOT corrected for  scaling
   0.106876E+15  -0.467084E+14   0.121464E+14   0.297899E+14   0.447849E+14  -0.532948E+14
  -0.467084E+14   0.191131E+15   0.692454E+14  -0.247243E+13  -0.134511E+14  -0.347843E+13
   0.121464E+14   0.692454E+14   0.160329E+15  -0.538688E+13  -0.130554E+13   0.198677E+14
   0.297899E+14  -0.247243E+13  -0.538688E+13   0.159901E+15   0.300779E+14  -0.409418E+14
   0.447849E+14  -0.134511E+14  -0.130554E+13   0.300779E+14   0.180901E+15  -0.513810E+14
  -0.532947E+14  -0.347843E+13   0.198677E+14  -0.409418E+14  -0.513810E+14   0.325610E+15
 trial position no.           12
 
 
 
 
 
 
 
 
 
 
 
 
  Covariance matrix; NOT corrected for  scaling
   0.112881E+15  -0.473031E+14   0.123344E+14   0.292433E+14   0.456919E+14  -0.618821E+14
  -0.473031E+14   0.173115E+15   0.619149E+14  -0.276539E+13  -0.142084E+14  -0.173565E+13
   0.123344E+14   0.619149E+14   0.144367E+15  -0.454571E+13  -0.662205E+12   0.206862E+14
   0.292433E+14  -0.276539E+13  -0.454571E+13   0.157264E+15   0.163835E+14  -0.553667E+14
   0.456919E+14  -0.142084E+14  -0.662205E+12   0.163835E+14   0.178002E+15  -0.714882E+14
  -0.618821E+14  -0.173565E+13   0.206862E+14  -0.553667E+14  -0.714882E+14   0.371248E+15
 trial position no.           13
 
 
 
 
 
 
 
 
 
 
 
 
  Covariance matrix; NOT corrected for  scaling
   0.119205E+15  -0.477411E+14   0.126366E+14   0.297397E+14   0.474213E+14  -0.704914E+14
  -0.477411E+14   0.158921E+15   0.566016E+14  -0.459810E+13  -0.155294E+14   0.576901E+12
   0.126366E+14   0.566016E+14   0.132180E+15  -0.316160E+13   0.136001E+13   0.205463E+14
   0.297397E+14  -0.459810E+13  -0.316160E+13   0.154426E+15   0.182997E+13  -0.648522E+14
   0.474212E+14  -0.155294E+14   0.136001E+13   0.182997E+13   0.175289E+15  -0.867021E+14
  -0.704914E+14   0.576901E+12   0.205463E+14  -0.648522E+14  -0.867021E+14   0.418961E+15
 trial position no.           14
 
 
 
 
 
 
 
 
 
 
 
 
  Covariance matrix; NOT corrected for  scaling
   0.125975E+15  -0.487861E+14   0.127450E+14   0.299557E+14   0.486390E+14  -0.781647E+14
  -0.487861E+14   0.148407E+15   0.524930E+14  -0.576282E+13  -0.159420E+14   0.236098E+13
   0.127450E+14   0.524930E+14   0.122931E+15  -0.323932E+13   0.207991E+13   0.212984E+14
   0.299557E+14  -0.576282E+13  -0.323932E+13   0.156386E+15  -0.865953E+13  -0.741438E+14
   0.486390E+14  -0.159420E+14   0.207992E+13  -0.865953E+13   0.176843E+15  -0.101266E+15
  -0.781646E+14   0.236098E+13   0.212984E+14  -0.741438E+14  -0.101266E+15   0.469031E+15
 trial position no.           15
 
 
 
 
 
 
 
 
 
 
 
 
  Covariance matrix; NOT corrected for  scaling
   0.132500E+15  -0.542192E+14   0.140171E+14   0.294211E+14   0.490986E+14  -0.858467E+14
  -0.542192E+14   0.165540E+15   0.580008E+14  -0.649733E+13  -0.176227E+14   0.275055E+13
   0.140171E+14   0.580008E+14   0.136344E+15  -0.318486E+13   0.262352E+13   0.257716E+14
   0.294211E+14  -0.649734E+13  -0.318486E+13   0.162279E+15  -0.164245E+14  -0.732616E+14
   0.490986E+14  -0.176227E+14   0.262352E+13  -0.164245E+14   0.181399E+15  -0.106810E+15
  -0.858467E+14   0.275056E+13   0.257716E+14  -0.732616E+14  -0.106810E+15   0.560417E+15
 trial position no.           16
 
 
 
 
 
 
 
 
 
 
 
 
  Covariance matrix; NOT corrected for  scaling
   0.139097E+15  -0.549692E+14   0.141775E+14   0.298587E+14   0.503783E+14  -0.942002E+14
  -0.549692E+14   0.157839E+15   0.553929E+14  -0.758489E+13  -0.183765E+14   0.531803E+13
   0.141775E+14   0.553928E+14   0.129993E+15  -0.234456E+13   0.365955E+13   0.263398E+14
   0.298587E+14  -0.758488E+13  -0.234456E+13   0.164153E+15  -0.285685E+14  -0.772987E+14
   0.503783E+14  -0.183765E+14   0.365954E+13  -0.285685E+14   0.182653E+15  -0.117161E+15
  -0.942002E+14   0.531803E+13   0.263398E+14  -0.772987E+14  -0.117161E+15   0.619485E+15
 trial position no.            7
 
 
 
 
 
 
 
 
 
 
 
 
  Covariance matrix; NOT corrected for  scaling
   0.632949E+14  -0.294512E+14  -0.117064E+14  -0.271385E+14  -0.767745E+14   0.232762E+14
  -0.294512E+14   0.172111E+15  -0.166688E+15  -0.515163E+12   0.552418E+14  -0.314714E+13
  -0.117064E+14  -0.166688E+15   0.373065E+15   0.686931E+13  -0.737467E+13   0.652780E+13
  -0.271385E+14  -0.515159E+12   0.686931E+13   0.884644E+14   0.718871E+14   0.349941E+14
  -0.767745E+14   0.552418E+14  -0.737468E+13   0.718871E+14   0.230620E+15   0.497869E+13
   0.232762E+14  -0.314714E+13   0.652780E+13   0.349941E+14   0.497869E+13   0.141815E+15
 trial position no.            8
 
 
 
 
 
 
 
 
 
 
 
 
  Covariance matrix; NOT corrected for  scaling
   0.675623E+14  -0.298146E+14  -0.105911E+14  -0.244409E+14  -0.783019E+14   0.366323E+14
  -0.298146E+14   0.144748E+15  -0.141234E+15  -0.204290E+13   0.523498E+14  -0.925855E+13
  -0.105911E+14  -0.141234E+15   0.312921E+15   0.573652E+13  -0.649150E+13   0.682037E+13
  -0.244409E+14  -0.204290E+13   0.573652E+13   0.751378E+14   0.521678E+14   0.125062E+14
  -0.783019E+14   0.523498E+14  -0.649150E+13   0.521678E+14   0.215711E+15  -0.363530E+14
   0.366323E+14  -0.925855E+13   0.682037E+13   0.125062E+14  -0.363530E+14   0.146840E+15
 trial position no.            9
 
 
 
 
 
 
 
 
 
 
 
 
  Covariance matrix; NOT corrected for  scaling
   0.712554E+14  -0.295593E+14  -0.110836E+14  -0.217302E+14  -0.786153E+14   0.485230E+14
  -0.295593E+14   0.125337E+15  -0.123115E+15  -0.361358E+13   0.516701E+14  -0.140642E+14
  -0.110836E+14  -0.123115E+15   0.270550E+15   0.700245E+13  -0.659543E+13   0.699813E+13
  -0.217302E+14  -0.361357E+13   0.700245E+13   0.664221E+14   0.362385E+14  -0.104799E+13
  -0.786154E+14   0.516702E+14  -0.659543E+13   0.362385E+14   0.204000E+15  -0.669293E+14
   0.485230E+14  -0.140642E+14   0.699813E+13  -0.104799E+13  -0.669293E+14   0.166386E+15
 trial position no.           10
 
 
 
 
 
 
 
 
 
 
 
 
  Covariance matrix; NOT corrected for  scaling
   0.754201E+14  -0.315714E+14  -0.129468E+14  -0.199957E+14  -0.799554E+14   0.575662E+14
  -0.315714E+14   0.125941E+15  -0.123957E+15  -0.519161E+13   0.557286E+14  -0.181052E+14
  -0.129468E+14  -0.123957E+15   0.270875E+15   0.934109E+13  -0.684386E+13   0.770236E+13
  -0.199957E+14  -0.519161E+13   0.934109E+13   0.625337E+14   0.254722E+14  -0.497897E+13
  -0.799554E+14   0.557286E+14  -0.684387E+13   0.254722E+14   0.199900E+15  -0.841634E+14
   0.575662E+14  -0.181052E+14   0.770237E+13  -0.497897E+13  -0.841634E+14   0.200905E+15
 trial position no.           11
 
 
 
 
 
 
 
 
 
 
 
 
  Covariance matrix; NOT corrected for  scaling
   0.809333E+14  -0.321859E+14  -0.138265E+14  -0.190680E+14  -0.834912E+14   0.682019E+14
  -0.321859E+14   0.115005E+15  -0.112789E+15  -0.731570E+13   0.562632E+14  -0.216221E+14
  -0.138265E+14  -0.112789E+15   0.245749E+15   0.103310E+14  -0.784897E+13   0.796161E+13
  -0.190680E+14  -0.731570E+13   0.103310E+14   0.598143E+14   0.163143E+14  -0.109207E+14
  -0.834912E+14   0.562632E+14  -0.784897E+13   0.163143E+14   0.200966E+15  -0.105678E+15
   0.682019E+14  -0.216221E+14   0.796161E+13  -0.109207E+14  -0.105678E+15   0.233447E+15
 trial position no.           12
 
 
 
 
 
 
 
 
 
 
 
 
  Covariance matrix; NOT corrected for  scaling
   0.859190E+14  -0.326001E+14  -0.150834E+14  -0.178486E+14  -0.856198E+14   0.778277E+14
  -0.326001E+14   0.106252E+15  -0.103740E+15  -0.895125E+13   0.573547E+14  -0.249228E+14
  -0.150834E+14  -0.103740E+15   0.225688E+15   0.118588E+14  -0.844248E+13   0.776273E+13
  -0.178486E+14  -0.895125E+13   0.118588E+14   0.582564E+14   0.730233E+13  -0.142333E+14
  -0.856198E+14   0.573547E+14  -0.844247E+13   0.730233E+13   0.200815E+15  -0.123255E+15
   0.778277E+14  -0.249228E+14   0.776272E+13  -0.142333E+14  -0.123255E+15   0.267922E+15
 trial position no.           13
 
 
 
 
 
 
 
 
 
 
 
 
  Covariance matrix; NOT corrected for  scaling
   0.910119E+14  -0.331534E+14  -0.165241E+14  -0.167502E+14  -0.877519E+14   0.865135E+14
  -0.331535E+14   0.991509E+14  -0.959539E+14  -0.101012E+14   0.586220E+14  -0.280026E+14
  -0.165241E+14  -0.959540E+14   0.209139E+15   0.132644E+14  -0.806917E+13   0.687760E+13
  -0.167502E+14  -0.101012E+14   0.132644E+14   0.576374E+14  -0.897800E+12  -0.155395E+14
  -0.877520E+14   0.586220E+14  -0.806917E+13  -0.897799E+12   0.201608E+15  -0.137464E+15
   0.865136E+14  -0.280026E+14   0.687760E+13  -0.155395E+14  -0.137464E+15   0.301549E+15
 trial position no.           14
 
 
 
 
 
 
 
 
 
 
 
 
  Covariance matrix; NOT corrected for  scaling
   0.967714E+14  -0.337537E+14  -0.175556E+14  -0.161213E+14  -0.915426E+14   0.958792E+14
  -0.337537E+14   0.932687E+14  -0.893192E+14  -0.114239E+14   0.592789E+14  -0.303736E+14
  -0.175557E+14  -0.893192E+14   0.195284E+15   0.139794E+14  -0.817234E+13   0.644322E+13
  -0.161213E+14  -0.114239E+14   0.139794E+14   0.583622E+14  -0.647894E+13  -0.174415E+14
  -0.915426E+14   0.592789E+14  -0.817235E+13  -0.647894E+13   0.206476E+15  -0.153015E+15
   0.958792E+14  -0.303736E+14   0.644325E+13  -0.174415E+14  -0.153015E+15   0.337292E+15
 trial position no.           15
 
 
 
 
 
 
 
 
 
 
 
 
  Covariance matrix; NOT corrected for  scaling
   0.102396E+15  -0.374959E+14  -0.204942E+14  -0.152836E+14  -0.946384E+14   0.103956E+15
  -0.374959E+14   0.105678E+15  -0.100377E+15  -0.139052E+14   0.662865E+14  -0.345194E+14
  -0.204942E+14  -0.100377E+15   0.219729E+15   0.168186E+14  -0.957075E+13   0.775450E+13
  -0.152836E+14  -0.139052E+14   0.168186E+14   0.603817E+14  -0.116478E+14  -0.129371E+14
  -0.946384E+14   0.662865E+14  -0.957077E+13  -0.116478E+14   0.211214E+15  -0.160835E+15
   0.103956E+15  -0.345194E+14   0.775452E+13  -0.129371E+14  -0.160835E+15   0.395565E+15
 trial position no.           16
 
 
 
 
 
 
 
 
 
 
 
 
  Covariance matrix; NOT corrected for  scaling
   0.108308E+15  -0.381585E+14  -0.225912E+14  -0.145943E+14  -0.972235E+14   0.111638E+15
  -0.381586E+14   0.102426E+15  -0.964184E+14  -0.156485E+14   0.683445E+14  -0.361512E+14
  -0.225911E+14  -0.964185E+14   0.211896E+15   0.188135E+14  -0.102298E+14   0.752221E+13
  -0.145943E+14  -0.156485E+14   0.188135E+14   0.619050E+14  -0.186413E+14  -0.124519E+14
  -0.972235E+14   0.683445E+14  -0.102297E+14  -0.186413E+14   0.215090E+15  -0.172096E+15
   0.111638E+15  -0.361512E+14   0.752220E+13  -0.124519E+14  -0.172096E+15   0.436456E+15
 trial position no.            7
 
 
 
 
 
 
 
 
 
 
 
 
  Covariance matrix; NOT corrected for  scaling
   0.783695E+14  -0.294698E+14   0.993327E+13   0.267416E+13   0.424309E+14   0.348091E+13
  -0.294698E+14   0.495133E+15   0.541140E+14   0.372815E+14  -0.719134E+13  -0.206835E+14
   0.993327E+13   0.541140E+14   0.303071E+15  -0.717676E+13  -0.197812E+13   0.137579E+14
   0.267416E+13   0.372815E+14  -0.717676E+13   0.411423E+15   0.158621E+15   0.104122E+15
   0.424309E+14  -0.719133E+13  -0.197812E+13   0.158621E+15   0.416065E+15   0.168742E+15
   0.348091E+13  -0.206835E+14   0.137579E+14   0.104122E+15   0.168742E+15   0.342696E+15
 trial position no.            8
 
 
 
 
 
 
 
 
 
 
 
 
  Covariance matrix; NOT corrected for  scaling
   0.834306E+14  -0.289934E+14   0.964342E+13  -0.250053E+13   0.420501E+14  -0.535432E+13
  -0.289934E+14   0.402678E+15   0.431583E+14   0.363188E+14  -0.549783E+13  -0.225660E+14
   0.964342E+13   0.431583E+14   0.237942E+15  -0.791744E+13  -0.169542E+13   0.138215E+14
  -0.250053E+13   0.363188E+14  -0.791743E+13   0.372824E+15   0.961922E+14   0.146170E+14
   0.420501E+14  -0.549783E+13  -0.169542E+13   0.961922E+14   0.365841E+15   0.670958E+14
  -0.535432E+13  -0.225660E+14   0.138215E+14   0.146170E+14   0.670958E+14   0.307437E+15
 trial position no.            9
 
 
 
 
 
 
 
 
 
 
 
 
  Covariance matrix; NOT corrected for  scaling
   0.886593E+14  -0.287156E+14   0.961491E+13  -0.649558E+13   0.425647E+14  -0.127109E+14
  -0.287156E+14   0.339401E+15   0.355691E+14   0.337924E+14  -0.624696E+13  -0.251298E+14
   0.961491E+13   0.355691E+14   0.196249E+15  -0.730416E+13  -0.381179E+12   0.143754E+14
  -0.649558E+13   0.337924E+14  -0.730416E+13   0.350930E+15   0.494410E+14  -0.443032E+14
   0.425647E+14  -0.624696E+13  -0.381179E+12   0.494410E+14   0.333788E+15  -0.168613E+13
  -0.127109E+14  -0.251298E+14   0.143754E+14  -0.443032E+14  -0.168613E+13   0.326233E+15
 trial position no.           10
 
 
 
 
 
 
 
 
 
 
 
 
  Covariance matrix; NOT corrected for  scaling
   0.938165E+14  -0.301372E+14   0.100572E+14  -0.932220E+13   0.439347E+14  -0.191613E+14
  -0.301372E+14   0.329669E+15   0.344480E+14   0.313830E+14  -0.966621E+13  -0.285662E+14
   0.100572E+14   0.344480E+14   0.187220E+15  -0.587051E+13   0.141992E+13   0.157273E+14
  -0.932220E+13   0.313830E+14  -0.587051E+13   0.342467E+15   0.156812E+14  -0.727611E+14
   0.439347E+14  -0.966621E+13   0.141992E+13   0.156812E+14   0.317524E+15  -0.390315E+14
  -0.191613E+14  -0.285662E+14   0.157273E+14  -0.727611E+14  -0.390315E+14   0.394623E+15
 trial position no.           11
 
 
 
 
 
 
 
 
 
 
 
 
  Covariance matrix; NOT corrected for  scaling
   0.992906E+14  -0.304793E+14   0.102057E+14  -0.130222E+14   0.443708E+14  -0.255771E+14
  -0.304793E+14   0.293675E+15   0.300707E+14   0.300664E+14  -0.100419E+14  -0.299374E+14
   0.102057E+14   0.300707E+14   0.164573E+15  -0.594555E+13   0.194655E+13   0.159880E+14
  -0.130222E+14   0.300664E+14  -0.594555E+13   0.339087E+15  -0.155211E+14  -0.103911E+15
   0.443708E+14  -0.100419E+14   0.194655E+13  -0.155211E+14   0.303410E+15  -0.787301E+14
  -0.255771E+14  -0.299374E+14   0.159880E+14  -0.103911E+15  -0.787301E+14   0.462978E+15
 trial position no.           12
 
 
 
 
 
 
 
 
 
 
 
 
  Covariance matrix; NOT corrected for  scaling
   0.105057E+15  -0.306788E+14   0.103832E+14  -0.160942E+14   0.452031E+14  -0.316215E+14
  -0.306788E+14   0.265828E+15   0.268673E+14   0.289049E+14  -0.106507E+14  -0.307028E+14
   0.103832E+14   0.268673E+14   0.147929E+15  -0.551429E+13   0.250561E+13   0.158982E+14
  -0.160942E+14   0.289049E+14  -0.551429E+13   0.341843E+15  -0.419183E+14  -0.127520E+15
   0.452031E+14  -0.106507E+14   0.250561E+13  -0.419183E+14   0.295962E+15  -0.109836E+15
  -0.316215E+14  -0.307028E+14   0.158982E+14  -0.127520E+15  -0.109836E+15   0.542591E+15
 trial position no.           13
 
 
 
 
 
 
 
 
 
 
 
 
  Covariance matrix; NOT corrected for  scaling
   0.111069E+15  -0.304950E+14   0.105295E+14  -0.178587E+14   0.466886E+14  -0.379540E+14
  -0.304950E+14   0.243512E+15   0.247314E+14   0.255168E+14  -0.118026E+14  -0.297737E+14
   0.105296E+14   0.247314E+14   0.135354E+15  -0.456066E+13   0.377652E+13   0.149908E+14
  -0.178587E+14   0.255168E+14  -0.456066E+13   0.344629E+15  -0.671193E+14  -0.143081E+15
   0.466886E+14  -0.118026E+14   0.377652E+13  -0.671193E+14   0.291915E+15  -0.133417E+15
  -0.379540E+14  -0.297737E+14   0.149908E+14  -0.143081E+15  -0.133417E+15   0.625418E+15
 trial position no.           14
 
 
 
 
 
 
 
 
 
 
 
 
  Covariance matrix; NOT corrected for  scaling
   0.117791E+15  -0.307247E+14   0.108047E+14  -0.200768E+14   0.478387E+14  -0.433494E+14
  -0.307247E+14   0.226177E+15   0.229774E+14   0.236478E+14  -0.117385E+14  -0.298449E+14
   0.108047E+14   0.229774E+14   0.125677E+15  -0.451431E+13   0.450820E+13   0.146068E+14
  -0.200768E+14   0.236478E+14  -0.451431E+13   0.354806E+15  -0.871334E+14  -0.158962E+15
   0.478387E+14  -0.117385E+14   0.450820E+13  -0.871334E+14   0.293062E+15  -0.155192E+15
  -0.433494E+14  -0.298449E+14   0.146068E+14  -0.158962E+15  -0.155192E+15   0.713032E+15
 trial position no.           15
 
 
 
 
 
 
 
 
 
 
 
 
  Covariance matrix; NOT corrected for  scaling
   0.124626E+15  -0.340728E+14   0.120987E+14  -0.231288E+14   0.479743E+14  -0.494158E+14
  -0.340728E+14   0.251676E+15   0.254765E+14   0.250551E+14  -0.126313E+14  -0.350756E+14
   0.120987E+14   0.254765E+14   0.139238E+15  -0.477655E+13   0.535581E+13   0.168952E+14
  -0.231288E+14   0.250551E+14  -0.477655E+13   0.371029E+15  -0.104089E+15  -0.160707E+15
   0.479743E+14  -0.126313E+14   0.535581E+13  -0.104089E+15   0.295065E+15  -0.165598E+15
  -0.494158E+14  -0.350756E+14   0.168952E+14  -0.160707E+15  -0.165598E+15   0.860765E+15
 trial position no.           16
 
 
 
 
 
 
 
 
 
 
 
 
  Covariance matrix; NOT corrected for  scaling
   0.131698E+15  -0.342357E+14   0.123278E+14  -0.243987E+14   0.490498E+14  -0.558558E+14
  -0.342357E+14   0.239777E+15   0.246393E+14   0.225702E+14  -0.128777E+14  -0.343749E+14
   0.123278E+14   0.246393E+14   0.132821E+15  -0.407875E+13   0.601160E+13   0.161289E+14
  -0.243987E+14   0.225702E+14  -0.407875E+13   0.380634E+15  -0.124584E+15  -0.168666E+15
   0.490498E+14  -0.128777E+14   0.601160E+13  -0.124584E+15   0.296758E+15  -0.181543E+15
  -0.558558E+14  -0.343749E+14   0.161289E+14  -0.168666E+15  -0.181543E+15   0.964152E+15
 trial position no.            7
 
 
 
 
 
 
 
 
 
 
 
 
  Covariance matrix; NOT corrected for  scaling
   0.316739E+14  -0.149552E+14  -0.325821E+13  -0.102623E+14  -0.158446E+14   0.255723E+13
  -0.149552E+14   0.116399E+15  -0.623076E+14   0.178163E+13   0.271823E+14   0.121194E+13
  -0.325821E+13  -0.623076E+14   0.268870E+15  -0.130200E+14  -0.111420E+14   0.143530E+14
  -0.102623E+14   0.178164E+13  -0.130200E+14   0.110355E+15   0.442506E+14   0.623996E+14
  -0.158446E+14   0.271823E+14  -0.111420E+14   0.442506E+14   0.192727E+15   0.375288E+14
   0.255723E+13   0.121194E+13   0.143530E+14   0.623996E+14   0.375288E+14   0.154631E+15
 trial position no.            8
 
 
 
 
 
 
 
 
 
 
 
 
  Covariance matrix; NOT corrected for  scaling
   0.334725E+14  -0.144883E+14  -0.301141E+13  -0.100016E+14  -0.158725E+14   0.579221E+13
  -0.144883E+14   0.933714E+14  -0.503511E+14   0.563501E+12   0.241227E+14  -0.215447E+13
  -0.301141E+13  -0.503511E+14   0.219490E+15  -0.128795E+14  -0.798011E+13   0.170119E+14
  -0.100016E+14   0.563502E+12  -0.128795E+14   0.969161E+14   0.241551E+14   0.362816E+14
  -0.158725E+14   0.241227E+14  -0.798010E+13   0.241551E+14   0.179467E+15   0.212391E+13
   0.579221E+13  -0.215447E+13   0.170119E+14   0.362816E+14   0.212391E+13   0.143453E+15
 trial position no.            9
 
 
 
 
 
 
 
 
 
 
 
 
  Covariance matrix; NOT corrected for  scaling
   0.353125E+14  -0.139906E+14  -0.325611E+13  -0.967157E+13  -0.156280E+14   0.879400E+13
  -0.139906E+14   0.780059E+14  -0.426628E+14  -0.264276E+12   0.228463E+14  -0.460139E+13
  -0.325610E+13  -0.426628E+14   0.185052E+15  -0.110051E+14  -0.540347E+13   0.194797E+14
  -0.967157E+13  -0.264276E+12  -0.110051E+14   0.886875E+14   0.858695E+13   0.197160E+14
  -0.156280E+14   0.228463E+14  -0.540347E+13   0.858695E+13   0.171311E+15  -0.235312E+14
   0.879400E+13  -0.460139E+13   0.194797E+14   0.197160E+14  -0.235312E+14   0.149010E+15
 trial position no.           10
 
 
 
 
 
 
 
 
 
 
 
 
  Covariance matrix; NOT corrected for  scaling
   0.372239E+14  -0.144095E+14  -0.409101E+13  -0.961505E+13  -0.153291E+14   0.109319E+14
  -0.144095E+14   0.752489E+14  -0.414083E+14  -0.112874E+13   0.232746E+14  -0.622262E+13
  -0.409101E+13  -0.414083E+14   0.180184E+15  -0.953988E+13  -0.251977E+13   0.229341E+14
  -0.961505E+13  -0.112874E+13  -0.953988E+13   0.855783E+14  -0.248141E+13   0.138228E+14
  -0.153291E+14   0.232746E+14  -0.251977E+13  -0.248141E+13   0.169713E+15  -0.370583E+14
   0.109319E+14  -0.622262E+13   0.229341E+14   0.138228E+14  -0.370583E+14   0.174311E+15
 trial position no.           11
 
 
 
 
 
 
 
 
 
 
 
 
  Covariance matrix; NOT corrected for  scaling
   0.394111E+14  -0.143904E+14  -0.445550E+13  -0.980401E+13  -0.154022E+14   0.133871E+14
  -0.143904E+14   0.667495E+14  -0.368499E+14  -0.234883E+13   0.223306E+14  -0.751358E+13
  -0.445550E+13  -0.368499E+14   0.160882E+15  -0.937676E+13  -0.174175E+13   0.247277E+14
  -0.980401E+13  -0.234883E+13  -0.937675E+13   0.830615E+14  -0.131090E+14   0.616510E+13
  -0.154022E+14   0.223306E+14  -0.174175E+13  -0.131090E+14   0.170514E+15  -0.533775E+14
   0.133871E+14  -0.751358E+13   0.247277E+14   0.616510E+13  -0.533775E+14   0.195657E+15
 trial position no.           12
 
 
 
 
 
 
 
 
 
 
 
 
  Covariance matrix; NOT corrected for  scaling
   0.416919E+14  -0.143359E+14  -0.486123E+13  -0.996931E+13  -0.153082E+14   0.157226E+14
  -0.143359E+14   0.603163E+14  -0.334768E+14  -0.303227E+13   0.221514E+14  -0.865980E+13
  -0.486123E+13  -0.334768E+14   0.145594E+15  -0.850425E+13  -0.366437E+12   0.258203E+14
  -0.996931E+13  -0.303227E+13  -0.850426E+13   0.822494E+14  -0.227732E+14   0.954690E+12
  -0.153082E+14   0.221514E+14  -0.366435E+12  -0.227732E+14   0.172331E+15  -0.671453E+14
   0.157226E+14  -0.865980E+13   0.258203E+14   0.954690E+12  -0.671453E+14   0.220488E+15
 trial position no.           13
 
 
 
 
 
 
 
 
 
 
 
 
  Covariance matrix; NOT corrected for  scaling
   0.440314E+14  -0.142358E+14  -0.536959E+13  -0.100686E+14  -0.150784E+14   0.178201E+14
  -0.142358E+14   0.552838E+14  -0.306607E+14  -0.354979E+13   0.219951E+14  -0.960866E+13
  -0.536959E+13  -0.306607E+14   0.133366E+15  -0.747255E+13   0.199755E+13   0.258344E+14
  -0.100686E+14  -0.354979E+13  -0.747255E+13   0.824656E+14  -0.318797E+14  -0.215836E+13
  -0.150784E+14   0.219951E+14   0.199755E+13  -0.318797E+14   0.174563E+15  -0.780679E+14
   0.178201E+14  -0.960866E+13   0.258344E+14  -0.215836E+13  -0.780679E+14   0.246241E+15
 trial position no.           14
 
 
 
 
 
 
 
 
 
 
 
 
  Covariance matrix; NOT corrected for  scaling
   0.466480E+14  -0.143715E+14  -0.576055E+13  -0.101676E+14  -0.155553E+14   0.201398E+14
  -0.143715E+14   0.514647E+14  -0.283361E+14  -0.421359E+13   0.217142E+14  -0.102604E+14
  -0.576055E+13  -0.283361E+14   0.123965E+15  -0.738732E+13   0.289593E+13   0.263943E+14
  -0.101676E+14  -0.421359E+13  -0.738732E+13   0.838351E+14  -0.384261E+14  -0.531035E+13
  -0.155553E+14   0.217142E+14   0.289593E+13  -0.384261E+14   0.178916E+15  -0.887853E+14
   0.201398E+14  -0.102604E+14   0.263943E+14  -0.531035E+13  -0.887853E+14   0.273367E+15
 trial position no.           15
 
 
 
 
 
 
 
 
 
 
 
 
  Covariance matrix; NOT corrected for  scaling
   0.493914E+14  -0.159050E+14  -0.676350E+13  -0.103235E+14  -0.161920E+14   0.221908E+14
  -0.159050E+14   0.573287E+14  -0.313557E+14  -0.508520E+13   0.239177E+14  -0.115445E+14
  -0.676350E+13  -0.313557E+14   0.137986E+15  -0.736507E+13   0.425723E+13   0.311876E+14
  -0.103235E+14  -0.508520E+13  -0.736506E+13   0.866044E+14  -0.435567E+14  -0.230190E+13
  -0.161920E+14   0.239177E+14   0.425723E+13  -0.435567E+14   0.184731E+15  -0.928951E+14
   0.221908E+14  -0.115445E+14   0.311876E+14  -0.230190E+13  -0.928951E+14   0.325295E+15
 trial position no.           16
 
 
 
 
 
 
 
 
 
 
 
 
  Covariance matrix; NOT corrected for  scaling
   0.522372E+14  -0.160321E+14  -0.752782E+13  -0.104803E+14  -0.161639E+14   0.239544E+14
  -0.160321E+14   0.547083E+14  -0.296786E+14  -0.569343E+13   0.241529E+14  -0.117343E+14
  -0.752782E+13  -0.296786E+14   0.131726E+15  -0.668294E+13   0.570901E+13   0.320787E+14
  -0.104803E+14  -0.569342E+13  -0.668294E+13   0.887039E+14  -0.511728E+14  -0.346142E+13
  -0.161639E+14   0.241529E+14   0.570900E+13  -0.511728E+14   0.189078E+15  -0.101199E+15
   0.239544E+14  -0.117343E+14   0.320787E+14  -0.346142E+13  -0.101199E+15   0.359215E+15
 trial position no.            7
 
 
 
 
 
 
 
 
 
 
 
 
  Covariance matrix; NOT corrected for  scaling
   0.128557E+15  -0.412122E+14   0.229032E+14   0.454369E+14   0.734236E+14  -0.141429E+14
  -0.412122E+14   0.466718E+15   0.127890E+15   0.798442E+13  -0.228479E+14  -0.192182E+14
   0.229032E+14   0.127890E+15   0.385232E+15  -0.116180E+13  -0.506892E+13   0.111782E+14
   0.454369E+14   0.798442E+13  -0.116181E+13   0.359102E+15   0.207332E+15   0.125794E+15
   0.734236E+14  -0.228479E+14  -0.506893E+13   0.207332E+15   0.390470E+15   0.141928E+15
  -0.141429E+14  -0.192182E+14   0.111782E+14   0.125794E+15   0.141928E+15   0.360227E+15
 trial position no.            8
 
 
 
 
 
 
 
 
 
 
 
 
  Covariance matrix; NOT corrected for  scaling
   0.138436E+15  -0.407722E+14   0.219280E+14   0.398891E+14   0.717082E+14  -0.342750E+14
  -0.407722E+14   0.376355E+15   0.103250E+15   0.104164E+14  -0.184615E+14  -0.150620E+14
   0.219280E+14   0.103250E+15   0.305682E+15  -0.256518E+13  -0.502870E+13   0.110738E+14
   0.398891E+14   0.104164E+14  -0.256518E+13   0.313555E+15   0.150007E+15   0.358127E+14
   0.717082E+14  -0.184615E+14  -0.502870E+13   0.150007E+15   0.340673E+15   0.426552E+14
  -0.342750E+14  -0.150620E+14   0.110738E+14   0.358127E+14   0.426552E+14   0.331760E+15
 trial position no.            9
 
 
 
 
 
 
 
 
 
 
 
 
  Covariance matrix; NOT corrected for  scaling
   0.148171E+15  -0.409871E+14   0.216158E+14   0.362250E+14   0.714904E+14  -0.515655E+14
  -0.409871E+14   0.316138E+15   0.861051E+14   0.992897E+13  -0.179397E+14  -0.134812E+14
   0.216158E+14   0.861051E+14   0.253818E+15  -0.202196E+13  -0.355341E+13   0.117661E+14
   0.362250E+14   0.992897E+13  -0.202196E+13   0.284120E+15   0.107792E+15  -0.243406E+14
   0.714904E+14  -0.179397E+14  -0.355340E+13   0.107792E+15   0.308024E+15  -0.254272E+14
  -0.515655E+14  -0.134812E+14   0.117661E+14  -0.243406E+14  -0.254272E+14   0.355055E+15
 trial position no.           10
 
 
 
 
 
 
 
 
 
 
 
 
  Covariance matrix; NOT corrected for  scaling
   0.157243E+15  -0.436012E+14   0.225182E+14   0.343322E+14   0.725640E+14  -0.664672E+14
  -0.436012E+14   0.306357E+15   0.835982E+14   0.781118E+13  -0.214770E+14  -0.135978E+14
   0.225182E+14   0.835982E+14   0.243534E+15   0.150272E+12  -0.147271E+13   0.131877E+14
   0.343322E+14   0.781118E+13   0.150271E+12   0.267969E+15   0.781715E+14  -0.540578E+14
   0.725640E+14  -0.214770E+14  -0.147271E+13   0.781715E+14   0.289947E+15  -0.621153E+14
  -0.664672E+14  -0.135978E+14   0.131877E+14  -0.540578E+14  -0.621153E+14   0.429337E+15
 trial position no.           11
 
 
 
 
 
 
 
 
 
 
 
 
  Covariance matrix; NOT corrected for  scaling
   0.166062E+15  -0.442072E+14   0.225774E+14   0.309775E+14   0.717833E+14  -0.814894E+14
  -0.442072E+14   0.272627E+15   0.736797E+14   0.827546E+13  -0.208072E+14  -0.122866E+14
   0.225774E+14   0.736797E+14   0.214963E+15   0.200766E+12  -0.104499E+13   0.134169E+14
   0.309775E+14   0.827546E+13   0.200765E+12   0.256655E+15   0.513330E+14  -0.863930E+14
   0.717833E+14  -0.208072E+14  -0.104499E+13   0.513330E+14   0.274614E+15  -0.101301E+15
  -0.814894E+14  -0.122866E+14   0.134170E+14  -0.863930E+14  -0.101301E+15   0.501067E+15
 trial position no.           12
 
 
 
 
 
 
 
 
 
 
 
 
  Covariance matrix; NOT corrected for  scaling
   0.174826E+15  -0.446934E+14   0.226727E+14   0.285589E+14   0.716047E+14  -0.953288E+14
  -0.446934E+14   0.246931E+15   0.662532E+14   0.838310E+13  -0.209306E+14  -0.108801E+14
   0.226727E+14   0.662532E+14   0.193686E+15   0.755966E+12  -0.658457E+12   0.133614E+14
   0.285589E+14   0.838310E+13   0.755965E+12   0.251222E+15   0.292099E+14  -0.110944E+15
   0.716046E+14  -0.209306E+14  -0.658457E+12   0.292099E+14   0.265604E+15  -0.132013E+15
  -0.953288E+14  -0.108801E+14   0.133614E+14  -0.110944E+15  -0.132013E+15   0.583069E+15
 trial position no.           13
 
 
 
 
 
 
 
 
 
 
 
 
  Covariance matrix; NOT corrected for  scaling
   0.183729E+15  -0.450022E+14   0.227365E+14   0.276915E+14   0.725140E+14  -0.108742E+15
  -0.450022E+14   0.226875E+15   0.609224E+14   0.634638E+13  -0.220827E+14  -0.838891E+13
   0.227365E+14   0.609224E+14   0.177509E+15   0.190011E+13   0.863636E+12   0.124387E+14
   0.276915E+14   0.634638E+13   0.190011E+13   0.246524E+15   0.763764E+13  -0.127856E+15
   0.725140E+14  -0.220827E+14   0.863635E+12   0.763763E+13   0.258815E+15  -0.154907E+15
  -0.108742E+15  -0.838891E+13   0.124387E+14  -0.127856E+15  -0.154907E+15   0.667858E+15
 trial position no.           14
 
 
 
 
 
 
 
 
 
 
 
 
  Covariance matrix; NOT corrected for  scaling
   0.193315E+15  -0.455512E+14   0.229843E+14   0.265149E+14   0.730603E+14  -0.120557E+15
  -0.455512E+14   0.211271E+15   0.566016E+14   0.565268E+13  -0.218947E+14  -0.725828E+13
   0.229843E+14   0.566016E+14   0.165005E+15   0.200511E+13   0.158549E+13   0.121998E+14
   0.265149E+14   0.565268E+13   0.200511E+13   0.248855E+15  -0.845877E+13  -0.144406E+15
   0.730603E+14  -0.218947E+14   0.158549E+13  -0.845877E+13   0.258073E+15  -0.176277E+15
  -0.120557E+15  -0.725827E+13   0.121998E+14  -0.144406E+15  -0.176277E+15   0.756262E+15
 trial position no.           15
 
 
 
 
 
 
 
 
 
 
 
 
  Covariance matrix; NOT corrected for  scaling
   0.202248E+15  -0.502477E+14   0.252636E+14   0.239540E+14   0.718216E+14  -0.132858E+15
  -0.502477E+14   0.235231E+15   0.628733E+14   0.643084E+13  -0.235192E+14  -0.939253E+13
   0.252636E+14   0.628733E+14   0.183141E+15   0.236540E+13   0.185852E+13   0.147275E+14
   0.239540E+14   0.643084E+13   0.236540E+13   0.256176E+15  -0.215019E+14  -0.146410E+15
   0.718216E+14  -0.235192E+14   0.185852E+13  -0.215019E+14   0.259792E+15  -0.183990E+15
  -0.132858E+15  -0.939253E+13   0.147275E+14  -0.146410E+15  -0.183990E+15   0.907038E+15
 trial position no.           16
 
 
 
 
 
 
 
 
 
 
 
 
  Covariance matrix; NOT corrected for  scaling
   0.211340E+15  -0.506306E+14   0.253840E+14   0.234065E+14   0.720871E+14  -0.144778E+15
  -0.506306E+14   0.224702E+15   0.604934E+14   0.532485E+13  -0.239811E+14  -0.792828E+13
   0.253840E+14   0.604934E+14   0.174876E+15   0.315563E+13   0.252274E+13   0.141911E+14
   0.234065E+14   0.532485E+13   0.315563E+13   0.258647E+15  -0.388508E+14  -0.155463E+15
   0.720871E+14  -0.239811E+14   0.252274E+13  -0.388508E+14   0.259296E+15  -0.198178E+15
  -0.144778E+15  -0.792828E+13   0.141911E+14  -0.155463E+15  -0.198178E+15   0.100947E+16
 trial position no.            7
 
 
 
 
 
 
 
 
 
 
 
 
  Covariance matrix; NOT corrected for  scaling
   0.205191E+15   0.403726E+13  -0.348684E+13  -0.128213E+14   0.441785E+14  -0.152944E+14
   0.403726E+13   0.431401E+15   0.508966E+14   0.151249E+13   0.245259E+13   0.339675E+13
  -0.348684E+13   0.508965E+14   0.400843E+15   0.523066E+13   0.211436E+13  -0.118868E+13
  -0.128213E+14   0.151249E+13   0.523066E+13   0.389293E+15   0.250671E+15   0.138743E+15
   0.441785E+14   0.245259E+13   0.211436E+13   0.250671E+15   0.398497E+15   0.140051E+15
  -0.152944E+14   0.339675E+13  -0.118868E+13   0.138743E+15   0.140051E+15   0.337391E+15
 trial position no.            8
 
 
 
 
 
 
 
 
 
 
 
 
  Covariance matrix; NOT corrected for  scaling
   0.231018E+15   0.238653E+13  -0.372471E+13  -0.164509E+14   0.500031E+14  -0.194213E+14
   0.238653E+13   0.344323E+15   0.420279E+14   0.150545E+13   0.181118E+13   0.267254E+13
  -0.372471E+13   0.420279E+14   0.317733E+15   0.385045E+13   0.103408E+13  -0.224982E+13
  -0.164509E+14   0.150545E+13   0.385045E+13   0.330016E+15   0.182050E+15   0.323707E+14
   0.500031E+14   0.181118E+13   0.103408E+13   0.182050E+15   0.338907E+15   0.310664E+14
  -0.194213E+14   0.267254E+13  -0.224982E+13   0.323707E+14   0.310664E+14   0.305735E+15
 trial position no.            9
 
 
 
 
 
 
 
 
 
 
 
 
  Covariance matrix; NOT corrected for  scaling
   0.255204E+15   0.825750E+12  -0.402661E+13  -0.196793E+14   0.554195E+14  -0.233440E+14
   0.825750E+12   0.286886E+15   0.355575E+14   0.150749E+13   0.123621E+13   0.217694E+13
  -0.402661E+13   0.355575E+14   0.263560E+15   0.299803E+13   0.313935E+12  -0.273263E+13
  -0.196793E+14   0.150749E+13   0.299803E+13   0.292784E+15   0.135008E+15  -0.365234E+14
   0.554195E+14   0.123621E+13   0.313935E+12   0.135008E+15   0.301412E+15  -0.400994E+14
  -0.233440E+14   0.217694E+13  -0.273263E+13  -0.365234E+14  -0.400994E+14   0.333379E+15
 trial position no.           10
 
 
 
 
 
 
 
 
 
 
 
 
  Covariance matrix; NOT corrected for  scaling
   0.276786E+15  -0.835327E+12  -0.461264E+13  -0.225103E+14   0.601409E+14  -0.265924E+14
  -0.835327E+12   0.276901E+15   0.347687E+14   0.173710E+13   0.812335E+12   0.214187E+13
  -0.461264E+13   0.347686E+14   0.253282E+15   0.246723E+13  -0.270661E+12  -0.304847E+13
  -0.225103E+14   0.173710E+13   0.246723E+13   0.274145E+15   0.106355E+15  -0.728689E+14
   0.601409E+14   0.812335E+12  -0.270661E+12   0.106355E+15   0.282413E+15  -0.783359E+14
  -0.265924E+14   0.214187E+13  -0.304847E+13  -0.728689E+14  -0.783359E+14   0.411134E+15
 trial position no.           11
 
 
 
 
 
 
 
 
 
 
 
 
  Covariance matrix; NOT corrected for  scaling
   0.295202E+15  -0.257472E+13  -0.491768E+13  -0.252422E+14   0.635609E+14  -0.296700E+14
  -0.257472E+13   0.245055E+15   0.309101E+14   0.185386E+13   0.294992E+12   0.193259E+13
  -0.491768E+13   0.309101E+14   0.223465E+15   0.175472E+13  -0.909577E+12  -0.290606E+13
  -0.252422E+14   0.185386E+13   0.175472E+13   0.255657E+15   0.772445E+14  -0.110881E+15
   0.635609E+14   0.294992E+12  -0.909577E+12   0.772445E+14   0.263164E+15  -0.118015E+15
  -0.296700E+14   0.193259E+13  -0.290606E+13  -0.110881E+15  -0.118015E+15   0.491388E+15
 trial position no.           12
 
 
 
 
 
 
 
 
 
 
 
 
  Covariance matrix; NOT corrected for  scaling
   0.310924E+15  -0.411894E+13  -0.512929E+13  -0.274270E+14   0.662199E+14  -0.322891E+14
  -0.411894E+13   0.221428E+15   0.278975E+14   0.206589E+13  -0.720694E+11   0.170733E+13
  -0.512929E+13   0.278975E+14   0.201469E+15   0.123657E+13  -0.137170E+13  -0.264083E+13
  -0.274270E+14   0.206589E+13   0.123657E+13   0.244502E+15   0.548262E+14  -0.140097E+15
   0.662199E+14  -0.720694E+11  -0.137170E+13   0.548262E+14   0.251108E+15  -0.148521E+15
  -0.322891E+14   0.170733E+13  -0.264083E+13  -0.140097E+15  -0.148521E+15   0.583218E+15
 trial position no.           13
 
 
 
 
 
 
 
 
 
 
 
 
  Covariance matrix; NOT corrected for  scaling
   0.324563E+15  -0.546448E+13  -0.530238E+13  -0.290671E+14   0.683064E+14  -0.344995E+14
  -0.546448E+13   0.203372E+15   0.254998E+14   0.225200E+13  -0.385270E+12   0.147516E+13
  -0.530238E+13   0.254998E+14   0.184721E+15   0.847514E+12  -0.169918E+13  -0.230559E+13
  -0.290671E+14   0.225200E+13   0.847514E+12   0.238661E+15   0.369727E+14  -0.163979E+15
   0.683064E+14  -0.385270E+12  -0.169918E+13   0.369727E+14   0.244360E+15  -0.173407E+15
  -0.344995E+14   0.147516E+13  -0.230559E+13  -0.163979E+15  -0.173407E+15   0.681123E+15
 trial position no.           14
 
 
 
 
 
 
 
 
 
 
 
 
  Covariance matrix; NOT corrected for  scaling
   0.337132E+15  -0.671981E+13  -0.550530E+13  -0.304661E+14   0.698913E+14  -0.361672E+14
  -0.671982E+13   0.189243E+15   0.235691E+14   0.232062E+13  -0.734620E+12   0.136347E+13
  -0.550530E+13   0.235691E+14   0.171645E+15   0.447142E+12  -0.202197E+13  -0.179716E+13
  -0.304661E+14   0.232062E+13   0.447142E+12   0.237287E+15   0.225035E+14  -0.184990E+15
   0.698913E+14  -0.734620E+12  -0.202197E+13   0.225035E+14   0.241913E+15  -0.195060E+15
  -0.361672E+14   0.136347E+13  -0.179716E+13  -0.184990E+15  -0.195060E+15   0.781816E+15
 trial position no.           15
 
 
 
 
 
 
 
 
 
 
 
 
  Covariance matrix; NOT corrected for  scaling
   0.345947E+15  -0.866882E+13  -0.621772E+13  -0.312881E+14   0.704131E+14  -0.370589E+14
  -0.866882E+13   0.210604E+15   0.261845E+14   0.270715E+13  -0.108932E+13   0.148774E+13
  -0.621772E+13   0.261845E+14   0.190642E+15   0.421725E+10  -0.257408E+13  -0.145641E+13
  -0.312881E+14   0.270715E+13   0.421723E+10   0.237943E+15   0.974547E+13  -0.192076E+15
   0.704131E+14  -0.108932E+13  -0.257408E+13   0.974547E+13   0.240910E+15  -0.202805E+15
  -0.370589E+14   0.148774E+13  -0.145641E+13  -0.192076E+15  -0.202805E+15   0.943032E+15
 trial position no.           16
 
 
 
 
 
 
 
 
 
 
 
 
  Covariance matrix; NOT corrected for  scaling
   0.354207E+15  -0.994473E+13  -0.642618E+13  -0.319875E+14   0.705869E+14  -0.375762E+14
  -0.994473E+13   0.201709E+15   0.249489E+14   0.292982E+13  -0.133611E+13   0.120722E+13
  -0.642619E+13   0.249489E+14   0.182310E+15  -0.387774E+12  -0.287342E+13  -0.637305E+12
  -0.319875E+14   0.292983E+13  -0.387774E+12   0.238809E+15  -0.381885E+13  -0.208959E+15
   0.705869E+14  -0.133611E+13  -0.287342E+13  -0.381885E+13   0.240231E+15  -0.219742E+15
  -0.375763E+14   0.120722E+13  -0.637305E+12  -0.208959E+15  -0.219742E+15   0.106594E+16
 trial position no.            7
 
 
 
 
 
 
 
 
 
 
 
 
  Covariance matrix; NOT corrected for  scaling
   0.991567E+14  -0.375399E+14   0.116382E+14  -0.736057E+13   0.200105E+14   0.104383E+14
  -0.375399E+14   0.567262E+15  -0.252792E+14   0.314110E+14   0.205800E+14  -0.109989E+14
   0.116382E+14  -0.252792E+14   0.390031E+15  -0.229076E+14  -0.837575E+13   0.183988E+14
  -0.736057E+13   0.314110E+14  -0.229076E+14   0.499160E+15   0.225741E+15   0.140226E+15
   0.200105E+14   0.205800E+14  -0.837575E+13   0.225741E+15   0.507065E+15   0.205979E+15
   0.104383E+14  -0.109989E+14   0.183988E+14   0.140226E+15   0.205979E+15   0.422287E+15
 trial position no.            8
 
 
 
 
 
 
 
 
 
 
 
 
  Covariance matrix; NOT corrected for  scaling
   0.105439E+15  -0.372812E+14   0.113371E+14  -0.109003E+14   0.189282E+14   0.597546E+13
  -0.372812E+14   0.460470E+15  -0.222237E+14   0.282868E+14   0.182817E+14  -0.172728E+14
   0.113371E+14  -0.222237E+14   0.306566E+15  -0.217421E+14  -0.718925E+13   0.211461E+14
  -0.109003E+14   0.282868E+14  -0.217421E+14   0.443652E+15   0.147070E+15   0.240263E+14
   0.189282E+14   0.182817E+14  -0.718925E+13   0.147070E+15   0.442584E+15   0.777947E+14
   0.597546E+13  -0.172728E+14   0.211461E+14   0.240263E+14   0.777947E+14   0.377493E+15
 trial position no.            9
 
 
 
 
 
 
 
 
 
 
 
 
  Covariance matrix; NOT corrected for  scaling
   0.111937E+15  -0.369979E+14   0.111172E+14  -0.134949E+14   0.187445E+14   0.256323E+13
  -0.369979E+14   0.387134E+15  -0.199963E+14   0.252378E+14   0.158638E+14  -0.222534E+14
   0.111172E+14  -0.199963E+14   0.252942E+15  -0.193632E+14  -0.515019E+13   0.236565E+14
  -0.134949E+14   0.252378E+14  -0.193632E+14   0.410812E+15   0.896688E+14  -0.519824E+14
   0.187445E+14   0.158638E+14  -0.515019E+13   0.896688E+14   0.401004E+15  -0.871233E+13
   0.256323E+13  -0.222534E+14   0.236565E+14  -0.519824E+14  -0.871233E+13   0.401664E+15
 trial position no.           10
 
 
 
 
 
 
 
 
 
 
 
 
  Covariance matrix; NOT corrected for  scaling
   0.118359E+15  -0.389315E+14   0.113660E+14  -0.152932E+14   0.194451E+14  -0.607667E+12
  -0.389315E+14   0.375348E+15  -0.200013E+14   0.222630E+14   0.129713E+14  -0.266719E+14
   0.113660E+14  -0.200013E+14   0.241310E+15  -0.171812E+14  -0.270102E+13   0.269931E+14
  -0.152932E+14   0.222630E+14  -0.171812E+14   0.396104E+15   0.499542E+14  -0.891745E+14
   0.194451E+14   0.129713E+14  -0.270102E+13   0.499542E+14   0.379567E+15  -0.555536E+14
  -0.607668E+12  -0.266719E+14   0.269931E+14  -0.891745E+14  -0.555536E+14   0.487605E+15
 trial position no.           11
 
 
 
 
 
 
 
 
 
 
 
 
  Covariance matrix; NOT corrected for  scaling
   0.125292E+15  -0.396703E+14   0.113123E+14  -0.182238E+14   0.193277E+14  -0.343317E+13
  -0.396703E+14   0.333658E+15  -0.185715E+14   0.192986E+14   0.108743E+14  -0.286717E+14
   0.113123E+14  -0.185715E+14   0.212174E+15  -0.165620E+14  -0.199067E+13   0.287690E+14
  -0.182238E+14   0.192986E+14  -0.165620E+14   0.385415E+15   0.126364E+14  -0.128925E+15
   0.193277E+14   0.108743E+14  -0.199067E+13   0.126364E+14   0.361029E+15  -0.105551E+15
  -0.343317E+13  -0.286717E+14   0.287690E+14  -0.128925E+15  -0.105551E+15   0.574276E+15
 trial position no.           12
 
 
 
 
 
 
 
 
 
 
 
 
  Covariance matrix; NOT corrected for  scaling
   0.132618E+15  -0.401120E+14   0.112794E+14  -0.207155E+14   0.196492E+14  -0.612599E+13
  -0.401120E+14   0.301436E+15  -0.173198E+14   0.175660E+14   0.953062E+13  -0.300410E+14
   0.112794E+14  -0.173198E+14   0.190679E+15  -0.154348E+14  -0.106260E+13   0.298073E+14
  -0.207155E+14   0.175660E+14  -0.154348E+14   0.382886E+15  -0.182966E+14  -0.158917E+15
   0.196492E+14   0.953062E+13  -0.106260E+13  -0.182966E+14   0.350475E+15  -0.144955E+15
  -0.612599E+13  -0.300410E+14   0.298073E+14  -0.158917E+15  -0.144955E+15   0.675418E+15
 trial position no.           13
 
 
 
 
 
 
 
 
 
 
 
 
  Covariance matrix; NOT corrected for  scaling
   0.140237E+15  -0.401127E+14   0.110965E+14  -0.221495E+14   0.208066E+14  -0.941552E+13
  -0.401127E+14   0.275874E+15  -0.158974E+14   0.148930E+14   0.781191E+13  -0.300173E+14
   0.110965E+14  -0.158974E+14   0.174272E+15  -0.136442E+14   0.630197E+12   0.295594E+14
  -0.221495E+14   0.148930E+14  -0.136442E+14   0.383050E+15  -0.469823E+14  -0.179708E+15
   0.208066E+14   0.781191E+13   0.630196E+12  -0.469823E+14   0.344355E+15  -0.175299E+15
  -0.941552E+13  -0.300173E+14   0.295594E+14  -0.179708E+15  -0.175299E+15   0.781383E+15
 trial position no.           14
 
 
 
 
 
 
 
 
 
 
 
 
  Covariance matrix; NOT corrected for  scaling
   0.148804E+15  -0.407687E+14   0.110986E+14  -0.242807E+14   0.213582E+14  -0.117026E+14
  -0.407687E+14   0.256168E+15  -0.147477E+14   0.128934E+14   0.690942E+13  -0.300581E+14
   0.110986E+14  -0.147477E+14   0.161663E+15  -0.132055E+14   0.132315E+13   0.301021E+14
  -0.242807E+14   0.128934E+14  -0.132055E+14   0.391001E+15  -0.694996E+14  -0.199766E+15
   0.213582E+14   0.690942E+13   0.132315E+13  -0.694996E+14   0.344942E+15  -0.203573E+15
  -0.117026E+14  -0.300582E+14   0.301021E+14  -0.199766E+15  -0.203573E+15   0.893177E+15
 trial position no.           15
 
 
 
 
 
 
 
 
 
 
 
 
  Covariance matrix; NOT corrected for  scaling
   0.157603E+15  -0.455663E+14   0.122408E+14  -0.272978E+14   0.211350E+14  -0.145466E+14
  -0.455663E+14   0.284922E+15  -0.165640E+14   0.130612E+14   0.707607E+13  -0.345500E+14
   0.122408E+14  -0.165640E+14   0.178993E+15  -0.138722E+14   0.199412E+13   0.352077E+14
  -0.272979E+14   0.130612E+14  -0.138722E+14   0.404504E+15  -0.886541E+14  -0.202171E+15
   0.211350E+14   0.707607E+13   0.199412E+13  -0.886541E+14   0.347145E+15  -0.217626E+15
  -0.145466E+14  -0.345500E+14   0.352077E+14  -0.202171E+15  -0.217626E+15   0.107987E+16
 trial position no.           16
 
 
 
 
 
 
 
 
 
 
 
 
  Covariance matrix; NOT corrected for  scaling
   0.166680E+15  -0.462203E+14   0.121207E+14  -0.288929E+14   0.222111E+14  -0.182380E+14
  -0.462203E+14   0.271388E+15  -0.155423E+14   0.111259E+14   0.617065E+13  -0.335264E+14
   0.121207E+14  -0.155423E+14   0.170506E+15  -0.127681E+14   0.288056E+13   0.353377E+14
  -0.288929E+14   0.111259E+14  -0.127681E+14   0.413541E+15  -0.112082E+15  -0.213314E+15
   0.222111E+14   0.617065E+13   0.288056E+13  -0.112082E+15   0.348749E+15  -0.239080E+15
  -0.182381E+14  -0.335264E+14   0.353377E+14  -0.213314E+15  -0.239080E+15   0.121381E+16
 trial position no.            7
 
 
 
 
 
 
 
 
 
 
 
 
  Covariance matrix; NOT corrected for  scaling
   0.109884E+15  -0.546202E+14   0.260573E+14   0.523515E+14   0.836107E+14  -0.182340E+14
  -0.546202E+14   0.302427E+15   0.122422E+15  -0.687917E+13  -0.365513E+14  -0.105041E+14
   0.260573E+14   0.122422E+15   0.308504E+15   0.235845E+13  -0.143922E+13   0.206343E+14
   0.523515E+14  -0.687918E+13   0.235845E+13   0.210868E+15   0.136290E+15   0.813561E+14
   0.836107E+14  -0.365513E+14  -0.143923E+13   0.136289E+15   0.269453E+15   0.776335E+14
  -0.182340E+14  -0.105041E+14   0.206343E+14   0.813561E+14   0.776335E+14   0.258767E+15
 trial position no.            8
 
 
 
 
 
 
 
 
 
 
 
 
  Covariance matrix; NOT corrected for  scaling
   0.118503E+15  -0.539660E+14   0.246853E+14   0.467401E+14   0.815010E+14  -0.406963E+14
  -0.539660E+14   0.245913E+15   0.988425E+14  -0.330907E+13  -0.316862E+14  -0.269003E+13
   0.246853E+14   0.988425E+14   0.247656E+15  -0.185622E+12  -0.276211E+13   0.188151E+14
   0.467401E+14  -0.330908E+13  -0.185623E+12   0.184046E+15   0.102718E+15   0.288101E+14
   0.815010E+14  -0.316862E+14  -0.276212E+13   0.102718E+15   0.239833E+15   0.143872E+14
  -0.406963E+14  -0.269003E+13   0.188151E+14   0.288101E+14   0.143872E+14   0.248520E+15
 trial position no.            9
 
 
 
 
 
 
 
 
 
 
 
 
  Covariance matrix; NOT corrected for  scaling
   0.127790E+15  -0.543937E+14   0.246943E+14   0.437120E+14   0.821047E+14  -0.600515E+14
  -0.543937E+14   0.207879E+15   0.816715E+14  -0.247777E+13  -0.307854E+14   0.192733E+13
   0.246943E+14   0.816715E+14   0.206878E+15   0.557688E+12  -0.129068E+13   0.187327E+14
   0.437120E+14  -0.247777E+13   0.557689E+12   0.166241E+15   0.773790E+14  -0.730954E+13
   0.821047E+14  -0.307854E+14  -0.129068E+13   0.773790E+14   0.220920E+15  -0.313844E+14
  -0.600515E+14   0.192733E+13   0.187327E+14  -0.730954E+13  -0.313844E+14   0.268374E+15
 trial position no.           10
 
 
 
 
 
 
 
 
 
 
 
 
  Covariance matrix; NOT corrected for  scaling
   0.136583E+15  -0.582288E+14   0.259615E+14   0.424321E+14   0.845249E+14  -0.768067E+14
  -0.582288E+14   0.202244E+15   0.785123E+14  -0.408882E+13  -0.353092E+14   0.536079E+13
   0.259615E+14   0.785123E+14   0.198931E+15   0.383582E+13   0.143687E+13   0.207106E+14
   0.424321E+14  -0.408882E+13   0.383582E+13   0.155232E+15   0.579619E+14  -0.242063E+14
   0.845249E+14  -0.353092E+14   0.143687E+13   0.579619E+14   0.210407E+15  -0.572153E+14
  -0.768067E+14   0.536079E+13   0.207106E+14  -0.242063E+14  -0.572153E+14   0.323249E+15
 trial position no.           11
 
 
 
 
 
 
 
 
 
 
 
 
  Covariance matrix; NOT corrected for  scaling
   0.144616E+15  -0.596385E+14   0.256876E+14   0.390565E+14   0.845387E+14  -0.937683E+14
  -0.596385E+14   0.181231E+15   0.685271E+14  -0.316874E+13  -0.353207E+14   0.997400E+13
   0.256876E+14   0.685270E+14   0.175947E+15   0.353141E+13   0.106520E+13   0.208860E+14
   0.390565E+14  -0.316875E+13   0.353141E+13   0.148465E+15   0.412066E+14  -0.420879E+14
   0.845387E+14  -0.353207E+14   0.106520E+13   0.412066E+14   0.202857E+15  -0.844986E+14
  -0.937683E+14   0.997400E+13   0.208860E+14  -0.420879E+14  -0.844987E+14   0.373275E+15
 trial position no.           12
 
 
 
 
 
 
 
 
 
 
 
 
  Covariance matrix; NOT corrected for  scaling
   0.152567E+15  -0.604435E+14   0.257719E+14   0.367153E+14   0.854107E+14  -0.109801E+15
  -0.604435E+14   0.164570E+15   0.608162E+14  -0.213483E+13  -0.357174E+14   0.140601E+14
   0.257719E+14   0.608162E+14   0.158307E+15   0.441935E+13   0.118091E+13   0.205484E+14
   0.367153E+14  -0.213483E+13   0.441935E+13   0.145313E+15   0.268981E+14  -0.553804E+14
   0.854107E+14  -0.357174E+14   0.118091E+13   0.268981E+14   0.199335E+15  -0.106983E+15
  -0.109801E+15   0.140601E+14   0.205484E+14  -0.553804E+14  -0.106983E+15   0.429365E+15
 trial position no.           13
 
 
 
 
 
 
 
 
 
 
 
 
  Covariance matrix; NOT corrected for  scaling
   0.160613E+15  -0.609910E+14   0.261740E+14   0.357121E+14   0.872465E+14  -0.124897E+15
  -0.609910E+14   0.151518E+15   0.553344E+14  -0.300320E+13  -0.367960E+14   0.180793E+14
   0.261740E+14   0.553344E+14   0.144933E+15   0.615693E+13   0.333766E+13   0.190594E+14
   0.357121E+14  -0.300320E+13   0.615693E+13   0.141413E+15   0.113357E+14  -0.635105E+14
   0.872465E+14  -0.367960E+14   0.333766E+13   0.113357E+14   0.195349E+15  -0.123592E+15
  -0.124897E+15   0.180793E+14   0.190594E+14  -0.635105E+14  -0.123592E+15   0.486121E+15
 trial position no.           14
 
 
 
 
 
 
 
 
 
 
 
 
  Covariance matrix; NOT corrected for  scaling
   0.168817E+15  -0.619375E+14   0.262779E+14   0.345504E+14   0.885809E+14  -0.138193E+15
  -0.619375E+14   0.141753E+15   0.510931E+14  -0.315743E+13  -0.368518E+14   0.209694E+14
   0.262779E+14   0.510931E+14   0.134724E+15   0.622843E+13   0.388651E+13   0.189057E+14
   0.345504E+14  -0.315743E+13   0.622843E+13   0.142648E+15   0.407766E+12  -0.717589E+14
   0.885809E+14  -0.368518E+14   0.388651E+13   0.407765E+12   0.196295E+15  -0.139429E+15
  -0.138193E+15   0.209694E+14   0.189057E+14  -0.717589E+14  -0.139429E+15   0.544247E+15
 trial position no.           15
 
 
 
 
 
 
 
 
 
 
 
 
  Covariance matrix; NOT corrected for  scaling
   0.175867E+15  -0.680399E+14   0.284631E+14   0.317030E+14   0.877271E+14  -0.151506E+15
  -0.680399E+14   0.158115E+15   0.563306E+14  -0.226199E+13  -0.397988E+14   0.238484E+14
   0.284631E+14   0.563306E+14   0.149394E+15   0.734029E+13   0.390490E+13   0.231458E+14
   0.317030E+14  -0.226199E+13   0.734029E+13   0.147982E+15  -0.831413E+13  -0.685091E+14
   0.877271E+14  -0.397988E+14   0.390490E+13  -0.831413E+13   0.199326E+15  -0.144660E+15
  -0.151506E+15   0.238484E+14   0.231458E+14  -0.685091E+14  -0.144660E+15   0.647289E+15
 trial position no.           16
 
 
 
 
 
 
 
 
 
 
 
 
  Covariance matrix; NOT corrected for  scaling
   0.182787E+15  -0.682834E+14   0.282960E+14   0.305805E+14   0.882819E+14  -0.164310E+15
  -0.682834E+14   0.150803E+15   0.538971E+14  -0.225655E+13  -0.402015E+14   0.268520E+14
   0.282960E+14   0.538971E+14   0.142307E+15   0.856223E+13   0.444017E+13   0.230349E+14
   0.305805E+14  -0.225654E+13   0.856223E+13   0.149010E+15  -0.213016E+14  -0.708036E+14
   0.882819E+14  -0.402015E+14   0.444017E+13  -0.213016E+14   0.199227E+15  -0.154556E+15
  -0.164310E+15   0.268520E+14   0.230349E+14  -0.708036E+14  -0.154556E+15   0.713168E+15
 trial position no.            7
 
 
 
 
 
 
 
 
 
 
 
 
  Covariance matrix; NOT corrected for  scaling
   0.177650E+15  -0.276805E+14   0.433895E+13  -0.191140E+14  -0.303334E+14   0.397323E+14
  -0.276805E+14   0.386967E+15  -0.129850E+15  -0.230067E+14  -0.126419E+14  -0.900666E+13
   0.433895E+13  -0.129850E+15   0.459151E+15  -0.454640E+13  -0.605326E+13   0.680384E+13
  -0.191140E+14  -0.230067E+14  -0.454640E+13   0.329256E+15   0.212421E+15   0.124937E+15
  -0.303334E+14  -0.126419E+14  -0.605326E+13   0.212421E+15   0.361538E+15   0.118206E+15
   0.397323E+14  -0.900666E+13   0.680384E+13   0.124937E+15   0.118206E+15   0.342831E+15
 trial position no.            8
 
 
 
 
 
 
 
 
 
 
 
 
  Covariance matrix; NOT corrected for  scaling
   0.194042E+15  -0.290340E+14   0.382348E+13  -0.233320E+14  -0.354361E+14   0.409727E+14
  -0.290340E+14   0.311412E+15  -0.109044E+15  -0.177192E+14  -0.802178E+13  -0.236011E+13
   0.382348E+13  -0.109044E+15   0.369280E+15  -0.508183E+13  -0.556663E+13   0.760039E+13
  -0.233320E+14  -0.177192E+14  -0.508183E+13   0.280077E+15   0.155992E+15   0.350001E+14
  -0.354361E+14  -0.802178E+13  -0.556663E+13   0.155992E+15   0.312118E+15   0.238712E+14
   0.409727E+14  -0.236011E+13   0.760039E+13   0.350001E+14   0.238712E+14   0.315177E+15
 trial position no.            9
 
 
 
 
 
 
 
 
 
 
 
 
  Covariance matrix; NOT corrected for  scaling
   0.209706E+15  -0.299383E+14   0.281575E+13  -0.264617E+14  -0.393533E+14   0.431610E+14
  -0.299383E+14   0.260720E+15  -0.938733E+14  -0.142197E+14  -0.476215E+13   0.168131E+13
   0.281575E+13  -0.938732E+14   0.309184E+15  -0.445106E+13  -0.442309E+13   0.847510E+13
  -0.264617E+14  -0.142197E+14  -0.445106E+13   0.248809E+15   0.116626E+15  -0.235711E+14
  -0.393533E+14  -0.476215E+13  -0.442309E+13   0.116626E+15   0.280442E+15  -0.387957E+14
   0.431610E+14   0.168131E+13   0.847510E+13  -0.235711E+14  -0.387957E+14   0.338456E+15
 trial position no.           10
 
 
 
 
 
 
 
 
 
 
 
 
  Covariance matrix; NOT corrected for  scaling
   0.224225E+15  -0.325503E+14   0.158717E+13  -0.294497E+14  -0.427887E+14   0.445994E+14
  -0.325503E+14   0.252581E+15  -0.931791E+14  -0.129015E+14  -0.305496E+13   0.442924E+13
   0.158717E+13  -0.931791E+14   0.299552E+15  -0.360728E+13  -0.307100E+13   0.970302E+13
  -0.294497E+14  -0.129015E+14  -0.360728E+13   0.232845E+15   0.922428E+14  -0.529195E+14
  -0.427887E+14  -0.305496E+13  -0.307100E+13   0.922428E+14   0.264515E+15  -0.715967E+14
   0.445994E+14   0.442924E+13   0.970301E+13  -0.529195E+14  -0.715968E+14   0.408985E+15
 trial position no.           11
 
 
 
 
 
 
 
 
 
 
 
 
  Covariance matrix; NOT corrected for  scaling
   0.238569E+15  -0.339953E+14   0.653974E+12  -0.331701E+14  -0.467497E+14   0.475173E+14
  -0.339953E+14   0.224524E+15  -0.840307E+14  -0.114399E+14  -0.146155E+13   0.694644E+13
   0.653974E+12  -0.840307E+14   0.265926E+15  -0.377508E+13  -0.280434E+13   0.106085E+14
  -0.331701E+14  -0.114399E+14  -0.377508E+13   0.218297E+15   0.686996E+14  -0.850270E+14
  -0.467497E+14  -0.146155E+13  -0.280434E+13   0.686996E+14   0.250285E+15  -0.107626E+15
   0.475173E+14   0.694644E+13   0.106085E+14  -0.850270E+14  -0.107626E+15   0.478172E+15
 trial position no.           12
 
 
 
 
 
 
 
 
 
 
 
 
  Covariance matrix; NOT corrected for  scaling
   0.252538E+15  -0.350555E+14  -0.379943E+12  -0.362458E+14  -0.500268E+14   0.506336E+14
  -0.350555E+14   0.203170E+15  -0.767659E+14  -0.999237E+13   0.106089E+12   0.869186E+13
  -0.379943E+12  -0.767659E+14   0.240587E+15  -0.356442E+13  -0.228824E+13   0.112135E+14
  -0.362458E+14  -0.999237E+13  -0.356442E+13   0.209535E+15   0.499634E+14  -0.109467E+15
  -0.500268E+14   0.106088E+12  -0.228824E+13   0.499634E+14   0.241659E+15  -0.135811E+15
   0.506337E+14   0.869186E+13   0.112135E+14  -0.109467E+15  -0.135811E+15   0.557376E+15
 trial position no.           13
 
 
 
 
 
 
 
 
 
 
 
 
  Covariance matrix; NOT corrected for  scaling
   0.265629E+15  -0.355291E+14  -0.178292E+13  -0.382664E+14  -0.521813E+14   0.531812E+14
  -0.355291E+14   0.186519E+15  -0.707650E+14  -0.913135E+13   0.103919E+13   0.101768E+14
  -0.178292E+13  -0.707650E+14   0.220915E+15  -0.290358E+13  -0.118472E+13   0.111341E+14
  -0.382664E+14  -0.913135E+13  -0.290358E+13   0.204379E+15   0.338640E+14  -0.128257E+15
  -0.521813E+14   0.103919E+13  -0.118472E+13   0.338640E+14   0.236611E+15  -0.158165E+15
   0.531812E+14   0.101768E+14   0.111341E+14  -0.128257E+15  -0.158165E+15   0.640647E+15
 trial position no.           14
 
 
 
 
 
 
 
 
 
 
 
 
  Covariance matrix; NOT corrected for  scaling
   0.279490E+15  -0.363162E+14  -0.288617E+13  -0.408316E+14  -0.551650E+14   0.568260E+14
  -0.363162E+14   0.173648E+15  -0.657824E+14  -0.881657E+13   0.159907E+13   0.116041E+14
  -0.288618E+13  -0.657824E+14   0.205407E+15  -0.284376E+13  -0.683292E+12   0.115949E+14
  -0.408316E+14  -0.881657E+13  -0.284376E+13   0.203820E+15   0.216588E+14  -0.145503E+15
  -0.551650E+14   0.159907E+13  -0.683292E+12   0.216588E+14   0.236679E+15  -0.179095E+15
   0.568260E+14   0.116041E+14   0.115949E+14  -0.145503E+15  -0.179095E+15   0.727363E+15
 trial position no.           15
 
 
 
 
 
 
 
 
 
 
 
 
  Covariance matrix; NOT corrected for  scaling
   0.292627E+15  -0.406804E+14  -0.404972E+13  -0.444127E+14  -0.590864E+14   0.586665E+14
  -0.406804E+14   0.193374E+15  -0.734213E+14  -0.867868E+13   0.292855E+13   0.138606E+14
  -0.404972E+13  -0.734213E+14   0.228550E+15  -0.307874E+13  -0.332169E+12   0.141959E+14
  -0.444127E+14  -0.867867E+13  -0.307874E+13   0.205950E+15   0.116565E+14  -0.148913E+15
  -0.590864E+14   0.292855E+13  -0.332169E+12   0.116565E+14   0.239165E+15  -0.186436E+15
   0.586665E+14   0.138606E+14   0.141959E+14  -0.148913E+15  -0.186436E+15   0.872796E+15
 trial position no.           16
 
 
 
 
 
 
 
 
 
 
 
 
  Covariance matrix; NOT corrected for  scaling
   0.305355E+15  -0.413990E+14  -0.552674E+13  -0.464253E+14  -0.611095E+14   0.612541E+14
  -0.413990E+14   0.184856E+15  -0.701479E+14  -0.825513E+13   0.360286E+13   0.152827E+14
  -0.552674E+13  -0.701479E+14   0.218579E+15  -0.276511E+13   0.416533E+12   0.147370E+14
  -0.464253E+14  -0.825513E+13  -0.276511E+13   0.206798E+15  -0.897522E+12  -0.161254E+15
  -0.611095E+14   0.360287E+13   0.416533E+12  -0.897521E+12   0.240229E+15  -0.202462E+15
   0.612541E+14   0.152827E+14   0.147370E+14  -0.161254E+15  -0.202462E+15   0.977822E+15
 trial position no.            7
 
 
 
 
 
 
 
 
 
 
 
 
  Covariance matrix; NOT corrected for  scaling
   0.670352E+14  -0.341785E+14  -0.114002E+13  -0.276411E+14  -0.608692E+14   0.220637E+14
  -0.341785E+14   0.174837E+15  -0.143962E+15   0.670049E+12   0.459307E+14  -0.426869E+13
  -0.114002E+13  -0.143962E+15   0.334996E+15   0.149682E+12  -0.155808E+14   0.134650E+14
  -0.276411E+14   0.670052E+12   0.149679E+12   0.103764E+15   0.770094E+14   0.432685E+14
  -0.608692E+14   0.459307E+14  -0.155808E+14   0.770094E+14   0.203890E+15   0.221796E+14
   0.220637E+14  -0.426868E+13   0.134650E+14   0.432684E+14   0.221796E+14   0.160164E+15
 trial position no.            8
 
 
 
 
 
 
 
 
 
 
 
 
  Covariance matrix; NOT corrected for  scaling
   0.716329E+14  -0.346793E+14   0.136184E+12  -0.261781E+14  -0.621424E+14   0.328110E+14
  -0.346793E+14   0.145911E+15  -0.121048E+15  -0.406777E+11   0.438662E+14  -0.914155E+13
   0.136189E+12  -0.121048E+15   0.277019E+15  -0.608974E+12  -0.147264E+14   0.152808E+14
  -0.261781E+14  -0.406788E+11  -0.608973E+12   0.887574E+14   0.570241E+14   0.164580E+14
  -0.621424E+14   0.438662E+14  -0.147264E+14   0.570241E+14   0.187440E+15  -0.176598E+14
   0.328110E+14  -0.914155E+13   0.152808E+14   0.164580E+14  -0.176598E+14   0.159452E+15
 trial position no.            9
 
 
 
 
 
 
 
 
 
 
 
 
  Covariance matrix; NOT corrected for  scaling
   0.757113E+14  -0.343399E+14  -0.457250E+12  -0.244677E+14  -0.624405E+14   0.425141E+14
  -0.343399E+14   0.125138E+15  -0.104583E+15  -0.937859E+12   0.431440E+14  -0.129555E+14
  -0.457247E+12  -0.104583E+15   0.236510E+15   0.990305E+12  -0.135826E+14   0.166765E+14
  -0.244677E+14  -0.937860E+12   0.990305E+12   0.787600E+14   0.412572E+14  -0.522786E+12
  -0.624405E+14   0.431440E+14  -0.135826E+14   0.412572E+14   0.175301E+15  -0.465849E+14
   0.425141E+14  -0.129555E+14   0.166765E+14  -0.522786E+12  -0.465849E+14   0.175034E+15
 trial position no.           10
 
 
 
 
 
 
 
 
 
 
 
 
  Covariance matrix; NOT corrected for  scaling
   0.799399E+14  -0.362215E+14  -0.190530E+13  -0.234293E+14  -0.630384E+14   0.496498E+14
  -0.362215E+14   0.123945E+15  -0.103805E+15  -0.194683E+13   0.455722E+14  -0.159549E+14
  -0.190531E+13  -0.103805E+15   0.233174E+15   0.332083E+13  -0.125178E+14   0.188052E+14
  -0.234293E+14  -0.194683E+13   0.332083E+13   0.740327E+14   0.306703E+14  -0.642155E+13
  -0.630384E+14   0.455722E+14  -0.125178E+14   0.306703E+14   0.169707E+15  -0.617284E+14
   0.496498E+14  -0.159549E+14   0.188052E+14  -0.642154E+13  -0.617284E+14   0.208752E+15
 trial position no.           11
 
 
 
 
 
 
 
 
 
 
 
 
  Covariance matrix; NOT corrected for  scaling
   0.855247E+14  -0.368630E+14  -0.260431E+13  -0.233582E+14  -0.655833E+14   0.580611E+14
  -0.368630E+14   0.112346E+15  -0.937030E+14  -0.348862E+13   0.454796E+14  -0.185527E+14
  -0.260430E+13  -0.937030E+14   0.209510E+15   0.408066E+13  -0.126939E+14   0.199323E+14
  -0.233582E+14  -0.348863E+13   0.408066E+13   0.706460E+14   0.218152E+14  -0.146853E+14
  -0.655833E+14   0.454796E+14  -0.126939E+14   0.218152E+14   0.168440E+15  -0.806771E+14
   0.580611E+14  -0.185527E+14   0.199323E+14  -0.146853E+14  -0.806771E+14   0.239077E+15
 trial position no.           12
 
 
 
 
 
 
 
 
 
 
 
 
  Covariance matrix; NOT corrected for  scaling
   0.907961E+14  -0.372212E+14  -0.380902E+13  -0.229739E+14  -0.672162E+14   0.657757E+14
  -0.372212E+14   0.102943E+15  -0.854939E+14  -0.448989E+13   0.459557E+14  -0.209492E+14
  -0.380901E+13  -0.854939E+14   0.190776E+15   0.544256E+13  -0.122184E+14   0.203171E+14
  -0.229739E+14  -0.448990E+13   0.544256E+13   0.685260E+14   0.133652E+14  -0.201530E+14
  -0.672162E+14   0.459557E+14  -0.122184E+14   0.133652E+14   0.167218E+15  -0.961921E+14
   0.657757E+14  -0.209492E+14   0.203171E+14  -0.201530E+14  -0.961921E+14   0.272039E+15
 trial position no.           13
 
 
 
 
 
 
 
 
 
 
 
 
  Covariance matrix; NOT corrected for  scaling
   0.957089E+14  -0.372410E+14  -0.550451E+13  -0.224069E+14  -0.682228E+14   0.723088E+14
  -0.372410E+14   0.950764E+14  -0.783907E+14  -0.530707E+13   0.460929E+14  -0.228246E+14
  -0.550451E+13  -0.783907E+14   0.175562E+15   0.696287E+13  -0.105794E+14   0.195769E+14
  -0.224069E+14  -0.530707E+13   0.696287E+13   0.673242E+14   0.537039E+13  -0.231204E+14
  -0.682228E+14   0.460929E+14  -0.105794E+14   0.537039E+13   0.166263E+15  -0.108032E+15
   0.723088E+14  -0.228246E+14   0.195769E+14  -0.231204E+14  -0.108032E+15   0.304420E+15
 trial position no.           14
 
 
 
 
 
 
 
 
 
 
 
 
  Covariance matrix; NOT corrected for  scaling
   0.101449E+15  -0.376719E+14  -0.660936E+13  -0.223027E+14  -0.710485E+14   0.796497E+14
  -0.376719E+14   0.889832E+14  -0.725427E+14  -0.638157E+13   0.462173E+14  -0.243983E+14
  -0.660936E+13  -0.725427E+14   0.163242E+15   0.761677E+13  -0.100015E+14   0.195127E+14
  -0.223027E+14  -0.638157E+13   0.761677E+13   0.678418E+14   0.884424E+11  -0.265866E+14
  -0.710485E+14   0.462173E+14  -0.100015E+14   0.884406E+11   0.169594E+15  -0.121270E+15
   0.796497E+14  -0.243983E+14   0.195127E+14  -0.265866E+14  -0.121270E+15   0.339131E+15
 trial position no.           15
 
 
 
 
 
 
 
 
 
 
 
 
  Covariance matrix; NOT corrected for  scaling
   0.107475E+15  -0.419606E+14  -0.832181E+13  -0.222138E+14  -0.740436E+14   0.860666E+14
  -0.419606E+14   0.100201E+15  -0.808034E+14  -0.782379E+13   0.517124E+14  -0.276404E+14
  -0.832182E+13  -0.808034E+14   0.182278E+15   0.957955E+13  -0.106685E+14   0.229216E+14
  -0.222138E+14  -0.782379E+13   0.957955E+13   0.698236E+14  -0.428165E+13  -0.230198E+14
  -0.740436E+14   0.517124E+14  -0.106686E+14  -0.428164E+13   0.174142E+15  -0.127361E+15
   0.860667E+14  -0.276404E+14   0.229216E+14  -0.230198E+14  -0.127361E+15   0.400347E+15
 trial position no.           16
 
 
 
 
 
 
 
 
 
 
 
 
  Covariance matrix; NOT corrected for  scaling
   0.113203E+15  -0.422817E+14  -0.104779E+14  -0.219626E+14  -0.756143E+14   0.914968E+14
  -0.422817E+14   0.960499E+14  -0.766373E+14  -0.902676E+13   0.525201E+14  -0.281307E+14
  -0.104779E+14  -0.766373E+14   0.174455E+15   0.111836E+14  -0.990827E+13   0.228295E+14
  -0.219626E+14  -0.902676E+13   0.111836E+14   0.709421E+14  -0.109181E+14  -0.237892E+14
  -0.756143E+14   0.525201E+14  -0.990826E+13  -0.109181E+14   0.176444E+15  -0.136614E+15
   0.914968E+14  -0.281307E+14   0.228295E+14  -0.237892E+14  -0.136614E+15   0.441263E+15
 trial position no.            7
 
 
 
 
 
 
 
 
 
 
 
 
  Covariance matrix; NOT corrected for  scaling
   0.165732E+15  -0.215368E+14   0.201503E+14  -0.586610E+14   0.251781E+14   0.535096E+14
  -0.215368E+14   0.412082E+15  -0.140720E+15   0.376859E+14   0.227954E+14  -0.955452E+13
   0.201503E+14  -0.140720E+15   0.402398E+15  -0.212850E+14  -0.107207E+14   0.994749E+13
  -0.586610E+14   0.376859E+14  -0.212850E+14   0.377154E+15   0.220665E+15   0.104539E+15
   0.251781E+14   0.227954E+14  -0.107207E+14   0.220665E+15   0.365804E+15   0.134385E+15
   0.535096E+14  -0.955452E+13   0.994749E+13   0.104539E+15   0.134385E+15   0.312222E+15
 trial position no.            8
 
 
 
 
 
 
 
 
 
 
 
 
  Covariance matrix; NOT corrected for  scaling
   0.180453E+15  -0.229325E+14   0.189421E+14  -0.686520E+14   0.256635E+14   0.507244E+14
  -0.229325E+14   0.334648E+15  -0.121221E+15   0.348809E+14   0.176102E+14  -0.177421E+14
   0.189421E+14  -0.121221E+15   0.324419E+15  -0.204765E+14  -0.922636E+13   0.129978E+14
  -0.686521E+14   0.348809E+14  -0.204765E+14   0.329246E+15   0.158047E+15   0.669096E+13
   0.256635E+14   0.176102E+14  -0.922636E+13   0.158047E+15   0.310652E+15   0.342729E+14
   0.507244E+14  -0.177421E+14   0.129978E+14   0.669096E+13   0.342729E+14   0.281518E+15
 trial position no.            9
 
 
 
 
 
 
 
 
 
 
 
 
  Covariance matrix; NOT corrected for  scaling
   0.194737E+15  -0.240413E+14   0.177870E+14  -0.776799E+14   0.263898E+14   0.488219E+14
  -0.240413E+14   0.282233E+15  -0.105731E+15   0.324845E+14   0.133053E+14  -0.233388E+14
   0.177870E+14  -0.105731E+15   0.272034E+15  -0.192076E+14  -0.765058E+13   0.154140E+14
  -0.776799E+14   0.324845E+14  -0.192076E+14   0.300392E+15   0.114575E+15  -0.571156E+14
   0.263898E+14   0.133053E+14  -0.765058E+13   0.114575E+15   0.275429E+15  -0.312189E+14
   0.488219E+14  -0.233388E+14   0.154140E+14  -0.571156E+14  -0.312189E+14   0.305997E+15
 trial position no.           10
 
 
 
 
 
 
 
 
 
 
 
 
  Covariance matrix; NOT corrected for  scaling
   0.208055E+15  -0.263466E+14   0.174690E+14  -0.857531E+14   0.271169E+14   0.466322E+14
  -0.263466E+14   0.275280E+15  -0.106162E+15   0.323193E+14   0.101444E+14  -0.282709E+14
   0.174690E+14  -0.106162E+15   0.263930E+15  -0.187815E+14  -0.641385E+13   0.180164E+14
  -0.857531E+14   0.323193E+14  -0.187815E+14   0.287220E+15   0.870958E+14  -0.908317E+14
   0.271169E+14   0.101444E+14  -0.641385E+13   0.870958E+14   0.256580E+15  -0.666714E+14
   0.466322E+14  -0.282709E+14   0.180164E+14  -0.908317E+14  -0.666714E+14   0.375580E+15
 trial position no.           11
 
 
 
 
 
 
 
 
 
 
 
 
  Covariance matrix; NOT corrected for  scaling
   0.221209E+15  -0.275364E+14   0.165831E+14  -0.938351E+14   0.271675E+14   0.452596E+14
  -0.275364E+14   0.245690E+15  -0.965135E+14   0.315062E+14   0.749180E+13  -0.315241E+14
   0.165831E+14  -0.965135E+14   0.234436E+15  -0.181178E+14  -0.552800E+13   0.198108E+14
  -0.938351E+14   0.315062E+14  -0.181178E+14   0.275087E+15   0.602127E+14  -0.126174E+15
   0.271675E+14   0.749180E+13  -0.552800E+13   0.602127E+14   0.238540E+15  -0.103283E+15
   0.452596E+14  -0.315241E+14   0.198108E+14  -0.126174E+15  -0.103283E+15   0.449420E+15
 trial position no.           12
 
 
 
 
 
 
 
 
 
 
 
 
  Covariance matrix; NOT corrected for  scaling
   0.234028E+15  -0.284269E+14   0.156302E+14  -0.101193E+15   0.272058E+14   0.443832E+14
  -0.284269E+14   0.223184E+15  -0.885219E+14   0.308053E+14   0.527552E+13  -0.337326E+14
   0.156302E+14  -0.885219E+14   0.212081E+15  -0.173484E+14  -0.475183E+13   0.210968E+14
  -0.101193E+15   0.308053E+14  -0.173484E+14   0.269159E+15   0.393649E+14  -0.153532E+15
   0.272058E+14   0.527552E+13  -0.475183E+13   0.393649E+14   0.227339E+15  -0.131529E+15
   0.443832E+14  -0.337326E+14   0.210968E+14  -0.153532E+15  -0.131529E+15   0.534566E+15
 trial position no.           13
 
 
 
 
 
 
 
 
 
 
 
 
  Covariance matrix; NOT corrected for  scaling
   0.246359E+15  -0.287671E+14   0.143684E+14  -0.107208E+15   0.277255E+14   0.431769E+14
  -0.287671E+14   0.205436E+15  -0.817248E+14   0.296933E+14   0.312660E+13  -0.347323E+14
   0.143684E+14  -0.817248E+14   0.194582E+15  -0.161780E+14  -0.381535E+13   0.216384E+14
  -0.107208E+15   0.296933E+14  -0.161780E+14   0.266454E+15   0.218895E+14  -0.174762E+15
   0.277255E+14   0.312660E+13  -0.381535E+13   0.218895E+14   0.220755E+15  -0.153862E+15
   0.431769E+14  -0.347323E+14   0.216384E+14  -0.174762E+15  -0.153862E+15   0.624471E+15
 trial position no.           14
 
 
 
 
 
 
 
 
 
 
 
 
  Covariance matrix; NOT corrected for  scaling
   0.259831E+15  -0.293900E+14   0.134293E+14  -0.113943E+15   0.277549E+14   0.433346E+14
  -0.293900E+14   0.191417E+15  -0.761450E+14   0.293290E+14   0.162585E+13  -0.357580E+14
   0.134293E+14  -0.761450E+14   0.180745E+15  -0.155956E+14  -0.331184E+13   0.224358E+14
  -0.113943E+15   0.293290E+14  -0.155956E+14   0.268842E+15   0.807080E+13  -0.194410E+15
   0.277549E+14   0.162585E+13  -0.331184E+13   0.807080E+13   0.218586E+15  -0.173659E+15
   0.433346E+14  -0.357580E+14   0.224358E+14  -0.194410E+15  -0.173659E+15   0.717848E+15
 trial position no.           15
 
 
 
 
 
 
 
 
 
 
 
 
  Covariance matrix; NOT corrected for  scaling
   0.272687E+15  -0.330285E+14   0.138064E+14  -0.121474E+15   0.260722E+14   0.414779E+14
  -0.330285E+14   0.213752E+15  -0.854707E+14   0.320355E+14   0.224979E+12  -0.407934E+14
   0.138064E+14  -0.854707E+14   0.201108E+15  -0.166555E+14  -0.312518E+13   0.260868E+14
  -0.121474E+15   0.320355E+14  -0.166555E+14   0.274030E+15  -0.366665E+13  -0.201251E+15
   0.260722E+14   0.224976E+12  -0.312518E+13  -0.366666E+13   0.217626E+15  -0.181922E+15
   0.414779E+14  -0.407934E+14   0.260868E+14  -0.201251E+15  -0.181922E+15   0.865373E+15
 trial position no.           16
 
 
 
 
 
 
 
 
 
 
 
 
  Covariance matrix; NOT corrected for  scaling
   0.285048E+15  -0.335251E+14   0.125622E+14  -0.126797E+15   0.257299E+14   0.407421E+14
  -0.335251E+14   0.204821E+15  -0.819037E+14   0.317479E+14  -0.138560E+13  -0.413545E+14
   0.125622E+14  -0.819037E+14   0.192200E+15  -0.159453E+14  -0.252224E+13   0.268274E+14
  -0.126797E+15   0.317479E+14  -0.159453E+14   0.277055E+15  -0.169907E+14  -0.215466E+15
   0.257299E+14  -0.138561E+13  -0.252224E+13  -0.169907E+14   0.217090E+15  -0.196705E+15
   0.407421E+14  -0.413545E+14   0.268274E+14  -0.215466E+15  -0.196705E+15   0.976963E+15
 trial position no.            7
 
 
 
 
 
 
 
 
 
 
 
 
  Covariance matrix; NOT corrected for  scaling
   0.910595E+14  -0.504768E+14   0.306852E+14   0.406790E+14   0.567586E+14   0.362918E+13
  -0.504768E+14   0.274723E+15   0.535305E+14   0.202620E+13  -0.167736E+14  -0.242389E+14
   0.306852E+14   0.535305E+14   0.266737E+15  -0.355827E+13  -0.241196E+13   0.270270E+14
   0.406790E+14   0.202620E+13  -0.355827E+13   0.217096E+15   0.131343E+15   0.884915E+14
   0.567586E+14  -0.167736E+14  -0.241196E+13   0.131344E+15   0.254413E+15   0.953051E+14
   0.362918E+13  -0.242389E+14   0.270270E+14   0.884915E+14   0.953051E+14   0.254789E+15
 trial position no.            8
 
 
 
 
 
 
 
 
 
 
 
 
  Covariance matrix; NOT corrected for  scaling
   0.986429E+14  -0.500596E+14   0.291316E+14   0.355514E+14   0.537184E+14  -0.144534E+14
  -0.500596E+14   0.222494E+15   0.407740E+14   0.469358E+13  -0.133058E+14  -0.188513E+14
   0.291316E+14   0.407740E+14   0.212126E+15  -0.588509E+13  -0.420216E+13   0.249871E+14
   0.355514E+14   0.469358E+13  -0.588508E+13   0.189721E+15   0.972933E+14   0.327259E+14
   0.537184E+14  -0.133058E+14  -0.420215E+13   0.972933E+14   0.224425E+15   0.317222E+14
  -0.144534E+14  -0.188513E+14   0.249871E+14   0.327259E+14   0.317222E+14   0.236838E+15
 trial position no.            9
 
 
 
 
 
 
 
 
 
 
 
 
  Covariance matrix; NOT corrected for  scaling
   0.106637E+15  -0.504757E+14   0.286643E+14   0.326344E+14   0.528781E+14  -0.298610E+14
  -0.504756E+14   0.187785E+15   0.320586E+14   0.458267E+13  -0.134641E+14  -0.161767E+14
   0.286643E+14   0.320586E+14   0.176367E+15  -0.497318E+13  -0.315962E+13   0.250712E+14
   0.326344E+14   0.458267E+13  -0.497318E+13   0.171335E+15   0.711279E+14  -0.526672E+13
   0.528781E+14  -0.134641E+14  -0.315962E+13   0.711279E+14   0.204372E+15  -0.133607E+14
  -0.298610E+14  -0.161767E+14   0.250712E+14  -0.526672E+13  -0.133607E+14   0.252267E+15
 trial position no.           10
 
 
 
 
 
 
 
 
 
 
 
 
  Covariance matrix; NOT corrected for  scaling
   0.114066E+15  -0.536114E+14   0.295103E+14   0.316989E+14   0.540360E+14  -0.433527E+14
  -0.536114E+14   0.181725E+15   0.302506E+14   0.191498E+13  -0.180624E+14  -0.151271E+14
   0.295103E+14   0.302506E+14   0.168468E+15  -0.156935E+13  -0.277649E+12   0.273308E+14
   0.316989E+14   0.191498E+13  -0.156935E+13   0.159713E+15   0.507803E+14  -0.229289E+14
   0.540360E+14  -0.180624E+14  -0.277648E+12   0.507803E+14   0.192407E+15  -0.375796E+14
  -0.433527E+14  -0.151271E+14   0.273308E+14  -0.229289E+14  -0.375796E+14   0.304290E+15
 trial position no.           11
 
 
 
 
 
 
 
 
 
 
 
 
  Covariance matrix; NOT corrected for  scaling
   0.121363E+15  -0.548938E+14   0.290742E+14   0.285394E+14   0.529304E+14  -0.574058E+14
  -0.548938E+14   0.162727E+15   0.253811E+14   0.230071E+13  -0.183400E+14  -0.117948E+14
   0.290742E+14   0.253811E+14   0.148672E+15  -0.178604E+13  -0.751637E+12   0.274756E+14
   0.285394E+14   0.230071E+13  -0.178604E+13   0.152854E+15   0.337752E+14  -0.420612E+14
   0.529304E+14  -0.183400E+14  -0.751638E+12   0.337752E+14   0.184437E+15  -0.639636E+14
  -0.574058E+14  -0.117948E+14   0.274756E+14  -0.420612E+14  -0.639636E+14   0.352599E+15
 trial position no.           12
 
 
 
 
 
 
 
 
 
 
 
 
  Covariance matrix; NOT corrected for  scaling
   0.128531E+15  -0.555666E+14   0.287258E+14   0.263358E+14   0.526454E+14  -0.709646E+14
  -0.555666E+14   0.147691E+15   0.220665E+14   0.266430E+13  -0.190198E+14  -0.841769E+13
   0.287258E+14   0.220665E+14   0.133576E+15  -0.962562E+12  -0.736435E+12   0.271494E+14
   0.263358E+14   0.266430E+13  -0.962563E+12   0.149662E+15   0.191467E+14  -0.561226E+14
   0.526454E+14  -0.190198E+14  -0.736436E+12   0.191467E+14   0.180361E+15  -0.852761E+14
  -0.709646E+14  -0.841769E+13   0.271494E+14  -0.561226E+14  -0.852761E+14   0.407979E+15
 trial position no.           13
 
 
 
 
 
 
 
 
 
 
 
 
  Covariance matrix; NOT corrected for  scaling
   0.135557E+15  -0.557375E+14   0.282202E+14   0.258520E+14   0.538527E+14  -0.844900E+14
  -0.557375E+14   0.135481E+15   0.203329E+14   0.885643E+12  -0.209912E+14  -0.421865E+13
   0.282202E+14   0.203329E+14   0.121783E+15   0.110378E+13   0.123910E+13   0.255789E+14
   0.258520E+14   0.885643E+12   0.110378E+13   0.145786E+15   0.325534E+13  -0.642943E+14
   0.538527E+14  -0.209912E+14   0.123910E+13   0.325534E+13   0.176110E+15  -0.100546E+15
  -0.844900E+14  -0.421865E+13   0.255789E+14  -0.642943E+14  -0.100546E+15   0.464648E+15
 trial position no.           14
 
 
 
 
 
 
 
 
 
 
 
 
  Covariance matrix; NOT corrected for  scaling
   0.143109E+15  -0.565680E+14   0.278421E+14   0.246693E+14   0.542537E+14  -0.962718E+14
  -0.565680E+14   0.126574E+15   0.188167E+14   0.482277E+12  -0.214179E+14  -0.143755E+13
   0.278421E+14   0.188167E+14   0.112929E+15   0.132138E+13   0.148112E+13   0.255366E+14
   0.246693E+14   0.482279E+12   0.132138E+13   0.147240E+15  -0.796056E+13  -0.727961E+14
   0.542537E+14  -0.214179E+14   0.148113E+13  -0.796056E+13   0.176973E+15  -0.115686E+15
  -0.962718E+14  -0.143755E+13   0.255366E+14  -0.727961E+14  -0.115686E+15   0.524181E+15
 trial position no.           15
 
 
 
 
 
 
 
 
 
 
 
 
  Covariance matrix; NOT corrected for  scaling
   0.150231E+15  -0.624539E+14   0.299296E+14   0.216517E+14   0.527199E+14  -0.108709E+15
  -0.624539E+14   0.141234E+15   0.205821E+14   0.140336E+13  -0.232502E+14  -0.914661E+12
   0.299296E+14   0.205821E+14   0.124983E+15   0.182013E+13   0.113213E+13   0.305090E+14
   0.216517E+14   0.140336E+13   0.182013E+13   0.152683E+15  -0.169420E+14  -0.702178E+14
   0.527199E+14  -0.232502E+14   0.113214E+13  -0.169420E+14   0.180190E+15  -0.121022E+15
  -0.108709E+15  -0.914667E+12   0.305090E+14  -0.702178E+14  -0.121022E+15   0.630969E+15
 trial position no.           16
 
 
 
 
 
 
 
 
 
 
 
 
  Covariance matrix; NOT corrected for  scaling
   0.156752E+15  -0.624846E+14   0.290056E+14   0.208998E+14   0.532445E+14  -0.121770E+15
  -0.624845E+14   0.134238E+15   0.203193E+14   0.743428E+12  -0.243425E+14   0.286415E+13
   0.290056E+14   0.203193E+14   0.118514E+15   0.319747E+13   0.164611E+13   0.301932E+14
   0.208998E+14   0.743429E+12   0.319747E+13   0.154013E+15  -0.300999E+14  -0.723537E+14
   0.532445E+14  -0.243425E+14   0.164611E+13  -0.300999E+14   0.180634E+15  -0.130841E+15
  -0.121770E+15   0.286416E+13   0.301933E+14  -0.723537E+14  -0.130841E+15   0.700359E+15
 trial position no.            7
 
 
 
 
 
 
 
 
 
 
 
 
  Covariance matrix; NOT corrected for  scaling
   0.335118E+14  -0.564852E+13   0.769589E+13  -0.112504E+14   0.349539E+14  -0.105684E+14
  -0.564852E+13   0.152995E+15   0.648059E+14   0.368161E+14   0.919754E+13   0.408834E+13
   0.769590E+13   0.648059E+14   0.303981E+15  -0.106592E+13   0.263700E+13   0.668915E+13
  -0.112504E+14   0.368161E+14  -0.106591E+13   0.207492E+15   0.123290E+14   0.104490E+15
   0.349539E+14   0.919755E+13   0.263698E+13   0.123290E+14   0.289696E+15   0.338353E+14
  -0.105684E+14   0.408835E+13   0.668915E+13   0.104490E+15   0.338353E+14   0.181185E+15
 trial position no.            8
 
 
 
 
 
 
 
 
 
 
 
 
  Covariance matrix; NOT corrected for  scaling
   0.355517E+14  -0.582647E+13   0.756112E+13  -0.138645E+14   0.380768E+14  -0.132499E+14
  -0.582647E+13   0.121789E+15   0.535468E+14   0.328540E+14   0.331203E+13  -0.291080E+13
   0.756112E+13   0.535468E+14   0.248792E+15  -0.296557E+13   0.275668E+13   0.588921E+13
  -0.138645E+14   0.328540E+14  -0.296557E+13   0.192756E+15  -0.231636E+14   0.646740E+14
   0.380768E+14   0.331203E+13   0.275667E+13  -0.231636E+14   0.287100E+15  -0.117969E+14
  -0.132499E+14  -0.291080E+13   0.588921E+13   0.646740E+14  -0.117969E+14   0.158815E+15
 trial position no.            9
 
 
 
 
 
 
 
 
 
 
 
 
  Covariance matrix; NOT corrected for  scaling
   0.377583E+14  -0.613065E+13   0.754305E+13  -0.163926E+14   0.416217E+14  -0.156906E+14
  -0.613065E+13   0.101568E+15   0.455247E+14   0.302852E+14  -0.187515E+13  -0.747597E+13
   0.754305E+13   0.455247E+14   0.210695E+15  -0.361036E+13   0.376849E+13   0.601628E+13
  -0.163926E+14   0.302852E+14  -0.361036E+13   0.185819E+15  -0.529975E+14   0.389181E+14
   0.416217E+14  -0.187514E+13   0.376848E+13  -0.529975E+14   0.292543E+15  -0.443892E+14
  -0.156906E+14  -0.747597E+13   0.601628E+13   0.389181E+14  -0.443892E+14   0.160383E+15
 trial position no.           10
 
 
 
 
 
 
 
 
 
 
 
 
  Covariance matrix; NOT corrected for  scaling
   0.400726E+14  -0.689374E+13   0.790444E+13  -0.188075E+14   0.459121E+14  -0.178724E+14
  -0.689374E+13   0.979380E+14   0.451347E+14   0.303307E+14  -0.756114E+13  -0.105420E+14
   0.790444E+13   0.451347E+14   0.206193E+15  -0.312995E+13   0.568278E+13   0.702941E+13
  -0.188075E+14   0.303307E+14  -0.312995E+13   0.185913E+15  -0.780639E+14   0.273028E+14
   0.459121E+14  -0.756114E+13   0.568278E+13  -0.780639E+14   0.307566E+15  -0.629626E+14
  -0.178724E+14  -0.105420E+14   0.702941E+13   0.273028E+14  -0.629626E+14   0.185621E+15
 trial position no.           11
 
 
 
 
 
 
 
 
 
 
 
 
  Covariance matrix; NOT corrected for  scaling
   0.425137E+14  -0.736435E+13   0.806728E+13  -0.215228E+14   0.498388E+14  -0.202916E+14
  -0.736435E+13   0.870281E+14   0.403984E+14   0.298543E+14  -0.116421E+14  -0.126913E+14
   0.806728E+13   0.403984E+14   0.184539E+15  -0.381509E+13   0.654040E+13   0.720665E+13
  -0.215228E+14   0.298543E+14  -0.381509E+13   0.187387E+15  -0.102563E+15   0.143022E+14
   0.498388E+14  -0.116421E+14   0.654040E+13  -0.102563E+15   0.322814E+15  -0.838841E+14
  -0.202916E+14  -0.126913E+14   0.720665E+13   0.143022E+14  -0.838841E+14   0.209274E+15
 trial position no.           12
 
 
 
 
 
 
 
 
 
 
 
 
  Covariance matrix; NOT corrected for  scaling
   0.451079E+14  -0.784687E+13   0.822325E+13  -0.241311E+14   0.539411E+14  -0.226883E+14
  -0.784687E+13   0.790443E+14   0.367545E+14   0.299216E+14  -0.155210E+14  -0.140695E+14
   0.822325E+13   0.367545E+14   0.167678E+15  -0.402194E+13   0.729591E+13   0.729633E+13
  -0.241311E+14   0.299216E+14  -0.402194E+13   0.191707E+15  -0.125115E+15   0.495231E+13
   0.539411E+14  -0.155210E+14   0.729591E+13  -0.125115E+15   0.341153E+15  -0.101416E+15
  -0.226883E+14  -0.140695E+14   0.729633E+13   0.495231E+13  -0.101416E+15   0.238289E+15
 trial position no.           13
 
 
 
 
 
 
 
 
 
 
 
 
  Covariance matrix; NOT corrected for  scaling
   0.479018E+14  -0.823693E+13   0.852042E+13  -0.265260E+14   0.581977E+14  -0.251521E+14
  -0.823693E+13   0.728897E+14   0.339719E+14   0.296652E+14  -0.189505E+14  -0.147950E+14
   0.852042E+13   0.339719E+14   0.154357E+15  -0.433559E+13   0.963723E+13   0.669883E+13
  -0.265260E+14   0.296652E+14  -0.433559E+13   0.196756E+15  -0.146739E+15  -0.116626E+13
   0.581977E+14  -0.189505E+14   0.963723E+13  -0.146739E+15   0.359227E+15  -0.115552E+15
  -0.251521E+14  -0.147950E+14   0.669884E+13  -0.116627E+13  -0.115552E+15   0.269411E+15
 trial position no.           14
 
 
 
 
 
 
 
 
 
 
 
 
  Covariance matrix; NOT corrected for  scaling
   0.508758E+14  -0.864320E+13   0.883337E+13  -0.288151E+14   0.619325E+14  -0.273368E+14
  -0.864320E+13   0.682029E+14   0.316435E+14   0.298380E+14  -0.214130E+14  -0.155133E+14
   0.883337E+13   0.316435E+14   0.143800E+15  -0.512935E+13   0.112264E+14   0.650803E+13
  -0.288151E+14   0.298380E+14  -0.512935E+13   0.203939E+15  -0.164863E+15  -0.690476E+13
   0.619325E+14  -0.214130E+14   0.112264E+14  -0.164863E+15   0.377566E+15  -0.128237E+15
  -0.273368E+14  -0.155133E+14   0.650803E+13  -0.690476E+13  -0.128237E+15   0.302055E+15
 trial position no.           15
 
 
 
 
 
 
 
 
 
 
 
 
  Covariance matrix; NOT corrected for  scaling
   0.538679E+14  -0.994618E+13   0.983473E+13  -0.308997E+14   0.654788E+14  -0.292102E+14
  -0.994618E+13   0.762853E+14   0.353097E+14   0.329002E+14  -0.263075E+14  -0.180409E+14
   0.983473E+13   0.353097E+14   0.160340E+15  -0.592551E+13   0.129823E+14   0.831406E+13
  -0.308997E+14   0.329002E+14  -0.592551E+13   0.211646E+15  -0.180002E+15  -0.776292E+13
   0.654788E+14  -0.263075E+14   0.129823E+14  -0.180002E+15   0.398839E+15  -0.132911E+15
  -0.292102E+14  -0.180409E+14   0.831406E+13  -0.776292E+13  -0.132911E+15   0.358837E+15
 trial position no.           16
 
 
 
 
 
 
 
 
 
 
 
 
  Covariance matrix; NOT corrected for  scaling
   0.569951E+14  -0.104164E+14   0.100931E+14  -0.326706E+14   0.687156E+14  -0.314204E+14
  -0.104164E+14   0.733334E+14   0.340077E+14   0.332518E+14  -0.291399E+14  -0.183003E+14
   0.100931E+14   0.340077E+14   0.153506E+15  -0.621722E+13   0.145273E+14   0.811116E+13
  -0.326706E+14   0.332518E+14  -0.621722E+13   0.217309E+15  -0.196034E+15  -0.117609E+14
   0.687156E+14  -0.291399E+14   0.145273E+14  -0.196034E+15   0.413414E+15  -0.141380E+15
  -0.314204E+14  -0.183003E+14   0.811116E+13  -0.117609E+14  -0.141380E+15   0.397307E+15
 trial position no.            7
 
 
 
 
 
 
 
 
 
 
 
 
  Covariance matrix; NOT corrected for  scaling
   0.163394E+15  -0.565095E+14   0.510290E+14   0.154686E+14   0.704172E+14   0.356123E+14
  -0.565096E+14   0.444631E+15  -0.313023E+14   0.364082E+14   0.642316E+13  -0.314618E+14
   0.510290E+14  -0.313023E+14   0.397795E+15  -0.160815E+14   0.852033E+12   0.279068E+14
   0.154686E+14   0.364082E+14  -0.160815E+14   0.384327E+15   0.241165E+15   0.148405E+15
   0.704172E+14   0.642317E+13   0.852037E+12   0.241165E+15   0.416052E+15   0.171131E+15
   0.356123E+14  -0.314618E+14   0.279068E+14   0.148405E+15   0.171131E+15   0.374176E+15
 trial position no.            8
 
 
 
 
 
 
 
 
 
 
 
 
  Covariance matrix; NOT corrected for  scaling
   0.179022E+15  -0.575343E+14   0.494227E+14   0.590949E+13   0.679008E+14   0.147013E+14
  -0.575343E+14   0.358338E+15  -0.308326E+14   0.362714E+14   0.550226E+13  -0.336077E+14
   0.494227E+14  -0.308326E+14   0.315971E+15  -0.185736E+14  -0.976500E+12   0.259843E+14
   0.590949E+13   0.362714E+14  -0.185736E+14   0.331647E+15   0.176197E+15   0.436535E+14
   0.679008E+14   0.550226E+13  -0.976502E+12   0.176197E+15   0.358093E+15   0.571392E+14
   0.147013E+14  -0.336077E+14   0.259843E+14   0.436535E+14   0.571392E+14   0.330886E+15
 trial position no.            9
 
 
 
 
 
 
 
 
 
 
 
 
  Covariance matrix; NOT corrected for  scaling
   0.193954E+15  -0.587553E+14   0.483030E+14  -0.165025E+13   0.669182E+14  -0.353135E+13
  -0.587553E+14   0.301193E+15  -0.291870E+14   0.338898E+14   0.213766E+13  -0.359219E+14
   0.483030E+14  -0.291870E+14   0.262707E+15  -0.182871E+14  -0.367984E+12   0.258753E+14
  -0.165024E+13   0.338898E+14  -0.182871E+14   0.297110E+15   0.128811E+15  -0.252345E+14
   0.669182E+14   0.213765E+13  -0.367980E+12   0.128811E+15   0.319489E+15  -0.199807E+14
  -0.353135E+13  -0.359219E+14   0.258753E+14  -0.252345E+14  -0.199807E+14   0.350789E+15
 trial position no.           10
 
 
 
 
 
 
 
 
 
 
 
 
  Covariance matrix; NOT corrected for  scaling
   0.207094E+15  -0.625491E+14   0.492900E+14  -0.640619E+13   0.679188E+14  -0.200956E+14
  -0.625491E+14   0.291109E+15  -0.298607E+14   0.310670E+14  -0.349118E+13  -0.389840E+14
   0.492900E+14  -0.298607E+14   0.251642E+15  -0.163612E+14   0.221584E+13   0.273686E+14
  -0.640619E+13   0.310670E+14  -0.163612E+14   0.277106E+15   0.961494E+14  -0.592558E+14
   0.679188E+14  -0.349118E+13   0.221584E+13   0.961494E+14   0.297592E+15  -0.616441E+14
  -0.200956E+14  -0.389840E+14   0.273686E+14  -0.592558E+14  -0.616441E+14   0.427195E+15
 trial position no.           11
 
 
 
 
 
 
 
 
 
 
 
 
  Covariance matrix; NOT corrected for  scaling
   0.220043E+15  -0.639626E+14   0.485356E+14  -0.137960E+14   0.660521E+14  -0.368463E+14
  -0.639626E+14   0.259437E+15  -0.284330E+14   0.308650E+14  -0.498484E+13  -0.393812E+14
   0.485356E+14  -0.284330E+14   0.222283E+15  -0.168014E+14   0.189163E+13   0.273886E+14
  -0.137960E+14   0.308650E+14  -0.168014E+14   0.262798E+15   0.667870E+14  -0.957030E+14
   0.660521E+14  -0.498485E+13   0.189163E+13   0.667870E+14   0.278566E+15  -0.105892E+15
  -0.368463E+14  -0.393812E+14   0.273886E+14  -0.957030E+14  -0.105892E+15   0.505667E+15
 trial position no.           12
 
 
 
 
 
 
 
 
 
 
 
 
  Covariance matrix; NOT corrected for  scaling
   0.232157E+15  -0.647262E+14   0.474665E+14  -0.199306E+14   0.648612E+14  -0.523583E+14
  -0.647262E+14   0.235161E+15  -0.265242E+14   0.302563E+14  -0.672708E+13  -0.388770E+14
   0.474664E+14  -0.265242E+14   0.200136E+15  -0.164840E+14   0.187259E+13   0.271500E+14
  -0.199306E+14   0.302563E+14  -0.164840E+14   0.254901E+15   0.430363E+14  -0.122664E+15
   0.648612E+14  -0.672708E+13   0.187259E+13   0.430363E+14   0.266673E+15  -0.140103E+15
  -0.523583E+14  -0.388770E+14   0.271500E+14  -0.122664E+15  -0.140103E+15   0.597327E+15
 trial position no.           13
 
 
 
 
 
 
 
 
 
 
 
 
  Covariance matrix; NOT corrected for  scaling
   0.243059E+15  -0.641863E+14   0.456001E+14  -0.230065E+14   0.658022E+14  -0.684699E+14
  -0.641863E+14   0.215358E+15  -0.238453E+14   0.271989E+14  -0.983173E+13  -0.361184E+14
   0.456001E+14  -0.238453E+14   0.182607E+15  -0.144401E+14   0.337547E+13   0.254939E+14
  -0.230065E+14   0.271989E+14  -0.144401E+14   0.247837E+15   0.204942E+14  -0.140413E+15
   0.658022E+14  -0.983172E+13   0.337547E+13   0.204943E+14   0.258208E+15  -0.165551E+15
  -0.684699E+14  -0.361184E+14   0.254939E+14  -0.140413E+15  -0.165551E+15   0.693066E+15
 trial position no.           14
 
 
 
 
 
 
 
 
 
 
 
 
  Covariance matrix; NOT corrected for  scaling
   0.255325E+15  -0.645899E+14   0.445367E+14  -0.276954E+14   0.654945E+14  -0.814673E+14
  -0.645899E+14   0.200360E+15  -0.219849E+14   0.265118E+14  -0.109466E+14  -0.351298E+14
   0.445367E+14  -0.219849E+14   0.169215E+15  -0.141948E+14   0.347116E+13   0.254773E+14
  -0.276954E+14   0.265118E+14  -0.141948E+14   0.248772E+15   0.380027E+13  -0.157870E+15
   0.654945E+14  -0.109466E+14   0.347116E+13   0.380028E+13   0.256030E+15  -0.189060E+15
  -0.814673E+14  -0.351298E+14   0.254773E+14  -0.157870E+15  -0.189060E+15   0.793982E+15
 trial position no.           15
 
 
 
 
 
 
 
 
 
 
 
 
  Covariance matrix; NOT corrected for  scaling
   0.267089E+15  -0.714341E+14   0.476958E+14  -0.349122E+14   0.624165E+14  -0.959430E+14
  -0.714341E+14   0.223244E+15  -0.247240E+14   0.294967E+14  -0.125340E+14  -0.399138E+14
   0.476958E+14  -0.247240E+14   0.187387E+15  -0.158178E+14   0.319053E+13   0.301424E+14
  -0.349122E+14   0.294967E+14  -0.158178E+14   0.254945E+15  -0.973992E+13  -0.160591E+15
   0.624165E+14  -0.125340E+14   0.319053E+13  -0.973992E+13   0.256264E+15  -0.198714E+15
  -0.959430E+14  -0.399138E+14   0.301424E+14  -0.160591E+15  -0.198714E+15   0.962407E+15
 trial position no.           16
 
 
 
 
 
 
 
 
 
 
 
 
  Covariance matrix; NOT corrected for  scaling
   0.277014E+15  -0.708791E+14   0.457153E+14  -0.377464E+14   0.623945E+14  -0.110801E+15
  -0.708791E+14   0.212407E+15  -0.225308E+14   0.278624E+14  -0.144174E+14  -0.374985E+14
   0.457154E+14  -0.225308E+14   0.177838E+15  -0.144752E+14   0.368377E+13   0.296791E+14
  -0.377464E+14   0.278624E+14  -0.144752E+14   0.255865E+15  -0.274426E+14  -0.169316E+15
   0.623945E+14  -0.144174E+14   0.368377E+13  -0.274426E+14   0.255102E+15  -0.214508E+15
  -0.110801E+15  -0.374985E+14   0.296791E+14  -0.169316E+15  -0.214508E+15   0.108081E+16
 trial position no.            7
 
 
 
 
 
 
 
 
 
 
 
 
  Covariance matrix; NOT corrected for  scaling
   0.936584E+14  -0.407771E+14   0.292812E+14   0.520616E+14   0.555079E+14   0.132726E+12
  -0.407771E+14   0.390355E+15   0.110124E+15   0.247801E+14  -0.549921E+13  -0.299958E+14
   0.292812E+14   0.110124E+15   0.323538E+15   0.540318E+13   0.978600E+12   0.177109E+14
   0.520616E+14   0.247801E+14   0.540318E+13   0.307273E+15   0.166771E+15   0.112057E+15
   0.555080E+14  -0.549921E+13   0.978600E+12   0.166771E+15   0.316368E+15   0.133499E+15
   0.132725E+12  -0.299958E+14   0.177109E+14   0.112057E+15   0.133499E+15   0.310129E+15
 trial position no.            8
 
 
 
 
 
 
 
 
 
 
 
 
  Covariance matrix; NOT corrected for  scaling
   0.100644E+15  -0.403229E+14   0.275366E+14   0.480247E+14   0.527627E+14  -0.181634E+14
  -0.403229E+14   0.315450E+15   0.869742E+14   0.246334E+14  -0.334682E+13  -0.295437E+14
   0.275366E+14   0.869742E+14   0.256357E+15   0.229502E+13  -0.961974E+12   0.149180E+14
   0.480247E+14   0.246334E+14   0.229502E+13   0.272521E+15   0.123213E+15   0.367122E+14
   0.527627E+14  -0.334682E+13  -0.961974E+12   0.123213E+15   0.280206E+15   0.536448E+14
  -0.181634E+14  -0.295437E+14   0.149180E+14   0.367122E+14   0.536447E+14   0.280635E+15
 trial position no.            9
 
 
 
 
 
 
 
 
 
 
 
 
  Covariance matrix; NOT corrected for  scaling
   0.108005E+15  -0.408981E+14   0.268297E+14   0.458424E+14   0.516841E+14  -0.339378E+14
  -0.408981E+14   0.265586E+15   0.714192E+14   0.214937E+14  -0.559195E+13  -0.308532E+14
   0.268297E+14   0.714192E+14   0.212888E+15   0.218116E+13  -0.656079E+12   0.142470E+14
   0.458424E+14   0.214937E+14   0.218116E+13   0.248877E+15   0.888719E+14  -0.155986E+14
   0.516841E+14  -0.559195E+13  -0.656079E+12   0.888719E+14   0.255472E+15  -0.269357E+13
  -0.339378E+14  -0.308532E+14   0.142470E+14  -0.155986E+14  -0.269358E+13   0.294438E+15
 trial position no.           10
 
 
 
 
 
 
 
 
 
 
 
 
  Covariance matrix; NOT corrected for  scaling
   0.115214E+15  -0.438459E+14   0.278154E+14   0.456699E+14   0.524334E+14  -0.475516E+14
  -0.438459E+14   0.256750E+15   0.687683E+14   0.167082E+14  -0.122912E+14  -0.337967E+14
   0.278154E+14   0.687683E+14   0.203993E+15   0.512084E+13   0.133075E+13   0.150376E+14
   0.456699E+14   0.167082E+14   0.512084E+13   0.234362E+15   0.622820E+14  -0.418593E+14
   0.524334E+14  -0.122912E+14   0.133075E+13   0.622820E+14   0.241373E+15  -0.325697E+14
  -0.475517E+14  -0.337967E+14   0.150376E+14  -0.418593E+14  -0.325697E+14   0.352991E+15
 trial position no.           11
 
 
 
 
 
 
 
 
 
 
 
 
  Covariance matrix; NOT corrected for  scaling
   0.122236E+15  -0.448274E+14   0.276368E+14   0.436802E+14   0.512643E+14  -0.620766E+14
  -0.448274E+14   0.229054E+15   0.599773E+14   0.159595E+14  -0.134285E+14  -0.333079E+14
   0.276368E+14   0.599774E+14   0.180200E+15   0.489714E+13   0.887683E+12   0.143933E+14
   0.436802E+14   0.159595E+14   0.489713E+13   0.226406E+15   0.398379E+14  -0.704734E+14
   0.512643E+14  -0.134285E+14   0.887681E+12   0.398380E+14   0.231706E+15  -0.654990E+14
  -0.620767E+14  -0.333079E+14   0.143933E+14  -0.704734E+14  -0.654989E+14   0.409125E+15
 trial position no.           12
 
 
 
 
 
 
 
 
 
 
 
 
  Covariance matrix; NOT corrected for  scaling
   0.129347E+15  -0.455992E+14   0.275731E+14   0.425517E+14   0.508046E+14  -0.759277E+14
  -0.455992E+14   0.207639E+15   0.536411E+14   0.150850E+14  -0.154337E+14  -0.319475E+14
   0.275731E+14   0.536411E+14   0.162404E+15   0.554985E+13   0.595680E+12   0.135472E+14
   0.425517E+14   0.150850E+14   0.554985E+13   0.223205E+15   0.203500E+14  -0.921728E+14
   0.508046E+14  -0.154337E+14   0.595681E+12   0.203499E+14   0.226933E+15  -0.914845E+14
  -0.759277E+14  -0.319475E+14   0.135472E+14  -0.921728E+14  -0.914845E+14   0.474515E+15
 trial position no.           13
 
 
 
 
 
 
 
 
 
 
 
 
  Covariance matrix; NOT corrected for  scaling
   0.136927E+15  -0.464370E+14   0.275065E+14   0.427907E+14   0.515841E+14  -0.897348E+14
  -0.464370E+14   0.190588E+15   0.494244E+14   0.112553E+14  -0.189282E+14  -0.283850E+14
   0.275065E+14   0.494244E+14   0.148833E+15   0.700285E+13   0.202488E+13   0.118618E+14
   0.427907E+14   0.112553E+14   0.700285E+13   0.218541E+15  -0.797650E+12  -0.105571E+15
   0.515841E+14  -0.189282E+14   0.202488E+13  -0.797651E+12   0.222346E+15  -0.109954E+15
  -0.897348E+14  -0.283850E+14   0.118618E+14  -0.105571E+15  -0.109954E+15   0.541877E+15
 trial position no.           14
 
 
 
 
 
 
 
 
 
 
 
 
  Covariance matrix; NOT corrected for  scaling
   0.144895E+15  -0.474814E+14   0.275288E+14   0.424889E+14   0.518365E+14  -0.102084E+15
  -0.474814E+14   0.177770E+15   0.459354E+14   0.991158E+13  -0.199869E+14  -0.265195E+14
   0.275288E+14   0.459354E+14   0.138435E+15   0.699487E+13   0.227404E+13   0.113524E+14
   0.424889E+14   0.991158E+13   0.699487E+13   0.221313E+15  -0.160550E+14  -0.119273E+15
   0.518365E+14  -0.199868E+14   0.227404E+13  -0.160550E+14   0.223792E+15  -0.128104E+15
  -0.102084E+15  -0.265195E+14   0.113524E+14  -0.119273E+15  -0.128104E+15   0.613380E+15
 trial position no.           15
 
 
 
 
 
 
 
 
 
 
 
 
  Covariance matrix; NOT corrected for  scaling
   0.152459E+15  -0.528001E+14   0.299323E+14   0.407607E+14   0.507830E+14  -0.114840E+15
  -0.528000E+14   0.198245E+15   0.507547E+14   0.108597E+14  -0.228523E+14  -0.303085E+14
   0.299323E+14   0.507547E+14   0.153464E+15   0.776938E+13   0.187207E+13   0.139667E+14
   0.407607E+14   0.108597E+14   0.776938E+13   0.229420E+15  -0.280140E+14  -0.120922E+15
   0.507830E+14  -0.228523E+14   0.187207E+13  -0.280139E+14   0.229066E+15  -0.135077E+15
  -0.114840E+15  -0.303085E+14   0.139667E+14  -0.120922E+15  -0.135077E+15   0.738379E+15
 trial position no.           16
 
 
 
 
 
 
 
 
 
 
 
 
  Covariance matrix; NOT corrected for  scaling
   0.160118E+15  -0.535849E+14   0.297476E+14   0.406639E+14   0.511030E+14  -0.128093E+15
  -0.535849E+14   0.189053E+15   0.490235E+14   0.902021E+13  -0.250774E+14  -0.269218E+14
   0.297476E+14   0.490235E+14   0.146277E+15   0.876620E+13   0.214319E+13   0.131487E+14
   0.406639E+14   0.902021E+13   0.876620E+13   0.231427E+15  -0.456247E+14  -0.126162E+15
   0.511030E+14  -0.250774E+14   0.214319E+13  -0.456247E+14   0.230285E+15  -0.146596E+15
  -0.128093E+15  -0.269218E+14   0.131487E+14  -0.126162E+15  -0.146596E+15   0.820324E+15
 trial position no.            7
 
 
 
 
 
 
 
 
 
 
 
 
  Covariance matrix; NOT corrected for  scaling
   0.813964E+14  -0.281426E+14   0.117371E+13  -0.413808E+14  -0.143191E+14   0.218501E+14
  -0.281426E+14   0.355118E+15  -0.148783E+15  -0.169828E+14   0.205573E+14   0.836246E+13
   0.117371E+13  -0.148783E+15   0.355523E+15  -0.352498E+13  -0.971099E+13   0.960976E+13
  -0.413808E+14  -0.169828E+14  -0.352498E+13   0.272004E+15   0.130042E+15   0.798276E+14
  -0.143191E+14   0.205573E+14  -0.971099E+13   0.130042E+15   0.319576E+15   0.108884E+15
   0.218501E+14   0.836246E+13   0.960976E+13   0.798276E+14   0.108884E+15   0.290002E+15
 trial position no.            8
 
 
 
 
 
 
 
 
 
 
 
 
  Covariance matrix; NOT corrected for  scaling
   0.860841E+14  -0.289119E+14   0.252599E+13  -0.424842E+14  -0.139756E+14   0.270904E+14
  -0.289119E+14   0.291465E+15  -0.123490E+15  -0.155801E+14   0.197238E+14   0.786775E+13
   0.252599E+13  -0.123490E+15   0.284154E+15  -0.417030E+13  -0.813546E+13   0.112001E+14
  -0.424842E+14  -0.155801E+14  -0.417030E+13   0.240287E+15   0.848915E+14   0.171522E+14
  -0.139756E+14   0.197238E+14  -0.813546E+13   0.848915E+14   0.281923E+15   0.331081E+14
   0.270904E+14   0.786775E+13   0.112001E+14   0.171522E+14   0.331081E+14   0.271084E+15
 trial position no.            9
 
 
 
 
 
 
 
 
 
 
 
 
  Covariance matrix; NOT corrected for  scaling
   0.910030E+14  -0.290369E+14   0.276625E+13  -0.435935E+14  -0.132354E+14   0.320600E+14
  -0.290369E+14   0.245980E+15  -0.105670E+15  -0.138169E+14   0.209441E+14   0.746293E+13
   0.276625E+13  -0.105670E+15   0.237004E+15  -0.311591E+13  -0.687115E+13   0.123584E+14
  -0.435935E+14  -0.138169E+14  -0.311591E+13   0.221499E+15   0.518262E+14  -0.230913E+14
  -0.132354E+14   0.209441E+14  -0.687115E+13   0.518262E+14   0.257229E+15  -0.188248E+14
   0.320600E+14   0.746293E+13   0.123584E+14  -0.230913E+14  -0.188248E+14   0.290271E+15
 trial position no.           10
 
 
 
 
 
 
 
 
 
 
 
 
  Covariance matrix; NOT corrected for  scaling
   0.962544E+14  -0.311557E+14   0.290475E+13  -0.452926E+14  -0.123690E+14   0.358194E+14
  -0.311557E+14   0.239992E+15  -0.104256E+15  -0.135958E+14   0.233619E+14   0.803773E+13
   0.290475E+13  -0.104256E+15   0.228683E+15  -0.183610E+13  -0.583743E+13   0.140734E+14
  -0.452926E+14  -0.135958E+14  -0.183610E+13   0.214127E+15   0.295685E+14  -0.405979E+14
  -0.123690E+14   0.233619E+14  -0.583743E+13   0.295685E+14   0.245319E+15  -0.463443E+14
   0.358194E+14   0.803773E+13   0.140734E+14  -0.405979E+14  -0.463443E+14   0.348319E+15
 trial position no.           11
 
 
 
 
 
 
 
 
 
 
 
 
  Covariance matrix; NOT corrected for  scaling
   0.102254E+15  -0.319962E+14   0.307400E+13  -0.478513E+14  -0.119617E+14   0.402767E+14
  -0.319962E+14   0.214463E+15  -0.936089E+14  -0.149180E+14   0.226558E+14   0.860855E+13
   0.307400E+13  -0.936089E+14   0.202402E+15  -0.159539E+13  -0.537820E+13   0.149129E+14
  -0.478513E+14  -0.149180E+14  -0.159539E+13   0.209029E+15   0.867319E+13  -0.608332E+14
  -0.119617E+14   0.226558E+14  -0.537820E+13   0.867319E+13   0.235476E+15  -0.771406E+14
   0.402767E+14   0.860855E+13   0.149129E+14  -0.608332E+14  -0.771406E+14   0.402385E+15
 trial position no.           12
 
 
 
 
 
 
 
 
 
 
 
 
  Covariance matrix; NOT corrected for  scaling
   0.108627E+15  -0.326766E+14   0.299697E+13  -0.504123E+14  -0.112972E+14   0.445586E+14
  -0.326766E+14   0.193973E+15  -0.852557E+14  -0.145881E+14   0.234103E+14   0.835932E+13
   0.299696E+13  -0.852557E+14   0.182675E+15  -0.987630E+12  -0.480523E+13   0.153620E+14
  -0.504123E+14  -0.145881E+14  -0.987631E+12   0.207784E+15  -0.918501E+13  -0.755685E+14
  -0.112972E+14   0.234103E+14  -0.480523E+13  -0.918501E+13   0.229526E+15  -0.101825E+15
   0.445586E+14   0.835932E+13   0.153620E+14  -0.755685E+14  -0.101825E+15   0.464024E+15
 trial position no.           13
 
 
 
 
 
 
 
 
 
 
 
 
  Covariance matrix; NOT corrected for  scaling
   0.115227E+15  -0.332075E+14   0.272164E+13  -0.527792E+14  -0.104129E+14   0.484046E+14
  -0.332075E+14   0.177547E+15  -0.784231E+14  -0.138078E+14   0.242703E+14   0.743084E+13
   0.272164E+13  -0.784231E+14   0.167402E+15  -0.190203E+12  -0.374054E+13   0.151906E+14
  -0.527792E+14  -0.138078E+14  -0.190205E+12   0.208605E+15  -0.252005E+14  -0.855730E+14
  -0.104129E+14   0.242703E+14  -0.374054E+13  -0.252005E+14   0.226417E+15  -0.121481E+15
   0.484046E+14   0.743084E+13   0.151906E+14  -0.855730E+14  -0.121481E+15   0.527929E+15
 trial position no.           14
 
 
 
 
 
 
 
 
 
 
 
 
  Covariance matrix; NOT corrected for  scaling
   0.122349E+15  -0.340004E+14   0.259162E+13  -0.552931E+14  -0.105565E+14   0.527333E+14
  -0.340004E+14   0.165176E+15  -0.728121E+14  -0.145135E+14   0.241423E+14   0.767387E+13
   0.259162E+13  -0.728121E+14   0.155382E+15   0.277301E+11  -0.313852E+13   0.153326E+14
  -0.552931E+14  -0.145135E+14   0.277306E+11   0.213003E+15  -0.369978E+14  -0.955434E+14
  -0.105565E+14   0.241423E+14  -0.313852E+13  -0.369978E+14   0.227191E+15  -0.140441E+15
   0.527333E+14   0.767387E+13   0.153326E+14  -0.955434E+14  -0.140441E+15   0.595243E+15
 trial position no.           15
 
 
 
 
 
 
 
 
 
 
 
 
  Covariance matrix; NOT corrected for  scaling
   0.129827E+15  -0.383312E+14   0.281127E+13  -0.581112E+14  -0.110130E+14   0.563702E+14
  -0.383312E+14   0.184249E+15  -0.811702E+14  -0.157818E+14   0.272513E+14   0.940573E+13
   0.281127E+13  -0.811702E+14   0.172503E+15   0.499293E+12  -0.295921E+13   0.179591E+14
  -0.581112E+14  -0.157818E+14   0.499293E+12   0.220344E+15  -0.469844E+14  -0.925172E+14
  -0.110130E+14   0.272513E+14  -0.295921E+13  -0.469844E+14   0.228707E+15  -0.148717E+15
   0.563702E+14   0.940573E+13   0.179591E+14  -0.925172E+14  -0.148717E+15   0.714229E+15
 trial position no.           16
 
 
 
 
 
 
 
 
 
 
 
 
  Covariance matrix; NOT corrected for  scaling
   0.137830E+15  -0.394108E+14   0.236969E+13  -0.609293E+14  -0.104738E+14   0.599357E+14
  -0.394108E+14   0.175763E+15  -0.774164E+14  -0.158388E+14   0.281012E+14   0.101715E+14
   0.236969E+13  -0.774164E+14   0.164620E+15   0.124935E+13  -0.242128E+13   0.179913E+14
  -0.609293E+14  -0.158388E+14   0.124935E+13   0.226161E+15  -0.599065E+14  -0.979106E+14
  -0.104738E+14   0.281012E+14  -0.242128E+13  -0.599065E+14   0.230190E+15  -0.163683E+15
   0.599357E+14   0.101715E+14   0.179913E+14  -0.979106E+14  -0.163683E+15   0.797319E+15
 trial position no.            7
 
 
 
 
 
 
 
 
 
 
 
 
  Covariance matrix; NOT corrected for  scaling
   0.776473E+14  -0.232996E+14   0.128665E+12  -0.347691E+14   0.499657E+13   0.111046E+14
  -0.232996E+14   0.339698E+15  -0.895803E+14   0.852083E+13   0.250569E+14   0.619444E+13
   0.128664E+12  -0.895803E+14   0.375131E+15  -0.163472E+14  -0.104334E+14   0.106835E+14
  -0.347691E+14   0.852083E+13  -0.163472E+14   0.321540E+15   0.136851E+15   0.111945E+15
   0.499657E+13   0.250569E+14  -0.104334E+14   0.136851E+15   0.381140E+15   0.129579E+15
   0.111046E+14   0.619444E+13   0.106835E+14   0.111945E+15   0.129579E+15   0.314591E+15
 trial position no.            8
 
 
 
 
 
 
 
 
 
 
 
 
  Covariance matrix; NOT corrected for  scaling
   0.825067E+14  -0.232932E+14   0.982672E+12  -0.374214E+14   0.668132E+13   0.137524E+14
  -0.232932E+14   0.273813E+15  -0.734648E+14   0.640926E+13   0.209687E+14   0.121973E+13
   0.982671E+12  -0.734648E+14   0.298287E+15  -0.158732E+14  -0.741750E+13   0.140264E+14
  -0.374214E+14   0.640926E+13  -0.158732E+14   0.285893E+15   0.817032E+14   0.375731E+14
   0.668132E+13   0.209687E+14  -0.741750E+13   0.817032E+14   0.339803E+15   0.418238E+14
   0.137524E+14   0.121973E+13   0.140264E+14   0.375731E+14   0.418238E+14   0.285655E+15
 trial position no.            9
 
 
 
 
 
 
 
 
 
 
 
 
  Covariance matrix; NOT corrected for  scaling
   0.875566E+14  -0.230798E+14   0.122977E+13  -0.398381E+14   0.858140E+13   0.163026E+14
  -0.230798E+14   0.228934E+15  -0.626317E+14   0.558591E+13   0.193328E+14  -0.196781E+13
   0.122977E+13  -0.626317E+14   0.247792E+15  -0.141857E+14  -0.476192E+13   0.165390E+14
  -0.398381E+14   0.558591E+13  -0.141857E+14   0.265553E+15   0.414421E+14  -0.100697E+14
   0.858140E+13   0.193328E+14  -0.476193E+13   0.414421E+14   0.313741E+15  -0.179946E+14
   0.163026E+14  -0.196781E+13   0.165390E+14  -0.100697E+14  -0.179946E+14   0.301900E+15
 trial position no.           10
 
 
 
 
 
 
 
 
 
 
 
 
  Covariance matrix; NOT corrected for  scaling
   0.927674E+14  -0.244452E+14   0.131821E+13  -0.425092E+14   0.106033E+14   0.181384E+14
  -0.244452E+14   0.221270E+15  -0.615011E+14   0.503136E+13   0.191264E+14  -0.372196E+13
   0.131821E+13  -0.615011E+14   0.238202E+15  -0.132421E+14  -0.233236E+13   0.194670E+14
  -0.425092E+14   0.503136E+13  -0.132421E+14   0.258354E+15   0.141806E+14  -0.315852E+14
   0.106033E+14   0.191264E+14  -0.233236E+13   0.141806E+14   0.302444E+15  -0.501760E+14
   0.181384E+14  -0.372196E+13   0.194670E+14  -0.315852E+14  -0.501760E+14   0.362242E+15
 trial position no.           11
 
 
 
 
 
 
 
 
 
 
 
 
  Covariance matrix; NOT corrected for  scaling
   0.983796E+14  -0.249616E+14   0.147649E+13  -0.456350E+14   0.122250E+14   0.204453E+14
  -0.249616E+14   0.196089E+15  -0.551194E+14   0.300472E+13   0.169992E+14  -0.471141E+13
   0.147649E+13  -0.551194E+14   0.210400E+15  -0.132113E+14  -0.111732E+13   0.211891E+14
  -0.456350E+14   0.300472E+13  -0.132113E+14   0.252234E+15  -0.121990E+14  -0.555545E+14
   0.122250E+14   0.169992E+14  -0.111732E+13  -0.121990E+14   0.292411E+15  -0.854634E+14
   0.204453E+14  -0.471141E+13   0.211891E+14  -0.555545E+14  -0.854634E+14   0.419442E+15
 trial position no.           12
 
 
 
 
 
 
 
 
 
 
 
 
  Covariance matrix; NOT corrected for  scaling
   0.104280E+15  -0.253472E+14   0.153360E+13  -0.485740E+14   0.138964E+14   0.226825E+14
  -0.253472E+14   0.176847E+15  -0.503363E+14   0.240456E+13   0.163045E+14  -0.570533E+13
   0.153360E+13  -0.503363E+14   0.189637E+15  -0.126577E+14   0.292594E+12   0.222430E+14
  -0.485740E+14   0.240456E+13  -0.126577E+14   0.251026E+15  -0.341932E+14  -0.733286E+14
   0.138964E+14   0.163045E+14   0.292596E+12  -0.341932E+14   0.287100E+15  -0.113731E+15
   0.226825E+14  -0.570533E+13   0.222430E+14  -0.733286E+14  -0.113731E+15   0.486042E+15
 trial position no.           13
 
 
 
 
 
 
 
 
 
 
 
 
  Covariance matrix; NOT corrected for  scaling
   0.110407E+15  -0.256249E+14   0.149172E+13  -0.511641E+14   0.156179E+14   0.246735E+14
  -0.256249E+14   0.161905E+15  -0.464771E+14   0.220791E+13   0.159683E+14  -0.679376E+13
   0.149172E+13  -0.464771E+14   0.173667E+15  -0.118473E+14   0.212038E+13   0.224065E+14
  -0.511641E+14   0.220791E+13  -0.118473E+14   0.252356E+15  -0.535869E+14  -0.860458E+14
   0.156180E+14   0.159683E+14   0.212038E+13  -0.535869E+14   0.285047E+15  -0.136408E+15
   0.246735E+14  -0.679376E+13   0.224065E+14  -0.860457E+14  -0.136408E+15   0.556283E+15
 trial position no.           14
 
 
 
 
 
 
 
 
 
 
 
 
  Covariance matrix; NOT corrected for  scaling
   0.116956E+15  -0.261886E+14   0.149933E+13  -0.537264E+14   0.164677E+14   0.271006E+14
  -0.261886E+14   0.150489E+15  -0.432609E+14   0.126471E+13   0.152349E+14  -0.701347E+13
   0.149933E+13  -0.432609E+14   0.161267E+15  -0.118956E+14   0.311935E+13   0.229853E+14
  -0.537264E+14   0.126471E+13  -0.118956E+14   0.257223E+15  -0.684694E+14  -0.979382E+14
   0.164677E+14   0.152349E+14   0.311935E+13  -0.684694E+14   0.286811E+15  -0.157356E+15
   0.271006E+14  -0.701347E+13   0.229853E+14  -0.979382E+14  -0.157356E+15   0.629722E+15
 trial position no.           15
 
 
 
 
 
 
 
 
 
 
 
 
  Covariance matrix; NOT corrected for  scaling
   0.123614E+15  -0.293527E+14   0.166416E+13  -0.563409E+14   0.168463E+14   0.290858E+14
  -0.293527E+14   0.167384E+15  -0.482821E+14   0.944311E+12   0.164407E+14  -0.746777E+13
   0.166416E+13  -0.482821E+14   0.178981E+15  -0.127334E+14   0.449022E+13   0.268461E+14
  -0.563409E+14   0.944313E+12  -0.127334E+14   0.265019E+15  -0.807009E+14  -0.962301E+14
   0.168463E+14   0.164407E+14   0.449022E+13  -0.807009E+14   0.289314E+15  -0.166663E+15
   0.290858E+14  -0.746777E+13   0.268461E+14  -0.962301E+14  -0.166663E+15   0.757599E+15
 trial position no.           16
 
 
 
 
 
 
 
 
 
 
 
 
  Covariance matrix; NOT corrected for  scaling
   0.130733E+15  -0.300846E+14   0.146535E+13  -0.587460E+14   0.179633E+14   0.310373E+14
  -0.300846E+14   0.159720E+15  -0.462022E+14   0.565381E+12   0.163851E+14  -0.722980E+13
   0.146535E+13  -0.462023E+14   0.170845E+15  -0.123321E+14   0.567057E+13   0.273366E+14
  -0.587460E+14   0.565383E+12  -0.123321E+14   0.270944E+15  -0.958601E+14  -0.103574E+15
   0.179633E+14   0.163851E+14   0.567057E+13  -0.958601E+14   0.291673E+15  -0.183290E+15
   0.310373E+14  -0.722980E+13   0.273366E+14  -0.103574E+15  -0.183290E+15   0.847966E+15
 trial position no.            7
 
 
 
 
 
 
 
 
 
 
 
 
  Covariance matrix; NOT corrected for  scaling
   0.693717E+14  -0.409103E+14   0.967242E+13   0.358477E+14   0.469563E+14  -0.176403E+14
  -0.409103E+14   0.240119E+15   0.109017E+15  -0.534970E+13  -0.228175E+14  -0.482274E+13
   0.967242E+13   0.109017E+15   0.234005E+15  -0.528162E+13  -0.112496E+14   0.183143E+14
   0.358477E+14  -0.534970E+13  -0.528162E+13   0.154377E+15   0.879933E+14   0.526567E+14
   0.469563E+14  -0.228175E+14  -0.112496E+14   0.879933E+14   0.184729E+15   0.533673E+14
  -0.176403E+14  -0.482274E+13   0.183143E+14   0.526567E+14   0.533673E+14   0.196186E+15
 trial position no.            8
 
 
 
 
 
 
 
 
 
 
 
 
  Covariance matrix; NOT corrected for  scaling
   0.738259E+14  -0.403333E+14   0.907082E+13   0.325261E+14   0.449870E+14  -0.301175E+14
  -0.403333E+14   0.197106E+15   0.894853E+14  -0.345367E+13  -0.193639E+14  -0.233588E+12
   0.907083E+13   0.894853E+14   0.188920E+15  -0.591327E+13  -0.104716E+14   0.193959E+14
   0.325261E+14  -0.345367E+13  -0.591328E+13   0.136366E+15   0.651370E+14   0.170718E+14
   0.449870E+14  -0.193639E+14  -0.104716E+14   0.651370E+14   0.165068E+15   0.117804E+14
  -0.301175E+14  -0.233585E+12   0.193959E+14   0.170718E+14   0.117804E+14   0.190915E+15
 trial position no.            9
 
 
 
 
 
 
 
 
 
 
 
 
  Covariance matrix; NOT corrected for  scaling
   0.789035E+14  -0.403154E+14   0.944531E+13   0.310777E+14   0.448894E+14  -0.405749E+14
  -0.403154E+14   0.167177E+15   0.746931E+14  -0.318422E+13  -0.185372E+14   0.214588E+13
   0.944530E+13   0.746931E+14   0.158011E+15  -0.435959E+13  -0.816178E+13   0.209407E+14
   0.310777E+14  -0.318422E+13  -0.435959E+13   0.124635E+15   0.474529E+14  -0.765264E+13
   0.448894E+14  -0.185372E+14  -0.816177E+13   0.474529E+14   0.152353E+15  -0.183981E+14
  -0.405749E+14   0.214588E+13   0.209407E+14  -0.765264E+13  -0.183981E+14   0.205329E+15
 trial position no.           10
 
 
 
 
 
 
 
 
 
 
 
 
  Covariance matrix; NOT corrected for  scaling
   0.839859E+14  -0.429108E+14   0.102634E+14   0.308934E+14   0.462146E+14  -0.495857E+14
  -0.429108E+14   0.162951E+15   0.723322E+14  -0.488443E+13  -0.217508E+14   0.391897E+13
   0.102634E+14   0.723323E+14   0.152068E+15  -0.134564E+13  -0.560520E+13   0.239805E+14
   0.308934E+14  -0.488443E+13  -0.134563E+13   0.117583E+15   0.333940E+14  -0.187565E+14
   0.462146E+14  -0.217508E+14  -0.560520E+13   0.333940E+14   0.145315E+15  -0.347113E+14
  -0.495857E+14   0.391897E+13   0.239805E+14  -0.187565E+14  -0.347113E+14   0.244995E+15
 trial position no.           11
 
 
 
 
 
 
 
 
 
 
 
 
  Covariance matrix; NOT corrected for  scaling
   0.890710E+14  -0.441005E+14   0.103680E+14   0.295542E+14   0.463465E+14  -0.588052E+14
  -0.441005E+14   0.146351E+15   0.635380E+14  -0.491509E+13  -0.219844E+14   0.682433E+13
   0.103680E+14   0.635380E+14   0.134608E+15  -0.108515E+13  -0.512588E+13   0.251788E+14
   0.295542E+14  -0.491509E+13  -0.108515E+13   0.113858E+15   0.216743E+14  -0.309539E+14
   0.463465E+14  -0.219844E+14  -0.512588E+13   0.216743E+14   0.141373E+15  -0.525688E+14
  -0.588052E+14   0.682433E+13   0.251788E+14  -0.309539E+14  -0.525688E+14   0.279449E+15
 trial position no.           12
 
 
 
 
 
 
 
 
 
 
 
 
  Covariance matrix; NOT corrected for  scaling
   0.943849E+14  -0.447199E+14   0.109460E+14   0.289496E+14   0.471506E+14  -0.677813E+14
  -0.447199E+14   0.132741E+15   0.563687E+14  -0.451542E+13  -0.223926E+14   0.938778E+13
   0.109460E+14   0.563687E+14   0.120985E+15   0.201554E+12  -0.429478E+13   0.255473E+14
   0.289496E+14  -0.451542E+13   0.201553E+12   0.112775E+15   0.113850E+14  -0.400927E+14
   0.471506E+14  -0.223926E+14  -0.429478E+13   0.113850E+14   0.140167E+15  -0.674335E+14
  -0.677813E+14   0.938778E+13   0.255473E+14  -0.400927E+14  -0.674335E+14   0.317829E+15
 trial position no.           13
 
 
 
 
 
 
 
 
 
 
 
 
  Covariance matrix; NOT corrected for  scaling
   0.100044E+15  -0.452533E+14   0.117620E+14   0.292408E+14   0.485883E+14  -0.764384E+14
  -0.452533E+14   0.122082E+15   0.511550E+14  -0.560977E+13  -0.231610E+14   0.119982E+14
   0.117620E+14   0.511550E+14   0.110666E+15   0.193304E+13  -0.187175E+13   0.247647E+14
   0.292408E+14  -0.560977E+13   0.193304E+13   0.111077E+15  -0.173753E+12  -0.454962E+14
   0.485883E+14  -0.231610E+14  -0.187175E+13  -0.173751E+12   0.138229E+15  -0.781409E+14
  -0.764383E+14   0.119982E+14   0.247647E+14  -0.454962E+14  -0.781409E+14   0.356338E+15
 trial position no.           14
 
 
 
 
 
 
 
 
 
 
 
 
  Covariance matrix; NOT corrected for  scaling
   0.106151E+15  -0.463625E+14   0.122460E+14   0.295286E+14   0.498378E+14  -0.843494E+14
  -0.463625E+14   0.114351E+15   0.471639E+14  -0.634527E+13  -0.232589E+14   0.140428E+14
   0.122460E+14   0.471639E+14   0.102922E+15   0.214416E+13  -0.835168E+12   0.249539E+14
   0.295286E+14  -0.634527E+13   0.214416E+13   0.113140E+15  -0.821772E+13  -0.513688E+14
   0.498378E+14  -0.232589E+14  -0.835169E+12  -0.821772E+13   0.140079E+15  -0.889643E+14
  -0.843494E+14   0.140428E+14   0.249539E+14  -0.513688E+14  -0.889643E+14   0.396333E+15
 trial position no.           15
 
 
 
 
 
 
 
 
 
 
 
 
  Covariance matrix; NOT corrected for  scaling
   0.111962E+15  -0.514776E+14   0.138521E+14   0.289120E+14   0.501067E+14  -0.924228E+14
  -0.514776E+14   0.127719E+15   0.517867E+14  -0.659478E+13  -0.253258E+14   0.160159E+14
   0.138521E+14   0.517867E+14   0.114204E+15   0.322438E+13  -0.326570E+12   0.294734E+14
   0.289120E+14  -0.659478E+13   0.322438E+13   0.118345E+15  -0.145104E+14  -0.486784E+14
   0.501067E+14  -0.253258E+14  -0.326570E+12  -0.145104E+14   0.143986E+15  -0.924166E+14
  -0.924228E+14   0.160158E+14   0.294734E+14  -0.486784E+14  -0.924167E+14   0.470847E+15
 trial position no.           16
 
 
 
 
 
 
 
 
 
 
 
 
  Covariance matrix; NOT corrected for  scaling
   0.117894E+15  -0.522001E+14   0.144477E+14   0.292406E+14   0.511950E+14  -0.100769E+15
  -0.522001E+14   0.121795E+15   0.491455E+14  -0.707613E+13  -0.257458E+14   0.185326E+14
   0.144477E+14   0.491455E+14   0.108870E+15   0.444836E+13   0.857203E+12   0.294083E+14
   0.292406E+14  -0.707613E+13   0.444836E+13   0.120264E+15  -0.242666E+14  -0.501558E+14
   0.511950E+14  -0.257458E+14   0.857204E+12  -0.242666E+14   0.145187E+15  -0.995134E+14
  -0.100769E+15   0.185326E+14   0.294083E+14  -0.501558E+14  -0.995134E+14   0.516854E+15
 trial position no.            7
 
 
 
 
 
 
 
 
 
 
 
 
  Covariance matrix; NOT corrected for  scaling
   0.612536E+14  -0.293300E+14  -0.828010E+13  -0.762670E+13  -0.365140E+14  -0.773756E+13
  -0.293300E+14   0.355380E+15  -0.481381E+14  -0.319975E+14   0.406125E+14   0.267839E+14
  -0.828010E+13  -0.481381E+14   0.282441E+15  -0.112859E+14   0.120136E+14   0.118361E+14
  -0.762670E+13  -0.319975E+14  -0.112859E+14   0.305653E+15   0.124973E+15   0.981360E+14
  -0.365140E+14   0.406125E+14   0.120136E+14   0.124973E+15   0.396158E+15   0.164929E+15
  -0.773756E+13   0.267839E+14   0.118361E+14   0.981360E+14   0.164929E+15   0.298795E+15
 trial position no.            8
 
 
 
 
 
 
 
 
 
 
 
 
  Covariance matrix; NOT corrected for  scaling
   0.650580E+14  -0.291637E+14  -0.761923E+13  -0.475366E+13  -0.377115E+14  -0.300290E+12
  -0.291637E+14   0.290240E+15  -0.370715E+14  -0.334266E+14   0.390038E+14   0.229554E+14
  -0.761923E+13  -0.370715E+14   0.221717E+15  -0.117718E+14   0.112834E+14   0.104775E+14
  -0.475366E+13  -0.334266E+14  -0.117718E+14   0.271839E+15   0.701385E+14   0.278052E+14
  -0.377115E+14   0.390038E+14   0.112834E+14   0.701385E+14   0.357944E+15   0.728599E+14
  -0.300292E+12   0.229554E+14   0.104775E+14   0.278052E+14   0.728599E+14   0.258872E+15
 trial position no.            9
 
 
 
 
 
 
 
 
 
 
 
 
  Covariance matrix; NOT corrected for  scaling
   0.689645E+14  -0.288419E+14  -0.725175E+13  -0.207722E+13  -0.384538E+14   0.674530E+13
  -0.288419E+14   0.243919E+15  -0.307901E+14  -0.327817E+14   0.399080E+14   0.200994E+14
  -0.725174E+13  -0.307901E+14   0.182729E+15  -0.108891E+14   0.107423E+14   0.956096E+13
  -0.207721E+13  -0.327818E+14  -0.108891E+14   0.253104E+15   0.294245E+14  -0.158674E+14
  -0.384538E+14   0.399080E+14   0.107423E+14   0.294245E+14   0.332790E+15   0.765972E+13
   0.674531E+13   0.200994E+14   0.956096E+13  -0.158674E+14   0.765972E+13   0.265915E+15
 trial position no.           10
 
 
 
 
 
 
 
 
 
 
 
 
  Covariance matrix; NOT corrected for  scaling
   0.729650E+14  -0.306577E+14  -0.748376E+13  -0.154607E+12  -0.394493E+14   0.125539E+14
  -0.306577E+14   0.237318E+15  -0.295890E+14  -0.344270E+14   0.440935E+14   0.195309E+14
  -0.748376E+13  -0.295890E+14   0.174468E+15  -0.105085E+14   0.112869E+14   0.976267E+13
  -0.154606E+12  -0.344270E+14  -0.105085E+14   0.246964E+15   0.187966E+13  -0.342480E+14
  -0.394493E+14   0.440935E+14   0.112869E+14   0.187966E+13   0.323371E+15  -0.295721E+14
   0.125539E+14   0.195309E+14   0.976267E+13  -0.342480E+14  -0.295721E+14   0.316928E+15
 trial position no.           11
 
 
 
 
 
 
 
 
 
 
 
 
  Covariance matrix; NOT corrected for  scaling
   0.771347E+14  -0.310525E+14  -0.737917E+13   0.148321E+13  -0.400808E+14   0.190950E+14
  -0.310525E+14   0.211607E+15  -0.260222E+14  -0.374572E+14   0.432342E+14   0.181067E+14
  -0.737917E+13  -0.260222E+14   0.153414E+15  -0.108325E+14   0.103448E+14   0.956581E+13
   0.148321E+13  -0.374572E+14  -0.108325E+14   0.242489E+15  -0.248908E+14  -0.538543E+14
  -0.400808E+14   0.432342E+14   0.103448E+14  -0.248908E+14   0.313739E+15  -0.709486E+14
   0.190950E+14   0.181067E+14   0.956581E+13  -0.538543E+14  -0.709486E+14   0.367808E+15
 trial position no.           12
 
 
 
 
 
 
 
 
 
 
 
 
  Covariance matrix; NOT corrected for  scaling
   0.815057E+14  -0.311684E+14  -0.728625E+13   0.289110E+13  -0.404127E+14   0.252682E+14
  -0.311684E+14   0.190896E+15  -0.237838E+14  -0.379685E+14   0.437530E+14   0.160758E+14
  -0.728625E+13  -0.237838E+14   0.137942E+15  -0.103664E+14   0.992494E+13   0.921627E+13
   0.289110E+13  -0.379685E+14  -0.103664E+14   0.242559E+15  -0.475033E+14  -0.668180E+14
  -0.404127E+14   0.437530E+14   0.992494E+13  -0.475033E+14   0.307901E+15  -0.104833E+15
   0.252682E+14   0.160758E+14   0.921627E+13  -0.668180E+14  -0.104833E+15   0.429305E+15
 trial position no.           13
 
 
 
 
 
 
 
 
 
 
 
 
  Covariance matrix; NOT corrected for  scaling
   0.861930E+14  -0.311960E+14  -0.719698E+13   0.394416E+13  -0.407812E+14   0.311899E+14
  -0.311960E+14   0.174386E+15  -0.221865E+14  -0.372328E+14   0.446429E+14   0.132041E+14
  -0.719698E+13  -0.221865E+14   0.126189E+15  -0.963890E+13   0.983859E+13   0.864067E+13
   0.394416E+13  -0.372328E+14  -0.963890E+13   0.245146E+15  -0.670700E+14  -0.747494E+14
  -0.407812E+14   0.446429E+14   0.983859E+13  -0.670700E+14   0.305742E+15  -0.133279E+15
   0.311899E+14   0.132041E+14   0.864067E+13  -0.747494E+14  -0.133279E+15   0.495901E+15
 trial position no.           14
 
 
 
 
 
 
 
 
 
 
 
 
  Covariance matrix; NOT corrected for  scaling
   0.912964E+14  -0.315389E+14  -0.718103E+13   0.495440E+13  -0.413733E+14   0.367978E+14
  -0.315389E+14   0.162140E+15  -0.207109E+14  -0.384639E+14   0.441402E+14   0.121786E+14
  -0.718103E+13  -0.207109E+14   0.117154E+15  -0.963885E+13   0.924629E+13   0.874330E+13
   0.495440E+13  -0.384639E+14  -0.963885E+13   0.251425E+15  -0.822403E+14  -0.820747E+14
  -0.413733E+14   0.441402E+14   0.924629E+13  -0.822403E+14   0.306560E+15  -0.159180E+15
   0.367978E+14   0.121786E+14   0.874330E+13  -0.820748E+14  -0.159180E+15   0.566672E+15
 trial position no.           15
 
 
 
 
 
 
 
 
 
 
 
 
  Covariance matrix; NOT corrected for  scaling
   0.964396E+14  -0.348583E+14  -0.779368E+13   0.603599E+13  -0.415167E+14   0.426257E+14
  -0.348583E+14   0.180526E+15  -0.231016E+14  -0.427081E+14   0.483498E+14   0.132776E+14
  -0.779368E+13  -0.231017E+14   0.129705E+15  -0.100897E+14   0.947790E+13   0.103805E+14
   0.603599E+13  -0.427081E+14  -0.100897E+14   0.260745E+15  -0.951199E+14  -0.762438E+14
  -0.415167E+14   0.483498E+14   0.947790E+13  -0.951199E+14   0.307691E+15  -0.174597E+15
   0.426257E+14   0.132776E+14   0.103805E+14  -0.762437E+14  -0.174597E+15   0.687416E+15
 trial position no.           16
 
 
 
 
 
 
 
 
 
 
 
 
  Covariance matrix; NOT corrected for  scaling
   0.101959E+15  -0.352589E+14  -0.782079E+13   0.664545E+13  -0.414541E+14   0.480817E+14
  -0.352589E+14   0.171976E+15  -0.223708E+14  -0.429447E+14   0.489039E+14   0.125173E+14
  -0.782079E+13  -0.223708E+14   0.123675E+15  -0.948138E+13   0.896830E+13   0.108283E+14
   0.664546E+13  -0.429447E+14  -0.948138E+13   0.268502E+15  -0.110554E+15  -0.789204E+14
  -0.414541E+14   0.489040E+14   0.896830E+13  -0.110554E+15   0.308937E+15  -0.196586E+15
   0.480817E+14   0.125173E+14   0.108283E+14  -0.789204E+14  -0.196586E+15   0.777298E+15
 trial position no.            7
 
 
 
 
 
 
 
 
 
 
 
 
  Covariance matrix; NOT corrected for  scaling
   0.170286E+15   0.629855E+13  -0.702196E+13  -0.602301E+13   0.510964E+14  -0.247174E+14
   0.629855E+13   0.377363E+15   0.701014E+14  -0.270714E+14  -0.292450E+14  -0.567194E+13
  -0.702196E+13   0.701014E+14   0.433801E+15   0.267871E+14   0.182515E+14   0.332969E+13
  -0.602300E+13  -0.270714E+14   0.267871E+14   0.349142E+15   0.219671E+15   0.160909E+15
   0.510964E+14  -0.292450E+14   0.182515E+14   0.219671E+15   0.375258E+15   0.146547E+15
  -0.247174E+14  -0.567194E+13   0.332969E+13   0.160909E+15   0.146547E+15   0.339580E+15
 trial position no.            8
 
 
 
 
 
 
 
 
 
 
 
 
  Covariance matrix; NOT corrected for  scaling
   0.189075E+15   0.630824E+13  -0.841033E+13  -0.107104E+14   0.546559E+14  -0.313849E+14
   0.630824E+13   0.299872E+15   0.578698E+14  -0.209471E+14  -0.229381E+14   0.306626E+13
  -0.841032E+13   0.578698E+14   0.346360E+15   0.214316E+14   0.128161E+14  -0.344074E+13
  -0.107104E+14  -0.209472E+14   0.214316E+14   0.297057E+15   0.158534E+15   0.648288E+14
   0.546559E+14  -0.229381E+14   0.128161E+14   0.158534E+15   0.323435E+15   0.468902E+14
  -0.313849E+14   0.306626E+13  -0.344074E+13   0.648288E+14   0.468902E+14   0.293408E+15
 trial position no.            9
 
 
 
 
 
 
 
 
 
 
 
 
  Covariance matrix; NOT corrected for  scaling
   0.206738E+15   0.633664E+13  -0.971704E+13  -0.146638E+14   0.582301E+14  -0.365948E+14
   0.633664E+13   0.249463E+15   0.488833E+14  -0.173749E+14  -0.191190E+14   0.839275E+13
  -0.971704E+13   0.488833E+14   0.288785E+15   0.181516E+14   0.949178E+13  -0.735393E+13
  -0.146638E+14  -0.173749E+14   0.181516E+14   0.263829E+15   0.115916E+15   0.226435E+13
   0.582301E+14  -0.191190E+14   0.949178E+13   0.115916E+15   0.290620E+15  -0.186989E+14
  -0.365948E+14   0.839275E+13  -0.735393E+13   0.226435E+13  -0.186989E+14   0.302152E+15
 trial position no.           10
 
 
 
 
 
 
 
 
 
 
 
 
  Covariance matrix; NOT corrected for  scaling
   0.222810E+15   0.668020E+13  -0.116374E+14  -0.181547E+14   0.614215E+14  -0.404849E+14
   0.668020E+13   0.240417E+15   0.477693E+14  -0.159234E+14  -0.176937E+14   0.122126E+14
  -0.116374E+14   0.477693E+14   0.278965E+15   0.170191E+14   0.764135E+13  -0.100253E+14
  -0.181547E+14  -0.159234E+14   0.170191E+14   0.247860E+15   0.904779E+14  -0.297220E+14
   0.614215E+14  -0.176937E+14   0.764135E+13   0.904779E+14   0.275148E+15  -0.530843E+14
  -0.404849E+14   0.122126E+14  -0.100253E+14  -0.297220E+14  -0.530843E+14   0.359563E+15
 trial position no.           11
 
 
 
 
 
 
 
 
 
 
 
 
  Covariance matrix; NOT corrected for  scaling
   0.237347E+15   0.660815E+13  -0.127502E+14  -0.217635E+14   0.635612E+14  -0.433493E+14
   0.660815E+13   0.212666E+15   0.424841E+14  -0.136437E+14  -0.153739E+14   0.152260E+14
  -0.127502E+14   0.424841E+14   0.247119E+15   0.150301E+14   0.549568E+13  -0.119540E+14
  -0.217635E+14  -0.136437E+14   0.150301E+14   0.231683E+15   0.641514E+14  -0.646325E+14
   0.635612E+14  -0.153739E+14   0.549568E+13   0.641514E+14   0.258736E+15  -0.900144E+14
  -0.433493E+14   0.152260E+14  -0.119540E+14  -0.646325E+14  -0.900144E+14   0.416826E+15
 trial position no.           12
 
 
 
 
 
 
 
 
 
 
 
 
  Covariance matrix; NOT corrected for  scaling
   0.250544E+15   0.654997E+13  -0.137198E+14  -0.249624E+14   0.652494E+14  -0.450447E+14
   0.654997E+13   0.192232E+15   0.383888E+14  -0.120259E+14  -0.137422E+14   0.174909E+14
  -0.137198E+14   0.383888E+14   0.223496E+15   0.136113E+14   0.393493E+13  -0.132739E+14
  -0.249624E+14  -0.120259E+14   0.136113E+14   0.221902E+15   0.437046E+14  -0.914053E+14
   0.652494E+14  -0.137422E+14   0.393493E+13   0.437046E+14   0.248643E+15  -0.118252E+15
  -0.450447E+14   0.174909E+14  -0.132739E+14  -0.914053E+14  -0.118252E+15   0.485265E+15
 trial position no.           13
 
 
 
 
 
 
 
 
 
 
 
 
  Covariance matrix; NOT corrected for  scaling
   0.262696E+15   0.655442E+13  -0.146179E+14  -0.273530E+14   0.669680E+14  -0.460578E+14
   0.655442E+13   0.176728E+15   0.351163E+14  -0.110647E+14  -0.126985E+14   0.194041E+14
  -0.146180E+14   0.351163E+14   0.205416E+15   0.126963E+14   0.298278E+13  -0.143444E+14
  -0.273530E+14  -0.110647E+14   0.126963E+14   0.216524E+15   0.272105E+14  -0.113278E+15
   0.669680E+14  -0.126985E+14   0.298278E+13   0.272105E+14   0.243355E+15  -0.141304E+15
  -0.460578E+14   0.194041E+14  -0.143444E+14  -0.113278E+15  -0.141304E+15   0.560036E+15
 trial position no.           14
 
 
 
 
 
 
 
 
 
 
 
 
  Covariance matrix; NOT corrected for  scaling
   0.274561E+15   0.654351E+13  -0.154308E+14  -0.295155E+14   0.684726E+14  -0.464617E+14
   0.654350E+13   0.164633E+15   0.324715E+14  -0.104164E+14  -0.119342E+14   0.209353E+14
  -0.154308E+14   0.324715E+14   0.191219E+15   0.119276E+14   0.225935E+13  -0.150458E+14
  -0.295155E+14  -0.104164E+14   0.119276E+14   0.215156E+15   0.137965E+14  -0.132230E+15
   0.684727E+14  -0.119342E+14   0.225935E+13   0.137965E+14   0.242015E+15  -0.161100E+15
  -0.464617E+14   0.209353E+14  -0.150458E+14  -0.132230E+15  -0.161100E+15   0.637621E+15
 trial position no.           15
 
 
 
 
 
 
 
 
 
 
 
 
  Covariance matrix; NOT corrected for  scaling
   0.284315E+15   0.700551E+13  -0.176276E+14  -0.316138E+14   0.688903E+14  -0.461328E+14
   0.700551E+13   0.183215E+15   0.361950E+14  -0.104152E+14  -0.121223E+14   0.240738E+14
  -0.176276E+14   0.361950E+14   0.212835E+15   0.120590E+14   0.150772E+13  -0.168424E+14
  -0.316138E+14  -0.104152E+14   0.120590E+14   0.216776E+15   0.320871E+13  -0.137964E+15
   0.688903E+14  -0.121223E+14   0.150772E+13   0.320872E+13   0.243261E+15  -0.167334E+15
  -0.461328E+14   0.240738E+14  -0.168424E+14  -0.137964E+15  -0.167334E+15   0.765946E+15
 trial position no.           16
 
 
 
 
 
 
 
 
 
 
 
 
  Covariance matrix; NOT corrected for  scaling
   0.293878E+15   0.695908E+13  -0.184788E+14  -0.332266E+14   0.694289E+14  -0.449611E+14
   0.695908E+13   0.175557E+15   0.346521E+14  -0.972146E+13  -0.115084E+14   0.252554E+14
  -0.184788E+14   0.346521E+14   0.203896E+15   0.114171E+14   0.811069E+12  -0.171419E+14
  -0.332266E+14  -0.972146E+13   0.114171E+14   0.217144E+15  -0.937059E+13  -0.153279E+15
   0.694289E+14  -0.115084E+14   0.811070E+12  -0.937059E+13   0.243431E+15  -0.182762E+15
  -0.449610E+14   0.252554E+14  -0.171419E+14  -0.153279E+15  -0.182762E+15   0.861617E+15
