     1    7   -4      7.     13.   -0.96805E+16    0.33945E+16    0.53654E+16   -0.16802E+17   -0.37927E+16    0.34341E+16                0.6783
     1    7   -3     13.     16.   -0.98119E+16    0.25193E+16    0.45079E+16   -0.16410E+17   -0.31483E+16    0.40984E+16                0.6820
     1    7   -2     18.     18.   -0.98664E+16    0.16243E+16    0.36059E+16   -0.15873E+17   -0.24767E+16    0.47323E+16                0.6782
     1    8   -4     17.     25.   -0.97648E+16    0.27254E+16    0.45693E+16   -0.15861E+17   -0.22522E+16    0.72770E+16                0.6724
     1    8   -3     21.     27.   -0.99449E+16    0.19810E+16    0.37982E+16   -0.15514E+17   -0.16934E+16    0.78022E+16                0.6776
     1    8   -2     26.     29.   -0.10049E+17    0.12223E+16    0.29890E+16   -0.15032E+17   -0.11217E+16    0.82651E+16                0.6754
     1    9   -3     28.     35.   -0.10043E+17    0.17163E+16    0.33200E+16   -0.14887E+17   -0.41930E+15    0.10736E+17                0.6728
     1    9   -2     32.     36.   -0.10189E+17    0.10504E+16    0.25824E+16   -0.14441E+17    0.72390E+14    0.11075E+17                0.6713
     1   10   -3     32.     40.   -0.10032E+17    0.15713E+16    0.31913E+16   -0.14439E+17    0.78549E+15    0.13208E+17                0.6687
     1   10   -2     36.     41.   -0.10213E+17    0.93880E+15    0.24833E+16   -0.14012E+17    0.12140E+16    0.13487E+17                0.6672
     2    7   -6      9.     30.   -0.79451E+16    0.92070E+16   -0.23531E+16   -0.11594E+17   -0.58573E+14    0.76568E+16                0.8069
     2    7   -5     -5.     32.   -0.80421E+16    0.10433E+17   -0.42389E+16   -0.11188E+17   -0.22266E+15    0.81321E+16                0.8146
     2    7   -4    -18.     33.   -0.80661E+16    0.11551E+17   -0.60790E+16   -0.10716E+17   -0.40920E+15    0.85335E+16                0.8166
     2    7   -3    -27.     34.   -0.80176E+16    0.12550E+17   -0.78561E+16   -0.10184E+17   -0.61749E+15    0.88567E+16                0.8130
     2    7   -2    -35.     35.   -0.78972E+16    0.13421E+17   -0.95533E+16   -0.95987E+16   -0.84636E+15    0.90983E+16                0.8037
     2    8   -5      2.     40.   -0.83096E+16    0.94393E+16   -0.37746E+16   -0.10280E+17    0.93343E+15    0.11117E+17                0.8102
     2    8   -4    -10.     41.   -0.83417E+16    0.10459E+17   -0.54295E+16   -0.98045E+16    0.72629E+15    0.11503E+17                0.8116
     2    8   -3    -20.     42.   -0.82989E+16    0.11371E+17   -0.70281E+16   -0.92740E+16    0.49040E+15    0.11796E+17                0.8074
     2    9   -5      7.     46.   -0.85267E+16    0.86843E+16   -0.34077E+16   -0.96837E+16    0.18349E+16    0.13485E+17                0.8059
     2    9   -4     -5.     47.   -0.85666E+16    0.96267E+16   -0.49241E+16   -0.92000E+16    0.16113E+16    0.13864E+17                0.8070
     3   12    3     39.     57.   -0.11309E+17   -0.29585E+15   -0.12243E+16   -0.77695E+16   -0.25244E+14    0.20851E+17                0.5546
     3   13    3     35.     59.   -0.11678E+17   -0.30923E+15   -0.11360E+16   -0.74510E+16    0.50097E+15    0.22396E+17                0.5568
     3   13    4     38.     58.   -0.11773E+17   -0.44370E+15   -0.83061E+15   -0.74642E+16    0.72275E+14    0.22257E+17                0.5552
     3   14    3     32.     60.   -0.12049E+17   -0.26222E+15   -0.10502E+16   -0.72973E+16    0.83541E+15    0.23813E+17                0.5591
     3   14    4     34.     59.   -0.12146E+17   -0.38314E+15   -0.75956E+15   -0.72918E+16    0.41741E+15    0.23709E+17                0.5574
     3   15    3     24.     63.   -0.12406E+17   -0.27828E+15   -0.10502E+16   -0.67342E+16    0.15945E+16    0.26173E+17                0.5607
     3   15    4     26.     62.   -0.12505E+17   -0.39319E+15   -0.74855E+15   -0.67278E+16    0.11740E+16    0.26095E+17                0.5591
     3   16    2     19.     64.   -0.12567E+17   -0.18119E+15   -0.12671E+16   -0.64983E+16    0.23723E+16    0.27368E+17                0.5547
     3   16    3     21.     64.   -0.12779E+17   -0.27753E+15   -0.98011E+15   -0.65269E+16    0.19851E+16    0.27521E+17                0.5615
     3   16    4     23.     63.   -0.12882E+17   -0.37904E+15   -0.68889E+15   -0.65170E+16    0.15669E+16    0.27490E+17                0.5601
     4    7    2     35.     27.   -0.10486E+17    0.27596E+16    0.10770E+16   -0.11444E+17   -0.24421E+16    0.69588E+16                0.5479
     4    8    2     42.     35.   -0.10806E+17    0.22511E+16    0.96474E+15   -0.10577E+17   -0.13452E+16    0.97521E+16                0.5486
     4    9    2     46.     40.   -0.11150E+17    0.19531E+16    0.88403E+15   -0.99681E+16   -0.55191E+15    0.11908E+17                0.5495
     4   10    2     49.     45.   -0.11493E+17    0.18234E+16    0.89389E+15   -0.94833E+16    0.31575E+14    0.13904E+17                0.5501
     4   10    3     46.     44.   -0.11539E+17    0.13498E+15    0.15251E+16   -0.92763E+16   -0.17872E+15    0.13709E+17                0.5477
     4   11    2     51.     47.   -0.11835E+17    0.16484E+16    0.86483E+15   -0.91322E+16    0.46692E+15    0.15568E+17                0.5498
     4   11    3     45.     47.   -0.11882E+17    0.77025E+14    0.14526E+16   -0.89072E+16    0.24835E+15    0.15385E+17                0.5477
     4   12    2     47.     50.   -0.12197E+17    0.15139E+16    0.83823E+15   -0.88239E+16    0.85992E+15    0.16987E+17                0.5487
     4   13    2     42.     51.   -0.12598E+17    0.14300E+16    0.80503E+15   -0.85791E+16    0.11677E+16    0.18217E+17                0.5479
     4   14    2     39.     52.   -0.13019E+17    0.13830E+16    0.77515E+15   -0.84415E+16    0.13685E+16    0.19347E+17                0.5472
     5    7   -5     15.     21.   -0.10252E+17    0.56289E+16   -0.16997E+16   -0.14025E+17   -0.29030E+16    0.55828E+16                0.7410
     5    7   -4     13.     22.   -0.10737E+17    0.56773E+16   -0.30138E+16   -0.13561E+17   -0.29275E+16    0.58573E+16                0.7461
     5    7   -3     10.     23.   -0.11137E+17    0.56652E+16   -0.42978E+16   -0.13000E+17   -0.29498E+16    0.60770E+16                0.7439
     5    7   -2      5.     24.   -0.11447E+17    0.55932E+16   -0.55396E+16   -0.12349E+17   -0.29702E+16    0.62394E+16                0.7346
     5    8   -5     25.     33.   -0.10555E+17    0.49865E+16   -0.14195E+16   -0.12780E+17   -0.13445E+16    0.97504E+16                0.7355
     5    8   -4     23.     34.   -0.11092E+17    0.50372E+16   -0.25921E+16   -0.12302E+17   -0.13814E+16    0.10004E+17                0.7409
     5    8   -3     19.     34.   -0.11542E+17    0.50348E+16   -0.37388E+16   -0.11738E+17   -0.14276E+16    0.10174E+17                0.7391
     5    8   -2     15.     35.   -0.11902E+17    0.49795E+16   -0.48488E+16   -0.11092E+17   -0.14834E+16    0.10261E+17                0.7304
     5    9   -4     27.     41.   -0.11366E+17    0.46063E+16   -0.22810E+16   -0.11447E+17   -0.18920E+15    0.13300E+17                0.7353
     5    9   -3     23.     42.   -0.11862E+17    0.46124E+16   -0.33281E+16   -0.10876E+17   -0.25828E+15    0.13437E+17                0.7339
     6    8    1     36.     30.   -0.11892E+17   -0.21498E+16    0.12433E+15   -0.16016E+17   -0.54921E+15    0.95952E+16                0.6843
     6    8    2     40.     31.   -0.11950E+17   -0.28545E+16   -0.70285E+15   -0.15357E+17   -0.11171E+15    0.99451E+16                0.6814
     6    9    0     37.     35.   -0.12165E+17   -0.11887E+16    0.55861E+15   -0.16086E+17    0.38110E+14    0.11946E+17                0.6811
     6    9    1     41.     35.   -0.12355E+17   -0.18210E+16   -0.17993E+15   -0.15603E+17    0.39340E+15    0.12258E+17                0.6873
     6    9    2     44.     36.   -0.12453E+17   -0.24290E+16   -0.92354E+15   -0.14988E+17    0.73781E+15    0.12471E+17                0.6851
     6   10    0     41.     39.   -0.12495E+17   -0.10400E+16    0.33455E+15   -0.15744E+17    0.10392E+16    0.14348E+17                0.6806
     6   10    1     44.     40.   -0.12723E+17   -0.16225E+16   -0.36834E+15   -0.15281E+17    0.13271E+16    0.14603E+17                0.6868
     6   10    2     47.     40.   -0.12856E+17   -0.21821E+16   -0.10748E+16   -0.14689E+17    0.15959E+16    0.14739E+17                0.6845
     6   11    1     47.     43.   -0.12877E+17   -0.14644E+16   -0.34529E+15   -0.15016E+17    0.22655E+16    0.16536E+17                0.6825
     6   11    2     50.     43.   -0.13048E+17   -0.19507E+16   -0.10078E+16   -0.14428E+17    0.24702E+16    0.16583E+17                0.6796
     7    8    1     38.     29.   -0.96885E+16   -0.45720E+16    0.11017E+15   -0.14263E+17    0.11047E+16    0.79891E+16                0.7608
     7    9    1     43.     34.   -0.10046E+17   -0.40322E+16   -0.44567E+14   -0.13917E+17    0.19286E+16    0.10115E+17                0.7660
     7    9    2     44.     35.   -0.10088E+17   -0.42569E+16   -0.21486E+15   -0.13668E+17    0.19816E+16    0.10133E+17                0.7635
     7   10    1     46.     39.   -0.10315E+17   -0.38261E+16   -0.14865E+15   -0.13622E+17    0.27606E+16    0.11959E+17                0.7671
     7   10    2     47.     39.   -0.10388E+17   -0.40216E+16   -0.30932E+15   -0.13377E+17    0.27779E+16    0.11956E+17                0.7650
     7   11    1     48.     42.   -0.10502E+17   -0.34677E+16   -0.84936E+14   -0.13492E+17    0.34443E+16    0.13498E+17                0.7676
     7   11    2     48.     42.   -0.10590E+17   -0.36328E+16   -0.23438E+15   -0.13232E+17    0.34417E+16    0.13462E+17                0.7647
     7   12    1     48.     44.   -0.10654E+17   -0.32467E+16   -0.76043E+14   -0.13414E+17    0.41386E+16    0.14778E+17                0.7641
     7   12    2     48.     44.   -0.10764E+17   -0.33819E+16   -0.21417E+15   -0.13153E+17    0.40995E+16    0.14720E+17                0.7609
     7   13    1     47.     46.   -0.10752E+17   -0.31617E+16   -0.12138E+15   -0.13398E+17    0.47868E+16    0.15804E+17                0.7588
     8    8    1     40.     30.   -0.99955E+16   -0.35639E+16    0.11573E+16   -0.14610E+17    0.17409E+16    0.85291E+16                0.8163
     8    8    2     38.     31.   -0.10089E+17   -0.33478E+16    0.17204E+16   -0.14573E+17    0.17159E+16    0.85845E+16                0.8198
     8    9    1     44.     35.   -0.10374E+17   -0.31525E+16    0.94894E+15   -0.14368E+17    0.24273E+16    0.10398E+17                0.8198
     8    9    2     42.     35.   -0.10480E+17   -0.29610E+16    0.14558E+16   -0.14336E+17    0.23803E+16    0.10453E+17                0.8232
     8   10    1     46.     38.   -0.10627E+17   -0.30096E+16    0.86198E+15   -0.14163E+17    0.31454E+16    0.11997E+17                0.8199
     8   10    2     44.     38.   -0.10747E+17   -0.28210E+16    0.13521E+16   -0.14121E+17    0.30875E+16    0.12059E+17                0.8230
     8   11    1     46.     41.   -0.10765E+17   -0.27477E+16    0.86961E+15   -0.14078E+17    0.37886E+16    0.13292E+17                0.8191
     8   11    2     44.     41.   -0.10886E+17   -0.25693E+16    0.13272E+16   -0.14026E+17    0.37231E+16    0.13352E+17                0.8213
     8   12    1     46.     43.   -0.10844E+17   -0.26006E+16    0.83875E+15   -0.14044E+17    0.44436E+16    0.14338E+17                0.8151
     8   12    2     44.     43.   -0.10973E+17   -0.24268E+16    0.12712E+16   -0.13988E+17    0.43615E+16    0.14399E+17                0.8167
     9    7   -3     23.     32.   -0.73434E+16   -0.11619E+16    0.50158E+15   -0.12134E+17   -0.90967E+15    0.75662E+16                0.6563
     9    7   -2     24.     33.   -0.75418E+16   -0.11434E+16   -0.51490E+15   -0.11927E+17   -0.10527E+16    0.77461E+16                0.6594
     9    8   -3     29.     42.   -0.74902E+16   -0.11343E+16    0.60669E+15   -0.11343E+17    0.23995E+15    0.10714E+17                0.6579
     9    8   -2     31.     42.   -0.77174E+16   -0.11180E+16   -0.30139E+15   -0.11116E+17    0.88120E+14    0.10905E+17                0.6614
     9    8   -1     31.     42.   -0.78842E+16   -0.10972E+16   -0.12050E+16   -0.10808E+17   -0.77329E+14    0.11010E+17                0.6569
     9    9   -3     34.     48.   -0.76067E+16   -0.11043E+16    0.64575E+15   -0.10765E+17    0.12329E+16    0.13243E+17                0.6566
     9    9   -2     36.     48.   -0.78630E+16   -0.10840E+16   -0.18248E+15   -0.10527E+17    0.10613E+16    0.13443E+17                0.6607
     9    9   -1     36.     48.   -0.80583E+16   -0.10590E+16   -0.10075E+16   -0.10212E+17    0.86880E+15    0.13541E+17                0.6568
     9   10   -2     39.     53.   -0.79370E+16   -0.11722E+16   -0.39161E+14   -0.10017E+17    0.20040E+16    0.15893E+17                0.6588
     9   11   -2     39.     57.   -0.80117E+16   -0.11826E+16    0.11144E+15   -0.97438E+16    0.27442E+16    0.17845E+17                0.6583
    10   13    0     21.     53.   -0.11543E+17   -0.24231E+16   -0.40006E+16   -0.70895E+16    0.41150E+16    0.16908E+17                0.8097
    10   14   -1      9.     54.   -0.12429E+17   -0.23584E+16   -0.31301E+16   -0.64185E+16    0.57268E+16    0.17316E+17                0.8128
    10   14    0     18.     55.   -0.11695E+17   -0.22658E+16   -0.37962E+16   -0.71425E+16    0.44600E+16    0.18411E+17                0.8148
    10   14    1     25.     56.   -0.10873E+17   -0.21567E+16   -0.44269E+16   -0.78191E+16    0.31516E+16    0.19400E+17                0.8091
    10   15   -1      3.     57.   -0.12614E+17   -0.24284E+16   -0.32139E+16   -0.60863E+16    0.64811E+16    0.19558E+17                0.8161
    10   15    0     12.     58.   -0.11853E+17   -0.23304E+16   -0.39250E+16   -0.67986E+16    0.52276E+16    0.20803E+17                0.8184
    10   15    1     19.     59.   -0.11003E+17   -0.22154E+16   -0.45995E+16   -0.74654E+16    0.39271E+16    0.21929E+17                0.8130
    10   16   -1      0.     58.   -0.12792E+17   -0.23355E+16   -0.30846E+16   -0.60714E+16    0.69257E+16    0.20924E+17                0.8190
    10   16    0      9.     60.   -0.12002E+17   -0.22430E+16   -0.37878E+16   -0.67700E+16    0.56901E+16    0.22336E+17                0.8213
    10   16    1     16.     61.   -0.11122E+17   -0.21343E+16   -0.44557E+16   -0.74232E+16    0.44037E+16    0.23619E+17                0.8158
    11    7    3     36.     27.   -0.12253E+17   -0.30937E+16    0.23905E+16   -0.19393E+17    0.15417E+16    0.91132E+16                0.8392
    11    7    4     43.     29.   -0.12086E+17   -0.50257E+16    0.39589E+15   -0.18434E+17    0.26222E+16    0.10045E+17                0.8364
    11    8    2     35.     29.   -0.12616E+17   -0.12362E+16    0.30787E+16   -0.19738E+17    0.14366E+16    0.10675E+17                0.8355
    11    8    3     42.     31.   -0.12565E+17   -0.29270E+16    0.13601E+16   -0.19003E+17    0.24101E+16    0.11431E+17                0.8403
    11    8    4     48.     33.   -0.12412E+17   -0.45749E+16   -0.37033E+15   -0.18095E+17    0.33594E+16    0.12086E+17                0.8358
    11    9    2     41.     33.   -0.12996E+17   -0.11788E+16    0.21329E+16   -0.19539E+17    0.23946E+16    0.12831E+17                0.8364
    11    9    3     46.     35.   -0.12938E+17   -0.26768E+16    0.61827E+15   -0.18835E+17    0.32789E+16    0.13366E+17                0.8396
    11   10    2     45.     36.   -0.13433E+17   -0.10541E+16    0.14727E+16   -0.19464E+17    0.34304E+16    0.14710E+17                0.8370
    11   10    3     50.     38.   -0.13354E+17   -0.24760E+16    0.72902E+14   -0.18772E+17    0.42574E+16    0.15098E+17                0.8380
    11   11    2     49.     39.   -0.13621E+17   -0.10389E+16    0.10569E+16   -0.19525E+17    0.44868E+16    0.16149E+17                0.8352
    12    8    2     50.     28.   -0.98405E+16   -0.35219E+16    0.37326E+15   -0.12389E+17    0.18280E+16    0.68146E+16                0.6952
    12    9    1     51.     34.   -0.10221E+17   -0.26267E+16    0.53695E+15   -0.12240E+17    0.25019E+16    0.89679E+16                0.6962
    12    9    2     53.     34.   -0.10224E+17   -0.30205E+16    0.20378E+15   -0.11973E+17    0.27156E+16    0.89457E+16                0.7003
    12    9    3     55.     34.   -0.10149E+17   -0.33852E+16   -0.13909E+15   -0.11608E+17    0.29006E+16    0.88543E+16                0.6941
    12   10    1     50.     39.   -0.10477E+17   -0.24596E+16    0.47550E+15   -0.11876E+17    0.33934E+16    0.10954E+17                0.6960
    12   10    2     51.     39.   -0.10510E+17   -0.28152E+16    0.15381E+15   -0.11621E+17    0.35684E+16    0.10883E+17                0.7008
    12   10    3     51.     39.   -0.10464E+17   -0.31435E+16   -0.17717E+15   -0.11269E+17    0.37077E+16    0.10728E+17                0.6952
    12   11    1     46.     42.   -0.10672E+17   -0.22116E+16    0.52684E+15   -0.11648E+17    0.41489E+16    0.12618E+17                0.6957
    12   11    2     45.     42.   -0.10722E+17   -0.25220E+16    0.22149E+15   -0.11379E+17    0.43014E+16    0.12487E+17                0.6996
    12   12    2     39.     45.   -0.10907E+17   -0.23441E+16    0.26644E+15   -0.11198E+17    0.50135E+16    0.13835E+17                0.6950
    13   10    2     63.     28.   -0.10346E+17   -0.50196E+16   -0.20496E+16   -0.16149E+17    0.50483E+16    0.81974E+16                0.8983
    13   10    3     65.     28.   -0.10479E+17   -0.49643E+16   -0.22303E+16   -0.15966E+17    0.51559E+16    0.81131E+16                0.8976
    13   11    2     66.     32.   -0.10625E+17   -0.44043E+16   -0.18110E+16   -0.16108E+17    0.59299E+16    0.97435E+16                0.9041
    13   11    3     67.     31.   -0.10781E+17   -0.43162E+16   -0.19754E+16   -0.15897E+17    0.60217E+16    0.96197E+16                0.9015
    13   12    2     62.     34.   -0.10891E+17   -0.40329E+16   -0.17402E+16   -0.16149E+17    0.68763E+16    0.11045E+17                0.9058
    13   12    3     60.     34.   -0.11088E+17   -0.39053E+16   -0.18872E+16   -0.15945E+17    0.69095E+16    0.10893E+17                0.9025
    13   13    2     55.     36.   -0.11070E+17   -0.39039E+16   -0.17962E+16   -0.16217E+17    0.77645E+16    0.12038E+17                0.9048
    13   13    3     53.     36.   -0.11313E+17   -0.37418E+16   -0.19356E+16   -0.16014E+17    0.77391E+16    0.11870E+17                0.9011
    13   14    2     50.     38.   -0.11300E+17   -0.37099E+16   -0.17024E+16   -0.16392E+17    0.84125E+16    0.12954E+17                0.9031
    13   14    3     49.     37.   -0.11560E+17   -0.35399E+16   -0.18459E+16   -0.16161E+17    0.83542E+16    0.12751E+17                0.8976
    13   15    2     44.     40.   -0.11510E+17   -0.38524E+16   -0.17371E+16   -0.16429E+17    0.92435E+16    0.14254E+17                0.8988
    14   13    2     34.     42.   -0.12914E+17   -0.50847E+16    0.34597E+15   -0.97059E+16    0.36011E+16    0.13441E+17                0.7822
    14   13    3     34.     42.   -0.12741E+17   -0.52656E+16    0.11221E+16   -0.10401E+17    0.27024E+16    0.13485E+17                0.7840
    14   14    2     31.     45.   -0.13213E+17   -0.47815E+16    0.41280E+15   -0.96889E+16    0.39842E+16    0.14884E+17                0.7863
    14   14    3     32.     44.   -0.13041E+17   -0.49468E+16    0.11622E+16   -0.10346E+17    0.31331E+16    0.15042E+17                0.7871
    14   15    2     25.     48.   -0.13510E+17   -0.49390E+16    0.51080E+15   -0.94006E+16    0.46446E+16    0.16952E+17                0.7898
    14   15    3     27.     48.   -0.13337E+17   -0.51043E+16    0.12984E+16   -0.10056E+17    0.38024E+16    0.17199E+17                0.7903
    14   16    1     17.     50.   -0.13857E+17   -0.46013E+16   -0.22926E+15   -0.85889E+16    0.58426E+16    0.17988E+17                0.7827
    14   16    2     22.     50.   -0.13794E+17   -0.48011E+16    0.54935E+15   -0.93009E+16    0.50652E+16    0.18451E+17                0.7917
    14   16    3     24.     50.   -0.13620E+17   -0.49615E+16    0.13154E+16   -0.99432E+16    0.42417E+16    0.18820E+17                0.7920
    14   16    4     25.     50.   -0.13336E+17   -0.50812E+16    0.20607E+16   -0.10510E+17    0.33802E+16    0.19087E+17                0.7835
    15    7    2     27.     26.   -0.10678E+17   -0.15192E+16    0.38536E+16   -0.17053E+17    0.37144E+15    0.76397E+16                0.7874
    15    7    3     27.     27.   -0.10622E+17   -0.15925E+16    0.42112E+16   -0.16588E+17    0.67311E+15    0.78920E+16                0.7820
    15    8    1     33.     31.   -0.10894E+17   -0.13530E+16    0.28006E+16   -0.16929E+17    0.95153E+15    0.97764E+16                0.7811
    15    8    2     33.     31.   -0.10935E+17   -0.14270E+16    0.31562E+16   -0.16645E+17    0.12014E+16    0.99939E+16                0.7880
    15    8    3     33.     32.   -0.10886E+17   -0.14772E+16    0.34810E+16   -0.16214E+17    0.14328E+16    0.10128E+17                0.7816
    15    9    1     37.     35.   -0.11144E+17   -0.12226E+16    0.23657E+16   -0.16683E+17    0.17522E+16    0.11777E+17                0.7815
    15    9    2     37.     35.   -0.11186E+17   -0.12825E+16    0.26949E+16   -0.16410E+17    0.19596E+16    0.11922E+17                0.7872
    15   10    1     40.     38.   -0.11375E+17   -0.11254E+16    0.21876E+16   -0.16532E+17    0.25358E+16    0.13506E+17                0.7812
    15   10    2     39.     39.   -0.11417E+17   -0.11721E+16    0.25175E+16   -0.16245E+17    0.27207E+16    0.13606E+17                0.7855
    15   11    2     41.     41.   -0.11553E+17   -0.11034E+16    0.23216E+16   -0.16216E+17    0.34474E+16    0.15003E+17                0.7825
    16    9    0     31.     43.   -0.94294E+16   -0.22814E+16    0.64696E+15   -0.68082E+16    0.30059E+16    0.96000E+16                0.6078
    16    9    1     33.     43.   -0.93683E+16   -0.24633E+16    0.50041E+15   -0.69570E+16    0.28034E+16    0.95709E+16                0.6097
    16   10    0     20.     47.   -0.97433E+16   -0.22093E+16    0.76227E+15   -0.63689E+16    0.37307E+16    0.11176E+17                0.6090
    16   10    1     23.     47.   -0.96821E+16   -0.23895E+16    0.61249E+15   -0.65129E+16    0.35308E+16    0.11185E+17                0.6112
    16   11    0     14.     50.   -0.99831E+16   -0.20323E+16    0.82935E+15   -0.61741E+16    0.42073E+16    0.12343E+17                0.6102
    16   11    1     17.     50.   -0.99148E+16   -0.22020E+16    0.68577E+15   -0.62952E+16    0.40258E+16    0.12389E+17                0.6121
    16   11    2     19.     50.   -0.97690E+16   -0.23511E+16    0.53059E+15   -0.63726E+16    0.38014E+16    0.12347E+17                0.6050
    16   12    0      9.     52.   -0.10151E+17   -0.19305E+16    0.86208E+15   -0.60081E+16    0.46622E+16    0.13316E+17                0.6076
    16   12    1     11.     52.   -0.10080E+17   -0.20891E+16    0.72468E+15   -0.61231E+16    0.44838E+16    0.13399E+17                0.6096
    16   13    1      8.     54.   -0.10165E+17   -0.20386E+16    0.75323E+15   -0.60306E+16    0.48653E+16    0.14259E+17                0.6047
    17    8    1     43.     31.   -0.91208E+16   -0.35232E+16    0.11991E+16   -0.10005E+17    0.17792E+16    0.68367E+16                0.6597
    17    8    2     44.     31.   -0.90636E+16   -0.39067E+16    0.93243E+15   -0.98357E+16    0.18797E+16    0.68332E+16                0.6600
    17    9    1     44.     37.   -0.94657E+16   -0.30443E+16    0.10229E+16   -0.96246E+16    0.25461E+16    0.86315E+16                0.6633
    17    9    2     44.     36.   -0.94263E+16   -0.33832E+16    0.78241E+15   -0.94741E+16    0.26144E+16    0.85867E+16                0.6645
    17   10    1     39.     41.   -0.97093E+16   -0.28769E+16    0.99753E+15   -0.92809E+16    0.32576E+16    0.10311E+17                0.6624
    17   10    2     39.     41.   -0.96926E+16   -0.31888E+16    0.76194E+15   -0.91353E+16    0.33075E+16    0.10240E+17                0.6644
    17   11    1     34.     44.   -0.99117E+16   -0.26034E+16    0.99435E+15   -0.90788E+16    0.38126E+16    0.11668E+17                0.6615
    17   11    2     34.     44.   -0.99049E+16   -0.28815E+16    0.77057E+15   -0.89195E+16    0.38567E+16    0.11563E+17                0.6631
    17   12    1     29.     47.   -0.10074E+17   -0.24389E+16    0.98357E+15   -0.89046E+16    0.43464E+16    0.12802E+17                0.6566
    17   12    2     29.     47.   -0.10082E+17   -0.26866E+16    0.77094E+15   -0.87472E+16    0.43697E+16    0.12673E+17                0.6583
    18   13    2     44.     53.   -0.10494E+17   -0.38041E+16   -0.19788E+16   -0.99388E+16    0.18726E+16    0.19196E+17                0.7401
    18   14    1     39.     56.   -0.10725E+17   -0.37195E+16   -0.20688E+16   -0.93359E+16    0.29602E+16    0.20541E+17                0.7383
    18   14    2     43.     55.   -0.10769E+17   -0.36019E+16   -0.17961E+16   -0.98531E+16    0.23010E+16    0.20815E+17                0.7445
    18   14    3     41.     55.   -0.10727E+17   -0.34570E+16   -0.15131E+16   -0.10298E+17    0.16171E+16    0.20960E+17                0.7415
    18   15    1     31.     59.   -0.10995E+17   -0.38750E+16   -0.20745E+16   -0.89174E+16    0.37544E+16    0.22883E+17                0.7423
    18   15    2     35.     58.   -0.11044E+17   -0.37427E+16   -0.17857E+16   -0.94269E+16    0.31045E+16    0.23246E+17                0.7484
    18   15    3     39.     58.   -0.11005E+17   -0.35826E+16   -0.14870E+16   -0.98665E+16    0.24237E+16    0.23466E+17                0.7454
    18   16    1     27.     60.   -0.11252E+17   -0.37787E+16   -0.19508E+16   -0.87998E+16    0.42468E+16    0.24406E+17                0.7450
    18   16    2     31.     60.   -0.11309E+17   -0.36442E+16   -0.16699E+16   -0.92947E+16    0.36139E+16    0.24876E+17                0.7510
    18   16    3     34.     60.   -0.11275E+17   -0.34826E+16   -0.13799E+16   -0.97208E+16    0.29456E+16    0.25194E+17                0.7478
    19   12    5     43.     46.   -0.15182E+17   -0.25994E+15    0.23502E+16   -0.12819E+17    0.23163E+16    0.19232E+17                0.6197
    19   12    6     40.     45.   -0.15208E+17   -0.64776E+15    0.32167E+16   -0.13016E+17    0.20440E+16    0.18776E+17                0.6222
    19   13    5     40.     48.   -0.15620E+17   -0.23904E+15    0.22606E+16   -0.12749E+17    0.30836E+16    0.20702E+17                0.6227
    19   13    6     38.     47.   -0.15651E+17   -0.58344E+15    0.30860E+16   -0.12946E+17    0.28183E+16    0.20294E+17                0.6254
    19   14    5     38.     49.   -0.16066E+17   -0.98183E+14    0.22203E+16   -0.12834E+17    0.35409E+16    0.22058E+17                0.6247
    19   14    6     37.     49.   -0.16095E+17   -0.41619E+15    0.30118E+16   -0.13007E+17    0.32913E+16    0.21679E+17                0.6267
    19   15    5     33.     52.   -0.16486E+17   -0.23578E+14    0.23707E+16   -0.12591E+17    0.43482E+16    0.24168E+17                0.6259
    19   15    6     32.     51.   -0.16515E+17   -0.33761E+15    0.31984E+16   -0.12770E+17    0.40883E+16    0.23801E+17                0.6277
    19   16    5     30.     53.   -0.16919E+17   -0.24859E+14    0.23357E+16   -0.12584E+17    0.48365E+16    0.25495E+17                0.6259
    19   16    6     30.     52.   -0.16953E+17   -0.31103E+15    0.31383E+16   -0.12757E+17    0.45823E+16    0.25164E+17                0.6277
    20    9    2     51.     31.   -0.98601E+16   -0.41133E+16   -0.16670E+14   -0.13871E+17    0.30551E+16    0.83824E+16                0.7927
    20   10    2     53.     35.   -0.10174E+17   -0.38752E+16   -0.14032E+15   -0.13546E+17    0.39796E+16    0.10232E+17                0.7966
    20   10    3     54.     35.   -0.10185E+17   -0.38975E+16   -0.17685E+15   -0.13425E+17    0.39918E+16    0.10092E+17                0.7912
    20   11    1     52.     39.   -0.10307E+17   -0.34272E+16   -0.16123E+14   -0.13420E+17    0.46623E+16    0.11870E+17                0.7929
    20   11    2     52.     39.   -0.10403E+17   -0.34650E+16   -0.40457E+14   -0.13390E+17    0.47117E+16    0.11787E+17                0.7991
    20   11    3     52.     39.   -0.10423E+17   -0.34699E+16   -0.74185E+14   -0.13247E+17    0.47171E+16    0.11620E+17                0.7926
    20   12    1     48.     42.   -0.10486E+17   -0.32118E+16   -0.21039E+13   -0.13317E+17    0.54289E+16    0.13183E+17                0.7915
    20   12    2     48.     42.   -0.10605E+17   -0.32251E+16   -0.21962E+14   -0.13288E+17    0.54511E+16    0.13094E+17                0.7974
    20   12    3     48.     41.   -0.10647E+17   -0.32077E+16   -0.50887E+14   -0.13147E+17    0.54226E+16    0.12911E+17                0.7906
    20   13    2     44.     44.   -0.10736E+17   -0.31531E+16   -0.58585E+14   -0.13246E+17    0.61175E+16    0.14143E+17                0.7932
    21   10    2     51.     35.   -0.99989E+16   -0.47615E+16   -0.90818E+15   -0.13927E+17    0.33236E+16    0.10178E+17                0.8264
    21   11    1     54.     39.   -0.10157E+17   -0.43363E+16   -0.90051E+15   -0.13649E+17    0.42235E+16    0.11960E+17                0.8299
    21   11    2     53.     38.   -0.10234E+17   -0.42692E+16   -0.72313E+15   -0.13764E+17    0.40420E+16    0.11842E+17                0.8314
    21   12    1     53.     42.   -0.10352E+17   -0.40637E+16   -0.83356E+15   -0.13558E+17    0.49615E+16    0.13342E+17                0.8310
    21   12    2     52.     41.   -0.10452E+17   -0.39804E+16   -0.66241E+15   -0.13665E+17    0.47637E+16    0.13258E+17                0.8324
    21   13    1     49.     44.   -0.10486E+17   -0.39640E+16   -0.85063E+15   -0.13519E+17    0.56439E+16    0.14452E+17                0.8293
    21   13    2     50.     43.   -0.10616E+17   -0.38622E+16   -0.69213E+15   -0.13611E+17    0.54387E+16    0.14398E+17                0.8307
    21   14    1     46.     45.   -0.10679E+17   -0.38003E+16   -0.76648E+15   -0.13630E+17    0.61282E+16    0.15483E+17                0.8290
    21   14    2     46.     45.   -0.10817E+17   -0.36935E+16   -0.61878E+15   -0.13698E+17    0.59231E+16    0.15445E+17                0.8294
    21   15    1     40.     47.   -0.10838E+17   -0.39934E+16   -0.75181E+15   -0.13523E+17    0.68438E+16    0.16994E+17                0.8261
    22    9    2     52.     33.   -0.10225E+17   -0.29942E+16    0.31527E+15   -0.13221E+17    0.28921E+16    0.90519E+16                0.7005
    22    9    3     53.     33.   -0.10209E+17   -0.31283E+16    0.15682E+15   -0.13023E+17    0.30350E+16    0.89878E+16                0.6975
    22   10    2     53.     37.   -0.10536E+17   -0.27933E+16    0.19362E+15   -0.12930E+17    0.37896E+16    0.10863E+17                0.7040
    22   10    3     54.     37.   -0.10546E+17   -0.29007E+16    0.44746E+14   -0.12743E+17    0.39006E+16    0.10763E+17                0.7017
    22   11    1     50.     41.   -0.10678E+17   -0.23615E+16    0.36009E+15   -0.12871E+17    0.43693E+16    0.12417E+17                0.6977
    22   11    2     50.     41.   -0.10779E+17   -0.24680E+16    0.23108E+15   -0.12774E+17    0.45096E+16    0.12364E+17                0.7056
    22   11    3     50.     40.   -0.10799E+17   -0.25509E+16    0.91224E+14   -0.12572E+17    0.46079E+16    0.12219E+17                0.7024
    22   12    2     45.     43.   -0.10996E+17   -0.22808E+16    0.22051E+15   -0.12661E+17    0.52207E+16    0.13621E+17                0.7030
    22   12    3     45.     43.   -0.11035E+17   -0.23374E+16    0.90242E+14   -0.12463E+17    0.52850E+16    0.13442E+17                0.6997
    22   13    2     41.     45.   -0.11145E+17   -0.22458E+16    0.18424E+15   -0.12622E+17    0.58207E+16    0.14651E+17                0.6978
    23   11   -1     24.     51.   -0.11249E+17   -0.39301E+15   -0.36994E+16   -0.77440E+16    0.30342E+16    0.15894E+17                0.7218
    23   12   -2     18.     54.   -0.11410E+17   -0.39387E+15   -0.27233E+16   -0.75020E+16    0.42902E+16    0.17474E+17                0.7212
    23   12   -1     19.     54.   -0.11438E+17   -0.40128E+15   -0.33706E+16   -0.75041E+16    0.37100E+16    0.17609E+17                0.7234
    23   13   -1     16.     56.   -0.11531E+17   -0.52556E+15   -0.30717E+16   -0.73944E+16    0.42727E+16    0.19107E+17                0.7220
    23   14   -2     12.     58.   -0.11660E+17   -0.55554E+15   -0.22173E+16   -0.74938E+16    0.52693E+16    0.20233E+17                0.7216
    23   14   -1     14.     58.   -0.11700E+17   -0.54780E+15   -0.28175E+16   -0.74506E+16    0.47010E+16    0.20487E+17                0.7240
    23   15   -2      5.     61.   -0.11841E+17   -0.62491E+15   -0.21893E+16   -0.71112E+16    0.61702E+16    0.22481E+17                0.7219
    23   15   -1      7.     61.   -0.11879E+17   -0.61751E+15   -0.28172E+16   -0.70539E+16    0.55998E+16    0.22792E+17                0.7244
    23   16   -2      3.     63.   -0.11908E+17   -0.73734E+15   -0.19656E+16   -0.71789E+16    0.66403E+16    0.23859E+17                0.7212
    23   16   -1      5.     63.   -0.11950E+17   -0.72555E+15   -0.25781E+16   -0.71046E+16    0.60701E+16    0.24223E+17                0.7237
    24   10    3     37.     50.   -0.10981E+17   -0.11894E+15   -0.10371E+16   -0.95197E+16   -0.96209E+15    0.17113E+17                0.5441
    24   11    3     40.     53.   -0.11276E+17   -0.13094E+15   -0.85775E+15   -0.91389E+16   -0.34302E+15    0.19171E+17                0.5462
    24   12    2     39.     56.   -0.11302E+17    0.12601E+14   -0.10496E+16   -0.89983E+16    0.74745E+15    0.21010E+17                0.5430
    24   12    3     41.     56.   -0.11572E+17   -0.16765E+15   -0.74224E+15   -0.88446E+16    0.24981E+15    0.20933E+17                0.5468
    24   13    3     39.     57.   -0.11888E+17   -0.20003E+15   -0.66921E+15   -0.86384E+16    0.76432E+15    0.22434E+17                0.5469
    24   13    4     42.     57.   -0.12064E+17   -0.36597E+15   -0.37787E+15   -0.84198E+16    0.24340E+15    0.22248E+17                0.5431
    24   14    2     34.     59.   -0.11923E+17   -0.26504E+14   -0.87582E+15   -0.87697E+16    0.16206E+16    0.23795E+17                0.5430
    24   14    3     36.     59.   -0.12206E+17   -0.17816E+15   -0.59746E+15   -0.85873E+16    0.11256E+16    0.23805E+17                0.5471
    24   14    4     38.     58.   -0.12385E+17   -0.33219E+15   -0.31980E+15   -0.83502E+16    0.60685E+15    0.23648E+17                0.5433
    24   15    3     29.     61.   -0.12489E+17   -0.21547E+15   -0.57158E+15   -0.81591E+16    0.18986E+16    0.26043E+17                0.5460
    24   16    3     26.     62.   -0.12780E+17   -0.23730E+15   -0.51054E+15   -0.80838E+16    0.23343E+16    0.27327E+17                0.5445
    25   13    1     38.     52.   -0.99390E+16   -0.52672E+16   -0.11401E+16   -0.92402E+16    0.19194E+16    0.17224E+17                0.8137
    25   13    2     36.     52.   -0.97503E+16   -0.51441E+16   -0.11454E+16   -0.97748E+16    0.11374E+16    0.17528E+17                0.8142
    25   14    1     37.     54.   -0.10157E+17   -0.50175E+16   -0.10393E+16   -0.91795E+16    0.21906E+16    0.18773E+17                0.8183
    25   14    2     36.     54.   -0.99713E+16   -0.48893E+16   -0.10440E+16   -0.96798E+16    0.14504E+16    0.19172E+17                0.8182
    25   15    1     33.     57.   -0.10371E+17   -0.52341E+16   -0.10521E+16   -0.87962E+16    0.27880E+16    0.21038E+17                0.8215
    25   15    2     34.     57.   -0.10190E+17   -0.50896E+16   -0.10570E+16   -0.92879E+16    0.20639E+16    0.21524E+17                0.8215
    25   16    0     27.     58.   -0.10660E+17   -0.52138E+16   -0.10018E+16   -0.81210E+16    0.38053E+16    0.21888E+17                0.8131
    25   16    1     30.     59.   -0.10570E+17   -0.51055E+16   -0.10151E+16   -0.86635E+16    0.31326E+16    0.22608E+17                0.8233
    25   16    2     33.     59.   -0.10394E+17   -0.49586E+16   -0.10207E+16   -0.91436E+16    0.24281E+16    0.23199E+17                0.8234
    25   16    3     33.     59.   -0.10132E+17   -0.47748E+16   -0.10197E+16   -0.95574E+16    0.16982E+16    0.23656E+17                0.8133
    26    7    4     27.     32.   -0.11165E+17    0.30198E+15    0.45074E+16   -0.15168E+17   -0.50663E+15    0.98358E+16                0.6010
    26    7    5     27.     32.   -0.11233E+17    0.15210E+14    0.47991E+16   -0.14865E+17   -0.48631E+15    0.98587E+16                0.6008
    26    8    4     33.     38.   -0.11425E+17    0.14483E+15    0.38685E+16   -0.14557E+17    0.64571E+15    0.12594E+17                0.6011
    26    8    5     32.     38.   -0.11501E+17   -0.61932E+14    0.41476E+16   -0.14255E+17    0.61319E+15    0.12559E+17                0.6006
    26    9    4     36.     42.   -0.11703E+17    0.12480E+15    0.34439E+16   -0.14198E+17    0.15536E+16    0.14769E+17                0.6007
    26    9    5     35.     42.   -0.11786E+17   -0.35273E+14    0.37085E+16   -0.13887E+17    0.14793E+16    0.14694E+17                0.5999
    26   10    4     37.     45.   -0.11982E+17    0.16968E+15    0.33617E+16   -0.13938E+17    0.23021E+16    0.16823E+17                0.5999
    26   10    5     36.     45.   -0.12073E+17    0.47240E+14    0.36304E+16   -0.13604E+17    0.21931E+16    0.16721E+17                0.5986
    26   11    4     38.     48.   -0.12229E+17    0.17112E+15    0.31764E+16   -0.13822E+17    0.29141E+16    0.18501E+17                0.5971
    26   11    5     37.     48.   -0.12328E+17    0.80746E+14    0.34319E+16   -0.13475E+17    0.27622E+16    0.18375E+17                0.5956
    27   11    0     -8.     53.   -0.12794E+17    0.57868E+16   -0.61508E+16   -0.58334E+16    0.16413E+16    0.17455E+17                0.5703
    27   11    1     -7.     52.   -0.13137E+17    0.54866E+16   -0.63610E+16   -0.53495E+16    0.10537E+16    0.17272E+17                0.5686
    27   12    0     -7.     55.   -0.13130E+17    0.54496E+16   -0.57310E+16   -0.55192E+16    0.22850E+16    0.19049E+17                0.5705
    27   12    1     -7.     55.   -0.13487E+17    0.51759E+16   -0.59315E+16   -0.50091E+16    0.16917E+16    0.18912E+17                0.5692
    27   13    0     -7.     57.   -0.13447E+17    0.51312E+16   -0.53772E+16   -0.53277E+16    0.28281E+16    0.20414E+17                0.5698
    27   13    1     -6.     57.   -0.13819E+17    0.48813E+16   -0.55720E+16   -0.47965E+16    0.22243E+16    0.20323E+17                0.5689
    27   14    0     -6.     58.   -0.13787E+17    0.49338E+16   -0.50920E+16   -0.52938E+16    0.32435E+16    0.21661E+17                0.5705
    27   14    1     -6.     58.   -0.14170E+17    0.47014E+16   -0.52835E+16   -0.47307E+16    0.26380E+16    0.21599E+17                0.5696
    27   15    0    -11.     61.   -0.14106E+17    0.51478E+16   -0.52492E+16   -0.47783E+16    0.41471E+16    0.23887E+17                0.5693
    27   15    1    -11.     61.   -0.14500E+17    0.49100E+16   -0.54525E+16   -0.41919E+16    0.35340E+16    0.23864E+17                0.5688
    28   11    2     45.     43.   -0.12091E+17   -0.40420E+16   -0.54611E+15   -0.10457E+17    0.56651E+15    0.13910E+17                0.5863
    28   11    3     44.     43.   -0.12266E+17   -0.41871E+16   -0.49654E+15   -0.10218E+17    0.24310E+15    0.13959E+17                0.5890
    28   12    2     46.     44.   -0.12366E+17   -0.37622E+16   -0.54528E+15   -0.10480E+17    0.92145E+15    0.14963E+17                0.5873
    28   12    3     45.     44.   -0.12562E+17   -0.38817E+16   -0.49331E+15   -0.10234E+17    0.59117E+15    0.15031E+17                0.5905
    28   13    2     46.     46.   -0.12628E+17   -0.35864E+16   -0.58383E+15   -0.10545E+17    0.12514E+16    0.15868E+17                0.5868
    28   13    3     45.     46.   -0.12843E+17   -0.36879E+16   -0.53063E+15   -0.10300E+17    0.90975E+15    0.15959E+17                0.5907
    28   13    4     45.     45.   -0.12950E+17   -0.37565E+16   -0.47950E+15   -0.99841E+16    0.55105E+15    0.15936E+17                0.5857
    28   14    2     46.     47.   -0.12891E+17   -0.33735E+16   -0.57950E+15   -0.10736E+17    0.14822E+16    0.16759E+17                0.5865
    28   14    3     46.     47.   -0.13116E+17   -0.34661E+16   -0.52858E+15   -0.10476E+17    0.11401E+16    0.16855E+17                0.5903
    28   15    3     44.     48.   -0.13329E+17   -0.35876E+16   -0.59332E+15   -0.10465E+17    0.15740E+16    0.18164E+17                0.5882
    29    7    0     32.     21.   -0.91824E+16   -0.16197E+16    0.31975E+16   -0.14887E+17    0.85390E+15    0.51340E+16                0.7476
    29    7    1     31.     22.   -0.90091E+16   -0.26119E+16    0.31932E+16   -0.14663E+17    0.13437E+16    0.54245E+16                0.7490
    29    8    0     37.     28.   -0.94440E+16   -0.13644E+16    0.27101E+16   -0.14513E+17    0.17274E+16    0.73338E+16                0.7520
    29    8    1     37.     29.   -0.92765E+16   -0.22240E+16    0.27113E+16   -0.14324E+17    0.21473E+16    0.74979E+16                0.7530
    29    9    0     42.     33.   -0.97018E+16   -0.11435E+16    0.23577E+16   -0.14291E+17    0.25021E+16    0.91145E+16                0.7532
    29    9    1     41.     33.   -0.95394E+16   -0.19102E+16    0.23641E+16   -0.14119E+17    0.28704E+16    0.91862E+16                0.7539
    29   10    0     44.     36.   -0.99419E+16   -0.10052E+16    0.22225E+16   -0.14170E+17    0.32181E+16    0.10628E+17                0.7524
    29   10    1     43.     37.   -0.97873E+16   -0.17296E+16    0.22326E+16   -0.13986E+17    0.35578E+16    0.10638E+17                0.7526
    29   11    0     45.     39.   -0.10165E+17   -0.86380E+15    0.20668E+16   -0.14165E+17    0.38505E+16    0.11953E+17                0.7511
    29   11    1     44.     39.   -0.10015E+17   -0.15248E+16    0.20775E+16   -0.13975E+17    0.41527E+16    0.11892E+17                0.7504
    30   10    2     13.     50.   -0.12493E+17    0.53166E+16   -0.35035E+16   -0.58730E+16   -0.15101E+16    0.16439E+17                0.5224
    30   11    2     13.     53.   -0.12867E+17    0.49232E+16   -0.32090E+16   -0.54004E+16   -0.98876E+15    0.18388E+17                0.5231
    30   12    2     13.     55.   -0.13251E+17    0.46146E+16   -0.29864E+16   -0.49824E+16   -0.48628E+15    0.20039E+17                0.5231
    30   12    3     16.     55.   -0.13602E+17    0.38076E+16   -0.26677E+16   -0.43473E+16   -0.10884E+16    0.19751E+17                0.5218
    30   13    2     12.     57.   -0.13667E+17    0.43890E+16   -0.28188E+16   -0.46625E+16   -0.77414E+14    0.21456E+17                0.5235
    30   13    3     14.     56.   -0.14029E+17    0.36294E+16   -0.25207E+16   -0.40040E+16   -0.68987E+15    0.21198E+17                0.5226
    30   14    2     11.     58.   -0.14093E+17    0.42424E+16   -0.26847E+16   -0.44815E+16    0.20698E+15    0.22741E+17                0.5240
    30   14    3     13.     57.   -0.14465E+17    0.35199E+16   -0.24045E+16   -0.37961E+16   -0.41318E+15    0.22505E+17                0.5234
    30   15    2      5.     61.   -0.14490E+17    0.44283E+16   -0.27741E+16   -0.38607E+16    0.94845E+15    0.24962E+17                0.5228
    30   15    3      7.     60.   -0.14871E+17    0.36807E+16   -0.24864E+16   -0.31572E+16    0.31687E+15    0.24750E+17                0.5226
    31   11    0     15.     43.   -0.12523E+17   -0.28912E+16   -0.10848E+16   -0.62507E+16    0.47828E+16    0.11224E+17                0.7315
    31   12    0      9.     46.   -0.12773E+17   -0.27027E+16   -0.91956E+15   -0.60497E+16    0.53226E+16    0.12475E+17                0.7341
    31   12    1     16.     46.   -0.12489E+17   -0.28547E+16   -0.10675E+16   -0.63863E+16    0.47153E+16    0.12629E+17                0.7327
    31   13    0      4.     48.   -0.12921E+17   -0.26383E+16   -0.78671E+15   -0.59223E+16    0.57767E+16    0.13553E+17                0.7331
    31   13    1     11.     48.   -0.12638E+17   -0.27767E+16   -0.93273E+15   -0.62482E+16    0.51768E+16    0.13798E+17                0.7320
    31   14    0      2.     50.   -0.13071E+17   -0.25372E+16   -0.66144E+15   -0.59609E+16    0.60888E+16    0.14599E+17                0.7340
    31   14    1      8.     50.   -0.12777E+17   -0.26683E+16   -0.80512E+15   -0.62612E+16    0.55054E+16    0.14909E+17                0.7324
    31   15    0     -4.     53.   -0.13187E+17   -0.26737E+16   -0.60413E+15   -0.56457E+16    0.67642E+16    0.16456E+17                0.7331
    31   15    1      2.     53.   -0.12881E+17   -0.28130E+16   -0.75668E+15   -0.59404E+16    0.61767E+16    0.16827E+17                0.7316
    31   16    0     -6.     55.   -0.13221E+17   -0.26682E+16   -0.50117E+15   -0.56602E+16    0.70903E+16    0.17587E+17                0.7308
    32    7    6     33.     29.   -0.14334E+17    0.50213E+16    0.55935E+16   -0.16864E+17   -0.21124E+16    0.11125E+17                0.6067
    32    8    6     40.     36.   -0.14661E+17    0.42175E+16    0.49389E+16   -0.16029E+17   -0.28511E+15    0.14721E+17                0.6055
    32    9    6     43.     41.   -0.15039E+17    0.37772E+16    0.45051E+16   -0.15682E+17    0.10453E+16    0.17386E+17                0.6066
    32   10    6     44.     44.   -0.15429E+17    0.37140E+16    0.44794E+16   -0.15583E+17    0.17481E+16    0.19769E+17                0.6089
    32   11    6     44.     46.   -0.15797E+17    0.34988E+16    0.42874E+16   -0.15554E+17    0.22562E+16    0.21772E+17                0.6090
    32   12    6     44.     48.   -0.16180E+17    0.32746E+16    0.41375E+16   -0.15538E+17    0.29414E+16    0.23523E+17                0.6080
    32   13    6     43.     49.   -0.16644E+17    0.31367E+16    0.39858E+16   -0.15556E+17    0.35179E+16    0.25037E+17                0.6080
    32   14    6     43.     50.   -0.17144E+17    0.30579E+16    0.38644E+16   -0.15691E+17    0.37872E+16    0.26461E+17                0.6081
    32   15    6     39.     52.   -0.17603E+17    0.31887E+16    0.40788E+16   -0.15419E+17    0.44817E+16    0.28633E+17                0.6060
    32   16    6     37.     53.   -0.18095E+17    0.30770E+16    0.39984E+16   -0.15432E+17    0.48782E+16    0.29942E+17                0.6040
    33    8    1     31.     36.   -0.11746E+17    0.53413E+15   -0.41015E+16   -0.11002E+17   -0.17646E+16    0.10626E+17                0.5956
    33    9    0     34.     43.   -0.11893E+17    0.82362E+15   -0.36021E+16   -0.10392E+17   -0.22231E+15    0.13570E+17                0.5969
    33    9    1     35.     42.   -0.12217E+17    0.45400E+15   -0.36169E+16   -0.10224E+17   -0.66824E+15    0.13411E+17                0.5993
    33   10    0     34.     47.   -0.12216E+17    0.73460E+15   -0.33678E+16   -0.97729E+16    0.74755E+15    0.16134E+17                0.5969
    33   10    1     36.     47.   -0.12560E+17    0.37367E+15   -0.33832E+16   -0.95897E+16    0.29326E+15    0.16019E+17                0.6000
    33   10    2     38.     46.   -0.12805E+17    0.87477E+13   -0.33723E+16   -0.93434E+16   -0.18060E+15    0.15783E+17                0.5950
    33   11    0     32.     51.   -0.12463E+17    0.68618E+15   -0.30117E+16   -0.94164E+16    0.14816E+16    0.18212E+17                0.5966
    33   11    1     34.     50.   -0.12819E+17    0.35154E+15   -0.30262E+16   -0.91977E+16    0.10377E+16    0.18144E+17                0.5996
    33   11    2     36.     50.   -0.13074E+17    0.13296E+14   -0.30173E+16   -0.89179E+16    0.56899E+15    0.17941E+17                0.5946
    33   12    1     31.     53.   -0.13030E+17    0.29459E+15   -0.27612E+16   -0.88969E+16    0.17422E+16    0.19938E+17                0.5968
    34   12    1     51.     35.   -0.11471E+17   -0.56047E+16   -0.16597E+16   -0.10006E+17    0.38548E+16    0.98110E+16                0.9062
    34   12    2     53.     35.   -0.11131E+17   -0.57607E+16   -0.13293E+16   -0.10707E+17    0.27929E+16    0.97814E+16                0.9080
    34   13    1     44.     39.   -0.11633E+17   -0.54174E+16   -0.15299E+16   -0.97726E+16    0.43842E+16    0.11391E+17                0.9083
    34   13    2     49.     39.   -0.11310E+17   -0.55447E+16   -0.12391E+16   -0.10445E+17    0.33645E+16    0.11490E+17                0.9102
    34   14    1     39.     42.   -0.11803E+17   -0.51901E+16   -0.13215E+16   -0.97428E+16    0.46475E+16    0.12966E+17                0.9121
    34   14    2     45.     42.   -0.11480E+17   -0.52983E+16   -0.10530E+16   -0.10372E+17    0.36707E+16    0.13171E+17                0.9128
    34   15    1     32.     46.   -0.11994E+17   -0.54165E+16   -0.12644E+16   -0.94573E+16    0.52035E+16    0.15095E+17                0.9143
    34   15    2     38.     46.   -0.11660E+17   -0.55307E+16   -0.98231E+15   -0.10082E+17    0.42133E+16    0.15389E+17                0.9147
    34   16    1     28.     49.   -0.12121E+17   -0.53449E+16   -0.11247E+16   -0.93563E+16    0.55103E+16    0.16781E+17                0.9153
    34   16    2     34.     49.   -0.11799E+17   -0.54412E+16   -0.87104E+15   -0.99566E+16    0.45534E+16    0.17161E+17                0.9153
    35    8   -1     31.     39.   -0.86866E+16   -0.21920E+16   -0.18615E+16   -0.10850E+17   -0.85992E+15    0.10208E+17                0.6962
    35    9   -1     37.     45.   -0.89746E+16   -0.20342E+16   -0.15566E+16   -0.10172E+17    0.43843E+14    0.12779E+17                0.6976
    35    9    0     34.     45.   -0.90149E+16   -0.21947E+16   -0.19143E+16   -0.10166E+17   -0.49119E+15    0.12772E+17                0.6980
    35   10   -1     41.     50.   -0.92246E+16   -0.20546E+16   -0.13923E+16   -0.95296E+16    0.89912E+15    0.15192E+17                0.6968
    35   10    0     39.     50.   -0.92771E+16   -0.21998E+16   -0.17455E+16   -0.95053E+16    0.36477E+15    0.15254E+17                0.6980
    35   11   -1     43.     53.   -0.94420E+16   -0.19102E+16   -0.11922E+16   -0.92324E+16    0.14206E+16    0.17215E+17                0.6988
    35   11    0     41.     53.   -0.95042E+16   -0.20329E+16   -0.15265E+16   -0.91619E+16    0.91258E+15    0.17339E+17                0.7002
    35   12   -1     43.     56.   -0.96568E+16   -0.18335E+16   -0.10687E+16   -0.89587E+16    0.19377E+16    0.18954E+17                0.6970
    35   12    0     42.     56.   -0.97285E+16   -0.19390E+16   -0.13874E+16   -0.88672E+16    0.14336E+16    0.19139E+17                0.6990
    35   13    0     39.     58.   -0.99475E+16   -0.18899E+16   -0.12943E+16   -0.86422E+16    0.19003E+16    0.20674E+17                0.6958
    36   11    2     63.     31.   -0.10371E+17   -0.47706E+16   -0.20923E+16   -0.13785E+17    0.41640E+16    0.88793E+16                0.8790
    36   12    1     62.     36.   -0.10526E+17   -0.45540E+16   -0.20258E+16   -0.13374E+17    0.51543E+16    0.10598E+17                0.8770
    36   12    2     64.     35.   -0.10648E+17   -0.43773E+16   -0.19703E+16   -0.13666E+17    0.49523E+16    0.10367E+17                0.8824
    36   13    1     54.     38.   -0.10682E+17   -0.44244E+16   -0.20022E+16   -0.13285E+17    0.58155E+16    0.11770E+17                0.8770
    36   13    2     57.     38.   -0.10845E+17   -0.42209E+16   -0.19597E+16   -0.13572E+17    0.56241E+16    0.11573E+17                0.8827
    36   14    1     50.     40.   -0.10904E+17   -0.42182E+16   -0.18611E+16   -0.13352E+17    0.62293E+16    0.12896E+17                0.8785
    36   14    2     52.     40.   -0.11081E+17   -0.40069E+16   -0.18273E+16   -0.13612E+17    0.60521E+16    0.12719E+17                0.8830
    36   15    1     43.     43.   -0.11105E+17   -0.44057E+16   -0.18998E+16   -0.13221E+17    0.68407E+16    0.14435E+17                0.8771
    36   15    2     45.     42.   -0.11297E+17   -0.41716E+16   -0.18637E+16   -0.13479E+17    0.66454E+16    0.14278E+17                0.8811
    36   16    2     41.     44.   -0.11455E+17   -0.41341E+16   -0.18262E+16   -0.13474E+17    0.70702E+16    0.15428E+17                0.8777
    37   11    0     47.     43.   -0.10929E+17   -0.43658E+16   -0.11034E+16   -0.10136E+17    0.34565E+16    0.12840E+17                0.7911
    37   11    1     48.     43.   -0.10810E+17   -0.43861E+16   -0.83213E+15   -0.10638E+17    0.28702E+16    0.12864E+17                0.7923
    37   12    0     42.     45.   -0.11138E+17   -0.41314E+16   -0.98163E+15   -0.10023E+17    0.39710E+16    0.14051E+17                0.7923
    37   12    1     45.     45.   -0.11024E+17   -0.41462E+16   -0.72241E+15   -0.10500E+17    0.34146E+16    0.14200E+17                0.7940
    37   13    0     37.     47.   -0.11288E+17   -0.40136E+16   -0.93526E+15   -0.99578E+16    0.44679E+16    0.15044E+17                0.7902
    37   13    1     41.     47.   -0.11181E+17   -0.40245E+16   -0.68667E+15   -0.10424E+17    0.39285E+16    0.15308E+17                0.7924
    37   14    0     35.     49.   -0.11428E+17   -0.38344E+16   -0.86293E+15   -0.10097E+17    0.47834E+16    0.16057E+17                0.7899
    37   14    1     38.     49.   -0.11322E+17   -0.38421E+16   -0.62084E+15   -0.10537E+17    0.42718E+16    0.16406E+17                0.7921
    37   15    0     30.     51.   -0.11508E+17   -0.40293E+16   -0.88580E+15   -0.99669E+16    0.53811E+16    0.17663E+17                0.7872
    37   15    1     33.     51.   -0.11405E+17   -0.40361E+16   -0.63028E+15   -0.10399E+17    0.48799E+16    0.18091E+17                0.7898
    38    7   -3     38.     31.   -0.84103E+16    0.57777E+15    0.15014E+16   -0.49646E+16    0.19415E+16    0.47554E+16                0.5718
    38    7   -2     41.     31.   -0.82997E+16    0.53592E+15    0.13694E+16   -0.51890E+16    0.18684E+16    0.48944E+16                0.5703
    38    8   -4     25.     34.   -0.88554E+16    0.68519E+15    0.15160E+16   -0.45495E+16    0.25580E+16    0.54713E+16                0.5694
    38    8   -3     27.     35.   -0.88132E+16    0.62315E+15    0.14083E+16   -0.47839E+16    0.25387E+16    0.57089E+16                0.5764
    38    8   -2     30.     35.   -0.86970E+16    0.55428E+15    0.12843E+16   -0.49889E+16    0.24891E+16    0.59022E+16                0.5748
    38    9   -4     16.     36.   -0.91867E+16    0.69150E+15    0.14211E+16   -0.43545E+16    0.30423E+16    0.61360E+16                0.5672
    38    9   -3     19.     37.   -0.91426E+16    0.61914E+15    0.13195E+16   -0.45833E+16    0.30367E+16    0.64183E+16                0.5742
    38    9   -2     21.     38.   -0.90221E+16    0.54019E+15    0.12029E+16   -0.47837E+16    0.29976E+16    0.66536E+16                0.5726
    38   10   -3     10.     40.   -0.93862E+16    0.62542E+15    0.13237E+16   -0.43076E+16    0.34808E+16    0.71671E+16                0.5665
    38   10   -2     12.     41.   -0.92617E+16    0.53372E+15    0.12060E+16   -0.45045E+16    0.34520E+16    0.74429E+16                0.5650
    39    9    1     49.     34.   -0.10211E+17   -0.38627E+16   -0.50543E+15   -0.13453E+17    0.23370E+16    0.95446E+16                0.7804
    39    9    2     49.     33.   -0.10261E+17   -0.39355E+16   -0.44765E+15   -0.13434E+17    0.22572E+16    0.94380E+16                0.7806
    39   10    1     52.     38.   -0.10475E+17   -0.36885E+16   -0.55121E+15   -0.13083E+17    0.32445E+16    0.11506E+17                0.7827
    39   10    2     52.     38.   -0.10557E+17   -0.37436E+16   -0.49885E+15   -0.13061E+17    0.31447E+16    0.11408E+17                0.7834
    39   11    1     51.     42.   -0.10655E+17   -0.33431E+16   -0.39960E+15   -0.12900E+17    0.39776E+16    0.13135E+17                0.7848
    39   11    2     51.     41.   -0.10747E+17   -0.33839E+16   -0.35095E+15   -0.12853E+17    0.38768E+16    0.13040E+17                0.7847
    39   12    1     48.     44.   -0.10783E+17   -0.31595E+16   -0.33171E+15   -0.12766E+17    0.47330E+16    0.14489E+17                0.7826
    39   12    2     48.     44.   -0.10895E+17   -0.31817E+16   -0.28441E+15   -0.12715E+17    0.46077E+16    0.14403E+17                0.7822
    39   13    1     43.     46.   -0.10828E+17   -0.31253E+16   -0.31844E+15   -0.12719E+17    0.54219E+16    0.15573E+17                0.7781
    39   13    2     44.     46.   -0.10967E+17   -0.31283E+16   -0.27770E+15   -0.12656E+17    0.52796E+16    0.15495E+17                0.7776
    40    8   -1     35.     28.   -0.96687E+16   -0.10189E+16    0.17156E+16   -0.15120E+17    0.59206E+15    0.77641E+16                0.6867
    40    8    0     37.     29.   -0.96254E+16   -0.14689E+16    0.14205E+16   -0.14822E+17    0.99346E+15    0.79693E+16                0.6879
    40    9   -1     40.     34.   -0.99175E+16   -0.90335E+15    0.13760E+16   -0.14787E+17    0.15601E+16    0.99232E+16                0.6888
    40    9    0     42.     34.   -0.98907E+16   -0.13057E+16    0.11110E+16   -0.14516E+17    0.19055E+16    0.10035E+17                0.6907
    40   10   -1     44.     38.   -0.10120E+17   -0.86295E+15    0.11963E+16   -0.14575E+17    0.24617E+16    0.11742E+17                0.6886
    40   10    0     46.     38.   -0.10111E+17   -0.12421E+16    0.94467E+15   -0.14311E+17    0.27690E+16    0.11799E+17                0.6907
    40   11   -1     46.     41.   -0.10289E+17   -0.78884E+15    0.11033E+16   -0.14522E+17    0.32314E+16    0.13315E+17                0.6888
    40   11    0     48.     41.   -0.10292E+17   -0.11287E+16    0.86799E+15   -0.14252E+17    0.35055E+16    0.13304E+17                0.6903
    40   12   -1     48.     43.   -0.10444E+17   -0.75401E+15    0.10097E+16   -0.14508E+17    0.40007E+16    0.14614E+17                0.6848
    40   12    0     49.     43.   -0.10463E+17   -0.10579E+16    0.78933E+15   -0.14237E+17    0.42351E+16    0.14547E+17                0.6861
    41    7    0     11.     34.   -0.60456E+16   -0.17728E+16    0.18725E+16   -0.14005E+17   -0.52746E+15    0.83366E+16                0.6973
    41    7    1     12.     34.   -0.60116E+16   -0.13279E+16    0.15635E+16   -0.14044E+17   -0.50419E+15    0.84411E+16                0.7006
    41    7    2     13.     34.   -0.59245E+16   -0.87755E+15    0.12391E+16   -0.13981E+17   -0.49168E+15    0.84769E+16                0.6935
    41    8    0     18.     42.   -0.61979E+16   -0.17435E+16    0.16712E+16   -0.13258E+17    0.58190E+15    0.11370E+17                0.6932
    41    8    1     19.     42.   -0.61634E+16   -0.13369E+16    0.14047E+16   -0.13296E+17    0.60410E+15    0.11489E+17                0.6965
    41    8    2     20.     43.   -0.60748E+16   -0.92423E+15    0.11244E+16   -0.13236E+17    0.60731E+15    0.11520E+17                0.6895
    41    9    0     23.     48.   -0.63655E+16   -0.16820E+16    0.15311E+16   -0.12711E+17    0.13896E+16    0.13796E+17                0.6876
    41    9    1     24.     48.   -0.63310E+16   -0.13037E+16    0.12928E+16   -0.12746E+17    0.14096E+16    0.13929E+17                0.6910
    41    9    2     24.     48.   -0.62412E+16   -0.91929E+15    0.10418E+16   -0.12687E+17    0.14047E+16    0.13959E+17                0.6841
    41   10    1     27.     52.   -0.65066E+16   -0.13488E+16    0.12875E+16   -0.12186E+17    0.20947E+16    0.16271E+17                0.6842
    42    7    0     18.     20.   -0.10246E+17   -0.93288E+14    0.53963E+16   -0.18278E+17   -0.61401E+15    0.56076E+16                0.7676
    42    7    1     25.     23.   -0.10150E+17   -0.15616E+16    0.40609E+16   -0.17566E+17    0.41693E+15    0.64382E+16                0.7692
    42    8    0     26.     27.   -0.10539E+17   -0.33875E+15    0.41946E+16   -0.17831E+17    0.39829E+15    0.84246E+16                0.7700
    42    8    1     32.     29.   -0.10475E+17   -0.15862E+16    0.30267E+16   -0.17186E+17    0.13024E+16    0.90120E+16                0.7717
    42    9    0     32.     32.   -0.10835E+17   -0.35753E+15    0.33719E+16   -0.17534E+17    0.13897E+16    0.10754E+17                0.7703
    42    9    1     38.     34.   -0.10784E+17   -0.14617E+16    0.23344E+16   -0.16931E+17    0.22015E+16    0.11146E+17                0.7714
    42   10    0     37.     36.   -0.11123E+17   -0.29259E+15    0.29075E+16   -0.17327E+17    0.24206E+16    0.12713E+17                0.7701
    42   10    1     42.     37.   -0.11076E+17   -0.13428E+16    0.19382E+16   -0.16746E+17    0.31674E+16    0.12983E+17                0.7701
    42   11    0     41.     39.   -0.11169E+17   -0.39353E+15    0.25648E+16   -0.17238E+17    0.34864E+16    0.14296E+17                0.7676
    42   11    1     45.     40.   -0.11147E+17   -0.13359E+16    0.16722E+16   -0.16672E+17    0.41593E+16    0.14430E+17                0.7662
    43    7   -1     20.     33.   -0.61340E+16   -0.30707E+16    0.22748E+16   -0.12975E+17    0.94816E+15    0.74501E+16                0.6919
    43    7    0     22.     33.   -0.62711E+16   -0.29775E+16    0.20141E+16   -0.12945E+17    0.98821E+15    0.76735E+16                0.7024
    43    7    1     23.     34.   -0.63578E+16   -0.28565E+16    0.17320E+16   -0.12813E+17    0.10091E+16    0.78359E+16                0.7016
    43    8   -1     26.     40.   -0.62921E+16   -0.27930E+16    0.20217E+16   -0.12355E+17    0.19407E+16    0.10069E+17                0.6909
    43    8    0     27.     41.   -0.64415E+16   -0.27125E+16    0.17901E+16   -0.12327E+17    0.19657E+16    0.10294E+17                0.7015
    43    8    1     29.     41.   -0.65392E+16   -0.26071E+16    0.15394E+16   -0.12200E+17    0.19640E+16    0.10438E+17                0.7009
    43    9    0     31.     46.   -0.65864E+16   -0.25033E+16    0.16372E+16   -0.11899E+17    0.27932E+16    0.12389E+17                0.6986
    43    9    1     32.     46.   -0.66954E+16   -0.24060E+16    0.14100E+16   -0.11774E+17    0.27698E+16    0.12523E+17                0.6981
    43   10    0     32.     50.   -0.66953E+16   -0.24801E+16    0.16436E+16   -0.11495E+17    0.36206E+16    0.14410E+17                0.6946
    43   10    1     33.     51.   -0.68153E+16   -0.23805E+16    0.14229E+16   -0.11364E+17    0.35821E+16    0.14546E+17                0.6939
    44    8   -2     40.     33.   -0.11353E+17    0.43908E+15   -0.28952E+16   -0.11351E+17   -0.43356E+15    0.93142E+16                0.6668
    44    8   -1     38.     33.   -0.11590E+17    0.15380E+15   -0.36167E+16   -0.11103E+17   -0.66457E+15    0.92790E+16                0.6697
    44    8    0     36.     33.   -0.11740E+17   -0.13291E+15   -0.43080E+16   -0.10776E+17   -0.90422E+15    0.91700E+16                0.6646
    44    9   -2     42.     40.   -0.11697E+17    0.49810E+15   -0.25951E+16   -0.10640E+17    0.67431E+15    0.12148E+17                0.6672
    44    9   -1     40.     40.   -0.11971E+17    0.24618E+15   -0.32542E+16   -0.10387E+17    0.42632E+15    0.12124E+17                0.6713
    44    9    0     38.     40.   -0.12156E+17   -0.75468E+13   -0.38866E+16   -0.10061E+17    0.16154E+15    0.12008E+17                0.6674
    44   10   -1     38.     46.   -0.12150E+17    0.20663E+15   -0.30252E+16   -0.98261E+16    0.13867E+16    0.14823E+17                0.6686
    44   10    0     36.     45.   -0.12372E+17   -0.28425E+14   -0.36456E+16   -0.94952E+16    0.10981E+16    0.14708E+17                0.6656
    44   11   -1     35.     50.   -0.12315E+17    0.21495E+15   -0.26709E+16   -0.94686E+16    0.21665E+16    0.17045E+17                0.6677
    44   11    0     33.     49.   -0.12560E+17    0.85675E+13   -0.32572E+16   -0.91068E+16    0.18764E+16    0.16928E+17                0.6647
    45    7    1     18.     27.   -0.68728E+16   -0.58518E+16    0.13486E+16   -0.13803E+17    0.30917E+15    0.65614E+16                0.7273
    45    8    1     25.     36.   -0.71252E+16   -0.51406E+16    0.11218E+16   -0.13211E+17    0.12708E+16    0.93472E+16                0.7332
    45    8    2     28.     36.   -0.72456E+16   -0.50715E+16    0.54227E+15   -0.12952E+17    0.13733E+16    0.94919E+16                0.7288
    45    9    0     27.     41.   -0.71548E+16   -0.46904E+16    0.14099E+16   -0.12892E+17    0.20473E+16    0.11456E+17                0.7273
    45    9    1     30.     42.   -0.73559E+16   -0.46502E+16    0.90695E+15   -0.12755E+17    0.21327E+16    0.11639E+17                0.7347
    45    9    2     33.     42.   -0.75001E+16   -0.45708E+16    0.39108E+15   -0.12515E+17    0.21938E+16    0.11737E+17                0.7312
    45   10    1     33.     46.   -0.75500E+16   -0.45074E+16    0.79434E+15   -0.12304E+17    0.30103E+16    0.13758E+17                0.7330
    45   10    2     36.     46.   -0.77188E+16   -0.44071E+16    0.30727E+15   -0.12073E+17    0.30370E+16    0.13834E+17                0.7302
    45   11    1     34.     50.   -0.77057E+16   -0.41848E+16    0.79764E+15   -0.12075E+17    0.36480E+16    0.15498E+17                0.7318
    45   11    2     37.     50.   -0.78916E+16   -0.40694E+16    0.34729E+15   -0.11833E+17    0.36578E+16    0.15539E+17                0.7285
    45   12    1     34.     52.   -0.78539E+16   -0.39572E+16    0.76119E+15   -0.11897E+17    0.42657E+16    0.16983E+17                0.7273
    46    7   -2     39.     36.   -0.79534E+16   -0.27732E+15   -0.19782E+16   -0.95293E+16    0.37474E+15    0.79929E+16                0.6338
    46    7   -1     36.     36.   -0.79748E+16   -0.43345E+15   -0.23428E+16   -0.96412E+16    0.87799E+14    0.80089E+16                0.6377
    46    7    0     33.     36.   -0.79294E+16   -0.58254E+15   -0.26919E+16   -0.96915E+16   -0.22078E+15    0.79532E+16                0.6320
    46    8   -2     46.     43.   -0.85326E+16   -0.26882E+15   -0.14469E+16   -0.87832E+16    0.13282E+16    0.10352E+17                0.6357
    46    8   -1     44.     43.   -0.85450E+16   -0.42914E+15   -0.17851E+16   -0.88703E+16    0.10632E+16    0.10445E+17                0.6394
    46    8    0     41.     43.   -0.84864E+16   -0.58271E+15   -0.21126E+16   -0.89002E+16    0.77038E+15    0.10452E+17                0.6337
    46    9   -2     45.     48.   -0.89804E+16   -0.26536E+15   -0.11025E+16   -0.82471E+16    0.21149E+16    0.12208E+17                0.6347
    46    9   -1     44.     48.   -0.89831E+16   -0.42164E+15   -0.14188E+16   -0.83206E+16    0.18604E+16    0.12362E+17                0.6385
    46    9    0     43.     48.   -0.89117E+16   -0.57150E+15   -0.17272E+16   -0.83401E+16    0.15730E+16    0.12421E+17                0.6328
    46   10   -1     36.     52.   -0.92606E+16   -0.44798E+15   -0.11983E+16   -0.77890E+16    0.26698E+16    0.14287E+17                0.6348
    47    7   -1     27.     26.   -0.95368E+16   -0.30243E+16    0.14570E+16   -0.14550E+17   -0.71133E+15    0.67313E+16                0.7071
    47    7    0     29.     27.   -0.95929E+16   -0.37632E+16    0.11353E+16   -0.14185E+17   -0.48980E+15    0.71016E+16                0.7088
    47    8   -1     32.     32.   -0.98613E+16   -0.26220E+16    0.11993E+16   -0.14149E+17    0.26742E+14    0.89611E+16                0.7093
    47    8    0     34.     33.   -0.99355E+16   -0.32630E+16    0.91287E+15   -0.13812E+17    0.19514E+15    0.92468E+16                0.7110
    47    9   -1     36.     36.   -0.10150E+17   -0.22844E+16    0.10263E+16   -0.13924E+17    0.65819E+15    0.10767E+17                0.7096
    47    9    0     37.     37.   -0.10239E+17   -0.28571E+16    0.76640E+15   -0.13600E+17    0.78668E+15    0.10991E+17                0.7110
    47   10   -1     38.     39.   -0.10390E+17   -0.21119E+16    0.97135E+15   -0.13795E+17    0.12453E+16    0.12322E+17                0.7084
    47   10    0     39.     40.   -0.10493E+17   -0.26581E+16    0.71997E+15   -0.13468E+17    0.13494E+16    0.12513E+17                0.7093
    47   11   -1     40.     42.   -0.10563E+17   -0.19126E+16    0.90540E+15   -0.13740E+17    0.18192E+16    0.13666E+17                0.7054
    47   11    0     41.     42.   -0.10680E+17   -0.24135E+16    0.66948E+15   -0.13416E+17    0.18919E+16    0.13815E+17                0.7059
    48    7    3     22.     26.   -0.11863E+17    0.27328E+15    0.58840E+16   -0.16778E+17   -0.12154E+16    0.81450E+16                0.8064
    48    7    4     17.     25.   -0.12004E+17    0.15102E+16    0.78388E+16   -0.16721E+17   -0.16249E+16    0.78995E+16                0.8029
    48    8    2     32.     32.   -0.11908E+17   -0.91092E+15    0.34326E+16   -0.16218E+17    0.62429E+14    0.10734E+17                0.8012
    48    8    3     27.     32.   -0.12149E+17    0.19414E+15    0.52432E+16   -0.16283E+17   -0.34430E+15    0.10607E+17                0.8068
    48    8    4     23.     31.   -0.12291E+17    0.13058E+16    0.69956E+16   -0.16211E+17   -0.76078E+15    0.10398E+17                0.8025
    48    9    2     35.     36.   -0.12182E+17   -0.86380E+15    0.31277E+16   -0.15957E+17    0.78056E+15    0.12665E+17                0.8014
    48    9    3     31.     36.   -0.12426E+17    0.14489E+15    0.47798E+16   -0.16003E+17    0.37320E+15    0.12587E+17                0.8064
    48    9    4     27.     35.   -0.12570E+17    0.11595E+16    0.63788E+16   -0.15914E+17   -0.49912E+14    0.12412E+17                0.8015
    48   10    3     32.     39.   -0.12657E+17    0.13584E+15    0.47139E+16   -0.15829E+17    0.10205E+16    0.14284E+17                0.8051
    48   11    3     34.     41.   -0.12808E+17    0.12440E+15    0.44996E+16   -0.15773E+17    0.16251E+16    0.15758E+17                0.8032
    49   12    1     49.     43.   -0.11279E+17   -0.47773E+16   -0.17775E+16   -0.98508E+16    0.29592E+16    0.13346E+17                0.8011
    49   12    2     50.     43.   -0.11197E+17   -0.47784E+16   -0.15534E+16   -0.10322E+17    0.22076E+16    0.13354E+17                0.8033
    49   13    1     43.     46.   -0.11472E+17   -0.46048E+16   -0.17052E+16   -0.96701E+16    0.35176E+16    0.14715E+17                0.8028
    49   13    2     47.     46.   -0.11408E+17   -0.45924E+16   -0.14938E+16   -0.10123E+17    0.27887E+16    0.14838E+17                0.8055
    49   14    1     40.     48.   -0.11661E+17   -0.43812E+16   -0.15735E+16   -0.96999E+16    0.38355E+16    0.16072E+17                0.8059
    49   14    2     44.     48.   -0.11605E+17   -0.43587E+16   -0.13705E+16   -0.10116E+17    0.31425E+16    0.16277E+17                0.8079
    49   15    1     33.     51.   -0.11826E+17   -0.45728E+16   -0.16030E+16   -0.94470E+16    0.44462E+16    0.18065E+17                0.8072
    49   15    2     37.     51.   -0.11776E+17   -0.45422E+16   -0.13869E+16   -0.98565E+16    0.37576E+16    0.18345E+17                0.8092
    49   16    1     30.     53.   -0.11947E+17   -0.44933E+16   -0.15436E+16   -0.94211E+16    0.48140E+16    0.19475E+17                0.8070
    49   16    2     34.     53.   -0.11911E+17   -0.44544E+16   -0.13350E+16   -0.98131E+16    0.41446E+16    0.19839E+17                0.8091
    50    7   -4     22.     30.   -0.96014E+16    0.20224E+16   -0.29119E+16   -0.12952E+17   -0.14459E+16    0.78221E+16                0.7225
    50    7   -3     20.     30.   -0.97873E+16    0.17737E+16   -0.34422E+16   -0.12938E+17   -0.16726E+16    0.80210E+16                0.7308
    50    7   -2     19.     30.   -0.98947E+16    0.15138E+16   -0.39453E+16   -0.12837E+17   -0.19108E+16    0.81445E+16                0.7286
    50    7   -1     17.     30.   -0.99227E+16    0.12456E+16   -0.44168E+16   -0.12650E+17   -0.21584E+16    0.81915E+16                0.7158
    50    8   -4     33.     38.   -0.10456E+17    0.17658E+16   -0.22924E+16   -0.11975E+17   -0.33335E+15    0.10934E+17                0.7205
    50    8   -3     31.     38.   -0.10660E+17    0.15078E+16   -0.27652E+16   -0.11940E+17   -0.54856E+15    0.11188E+17                0.7287
    50    8   -2     30.     38.   -0.10780E+17    0.12406E+16   -0.32168E+16   -0.11825E+17   -0.78254E+15    0.11350E+17                0.7264
    50    9   -4     38.     43.   -0.11069E+17    0.16078E+16   -0.18826E+16   -0.11306E+17    0.56805E+15    0.13414E+17                0.7160
    50    9   -3     37.     43.   -0.11285E+17    0.13531E+16   -0.23127E+16   -0.11256E+17    0.36100E+15    0.13716E+17                0.7240
    50    9   -2     35.     43.   -0.11412E+17    0.10903E+16   -0.27257E+16   -0.11129E+17    0.12905E+15    0.13910E+17                0.7217
    51    7   -5     32.     23.   -0.10011E+17    0.36250E+16   -0.13796E+15   -0.12767E+17   -0.15594E+16    0.55115E+16                0.6979
    51    7   -4     32.     23.   -0.10356E+17    0.34581E+16   -0.11567E+16   -0.12481E+17   -0.16288E+16    0.57264E+16                0.7046
    51    7   -3     30.     24.   -0.10621E+17    0.32541E+16   -0.21638E+16   -0.12102E+17   -0.16987E+16    0.58913E+16                0.7029
    51    7   -2     27.     24.   -0.10802E+17    0.30155E+16   -0.31501E+16   -0.11635E+17   -0.17693E+16    0.60038E+16                0.6933
    51    8   -5     39.     33.   -0.10246E+17    0.32736E+16   -0.33154E+14   -0.11830E+17   -0.23317E+15    0.90125E+16                0.6968
    51    8   -4     38.     34.   -0.10628E+17    0.31237E+16   -0.93713E+15   -0.11525E+17   -0.30658E+15    0.92324E+16                0.7038
    51    8   -3     36.     34.   -0.10927E+17    0.29410E+16   -0.18318E+16   -0.11134E+17   -0.39108E+15    0.93776E+16                0.7028
    51    8   -2     33.     35.   -0.11142E+17    0.27278E+16   -0.27089E+16   -0.10663E+17   -0.48645E+15    0.94464E+16                0.6937
    51    9   -4     42.     41.   -0.10823E+17    0.28605E+16   -0.79069E+15   -0.10854E+17    0.79545E+15    0.12041E+17                0.6998
    51    9   -3     39.     41.   -0.11158E+17    0.27002E+16   -0.16042E+16   -0.10458E+17    0.68807E+15    0.12172E+17                0.6994
    51   10   -4     42.     47.   -0.10846E+17    0.26698E+16   -0.59722E+15   -0.10382E+17    0.17700E+16    0.14693E+17                0.6933
    52    7    2     28.     24.   -0.11032E+17   -0.16562E+16    0.49041E+16   -0.19591E+17    0.16921E+16    0.76642E+16                0.8557
    52    7    3     34.     27.   -0.10814E+17   -0.34375E+16    0.34454E+16   -0.18768E+17    0.28428E+16    0.85620E+16                0.8573
    52    8    2     34.     29.   -0.11260E+17   -0.16981E+16    0.36996E+16   -0.19245E+17    0.25754E+16    0.99392E+16                0.8556
    52    8    3     40.     31.   -0.11058E+17   -0.31990E+16    0.24562E+16   -0.18480E+17    0.35837E+16    0.10560E+17                0.8555
    52    9    2     40.     33.   -0.11533E+17   -0.15888E+16    0.28625E+16   -0.19080E+17    0.34914E+16    0.11843E+17                0.8549
    52    9    3     44.     35.   -0.11321E+17   -0.29132E+16    0.17830E+16   -0.18346E+17    0.44051E+16    0.12236E+17                0.8527
    52   10    2     44.     36.   -0.11850E+17   -0.14544E+16    0.23423E+16   -0.19008E+17    0.45165E+16    0.13491E+17                0.8543
    52   10    3     48.     37.   -0.11617E+17   -0.27094E+16    0.13582E+16   -0.18275E+17    0.53735E+16    0.13731E+17                0.8496
    52   11    2     47.     38.   -0.12009E+17   -0.14503E+16    0.19203E+16   -0.19153E+17    0.55076E+16    0.14793E+17                0.8528
    52   12    2     50.     39.   -0.12209E+17   -0.13867E+16    0.15943E+16   -0.19407E+17    0.65047E+16    0.15837E+17                0.8498
    53    9    2     45.     33.   -0.99010E+16   -0.54614E+16   -0.14028E+16   -0.13223E+17    0.17866E+16    0.95152E+16                0.7567
    53   10    1     48.     37.   -0.10060E+17   -0.50177E+16   -0.11885E+16   -0.13228E+17    0.25587E+16    0.11073E+17                0.7577
    53   10    2     49.     37.   -0.10254E+17   -0.51335E+16   -0.15343E+16   -0.12986E+17    0.25565E+16    0.11164E+17                0.7616
    53   11    1     50.     40.   -0.10285E+17   -0.45134E+16   -0.10785E+16   -0.13145E+17    0.31778E+16    0.12469E+17                0.7613
    53   11    2     52.     40.   -0.10501E+17   -0.45925E+16   -0.13973E+16   -0.12883E+17    0.31639E+16    0.12524E+17                0.7642
    53   12    1     52.     42.   -0.10472E+17   -0.41985E+16   -0.10605E+16   -0.13093E+17    0.38197E+16    0.13629E+17                0.7600
    53   12    2     53.     42.   -0.10722E+17   -0.42413E+16   -0.13534E+16   -0.12836E+17    0.37687E+16    0.13663E+17                0.7628
    53   13    1     52.     44.   -0.10588E+17   -0.40700E+16   -0.11317E+16   -0.13073E+17    0.44165E+16    0.14534E+17                0.7567
    53   13    2     53.     44.   -0.10872E+17   -0.40846E+16   -0.14079E+16   -0.12819E+17    0.43276E+16    0.14556E+17                0.7595
    53   14    2     51.     45.   -0.11038E+17   -0.39160E+16   -0.13783E+16   -0.12909E+17    0.47537E+16    0.15348E+17                0.7563
    54    7    1     24.     23.   -0.75927E+16   -0.50184E+16    0.24014E+16   -0.15677E+17    0.14341E+16    0.57484E+16                0.7505
    54    8    1     30.     32.   -0.77963E+16   -0.44712E+16    0.20644E+16   -0.15170E+17    0.24664E+16    0.85137E+16                0.7567
    54    8    2     32.     32.   -0.77721E+16   -0.46021E+16    0.17997E+16   -0.14949E+17    0.27195E+16    0.85644E+16                0.7525
    54    9    1     35.     37.   -0.80040E+16   -0.40723E+16    0.17732E+16   -0.14788E+17    0.34288E+16    0.10808E+17                0.7585
    54    9    2     37.     38.   -0.79997E+16   -0.41708E+16    0.15434E+16   -0.14582E+17    0.36255E+16    0.10795E+17                0.7546
    54   10    1     37.     42.   -0.81985E+16   -0.39550E+16    0.16399E+16   -0.14425E+17    0.44157E+16    0.12880E+17                0.7575
    54   10    2     38.     42.   -0.82164E+16   -0.40224E+16    0.14276E+16   -0.14217E+17    0.45691E+16    0.12830E+17                0.7537
    54   11    1     37.     45.   -0.83724E+16   -0.36819E+16    0.15920E+16   -0.14289E+17    0.51472E+16    0.14617E+17                0.7571
    54   11    2     38.     45.   -0.84061E+16   -0.37199E+16    0.13959E+16   -0.14062E+17    0.52685E+16    0.14523E+17                0.7523
    54   12    1     37.     48.   -0.85625E+16   -0.34830E+16    0.15167E+16   -0.14194E+17    0.58557E+16    0.16106E+17                0.7532
    55    7   -1     36.     28.   -0.10011E+17   -0.50792E+16   -0.89526E+15   -0.13666E+17   -0.24232E+14    0.78398E+16                0.7962
    55    7    0     35.     29.   -0.10120E+17   -0.52744E+16   -0.52454E+15   -0.13642E+17   -0.13964E+15    0.79224E+16                0.7997
    55    8   -1     40.     33.   -0.10548E+17   -0.44587E+16   -0.69799E+15   -0.13314E+17    0.51038E+15    0.98184E+16                0.7962
    55    8    0     39.     34.   -0.10669E+17   -0.46365E+16   -0.38721E+15   -0.13288E+17    0.38983E+15    0.99201E+16                0.8000
    55    8    1     38.     34.   -0.10695E+17   -0.47577E+16   -0.74070E+14   -0.13160E+17    0.25264E+15    0.99379E+16                0.7904
    55    9   -1     43.     37.   -0.11003E+17   -0.40014E+16   -0.56512E+15   -0.13132E+17    0.95212E+15    0.11411E+17                0.7949
    55    9    0     42.     37.   -0.11135E+17   -0.41668E+16   -0.29363E+15   -0.13102E+17    0.82750E+15    0.11530E+17                0.7989
    55   10   -1     44.     39.   -0.11359E+17   -0.38516E+16   -0.48104E+15   -0.13017E+17    0.13861E+16    0.12819E+17                0.7919
    55   10    0     43.     40.   -0.11499E+17   -0.40173E+16   -0.22584E+15   -0.12984E+17    0.12582E+16    0.12956E+17                0.7961
    55   11    0     44.     42.   -0.11760E+17   -0.37211E+16   -0.16837E+15   -0.12963E+17    0.16745E+16    0.14171E+17                0.7920
    56    8    0     35.     28.   -0.98581E+16   -0.27128E+16    0.13763E+16   -0.15407E+17    0.83982E+15    0.77403E+16                0.7618
    56    8    1     36.     28.   -0.97527E+16   -0.34823E+16    0.12189E+16   -0.15113E+17    0.11498E+16    0.78558E+16                0.7630
    56    9    0     40.     34.   -0.10114E+17   -0.23988E+16    0.11360E+16   -0.15016E+17    0.18114E+16    0.10091E+17                0.7637
    56    9    1     41.     34.   -0.10027E+17   -0.30787E+16    0.99943E+15   -0.14741E+17    0.20561E+16    0.10122E+17                0.7652
    56   10    0     43.     38.   -0.10328E+17   -0.22658E+16    0.10252E+16   -0.14732E+17    0.27608E+16    0.12114E+17                0.7633
    56   10    1     44.     38.   -0.10265E+17   -0.28976E+16    0.89700E+15   -0.14448E+17    0.29636E+16    0.12094E+17                0.7646
    56   11    0     45.     42.   -0.10500E+17   -0.20724E+16    0.10003E+16   -0.14642E+17    0.35698E+16    0.13861E+17                0.7633
    56   11    1     45.     42.   -0.10452E+17   -0.26397E+16    0.88018E+15   -0.14341E+17    0.37318E+16    0.13782E+17                0.7637
    56   12    0     46.     44.   -0.10668E+17   -0.19433E+16    0.96048E+15   -0.14616E+17    0.43720E+16    0.15326E+17                0.7599
    56   12    1     45.     44.   -0.10641E+17   -0.24552E+16    0.84709E+15   -0.14303E+17    0.44848E+16    0.15200E+17                0.7598
    57    9    2     55.     32.   -0.10316E+17   -0.35518E+16   -0.32282E+15   -0.12571E+17    0.27740E+16    0.87062E+16                0.7107
    57    9    3     57.     32.   -0.10385E+17   -0.36625E+16   -0.57434E+15   -0.12410E+17    0.28529E+16    0.85990E+16                0.7120
    57   10    2     55.     37.   -0.10636E+17   -0.33105E+16   -0.39174E+15   -0.12198E+17    0.37232E+16    0.10716E+17                0.7149
    57   10    3     56.     37.   -0.10741E+17   -0.33862E+16   -0.63372E+15   -0.12048E+17    0.37679E+16    0.10581E+17                0.7169
    57   11    2     49.     41.   -0.10878E+17   -0.29367E+16   -0.26103E+15   -0.11972E+17    0.44982E+16    0.12401E+17                0.7175
    57   11    3     49.     41.   -0.11000E+17   -0.29833E+16   -0.49065E+15   -0.11797E+17    0.45356E+16    0.12229E+17                0.7185
    57   12    2     42.     44.   -0.11094E+17   -0.27200E+16   -0.19447E+15   -0.11802E+17    0.52720E+16    0.13832E+17                0.7162
    57   12    3     42.     44.   -0.11242E+17   -0.27364E+16   -0.41139E+15   -0.11630E+17    0.52742E+16    0.13634E+17                0.7170
    57   13    2     36.     46.   -0.11212E+17   -0.26905E+16   -0.14511E+15   -0.11734E+17    0.59109E+16    0.15028E+17                0.7126
    57   13    3     36.     46.   -0.11391E+17   -0.26794E+16   -0.35677E+15   -0.11559E+17    0.58810E+16    0.14812E+17                0.7134
    58    9    0     30.     39.   -0.80003E+16   -0.65347E+16   -0.21466E+16   -0.10828E+17    0.96915E+14    0.10745E+17                0.7338
    58   10    0     34.     43.   -0.82031E+16   -0.63522E+16   -0.21640E+16   -0.10506E+17    0.71761E+15    0.12379E+17                0.7345
    58   10    1     32.     43.   -0.82497E+16   -0.63757E+16   -0.25991E+16   -0.10405E+17    0.30969E+15    0.12610E+17                0.7337
    58   11    0     36.     46.   -0.83339E+16   -0.58500E+16   -0.20184E+16   -0.10403E+17    0.11099E+16    0.13781E+17                0.7373
    58   11    1     34.     46.   -0.84071E+16   -0.58551E+16   -0.24168E+16   -0.10268E+17    0.72918E+15    0.14046E+17                0.7367
    58   12    0     37.     48.   -0.84117E+16   -0.55312E+16   -0.19755E+16   -0.10322E+17    0.15013E+16    0.14998E+17                0.7358
    58   12    1     36.     49.   -0.85166E+16   -0.55195E+16   -0.23421E+16   -0.10178E+17    0.11223E+16    0.15299E+17                0.7363
    58   13    0     38.     50.   -0.84405E+16   -0.53333E+16   -0.19904E+16   -0.10282E+17    0.18671E+16    0.16036E+17                0.7319
    58   13    1     37.     51.   -0.85771E+16   -0.53085E+16   -0.23317E+16   -0.10137E+17    0.14820E+16    0.16374E+17                0.7336
    58   14    1     37.     52.   -0.86434E+16   -0.50837E+16   -0.22737E+16   -0.10218E+17    0.17343E+16    0.17413E+17                0.7320
    59   11    0     40.     50.   -0.88674E+16   -0.32939E+16   -0.21741E+16   -0.92518E+16    0.86363E+15    0.15185E+17                0.6961
    59   12    0     42.     53.   -0.90561E+16   -0.31455E+16   -0.20432E+16   -0.89540E+16    0.13403E+16    0.16836E+17                0.6981
    59   12    1     35.     53.   -0.88235E+16   -0.29032E+16   -0.24031E+16   -0.93429E+16    0.66493E+15    0.17202E+17                0.6971
    59   13    0     43.     55.   -0.92387E+16   -0.30856E+16   -0.19710E+16   -0.86691E+16    0.17697E+16    0.18203E+17                0.6967
    59   13    1     37.     56.   -0.90104E+16   -0.28469E+16   -0.23148E+16   -0.90520E+16    0.11189E+16    0.18689E+17                0.6965
    59   14    0     42.     57.   -0.94143E+16   -0.29555E+16   -0.18830E+16   -0.86119E+16    0.19455E+16    0.19596E+17                0.6982
    59   14    1     37.     58.   -0.91880E+16   -0.27178E+16   -0.22140E+16   -0.89709E+16    0.13320E+16    0.20165E+17                0.6981
    59   15    0     36.     60.   -0.95638E+16   -0.31315E+16   -0.19696E+16   -0.81946E+16    0.24279E+16    0.21720E+17                0.6975
    59   15    1     37.     60.   -0.93409E+16   -0.28740E+16   -0.23181E+16   -0.85467E+16    0.18392E+16    0.22378E+17                0.6980
    59   16    1     35.     62.   -0.94852E+16   -0.28467E+16   -0.22717E+16   -0.83692E+16    0.20789E+16    0.23856E+17                0.6966
    60    9    4     49.     37.   -0.13111E+17   -0.13135E+16    0.11944E+16   -0.16223E+17    0.28873E+16    0.13406E+17                0.6883
    60    9    5     51.     38.   -0.13126E+17   -0.16063E+16    0.95198E+15   -0.15655E+17    0.31214E+16    0.13575E+17                0.6842
    60   10    3     51.     40.   -0.13382E+17   -0.75607E+15    0.11845E+16   -0.16481E+17    0.35919E+16    0.15135E+17                0.6852
    60   10    4     52.     40.   -0.13524E+17   -0.10067E+16    0.10007E+16   -0.16048E+17    0.37972E+16    0.15366E+17                0.6914
    60   10    5     52.     41.   -0.13558E+17   -0.12467E+16    0.79519E+15   -0.15477E+17    0.39612E+16    0.15466E+17                0.6867
    60   11    3     52.     42.   -0.13675E+17   -0.48792E+15    0.11133E+16   -0.16428E+17    0.44629E+16    0.16761E+17                0.6855
    60   11    4     52.     42.   -0.13833E+17   -0.68107E+15    0.95173E+15   -0.15973E+17    0.46141E+16    0.16920E+17                0.6904
    60   11    5     51.     43.   -0.13881E+17   -0.86635E+15    0.76944E+15   -0.15382E+17    0.47162E+16    0.16936E+17                0.6844
    60   12    3     51.     44.   -0.13958E+17   -0.33782E+15    0.10037E+16   -0.16454E+17    0.53562E+16    0.18115E+17                0.6832
    60   12    4     49.     44.   -0.14138E+17   -0.48398E+15    0.85877E+15   -0.15988E+17    0.54414E+16    0.18215E+17                0.6872
    61    7   -2     10.     19.   -0.90911E+16   -0.38585E+15    0.41937E+16   -0.16465E+17   -0.22889E+16    0.50634E+16                0.6841
    61    7   -1     16.     22.   -0.92606E+16   -0.11536E+16    0.31658E+16   -0.15990E+17   -0.17314E+16    0.56789E+16                0.6866
    61    7    0     22.     24.   -0.93586E+16   -0.19066E+16    0.21055E+16   -0.15377E+17   -0.11622E+16    0.62514E+16                0.6812
    61    8   -2     19.     30.   -0.92973E+16   -0.57207E+15    0.34667E+16   -0.15710E+17   -0.10337E+16    0.85808E+16                0.6826
    61    8   -1     24.     31.   -0.95166E+16   -0.12156E+16    0.25481E+16   -0.15280E+17   -0.56260E+15    0.90577E+16                0.6864
    61    8    0     29.     33.   -0.96636E+16   -0.18442E+16    0.16026E+16   -0.14719E+17   -0.91088E+14    0.94631E+16                0.6824
    61    9   -2     25.     37.   -0.94560E+16   -0.59642E+15    0.29749E+16   -0.15138E+17    0.12187E+15    0.11433E+17                0.6785
    61    9   -1     30.     38.   -0.97192E+16   -0.11550E+16    0.21387E+16   -0.14741E+17    0.51908E+15    0.11808E+17                0.6830
    61    9    0     34.     39.   -0.99094E+16   -0.16993E+16    0.12794E+16   -0.14217E+17    0.90681E+15    0.12089E+17                0.6797
    61   10   -1     33.     43.   -0.98426E+16   -0.11547E+16    0.19894E+16   -0.14287E+17    0.15972E+16    0.14234E+17                0.6785
    62    9   -1     43.     43.   -0.87858E+16   -0.37309E+16   -0.16025E+16   -0.95352E+16    0.88566E+15    0.11643E+17                0.6569
    62    9    0     40.     43.   -0.87908E+16   -0.38084E+16   -0.20716E+16   -0.95713E+16    0.37596E+15    0.11751E+17                0.6589
    62   10   -1     46.     48.   -0.89813E+16   -0.36403E+16   -0.15150E+16   -0.91110E+16    0.16410E+16    0.13506E+17                0.6565
    62   10    0     44.     47.   -0.90132E+16   -0.37088E+16   -0.19711E+16   -0.91300E+16    0.11381E+16    0.13687E+17                0.6599
    62   11   -1     46.     51.   -0.90840E+16   -0.33449E+16   -0.13558E+16   -0.90234E+16    0.20796E+16    0.15055E+17                0.6587
    62   11    0     45.     51.   -0.91359E+16   -0.33986E+16   -0.17805E+16   -0.89964E+16    0.16101E+16    0.15296E+17                0.6623
    62   11    1     43.     51.   -0.91160E+16   -0.34220E+16   -0.21926E+16   -0.89089E+16    0.11164E+16    0.15432E+17                0.6574
    62   12    0     46.     53.   -0.92003E+16   -0.32128E+16   -0.16852E+16   -0.88929E+16    0.20907E+16    0.16693E+17                0.6607
    62   12    1     44.     53.   -0.92021E+16   -0.32246E+16   -0.20718E+16   -0.87866E+16    0.16015E+16    0.16880E+17                0.6566
    62   13    0     42.     55.   -0.92152E+16   -0.31055E+16   -0.16439E+16   -0.88454E+16    0.25446E+16    0.17884E+17                0.6568
    63    8    2     43.     33.   -0.10642E+17   -0.15979E+16    0.17468E+16   -0.77699E+16    0.17221E+16    0.71300E+16                0.5672
    63    8    3     36.     33.   -0.10525E+17   -0.25508E+16    0.20174E+16   -0.76776E+16    0.17602E+16    0.70784E+16                0.5673
    63    9    2     36.     38.   -0.10996E+17   -0.13465E+16    0.15609E+16   -0.73715E+16    0.24649E+16    0.87421E+16                0.5701
    63    9    3     31.     38.   -0.10878E+17   -0.22088E+16    0.18108E+16   -0.72868E+16    0.24799E+16    0.86651E+16                0.5703
    63   10    2     27.     42.   -0.11288E+17   -0.12589E+16    0.15640E+16   -0.70261E+16    0.31089E+16    0.10337E+17                0.5701
    63   10    3     24.     42.   -0.11174E+17   -0.20879E+16    0.18067E+16   -0.69363E+16    0.31119E+16    0.10239E+17                0.5705
    63   11    2     21.     45.   -0.11571E+17   -0.11100E+16    0.15046E+16   -0.67793E+16    0.36205E+16    0.11555E+17                0.5687
    63   11    3     19.     45.   -0.11455E+17   -0.18785E+16    0.17305E+16   -0.66809E+16    0.36121E+16    0.11437E+17                0.5689
    63   12    2     16.     47.   -0.11848E+17   -0.10146E+16    0.14660E+16   -0.65740E+16    0.40790E+16    0.12570E+17                0.5657
    63   12    3     14.     47.   -0.11731E+17   -0.17333E+16    0.16773E+16   -0.64736E+16    0.40547E+16    0.12436E+17                0.5659
    64   11    1     58.     40.   -0.11278E+17   -0.46433E+16   -0.22094E+16   -0.10982E+17    0.30210E+16    0.12066E+17                0.8393
    64   12    1     50.     43.   -0.11493E+17   -0.43524E+16   -0.19960E+16   -0.10778E+17    0.36953E+16    0.13658E+17                0.8427
    64   13    1     44.     46.   -0.11626E+17   -0.42320E+16   -0.18875E+16   -0.10649E+17    0.43039E+16    0.14979E+17                0.8428
    64   13    2     49.     45.   -0.11525E+17   -0.42200E+16   -0.16017E+16   -0.11085E+17    0.35894E+16    0.15014E+17                0.8387
    64   14    0     35.     48.   -0.11784E+17   -0.40259E+16   -0.19901E+16   -0.10234E+17    0.53516E+16    0.16034E+17                0.8383
    64   14    1     40.     48.   -0.11772E+17   -0.40453E+16   -0.17240E+16   -0.10719E+17    0.47068E+16    0.16252E+17                0.8443
    64   14    2     44.     47.   -0.11673E+17   -0.40276E+16   -0.14489E+16   -0.11120E+17    0.40188E+16    0.16374E+17                0.8394
    64   15    1     33.     51.   -0.11878E+17   -0.42467E+16   -0.17328E+16   -0.10519E+17    0.54078E+16    0.18150E+17                0.8439
    64   15    2     38.     50.   -0.11782E+17   -0.42264E+16   -0.14421E+16   -0.10913E+17    0.47138E+16    0.18342E+17                0.8391
    64   16    1     30.     52.   -0.11923E+17   -0.41984E+16   -0.16580E+16   -0.10569E+17    0.58789E+16    0.19449E+17                0.8422
    65    7    2     39.     27.   -0.95244E+16   -0.15030E+16    0.30316E+16   -0.10730E+17    0.11285E+16    0.59204E+16                0.5920
    65    7    3     35.     28.   -0.93958E+16   -0.24244E+16    0.29927E+16   -0.10403E+17    0.14444E+16    0.61253E+16                0.5902
    65    8    1     46.     33.   -0.99116E+16   -0.42287E+15    0.25752E+16   -0.10426E+17    0.17252E+16    0.78709E+16                0.5881
    65    8    2     42.     34.   -0.98735E+16   -0.12321E+16    0.25754E+16   -0.10218E+17    0.20042E+16    0.80346E+16                0.5950
    65    8    3     38.     35.   -0.97510E+16   -0.20304E+16    0.25494E+16   -0.99267E+16    0.22554E+16    0.81270E+16                0.5932
    65    9    1     45.     38.   -0.10221E+17   -0.28329E+15    0.22693E+16   -0.10058E+17    0.24831E+16    0.96146E+16                0.5882
    65    9    2     41.     38.   -0.10189E+17   -0.10072E+16    0.22743E+16   -0.98639E+16    0.27229E+16    0.97102E+16                0.5950
    65    9    3     37.     39.   -0.10071E+17   -0.17222E+16    0.22562E+16   -0.95883E+16    0.29288E+16    0.97222E+16                0.5931
    65   10    2     37.     42.   -0.10446E+17   -0.90060E+15    0.22302E+16   -0.95749E+16    0.33630E+16    0.11322E+17                0.5923
    65   10    3     33.     43.   -0.10336E+17   -0.15814E+16    0.22134E+16   -0.92921E+16    0.35441E+16    0.11280E+17                0.5902
    66    8    1     43.     28.   -0.95581E+16   -0.39035E+16    0.98590E+15   -0.12223E+17    0.15140E+16    0.67935E+16                0.7080
    66    8    2     43.     28.   -0.94573E+16   -0.43465E+16    0.85883E+15   -0.12037E+17    0.16223E+16    0.67925E+16                0.7064
    66    9    1     47.     33.   -0.99081E+16   -0.33780E+16    0.79337E+15   -0.11893E+17    0.23263E+16    0.86651E+16                0.7136
    66    9    2     47.     33.   -0.98236E+16   -0.37701E+16    0.68160E+15   -0.11725E+17    0.23961E+16    0.86217E+16                0.7127
    66   10    1     47.     38.   -0.10181E+17   -0.31660E+16    0.71162E+15   -0.11617E+17    0.30879E+16    0.10307E+17                0.7146
    66   10    2     47.     38.   -0.10118E+17   -0.35259E+16    0.60424E+15   -0.11450E+17    0.31354E+16    0.10239E+17                0.7144
    66   11    1     46.     41.   -0.10411E+17   -0.28252E+16    0.70456E+15   -0.11493E+17    0.36819E+16    0.11683E+17                0.7156
    66   11    2     45.     41.   -0.10356E+17   -0.31469E+16    0.60311E+15   -0.11309E+17    0.37201E+16    0.11580E+17                0.7147
    66   12    1     43.     43.   -0.10611E+17   -0.26177E+16    0.67114E+15   -0.11396E+17    0.42692E+16    0.12832E+17                0.7121
    66   12    2     42.     43.   -0.10571E+17   -0.29038E+16    0.57632E+15   -0.11211E+17    0.42808E+16    0.12705E+17                0.7113
    67    9    2     40.     37.   -0.94804E+16   -0.43344E+16    0.15713E+15   -0.14047E+17    0.23101E+16    0.11012E+17                0.6965
    67    9    3     42.     37.   -0.96281E+16   -0.42750E+16   -0.45033E+14   -0.13818E+17    0.23617E+16    0.11074E+17                0.6965
    67   10    2     44.     41.   -0.97657E+16   -0.41212E+16    0.10209E+14   -0.13711E+17    0.32508E+16    0.12995E+17                0.7002
    67   10    3     46.     41.   -0.99431E+16   -0.40287E+16   -0.16815E+15   -0.13490E+17    0.32623E+16    0.13036E+17                0.7007
    67   11    2     45.     44.   -0.99917E+16   -0.37186E+16    0.68861E+14   -0.13565E+17    0.39572E+16    0.14628E+17                0.7024
    67   11    3     47.     44.   -0.10186E+17   -0.36029E+16   -0.91301E+14   -0.13322E+17    0.39515E+16    0.14636E+17                0.7020
    67   12    2     45.     47.   -0.10214E+17   -0.34589E+16    0.49865E+14   -0.13474E+17    0.46610E+16    0.16017E+17                0.7011
    67   12    3     46.     47.   -0.10433E+17   -0.33227E+16   -0.94669E+14   -0.13229E+17    0.46154E+16    0.16002E+17                0.7006
    67   13    2     43.     48.   -0.10412E+17   -0.33373E+16   -0.39475E+14   -0.13427E+17    0.52972E+16    0.17155E+17                0.6982
    67   13    3     44.     48.   -0.10656E+17   -0.31854E+16   -0.17577E+15   -0.13178E+17    0.52136E+16    0.17125E+17                0.6975
    68   13    2     46.     44.   -0.12092E+17   -0.40673E+16   -0.26545E+16   -0.93465E+16    0.31190E+16    0.13885E+17                0.8259
    68   14    1     30.     47.   -0.12702E+17   -0.36524E+16   -0.27032E+16   -0.86579E+16    0.47489E+16    0.15239E+17                0.8298
    68   14    2     40.     47.   -0.12315E+17   -0.38409E+16   -0.24137E+16   -0.92842E+16    0.35400E+16    0.15608E+17                0.8298
    68   15    0     12.     50.   -0.13287E+17   -0.35162E+16   -0.29864E+16   -0.76347E+16    0.67153E+16    0.16967E+17                0.8253
    68   15    1     22.     51.   -0.12977E+17   -0.37520E+16   -0.27044E+16   -0.83171E+16    0.55300E+16    0.17538E+17                0.8339
    68   15    2     32.     51.   -0.12571E+17   -0.39544E+16   -0.24001E+16   -0.89368E+16    0.43057E+16    0.18016E+17                0.8334
    68   16    0      9.     53.   -0.13501E+17   -0.34486E+16   -0.27473E+16   -0.75774E+16    0.71401E+16    0.18547E+17                0.8284
    68   16    1     18.     53.   -0.13190E+17   -0.36717E+16   -0.24882E+16   -0.82322E+16    0.59814E+16    0.19246E+17                0.8367
    68   16    2     27.     53.   -0.12784E+17   -0.38624E+16   -0.22087E+16   -0.88251E+16    0.47796E+16    0.19842E+17                0.8358
    68   16    3     35.     54.   -0.12285E+17   -0.40192E+16   -0.19119E+16   -0.93509E+16    0.35458E+16    0.20326E+17                0.8258
    69    7   -2     63.     30.   -0.85929E+16    0.88832E+15    0.11026E+16   -0.67508E+16    0.11847E+16    0.51954E+16                0.5464
    69    7   -1     62.     30.   -0.85379E+16    0.61867E+15    0.10302E+16   -0.68867E+16    0.11799E+16    0.53107E+16                0.5493
    69    7    0     62.     30.   -0.84108E+16    0.33976E+15    0.94617E+15   -0.69776E+16    0.11527E+16    0.53797E+16                0.5436
    69    8   -2     48.     35.   -0.89500E+16    0.85108E+15    0.10221E+16   -0.64131E+16    0.19024E+16    0.66305E+16                0.5502
    69    8   -1     48.     36.   -0.88949E+16    0.59158E+15    0.95391E+15   -0.65388E+16    0.19120E+16    0.67738E+16                0.5533
    69    8    0     49.     36.   -0.87648E+16    0.32348E+15    0.87500E+15   -0.66211E+16    0.18943E+16    0.68629E+16                0.5479
    69    9   -2     37.     39.   -0.92553E+16    0.80739E+15    0.94901E+15   -0.61295E+16    0.24876E+16    0.77350E+16                0.5490
    69    9   -1     38.     39.   -0.92011E+16    0.56233E+15    0.88500E+15   -0.62561E+16    0.25013E+16    0.78996E+16                0.5525
    69    9    0     38.     40.   -0.90696E+16    0.30925E+15    0.81109E+15   -0.63410E+16    0.24838E+16    0.80042E+16                0.5475
    69   10   -2     28.     42.   -0.94903E+16    0.78543E+15    0.95954E+15   -0.58239E+16    0.30041E+16    0.88358E+16                0.5436
    69   10   -1     28.     43.   -0.94377E+16    0.53968E+15    0.89503E+15   -0.59497E+16    0.30236E+16    0.90239E+16                0.5475
    70   12    2     28.     63.   -0.78027E+16   -0.22361E+16    0.19460E+13   -0.79988E+16    0.55693E+15    0.21425E+17                0.6544
    70   13    2     29.     64.   -0.80738E+16   -0.21490E+16    0.16988E+14   -0.76670E+16    0.97880E+15    0.23013E+17                0.6559
    70   14    2     28.     66.   -0.83564E+16   -0.20570E+16    0.62786E+14   -0.74700E+16    0.12546E+16    0.24448E+17                0.6581
    70   14    3     31.     66.   -0.83238E+16   -0.17585E+16   -0.33679E+15   -0.75575E+16    0.10626E+16    0.24488E+17                0.6548
    70   15    1     20.     69.   -0.85969E+16   -0.24705E+16    0.53489E+15   -0.67193E+16    0.21160E+16    0.26630E+17                0.6538
    70   15    2     23.     69.   -0.86404E+16   -0.21562E+16    0.10995E+15   -0.68488E+16    0.19490E+16    0.26876E+17                0.6600
    70   15    3     26.     68.   -0.86098E+16   -0.18318E+16   -0.31439E+15   -0.69329E+16    0.17534E+16    0.26942E+17                0.6570
    70   16    1     18.     70.   -0.88815E+16   -0.24195E+16    0.55863E+15   -0.64894E+16    0.24356E+16    0.27969E+17                0.6548
    70   16    2     20.     70.   -0.89294E+16   -0.21032E+16    0.14102E+15   -0.66142E+16    0.22684E+16    0.28257E+17                0.6611
    70   16    3     23.     70.   -0.89013E+16   -0.17773E+16   -0.27627E+15   -0.66952E+16    0.20701E+16    0.28358E+17                0.6584
    71    9    1     35.     38.   -0.98750E+16   -0.34955E+16    0.66509E+15   -0.69985E+16    0.23822E+16    0.83198E+16                0.6258
    71    9    2     37.     38.   -0.97493E+16   -0.37350E+16    0.51618E+15   -0.70861E+16    0.21410E+16    0.82634E+16                0.6235
    71   10    1     26.     42.   -0.10183E+17   -0.33281E+16    0.68698E+15   -0.66180E+16    0.30459E+16    0.98188E+16                0.6280
    71   10    2     29.     42.   -0.10069E+17   -0.35529E+16    0.53888E+15   -0.67046E+16    0.28066E+16    0.97915E+16                0.6268
    71   11    0     20.     45.   -0.10445E+17   -0.27868E+16    0.82652E+15   -0.63510E+16    0.36285E+16    0.10929E+17                0.6220
    71   11    1     22.     45.   -0.10419E+17   -0.30141E+16    0.69543E+15   -0.64514E+16    0.34528E+16    0.11001E+17                0.6298
    71   11    2     24.     45.   -0.10309E+17   -0.32166E+16    0.55435E+15   -0.65079E+16    0.32397E+16    0.10997E+17                0.6284
    71   12    1     18.     48.   -0.10605E+17   -0.28195E+16    0.67810E+15   -0.62946E+16    0.38349E+16    0.12009E+17                0.6274
    71   12    2     20.     47.   -0.10503E+17   -0.30017E+16    0.54489E+15   -0.63460E+16    0.36251E+16    0.12032E+17                0.6264
    71   13    1     14.     49.   -0.10728E+17   -0.27189E+16    0.65799E+15   -0.61895E+16    0.41434E+16    0.12879E+17                0.6221
    72   10    1     41.     47.   -0.10623E+17   -0.11950E+16   -0.25583E+16   -0.10090E+17    0.71420E+15    0.14835E+17                0.6149
    72   11    0     40.     51.   -0.10765E+17   -0.92156E+15   -0.24026E+16   -0.96658E+16    0.19120E+16    0.16733E+17                0.6156
    72   11    1     41.     50.   -0.10868E+17   -0.10915E+16   -0.22566E+16   -0.98175E+16    0.13481E+16    0.16750E+17                0.6184
    72   12    0     37.     53.   -0.10994E+17   -0.92337E+15   -0.21941E+16   -0.94530E+16    0.25202E+16    0.18266E+17                0.6156
    72   12    1     40.     53.   -0.11102E+17   -0.10783E+16   -0.20553E+16   -0.95849E+16    0.19737E+16    0.18375E+17                0.6187
    72   13    0     33.     55.   -0.11216E+17   -0.96115E+15   -0.20502E+16   -0.92967E+16    0.30820E+16    0.19532E+17                0.6136
    72   13    1     37.     55.   -0.11329E+17   -0.11038E+16   -0.19182E+16   -0.94196E+16    0.25435E+16    0.19729E+17                0.6171
    72   14    0     31.     56.   -0.11429E+17   -0.90944E+15   -0.19228E+16   -0.93605E+16    0.34518E+16    0.20767E+17                0.6132
    72   14    1     34.     56.   -0.11542E+17   -0.10429E+16   -0.17959E+16   -0.94613E+16    0.29312E+16    0.21026E+17                0.6166
    72   15    1     28.     59.   -0.11711E+17   -0.11258E+16   -0.18250E+16   -0.91520E+16    0.36821E+16    0.23099E+17                0.6144
    73   12    2     52.     43.   -0.10719E+17   -0.46473E+16   -0.21789E+16   -0.10504E+17    0.19465E+16    0.13376E+17                0.7928
    73   13    2     51.     46.   -0.10951E+17   -0.44604E+16   -0.20939E+16   -0.10266E+17    0.25813E+16    0.14941E+17                0.7960
    73   14    1     42.     49.   -0.11232E+17   -0.43164E+16   -0.20771E+16   -0.97410E+16    0.36563E+16    0.16273E+17                0.7969
    73   14    2     47.     49.   -0.11172E+17   -0.42272E+16   -0.19348E+16   -0.10225E+17    0.29468E+16    0.16462E+17                0.7996
    73   15    1     35.     52.   -0.11436E+17   -0.44988E+16   -0.21154E+16   -0.94432E+16    0.42882E+16    0.18350E+17                0.7996
    73   15    2     40.     52.   -0.11383E+17   -0.43963E+16   -0.19633E+16   -0.99227E+16    0.35843E+16    0.18617E+17                0.8022
    73   15    3     44.     52.   -0.11245E+17   -0.42571E+16   -0.17985E+16   -0.10327E+17    0.28535E+16    0.18775E+17                0.7949
    73   16    1     31.     54.   -0.11597E+17   -0.44224E+16   -0.20202E+16   -0.93682E+16    0.46558E+16    0.19847E+17                0.8009
    73   16    2     36.     54.   -0.11560E+17   -0.43101E+16   -0.18780E+16   -0.98305E+16    0.39785E+16    0.20199E+17                0.8034
    73   16    3     40.     54.   -0.11437E+17   -0.41621E+16   -0.17235E+16   -0.10218E+17    0.32706E+16    0.20431E+17                0.7960
    74   13    1     22.     34.   -0.12938E+17   -0.71428E+16    0.12773E+16   -0.84526E+16    0.46324E+16    0.93285E+16                0.9264
    74   13    2     26.     36.   -0.11961E+17   -0.76104E+16    0.16983E+16   -0.94387E+16    0.25734E+16    0.10230E+17                0.9276
    74   14    1     20.     39.   -0.13009E+17   -0.68483E+16    0.13168E+16   -0.84089E+16    0.46495E+16    0.11141E+17                0.9306
    74   14    2     24.     41.   -0.12010E+17   -0.72964E+16    0.17152E+16   -0.93363E+16    0.26361E+16    0.12242E+17                0.9308
    74   15    1     15.     43.   -0.13129E+17   -0.71691E+16    0.14722E+16   -0.80971E+16    0.49800E+16    0.13477E+17                0.9338
    74   15    2     20.     45.   -0.12102E+17   -0.76481E+16    0.18830E+16   -0.90057E+16    0.29604E+16    0.14738E+17                0.9336
    74   16    0      1.     45.   -0.14193E+17   -0.64870E+16    0.10985E+16   -0.69981E+16    0.70870E+16    0.13872E+17                0.9282
    74   16    1     13.     47.   -0.13229E+17   -0.70369E+16    0.14982E+16   -0.79305E+16    0.51022E+16    0.15387E+17                0.9358
    74   16    2     18.     49.   -0.12168E+17   -0.75231E+16    0.18840E+16   -0.88032E+16    0.30883E+16    0.16839E+17                0.9353
    74   16    3     16.     51.   -0.11021E+17   -0.79415E+16    0.22523E+16   -0.96089E+16    0.10651E+16    0.18213E+17                0.9267
    75   11    0     39.     38.   -0.11297E+17   -0.48656E+16    0.88618E+14   -0.88743E+16    0.31856E+16    0.10061E+17                0.7923
    75   11    1     41.     38.   -0.11047E+17   -0.50894E+16    0.20575E+15   -0.93064E+16    0.26122E+16    0.10160E+17                0.7910
    75   12    0     35.     40.   -0.11538E+17   -0.45753E+16    0.93538E+14   -0.87611E+16    0.35756E+16    0.11142E+17                0.7933
    75   12    1     38.     41.   -0.11291E+17   -0.47751E+16    0.20533E+15   -0.91769E+16    0.30367E+16    0.11353E+17                0.7928
    75   13    0     32.     42.   -0.11755E+17   -0.44215E+16    0.68849E+14   -0.86487E+16    0.39375E+16    0.12021E+17                0.7905
    75   13    1     35.     43.   -0.11511E+17   -0.46038E+16    0.17614E+15   -0.90633E+16    0.34187E+16    0.12339E+17                0.7909
    75   14    0     31.     44.   -0.11964E+17   -0.42010E+16    0.68740E+14   -0.87420E+16    0.41160E+16    0.12980E+17                0.7898
    75   14    1     34.     44.   -0.11720E+17   -0.43712E+16    0.17253E+15   -0.91331E+16    0.36307E+16    0.13367E+17                0.7903
    75   15    0     26.     47.   -0.12131E+17   -0.44005E+16    0.68916E+14   -0.85894E+16    0.44963E+16    0.14414E+17                0.7863
    75   15    1     30.     47.   -0.11888E+17   -0.45734E+16    0.17776E+15   -0.89763E+16    0.40285E+16    0.14870E+17                0.7875
    76    9    1     39.     30.   -0.10536E+17   -0.46034E+15    0.38304E+16   -0.19032E+17    0.38270E+16    0.98475E+16                0.8793
    76    9    2     43.     31.   -0.10300E+17   -0.13996E+16    0.30778E+16   -0.18395E+17    0.48268E+16    0.10118E+17                0.8787
    76   10    1     44.     33.   -0.10872E+17   -0.41544E+15    0.32253E+16   -0.19070E+17    0.48286E+16    0.11327E+17                0.8818
    76   10    2     47.     34.   -0.10624E+17   -0.13095E+16    0.25402E+16   -0.18448E+17    0.57635E+16    0.11443E+17                0.8790
    76   11    1     47.     35.   -0.11130E+17   -0.44118E+15    0.27252E+16   -0.19324E+17    0.57219E+16    0.12601E+17                0.8837
    76   11    2     50.     36.   -0.10879E+17   -0.12421E+16    0.21113E+16   -0.18706E+17    0.65895E+16    0.12539E+17                0.8785
    76   12    0     47.     36.   -0.11593E+17    0.31276E+15    0.28333E+16   -0.20112E+17    0.57584E+16    0.13753E+17                0.8785
    76   12    1     50.     36.   -0.11432E+17   -0.42650E+15    0.23011E+16   -0.19675E+17    0.66229E+16    0.13656E+17                0.8831
    76   13    0     51.     37.   -0.11924E+17    0.32596E+15    0.24096E+16   -0.20449E+17    0.67607E+16    0.14668E+17                0.8793
    76   13    1     53.     37.   -0.11755E+17   -0.37285E+15    0.19212E+16   -0.20011E+17    0.75578E+16    0.14451E+17                0.8812
    76   14    0     53.     38.   -0.12261E+17    0.29413E+15    0.21010E+16   -0.20949E+17    0.75619E+16    0.15474E+17                0.8789
    77    7    2     14.     37.   -0.76892E+16    0.11612E+16    0.11333E+16   -0.12766E+17   -0.20758E+16    0.98541E+16                0.5428
    77    7    3     15.     37.   -0.77511E+16    0.12939E+16    0.11220E+16   -0.12731E+17   -0.20811E+16    0.98481E+16                0.5462
    77    7    4     15.     37.   -0.77444E+16    0.14048E+16    0.10964E+16   -0.12613E+17   -0.20864E+16    0.97550E+16                0.5407
    77    8    2     22.     45.   -0.78879E+16    0.77831E+15    0.10034E+16   -0.11961E+17   -0.83315E+15    0.12986E+17                0.5415
    77    8    3     23.     45.   -0.79538E+16    0.93346E+15    0.10072E+16   -0.11915E+17   -0.84507E+15    0.12980E+17                0.5450
    77    8    4     23.     45.   -0.79498E+16    0.10712E+16    0.99795E+15   -0.11791E+17   -0.86563E+15    0.12867E+17                0.5397
    77    9    2     27.     50.   -0.81124E+16    0.58447E+15    0.91920E+15   -0.11382E+17    0.55667E+14    0.15443E+17                0.5403
    77    9    3     28.     50.   -0.81826E+16    0.74850E+15    0.92897E+15   -0.11327E+17    0.34902E+14    0.15437E+17                0.5439
    77   10    3     31.     54.   -0.84243E+16    0.65086E+15    0.94869E+15   -0.10751E+17    0.68444E+15    0.17833E+17                0.5427
    77   11    3     33.     57.   -0.86752E+16    0.56315E+15    0.91913E+15   -0.10293E+17    0.10799E+16    0.19770E+17                0.5406
    78    8    0     27.     29.   -0.11011E+17   -0.31641E+16    0.18959E+16   -0.16899E+17   -0.46931E+15    0.94107E+16                0.7712
    78    8    1     32.     31.   -0.11251E+17   -0.45515E+16    0.30286E+15   -0.16395E+17    0.29498E+14    0.10130E+17                0.7752
    78    8    2     37.     32.   -0.11401E+17   -0.58784E+16   -0.12885E+16   -0.15747E+17    0.52595E+15    0.10765E+17                0.7721
    78    9    0     32.     34.   -0.11325E+17   -0.28514E+16    0.13141E+16   -0.16677E+17    0.31844E+15    0.11407E+17                0.7733
    78    9    1     37.     35.   -0.11568E+17   -0.41116E+16   -0.14207E+15   -0.16200E+17    0.75950E+15    0.11979E+17                0.7764
    78    9    2     41.     36.   -0.11720E+17   -0.53169E+16   -0.15931E+16   -0.15582E+17    0.11910E+16    0.12450E+17                0.7722
    78   10    0     36.     37.   -0.11665E+17   -0.26176E+16    0.96511E+15   -0.16544E+17    0.10873E+16    0.13077E+17                0.7742
    78   10    1     40.     38.   -0.11900E+17   -0.38394E+16   -0.44226E+15   -0.16075E+17    0.14938E+16    0.13555E+17                0.7753
    78   11    0     39.     39.   -0.11775E+17   -0.24286E+16    0.74799E+15   -0.16457E+17    0.18741E+16    0.14403E+17                0.7726
    78   11    1     43.     40.   -0.12018E+17   -0.35522E+16   -0.56685E+15   -0.15995E+17    0.22384E+16    0.14766E+17                0.7719
    79   11    1     37.     36.   -0.11288E+17   -0.61428E+16    0.93884E+15   -0.10680E+17    0.29384E+16    0.99670E+16                0.8554
    79   12    1     36.     38.   -0.11578E+17   -0.57735E+16    0.92908E+15   -0.10554E+17    0.34072E+16    0.11191E+17                0.8589
    79   12    2     35.     38.   -0.11301E+17   -0.59884E+16    0.13100E+16   -0.11049E+17    0.28570E+16    0.11230E+17                0.8550
    79   13    1     34.     40.   -0.11853E+17   -0.55728E+16    0.89082E+15   -0.10451E+17    0.38422E+16    0.12184E+17                0.8591
    79   13    2     34.     40.   -0.11573E+17   -0.57696E+16    0.12537E+16   -0.10947E+17    0.33128E+16    0.12337E+17                0.8559
    79   14    1     33.     42.   -0.12123E+17   -0.52967E+16    0.88780E+15   -0.10549E+17    0.41026E+16    0.13213E+17                0.8603
    79   14    2     33.     42.   -0.11839E+17   -0.54812E+16    0.12375E+16   -0.11020E+17    0.36090E+16    0.13440E+17                0.8569
    79   15    1     30.     45.   -0.12373E+17   -0.55327E+16    0.95728E+15   -0.10440E+17    0.45438E+16    0.14651E+17                0.8597
    79   15    2     30.     45.   -0.12085E+17   -0.57202E+16    0.13234E+16   -0.10912E+17    0.40635E+16    0.14944E+17                0.8567
    79   16    1     28.     46.   -0.12612E+17   -0.54229E+16    0.93190E+15   -0.10473E+17    0.48444E+16    0.15660E+17                0.8574
    80   11    1     48.     38.   -0.98133E+16   -0.65402E+16   -0.26978E+16   -0.10255E+17    0.15354E+16    0.10874E+17                0.8432
    80   12    0     52.     40.   -0.99302E+16   -0.61562E+16   -0.24480E+16   -0.10087E+17    0.23969E+16    0.11698E+17                0.8424
    80   12    1     50.     41.   -0.99605E+16   -0.61382E+16   -0.26100E+16   -0.10201E+17    0.19190E+16    0.11954E+17                0.8467
    80   13    1     51.     43.   -0.10007E+17   -0.59264E+16   -0.26235E+16   -0.10173E+17    0.22624E+16    0.12863E+17                0.8470
    80   14    0     52.     44.   -0.99575E+16   -0.57253E+16   -0.24295E+16   -0.10200E+17    0.29185E+16    0.13435E+17                0.8420
    80   14    1     50.     44.   -0.10061E+17   -0.56766E+16   -0.25594E+16   -0.10288E+17    0.24737E+16    0.13795E+17                0.8480
    80   14    2     48.     45.   -0.10093E+17   -0.55746E+16   -0.26730E+16   -0.10300E+17    0.20053E+16    0.14069E+17                0.8422
    80   15    1     50.     46.   -0.10032E+17   -0.59812E+16   -0.27713E+16   -0.10222E+17    0.28464E+16    0.15093E+17                0.8464
    80   15    2     48.     47.   -0.10095E+17   -0.58608E+16   -0.28816E+16   -0.10226E+17    0.23870E+16    0.15410E+17                0.8414
    80   16    1     50.     48.   -0.99488E+16   -0.59096E+16   -0.28246E+16   -0.10288E+17    0.30977E+16    0.16028E+17                0.8436
    81    8    3     40.     35.   -0.12546E+17   -0.24709E+16    0.24980E+15   -0.14500E+17   -0.31043E+15    0.11696E+17                0.6044
    81    8    4     42.     35.   -0.12687E+17   -0.28227E+16   -0.36271E+14   -0.13974E+17   -0.24320E+15    0.11941E+17                0.6045
    81    9    3     44.     39.   -0.12966E+17   -0.20757E+16    0.37982E+14   -0.14224E+17    0.45530E+15    0.13760E+17                0.6094
    81    9    4     45.     39.   -0.13129E+17   -0.23638E+16   -0.20779E+15   -0.13712E+17    0.45611E+15    0.13927E+17                0.6095
    81   10    3     47.     42.   -0.13345E+17   -0.18036E+16   -0.60331E+14   -0.14040E+17    0.11488E+16    0.15637E+17                0.6118
    81   10    4     48.     42.   -0.13532E+17   -0.20448E+16   -0.28190E+15   -0.13522E+17    0.10963E+16    0.15765E+17                0.6116
    81   11    3     49.     44.   -0.13629E+17   -0.14872E+16   -0.48006E+14   -0.13945E+17    0.17706E+16    0.17160E+17                0.6109
    81   11    4     50.     44.   -0.13834E+17   -0.16799E+16   -0.24908E+15   -0.13410E+17    0.16709E+16    0.17235E+17                0.6099
    81   12    3     50.     46.   -0.13897E+17   -0.12683E+16   -0.64946E+14   -0.13917E+17    0.23966E+16    0.18433E+17                0.6077
    81   12    4     51.     46.   -0.14121E+17   -0.14230E+16   -0.25035E+15   -0.13370E+17    0.22444E+16    0.18468E+17                0.6063
    82   13    1     44.     41.   -0.11249E+17   -0.58691E+16   -0.16991E+16   -0.87794E+16    0.33257E+16    0.12053E+17                0.9145
    82   14    0     25.     43.   -0.12270E+17   -0.54422E+16   -0.13692E+16   -0.77475E+16    0.53559E+16    0.12728E+17                0.9149
    82   14    1     40.     45.   -0.11306E+17   -0.56358E+16   -0.15349E+16   -0.87234E+16    0.34194E+16    0.13926E+17                0.9197
    82   14    2     42.     47.   -0.10266E+17   -0.57771E+16   -0.16866E+16   -0.96341E+16    0.14716E+16    0.15056E+17                0.9167
    82   15    0     19.     47.   -0.12406E+17   -0.56844E+16   -0.13536E+16   -0.74246E+16    0.58041E+16    0.15001E+17                0.9190
    82   15    1     34.     49.   -0.11414E+17   -0.58917E+16   -0.15398E+16   -0.83833E+16    0.38697E+16    0.16369E+17                0.9237
    82   15    2     40.     51.   -0.10343E+17   -0.60445E+16   -0.17123E+16   -0.92788E+16    0.19206E+16    0.17658E+17                0.9205
    82   16    0     16.     50.   -0.12512E+17   -0.55666E+16   -0.12536E+16   -0.73028E+16    0.60061E+16    0.16751E+17                0.9223
    82   16    1     30.     52.   -0.11491E+17   -0.57776E+16   -0.14574E+16   -0.82296E+16    0.40942E+16    0.18312E+17                0.9266
    82   16    2     37.     54.   -0.10392E+17   -0.59353E+16   -0.16475E+16   -0.90947E+16    0.21658E+16    0.19781E+17                0.9231
    83    7    0     32.     23.   -0.87202E+16   -0.93939E+15    0.28416E+16   -0.15522E+17    0.11214E+16    0.59143E+16                0.7613
    83    7    1     31.     24.   -0.85426E+16   -0.16982E+16    0.30346E+16   -0.15449E+17    0.14868E+16    0.60602E+16                0.7570
    83    8   -1     37.     30.   -0.90387E+16   -0.22235E+15    0.22591E+16   -0.15060E+17    0.16589E+16    0.80453E+16                0.7550
    83    8    0     37.     30.   -0.89399E+16   -0.88491E+15    0.24508E+16   -0.15140E+17    0.20066E+16    0.81746E+16                0.7625
    83    8    1     36.     31.   -0.87632E+16   -0.15449E+16    0.26209E+16   -0.15093E+17    0.23259E+16    0.82362E+16                0.7580
    83    9   -1     41.     34.   -0.92662E+16   -0.20773E+15    0.19952E+16   -0.14832E+17    0.24290E+16    0.99198E+16                0.7543
    83    9    0     40.     35.   -0.91698E+16   -0.80064E+15    0.21691E+16   -0.14923E+17    0.27500E+16    0.10001E+17                0.7616
    83    9    1     39.     35.   -0.89940E+16   -0.13913E+16    0.23239E+16   -0.14888E+17    0.30363E+16    0.10002E+17                0.7569
    83   10    0     42.     38.   -0.93947E+16   -0.76223E+15    0.20743E+16   -0.14788E+17    0.34224E+16    0.11588E+17                0.7592
    83   11    0     44.     41.   -0.96200E+16   -0.70329E+15    0.19381E+16   -0.14760E+17    0.39989E+16    0.12981E+17                0.7562
    84   13    2     34.     55.   -0.91428E+16   -0.47114E+16   -0.14521E+16   -0.10770E+17    0.16590E+16    0.19979E+17                0.7939
    84   14    1     36.     57.   -0.93452E+16   -0.47910E+16   -0.13375E+16   -0.10050E+17    0.24423E+16    0.21595E+17                0.7931
    84   14    2     35.     57.   -0.94195E+16   -0.44915E+16   -0.12685E+16   -0.10600E+17    0.20142E+16    0.21756E+17                0.7990
    84   14    3     33.     56.   -0.94184E+16   -0.41594E+16   -0.11900E+16   -0.11069E+17    0.15662E+16    0.21785E+17                0.7949
    84   15    1     33.     60.   -0.96265E+16   -0.50047E+16   -0.12920E+16   -0.95435E+16    0.31747E+16    0.24124E+17                0.7979
    84   15    2     34.     60.   -0.97095E+16   -0.46793E+16   -0.12156E+16   -0.10086E+17    0.27504E+16    0.24365E+17                0.8036
    84   15    3     34.     60.   -0.97146E+16   -0.43206E+16   -0.11304E+16   -0.10551E+17    0.23008E+16    0.24457E+17                0.7994
    84   16    1     30.     62.   -0.98993E+16   -0.48808E+16   -0.11842E+16   -0.93406E+16    0.36164E+16    0.25819E+17                0.8015
    84   16    2     32.     62.   -0.99943E+16   -0.45535E+16   -0.11138E+16   -0.98687E+16    0.32086E+16    0.26149E+17                0.8070
    84   16    3     33.     62.   -0.10009E+17   -0.41937E+16   -0.10353E+16   -0.10321E+17    0.27716E+16    0.26317E+17                0.8025
    85    7    0     32.     24.   -0.92132E+16   -0.12903E+16    0.29650E+16   -0.14017E+17    0.59258E+15    0.59554E+16                0.7234
    85    7    1     32.     26.   -0.90972E+16   -0.19763E+16    0.29392E+16   -0.13686E+17    0.99296E+15    0.62140E+16                0.7231
    85    8    0     38.     31.   -0.95271E+16   -0.10795E+16    0.25257E+16   -0.13593E+17    0.13926E+16    0.81495E+16                0.7254
    85    8    1     38.     32.   -0.94167E+16   -0.16807E+16    0.25011E+16   -0.13301E+17    0.17305E+16    0.82911E+16                0.7248
    85    9    0     41.     35.   -0.98067E+16   -0.88555E+15    0.22285E+16   -0.13333E+17    0.20852E+16    0.99158E+16                0.7246
    85    9    1     41.     36.   -0.96997E+16   -0.14284E+16    0.22071E+16   -0.13059E+17    0.23800E+16    0.99716E+16                0.7235
    85   10    0     43.     39.   -0.10040E+17   -0.76256E+15    0.21500E+16   -0.13161E+17    0.27334E+16    0.11471E+17                0.7220
    85   10    1     42.     39.   -0.99369E+16   -0.12849E+16    0.21297E+16   -0.12883E+17    0.30043E+16    0.11471E+17                0.7202
    85   11    0     44.     42.   -0.10215E+17   -0.67159E+15    0.20236E+16   -0.13060E+17    0.33568E+16    0.12773E+17                0.7172
    85   11    1     43.     42.   -0.10118E+17   -0.11534E+16    0.20032E+16   -0.12789E+17    0.35919E+16    0.12712E+17                0.7149
    86    7   -4     30.     32.   -0.74571E+16   -0.12968E+16    0.46258E+15   -0.12075E+17   -0.43353E+14    0.73090E+16                0.6679
    86    7   -3     30.     33.   -0.75668E+16   -0.15671E+16   -0.67439E+14   -0.12025E+17   -0.17006E+15    0.76641E+16                0.6767
    86    7   -2     29.     33.   -0.76131E+16   -0.18179E+16   -0.59945E+15   -0.11890E+17   -0.31231E+15    0.79516E+16                0.6757
    86    7   -1     28.     34.   -0.75956E+16   -0.20459E+16   -0.11285E+16   -0.11672E+17   -0.46894E+15    0.81689E+16                0.6652
    86    8   -4     35.     38.   -0.77390E+16   -0.11511E+16    0.56335E+15   -0.11549E+17    0.75873E+15    0.95561E+16                0.6639
    86    8   -3     35.     39.   -0.78661E+16   -0.14031E+16    0.92246E+14   -0.11488E+17    0.63262E+15    0.99438E+16                0.6729
    86    8   -2     35.     40.   -0.79279E+16   -0.16375E+16   -0.38217E+15   -0.11346E+17    0.48574E+15    0.10251E+17                0.6723
    86    8   -1     34.     41.   -0.79239E+16   -0.18516E+16   -0.85556E+15   -0.11123E+17    0.31914E+15    0.10474E+17                0.6621
    86    9   -3     38.     44.   -0.80493E+16   -0.12610E+16    0.17326E+15   -0.11156E+17    0.12980E+16    0.11760E+17                0.6669
    86    9   -2     38.     44.   -0.81259E+16   -0.14796E+16   -0.25925E+15   -0.11007E+17    0.11450E+16    0.12085E+17                0.6667
    87    7   -1     34.     26.   -0.88535E+16   -0.40457E+14    0.41407E+15   -0.12797E+17   -0.69762E+15    0.60743E+16                0.6399
    87    7    0     33.     26.   -0.88040E+16   -0.42724E+15    0.33628E+15   -0.12729E+17   -0.74863E+15    0.61049E+16                0.6353
    87    8   -2     40.     33.   -0.90715E+16    0.22746E+15    0.45732E+15   -0.12235E+17    0.33078E+15    0.85324E+16                0.6366
    87    8   -1     39.     34.   -0.91059E+16   -0.10994E+15    0.38941E+15   -0.12248E+17    0.28795E+15    0.86321E+16                0.6428
    87    8    0     39.     34.   -0.90630E+16   -0.45565E+15    0.31946E+15   -0.12172E+17    0.23039E+15    0.86645E+16                0.6388
    87    9   -1     44.     39.   -0.93519E+16   -0.14329E+15    0.34066E+15   -0.11850E+17    0.11005E+16    0.10683E+17                0.6421
    87    9    0     43.     39.   -0.93167E+16   -0.45517E+15    0.27694E+15   -0.11772E+17    0.10292E+16    0.10718E+17                0.6388
    87   10   -1     46.     43.   -0.95660E+16   -0.20782E+15    0.33521E+15   -0.11521E+17    0.18039E+16    0.12528E+17                0.6389
    87   10    0     46.     43.   -0.95407E+16   -0.50295E+15    0.27254E+15   -0.11435E+17    0.17234E+16    0.12570E+17                0.6363
    87   11   -1     48.     46.   -0.97831E+16   -0.20092E+15    0.34245E+15   -0.11362E+17    0.23169E+16    0.14098E+17                0.6368
    88    8    0     34.     29.   -0.99952E+16   -0.24187E+16    0.16222E+16   -0.16009E+17    0.80920E+15    0.82809E+16                0.7596
    88    8    1     37.     30.   -0.99466E+16   -0.30502E+16    0.11764E+16   -0.15561E+17    0.12872E+16    0.85426E+16                0.7609
    88    9    0     39.     34.   -0.10265E+17   -0.21662E+16    0.12495E+16   -0.15657E+17    0.17469E+16    0.10535E+17                0.7617
    88    9    1     41.     35.   -0.10242E+17   -0.27223E+16    0.85126E+15   -0.15244E+17    0.21468E+16    0.10682E+17                0.7630
    88   10    0     42.     38.   -0.10465E+17   -0.20618E+16    0.10507E+16   -0.15392E+17    0.27141E+16    0.12450E+17                0.7618
    88   10    1     45.     39.   -0.10467E+17   -0.25807E+16    0.67569E+15   -0.14989E+17    0.30585E+16    0.12533E+17                0.7626
    88   11    0     45.     41.   -0.10535E+17   -0.19422E+16    0.98822E+15   -0.15281E+17    0.36223E+16    0.14032E+17                0.7611
    88   11    1     47.     42.   -0.10560E+17   -0.24034E+16    0.63909E+15   -0.14878E+17    0.39145E+16    0.14036E+17                0.7608
    88   12    0     46.     43.   -0.10581E+17   -0.18655E+16    0.93433E+15   -0.15246E+17    0.45386E+16    0.15303E+17                0.7574
    88   12    1     48.     44.   -0.10632E+17   -0.22760E+16    0.60843E+15   -0.14845E+17    0.47741E+16    0.15247E+17                0.7563
    89    8   -1     32.     37.   -0.10180E+17   -0.90388E+15    0.21134E+14   -0.60851E+16    0.28233E+16    0.73989E+16                0.6024
    89    8    0     35.     36.   -0.10074E+17   -0.12981E+16   -0.94693E+14   -0.61878E+16    0.26352E+16    0.73827E+16                0.6013
    89    9   -1     20.     41.   -0.10636E+17   -0.76262E+15    0.13791E+15   -0.56750E+16    0.35239E+16    0.87458E+16                0.6066
    89    9    0     23.     41.   -0.10522E+17   -0.11308E+16    0.29976E+14   -0.57728E+16    0.33375E+16    0.87714E+16                0.6056
    89   10   -1      9.     45.   -0.10973E+17   -0.73426E+15    0.27463E+15   -0.52530E+16    0.42172E+16    0.10177E+17                0.6067
    89   10    0     12.     45.   -0.10853E+17   -0.11000E+16    0.16587E+15   -0.53477E+16    0.40310E+16    0.10236E+17                0.6059
    89   11   -1      3.     47.   -0.11256E+17   -0.64943E+15    0.36781E+15   -0.50790E+16    0.46648E+16    0.11207E+17                0.6070
    89   11    0      5.     47.   -0.11125E+17   -0.99618E+15    0.26418E+15   -0.51553E+16    0.44917E+16    0.11295E+17                0.6059
    89   12   -1     -2.     49.   -0.11473E+17   -0.61811E+15    0.43254E+15   -0.49222E+16    0.50970E+16    0.12056E+17                0.6035
    89   12    0      0.     49.   -0.11335E+17   -0.94650E+15    0.33309E+15   -0.49946E+16    0.49240E+16    0.12174E+17                0.6024
    90   13    1     37.     42.   -0.12252E+17   -0.46498E+16   -0.23914E+16   -0.86030E+16    0.42385E+16    0.12734E+17                0.8908
    90   14    0     20.     45.   -0.13016E+17   -0.41927E+16   -0.22321E+16   -0.78101E+16    0.59576E+16    0.13730E+17                0.8910
    90   14    1     33.     46.   -0.12387E+17   -0.44384E+16   -0.21625E+16   -0.85902E+16    0.45175E+16    0.14430E+17                0.8950
    90   14    2     44.     46.   -0.11669E+17   -0.46444E+16   -0.20744E+16   -0.93057E+16    0.30469E+16    0.15059E+17                0.8899
    90   15    0     14.     49.   -0.13217E+17   -0.43458E+16   -0.22170E+16   -0.75030E+16    0.66119E+16    0.15963E+17                0.8944
    90   15    1     26.     50.   -0.12560E+17   -0.46119E+16   -0.21475E+16   -0.82730E+16    0.51588E+16    0.16799E+17                0.8981
    90   15    2     37.     50.   -0.11813E+17   -0.48369E+16   -0.20587E+16   -0.89799E+16    0.36712E+16    0.17550E+17                0.8928
    90   16    0     10.     51.   -0.13354E+17   -0.42622E+16   -0.20303E+16   -0.74508E+16    0.69549E+16    0.17624E+17                0.8967
    90   16    1     22.     52.   -0.12684E+17   -0.45217E+16   -0.19812E+16   -0.81918E+16    0.55233E+16    0.18605E+17                0.9001
    90   16    2     32.     53.   -0.11924E+17   -0.47410E+16   -0.19139E+16   -0.88704E+16    0.40541E+16    0.19489E+17                0.8944
    91    7   -5     20.     36.   -0.60209E+16    0.24953E+16    0.86689E+15   -0.11765E+17   -0.33286E+15    0.83767E+16                0.6936
    91    7   -4     17.     38.   -0.62614E+16    0.30398E+16   -0.61098E+15   -0.11423E+17   -0.51484E+15    0.87785E+16                0.7014
    91    7   -3     11.     39.   -0.64464E+16    0.35418E+16   -0.20752E+16   -0.11008E+17   -0.71289E+15    0.91032E+16                0.7029
    91    7   -2      2.     40.   -0.65746E+16    0.39976E+16   -0.35120E+16   -0.10526E+17   -0.92599E+15    0.93471E+16                0.6981
    91    8   -4     25.     46.   -0.63851E+16    0.24756E+16   -0.32535E+15   -0.10617E+17    0.59687E+15    0.11795E+17                0.6980
    91    8   -3     20.     47.   -0.65995E+16    0.29368E+16   -0.16363E+16   -0.10180E+17    0.37803E+15    0.12113E+17                0.6992
    91    8   -2     12.     48.   -0.67560E+16    0.33586E+16   -0.29245E+16   -0.96810E+16    0.13693E+15    0.12333E+17                0.6943
    91    9   -4     31.     52.   -0.65022E+16    0.21156E+16   -0.13940E+15   -0.10085E+17    0.14721E+16    0.14191E+17                0.6949
    91    9   -3     25.     53.   -0.67434E+16    0.25467E+16   -0.13381E+16   -0.96265E+16    0.12339E+16    0.14506E+17                0.6961
    91   10   -3     27.     58.   -0.68534E+16    0.23459E+16   -0.11396E+16   -0.91087E+16    0.20869E+16    0.16911E+17                0.6925
    92    7   -2     21.     19.   -0.94630E+16   -0.19449E+15    0.25445E+16   -0.15626E+17   -0.17032E+16    0.48183E+16                0.6561
    92    7   -1     26.     21.   -0.95094E+16   -0.81726E+15    0.18545E+16   -0.15212E+17   -0.12205E+16    0.52466E+16                0.6580
    92    8   -2     29.     29.   -0.96829E+16   -0.26567E+15    0.20852E+16   -0.14920E+17   -0.45717E+15    0.80473E+16                0.6591
    92    8   -1     33.     30.   -0.97610E+16   -0.80449E+15    0.14671E+16   -0.14542E+17   -0.43066E+14    0.83471E+16                0.6622
    92    8    0     37.     31.   -0.97656E+16   -0.13323E+16    0.83120E+15   -0.14041E+17    0.36771E+15    0.85817E+16                0.6566
    92    9   -2     35.     36.   -0.98677E+16   -0.26719E+15    0.17383E+16   -0.14404E+17    0.67845E+15    0.10654E+17                0.6578
    92    9   -1     38.     36.   -0.99773E+16   -0.74139E+15    0.11774E+16   -0.14055E+17    0.10282E+16    0.10856E+17                0.6618
    92    9    0     42.     37.   -0.10013E+17   -0.12052E+16    0.60148E+15   -0.13589E+17    0.13645E+16    0.10973E+17                0.6572
    92   10   -1     42.     41.   -0.10111E+17   -0.75667E+15    0.10649E+16   -0.13697E+17    0.20451E+16    0.13045E+17                0.6596
    92   11   -1     44.     45.   -0.10160E+17   -0.78000E+15    0.10477E+16   -0.13482E+17    0.29776E+16    0.14877E+17                0.6569
    93    7    3     13.     36.   -0.65391E+16   -0.18723E+16    0.41415E+16   -0.15318E+17    0.12248E+16    0.10067E+17                0.6641
    93    7    4     18.     37.   -0.66221E+16   -0.14786E+16    0.36096E+16   -0.14989E+17    0.14628E+16    0.10204E+17                0.6609
    93    8    3     21.     44.   -0.66086E+16   -0.18048E+16    0.37182E+16   -0.14761E+17    0.29173E+16    0.13318E+17                0.6659
    93    8    4     25.     44.   -0.66979E+16   -0.14083E+16    0.33032E+16   -0.14444E+17    0.31120E+16    0.13367E+17                0.6630
    93    9    3     25.     49.   -0.67120E+16   -0.17261E+16    0.34110E+16   -0.14406E+17    0.42852E+16    0.15917E+17                0.6664
    93    9    4     28.     49.   -0.68082E+16   -0.13360E+16    0.30677E+16   -0.14098E+17    0.44375E+16    0.15894E+17                0.6637
    93   10    3     25.     53.   -0.68452E+16   -0.17313E+16    0.34188E+16   -0.13990E+17    0.55081E+16    0.18538E+17                0.6659
    93   10    4     27.     54.   -0.69494E+16   -0.13186E+16    0.31205E+16   -0.13681E+17    0.56168E+16    0.18467E+17                0.6633
    93   11    3     23.     56.   -0.69969E+16   -0.16758E+16    0.32998E+16   -0.13749E+17    0.63733E+16    0.20619E+17                0.6639
    93   11    4     25.     57.   -0.71108E+16   -0.12640E+16    0.30381E+16   -0.13439E+17    0.64332E+16    0.20498E+17                0.6614
    94    7   -3     24.     28.   -0.88890E+16    0.26359E+16   -0.40131E+13   -0.12837E+17   -0.18427E+16    0.68840E+16                0.5961
    94    7   -2     25.     29.   -0.92090E+16    0.23282E+16   -0.80204E+15   -0.12391E+17   -0.18495E+16    0.72059E+16                0.5980
    94    7   -1     26.     30.   -0.94560E+16    0.19961E+16   -0.15919E+16   -0.11855E+17   -0.18559E+16    0.74624E+16                0.5926
    94    8   -3     32.     37.   -0.91109E+16    0.21864E+16    0.34135E+14   -0.11944E+17   -0.57823E+15    0.10185E+17                0.5934
    94    8   -2     33.     38.   -0.94734E+16    0.19233E+16   -0.67581E+15   -0.11498E+17   -0.62364E+15    0.10465E+17                0.5959
    94    8   -1     34.     39.   -0.97617E+16    0.16402E+16   -0.13791E+16   -0.10968E+17   -0.67839E+15    0.10658E+17                0.5914
    94    9   -3     37.     44.   -0.92897E+16    0.19325E+16    0.68438E+14   -0.11364E+17    0.42626E+15    0.12791E+17                0.5901
    94    9   -2     38.     44.   -0.96914E+16    0.17038E+16   -0.57920E+15   -0.10913E+17    0.34671E+15    0.13045E+17                0.5930
    94    9   -1     38.     45.   -0.10018E+17    0.14577E+16   -0.12213E+16   -0.10381E+17    0.25037E+15    0.13194E+17                0.5890
    94   10   -2     40.     49.   -0.97959E+16    0.15568E+16   -0.45048E+15   -0.10484E+17    0.12235E+16    0.15502E+17                0.5886
    95    7    2     34.     28.   -0.11033E+17    0.15748E+15    0.13929E+16   -0.14755E+17   -0.10262E+16    0.80693E+16                0.5535
    95    8    1     37.     34.   -0.11277E+17    0.55023E+15    0.13851E+16   -0.14692E+17   -0.28721E+15    0.10561E+17                0.5534
    95    8    2     40.     35.   -0.11402E+17   -0.32305E+13    0.94624E+15   -0.14169E+17    0.35975E+14    0.10931E+17                0.5566
    95    8    3     43.     36.   -0.11434E+17   -0.55220E+15    0.49421E+15   -0.13531E+17    0.34945E+15    0.11205E+17                0.5521
    95    9    1     41.     39.   -0.11620E+17    0.51336E+15    0.10582E+16   -0.14306E+17    0.64908E+15    0.12964E+17                0.5540
    95    9    2     44.     39.   -0.11763E+17    0.33664E+14    0.66864E+15   -0.13800E+17    0.90594E+15    0.13225E+17                0.5573
    95    9    3     47.     40.   -0.11812E+17   -0.44225E+15    0.26856E+15   -0.13181E+17    0.11459E+16    0.13373E+17                0.5530
    95   10    1     44.     42.   -0.11924E+17    0.53764E+15    0.92093E+15   -0.14066E+17    0.14543E+16    0.15152E+17                0.5528
    95   10    2     47.     43.   -0.12084E+17    0.93578E+14    0.55391E+15   -0.13556E+17    0.16601E+16    0.15351E+17                0.5560
    95   10    3     49.     44.   -0.12148E+17   -0.34682E+15    0.17739E+15   -0.12935E+17    0.18427E+16    0.15422E+17                0.5515
    96   11    1     32.     39.   -0.11632E+17   -0.54612E+16    0.10654E+16   -0.89221E+16    0.24925E+16    0.10813E+17                0.7945
    96   12    1     29.     42.   -0.11922E+17   -0.51253E+16    0.10718E+16   -0.86930E+16    0.30188E+16    0.12295E+17                0.7969
    96   12    2     28.     42.   -0.11628E+17   -0.57000E+16    0.15142E+16   -0.90313E+16    0.24388E+16    0.12247E+17                0.7926
    96   13    1     26.     45.   -0.12214E+17   -0.49429E+16    0.10693E+16   -0.84917E+16    0.34847E+16    0.13527E+17                0.7967
    96   13    2     26.     45.   -0.11913E+17   -0.54782E+16    0.14853E+16   -0.88307E+16    0.29181E+16    0.13570E+17                0.7928
    96   14    1     24.     47.   -0.12519E+17   -0.46910E+16    0.10758E+16   -0.84785E+16    0.37857E+16    0.14732E+17                0.7977
    96   14    2     25.     47.   -0.12206E+17   -0.51991E+16    0.14707E+16   -0.87931E+16    0.32465E+16    0.14830E+17                0.7933
    96   15    1     19.     50.   -0.12823E+17   -0.48925E+16    0.11916E+16   -0.81777E+16    0.43332E+16    0.16533E+17                0.7974
    96   15    2     19.     50.   -0.12497E+17   -0.54210E+16    0.16024E+16   -0.84968E+16    0.37949E+16    0.16678E+17                0.7930
    96   16    1     16.     51.   -0.13132E+17   -0.47841E+16    0.12142E+16   -0.80790E+16    0.46491E+16    0.17744E+17                0.7958
    97   11    1     35.     48.   -0.96690E+16   -0.40908E+16    0.22489E+15   -0.10812E+17    0.13651E+16    0.15622E+17                0.7197
    97   12    1     35.     51.   -0.99474E+16   -0.38680E+16    0.25586E+15   -0.10498E+17    0.18754E+16    0.17378E+17                0.7210
    97   12    2     34.     51.   -0.98858E+16   -0.40122E+16    0.34794E+15   -0.10604E+17    0.14412E+16    0.17379E+17                0.7168
    97   13    1     35.     54.   -0.10234E+17   -0.37411E+16    0.25412E+15   -0.10230E+17    0.23191E+16    0.18862E+17                0.7200
    97   13    2     34.     53.   -0.10178E+17   -0.38662E+16    0.33876E+15   -0.10327E+17    0.18881E+16    0.18925E+17                0.7164
    97   14    1     34.     55.   -0.10537E+17   -0.35728E+16    0.28364E+15   -0.10135E+17    0.25848E+16    0.20267E+17                0.7206
    97   14    2     33.     55.   -0.10483E+17   -0.36851E+16    0.36102E+15   -0.10209E+17    0.21686E+16    0.20368E+17                0.7168
    97   15    1     29.     58.   -0.10839E+17   -0.37468E+16    0.34437E+15   -0.96987E+16    0.31510E+16    0.22401E+17                0.7197
    97   15    2     30.     58.   -0.10786E+17   -0.38550E+16    0.42258E+15   -0.97663E+16    0.27346E+16    0.22540E+17                0.7162
    97   16    1     27.     59.   -0.11144E+17   -0.36721E+16    0.36197E+15   -0.95280E+16    0.34489E+16    0.23776E+17                0.7178
    98    8    2     39.     29.   -0.10176E+17   -0.44251E+16    0.11566E+16   -0.16083E+17    0.20871E+16    0.85107E+16                0.7801
    98    9    2     43.     33.   -0.10532E+17   -0.38645E+16    0.77917E+15   -0.15891E+17    0.28630E+16    0.10362E+17                0.7849
    98   10    1     45.     36.   -0.10847E+17   -0.29677E+16    0.99227E+15   -0.16199E+17    0.33259E+16    0.11764E+17                0.7819
    98   10    2     47.     36.   -0.10869E+17   -0.35382E+16    0.54168E+15   -0.15745E+17    0.37034E+16    0.11947E+17                0.7865
    98   10    3     50.     37.   -0.10805E+17   -0.40722E+16    0.80293E+14   -0.15153E+17    0.40444E+16    0.12030E+17                0.7796
    98   11    1     47.     38.   -0.11070E+17   -0.26322E+16    0.88926E+15   -0.16222E+17    0.40998E+16    0.13156E+17                0.7838
    98   11    2     49.     39.   -0.11107E+17   -0.31296E+16    0.47956E+15   -0.15759E+17    0.44266E+16    0.13244E+17                0.7867
    98   12    1     49.     40.   -0.11289E+17   -0.23956E+16    0.76706E+15   -0.16308E+17    0.48971E+16    0.14298E+17                0.7821
    98   12    2     51.     41.   -0.11348E+17   -0.28304E+16    0.39270E+15   -0.15844E+17    0.51631E+16    0.14310E+17                0.7838
    98   13    2     51.     42.   -0.11568E+17   -0.26700E+16    0.24094E+15   -0.15951E+17    0.58885E+16    0.15128E+17                0.7795
    99   12    2     50.     44.   -0.10778E+17   -0.18661E+16   -0.37605E+15   -0.12527E+17    0.26170E+16    0.14342E+17                0.6139
    99   12    3     47.     44.   -0.10670E+17   -0.16397E+16   -0.12812E+15   -0.13058E+17    0.24458E+16    0.14469E+17                0.6119
    99   13    2     51.     46.   -0.11057E+17   -0.18877E+16   -0.41577E+15   -0.12393E+17    0.30623E+16    0.15399E+17                0.6147
    99   13    3     49.     46.   -0.10958E+17   -0.16548E+16   -0.17784E+15   -0.12943E+17    0.29262E+16    0.15600E+17                0.6135
    99   14    2     50.     47.   -0.11345E+17   -0.17723E+16   -0.41329E+15   -0.12448E+17    0.32525E+16    0.16497E+17                0.6168
    99   14    3     49.     47.   -0.11249E+17   -0.15370E+16   -0.18391E+15   -0.12992E+17    0.31564E+16    0.16742E+17                0.6155
    99   15    2     47.     49.   -0.11601E+17   -0.18900E+16   -0.46545E+15   -0.12241E+17    0.36027E+16    0.18031E+17                0.6171
    99   15    3     48.     49.   -0.11511E+17   -0.16286E+16   -0.22432E+15   -0.12798E+17    0.35335E+16    0.18323E+17                0.6161
    99   16    2     44.     51.   -0.11848E+17   -0.19389E+16   -0.50704E+15   -0.12140E+17    0.37710E+16    0.19107E+17                0.6154
    99   16    3     46.     51.   -0.11765E+17   -0.16718E+16   -0.27221E+15   -0.12712E+17    0.37307E+16    0.19453E+17                0.6147
   100    7    0     38.     32.   -0.86959E+16   -0.15807E+16    0.59860E+15   -0.12526E+17    0.62524E+15    0.78691E+16                0.6683
   100    7    1     35.     31.   -0.88411E+16   -0.16025E+16    0.13010E+16   -0.12697E+17    0.40336E+15    0.77164E+16                0.6764
   100    7    2     32.     30.   -0.89085E+16   -0.16007E+16    0.19833E+16   -0.12774E+17    0.15977E+15    0.74946E+16                0.6739
   100    8    0     43.     38.   -0.91442E+16   -0.14601E+16    0.71364E+15   -0.11896E+17    0.15003E+16    0.10193E+17                0.6688
   100    8    1     40.     38.   -0.92903E+16   -0.14989E+16    0.13129E+16   -0.12048E+17    0.12946E+16    0.10104E+17                0.6767
   100    8    2     37.     37.   -0.93551E+16   -0.15164E+16    0.18929E+16   -0.12109E+17    0.10614E+16    0.99309E+16                0.6741
   100    9    1     42.     42.   -0.96557E+16   -0.13987E+16    0.13262E+16   -0.11631E+17    0.20085E+16    0.11959E+17                0.6750
   100    9    2     39.     41.   -0.97170E+16   -0.14256E+16    0.18383E+16   -0.11679E+17    0.17825E+16    0.11827E+17                0.6723
   100   10    1     42.     45.   -0.99171E+16   -0.13961E+16    0.14340E+16   -0.11279E+17    0.26966E+16    0.13689E+17                0.6713
   100   10    2     39.     45.   -0.99742E+16   -0.14330E+16    0.19204E+16   -0.11320E+17    0.24707E+16    0.13582E+17                0.6684
